{
    "minimum_required": "v4.0.0",
    "stage_name": "tough_12-11",
    "actions": [
        {
            "type": "SpeedUp",
            "rear_delay": 0
        },
        {
            "type": "Deploy",
            "name": "浊心斯卡蒂",
            "location": [
                3,
                5
            ],
            "direction": "Right",
            "rear_delay": 0
        },
        {
            "type": "Deploy",
            "name": "煌",
            "location": [
                3,
                4
            ],
            "direction": "Right",
            "rear_delay": 0
        },
        {
            "type": "Deploy",
            "name": "推进之王",
            "location": [
                8,
                6
            ],
            "direction": "Left"
        },
        {
            "type": "Deploy",
            "name": "能天使",
            "location": [
                4,
                5
            ],
            "direction": "Up",
            "rear_delay": 0
        },
        {
            "type": "Deploy",
            "name": "塞雷娅",
            "location": [
                3,
                3
            ],
            "direction": "Right",
            "rear_delay": 0
        },
        {
            "type": "Deploy",
            "name": "星熊",
            "location": [
                4,
                4
            ],
            "direction": "Right",
            "rear_delay": 0
        },
        {
            "type": "Deploy",
            "name": "艾雅法拉",
            "location": [
                2,
                2
            ],
            "direction": "Right",
            "rear_delay": 0
        },
        {
            "type": "Deploy",
            "name": "拉普兰德",
            "location": [
                2,
                3
            ],
            "direction": "Right"
        },
        {
            "type": "SkillDaemon"
        }
    ],
    "doc": {
        "title": "第十二章 惊霆无声 - 12-13（磨难） - 逆光阴影 萧然攻略 浊蒂版",
        "details": "统计日期：2024-05-25\n好评率：96.49%  浏览量：2383\n来源：RS激昂  ID：22362\n磨难12-13 浊心斯卡蒂，更好抄\n记得别带伊内丝，关卡里有伊内丝，想带那就在开始行动界面点下确认\n攻略作者：萧然Q BV1oL411m7bL\n练度2603 不妨称之为萧然练度水平（\n建议先演习一遍，如果有问题再盯一下，有可能出现选中干员想放的时候却被减费的怪扣了费用结果没放下去的情况\n测试时忘带拉狗了，事实证明拉狗不带也行（"
    },
    "groups": [],
    "opers": [
        {
            "name": "推进之王",
            "skill": 2,
            "skill_usage": 0
        },
        {
            "name": "煌",
            "skill": 2,
            "skill_usage": 0
        },
        {
            "name": "塞雷娅",
            "skill": 1,
            "skill_usage": 0
        },
        {
            "name": "星熊",
            "skill": 2,
            "skill_usage": 0
        },
        {
            "name": "能天使",
            "skill": 3,
            "skill_usage": 0
        },
        {
            "name": "艾雅法拉",
            "skill": 2,
            "skill_usage": 0
        },
        {
            "name": "浊心斯卡蒂",
            "skill": 2,
            "skill_usage": 0
        },
        {
            "name": "拉普兰德",
            "skill": 2,
            "skill_usage": 0
        }
    ]
}