{
    "minimum_required": "v4.0.0",
    "stage_name": "tough_12-10",
    "actions": [
        {
            "type": "SpeedUp"
        },
        {
            "type": "Deploy",
            "name": "德克萨斯",
            "location": [
                9,
                3
            ],
            "direction": "Left"
        },
        {
            "type": "Deploy",
            "name": "拉普兰德",
            "location": [
                8,
                3
            ],
            "direction": "Left"
        },
        {
            "type": "Deploy",
            "name": "奶",
            "location": [
                8,
                1
            ],
            "direction": "Down"
        },
        {
            "type": "Deploy",
            "name": "艾雅法拉",
            "location": [
                8,
                2
            ],
            "direction": "Left"
        },
        {
            "type": "Deploy",
            "name": "白面鸮",
            "location": [
                9,
                4
            ],
            "direction": "Left"
        },
        {
            "type": "Deploy",
            "name": "速狙",
            "location": [
                8,
                4
            ],
            "direction": "Left"
        },
        {
            "type": "Deploy",
            "name": "盾",
            "location": [
                7,
                3
            ],
            "direction": "Left"
        },
        {
            "type": "SkillDaemon",
            "doc": "给个好评吧 宝贝",
            "doc_color": "#d63384"
        }
    ],
    "doc": {
        "title": "12-12（磨难）纯艾、年、空弦替换",
        "details": "作业更新日期: 2023-10-08T12:48:29Z\n统计更新日期: 2024-11-30\n好评率：97.28%  浏览量：3892\n来源：Dayheart  ID：28395\n这是磨难难度 普通难度地图不一样 别用磨难的打普通\n攻略作者：萧然Q BV1oL411m7bL 记得去b站给萧然宝贝点赞三连\n原json作者：鱼丸"
    },
    "groups": [
        {
            "name": "奶",
            "opers": [
                {
                    "name": "闪灵",
                    "skill": 2,
                    "skill_usage": 0
                },
                {
                    "name": "纯烬艾雅法拉",
                    "skill": 1,
                    "skill_usage": 0
                }
            ]
        },
        {
            "name": "盾",
            "opers": [
                {
                    "name": "星熊",
                    "skill": 2,
                    "skill_usage": 0
                },
                {
                    "name": "年",
                    "skill": 2,
                    "skill_usage": 1
                }
            ]
        },
        {
            "name": "速狙",
            "opers": [
                {
                    "name": "能天使",
                    "skill": 3,
                    "skill_usage": 0
                },
                {
                    "name": "空弦",
                    "skill": 3,
                    "skill_usage": 1
                }
            ]
        }
    ],
    "opers": [
        {
            "name": "拉普兰德",
            "skill": 2,
            "skill_usage": 0
        },
        {
            "name": "德克萨斯",
            "skill": 1,
            "skill_usage": 0
        },
        {
            "name": "白面鸮",
            "skill": 2,
            "skill_usage": 0
        },
        {
            "name": "艾雅法拉",
            "skill": 2,
            "skill_usage": 0
        }
    ]
}