{
    "minimum_required": "v4.0.0",
    "stage_name": "tough_12-13",
    "actions": [
        {
            "type": "Deploy",
            "name": "山",
            "location": [
                5,
                2
            ],
            "direction": "Up"
        },
        {
            "type": "Deploy",
            "name": "棘刺",
            "location": [
                5,
                4
            ],
            "direction": "Up"
        },
        {
            "type": "SpeedUp"
        },
        {
            "type": "Deploy",
            "name": "地刺",
            "location": [
                3,
                1
            ],
            "direction": "Left"
        },
        {
            "type": "Deploy",
            "name": "塞雷娅",
            "location": [
                6,
                2
            ],
            "direction": "Down"
        },
        {
            "type": "Deploy",
            "name": "闪灵",
            "location": [
                3,
                3
            ],
            "direction": "Right"
        },
        {
            "type": "Deploy",
            "name": "夜莺",
            "location": [
                4,
                3
            ],
            "direction": "Right"
        },
        {
            "type": "Deploy",
            "name": "艾雅法拉",
            "location": [
                4,
                2
            ],
            "direction": "Right"
        },
        {
            "type": "Output",
            "doc_color": "DarkCyan",
            "doc": "给个好评吧~"
        },
        {
            "type": "SkillDaemon"
        }
    ],
    "doc": {
        "title": "第十二章 惊霆无声 - 12-15（磨难） - 千疮百孔",
        "details": "作业更新日期: 2023-09-25T16:34:58Z\n统计更新日期: 2024-10-07\n好评率：89.36%  浏览量：1325\n来源：呜啾下山LARstudio  ID：28338\nUP：魔法Zc目录\nhttps://www.bilibili.com/video/BV1hc411W7WD?p=13\n因为我没有玛恩纳&能天使没专三所以制作了这个作业\n【地刺不可以用水月！除非你的水月有潜能（低于20费）】"
    },
    "groups": [
        {
            "name": "地刺",
            "opers": [
                {
                    "name": "狮蝎",
                    "skill": 1,
                    "skill_usage": 0
                },
                {
                    "name": "伊桑",
                    "skill": 1,
                    "skill_usage": 0
                }
            ]
        }
    ],
    "opers": [
        {
            "name": "山",
            "skill": 2,
            "skill_usage": 2
        },
        {
            "name": "棘刺",
            "skill": 3,
            "skill_usage": 1
        },
        {
            "name": "艾雅法拉",
            "skill": 2,
            "skill_usage": 0
        },
        {
            "name": "塞雷娅",
            "skill": 1,
            "skill_usage": 0
        },
        {
            "name": "闪灵",
            "skill": 2,
            "skill_usage": 0
        },
        {
            "name": "夜莺",
            "skill": 2,
            "skill_usage": 0
        },
        {
            "name": "德克萨斯",
            "skill": 1,
            "skill_usage": 0
        }
    ]
}