{
    "minimum_required": "v4.0.0",
    "stage_name": "tough_12-15",
    "actions": [
        {
            "type": "SpeedUp"
        },
        {
            "type": "Deploy",
            "name": "桃金娘",
            "location": [
                3,
                2
            ],
            "direction": "Up"
        },
        {
            "type": "Deploy",
            "name": "棘刺",
            "location": [
                5,
                2
            ],
            "direction": "Down"
        },
        {
            "type": "Deploy",
            "name": "能天使",
            "location": [
                4,
                1
            ],
            "direction": "Down"
        },
        {
            "type": "Retreat",
            "name": "桃金娘",
            "location": [
                3,
                2
            ],
            "costs": 16
        },
        {
            "type": "Deploy",
            "name": "闪灵",
            "location": [
                6,
                1
            ],
            "direction": "Left"
        },
        {
            "type": "SkillDaemon"
        }
    ],
    "doc": {
        "title": "第十二章 惊霆无声 - 12-17（磨难） - 被弃之人",
        "details": "——————————\n作业更新日期: 2025-03-26T13:04:36Z\n统计更新日期: 2025-09-15\n相对评分：96.91%  相对热度：67.30%\n来源：飘ipao（山所有x模组都为y模组，写错了）  ID：49123\n——————————\n测试已过\n棘刺2603 3x\n闪灵2603\n能天使2603 3y\n桃金娘2403 3x"
    },
    "groups": [],
    "opers": [
        {
            "name": "棘刺",
            "skill": 3,
            "skill_usage": 2,
            "skill_times": 2
        },
        {
            "name": "闪灵",
            "skill": 2,
            "skill_usage": 0
        },
        {
            "name": "能天使",
            "skill": 3,
            "skill_usage": 0
        },
        {
            "name": "桃金娘",
            "skill": 1,
            "skill_usage": 1
        }
    ]
}