{
    "minimum_required": "v4.0.0",
    "stage_name": "main_12-14",
    "actions": [
        {
            "type": "Deploy",
            "name": "令",
            "location": [
                8,
                4
            ],
            "direction": "Left"
        },
        {
            "type": "Deploy",
            "name": "“弦惊”",
            "location": [
                9,
                4
            ],
            "direction": "Down"
        },
        {
            "type": "SpeedUp"
        },
        {
            "type": "Deploy",
            "name": "“弦惊”",
            "location": [
                2,
                3
            ],
            "direction": "Right"
        },
        {
            "type": "Deploy",
            "name": "“弦惊”",
            "location": [
                9,
                3
            ],
            "direction": "Down"
        },
        {
            "type": "Deploy",
            "name": "“弦惊”",
            "location": [
                5,
                5
            ],
            "direction": "Up"
        },
        {
            "type": "SkillUsage",
            "name": "令",
            "skill_usage": 1
        },
        {
            "type": "Deploy",
            "name": "“弦惊”",
            "location": [
                4,
                5
            ],
            "direction": "Right"
        },
        {
            "type": "Deploy",
            "name": "“弦惊”",
            "location": [
                9,
                3
            ],
            "direction": "Down"
        },
        {
            "type": "Retreat",
            "name": "“弦惊”",
            "location": [
                2,
                3
            ]
        },
        {
            "type": "Deploy",
            "name": "“弦惊”",
            "location": [
                10,
                3
            ],
            "direction": "Left"
        },
        {
            "type": "SkillDaemon"
        }
    ],
    "doc": {
        "title": "第十二章 惊霆无声 - 12-16（磨难） - 天边的火烧云 - 单核",
        "details": "——————————\n作业更新日期: 2025-02-23T08:53:34Z\n统计更新日期: 2025-07-23\n好评率：98.75%  浏览量：1024\n来源：小卡拉帕鲁灰  ID：47474\n——————————\n\n剧情关卡，无需理智\nJSON作者小卡拉帕鲁灰\n令满级，专3，三级y模组\n持续更新中，作业交流群789724611，如果作业有问题可以加群找我，评论区不能及时回复\n"
    },
    "groups": [],
    "opers": [
        {
            "name": "令",
            "skill": 3,
            "skill_usage": 0
        }
    ]
}