{
    "minimum_required": "v4.0.0",
    "stage_name": "tough_12-12",
    "actions": [
        {
            "type": "SpeedUp",
            "rear_delay": 0
        },
        {
            "type": "Deploy",
            "name": "桃金娘",
            "location": [
                2,
                1
            ],
            "direction": "Down"
        },
        {
            "type": "Deploy",
            "name": "山",
            "location": [
                7,
                3
            ],
            "direction": "Right",
            "rear_delay": 0
        },
        {
            "type": "Deploy",
            "name": "左路领主",
            "location": [
                2,
                3
            ],
            "direction": "Down",
            "rear_delay": 0
        },
        {
            "type": "Deploy",
            "name": "奶盾",
            "location": [
                1,
                2
            ],
            "direction": "Right",
            "rear_delay": 0
        },
        {
            "type": "Deploy",
            "name": "塞雷娅",
            "location": [
                6,
                3
            ],
            "direction": "Right",
            "rear_delay": 0
        },
        {
            "type": "Deploy",
            "name": "煌",
            "location": [
                5,
                3
            ],
            "direction": "Right",
            "rear_delay": 0
        },
        {
            "type": "Deploy",
            "name": "右路领主",
            "location": [
                7,
                4
            ],
            "direction": "Up",
            "rear_delay": 0
        },
        {
            "type": "SkillDaemon",
            "doc": "给个好评吧 宝贝",
            "doc_color": "#d63384"
        }
    ],
    "doc": {
        "title": "主线十二章 惊霆无声 12-14（磨难） 萧然攻略（修改自作者：鱼丸）",
        "details": "统计日期：2024-06-01\n好评率：86.96%  浏览量：1318\n来源：noctboat  ID：22424\n我一开始用的鱼丸的版本，但是漏了两次，发现是费用不够下赛爹，就改了下\n这是磨难难度 普通难度地图不一样 别用磨难的打普通\n攻略作者：[萧然Q](https://www.bilibili.com/video/BV1oL411m7bL/?p=15) 记得去b站给萧然宝贝点赞三连\njson原作者：鱼丸\n修改：noctboat\n平均练度 2603\n已测试: noctboat"
    },
    "groups": [
        {
            "name": "奶盾",
            "opers": [
                {
                    "name": "古米",
                    "skill": 1,
                    "skill_usage": 0
                },
                {
                    "name": "临光",
                    "skill": 1,
                    "skill_usage": 0
                }
            ]
        },
        {
            "name": "左路领主",
            "opers": [
                {
                    "name": "棘刺",
                    "skill": 3,
                    "skill_usage": 1
                },
                {
                    "name": "拉普兰德",
                    "skill": 2,
                    "skill_usage": 0
                }
            ]
        },
        {
            "name": "右路领主",
            "opers": [
                {
                    "name": "银灰",
                    "skill": 1,
                    "skill_usage": 0
                },
                {
                    "name": "仇白",
                    "skill": 1,
                    "skill_usage": 0
                }
            ]
        }
    ],
    "opers": [
        {
            "name": "煌",
            "skill": 2,
            "skill_usage": 0
        },
        {
            "name": "山",
            "skill": 2,
            "skill_usage": 2
        },
        {
            "name": "塞雷娅",
            "skill": 1,
            "skill_usage": 0
        },
        {
            "name": "风笛",
            "skill": 2,
            "skill_usage": 0
        },
        {
            "name": "桃金娘",
            "skill": 1,
            "skill_usage": 1
        }
    ]
}