{
    "minimum_required": "v4.0.0",
    "stage_name": "tough_12-05",
    "actions": [
        {
            "type": "SpeedUp"
        },
        {
            "type": "Deploy",
            "name": "山",
            "location": [
                2,
                1
            ],
            "direction": "Right"
        },
        {
            "type": "Deploy",
            "name": "德克萨斯",
            "location": [
                3,
                3
            ],
            "direction": "Right"
        },
        {
            "type": "Deploy",
            "name": "铃兰",
            "location": [
                4,
                2
            ],
            "direction": "Down"
        },
        {
            "type": "Deploy",
            "name": "奶",
            "location": [
                6,
                5
            ],
            "direction": "Up"
        },
        {
            "type": "Deploy",
            "name": "奶盾",
            "location": [
                5,
                3
            ],
            "direction": "Down"
        },
        {
            "type": "Deploy",
            "name": "艾雅法拉",
            "location": [
                3,
                4
            ],
            "direction": "Right"
        },
        {
            "type": "Deploy",
            "name": "先锋",
            "location": [
                7,
                3
            ],
            "direction": "Up"
        },
        {
            "type": "SkillDaemon",
            "doc": "给个好评吧 宝贝",
            "doc_color": "#d63384"
        }
    ],
    "doc": {
        "title": "主线十二章 惊霆无声 12-6（磨难） 萧然攻略",
        "details": "——————————\n作业更新日期: 2024-08-13T08:28:48Z\n统计更新日期: 2025-06-11\n好评率：99.53%  浏览量：1049\n来源：tog10086  ID：40268\n——————————\n\n这是磨难难度 普通难度地图不一样 别用磨难的打普通\n攻略作者：萧然Q BV1oL411m7bL 记得去b站给萧然宝贝点赞三连\njson作者：鱼丸 \nmaa问题就别联系了 臭写作业的真不懂maa（）\n平均练度 2603\n添加了下位替换"
    },
    "groups": [
        {
            "name": "奶盾",
            "opers": [
                {
                    "name": "塞雷娅",
                    "skill": 1,
                    "skill_usage": 0
                },
                {
                    "name": "临光",
                    "skill": 1,
                    "skill_usage": 0
                },
                {
                    "name": "黍",
                    "skill": 1,
                    "skill_usage": 0
                }
            ]
        },
        {
            "name": "先锋",
            "opers": [
                {
                    "name": "风笛",
                    "skill": 2,
                    "skill_usage": 0
                },
                {
                    "name": "推进之王",
                    "skill": 2,
                    "skill_usage": 0
                }
            ]
        },
        {
            "name": "奶",
            "opers": [
                {
                    "name": "闪灵",
                    "skill": 2,
                    "skill_usage": 0
                },
                {
                    "name": "华法琳",
                    "skill": 1,
                    "skill_usage": 0
                }
            ]
        }
    ],
    "opers": [
        {
            "name": "山",
            "skill": 2,
            "skill_usage": 2
        },
        {
            "name": "艾雅法拉",
            "skill": 2,
            "skill_usage": 0
        },
        {
            "name": "铃兰",
            "skill": 2,
            "skill_usage": 0
        },
        {
            "name": "德克萨斯",
            "skill": 1,
            "skill_usage": 0
        }
    ]
}