{
    "minimum_required": "v4.0.0",
    "stage_name": "tough_12-05",
    "actions": [
        {
            "type": "SpeedUp"
        },
        {
            "type": "Deploy",
            "name": "推进之王",
            "location": [
                6,
                2
            ],
            "direction": "Right",
            "costs": 15
        },
        {
            "type": "Deploy",
            "costs": 19,
            "name": "拉普兰德",
            "location": [
                4,
                3
            ],
            "direction": "Right"
        },
        {
            "type": "Deploy",
            "name": "闪灵",
            "location": [
                3,
                2
            ],
            "direction": "Right",
            "costs": 20
        },
        {
            "type": "Deploy",
            "name": "塞雷娅",
            "location": [
                5,
                3
            ],
            "direction": "Right",
            "costs": 22
        },
        {
            "type": "Deploy",
            "name": "煌",
            "location": [
                5,
                2
            ],
            "direction": "Down",
            "costs": 24
        },
        {
            "type": "Deploy",
            "name": "星熊",
            "location": [
                5,
                1
            ],
            "direction": "Down",
            "costs": 26
        }
    ],
    "doc": {
        "title": "第十二章 惊霆无声 - 12-6（磨难） - 谁的战争",
        "details": "作业更新日期: 2023-04-07T03:56:46Z\n统计更新日期: 2024-10-07\n好评率：87.5%  浏览量：1194\n来源：cutesnake  ID：22356\nhttps://www.bilibili.com/video/BV1tT411x7J3\nup:侬无言以对\n练度2603，星熊挡4模组，塞雷娅x模"
    },
    "groups": [],
    "opers": [
        {
            "name": "闪灵",
            "skill": 2,
            "skill_usage": 0
        },
        {
            "name": "煌",
            "skill": 2,
            "skill_usage": 0
        },
        {
            "name": "拉普兰德",
            "skill": 2,
            "skill_usage": 0
        },
        {
            "name": "塞雷娅",
            "skill": 1,
            "skill_usage": 0
        },
        {
            "name": "推进之王",
            "skill": 2,
            "skill_usage": 0
        },
        {
            "name": "星熊",
            "skill": 2,
            "skill_usage": 0
        }
    ]
}