{
    "minimum_required": "v4.0.0",
    "stage_name": "tough_12-07",
    "actions": [
        {
            "type": "SpeedUp"
        },
        {
            "type": "Deploy",
            "name": "山",
            "location": [
                5,
                4
            ],
            "direction": "Up"
        },
        {
            "type": "Deploy",
            "name": "棘刺",
            "location": [
                8,
                3
            ],
            "direction": "Left"
        },
        {
            "type": "Deploy",
            "name": "奶",
            "location": [
                7,
                6
            ],
            "direction": "Up"
        },
        {
            "type": "SkillDaemon"
        }
    ],
    "doc": {
        "title": "第十二章 惊霆无声 - 12-8（磨难） - 火线重逢",
        "details": "——————————\n作业更新日期: 2025-03-23T14:58:25Z\n统计更新日期: 2025-06-11\n好评率：100.0%  浏览量：1082\n来源：飘ipao（B站同名，qq3978869946）  ID：49035\n——————————\n\n测试已过\n依旧是非满潜能流明别用（22费）\n山2603 3x\n棘刺2603 3x\n安赛尔满级"
    },
    "groups": [
        {
            "name": "奶",
            "opers": [
                {
                    "name": "流明",
                    "skill": 3,
                    "skill_usage": 2,
                    "skill_times": 1
                },
                {
                    "name": "纯烬艾雅法拉",
                    "skill": 1,
                    "skill_usage": 0
                },
                {
                    "name": "苏苏洛"
                },
                {
                    "name": "絮雨",
                    "skill": 2,
                    "skill_usage": 0
                },
                {
                    "name": "闪灵",
                    "skill": 2,
                    "skill_usage": 0
                },
                {
                    "name": "赫默"
                },
                {
                    "name": "嘉维尔"
                },
                {
                    "name": "安赛尔"
                }
            ]
        }
    ],
    "opers": [
        {
            "name": "山",
            "skill": 2,
            "skill_usage": 2,
            "skill_times": 1
        },
        {
            "name": "棘刺",
            "skill": 3,
            "skill_usage": 2,
            "skill_times": 2
        }
    ]
}