{
    "minimum_required": "v4.0.0",
    "stage_name": "hard_12-02",
    "actions": [
        {
            "type": "Deploy",
            "name": "能天使",
            "location": [
                5,
                5
            ],
            "direction": "Right"
        },
        {
            "type": "SpeedUp"
        },
        {
            "type": "Deploy",
            "name": "山",
            "location": [
                5,
                6
            ],
            "direction": "Right"
        },
        {
            "type": "Deploy",
            "name": "拉普兰德",
            "location": [
                3,
                6
            ],
            "direction": "Up"
        },
        {
            "type": "Deploy",
            "name": "银灰",
            "location": [
                6,
                3
            ],
            "direction": "Right",
            "kills": 6
        },
        {
            "type": "Deploy",
            "name": "白面鸮",
            "location": [
                5,
                4
            ],
            "direction": "Down"
        },
        {
            "type": "Deploy",
            "name": "术师",
            "location": [
                3,
                5
            ],
            "direction": "Up"
        },
        {
            "type": "Deploy",
            "name": "奶盾",
            "location": [
                4,
                5
            ],
            "direction": "Up"
        },
        {
            "type": "Deploy",
            "name": "星熊",
            "location": [
                4,
                4
            ],
            "direction": "Up"
        },
        {
            "type": "SkillDaemon"
        }
    ],
    "doc": {
        "title": "第十二章 惊霆无声 - H12-2（标准） - 惊霆行动-2",
        "details": "——————————\n作业更新日期: 2025-04-04T14:29:14Z\n统计更新日期: 2025-06-11\n好评率：85.71%  浏览量：1346\n来源：JIUYOU  ID：49479\n——————————\n\nhttps://www.bilibili.com/video/BV1qF4m1L7JM/?spm_id_from=333.337.search-card.all.click&vd_source=e7aadbf37534406b60c056e00c90a9c3"
    },
    "groups": [
        {
            "name": "奶盾",
            "opers": [
                {
                    "name": "黍"
                },
                {
                    "name": "塞雷娅"
                }
            ]
        },
        {
            "name": "术师",
            "opers": [
                {
                    "name": "逻各斯"
                },
                {
                    "name": "艾雅法拉",
                    "skill": 2,
                    "skill_usage": 0
                }
            ]
        }
    ],
    "opers": [
        {
            "name": "能天使",
            "skill": 3,
            "skill_usage": 0
        },
        {
            "name": "山",
            "skill_times": 1,
            "skill": 2,
            "skill_usage": 2
        },
        {
            "name": "银灰",
            "skill_times": 1,
            "skill": 2,
            "skill_usage": 2
        },
        {
            "name": "拉普兰德",
            "skill": 2,
            "skill_usage": 0
        },
        {
            "name": "白面鸮",
            "skill": 2,
            "skill_usage": 1
        },
        {
            "name": "星熊",
            "skill": 2,
            "skill_usage": 0
        }
    ]
}