{
    "minimum_required": "v4.0.0",
    "stage_name": "hard_12-02",
    "actions": [
        {
            "type": "Deploy",
            "name": "能天使",
            "location": [
                3,
                5
            ],
            "direction": "Up"
        },
        {
            "type": "Deploy",
            "name": "砾",
            "location": [
                3,
                4
            ],
            "direction": "Right"
        },
        {
            "type": "SpeedUp"
        },
        {
            "type": "Deploy",
            "name": "德克萨斯",
            "location": [
                3,
                6
            ],
            "direction": "Right"
        },
        {
            "type": "Deploy",
            "name": "棘刺",
            "location": [
                4,
                5
            ],
            "direction": "Right"
        },
        {
            "type": "Deploy",
            "name": "山",
            "location": [
                6,
                1
            ],
            "direction": "Down"
        },
        {
            "type": "Deploy",
            "name": "单奶",
            "location": [
                1,
                5
            ],
            "direction": "Right"
        },
        {
            "type": "Deploy",
            "name": "浊心斯卡蒂",
            "location": [
                3,
                3
            ],
            "direction": "Left"
        },
        {
            "type": "Deploy",
            "name": "艾雅法拉",
            "location": [
                2,
                3
            ],
            "direction": "Up"
        },
        {
            "type": "Deploy",
            "name": "奶盾",
            "location": [
                4,
                3
            ],
            "direction": "Up"
        },
        {
            "type": "Retreat",
            "name": "德克萨斯",
            "kills": 15
        },
        {
            "type": "Retreat",
            "name": "山"
        },
        {
            "type": "Deploy",
            "name": "拉普兰德",
            "location": [
                3,
                6
            ],
            "direction": "Right"
        },
        {
            "type": "Deploy",
            "name": "防御盾",
            "location": [
                4,
                6
            ],
            "direction": "Right"
        },
        {
            "type": "SkillDaemon"
        }
    ],
    "doc": {
        "title": "H12-2萧然Q（黍年纯艾替换）",
        "details": "统计日期：2024-06-01\n好评率：91.67%  浏览量：2067\n来源：Ryan  ID：36035\n萧然Q挂机作业：注意高练度要求\ncopy：面包猫南北QaQ\n改编自maa://32909\n加入年、纯艾替换，自用"
    },
    "groups": [
        {
            "name": "奶盾",
            "opers": [
                {
                    "name": "黍",
                    "skill": 1,
                    "skill_usage": 0
                },
                {
                    "name": "塞雷娅",
                    "skill": 1,
                    "skill_usage": 0
                }
            ]
        },
        {
            "name": "防御盾",
            "opers": [
                {
                    "name": "年",
                    "skill": 2,
                    "skill_usage": 1
                },
                {
                    "name": "星熊",
                    "skill": 2,
                    "skill_usage": 0
                }
            ]
        },
        {
            "name": "单奶",
            "opers": [
                {
                    "name": "纯烬艾雅法拉",
                    "skill": 1,
                    "skill_usage": 0
                },
                {
                    "name": "闪灵",
                    "skill": 2,
                    "skill_usage": 0
                }
            ]
        }
    ],
    "opers": [
        {
            "name": "棘刺",
            "skill": 3,
            "skill_usage": 1
        },
        {
            "name": "山",
            "skill": 2,
            "skill_usage": 2
        },
        {
            "name": "浊心斯卡蒂",
            "skill": 2,
            "skill_usage": 0
        },
        {
            "name": "艾雅法拉",
            "skill": 2,
            "skill_usage": 0
        },
        {
            "name": "能天使",
            "skill": 3,
            "skill_usage": 0
        },
        {
            "name": "德克萨斯",
            "skill": 1,
            "skill_usage": 0
        },
        {
            "name": "拉普兰德",
            "skill": 2,
            "skill_usage": 0
        },
        {
            "name": "砾",
            "skill": 1,
            "skill_usage": 0
        }
    ]
}