{
    "actions": [
        {
            "type": "二倍速"
        },
        {
            "type": "部署",
            "name": "归溟幽灵鲨",
            "location": [
                4,
                4
            ],
            "direction": "右"
        },
        {
            "type": "部署",
            "name": "煌",
            "location": [
                2,
                4
            ],
            "direction": "右"
        },
        {
            "type": "部署",
            "name": "塞雷娅",
            "location": [
                3,
                4
            ],
            "direction": "右"
        },
        {
            "type": "摆完挂机"
        }
    ],
    "stage_name": "SV-EX-1",
    "doc": {
        "title": "归溟幽灵鲨的模组任务",
        "details": "统计日期：2024-05-31\n好评率：100.0%  浏览量：147\n来源：作业代传——有问题联系原作者  ID：20836\n作业 SV-EX-1"
    },
    "opers": [
        {
            "name": "煌",
            "skill": 2
        },
        {
            "name": "塞雷娅",
            "skill": 1
        },
        {
            "name": "归溟幽灵鲨",
            "skill": 1
        }
    ],
    "minimum_required": "v4.0.0"
}