{
    "minimum_required": "v4.0.0",
    "stage_name": "act30side_ex08",
    "actions": [
        {
            "type": "Deploy",
            "name": "桃金娘",
            "location": [
                9,
                1
            ],
            "direction": "Left"
        },
        {
            "type": "Skill",
            "name": "桃金娘",
            "location": [
                9,
                1
            ],
            "pre_delay": 7000
        },
        {
            "type": "Deploy",
            "name": "提丰",
            "location": [
                11,
                2
            ],
            "direction": "Left"
        },
        {
            "type": "SpeedUp"
        },
        {
            "type": "Deploy",
            "name": "棘刺",
            "location": [
                8,
                1
            ],
            "direction": "Down"
        },
        {
            "type": "Deploy",
            "name": "行医",
            "location": [
                11,
                3
            ],
            "direction": "Left"
        },
        {
            "type": "Deploy",
            "name": "夜莺",
            "location": [
                9,
                3
            ],
            "direction": "Right"
        },
        {
            "type": "Deploy",
            "name": "澄闪",
            "location": [
                10,
                3
            ],
            "direction": "Left"
        },
        {
            "type": "Skill",
            "name": "棘刺",
            "location": [
                8,
                1
            ]
        },
        {
            "type": "Deploy",
            "name": "塞or黍",
            "location": [
                8,
                2
            ],
            "direction": "Right"
        },
        {
            "type": "Deploy",
            "name": "星熊",
            "location": [
                8,
                3
            ],
            "direction": "Down"
        },
        {
            "type": "Retreat",
            "name": "桃金娘",
            "location": [
                9,
                1
            ]
        },
        {
            "type": "Deploy",
            "name": "点火石",
            "location": [
                10,
                2
            ],
            "direction": "None",
            "kills": 11,
            "pre_delay": 4000
        },
        {
            "type": "Skill",
            "name": "棘刺",
            "location": [
                8,
                1
            ],
            "pre_delay": 1000
        },
        {
            "type": "Deploy",
            "name": "点火石",
            "location": [
                2,
                4
            ],
            "direction": "None"
        },
        {
            "type": "Deploy",
            "name": "玛恩纳",
            "location": [
                9,
                4
            ],
            "direction": "Left"
        },
        {
            "type": "Deploy",
            "name": "点火石",
            "location": [
                2,
                4
            ],
            "direction": "None",
            "kills": 31,
            "pre_delay": 25000
        },
        {
            "type": "SpeedUp",
            "kills": 32
        },
        {
            "type": "Deploy",
            "name": "幻影",
            "location": [
                5,
                2
            ],
            "kills": 32,
            "direction": "None"
        },
        {
            "type": "Skill",
            "name": "夜莺",
            "location": [
                9,
                3
            ],
            "pre_delay": 1000
        },
        {
            "type": "Skill",
            "name": "玛恩纳",
            "location": [
                9,
                4
            ]
        },
        {
            "type": "SkillUsage",
            "name": "玛恩纳",
            "skill_usage": 1
        },
        {
            "type": "Deploy",
            "name": "点火石",
            "location": [
                10,
                2
            ],
            "direction": "None",
            "kills": 32
        },
        {
            "type": "Deploy",
            "name": "幻影",
            "location": [
                8,
                4
            ],
            "direction": "None",
            "kills": 35
        },
        {
            "type": "SpeedUp",
            "kills": 35
        },
        {
            "type": "Deploy",
            "name": "点火石",
            "location": [
                2,
                4
            ],
            "direction": "None",
            "kills": 38
        },
        {
            "type": "Deploy",
            "name": "点火石",
            "location": [
                10,
                2
            ],
            "direction": "None",
            "kills": 42
        },
        {
            "type": "Deploy",
            "name": "点火石",
            "location": [
                10,
                2
            ],
            "direction": "None",
            "kills": 43
        },
        {
            "type": "Deploy",
            "name": "点火石",
            "location": [
                10,
                2
            ],
            "direction": "None",
            "kills": 43,
            "pre_delay": 2000
        },
        {
            "type": "Deploy",
            "name": "点火石",
            "location": [
                10,
                2
            ],
            "direction": "None",
            "kills": 43,
            "pre_delay": 4000
        },
        {
            "type": "Deploy",
            "name": "点火石",
            "location": [
                10,
                2
            ],
            "direction": "None",
            "kills": 44
        },
        {
            "type": "Deploy",
            "name": "点火石",
            "location": [
                10,
                2
            ],
            "direction": "None",
            "pre_delay": 2000
        },
        {
            "type": "Deploy",
            "name": "点火石",
            "location": [
                10,
                2
            ],
            "direction": "None",
            "kills": 45
        },
        {
            "type": "Deploy",
            "name": "点火石",
            "location": [
                10,
                2
            ],
            "direction": "None",
            "kills": 46
        },
        {
            "type": "SkillDaemon"
        }
    ],
    "doc": {
        "title": "RS-EX-8 环形回车道 【兼容普通与突袭】",
        "details": "作业更新日期: 2024-12-19T15:03:05Z\n统计更新日期: 2024-12-20\n好评率：93.41%  浏览量：8405\n来源：小卡拉帕鲁灰  ID：30902\n加了黍，没有奶羊的话最好带黍，不然星熊可能会暴毙\n作业作者：灰bao_；JSON作者：灰bao_\n对星熊配置要求较高2903，1级x模组，最好放前台运行\n星熊血量蹦迪，不推荐平均练度精二60级的玩家使用\nhttps://www.bilibili.com/video/BV1Dw411t7Lz/?vd_source=10857a8c905c104ca2eab27415c72ffc"
    },
    "groups": [
        {
            "name": "塞or黍",
            "opers": [
                {
                    "name": "塞雷娅",
                    "skill": 1,
                    "skill_usage": 0
                },
                {
                    "name": "黍",
                    "skill": 1,
                    "skill_usage": 0
                }
            ]
        },
        {
            "name": "行医",
            "opers": [
                {
                    "name": "蜜莓",
                    "skill": 1,
                    "skill_usage": 0
                },
                {
                    "name": "纯烬艾雅法拉",
                    "skill": 1,
                    "skill_usage": 0
                },
                {
                    "name": "流明",
                    "skill": 3,
                    "skill_usage": 1
                }
            ]
        }
    ],
    "opers": [
        {
            "name": "棘刺",
            "skill": 3,
            "skill_usage": 0
        },
        {
            "name": "桃金娘",
            "skill": 1,
            "skill_usage": 1
        },
        {
            "name": "星熊",
            "skill": 2,
            "skill_usage": 0
        },
        {
            "name": "夜莺",
            "skill": 3,
            "skill_usage": 0
        },
        {
            "name": "澄闪",
            "skill": 2,
            "skill_usage": 0
        },
        {
            "name": "提丰",
            "skill": 2,
            "skill_usage": 1
        },
        {
            "name": "玛恩纳",
            "skill": 3,
            "skill_usage": 0
        }
    ],
    "difficulty": 3
}