{
  "minimum_required": "v4.0.0",
  "stage_name": "act30side_08",
  "actions": [
    {
      "type": "Deploy",
      "name": "桃金娘",
      "location": [
        10,
        4
      ],
      "direction": "Left"
    },
    {
      "type": "Deploy",
      "name": "棘刺",
      "location": [
        7,
        3
      ],
      "direction": "Left"
    },
    {
      "type": "Deploy",
      "name": "点火石",
      "location": [
        8,
        2
      ],
      "direction": "None",
      "costs": 20
    },
    {
      "type": "SpeedUp"
    },
    {
      "type": "Deploy",
      "name": "夜莺",
      "location": [
        9,
        2
      ],
      "direction": "Left"
    },
    {
      "type": "Deploy",
      "name": "拉普兰德",
      "location": [
        8,
        5
      ],
      "direction": "Left"
    },
    {
      "type": "Deploy",
      "name": "行医",
      "location": [
        8,
        6
      ],
      "direction": "Left"
    },
    {
      "type": "Deploy",
      "name": "艾雅法拉",
      "location": [
        6,
        6
      ],
      "direction": "Up"
    },
    {
      "type": "Deploy",
      "name": "伊芙利特",
      "location": [
        8,
        4
      ],
      "direction": "Left"
    },
    {
      "type": "Deploy",
      "name": "塞雷娅",
      "location": [
        7,
        5
      ],
      "direction": "Left"
    },
    {
      "type": "Deploy",
      "name": "点火石",
      "location": [
        7,
        6
      ],
      "direction": "None"
    },
    {
      "type": "Retreat",
      "name": "拉普兰德",
      "location": [
        8,
        5
      ]
    },
    {
      "type": "SkillUsage",
      "name": "桃金娘",
      "skill_usage": 0
    },
    {
      "type": "Skill",
      "name": "夜莺",
      "kills": 16,
      "location": [
        9,
        2
      ]
    },
    {
      "type": "Deploy",
      "name": "点火石",
      "location": [
        7,
        6
      ],
      "direction": "None"
    },
    {
      "type": "Deploy",
      "name": "点火石",
      "location": [
        7,
        6
      ],
      "direction": "None",
      "cooling": 0,
      "kills": 20
    },
    {
      "type": "Deploy",
      "name": "幻影",
      "location": [
        10,
        3
      ],
      "direction": "None"
    },
    {
      "type": "Deploy",
      "name": "点火石",
      "location": [
        7,
        6
      ],
      "direction": "None",
      "cooling": 1
    },
    {
      "type": "Deploy",
      "name": "点火石",
      "location": [
        7,
        6
      ],
      "direction": "None",
      "cooling": 1
    },
    {
      "type": "Deploy",
      "name": "点火石",
      "location": [
        7,
        6
      ],
      "direction": "None",
      "cooling": 1
    },
    {
      "type": "Deploy",
      "name": "点火石",
      "location": [
        7,
        6
      ],
      "direction": "None",
      "cooling": 1
    },
    {
      "type": "Deploy",
      "name": "点火石",
      "location": [
        7,
        6
      ],
      "direction": "None",
      "pre_delay": 1000
    },
    {
      "type": "Deploy",
      "name": "点火石",
      "location": [
        7,
        6
      ],
      "direction": "None",
      "pre_delay": 1000
    },
    {
      "type": "Deploy",
      "name": "点火石",
      "location": [
        7,
        6
      ],
      "direction": "None",
      "pre_delay": 1000
    },
    {
      "type": "SkillDaemon"
    }
  ],
  "doc": {
    "title": " 【孑诺Sang】RS-8 - 极限时速 （已测稳过）",
    "details": "RS-8 - 极限时速\n原作者孑诺Sang "
  },
  "groups": [
    {
      "name": "行医",
      "opers": [
        {
          "name": "纯烬艾雅法拉",
          "skill": 1,
          "skill_usage": 0
        },
        {
          "name": "流明",
          "skill": 3,
          "skill_usage": 2,
          "skill_times": 1
        },
        {
          "name": "闪灵",
          "skill": 2,
          "skill_usage": 0
        }
      ]
    }
  ],
  "opers": [
    {
      "name": "桃金娘",
      "skill": 1,
      "skill_usage": 1
    },
    {
      "name": "塞雷娅",
      "skill": 2,
      "skill_usage": 0
    },
    {
      "name": "夜莺",
      "skill": 3,
      "skill_usage": 0
    },
    {
      "name": "伊芙利特",
      "skill": 2,
      "skill_usage": 0
    },
    {
      "name": "拉普兰德",
      "skill": 2,
      "skill_usage": 0
    },
    {
      "name": "艾雅法拉",
      "skill": 2,
      "skill_usage": 0
    },
    {
      "name": "棘刺",
      "skill": 3,
      "skill_usage": 1
    }
  ]
}