{
  "minimum_required": "v4.0.0",
  "stage_name": "act30side_ex05",
  "actions": [
    {
      "type": "Deploy",
      "name": "桃金娘",
      "location": [
        5,
        5
      ],
      "direction": "Up"
    },
    {
      "type": "Deploy",
      "name": "棘刺",
      "location": [
        5,
        4
      ],
      "direction": "Up"
    },
    {
      "type": "SpeedUp"
    },
    {
      "type": "Deploy",
      "name": "夜莺",
      "location": [
        3,
        5
      ],
      "direction": "Right"
    },
    {
      "type": "Deploy",
      "name": "艾雅法拉",
      "location": [
        3,
        4
      ],
      "direction": "Right",
      "costs": 40
    },
    {
      "type": "Deploy",
      "name": "煌",
      "location": [
        2,
        4
      ],
      "direction": "Left"
    },
    {
      "type": "Deploy",
      "name": "塞雷娅",
      "location": [
        2,
        5
      ],
      "direction": "Up"
    },
    {
      "type": "SkillDaemon"
    }
  ],
  "doc": {
    "title": "【祈星_Estrella】银心湖列车 - RS-EX-5 - 展线",
    "details": "原作者：祈星_Estrella"
  },
  "groups": [],
  "opers": [
    {
      "name": "煌",
      "skill": 2,
      "skill_usage": 0
    },
    {
      "name": "桃金娘",
      "skill": 1,
      "skill_usage": 1
    },
    {
      "name": "塞雷娅",
      "skill": 2,
      "skill_usage": 0
    },
    {
      "name": "夜莺",
      "skill": 2,
      "skill_usage": 0
    },
    {
      "name": "艾雅法拉",
      "skill": 2,
      "skill_usage": 0
    },
    {
      "name": "棘刺",
      "skill": 3,
      "skill_usage": 1
    }
  ],
  "difficulty": 3
}