{
  "minimum_required": "v4.0.0",
  "stage_name": "act30side_02",
  "actions": [
    {
      "type": "SpeedUp"
    },
    {
      "type": "Deploy",
      "name": "煌",
      "location": [
        3,
        3
      ],
      "direction": "Down"
    },
    {
      "type": "Deploy",
      "name": "山",
      "location": [
        2,
        5
      ],
      "direction": "Right"
    },
    {
      "type": "Output",
      "doc_color": "Gray",
      "doc": "可点击MAA界面左下角 [视频链接] 跳转页面支持作者"
    },
    {
      "type": "SkillDaemon"
    }
  ],
  "doc": {
    "title": "【明日方舟】银心湖列车 RS-2 山煌双人 摆完挂机 简单好抄",
    "details": "作业作者： 厨师长衬衫；JSON作者：肖肾客的救赎\n\n【明日方舟】银心湖列车 RS-2 山煌双人 摆完挂机 简单好抄\n\nhttps://www.bilibili.com/video/BV1Cu4y1g7C8/?spm_id_from=333.788&vd_source=9868d1d5f6243822b4bf0d4043d4e889\n\n练度要求：山90级专三,煌90级专三，塞妈90级专三\n\n可点击MAA界面左下角 [视频链接] 跳转页面支持作者"
  },
  "groups": [
    {
      "name": "山",
      "opers": [
        {
          "skill_times": 1,
          "name": "山",
          "skill": 2,
          "skill_usage": 2
        },
        {
          "name": "塞雷娅",
          "skill": 1,
          "skill_usage": 0
        },
        {
          "name": "临光",
          "skill": 1,
          "skill_usage": 0
        },
        {
          "name": "古米",
          "skill": 1,
          "skill_usage": 0
        }
      ]
    }
  ],
  "opers": [
    {
      "name": "煌",
      "skill": 2,
      "skill_usage": 0
    }
  ]
}