{
  "minimum_required": "v4.0.0",
  "stage_name": "act30side_06",
  "actions": [
    {
      "type": "Deploy",
      "name": "令",
      "location": [
        5,
        3
      ],
      "direction": "Left"
    },
    {
      "type": "SpeedUp"
    },
    {
      "type": "Deploy",
      "name": "“弦惊”",
      "location": [
        7,
        5
      ],
      "direction": "Up"
    },
    {
      "type": "Deploy",
      "name": "点火石",
      "location": [
        4,
        3
      ],
      "direction": "None"
    },
    {
      "type": "Deploy",
      "name": "“弦惊”",
      "location": [
        3,
        3
      ],
      "direction": "Up"
    },
    {
      "type": "Deploy",
      "name": "点火石",
      "location": [
        6,
        4
      ],
      "direction": "None"
    },
    {
      "type": "Skill",
      "name": "令",
      "location": [
        5,
        3
      ]
    },
    {
      "type": "Deploy",
      "name": "“弦惊”",
      "location": [
        3,
        4
      ],
      "direction": "Up"
    },
    {
      "type": "Deploy",
      "name": "“弦惊”",
      "location": [
        7,
        4
      ],
      "direction": "Up"
    },
    {
      "type": "Deploy",
      "name": "“弦惊”",
      "location": [
        3,
        4
      ],
      "direction": "Up"
    },
    {
      "type": "Skill",
      "name": "令",
      "location": [
        5,
        3
      ],
      "pre_delay": 10000
    },
    {
      "type": "Deploy",
      "name": "“弦惊”",
      "location": [
        8,
        3
      ],
      "direction": "Left"
    },
    {
      "type": "Deploy",
      "name": "“弦惊”",
      "location": [
        3,
        3
      ],
      "direction": "Up"
    },
    {
      "type": "Deploy",
      "name": "“弦惊”",
      "location": [
        7,
        3
      ],
      "kills": 23,
      "direction": "Up"
    },
    {
      "type": "Skill",
      "name": "令",
      "location": [
        5,
        3
      ]
    },
    {
      "type": "SkillDaemon"
    }
  ],
  "doc": {
    "title": "银心湖列车 - RS-6 - 补票！令单人速刷",
    "details": "令903，Y模拉满\n施工完成"
  },
  "groups": [],
  "opers": [
    {
      "name": "令",
      "skill": 3,
      "skill_usage": 0
    },
    {
      "name": "点火石",
      "skill": 1,
      "skill_usage": 0
    }
  ]
}