{
  "minimum_required": "v4.0.0",
  "stage_name": "act30side_03",
  "actions": [
    {
      "type": "SpeedUp"
    },
    {
      "type": "Deploy",
      "name": "死歌",
      "location": [
        6,
        1
      ],
      "direction": "Right"
    },
    {
      "type": "Deploy",
      "name": "尖兵",
      "location": [
        6,
        2
      ],
      "direction": "Up"
    },
    {
      "type": "Deploy",
      "name": "速狙1",
      "location": [
        4,
        1
      ],
      "direction": "Down"
    },
    {
      "type": "Deploy",
      "name": "群奶",
      "location": [
        5,
        3
      ],
      "direction": "Up"
    },
    {
      "type": "Deploy",
      "name": "速狙2",
      "location": [
        6,
        4
      ],
      "direction": "Left"
    },
    {
      "type": "Deploy",
      "name": "盾2",
      "location": [
        2,
        2
      ],
      "direction": "Right"
    },
    {
      "type": "Deploy",
      "name": "中铁术士",
      "location": [
        4,
        4
      ],
      "direction": "Right"
    },
    {
      "type": "SkillDaemon"
    }
  ],
  "doc": {
    "title": "银心湖列车 - RS-3-临时停车   【看描述！】【低配 无核 通用】",
    "details": "教学关请移步于“萨拉托加”的，还需要什么干员自行添加，都干员组,工具人随意\n测试等级：精一满级  【低配 无核 通用】\n有问题群找“无忧\"//QQ:3176706900"
  },
  "groups": [
    {
      "name": "死歌",
      "opers": [
        {
          "name": "百炼嘉维尔",
          "skill": 2,
          "skill_usage": 1
        },
        {
          "name": "煌",
          "skill": 2,
          "skill_usage": 0
        },
        {
          "name": "布洛卡",
          "skill": 1,
          "skill_usage": 1
        },
        {
          "name": "泡普卡",
          "skill": 1,
          "skill_usage": 1
        },
        {
          "name": "幽灵鲨",
          "skill": 1,
          "skill_usage": 1
        }
      ]
    },
    {
      "name": "群奶",
      "opers": [
        {
          "name": "调香师",
          "skill": 1,
          "skill_usage": 1
        },
        {
          "name": "白面鸮",
          "skill": 2,
          "skill_usage": 1
        },
        {
          "name": "夜莺",
          "skill": 2,
          "skill_usage": 0
        }
      ]
    },
    {
      "name": "尖兵",
      "opers": [
        {
          "name": "讯使",
          "skill": 1,
          "skill_usage": 0
        },
        {
          "name": "推进之王",
          "skill": 1,
          "skill_usage": 0
        },
        {
          "name": "德克萨斯",
          "skill": 2,
          "skill_usage": 1
        },
        {
          "name": "清道夫",
          "skill": 1,
          "skill_usage": 0
        },
        {
          "name": "凛冬",
          "skill": 1,
          "skill_usage": 0
        },
        {
          "name": "焰尾",
          "skill": 2,
          "skill_usage": 1
        },
        {
          "name": "嵯峨",
          "skill": 1,
          "skill_usage": 0
        }
      ]
    },
    {
      "name": "速狙1",
      "opers": [
        {
          "name": "杰西卡",
          "skill": 1,
          "skill_usage": 0
        },
        {
          "name": "空弦",
          "skill": 1,
          "skill_usage": 0
        },
        {
          "name": "克洛丝",
          "skill": 1,
          "skill_usage": 0
        },
        {
          "name": "安德切尔",
          "skill": 1,
          "skill_usage": 0
        },
        {
          "name": "蓝毒",
          "skill": 1,
          "skill_usage": 0
        }
      ]
    },
    {
      "name": "速狙2",
      "opers": [
        {
          "name": "梅",
          "skill": 1,
          "skill_usage": 0
        },
        {
          "name": "灰喉",
          "skill": 1,
          "skill_usage": 0
        },
        {
          "name": "能天使",
          "skill": 1,
          "skill_usage": 0
        },
        {
          "name": "寒芒克洛丝",
          "skill": 1,
          "skill_usage": 0
        },
        {
          "name": "隐现",
          "skill": 1,
          "skill_usage": 0
        },
        {
          "name": "流星",
          "skill": 1,
          "skill_usage": 0
        }
      ]
    },
    {
      "name": "单奶",
      "opers": [
        {
          "name": "安赛尔",
          "skill": 1,
          "skill_usage": 1
        },
        {
          "name": "末药",
          "skill": 2,
          "skill_usage": 1
        },
        {
          "name": "嘉维尔",
          "skill": 1,
          "skill_usage": 0
        },
        {
          "name": "苏苏洛",
          "skill": 1,
          "skill_usage": 1
        },
        {
          "name": "华法琳",
          "skill": 1,
          "skill_usage": 0
        },
        {
          "name": "闪灵",
          "skill": 2,
          "skill_usage": 0
        },
        {
          "name": "亚叶",
          "skill": 2,
          "skill_usage": 1
        },
        {
          "name": "图耶",
          "skill": 1,
          "skill_usage": 1
        },
        {
          "name": "纯烬艾雅法拉",
          "skill": 1,
          "skill_usage": 0
        }
      ]
    },
    {
      "name": "盾2",
      "opers": [
        {
          "name": "临光",
          "skill": 1,
          "skill_usage": 0
        },
        {
          "name": "瑕光",
          "skill": 1,
          "skill_usage": 0
        },
        {
          "name": "塞雷娅",
          "skill": 1,
          "skill_usage": 0
        },
        {
          "name": "暴雨",
          "skill": 1,
          "skill_usage": 0
        },
        {
          "name": "吽",
          "skill": 1,
          "skill_usage": 0
        },
        {
          "name": "斑点",
          "skill": 1,
          "skill_usage": 1
        },
        {
          "name": "卡缇",
          "skill": 1,
          "skill_usage": 1
        },
        {
          "name": "古米",
          "skill": 1,
          "skill_usage": 0
        }
      ]
    },
    {
      "name": "中铁术士",
      "opers": [
        {
          "name": "阿米娅",
          "skill": 1,
          "skill_usage": 1
        },
        {
          "name": "霍尔海雅",
          "skill": 2,
          "skill_usage": 1
        },
        {
          "name": "苦艾",
          "skill": 1,
          "skill_usage": 0
        },
        {
          "name": "刻俄柏",
          "skill": 2,
          "skill_usage": 1
        },
        {
          "name": "夜魔",
          "skill": 2,
          "skill_usage": 0
        },
        {
          "name": "艾雅法拉",
          "skill": 2,
          "skill_usage": 1
        },
        {
          "name": "史都华德",
          "skill": 1,
          "skill_usage": 0
        },
        {
          "name": "澄闪",
          "skill": 2,
          "skill_usage": 0
        },
        {
          "name": "卡达",
          "skill": 2,
          "skill_usage": 1
        }
      ]
    }
  ],
  "opers": []
}