{
    "minimum_required": "v4.0.0",
    "stage_name": "pro_b_2",
    "actions": [
        {
            "type": "SpeedUp"
        },
        {
            "type": "Deploy",
            "name": "逻各斯",
            "location": [
                7,
                6
            ],
            "direction": "Left",
            "costs": 0
        },
        {
            "type": "Deploy",
            "name": "安赛尔",
            "location": [
                8,
                6
            ],
            "direction": "Left"
        }
    ],
    "doc": {
        "title": "摧枯拉朽 - PR-B-2 - 打击",
        "details": "作业更新日期: 2024-11-04T02:14:43Z\n统计更新日期: 2024-11-19\n好评率：100.0%  浏览量：33\n来源：半岛Fe头  ID：43175\n摧枯拉朽 - PR-B-2 - 打击"
    },
    "groups": [],
    "opers": [
        {
            "name": "逻各斯",
            "skill": 1,
            "skill_usage": 0
        },
        {
            "name": "安赛尔",
            "skill": 1,
            "skill_usage": 1
        }
    ]
}