{
    "minimum_required": "v4.0.0",
    "stage_name": "pro_b_1",
    "actions": [
        {
            "type": "Deploy",
            "name": "荒芜拉普兰德",
            "location": [
                3,
                5
            ],
            "direction": "Right"
        },
        {
            "type": "Skill",
            "name": "荒芜拉普兰德"
        },
        {
            "type": "Deploy",
            "name": "艾雅法拉",
            "location": [
                7,
                5
            ],
            "direction": "Left"
        },
        {
            "type": "SpeedUp"
        },
        {
            "type": "BulletTime",
            "name": "荒芜拉普兰德",
            "kills": 47
        },
        {
            "type": "Skill",
            "name": "荒芜拉普兰德",
            "kills": 48
        }
    ],
    "doc": {
        "title": "摧枯拉朽 - PR-B-1 - 干涉【小羊2+异拉3】（信赖速刷）",
        "details": "——————————\n作业更新日期: 2025-07-01T18:05:31Z\n统计更新日期: 2025-07-11\n好评率：100.0%  浏览量：31\n来源：竟然不能小于4位  ID：61982\n——————————\n\n参考视频：https://www.bilibili.com/BV15mcdeGEJm"
    },
    "groups": [],
    "opers": [
        {
            "name": "艾雅法拉",
            "skill": 2,
            "skill_usage": 0
        },
        {
            "name": "荒芜拉普兰德",
            "skill": 3,
            "skill_usage": 0
        }
    ]
}