{
    "minimum_required": "v4.0.0",
    "stage_name": "act35side_07",
    "actions": [
        {
            "type": "Deploy",
            "name": "煌",
            "location": [
                10,
                4
            ],
            "direction": "Up"
        },
        {
            "type": "SpeedUp"
        },
        {
            "type": "Deploy",
            "name": "艾雅法拉",
            "location": [
                7,
                3
            ],
            "direction": "Right"
        },
        {
            "type": "Deploy",
            "name": "奶盾",
            "location": [
                8,
                4
            ],
            "direction": "Left"
        },
        {
            "type": "SkillDaemon"
        }
    ],
    "doc": {
        "title": "太阳甩在身后 - AS-7 - 谁是宠物？",
        "details": "——————————\n作业更新日期: 2024-08-01T15:27:37Z\n统计更新日期: 2025-08-30\n相对评分：99.00%  相对热度：100.00%\n来源：萨拉托加  ID：39707\n——————————\n作者萨拉托加\n作业交流群群号216314927，可蹲作业，有问题进群找我，作业站消息没提醒看不到"
    },
    "groups": [
        {
            "name": "奶盾",
            "opers": [
                {
                    "name": "黍",
                    "skill": 1,
                    "skill_usage": 0
                },
                {
                    "name": "塞雷娅",
                    "skill": 1,
                    "skill_usage": 0
                }
            ]
        }
    ],
    "opers": [
        {
            "name": "煌",
            "skill": 2,
            "skill_usage": 0
        },
        {
            "name": "艾雅法拉",
            "skill": 2,
            "skill_usage": 0
        }
    ]
}