{
    "minimum_required": "v4.0.0",
    "stage_name": "act35side_02",
    "actions": [
        {
            "type": "Deploy",
            "name": "煌",
            "location": [
                1,
                3
            ],
            "direction": "Right"
        },
        {
            "type": "SpeedUp"
        },
        {
            "type": "SkillDaemon"
        }
    ],
    "doc": {
        "title": "太阳甩在身后 - AS-2 - 馆中特别行动",
        "details": "——————————\n作业更新日期: 2024-08-01T14:56:45Z\n统计更新日期: 2025-08-30\n相对评分：100.00%  相对热度：100.00%\n来源：萨拉托加  ID：39701\n——————————\n作者萨拉托加\n作业交流群群号216314927，可蹲作业，有问题进群找我，作业站消息没提醒看不到"
    },
    "groups": [],
    "opers": [
        {
            "name": "煌",
            "skill": 2,
            "skill_usage": 0
        }
    ]
}