{
    "minimum_required": "v4.0.0",
    "stage_name": "act35side_07",
    "actions": [
        {
            "type": "SpeedUp"
        },
        {
            "type": "BulletTime",
            "name": "维什戴尔",
            "location": [
                9,
                3
            ],
            "costs": 23
        },
        {
            "type": "Deploy",
            "name": "维什戴尔",
            "location": [
                9,
                3
            ],
            "costs": 24,
            "rear_delay": 0,
            "direction": "Left"
        },
        {
            "type": "Skill",
            "name": "维什戴尔",
            "location": [
                9,
                3
            ],
            "kills": 4
        },
        {
            "type": "Deploy",
            "name": "狙击",
            "location": [
                10,
                5
            ],
            "direction": "Left",
            "kills": 10,
            "costs": 9
        },
        {
            "type": "Deploy",
            "name": "小盾",
            "location": [
                7,
                4
            ],
            "direction": "Left",
            "kills": 10,
            "costs": 16
        },
        {
            "type": "Deploy",
            "name": "挡2",
            "location": [
                10,
                2
            ],
            "direction": "Up"
        },
        {
            "type": "Skill",
            "name": "维什戴尔",
            "location": [
                9,
                3
            ],
            "kills": 28
        }
    ],
    "doc": {
        "title": "太阳甩在身后 - AS-7 - 谁是宠物？",
        "details": "——————————\n作业更新日期: 2024-08-03T15:13:12Z\n统计更新日期: 2025-08-30\n相对评分：96.00%  相对热度：70.43%\n来源：spellcast  ID：39768\n——————————\n精二90级三模三技能专三ew。已测试"
    },
    "groups": [
        {
            "name": "狙击",
            "opers": [
                {
                    "name": "安德切尔",
                    "skill": 1,
                    "skill_usage": 0
                },
                {
                    "name": "克洛丝",
                    "skill": 1,
                    "skill_usage": 0
                },
                {
                    "name": "杰西卡",
                    "skill": 1,
                    "skill_usage": 0
                },
                {
                    "name": "流星",
                    "skill": 1,
                    "skill_usage": 0
                }
            ]
        },
        {
            "name": "小盾",
            "opers": [
                {
                    "name": "卡缇",
                    "skill": 1,
                    "skill_usage": 0
                },
                {
                    "name": "斑点",
                    "skill": 1,
                    "skill_usage": 0
                }
            ]
        },
        {
            "name": "挡2",
            "opers": [
                {
                    "name": "泡普卡",
                    "skill": 1,
                    "skill_usage": 0
                },
                {
                    "name": "月见夜",
                    "skill": 1,
                    "skill_usage": 0
                },
                {
                    "name": "阿消",
                    "skill": 1,
                    "skill_usage": 0
                },
                {
                    "name": "休谟斯",
                    "skill": 1,
                    "skill_usage": 0
                },
                {
                    "name": "暴行",
                    "skill": 1,
                    "skill_usage": 0
                },
                {
                    "name": "刻刀",
                    "skill": 1,
                    "skill_usage": 0
                },
                {
                    "name": "芳汀",
                    "skill": 1,
                    "skill_usage": 0
                },
                {
                    "name": "柏喙",
                    "skill": 1,
                    "skill_usage": 0
                }
            ]
        }
    ],
    "opers": [
        {
            "name": "维什戴尔",
            "skill": 3,
            "skill_usage": 0
        }
    ]
}