{
    "minimum_required": "v4.0.0",
    "stage_name": "act35side_08",
    "actions": [
        {
            "type": "SpeedUp"
        },
        {
            "type": "BulletTime",
            "name": "维什戴尔",
            "location": [
                6,
                3
            ],
            "costs": 23
        },
        {
            "type": "Deploy",
            "name": "维什戴尔",
            "location": [
                6,
                3
            ],
            "direction": "Down",
            "costs": 25
        },
        {
            "type": "Skill",
            "name": "维什戴尔",
            "location": [
                6,
                3
            ],
            "kills": 0,
            "costs": 15,
            "cost_changes": 0,
            "pre_delay": 0
        },
        {
            "type": "Deploy",
            "name": "小盾",
            "location": [
                7,
                4
            ],
            "direction": "Right",
            "costs": 16
        },
        {
            "type": "Skill",
            "name": "维什戴尔",
            "location": [
                6,
                3
            ],
            "kills": 4
        },
        {
            "type": "Skill",
            "name": "维什戴尔",
            "location": [
                6,
                3
            ],
            "kills": 15,
            "pre_delay": 1500
        },
        {
            "type": "Skill",
            "name": "维什戴尔",
            "location": [
                6,
                3
            ],
            "kills": 30
        },
        {
            "type": "Skill",
            "name": "维什戴尔",
            "location": [
                6,
                3
            ],
            "kills": 48,
            "pre_delay": 1000
        },
        {
            "type": "SkillUsage",
            "name": "维什戴尔",
            "skill_usage": 1
        },
        {
            "type": "SkillDaemon"
        }
    ],
    "doc": {
        "title": "太阳甩在身后 - AS-8 - 黄沙尽头",
        "details": "——————————\n作业更新日期: 2024-08-03T10:48:16Z\n统计更新日期: 2025-08-30\n相对评分：94.00%  相对热度：69.64%\n来源：spellcast  ID：39775\n——————————\n精二90级三模三技能专三ew"
    },
    "groups": [
        {
            "name": "小盾",
            "opers": [
                {
                    "name": "卡缇",
                    "skill": 1,
                    "skill_usage": 0
                },
                {
                    "name": "斑点",
                    "skill": 1,
                    "skill_usage": 0
                }
            ]
        }
    ],
    "opers": [
        {
            "name": "维什戴尔",
            "skill": 3,
            "skill_usage": 0
        }
    ]
}