{
    "minimum_required": "v4.0.0",
    "stage_name": "act35side_ex03",
    "actions": [
        {
            "type": "Deploy",
            "name": "先锋-执旗手",
            "location": [
                7,
                2
            ],
            "direction": "Up"
        },
        {
            "type": "Deploy",
            "name": "近卫-强攻手",
            "location": [
                4,
                3
            ],
            "direction": "Down"
        },
        {
            "type": "SpeedUp"
        },
        {
            "type": "Deploy",
            "name": "近卫-斗士",
            "location": [
                3,
                4
            ],
            "direction": "Right"
        },
        {
            "type": "Deploy",
            "name": "医疗-群愈师",
            "location": [
                3,
                2
            ],
            "direction": "Down"
        },
        {
            "type": "Deploy",
            "name": "纯净结晶",
            "location": [
                4,
                4
            ],
            "direction": "None"
        },
        {
            "type": "Deploy",
            "name": "纯净结晶",
            "location": [
                6,
                3
            ],
            "direction": "None"
        },
        {
            "type": "Deploy",
            "name": "奶盾",
            "location": [
                3,
                3
            ],
            "direction": "Right"
        },
        {
            "type": "Deploy",
            "name": "术师-中坚术师",
            "location": [
                4,
                1
            ],
            "direction": "Down"
        },
        {
            "type": "SkillUsage",
            "name": "桃金娘",
            "skill_usage": 0
        },
        {
            "type": "Deploy",
            "name": "特种-伏击客",
            "location": [
                4,
                4
            ],
            "direction": "Right"
        },
        {
            "type": "SkillDaemon"
        }
    ],
    "doc": {
        "title": "太阳甩在身后 - AS-EX-3 - 一捧宝石",
        "details": "——————————\n作业更新日期: 2025-08-28T01:09:34Z\n统计更新日期: 2025-08-30\n相对评分：96.97%  相对热度：72.79%\n来源：作业超大杯  ID：40095\n——————————\n原作者萧然Q json作者萨拉托加\n作业交流群群号216314927，可蹲作业，有问题进群找我，作业站消息没提醒看不到\n【【太阳甩在身后】AS-EX-1至AS-EX-8突袭 摆完挂机 简单好抄】 https://www.bilibili.com/video/BV18T421673i/?share_source=copy_web&vd_source=3fd5040fe25f6a00e19e6072bcccfa4e"
    },
    "groups": [
        {
            "name": "先锋-执旗手",
            "opers": [
                {
                    "name": "桃金娘",
                    "skill": 1,
                    "skill_usage": 1
                },
                {
                    "name": "极境",
                    "skill": 1,
                    "skill_usage": 1
                },
                {
                    "name": "万顷",
                    "skill": 1,
                    "skill_usage": 0
                }
            ]
        },
        {
            "name": "近卫-强攻手",
            "opers": [
                {
                    "name": "煌",
                    "skill": 2,
                    "skill_usage": 0
                },
                {
                    "name": "百炼嘉维尔",
                    "skill": 2,
                    "skill_usage": 1
                },
                {
                    "name": "乌尔比安",
                    "skill": 2,
                    "skill_usage": 0
                },
                {
                    "name": "赫德雷",
                    "skill": 2,
                    "skill_usage": 2,
                    "skill_times": 1
                }
            ]
        },
        {
            "name": "近卫-斗士",
            "opers": [
                {
                    "name": "山",
                    "skill": 2,
                    "skill_usage": 2,
                    "skill_times": 1
                },
                {
                    "name": "重岳",
                    "skill": 3,
                    "skill_usage": 2,
                    "skill_times": 5
                },
                {
                    "name": "推进之王",
                    "skill": 2,
                    "skill_usage": 0
                },
                {
                    "name": "风笛",
                    "skill": 2,
                    "skill_usage": 0
                }
            ]
        },
        {
            "name": "奶盾",
            "opers": [
                {
                    "name": "黍",
                    "skill": 1,
                    "skill_usage": 0
                },
                {
                    "name": "塞雷娅",
                    "skill": 1,
                    "skill_usage": 0
                }
            ]
        },
        {
            "name": "术师-中坚术师",
            "opers": [
                {
                    "name": "逻各斯",
                    "skill": 1,
                    "skill_usage": 0
                },
                {
                    "name": "维什戴尔",
                    "skill": 3,
                    "skill_usage": 1
                },
                {
                    "name": "提丰",
                    "skill": 2,
                    "skill_usage": 1
                },
                {
                    "name": "艾雅法拉",
                    "skill": 2,
                    "skill_usage": 0
                },
                {
                    "name": "澄闪",
                    "skill": 2,
                    "skill_usage": 0
                }
            ]
        },
        {
            "name": "医疗-群愈师",
            "opers": [
                {
                    "name": "夜莺",
                    "skill": 2,
                    "skill_usage": 0
                },
                {
                    "name": "白面鸮",
                    "skill": 2,
                    "skill_usage": 1
                }
            ]
        },
        {
            "name": "特种-伏击客",
            "opers": [
                {
                    "name": "阿斯卡纶",
                    "skill": 1,
                    "skill_usage": 0
                },
                {
                    "name": "伊桑",
                    "skill": 1,
                    "skill_usage": 0
                },
                {
                    "name": "锏",
                    "skill": 3,
                    "skill_usage": 1
                },
                {
                    "name": "棘刺",
                    "skill": 3,
                    "skill_usage": 1
                }
            ]
        }
    ],
    "opers": [],
    "difficulty": 3
}