{
    "minimum_required": "v4.0.0",
    "stage_name": "act35side_ex02",
    "actions": [
        {
            "type": "Deploy",
            "name": "娜仁图亚",
            "location": [
                6,
                3
            ],
            "direction": "Up"
        },
        {
            "type": "Deploy",
            "name": "乌尔比安",
            "location": [
                8,
                1
            ],
            "direction": "Left"
        },
        {
            "type": "Deploy",
            "name": "维什戴尔",
            "location": [
                7,
                3
            ],
            "direction": "Left"
        },
        {
            "type": "SpeedUp"
        },
        {
            "type": "SkillDaemon"
        }
    ],
    "doc": {
        "title": "饼干组挂机丨太阳甩在身后 - AS-EX-2 - 被吹碎的镜子",
        "details": "——————————\n作业更新日期: 2025-08-25T10:51:57Z\n统计更新日期: 2025-08-30\n相对评分：94.00%  相对热度：66.45%\n来源：渡边草莓  ID：66163\n——————————\n原作者：紧急失控\n原视频：https://www.bilibili.com/video/BV1BteRzHEym"
    },
    "groups": [],
    "opers": [
        {
            "name": "维什戴尔",
            "skill": 3,
            "skill_usage": 1
        },
        {
            "name": "乌尔比安",
            "skill": 2,
            "skill_usage": 0
        },
        {
            "name": "娜仁图亚",
            "skill_usage": 2,
            "skill_times": 1,
            "skill": 1
        }
    ],
    "difficulty": 3
}