{
    "minimum_required": "v4.0.0",
    "stage_name": "act35side_s01",
    "actions": [
        {
            "type": "Deploy",
            "name": "德克萨斯",
            "location": [
                7,
                3
            ],
            "direction": "Down"
        },
        {
            "type": "Deploy",
            "name": "桃金娘",
            "location": [
                8,
                3
            ],
            "direction": "Down"
        },
        {
            "type": "SpeedUp"
        },
        {
            "type": "Deploy",
            "name": "近卫",
            "location": [
                8,
                4
            ],
            "direction": "Left"
        },
        {
            "type": "Deploy",
            "name": "能天使",
            "location": [
                4,
                4
            ],
            "direction": "Up"
        },
        {
            "type": "Deploy",
            "name": "单奶",
            "location": [
                10,
                3
            ],
            "direction": "Left"
        },
        {
            "type": "Deploy",
            "name": "夜莺",
            "location": [
                9,
                3
            ],
            "direction": "Left"
        },
        {
            "type": "Deploy",
            "name": "法1",
            "location": [
                10,
                4
            ],
            "direction": "Left"
        },
        {
            "type": "Deploy",
            "name": "法2",
            "location": [
                9,
                4
            ],
            "direction": "Left"
        },
        {
            "type": "Retreat",
            "name": "德克萨斯",
            "location": [
                7,
                3
            ],
            "kills": 22
        },
        {
            "type": "Deploy",
            "name": "奶盾",
            "location": [
                7,
                3
            ],
            "direction": "Down"
        },
        {
            "type": "Retreat",
            "name": "桃金娘",
            "location": [
                8,
                3
            ]
        },
        {
            "type": "Deploy",
            "name": "能天使",
            "location": [
                6,
                3
            ],
            "direction": "Down"
        },
        {
            "type": "SkillDaemon",
            "doc_color": "DeepSkyBlue",
            "doc": "注意40后的高压波次进行手动调整即可"
        }
    ],
    "doc": {
        "title": "太阳甩在身后 - AS-S-1 - 哲理在新生中传唱",
        "details": "——————————\n作业更新日期: 2024-08-16T06:33:58Z\n统计更新日期: 2025-08-30\n相对评分：95.83%  相对热度：79.75%\n来源：pppie  ID：40341\n——————————\n参考作品B站 萧然Q：【【太阳甩在身后】AS-S-1突袭至AS-MO-1 摆完挂机 简单好抄】 https://www.bilibili.com/video/BV1uE421A7jm\n奶妈压力较大 可多带一个单奶放奶妈上面朝左 或奶盾放桃子位置\n普通模式进战斗后需快速手动点掉对话，避免卡暂停\n有问题可留言"
    },
    "groups": [
        {
            "name": "奶盾",
            "opers": [
                {
                    "name": "黍",
                    "skill": 1,
                    "skill_usage": 0
                },
                {
                    "name": "塞雷娅",
                    "skill": 1,
                    "skill_usage": 0
                }
            ]
        },
        {
            "name": "法1",
            "opers": [
                {
                    "name": "逻各斯",
                    "skill": 1,
                    "skill_usage": 0
                },
                {
                    "name": "澄闪",
                    "skill": 2,
                    "skill_usage": 0
                }
            ]
        },
        {
            "name": "法2",
            "opers": [
                {
                    "name": "艾雅法拉",
                    "skill": 2,
                    "skill_usage": 0
                },
                {
                    "name": "铃兰",
                    "skill": 2,
                    "skill_usage": 0
                },
                {
                    "name": "林",
                    "skill": 3,
                    "skill_usage": 1
                }
            ]
        },
        {
            "name": "近卫",
            "opers": [
                {
                    "name": "煌",
                    "skill": 2,
                    "skill_usage": 0
                },
                {
                    "name": "乌尔比安",
                    "skill": 2,
                    "skill_usage": 0
                }
            ]
        },
        {
            "name": "挂件 可不带",
            "opers": [
                {
                    "name": "风笛",
                    "skill": 2,
                    "skill_usage": 0
                }
            ]
        },
        {
            "name": "单奶",
            "opers": [
                {
                    "name": "纯烬艾雅法拉",
                    "skill": 1,
                    "skill_usage": 0
                },
                {
                    "name": "闪灵",
                    "skill": 2,
                    "skill_usage": 0
                },
                {
                    "name": "华法琳",
                    "skill": 1,
                    "skill_usage": 0
                }
            ]
        }
    ],
    "opers": [
        {
            "name": "桃金娘",
            "skill": 1,
            "skill_usage": 1
        },
        {
            "name": "德克萨斯",
            "skill": 1,
            "skill_usage": 0
        },
        {
            "name": "能天使",
            "skill": 3,
            "skill_usage": 0
        },
        {
            "name": "夜莺",
            "skill": 2,
            "skill_usage": 0
        }
    ],
    "difficulty": 3
}