{
    "minimum_required": "v4.0.0",
    "stage_name": "mem_glady_1",
    "actions": [
        {
            "type": "SpeedUp"
        },
        {
            "type": "Deploy",
            "name": "歌蕾蒂娅",
            "location": [
                10,
                4
            ],
            "direction": "Left",
            "costs": 13
        },
        {
            "type": "Deploy",
            "costs": 25,
            "name": "幽灵鲨",
            "location": [
                7,
                3
            ],
            "direction": "Down"
        },
        {
            "type": "SkillUsage",
            "name": "幽灵鲨",
            "skill_usage": 1
        },
        {
            "type": "Deploy",
            "pre_delay": 0,
            "name": "砾",
            "location": [
                7,
                5
            ],
            "direction": "Up"
        },
        {
            "type": "SpeedUp"
        },
        {
            "type": "Skill",
            "name": "歌蕾蒂娅",
            "location": [
                10,
                4
            ],
            "costs": 34
        },
        {
            "type": "SpeedUp"
        },
        {
            "type": "SpeedUp",
            "costs": 65
        },
        {
            "type": "Deploy",
            "name": "砾",
            "location": [
                7,
                5
            ],
            "costs": 70,
            "direction": "Up"
        },
        {
            "type": "Output",
            "costs": 99,
            "rear_delay": 15000
        },
        {
            "type": "Skill",
            "name": "歌蕾蒂娅",
            "location": [
                10,
                4
            ]
        },
        {
            "type": "SpeedUp"
        }
    ],
    "doc": {
        "title": "歌蕾蒂娅 悖论模拟",
        "details": "——————————\n作业更新日期: 2023-04-11T20:58:02Z\n统计更新日期: 2025-09-06\n相对评分：86.67%  相对热度：91.45%\n来源：_ 蘿卜卜  ID：22524\n——————————\nBV1Ff4y1H7GP\nup：倾九_Komy\njson：BnnA（maa://22432）\n修改原作业歌蕾蒂娅的技能时机\n2907已测试"
    },
    "groups": [],
    "opers": [
        {
            "name": "歌蕾蒂娅",
            "skill": 3,
            "skill_usage": 0
        }
    ]
}