{
    "minimum_required": "v4.0.0",
    "stage_name": "mem_huang_1",
    "actions": [
        {
            "type": "Deploy",
            "name": "煌",
            "location": [
                4,
                3
            ],
            "direction": "Right"
        },
        {
            "type": "SpeedUp"
        },
        {
            "type": "Deploy",
            "name": "芙蓉",
            "location": [
                5,
                5
            ],
            "direction": "Up"
        },
        {
            "type": "Skill",
            "name": "煌",
            "location": [
                4,
                3
            ],
            "costs": 32,
            "doc_color": "DarkCyan",
            "doc": "紫兵走到x位置时放技能"
        },
        {
            "type": "Skill",
            "name": "煌",
            "location": [
                4,
                3
            ],
            "kills": 15,
            "pre_delay": 3000
        },
        {
            "type": "Skill",
            "name": "煌",
            "location": [
                4,
                3
            ],
            "kills": 24,
            "pre_delay": 5000
        },
        {
            "type": "Skill",
            "name": "煌",
            "location": [
                4,
                3
            ],
            "kills": 37,
            "pre_delay": 4000
        }
    ],
    "doc": {
        "title": "悖论模拟 - 煌 - 一夫当关",
        "details": "作业更新日期: 2023-08-19T07:14:36Z\n统计更新日期: 2024-10-06\n好评率：73.91%  浏览量：2622\n来源：CaliInn  ID：25311\n煌悖论模拟很难调轴，看评论成功率不到50%。如果失败建议按照视频里的攻略自己打一遍，只要等每次紫兵走到x位置时放技能就好！\n\n已验证精二30级3技能无专精煌，参考攻略：https://www.bilibili.com/video/BV1Dq4y1s711/\n"
    },
    "groups": [],
    "opers": [
        {
            "name": "煌",
            "skill": 3,
            "skill_usage": 0
        },
        {
            "name": "芙蓉",
            "skill": 1,
            "skill_usage": 0
        }
    ]
}