{
    "minimum_required": "v4.0.0",
    "stage_name": "wk_toxic_5",
    "actions": [
        {
            "type": "SpeedUp"
        },
        {
            "type": "Deploy",
            "name": "重岳",
            "location": [
                4,
                4
            ],
            "direction": "Down"
        },
        {
            "type": "Deploy",
            "name": "群奶",
            "location": [
                3,
                3
            ],
            "direction": "Down"
        },
        {
            "type": "Deploy",
            "name": "单奶",
            "location": [
                3,
                6
            ],
            "direction": "Up"
        },
        {
            "type": "Deploy",
            "name": "盾",
            "location": [
                3,
                5
            ],
            "direction": "Right"
        },
        {
            "type": "Deploy",
            "name": "翎羽",
            "location": [
                7,
                1
            ],
            "direction": "Down"
        },
        {
            "type": "Retreat",
            "location": [
                7,
                1
            ],
            "kills": 4
        },
        {
            "type": "Deploy",
            "name": "月见夜",
            "location": [
                7,
                1
            ],
            "direction": "Down",
            "kills": 10
        },
        {
            "type": "Deploy",
            "name": "翎羽",
            "location": [
                2,
                1
            ],
            "kills": 32,
            "direction": "Left"
        },
        {
            "type": "Deploy",
            "name": "玫兰莎",
            "location": [
                7,
                1
            ],
            "direction": "Down",
            "kills": 38
        }
    ],
    "doc": {
        "title": "粉碎防御 - AP-5 - 精炼工厂保全 重岳单核低配",
        "details": "统计日期：2024-05-25\n好评率：100.0%  浏览量：1628\n来源：小虾-_-  ID：22678\n自用测试，重岳暖机完毕后有技能释放BUG，会消耗更多挂机时间。"
    },
    "groups": [
        {
            "name": "群奶",
            "opers": [
                {
                    "name": "调香师",
                    "skill": 1,
                    "skill_usage": 0
                }
            ]
        },
        {
            "name": "单奶",
            "opers": [
                {
                    "name": "安赛尔",
                    "skill": 1,
                    "skill_usage": 0
                },
                {
                    "name": "芙蓉",
                    "skill": 1,
                    "skill_usage": 0
                }
            ]
        },
        {
            "name": "盾",
            "opers": [
                {
                    "name": "斑点",
                    "skill": 1,
                    "skill_usage": 0
                },
                {
                    "name": "卡缇",
                    "skill": 1,
                    "skill_usage": 0
                },
                {
                    "name": "米格鲁",
                    "skill": 1,
                    "skill_usage": 0
                }
            ]
        }
    ],
    "opers": [
        {
            "name": "重岳",
            "skill": 3,
            "skill_usage": 1
        },
        {
            "name": "玫兰莎",
            "skill": 1,
            "skill_usage": 0
        },
        {
            "name": "月见夜",
            "skill": 1,
            "skill_usage": 0
        },
        {
            "name": "翎羽",
            "skill": 1,
            "skill_usage": 0
        }
    ]
}