{
    "minimum_required": "v4.0.0",
    "doc": {
        "title": "PR-B-2",
        "details": "统计日期：2024-05-25\n好评率：80.0%  浏览量：246\n来源：tang  ID：28221\n如遇到无法识别“弦惊”“清平”“逍遥”，删除cache/avatars 下的头像重新启动MMA\n测试为90级三模专6令\n作者-唐"
    },
    "stage_name": "pro_b_2",
    "opers": [
        {
            "name": "棘刺",
            "skill": 3,
            "skill_usage": 1
        },
        {
            "name": "令",
            "skill": 2,
            "skill_usage": 0
        }
    ],
    "actions": [
        {
            "type": "二倍速",
            "name": ""
        },
        {
            "type": "部署",
            "name": "棘刺",
            "location": [
                4,
                2
            ],
            "direction": "右"
        },
        {
            "type": "部署",
            "name": "令",
            "location": [
                7,
                5
            ],
            "direction": "上"
        },
        {
            "type": "部署",
            "name": "“逍遥”",
            "location": [
                3,
                5
            ],
            "direction": "右"
        },
        {
            "type": "技能",
            "cost_changes": 6,
            "name": "令",
            "location": [
                7,
                5
            ],
            "direction": "左"
        },
        {
            "type": "部署",
            "kills": 7,
            "name": "“逍遥”",
            "location": [
                2,
                3
            ],
            "direction": "右"
        },
        {
            "type": "技能",
            "name": "令",
            "location": [
                7,
                5
            ],
            "direction": "左"
        },
        {
            "type": "部署",
            "name": "“逍遥”",
            "location": [
                2,
                2
            ],
            "direction": "右"
        },
        {
            "type": "部署",
            "name": "“逍遥”",
            "location": [
                8,
                2
            ],
            "direction": "左"
        },
        {
            "type": "部署",
            "name": "“逍遥”",
            "location": [
                8,
                3
            ],
            "direction": "左"
        },
        {
            "type": "技能",
            "kills": 15,
            "name": "令",
            "location": [
                7,
                5
            ],
            "direction": "左"
        },
        {
            "type": "技能",
            "name": "令",
            "location": [
                7,
                5
            ],
            "direction": "左"
        },
        {
            "type": "撤退",
            "name": "“逍遥”",
            "location": [
                2,
                3
            ],
            "direction": "右"
        },
        {
            "type": "部署",
            "name": "“逍遥”",
            "location": [
                2,
                3
            ],
            "direction": "右"
        },
        {
            "type": "技能",
            "kills": 29,
            "name": "令",
            "location": [
                7,
                5
            ],
            "direction": "左"
        },
        {
            "type": "技能",
            "kills": 42,
            "name": "令",
            "location": [
                7,
                5
            ],
            "direction": "左"
        },
        {
            "type": "技能",
            "kills": 55,
            "name": "令",
            "location": [
                7,
                5
            ],
            "direction": "左"
        },
        {
            "type": "技能",
            "kills": 66,
            "name": "令",
            "location": [
                7,
                5
            ],
            "direction": "左"
        },
        {
            "type": "技能",
            "kills": 78,
            "name": "令",
            "location": [
                7,
                5
            ],
            "direction": "左"
        },
        {
            "type": "技能",
            "kills": 86,
            "name": "令",
            "location": [
                7,
                5
            ],
            "direction": "左"
        },
        {
            "type": "摆完挂机",
            "name": ""
        }
    ]
}