{
    "minimum_required": "v4.0.0",
    "stage_name": "tough_13-08",
    "actions": [
        {
            "type": "SpeedUp"
        },
        {
            "type": "Deploy",
            "name": "煌",
            "location": [
                6,
                3
            ],
            "direction": "Left"
        },
        {
            "type": "Deploy",
            "name": "塞雷娅",
            "location": [
                5,
                3
            ],
            "direction": "Left"
        },
        {
            "type": "Deploy",
            "name": "刻俄柏",
            "location": [
                7,
                5
            ],
            "direction": "Left"
        },
        {
            "type": "Skill",
            "name": "炸弹载荷点",
            "location": [
                5,
                6
            ],
            "kills": 4
        },
        {
            "type": "Deploy",
            "name": "艾雅法拉",
            "location": [
                3,
                1
            ],
            "direction": "Down"
        },
        {
            "type": "SkillDaemon"
        }
    ],
    "doc": {
        "title": "第十三章 恶兆湍流 - 13-10（磨难） - 幻境迁流",
        "details": "统计日期：2024-06-01\n好评率：96.64%  浏览量：4431\n来源：萨拉托加  ID：28802\n13-10磨难，2603，小刻七级技能也能用\n【【明日方舟】13-10摆完挂机（磨难险地环境/恶兆湍流）】 https://www.bilibili.com/video/BV1ru411M7Vd/?share_source=copy_web&vd_source=3fd5040fe25f6a00e19e6072bcccfa4e up侬无言以对"
    },
    "groups": [],
    "opers": [
        {
            "name": "塞雷娅",
            "skill": 1,
            "skill_usage": 0
        },
        {
            "name": "艾雅法拉",
            "skill": 2,
            "skill_usage": 0
        },
        {
            "name": "煌",
            "skill": 2,
            "skill_usage": 0
        },
        {
            "name": "刻俄柏",
            "skill": 1,
            "skill_usage": 0
        }
    ]
}