{
    "minimum_required": "v4.0.0",
    "stage_name": "tough_13-17",
    "actions": [
        {
            "type": "Deploy",
            "name": "桃金娘",
            "location": [
                1,
                3
            ],
            "direction": "Right"
        },
        {
            "type": "SpeedUp"
        },
        {
            "type": "Deploy",
            "name": "棘刺",
            "location": [
                2,
                4
            ],
            "direction": "Right"
        },
        {
            "type": "Deploy",
            "name": "煌",
            "location": [
                2,
                3
            ],
            "direction": "Right"
        },
        {
            "type": "SpeedUp",
            "costs": 35
        },
        {
            "type": "Deploy",
            "name": "夜莺",
            "location": [
                3,
                4
            ],
            "direction": "Right",
            "costs": 37
        },
        {
            "type": "Deploy",
            "name": "闪灵",
            "location": [
                5,
                3
            ],
            "direction": "Right"
        },
        {
            "type": "SpeedUp"
        },
        {
            "type": "Skill",
            "name": "炸弹载荷点",
            "location": [
                10,
                2
            ],
            "kills": 2,
            "pre_delay": 1000
        },
        {
            "type": "Deploy",
            "name": "能天使",
            "location": [
                7,
                3
            ],
            "direction": "Right"
        },
        {
            "type": "Deploy",
            "name": "蓝毒",
            "location": [
                3,
                3
            ],
            "direction": "Right",
            "pre_delay": 10000
        },
        {
            "type": "Retreat",
            "name": "能天使",
            "location": [
                7,
                3
            ]
        },
        {
            "type": "Skill",
            "name": "炸弹载荷点",
            "location": [
                1,
                5
            ]
        },
        {
            "type": "Deploy",
            "name": "幻影",
            "location": [
                7,
                6
            ],
            "kills": 11,
            "pre_delay": 7000,
            "direction": "None"
        },
        {
            "type": "Deploy",
            "name": "克洛丝",
            "location": [
                7,
                4
            ],
            "direction": "Right",
            "rear_delay": 10000
        },
        {
            "type": "Retreat",
            "name": "克洛丝",
            "location": [
                7,
                4
            ]
        },
        {
            "type": "Deploy",
            "name": "能天使",
            "location": [
                5,
                4
            ],
            "direction": "Left"
        },
        {
            "type": "SkillDaemon"
        }
    ],
    "doc": {
        "title": "第十三章 恶兆湍流 - 13-19（磨难） - 骸骨走廊",
        "details": "统计日期：2024-06-01\n好评率：95.59%  浏览量：4687\n来源：萨拉托加  ID：28847\n13-19磨难，2603，克洛丝得有点练度\n两次炸弹的轴是根据我的号调整的，不知道适不适合所有人\n【【恶兆湍流】主线十三章13-19磨难险地摆完挂机简单好抄明日方舟】 https://www.bilibili.com/video/BV1kh4y1B7Q3/?share_source=copy_web&vd_source=3fd5040fe25f6a00e19e6072bcccfa4e UP祈星_Estrella"
    },
    "groups": [],
    "opers": [
        {
            "name": "桃金娘",
            "skill": 1,
            "skill_usage": 1
        },
        {
            "name": "棘刺",
            "skill": 3,
            "skill_usage": 1
        },
        {
            "name": "夜莺",
            "skill": 2,
            "skill_usage": 0
        },
        {
            "name": "能天使",
            "skill": 3,
            "skill_usage": 0
        },
        {
            "name": "闪灵",
            "skill": 2,
            "skill_usage": 0
        },
        {
            "name": "煌",
            "skill": 2,
            "skill_usage": 0
        },
        {
            "name": "克洛丝",
            "skill": 1,
            "skill_usage": 0
        },
        {
            "name": "蓝毒",
            "skill": 1,
            "skill_usage": 0
        }
    ]
}