{
    "minimum_required": "v4.0.0",
    "stage_name": "tough_13-14",
    "actions": [
        {
            "type": "Deploy",
            "name": "桃金娘",
            "location": [
                7,
                3
            ],
            "direction": "Left"
        },
        {
            "type": "Deploy",
            "name": "煌",
            "location": [
                9,
                3
            ],
            "direction": "Left"
        },
        {
            "type": "SpeedUp"
        },
        {
            "type": "Deploy",
            "name": "艾雅法拉",
            "location": [
                7,
                4
            ],
            "direction": "Left"
        },
        {
            "type": "Deploy",
            "name": "水月",
            "location": [
                1,
                3
            ],
            "direction": "Down"
        },
        {
            "type": "Deploy",
            "name": "塞雷娅",
            "location": [
                8,
                3
            ],
            "direction": "Left"
        },
        {
            "type": "Deploy",
            "name": "伊芙利特",
            "location": [
                6,
                5
            ],
            "direction": "Left"
        },
        {
            "type": "Retreat",
            "name": "桃金娘",
            "location": [
                7,
                3
            ]
        },
        {
            "type": "Skill",
            "name": "炸弹载荷点",
            "location": [
                9,
                2
            ],
            "costs": 10
        },
        {
            "type": "Skill",
            "name": "炸弹载荷点",
            "location": [
                4,
                6
            ],
            "pre_delay": 40000
        },
        {
            "type": "SkillDaemon"
        }
    ],
    "doc": {
        "title": "第十三章 恶兆湍流 - 13-16（磨难） - “我们”",
        "details": "作业更新日期: 2023-10-09T07:31:40Z\n统计更新日期: 2024-10-07\n好评率：96.33%  浏览量：2462\n来源：萨拉托加  ID：28821\n13-16磨难，2603一级模组\n【【明日方舟】13-16摆完挂机（磨难险地环境/恶兆湍流）】 https://www.bilibili.com/video/BV1qC4y1d7q1/?share_source=copy_web&vd_source=3fd5040fe25f6a00e19e6072bcccfa4e UP侬无言以对"
    },
    "groups": [],
    "opers": [
        {
            "name": "煌",
            "skill": 2,
            "skill_usage": 0
        },
        {
            "name": "艾雅法拉",
            "skill": 2,
            "skill_usage": 0
        },
        {
            "name": "水月",
            "skill": 1,
            "skill_usage": 0
        },
        {
            "name": "塞雷娅",
            "skill": 1,
            "skill_usage": 0
        },
        {
            "name": "桃金娘",
            "skill": 1,
            "skill_usage": 1
        },
        {
            "name": "伊芙利特",
            "skill": 2,
            "skill_usage": 0
        }
    ]
}