{
    "minimum_required": "v4.0.0",
    "stage_name": "main_13-17",
    "actions": [
        {
            "type": "Deploy",
            "name": "夜刀",
            "location": [
                1,
                6
            ],
            "direction": "Left"
        },
        {
            "type": "Retreat",
            "costs": 26,
            "name": "夜刀",
            "location": [
                1,
                6
            ]
        },
        {
            "type": "Deploy",
            "name": "令",
            "location": [
                3,
                4
            ],
            "direction": "Right"
        },
        {
            "type": "Deploy",
            "name": "“弦惊”",
            "location": [
                3,
                6
            ],
            "direction": "Right"
        },
        {
            "type": "Deploy",
            "name": "“弦惊”",
            "location": [
                2,
                3
            ],
            "direction": "Up"
        },
        {
            "type": "Deploy",
            "name": "夜刀",
            "location": [
                2,
                4
            ],
            "direction": "Down"
        },
        {
            "type": "Skill",
            "name": "炸弹载荷点",
            "location": [
                1,
                5
            ]
        },
        {
            "type": "Retreat",
            "name": "夜刀",
            "location": [
                2,
                4
            ],
            "costs": 13
        },
        {
            "type": "Deploy",
            "name": "“弦惊”",
            "location": [
                2,
                6
            ],
            "direction": "Right"
        },
        {
            "type": "Deploy",
            "name": "“弦惊”",
            "location": [
                2,
                4
            ],
            "direction": "Up"
        },
        {
            "type": "SkillUsage",
            "name": "令",
            "skill_usage": 0
        },
        {
            "type": "Skill",
            "name": "令",
            "location": [
                3,
                4
            ],
            "cooling": 0
        },
        {
            "type": "Deploy",
            "name": "“弦惊”",
            "location": [
                7,
                6
            ],
            "direction": "Up"
        },
        {
            "type": "Deploy",
            "name": "“弦惊”",
            "location": [
                6,
                4
            ],
            "direction": "Up"
        },
        {
            "type": "Retreat",
            "name": "“弦惊”",
            "location": [
                7,
                6
            ]
        },
        {
            "type": "Retreat",
            "name": "“弦惊”",
            "location": [
                3,
                6
            ]
        },
        {
            "type": "Deploy",
            "name": "“弦惊”",
            "location": [
                1,
                4
            ],
            "direction": "Right"
        },
        {
            "type": "Deploy",
            "name": "“弦惊”",
            "location": [
                2,
                1
            ],
            "direction": "Down"
        },
        {
            "type": "Skill",
            "name": "令",
            "location": [
                3,
                4
            ],
            "costs": 25
        },
        {
            "type": "Deploy",
            "name": "夜刀",
            "location": [
                9,
                1
            ],
            "direction": "Down"
        },
        {
            "type": "Skill",
            "name": "炸弹载荷点",
            "location": [
                10,
                2
            ]
        },
        {
            "type": "Retreat",
            "name": "夜刀",
            "location": [
                9,
                1
            ],
            "costs": 0,
            "cost_changes": 10
        },
        {
            "type": "Deploy",
            "name": "“弦惊”",
            "location": [
                7,
                1
            ],
            "direction": "Down"
        },
        {
            "type": "Retreat",
            "name": "“弦惊”",
            "location": [
                7,
                1
            ],
            "cost_changes": 10
        },
        {
            "type": "Deploy",
            "name": "“弦惊”",
            "location": [
                5,
                1
            ],
            "direction": "Down"
        },
        {
            "type": "Deploy",
            "name": "夜刀",
            "location": [
                4,
                1
            ],
            "direction": "Down"
        },
        {
            "type": "SkillUsage",
            "name": "令",
            "skill_usage": 1
        }
    ],
    "doc": {
        "title": "第十三章 恶兆湍流 - 13-19（标准） - 骸骨走廊 令单核",
        "details": "统计日期：2024-05-31\n好评率：100.0%  浏览量：289\n来源：5959  ID：32335\nhttps://www.bilibili.com/video/BV1EC4y1d7yn/\n令60级专3模组3级"
    },
    "groups": [],
    "opers": [
        {
            "name": "夜刀",
            "skill": 1,
            "skill_usage": 0
        },
        {
            "name": "令",
            "skill": 3,
            "skill_usage": 1
        }
    ]
}