{
    "minimum_required": "v4.0.0",
    "stage_name": "tough_13-19",
    "actions": [
        {
            "type": "Deploy",
            "name": "推进之王",
            "location": [
                8,
                3
            ],
            "direction": "Right"
        },
        {
            "type": "Deploy",
            "name": "纯烬艾雅法拉",
            "location": [
                6,
                6
            ],
            "direction": "Up"
        },
        {
            "type": "Deploy",
            "name": "浊心斯卡蒂",
            "location": [
                7,
                6
            ],
            "direction": "Right"
        },
        {
            "type": "Deploy",
            "name": "塞雷娅",
            "location": [
                7,
                5
            ],
            "direction": "Left"
        },
        {
            "type": "SpeedUp"
        },
        {
            "type": "Deploy",
            "name": "艾雅法拉",
            "location": [
                7,
                4
            ],
            "direction": "Left"
        },
        {
            "type": "Deploy",
            "name": "刻俄柏",
            "location": [
                5,
                6
            ],
            "direction": "Up"
        },
        {
            "type": "Deploy",
            "name": "地刺",
            "location": [
                6,
                3
            ],
            "direction": "Down"
        },
        {
            "type": "Deploy",
            "name": "煌",
            "location": [
                8,
                5
            ],
            "direction": "Left"
        },
        {
            "type": "Deploy",
            "name": "斯卡蒂的海嗣",
            "location": [
                9,
                3
            ],
            "kills": 10,
            "pre_delay": 3000,
            "direction": "None"
        },
        {
            "type": "Skill",
            "name": "炸弹载荷点",
            "location": [
                10,
                3
            ],
            "kills": 18
        },
        {
            "type": "SkillDaemon"
        }
    ],
    "doc": {
        "title": "第十三章 恶兆湍流 - 13-21（磨难） - 殷红君主",
        "details": "统计日期：2024-06-01\n好评率：85.29%  浏览量：1318\n来源：萨拉托加  ID：28889\n13-21磨难 全员练度2603一级模组以上\n①塞雷娅一定有Y模不然扛不住\n②小刻和水月七级技能也能过，但要有模组\n③年是血量拐不上场，练度高可以不带\n④最后打很长时间年糕可以手动把推王撤了带点干员上去节省时间，慢慢看着打也行\n如果本作业出现问题请评论，我好改进\n【【明日方舟】13-21摆完挂机（磨难险地环境/恶兆湍流）】 https://www.bilibili.com/video/BV1Lp4y1F7U3/?share_source=copy_web&vd_source=3fd5040fe25f6a00e19e6072bcccfa4e UP侬无言以对"
    },
    "groups": [
        {
            "name": "血量拐，练度高可不带",
            "opers": [
                {
                    "name": "年",
                    "skill": 1,
                    "skill_usage": 0
                }
            ]
        },
        {
            "name": "地刺",
            "opers": [
                {
                    "name": "水月",
                    "skill": 1,
                    "skill_usage": 0
                },
                {
                    "name": "狮蝎",
                    "skill": 1,
                    "skill_usage": 0
                }
            ]
        }
    ],
    "opers": [
        {
            "name": "推进之王",
            "skill": 2,
            "skill_usage": 0
        },
        {
            "name": "煌",
            "skill": 2,
            "skill_usage": 0
        },
        {
            "name": "塞雷娅",
            "skill": 1,
            "skill_usage": 0
        },
        {
            "name": "浊心斯卡蒂",
            "skill": 2,
            "skill_usage": 0
        },
        {
            "name": "艾雅法拉",
            "skill": 2,
            "skill_usage": 0
        },
        {
            "name": "刻俄柏",
            "skill": 1,
            "skill_usage": 0
        },
        {
            "name": "纯烬艾雅法拉",
            "skill": 1,
            "skill_usage": 0
        }
    ]
}