{
    "minimum_required": "v4.0.0",
    "stage_name": "main_13-04",
    "actions": [
        {
            "type": "Deploy",
            "name": "桃金娘",
            "location": [
                7,
                2
            ],
            "direction": "Down"
        },
        {
            "type": "Deploy",
            "name": "泥岩",
            "location": [
                7,
                2
            ],
            "direction": "Down",
            "cooling": 1
        },
        {
            "type": "SpeedUp"
        },
        {
            "type": "Deploy",
            "name": "左乐",
            "location": [
                8,
                2
            ],
            "direction": "Left"
        },
        {
            "type": "SkillDaemon"
        }
    ],
    "doc": {
        "title": "【刷材料】13-5标准（核素纤维/固化纤维板）",
        "details": "统计日期：2024-05-31\n好评率：100.0%  浏览量：219\n来源：SkadeYYDS  ID：34204\n参考https://www.bilibili.com/video/BV1JF4m157UU/\n\n平均练度280，桃金娘需要专精，练度越高越好。\n如果有问题请在评论区反馈"
    },
    "groups": [],
    "opers": [
        {
            "name": "泥岩",
            "skill": 2,
            "skill_usage": 0
        },
        {
            "name": "左乐",
            "skill": 2,
            "skill_usage": 1
        },
        {
            "name": "桃金娘",
            "skill": 1,
            "skill_usage": 1
        }
    ]
}