{
    "minimum_required": "v4.0.0",
    "stage_name": "hard_13-04",
    "actions": [
        {
            "type": "Deploy",
            "name": "伊内丝",
            "location": [
                3,
                2
            ],
            "direction": "Right"
        },
        {
            "type": "Deploy",
            "name": "浊心斯卡蒂",
            "location": [
                3,
                4
            ],
            "direction": "Right"
        },
        {
            "type": "Deploy",
            "name": "桃金娘",
            "location": [
                3,
                3
            ],
            "direction": "Right"
        },
        {
            "type": "Deploy",
            "name": "纯烬艾雅法拉",
            "location": [
                1,
                4
            ],
            "direction": "Right"
        },
        {
            "type": "Deploy",
            "name": "德克萨斯",
            "location": [
                2,
                5
            ],
            "direction": "Right"
        },
        {
            "type": "Deploy",
            "name": "塑心",
            "location": [
                4,
                4
            ],
            "direction": "Up"
        },
        {
            "type": "Deploy",
            "name": "号角",
            "location": [
                2,
                3
            ],
            "direction": "Right"
        },
        {
            "type": "Deploy",
            "name": "黍",
            "location": [
                3,
                5
            ],
            "direction": "Right"
        },
        {
            "type": "Deploy",
            "name": "阿斯卡纶",
            "location": [
                5,
                4
            ],
            "direction": "Up"
        },
        {
            "type": "Retreat",
            "name": "桃金娘",
            "kills": 7
        },
        {
            "type": "Deploy",
            "name": "老鲤",
            "location": [
                1,
                5
            ],
            "direction": "Down"
        },
        {
            "type": "Skill",
            "location": [
                1,
                7
            ],
            "kills": 13,
            "doc_color": "DarkRed",
            "doc": "老鲤一定要有减扣费模组，不然费用可能不够"
        },
        {
            "type": "SpeedUp"
        },
        {
            "type": "Retreat",
            "name": "德克萨斯",
            "kills": 19
        },
        {
            "type": "Skill",
            "location": [
                4,
                1
            ],
            "kills": 75,
            "pre_delay": 5000
        },
        {
            "type": "Deploy",
            "name": "德克萨斯",
            "location": [
                5,
                1
            ],
            "direction": "Down",
            "doc_color": "DarkRed",
            "doc": "此处车应该能直接推过去，如果车被打没了可能要重新手动推一下（应该不会打没，以防万一）"
        },
        {
            "type": "SkillDaemon"
        }
    ],
    "doc": {
        "title": "第十三章 恶兆湍流 - H13-4（标准） - 湍流行动-4【萧然Q】",
        "details": "统计日期：2024-05-24\n好评率：84.54%  浏览量：34455\n来源：萨拉托加  ID：29102\n2024年5月10号更新萧然的挂机版本，老版本稳定性太差，直接换源了，如果box不够还想抄老的可以进群\n要求全干员精二60级以上专三技能带一级模组（老鲤带减扣费模组）\n本作业原作者：萧然Q json作者：萨拉托加\n作业交流群216314927，如果作业有问题可以加群找我，评论区不能及时回复，还可以去群里蹲我的新作业\n视频链接在下方\n【【恶兆湍流】磨难险地13章主线全关卡 摆完挂机 简单好抄】 https://www.bilibili.com/video/BV1Hw411A7iG/?p=30&share_source=copy_web&vd_source=3fd5040fe25f6a00e19e6072bcccfa4e"
    },
    "groups": [],
    "opers": [
        {
            "name": "桃金娘",
            "skill": 1,
            "skill_usage": 1
        },
        {
            "name": "德克萨斯",
            "skill": 1,
            "skill_usage": 0
        },
        {
            "name": "黍",
            "skill": 1,
            "skill_usage": 0
        },
        {
            "name": "塑心",
            "skill": 1,
            "skill_usage": 0
        },
        {
            "name": "阿斯卡纶",
            "skill": 1,
            "skill_usage": 0
        },
        {
            "name": "伊内丝",
            "skill": 1,
            "skill_usage": 0
        },
        {
            "name": "号角",
            "skill": 1,
            "skill_usage": 0
        },
        {
            "name": "纯烬艾雅法拉",
            "skill": 1,
            "skill_usage": 0
        },
        {
            "name": "浊心斯卡蒂",
            "skill": 2,
            "skill_usage": 0
        },
        {
            "name": "老鲤",
            "skill": 3,
            "skill_usage": 0
        }
    ]
}