{
    "minimum_required": "v4.0.0",
    "stage_name": "hard_13-03",
    "actions": [
        {
            "type": "SpeedUp"
        },
        {
            "type": "Deploy",
            "name": "桃金娘",
            "location": [
                9,
                2
            ],
            "direction": "Left"
        },
        {
            "type": "Deploy",
            "name": "德克萨斯",
            "location": [
                5,
                1
            ],
            "direction": "Right"
        },
        {
            "type": "Deploy",
            "name": "浊心斯卡蒂",
            "location": [
                10,
                3
            ],
            "direction": "Left"
        },
        {
            "type": "Deploy",
            "name": "艾雅法拉",
            "location": [
                3,
                2
            ],
            "direction": "Up"
        },
        {
            "type": "Deploy",
            "name": "塞雷娅",
            "location": [
                9,
                4
            ],
            "direction": "Down"
        },
        {
            "type": "Deploy",
            "name": "风笛",
            "location": [
                4,
                1
            ],
            "direction": "Left"
        },
        {
            "type": "Skill",
            "name": "炸弹载荷点",
            "location": [
                6,
                2
            ],
            "kills": 2
        },
        {
            "type": "Deploy",
            "name": "夜莺",
            "location": [
                10,
                4
            ],
            "direction": "Left"
        },
        {
            "type": "Deploy",
            "name": "星熊",
            "location": [
                9,
                5
            ],
            "direction": "Left"
        },
        {
            "type": "Deploy",
            "name": "澄闪",
            "location": [
                8,
                3
            ],
            "direction": "Down"
        },
        {
            "type": "Retreat",
            "name": "桃金娘",
            "location": [
                9,
                2
            ],
            "costs": 40,
            "cost_changes": 6
        },
        {
            "type": "Deploy",
            "name": "伊芙利特",
            "location": [
                10,
                5
            ],
            "direction": "Left"
        },
        {
            "type": "Skill",
            "name": "炸弹载荷点",
            "location": [
                6,
                2
            ],
            "kills": 0
        },
        {
            "type": "Retreat",
            "name": "德克萨斯",
            "location": [
                5,
                1
            ]
        },
        {
            "type": "Skill",
            "name": "炸弹载荷点",
            "location": [
                1,
                2
            ],
            "costs": 58
        },
        {
            "type": "Retreat",
            "name": "艾雅法拉",
            "location": [
                3,
                2
            ]
        },
        {
            "type": "Skill",
            "name": "炸弹载荷点",
            "location": [
                1,
                2
            ],
            "costs": 0,
            "kills": 9
        },
        {
            "type": "Skill",
            "name": "炸弹载荷点",
            "location": [
                1,
                4
            ],
            "costs": 0,
            "kills": 0
        },
        {
            "type": "Skill",
            "name": "炸弹载荷点",
            "location": [
                6,
                2
            ],
            "pre_delay": 2000,
            "kills": 15
        },
        {
            "type": "Deploy",
            "name": "德克萨斯",
            "location": [
                1,
                3
            ],
            "kills": 26,
            "direction": "Right"
        },
        {
            "type": "Retreat",
            "name": "风笛",
            "location": [
                4,
                1
            ],
            "kills": 26
        },
        {
            "type": "Deploy",
            "name": "桃金娘",
            "location": [
                1,
                5
            ],
            "direction": "Right"
        },
        {
            "type": "SkillUsage",
            "name": "桃金娘",
            "skill_usage": 0
        },
        {
            "type": "Deploy",
            "name": "艾雅法拉",
            "location": [
                2,
                4
            ],
            "direction": "Right"
        },
        {
            "type": "Skill",
            "name": "炸弹载荷点",
            "location": [
                1,
                4
            ],
            "pre_delay": 17000
        },
        {
            "type": "Skill",
            "name": "炸弹载荷点",
            "location": [
                1,
                4
            ],
            "pre_delay": 33000
        },
        {
            "type": "Skill",
            "name": "炸弹载荷点",
            "location": [
                1,
                2
            ],
            "pre_delay": 0
        },
        {
            "type": "Skill",
            "name": "炸弹载荷点",
            "location": [
                1,
                4
            ],
            "pre_delay": 19000
        },
        {
            "type": "Retreat",
            "name": "桃金娘",
            "location": [
                1,
                5
            ],
            "pre_delay": 8500
        },
        {
            "type": "Retreat",
            "name": "德克萨斯",
            "location": [
                1,
                3
            ]
        },
        {
            "type": "Retreat",
            "name": "艾雅法拉",
            "location": [
                2,
                4
            ]
        },
        {
            "type": "Deploy",
            "name": "闪灵",
            "location": [
                10,
                2
            ],
            "direction": "Down"
        },
        {
            "type": "Deploy",
            "name": "星熊",
            "location": [
                9,
                5
            ],
            "direction": "Left"
        },
        {
            "type": "SkillDaemon"
        }
    ],
    "doc": {
        "title": "【注，作业与MAA有兼容问题，目前已尽量解决，测试完成】【自在道爷】【打年糕警告】挂机流 第十三章 恶兆湍流 - H13-3（标准） - 湍流行动-3",
        "details": "统计日期：2024-06-01\n好评率：82.98%  浏览量：1611\n来源：Miaoyako  ID：29100\nhttps://www.bilibili.com/video/BV1UB4y1Z772\n塞雷娅带Y模组\n道爷狭义挂机流，练度精二60专三，主力模组1级或以上\n注意，由于本图有boss需要打年糕，耗时巨长（8分钟以上）\n\n注意，最好自己编队，MAA编队已经多次出现漏编人进去的问题\n这次由于塞爹需要Y模组，更推荐手动编队\n\n由于MAA不识别最上方被遮挡的技能点，所以桃金娘位置必须修改，目前修改后看起来正常了，但不知之后会如何，还在测试\n已经测试完成，但建议根据自己出问题时间进行修改"
    },
    "groups": [],
    "opers": [
        {
            "name": "桃金娘",
            "skill": 1,
            "skill_usage": 1
        },
        {
            "name": "德克萨斯",
            "skill": 1,
            "skill_usage": 0
        },
        {
            "name": "风笛",
            "skill": 2,
            "skill_usage": 0
        },
        {
            "name": "塞雷娅",
            "skill": 1,
            "skill_usage": 0
        },
        {
            "name": "星熊",
            "skill": 2,
            "skill_usage": 0
        },
        {
            "name": "艾雅法拉",
            "skill": 2,
            "skill_usage": 0
        },
        {
            "name": "伊芙利特",
            "skill": 2,
            "skill_usage": 0
        },
        {
            "name": "澄闪",
            "skill": 2,
            "skill_usage": 0
        },
        {
            "name": "闪灵",
            "skill": 2,
            "skill_usage": 0
        },
        {
            "name": "夜莺",
            "skill": 2,
            "skill_usage": 0
        },
        {
            "name": "浊心斯卡蒂",
            "skill": 2,
            "skill_usage": 0
        }
    ]
}