{
    "minimum_required": "v4.0.0",
    "stage_name": "hard_13-02",
    "actions": [
        {
            "type": "Deploy",
            "name": "桃金娘",
            "location": [
                5,
                4
            ],
            "direction": "Up"
        },
        {
            "type": "Deploy",
            "name": "煌",
            "location": [
                6,
                4
            ],
            "direction": "Right"
        },
        {
            "type": "Deploy",
            "name": "山",
            "location": [
                6,
                6
            ],
            "direction": "Right"
        },
        {
            "type": "Deploy",
            "name": "闪灵",
            "location": [
                7,
                5
            ],
            "direction": "Left"
        },
        {
            "type": "Deploy",
            "name": "玛恩纳",
            "location": [
                4,
                4
            ],
            "direction": "Up"
        },
        {
            "type": "SpeedUp"
        },
        {
            "type": "Deploy",
            "name": "艾雅法拉",
            "location": [
                8,
                5
            ],
            "direction": "Up"
        },
        {
            "type": "Skill",
            "name": "炸弹载荷点",
            "location": [
                10,
                4
            ],
            "costs": 10
        },
        {
            "type": "Skill",
            "name": "艾雅法拉",
            "costs": 10,
            "doc_color": "DarkRed",
            "doc": "放火山时候如果右下角虫子已经出来了就是卡费了，虫子打不死然后复活漏怪"
        },
        {
            "type": "Skill",
            "name": "炸弹载荷点",
            "location": [
                8,
                1
            ]
        },
        {
            "type": "Deploy",
            "name": "史尔特尔",
            "location": [
                5,
                6
            ],
            "direction": "Right"
        },
        {
            "type": "Skill",
            "name": "玛恩纳",
            "pre_delay": 5000
        },
        {
            "type": "Retreat",
            "name": "艾雅法拉",
            "kills": 19
        },
        {
            "type": "Deploy",
            "name": "夜莺",
            "location": [
                8,
                5
            ],
            "direction": "Left"
        },
        {
            "type": "Deploy",
            "name": "泥岩",
            "location": [
                5,
                3
            ],
            "direction": "Up"
        },
        {
            "type": "Skill",
            "name": "史尔特尔"
        },
        {
            "type": "Skill",
            "name": "夜莺"
        },
        {
            "type": "Deploy",
            "name": "艾雅法拉",
            "location": [
                6,
                2
            ],
            "direction": "Down"
        },
        {
            "type": "Skill",
            "name": "玛恩纳"
        },
        {
            "type": "Skill",
            "name": "艾雅法拉"
        },
        {
            "type": "SkillDaemon"
        }
    ],
    "doc": {
        "title": "第十三章 恶兆湍流 - H13-2（标准） - 湍流行动-2",
        "details": "统计日期：2024-05-31\n好评率：92.81%  浏览量：17938\n来源：萨拉托加  ID：29075\n已测试，有点卡费，如果小羊放火山时候虫子已经出来了就是潜能不够卡费了，解决办法就是往前调一下火山轴或者带德狗风笛，不卡费不用带\n【【恶兆湍流】磨难险地13章主线全关卡 摆完挂机 简单好抄（持续更新中）】 https://www.bilibili.com/video/BV1Hw411A7iG/?p=23&share_source=copy_web&vd_source=3fd5040fe25f6a00e19e6072bcccfa4e UP萧然Q"
    },
    "groups": [
        {
            "name": "卡费带1（不卡费不用带）",
            "opers": [
                {
                    "name": "风笛",
                    "skill": 2,
                    "skill_usage": 0
                }
            ]
        },
        {
            "name": "卡费带2（不卡费不用带）",
            "opers": [
                {
                    "name": "德克萨斯",
                    "skill": 1,
                    "skill_usage": 0
                }
            ]
        }
    ],
    "opers": [
        {
            "name": "玛恩纳",
            "skill": 3,
            "skill_usage": 0
        },
        {
            "name": "桃金娘",
            "skill": 1,
            "skill_usage": 1
        },
        {
            "name": "山",
            "skill": 2,
            "skill_usage": 2
        },
        {
            "name": "史尔特尔",
            "skill": 3,
            "skill_usage": 0
        },
        {
            "name": "艾雅法拉",
            "skill": 3,
            "skill_usage": 0
        },
        {
            "name": "泥岩",
            "skill": 2,
            "skill_usage": 0
        },
        {
            "name": "夜莺",
            "skill": 3,
            "skill_usage": 0
        },
        {
            "name": "煌",
            "skill": 2,
            "skill_usage": 0
        },
        {
            "name": "闪灵",
            "skill": 2,
            "skill_usage": 0
        }
    ]
}