{
    "minimum_required": "v4.0.0",
    "stage_name": "hard_13-04",
    "actions": [
        {
            "type": "Deploy",
            "name": "桃金娘",
            "location": [
                1,
                6
            ],
            "direction": "Up"
        },
        {
            "type": "Deploy",
            "name": "伊内丝",
            "location": [
                2,
                2
            ],
            "direction": "Right"
        },
        {
            "type": "Skill",
            "name": "伊内丝",
            "location": [
                2,
                2
            ],
            "pre_delay": 4000
        },
        {
            "type": "Deploy",
            "name": "浊心斯卡蒂",
            "location": [
                3,
                4
            ],
            "direction": "Left"
        },
        {
            "type": "Deploy",
            "name": "史尔特尔",
            "location": [
                5,
                5
            ],
            "direction": "Up"
        },
        {
            "type": "Skill",
            "name": "史尔特尔",
            "location": [
                5,
                5
            ],
            "pre_delay": 2000
        },
        {
            "type": "Deploy",
            "name": "纯烬艾雅法拉",
            "location": [
                1,
                4
            ],
            "direction": "Right"
        },
        {
            "type": "Deploy",
            "name": "重岳",
            "location": [
                4,
                3
            ],
            "direction": "Up"
        },
        {
            "type": "Deploy",
            "name": "焰影苇草",
            "location": [
                4,
                4
            ],
            "direction": "Right"
        },
        {
            "type": "Skill",
            "name": "焰影苇草",
            "location": [
                4,
                4
            ],
            "pre_delay": 9000
        },
        {
            "type": "Retreat",
            "name": "史尔特尔",
            "location": [
                5,
                5
            ],
            "pre_delay": 1000
        },
        {
            "type": "Deploy",
            "name": "星熊",
            "location": [
                3,
                2
            ],
            "direction": "Left"
        },
        {
            "type": "Deploy",
            "name": "塞雷娅",
            "location": [
                4,
                5
            ],
            "direction": "Right"
        },
        {
            "type": "Skill",
            "location": [
                1,
                7
            ],
            "costs": 10
        },
        {
            "type": "Deploy",
            "name": "温蒂",
            "location": [
                2,
                5
            ],
            "direction": "Right"
        },
        {
            "type": "SkillUsage",
            "name": "焰影苇草",
            "skill_usage": 1
        },
        {
            "type": "SkillUsage",
            "name": "桃金娘",
            "skill_usage": 0
        },
        {
            "type": "Retreat",
            "name": "桃金娘",
            "location": [
                1,
                6
            ],
            "pre_delay": 20000
        },
        {
            "type": "SkillUsage",
            "name": "重岳",
            "skill_usage": 0
        },
        {
            "type": "Deploy",
            "name": "工程蓄水炮",
            "location": [
                1,
                5
            ],
            "kills": 18,
            "direction": "Right",
            "pre_delay": 20000
        },
        {
            "type": "Deploy",
            "name": "史尔特尔",
            "location": [
                5,
                3
            ],
            "direction": "Up"
        },
        {
            "type": "Retreat",
            "name": "史尔特尔",
            "location": [
                5,
                3
            ],
            "kills": 30
        },
        {
            "type": "Skill",
            "location": [
                4,
                1
            ],
            "name": "桃金娘",
            "pre_delay": 20000
        },
        {
            "type": "Skill",
            "location": [
                1,
                7
            ]
        },
        {
            "type": "Retreat",
            "name": "伊内丝",
            "location": [
                2,
                2
            ],
            "pre_delay": 30000
        },
        {
            "type": "Deploy",
            "name": "伊内丝",
            "location": [
                3,
                5
            ],
            "direction": "Right"
        },
        {
            "type": "SpeedUp"
        },
        {
            "type": "Deploy",
            "name": "史尔特尔",
            "location": [
                5,
                5
            ],
            "direction": "Up",
            "kills": 50
        },
        {
            "type": "Retreat",
            "name": "重岳",
            "kills": 75,
            "location": [
                4,
                3
            ]
        },
        {
            "type": "Retreat",
            "name": "星熊",
            "location": [
                3,
                2
            ],
            "pre_delay": 2000
        },
        {
            "type": "Skill",
            "location": [
                4,
                1
            ]
        },
        {
            "type": "Deploy",
            "name": "凯尔希",
            "location": [
                7,
                3
            ],
            "direction": "Left"
        },
        {
            "type": "Deploy",
            "name": "Mon3tr",
            "location": [
                5,
                4
            ],
            "direction": "Down"
        },
        {
            "type": "SkillDaemon"
        }
    ],
    "doc": {
        "title": "第十三章 恶兆湍流 - H13-4 （稳定版）",
        "details": "——————————\n作业更新日期: 2023-10-17T09:04:07Z\n统计更新日期: 2025-07-30\n相对评分：86.90%  相对热度：82.26%\n来源：小卡拉帕鲁灰  ID：29111\n——————————\n经过我四个小时的努力，已经可以稳定挂机了！\n作业参考思路  up：睡觉睡觉睡zz，我补了一个视频，\n重岳和焰苇会被maa识别带成2技能（这是maa的bug），你们注意换一下他3技能，建议带1个3技能异德补漏，就万无一失了\n塞妈是90级专3的X一级模组（Y模更好），生存端配置最好都90级专3一级模组，前面全程1倍速千万别自己按2倍，后面稳定了脚本会自动2倍速\nhttps://www.bilibili.com/video/BV1Xw411z7tB/?vd_source=10857a8c905c104ca2eab27415c72ffc#reply322205092"
    },
    "groups": [],
    "opers": [
        {
            "name": "塞雷娅",
            "skill": 1,
            "skill_usage": 0
        },
        {
            "name": "星熊",
            "skill": 2,
            "skill_usage": 0
        },
        {
            "name": "纯烬艾雅法拉",
            "skill": 1,
            "skill_usage": 0
        },
        {
            "name": "浊心斯卡蒂",
            "skill": 2,
            "skill_usage": 0
        },
        {
            "name": "焰影苇草",
            "skill": 3,
            "skill_usage": 0
        },
        {
            "name": "史尔特尔",
            "skill": 3,
            "skill_usage": 1
        },
        {
            "name": "伊内丝",
            "skill": 2,
            "skill_usage": 1
        },
        {
            "name": "桃金娘",
            "skill": 1,
            "skill_usage": 1
        },
        {
            "name": "温蒂",
            "skill": 2,
            "skill_usage": 0
        },
        {
            "name": "凯尔希",
            "skill": 3,
            "skill_usage": 1
        },
        {
            "name": "重岳",
            "skill": 3,
            "skill_usage": 1
        }
    ]
}