{
    "minimum_required": "v4.0.0",
    "stage_name": "hard_13-01",
    "actions": [
        {
            "type": "Deploy",
            "name": "桃金娘",
            "location": [
                9,
                5
            ],
            "direction": "Up"
        },
        {
            "type": "Deploy",
            "name": "山",
            "location": [
                7,
                6
            ],
            "direction": "Left"
        },
        {
            "type": "Deploy",
            "name": "玛恩纳",
            "location": [
                6,
                4
            ],
            "direction": "Left"
        },
        {
            "type": "Deploy",
            "name": "塞雷娅",
            "location": [
                7,
                5
            ],
            "direction": "Left"
        },
        {
            "type": "Deploy",
            "name": "史尔特尔",
            "location": [
                6,
                6
            ],
            "direction": "Left"
        },
        {
            "type": "Skill",
            "name": "玛恩纳",
            "kills": 3
        },
        {
            "type": "SkillUsage",
            "name": "玛恩纳",
            "skill_usage": 1
        },
        {
            "type": "Skill",
            "name": "史尔特尔",
            "kills": 5
        },
        {
            "type": "Deploy",
            "name": "夜莺",
            "location": [
                4,
                3
            ],
            "costs": 38,
            "direction": "Right"
        },
        {
            "type": "Deploy",
            "name": "幻影",
            "location": [
                3,
                2
            ],
            "direction": "None"
        },
        {
            "type": "SpeedUp"
        },
        {
            "type": "Deploy",
            "name": "艾雅法拉",
            "location": [
                4,
                2
            ],
            "direction": "Down"
        },
        {
            "type": "Skill",
            "name": "炸弹载荷点",
            "location": [
                2,
                2
            ],
            "pre_delay": 5000
        },
        {
            "type": "Deploy",
            "name": "伊芙利特",
            "location": [
                9,
                6
            ],
            "direction": "Left"
        },
        {
            "type": "Deploy",
            "name": "星熊",
            "location": [
                6,
                6
            ],
            "direction": "Left"
        },
        {
            "type": "Retreat",
            "name": "艾雅法拉",
            "kills": 19
        },
        {
            "type": "Retreat",
            "name": "夜莺"
        },
        {
            "type": "Deploy",
            "name": "多带个奶",
            "location": [
                7,
                4
            ],
            "direction": "Down"
        },
        {
            "type": "Deploy",
            "name": "阿消",
            "location": [
                8,
                4
            ],
            "kills": 23,
            "direction": "Right"
        },
        {
            "type": "Skill",
            "name": "炸弹载荷点",
            "location": [
                4,
                5
            ],
            "pre_delay": 15000
        },
        {
            "type": "SkillDaemon"
        }
    ],
    "doc": {
        "title": "第十三章 恶兆湍流 - H13-1（标准） - 湍流行动-1（萧然q）",
        "details": "统计日期：2024-05-25\n好评率：91.46%  浏览量：5170\n来源：雪雪见璃  ID：29088\n已测试平均练度2603\n此版多带个奶提前放防止塞妈星熊暴毙，测试稳定通过\n【【恶兆湍流】磨难险地13章主线全关卡 摆完挂机 简单好抄（持续更新中）】 https://www.bilibili.com/video/BV1Hw411A7iG/?p=22 UP萧然Q"
    },
    "groups": [
        {
            "name": "多带个奶",
            "opers": [
                {
                    "name": "纯烬艾雅法拉",
                    "skill": 1,
                    "skill_usage": 0
                },
                {
                    "name": "白面鸮",
                    "skill": 2,
                    "skill_usage": 0
                }
            ]
        }
    ],
    "opers": [
        {
            "name": "桃金娘",
            "skill": 1,
            "skill_usage": 1
        },
        {
            "name": "玛恩纳",
            "skill": 3,
            "skill_usage": 0
        },
        {
            "name": "史尔特尔",
            "skill": 3,
            "skill_usage": 0
        },
        {
            "name": "山",
            "skill": 2,
            "skill_usage": 2
        },
        {
            "name": "塞雷娅",
            "skill": 1,
            "skill_usage": 0
        },
        {
            "name": "星熊",
            "skill": 2,
            "skill_usage": 0
        },
        {
            "name": "艾雅法拉",
            "skill": 3,
            "skill_usage": 1
        },
        {
            "name": "伊芙利特",
            "skill": 2,
            "skill_usage": 0
        },
        {
            "name": "夜莺",
            "skill": 3,
            "skill_usage": 1
        },
        {
            "name": "阿消",
            "skill": 1,
            "skill_usage": 0
        }
    ]
}