{
    "minimum_required": "v4.0.0",
    "stage_name": "mem_frostl_1",
    "actions": [
        {
            "type": "SpeedUp"
        },
        {
            "type": "Deploy",
            "name": "霜叶",
            "location": [
                7,
                3
            ],
            "direction": "Left"
        },
        {
            "type": "Deploy",
            "name": "陨星",
            "location": [
                7,
                2
            ],
            "direction": "Left"
        },
        {
            "type": "Deploy",
            "name": "杰西卡",
            "location": [
                6,
                1
            ],
            "direction": "Down"
        },
        {
            "type": "SkillDaemon"
        }
    ],
    "doc": {
        "title": "近卫 - 霜叶 - 小队",
        "details": "统计日期：2024-05-05\n好评率：95.35%  浏览量：625\n来源：一只摆烂的42  ID：24370\nhttps://www.bilibili.com/video/BV11m4y1C7cB/\n练度精二35级 7级技能\n制作者：一只摆烂的42\n有问题联系QQ2586582719"
    },
    "groups": [],
    "opers": [
        {
            "name": "霜叶",
            "skill": 2,
            "skill_usage": 1
        }
    ]
}