{
    "minimum_required": "v4.0.0",
    "stage_name": "act34side_01",
    "actions": [
        {
            "type": "Deploy",
            "name": "棘刺",
            "location": [
                2,
                3
            ],
            "direction": "Left"
        },
        {
            "type": "SpeedUp"
        },
        {
            "type": "SkillDaemon"
        }
    ],
    "doc": {
        "title": "生路 - BP-1 - 第一次接触",
        "details": "作业更新日期: 2024-06-05T09:37:38Z\n统计更新日期: 2024-06-15\n好评率：95.88%  浏览量：1259\n来源：线条黑猫猫  ID：38329\n生路 - BP-1 - 第一次接触"
    },
    "groups": [],
    "opers": [
        {
            "name": "棘刺",
            "skill": 3,
            "skill_usage": 1
        }
    ]
}