{
    "minimum_required": "v4.0.0",
    "stage_name": "act34side_06",
    "actions": [
        {
            "type": "SpeedUp"
        },
        {
            "type": "Deploy",
            "name": "维什戴尔",
            "location": [
                6,
                3
            ],
            "direction": "Right"
        },
        {
            "type": "Deploy",
            "name": "小帮手",
            "location": [
                9,
                5
            ],
            "direction": "Right"
        },
        {
            "type": "Skill",
            "name": "维什戴尔",
            "location": [
                6,
                3
            ],
            "kills": 5
        },
        {
            "type": "Skill",
            "name": "维什戴尔",
            "location": [
                6,
                3
            ],
            "kills": 10
        }
    ],
    "doc": {
        "title": "生路 - BP-6 - 阿戈尔失格(单人速刷）",
        "details": "——————————\n作业更新日期: 2024-06-05T09:02:14Z\n统计更新日期: 2025-06-21\n好评率：97.72%  浏览量：8023\n来源：QIAN  ID：38316\n——————————\n参考视频：https://www.bilibili.com/video/BV1Ax4y1H7kg/?spm_id_from=333.337.search-card.all.click&vd_source=79a2d587b94d1528be121fa255083f3a"
    },
    "groups": [],
    "opers": [
        {
            "skill_times": 1,
            "name": "维什戴尔",
            "skill": 3,
            "skill_usage": 2
        }
    ]
}