{
    "minimum_required": "v4.0.0",
    "stage_name": "act34side_07",
    "actions": [
        {
            "type": "Deploy",
            "name": "煌",
            "location": [
                6,
                3
            ],
            "direction": "Left"
        },
        {
            "type": "Deploy",
            "name": "能天使",
            "location": [
                9,
                4
            ],
            "direction": "Left"
        },
        {
            "type": "SpeedUp"
        },
        {
            "type": "Deploy",
            "name": "拉普兰德",
            "location": [
                6,
                4
            ],
            "direction": "Up"
        },
        {
            "type": "Deploy",
            "name": "奶",
            "location": [
                8,
                3
            ],
            "direction": "Left"
        },
        {
            "type": "SkillDaemon"
        }
    ],
    "doc": {
        "title": "生路 - BP-7 - 从历史中来",
        "details": "统计日期：2024-06-07\n好评率：99.79%  浏览量：4808\n来源：萨拉托加  ID：38353\n原作者萧然Q json作者萨拉托加\n作业交流群群号216314927，有问题进群，作业站消息没提醒看不到\n【【生路】BP-1至BP-9 摆完挂机 简单好抄】 https://www.bilibili.com/video/BV1ky411h7Uj/?p=3&share_source=copy_web&vd_source=3fd5040fe25f6a00e19e6072bcccfa4e"
    },
    "groups": [
        {
            "name": "奶",
            "opers": [
                {
                    "name": "纯烬艾雅法拉",
                    "skill": 1,
                    "skill_usage": 0
                },
                {
                    "name": "蜜莓",
                    "skill": 1,
                    "skill_usage": 0
                }
            ]
        }
    ],
    "opers": [
        {
            "name": "拉普兰德",
            "skill": 2,
            "skill_usage": 0
        },
        {
            "name": "能天使",
            "skill": 3,
            "skill_usage": 0
        },
        {
            "name": "煌",
            "skill": 2,
            "skill_usage": 0
        }
    ]
}