{
    "minimum_required": "v4.0.0",
    "stage_name": "act34side_ex03",
    "actions": [
        {
            "type": "SpeedUp"
        },
        {
            "type": "Deploy",
            "name": "棘刺",
            "location": [
                8,
                3
            ],
            "direction": "Left"
        },
        {
            "type": "Deploy",
            "name": "奶盾",
            "location": [
                8,
                2
            ],
            "direction": "Left"
        },
        {
            "type": "Deploy",
            "name": "艾雅法拉",
            "location": [
                7,
                2
            ],
            "direction": "Left",
            "costs": 25
        },
        {
            "type": "Deploy",
            "name": "伊芙利特",
            "location": [
                7,
                1
            ],
            "direction": "Left"
        },
        {
            "type": "Deploy",
            "name": "12F",
            "location": [
                5,
                3
            ],
            "direction": "Left"
        },
        {
            "type": "SkillDaemon"
        }
    ],
    "doc": {
        "title": "生路 - BP-EX-3 - 大浴场-智识交会处",
        "details": "作业更新日期: 2024-06-12T09:43:44Z\n统计更新日期: 2024-06-15\n好评率：98.6%  浏览量：5151\n来源：JYu0828  ID：38520\n2603 可做蚀刻章任务\n搬运自up主：祈星_Estrella\n原视频：https://www.bilibili.com/video/BV1er421c7nd/"
    },
    "groups": [
        {
            "name": "奶盾",
            "opers": [
                {
                    "name": "黍",
                    "skill": 1,
                    "skill_usage": 0
                },
                {
                    "name": "塞雷娅",
                    "skill": 1,
                    "skill_usage": 0
                }
            ]
        }
    ],
    "opers": [
        {
            "name": "棘刺",
            "skill": 3,
            "skill_usage": 1
        },
        {
            "name": "艾雅法拉",
            "skill": 2,
            "skill_usage": 0
        },
        {
            "name": "伊芙利特",
            "skill": 2,
            "skill_usage": 0
        },
        {
            "name": "12F"
        }
    ],
    "difficulty": 2
}