{
    "minimum_required": "v4.0.0",
    "stage_name": "act34side_ex08",
    "actions": [
        {
            "type": "SpeedUp"
        },
        {
            "type": "Deploy",
            "name": "先锋-尖兵",
            "location": [
                10,
                5
            ],
            "direction": "Up"
        },
        {
            "type": "Deploy",
            "name": "逻各斯",
            "location": [
                6,
                6
            ],
            "direction": "Left"
        },
        {
            "type": "Deploy",
            "name": "近卫-强攻手",
            "location": [
                5,
                7
            ],
            "direction": "Left"
        },
        {
            "type": "Deploy",
            "name": "术师-中坚术师",
            "location": [
                2,
                7
            ],
            "direction": "Right"
        },
        {
            "type": "Deploy",
            "name": "特种-伏击客",
            "location": [
                4,
                6
            ],
            "direction": "Left"
        },
        {
            "type": "Deploy",
            "name": "重装-守护者",
            "location": [
                4,
                7
            ],
            "direction": "Up"
        },
        {
            "type": "Deploy",
            "name": "纯烬艾雅法拉",
            "location": [
                7,
                6
            ],
            "direction": "Left"
        },
        {
            "type": "Deploy",
            "name": "重装-要塞",
            "location": [
                11,
                5
            ],
            "direction": "Up"
        },
        {
            "type": "Retreat",
            "name": "先锋-尖兵",
            "location": [
                10,
                5
            ]
        },
        {
            "type": "Deploy",
            "name": "术师-驭械术师",
            "location": [
                10,
                4
            ],
            "direction": "Up"
        },
        {
            "type": "Retreat",
            "name": "特种-伏击客",
            "location": [
                4,
                6
            ],
            "kills": 28
        },
        {
            "type": "Deploy",
            "name": "近卫-解放者",
            "location": [
                6,
                1
            ],
            "direction": "Down"
        },
        {
            "type": "SkillDaemon"
        }
    ],
    "doc": {
        "title": "生路 - BP-EX-8 - 硬抗版_ 萧然q",
        "details": "——————————\n作业更新日期: 2025-06-20T09:01:47Z\n统计更新日期: 2025-06-21\n好评率：97.93%  浏览量：7624\n来源：作业超大杯  ID：38622\n——————————\n生路 - BP-EX-8 - 硬抗版"
    },
    "groups": [
        {
            "name": "先锋-尖兵",
            "opers": [
                {
                    "name": "伊内丝",
                    "skill": 2,
                    "skill_usage": 1
                },
                {
                    "name": "晓歌",
                    "skill": 2,
                    "skill_usage": 1
                },
                {
                    "name": "德克萨斯",
                    "skill": 2,
                    "skill_usage": 1
                }
            ]
        },
        {
            "name": "近卫-强攻手",
            "opers": [
                {
                    "name": "煌",
                    "skill": 2,
                    "skill_usage": 0
                },
                {
                    "name": "百炼嘉维尔",
                    "skill": 2,
                    "skill_usage": 1
                }
            ]
        },
        {
            "name": "重装-守护者",
            "opers": [
                {
                    "name": "黍",
                    "skill": 1,
                    "skill_usage": 0
                },
                {
                    "name": "星熊",
                    "skill": 2,
                    "skill_usage": 0
                },
                {
                    "name": "塞雷娅",
                    "skill": 1,
                    "skill_usage": 0
                }
            ]
        },
        {
            "name": "术师-驭械术师",
            "opers": [
                {
                    "name": "维什戴尔",
                    "skill": 3,
                    "skill_usage": 1
                },
                {
                    "name": "塑心",
                    "skill": 3,
                    "skill_usage": 1
                },
                {
                    "name": "异客",
                    "skill": 3,
                    "skill_usage": 1
                }
            ]
        },
        {
            "name": "术师-中坚术师",
            "opers": [
                {
                    "name": "艾雅法拉",
                    "skill": 2,
                    "skill_usage": 0
                },
                {
                    "name": "澄闪",
                    "skill": 2,
                    "skill_usage": 0
                }
            ]
        },
        {
            "name": "特种-伏击客",
            "opers": [
                {
                    "name": "狮蝎",
                    "skill": 1,
                    "skill_usage": 0
                },
                {
                    "name": "阿斯卡纶",
                    "skill": 1,
                    "skill_usage": 0
                },
                {
                    "name": "伊桑",
                    "skill": 2,
                    "skill_usage": 1
                },
                {
                    "name": "水月",
                    "skill": 2,
                    "skill_usage": 1
                },
                {
                    "name": "归溟幽灵鲨",
                    "skill": 2,
                    "skill_usage": 1
                }
            ]
        },
        {
            "name": "重装-要塞",
            "opers": [
                {
                    "name": "号角",
                    "skill": 1,
                    "skill_usage": 0
                },
                {
                    "name": "仇白",
                    "skill": 3,
                    "skill_usage": 1
                },
                {
                    "name": "薇薇安娜",
                    "skill": 3,
                    "skill_usage": 1
                },
                {
                    "name": "耀骑士临光",
                    "skill": 3,
                    "skill_usage": 1
                }
            ]
        },
        {
            "name": "近卫-解放者",
            "opers": [
                {
                    "name": "玛恩纳",
                    "skill": 3,
                    "skill_usage": 1
                },
                {
                    "name": "银灰",
                    "skill": 3,
                    "skill_usage": 1
                },
                {
                    "name": "锏",
                    "skill": 3,
                    "skill_usage": 1
                },
                {
                    "name": "圣约送葬人",
                    "skill": 3,
                    "skill_usage": 1
                }
            ]
        }
    ],
    "opers": [
        {
            "name": "逻各斯",
            "skill": 1,
            "skill_usage": 1
        },
        {
            "name": "纯烬艾雅法拉",
            "skill": 1,
            "skill_usage": 1
        }
    ],
    "difficulty": 3
}