{
    "minimum_required": "v4.0.0",
    "stage_name": "act34side_ex05",
    "actions": [
        {
            "type": "SpeedUp"
        },
        {
            "type": "Deploy",
            "name": "逻各斯",
            "location": [
                7,
                5
            ],
            "direction": "Left"
        },
        {
            "type": "Deploy",
            "name": "近卫-强攻手",
            "location": [
                6,
                3
            ],
            "direction": "Up"
        },
        {
            "type": "Deploy",
            "name": "术师-中坚术师",
            "location": [
                7,
                4
            ],
            "direction": "Up"
        },
        {
            "type": "Deploy",
            "name": "医疗-行医",
            "location": [
                5,
                6
            ],
            "direction": "Up"
        },
        {
            "type": "Deploy",
            "name": "重装-守护者",
            "location": [
                5,
                4
            ],
            "direction": "Left"
        },
        {
            "type": "Deploy",
            "name": "小帮手",
            "location": [
                4,
                6
            ],
            "direction": "Up"
        },
        {
            "type": "Deploy",
            "name": "医疗-医师",
            "location": [
                7,
                3
            ],
            "direction": "Left"
        },
        {
            "type": "Deploy",
            "name": "特种-伏击客",
            "location": [
                6,
                5
            ],
            "direction": "Up"
        },
        {
            "type": "Deploy",
            "name": "辅助-巫役",
            "location": [
                5,
                3
            ],
            "direction": "Left"
        },
        {
            "type": "Deploy",
            "name": "小帮手",
            "location": [
                3,
                3
            ],
            "direction": "Down",
            "kills": 34
        },
        {
            "type": "Deploy",
            "name": "小帮手",
            "location": [
                2,
                6
            ],
            "direction": "Right"
        },
        {
            "type": "SkillDaemon"
        }
    ],
    "doc": {
        "title": "生路 - BP-EX-5 - 水脉中枢-洋流喷泉",
        "details": "——————————\n作业更新日期: 2025-06-24T09:04:03Z\n统计更新日期: 2025-06-25\n好评率：98.3%  浏览量：3931\n来源：作业超大杯  ID：38540\n——————————\n生路 - BP-EX-5 - 水脉中枢-洋流喷泉"
    },
    "groups": [
        {
            "name": "近卫-强攻手",
            "opers": [
                {
                    "name": "煌",
                    "skill": 2,
                    "skill_usage": 0
                },
                {
                    "name": "百炼嘉维尔",
                    "skill": 1,
                    "skill_usage": 1
                }
            ]
        },
        {
            "name": "重装-守护者",
            "opers": [
                {
                    "name": "黍",
                    "skill": 1,
                    "skill_usage": 0
                },
                {
                    "name": "塞雷娅",
                    "skill": 1,
                    "skill_usage": 0
                }
            ]
        },
        {
            "name": "术师-中坚术师",
            "opers": [
                {
                    "name": "澄闪",
                    "skill": 2,
                    "skill_usage": 0
                },
                {
                    "name": "艾雅法拉",
                    "skill": 2,
                    "skill_usage": 0
                },
                {
                    "name": "能天使",
                    "skill": 3,
                    "skill_usage": 0
                },
                {
                    "name": "娜仁图亚",
                    "skill": 1,
                    "skill_usage": 2,
                    "skill_times": 1
                }
            ]
        },
        {
            "name": "逻各斯",
            "opers": [
                {
                    "name": "逻各斯",
                    "skill": 1,
                    "skill_usage": 0
                },
                {
                    "name": "能天使",
                    "skill": 3,
                    "skill_usage": 0
                },
                {
                    "name": "新约能天使",
                    "skill": 1,
                    "skill_usage": 0
                },
                {
                    "name": "荒芜拉普兰德",
                    "skill": 1,
                    "skill_usage": 2,
                    "skill_times": 1
                },
                {
                    "name": "黑键",
                    "skill": 2,
                    "skill_usage": 0
                },
                {
                    "name": "烛煌",
                    "skill": 1,
                    "skill_usage": 0
                }
            ]
        },
        {
            "name": "医疗-医师",
            "opers": [
                {
                    "name": "闪灵",
                    "skill": 2,
                    "skill_usage": 0
                },
                {
                    "name": "华法琳",
                    "skill": 1,
                    "skill_usage": 0
                },
                {
                    "name": "流明",
                    "skill": 1,
                    "skill_usage": 0
                }
            ]
        },
        {
            "name": "医疗-行医",
            "opers": [
                {
                    "name": "纯烬艾雅法拉",
                    "skill": 1,
                    "skill_usage": 0
                },
                {
                    "name": "蜜莓",
                    "skill": 1,
                    "skill_usage": 0
                },
                {
                    "name": "桑葚",
                    "skill": 1,
                    "skill_usage": 0
                }
            ]
        },
        {
            "name": "特种-伏击客",
            "opers": [
                {
                    "name": "阿斯卡纶",
                    "skill": 1,
                    "skill_usage": 0
                },
                {
                    "name": "狮蝎",
                    "skill": 1,
                    "skill_usage": 0
                },
                {
                    "name": "仇白",
                    "skill": 1,
                    "skill_usage": 0
                },
                {
                    "name": "号角",
                    "skill": 1,
                    "skill_usage": 0
                },
                {
                    "name": "薇薇安娜",
                    "skill": 1,
                    "skill_usage": 0
                },
                {
                    "name": "温蒂",
                    "skill": 2,
                    "skill_usage": 0
                },
                {
                    "name": "伊内丝",
                    "skill": 1,
                    "skill_usage": 0
                }
            ]
        },
        {
            "name": "辅助-巫役",
            "opers": [
                {
                    "name": "塑心",
                    "skill": 1,
                    "skill_usage": 0
                },
                {
                    "name": "娜仁图亚",
                    "skill": 1,
                    "skill_usage": 0
                },
                {
                    "name": "夕",
                    "skill": 1,
                    "skill_usage": 0
                },
                {
                    "name": "林",
                    "skill": 1,
                    "skill_usage": 2,
                    "skill_times": 1
                },
                {
                    "name": "酒神",
                    "skill": 2,
                    "skill_usage": 0
                }
            ]
        }
    ],
    "opers": [],
    "difficulty": 3
}