{
    "minimum_required": "v4.0.0",
    "stage_name": "pro_a_2",
    "actions": [
        {
            "type": "SpeedUp"
        },
        {
            "type": "Deploy",
            "name": "乌尔比安",
            "location": [
                7,
                3
            ],
            "direction": "Down"
        },
        {
            "type": "Deploy",
            "name": "山",
            "location": [
                2,
                3
            ],
            "direction": "Down"
        },
        {
            "type": "SkillDaemon"
        }
    ],
    "doc": {
        "title": "固若金汤 - PR-A-2 - 据守",
        "details": "作业更新日期: 2025-01-21T00:39:32Z\n统计更新日期: 2025-01-25\n好评率：100.0%  浏览量：20\n来源：我试试玩  ID：45614\n固若金汤 - PR-A-2 - 据守"
    },
    "groups": [],
    "opers": [
        {
            "name": "乌尔比安",
            "skill": 2,
            "skill_usage": 0
        },
        {
            "name": "山",
            "skill": 2,
            "skill_usage": 2,
            "skill_times": 1
        }
    ]
}