{
    "minimum_required": "v4.0.0",
    "stage_name": "wk_toxic_2",
    "actions": [
        {
            "type": "Deploy",
            "name": "逻各斯",
            "location": [
                7,
                4
            ],
            "direction": "Down"
        },
        {
            "type": "SpeedUp"
        },
        {
            "type": "Deploy",
            "name": "黑角",
            "location": [
                8,
                5
            ],
            "direction": "None"
        },
        {
            "type": "Deploy",
            "name": "医疗",
            "location": [
                8,
                4
            ],
            "direction": "Down"
        },
        {
            "type": "Deploy",
            "name": "夜刀",
            "location": [
                8,
                6
            ],
            "direction": "Left"
        },
        {
            "type": "Deploy",
            "name": "斑点",
            "location": [
                7,
                5
            ],
            "direction": "Left"
        },
        {
            "type": "SkillDaemon"
        }
    ],
    "doc": {
        "title": "粉碎防御 - AP-2 - 源石开采保全 - 红票本 - 单核精0",
        "details": "作业更新日期: 2025-03-09T07:48:08Z\n统计更新日期: 2025-03-28\n好评率：100.0%  浏览量：29\n来源：小卡拉帕鲁灰  ID：48327\nJSON作者小卡拉帕鲁灰\n最低练度：logos精零50，4级一技能，其余精零满级\n持续更新中，作业交流群789724611，如果作业有问题可以加群找我，评论区不能及时回复"
    },
    "groups": [
        {
            "name": "医疗",
            "opers": [
                {
                    "name": "安赛尔",
                    "skill": 1,
                    "skill_usage": 1
                },
                {
                    "name": "芙蓉",
                    "skill": 1,
                    "skill_usage": 1
                }
            ]
        }
    ],
    "opers": [
        {
            "name": "逻各斯",
            "skill": 1,
            "skill_usage": 0
        },
        {
            "name": "黑角",
            "skill": 1,
            "skill_usage": 0
        },
        {
            "name": "夜刀",
            "skill": 1,
            "skill_usage": 0
        },
        {
            "name": "斑点",
            "skill": 1,
            "skill_usage": 1
        }
    ]
}