{
    "minimum_required": "v4.0.0",
    "stage_name": "wk_fly_5",
    "actions": [
        {
            "type": "Deploy",
            "name": "逻各斯",
            "location": [
                3,
                3
            ],
            "direction": "Down"
        },
        {
            "type": "Deploy",
            "name": "焰影苇草",
            "location": [
                3,
                4
            ],
            "direction": "Right"
        },
        {
            "type": "SpeedUp"
        },
        {
            "type": "Skill",
            "name": "焰影苇草",
            "location": [
                3,
                4
            ],
            "kills": 46,
            "pre_delay": 2600,
            "rear_delay": 0
        }
    ],
    "doc": {
        "title": "CA-5 - 双人挂机 技能书-信赖自用",
        "details": "作业更新日期: 2024-06-04T07:08:23Z\n统计更新日期: 2024-11-30\n好评率：100.0%  浏览量：48\n来源：Li.zip  ID：38289\nCA-5 - 双人挂机 技能书-信赖自用"
    },
    "groups": [],
    "opers": [
        {
            "name": "逻各斯",
            "skill": 1,
            "skill_usage": 0
        },
        {
            "name": "焰影苇草",
            "skill": 3,
            "skill_usage": 0
        }
    ]
}