{
    "minimum_required": "v4.0.0",
    "stage_name": "wk_fly_5",
    "actions": [
        {
            "type": "SpeedUp"
        },
        {
            "type": "Deploy",
            "name": "焰影苇草",
            "location": [
                5,
                4
            ],
            "direction": "Right"
        },
        {
            "type": "Deploy",
            "name": "能天使",
            "location": [
                5,
                5
            ],
            "direction": "Left"
        },
        {
            "type": "Skill",
            "name": "焰影苇草",
            "location": [
                5,
                4
            ],
            "kills": 1
        },
        {
            "type": "Skill",
            "kills": 29,
            "name": "焰影苇草",
            "location": [
                5,
                4
            ]
        },
        {
            "type": "Skill",
            "name": "焰影苇草",
            "location": [
                5,
                4
            ],
            "kills": 55
        }
    ],
    "doc": {
        "title": "空中威胁 - CA-5 - 战略要道净空 2人刷信赖",
        "details": "作业更新日期: 2024-03-01T09:05:51Z\n统计更新日期: 2024-11-30\n好评率：95.45%  浏览量：587\n来源：斯卡蒂自用小触手  ID：34213\n练度60专3"
    },
    "groups": [],
    "opers": [
        {
            "name": "焰影苇草",
            "skill": 3,
            "skill_usage": 0
        },
        {
            "name": "能天使",
            "skill": 3,
            "skill_usage": 0
        }
    ]
}