{
    "minimum_required": "v4.0.0",
    "stage_name": "wk_fly_5",
    "actions": [
        {
            "type": "SpeedUp"
        },
        {
            "type": "Deploy",
            "costs": 44,
            "name": "能天使",
            "location": [
                3,
                3
            ],
            "direction": "Down"
        },
        {
            "type": "Deploy",
            "name": "治疗",
            "location": [
                3,
                4
            ],
            "direction": "Right"
        },
        {
            "type": "Deploy",
            "name": "艾雅法拉",
            "location": [
                3,
                5
            ],
            "direction": "Right"
        },
        {
            "type": "SkillDaemon"
        }
    ],
    "doc": {
        "title": "【至高之术】CA-5",
        "details": "——————————\n作业更新日期: 2025-05-02T10:48:55Z\n统计更新日期: 2025-06-11\n好评率：100.0%  浏览量：212\n来源：御卿长安  ID：22484\n——————————\n\n实际作战：能天使.治疗.艾雅法拉"
    },
    "groups": [
        {
            "name": "治疗",
            "opers": [
                {
                    "name": "浊心斯卡蒂",
                    "skill": 2,
                    "skill_usage": 0
                },
                {
                    "name": "白面鸮",
                    "skill": 2,
                    "skill_usage": 0
                }
            ]
        }
    ],
    "opers": [
        {
            "name": "艾雅法拉",
            "skill": 2,
            "skill_usage": 0
        },
        {
            "name": "能天使",
            "skill": 3,
            "skill_usage": 0
        }
    ]
}