{
    "minimum_required": "v4.0.0",
    "stage_name": "wk_melee_2",
    "actions": [
        {
            "type": "SpeedUp"
        },
        {
            "type": "Deploy",
            "name": "推进之王",
            "location": [
                4,
                1
            ],
            "direction": "Right"
        },
        {
            "type": "Deploy",
            "name": "玫兰莎",
            "location": [
                4,
                2
            ],
            "direction": "Right"
        },
        {
            "type": "Deploy",
            "name": "拉普兰德",
            "location": [
                3,
                1
            ],
            "direction": "Right"
        },
        {
            "type": "Deploy",
            "name": "克洛丝",
            "location": [
                3,
                2
            ],
            "direction": "Right"
        },
        {
            "type": "Deploy",
            "name": "赫默",
            "location": [
                2,
                2
            ],
            "direction": "Right"
        },
        {
            "type": "Deploy",
            "name": "阿米娅",
            "location": [
                2,
                1
            ],
            "direction": "Right"
        },
        {
            "type": "SkillDaemon"
        }
    ],
    "doc": {
        "title": "货物运送 - CE-2 - 工业设备押运",
        "details": "作业更新日期: 2023-03-25T09:12:16Z\n统计更新日期: 2024-11-30\n好评率：100.0%  浏览量：174\n来源：present  ID：21826\n货物运送 - CE-2 - 工业设备押运"
    },
    "groups": [],
    "opers": [
        {
            "name": "推进之王",
            "skill": 1,
            "skill_usage": 1
        },
        {
            "name": "玫兰莎",
            "skill": 1,
            "skill_usage": 1
        },
        {
            "name": "拉普兰德",
            "skill": 1,
            "skill_usage": 0
        },
        {
            "name": "克洛丝",
            "skill": 1,
            "skill_usage": 0
        },
        {
            "name": "赫默",
            "skill": 1,
            "skill_usage": 1
        },
        {
            "name": "阿米娅",
            "skill": 1,
            "skill_usage": 1
        }
    ]
}