{
    "minimum_required": "v4.0.0",
    "stage_name": "wk_melee_6",
    "actions": [
        {
            "type": "Deploy",
            "name": "羽毛笔",
            "location": [
                4,
                2
            ],
            "direction": "Right"
        },
        {
            "type": "Deploy",
            "name": "浊心斯卡蒂",
            "location": [
                4,
                1
            ],
            "direction": "Right"
        },
        {
            "type": "Deploy",
            "name": "澄闪",
            "location": [
                4,
                3
            ],
            "direction": "Right"
        },
        {
            "type": "SpeedUp"
        }
    ],
    "doc": {
        "title": "(已完成) 貨物運送 - CE-6 - 實驗原件押運",
        "details": "作业更新日期: 2023-05-28T18:00:51Z\n统计更新日期: 2024-11-30\n好评率：100.0%  浏览量：184\n来源：A Ying  ID：23729\nCE-6 AFK\n羽毛筆====2精/80/一技傳3\n澄閃====2精/90等/二技傳3\n濁心斯卡蒂====2精/90等/二技傳3"
    },
    "groups": [],
    "opers": [
        {
            "name": "羽毛笔",
            "skill": 1,
            "skill_usage": 0
        },
        {
            "name": "澄闪",
            "skill": 2,
            "skill_usage": 0
        },
        {
            "name": "浊心斯卡蒂",
            "skill": 2,
            "skill_usage": 0
        }
    ]
}