{
    "minimum_required": "v4.0.0",
    "stage_name": "wk_kc_4",
    "actions": [
        {
            "type": "SpeedUp"
        },
        {
            "type": "Deploy",
            "name": "米格鲁",
            "location": [
                6,
                4
            ],
            "direction": "Left",
            "kills": 0
        },
        {
            "type": "Deploy",
            "name": "克洛丝",
            "location": [
                7,
                3
            ],
            "direction": "Left",
            "kills": 0
        },
        {
            "type": "Deploy",
            "name": "桃金娘",
            "location": [
                7,
                4
            ],
            "direction": "Left",
            "costs": 8
        },
        {
            "type": "Skill",
            "name": "桃金娘",
            "location": [
                7,
                4
            ],
            "kills": 7
        },
        {
            "type": "Deploy",
            "name": "安赛尔",
            "location": [
                6,
                5
            ],
            "costs": 15,
            "direction": "Up"
        },
        {
            "type": "Deploy",
            "name": "炎熔",
            "location": [
                5,
                5
            ],
            "direction": "Up",
            "costs": 26
        },
        {
            "type": "Deploy",
            "name": "12F",
            "location": [
                5,
                3
            ],
            "direction": "Right",
            "costs": 24
        },
        {
            "type": "Deploy",
            "name": "空爆",
            "location": [
                7,
                2
            ],
            "direction": "Left",
            "costs": 21
        },
        {
            "type": "Deploy",
            "name": "玫兰莎",
            "location": [
                2,
                5
            ],
            "direction": "Left",
            "kills": 45
        },
        {
            "type": "Retreat",
            "name": "桃金娘",
            "location": [
                7,
                4
            ],
            "kills": 47
        },
        {
            "type": "Deploy",
            "name": "蛇屠箱",
            "location": [
                7,
                4
            ],
            "kills": 47,
            "direction": "Left"
        },
        {
            "type": "Deploy",
            "name": "白雪",
            "location": [
                4,
                5
            ],
            "direction": "Right",
            "kills": 50
        }
    ],
    "doc": {
        "title": "战术演习 - LS-4 - 特种战演习 较简单的一种方法",
        "details": "作业更新日期: 2023-07-17T13:52:58Z\n统计更新日期: 2025-01-11\n好评率：80.0%  浏览量：575\n来源：wkr1423  ID：24642\n要求：不需要精英化的干员满级\n需要精一：克洛斯, 米格鲁, 玫兰莎, 空爆, 安赛尔(等级不需太高)\n其中克洛斯和米格鲁优先升到25级以上，随后升级空爆至30-40级，随后再去升级克洛斯和米格鲁，越高越好，然后再升剑圣和安赛尔"
    },
    "groups": [],
    "opers": [
        {
            "name": "米格鲁",
            "skill": 1,
            "skill_usage": 1
        },
        {
            "name": "蛇屠箱",
            "skill": 1,
            "skill_usage": 1
        },
        {
            "name": "克洛丝",
            "skill": 1,
            "skill_usage": 1
        },
        {
            "name": "白雪",
            "skill": 1,
            "skill_usage": 1
        },
        {
            "name": "炎熔",
            "skill": 1,
            "skill_usage": 1
        },
        {
            "name": "空爆",
            "skill": 1,
            "skill_usage": 1
        },
        {
            "name": "桃金娘",
            "skill": 1,
            "skill_usage": 0
        },
        {
            "name": "安赛尔",
            "skill": 1,
            "skill_usage": 1
        },
        {
            "name": "玫兰莎",
            "skill": 1,
            "skill_usage": 1
        },
        {
            "name": "12F",
            "skill": 1,
            "skill_usage": 1
        }
    ]
}