{
    "minimum_required": "v4.0.0",
    "stage_name": "wk_kc_6",
    "actions": [
        {
            "type": "SpeedUp"
        },
        {
            "type": "Deploy",
            "name": "维什戴尔",
            "location": [
                3,
                3
            ],
            "direction": "Left"
        },
        {
            "type": "Deploy",
            "name": "焰影苇草",
            "location": [
                6,
                2
            ],
            "direction": "Down"
        },
        {
            "type": "Deploy",
            "name": "速狙",
            "location": [
                3,
                5
            ],
            "direction": "Left",
            "pre_delay": 21000
        },
        {
            "type": "Skill",
            "name": "焰影苇草",
            "location": [
                6,
                2
            ],
            "pre_delay": 8000
        },
        {
            "type": "SkillUsage",
            "name": "焰影苇草",
            "skill_usage": 1
        },
        {
            "type": "SkillDaemon"
        }
    ],
    "doc": {
        "title": "LS-6 自用",
        "details": "——————————\n作业更新日期: 2025-04-30T10:49:52Z\n统计更新日期: 2025-06-11\n好评率：100.0%  浏览量：119\n来源：WUYE  ID：51502\n——————————\n\n参考打法：https://b23.tv/LaeJA3i（up主：霧_雨）\n借鉴了视频中焰影苇草单守右路的技能轴。"
    },
    "groups": [
        {
            "name": "速狙",
            "opers": [
                {
                    "name": "能天使",
                    "skill": 3,
                    "skill_usage": 0
                },
                {
                    "name": "艾拉",
                    "skill": 3,
                    "skill_usage": 1
                }
            ]
        }
    ],
    "opers": [
        {
            "name": "维什戴尔",
            "skill": 3,
            "skill_usage": 1
        },
        {
            "name": "焰影苇草",
            "skill": 3,
            "skill_usage": 0
        }
    ]
}