{
    "minimum_required": "v4.0.0",
    "stage_name": "wk_kc_6",
    "actions": [
        {
            "type": "Deploy",
            "name": "维什戴尔",
            "location": [
                3,
                3
            ],
            "direction": "Left"
        },
        {
            "type": "SpeedUp"
        },
        {
            "type": "Skill",
            "name": "维什戴尔",
            "location": [
                3,
                3
            ],
            "kills": 2
        },
        {
            "type": "Skill",
            "name": "维什戴尔",
            "kills": 6,
            "location": [
                3,
                3
            ]
        },
        {
            "type": "Deploy",
            "name": "逻各斯",
            "location": [
                5,
                4
            ],
            "direction": "Right"
        },
        {
            "type": "Skill",
            "name": "维什戴尔",
            "kills": 19,
            "location": [
                3,
                3
            ]
        },
        {
            "type": "Skill",
            "kills": 22,
            "name": "逻各斯",
            "location": [
                5,
                4
            ]
        },
        {
            "type": "SkillUsage",
            "name": "逻各斯",
            "skill_usage": 1,
            "location": [
                5,
                4
            ]
        },
        {
            "type": "Skill",
            "name": "维什戴尔",
            "kills": 33,
            "location": [
                3,
                3
            ]
        },
        {
            "type": "Skill",
            "name": "维什戴尔",
            "location": [
                3,
                3
            ],
            "pre_delay": 26000
        },
        {
            "type": "SkillDaemon"
        }
    ],
    "doc": {
        "title": "LS-6",
        "details": "——————————\n作业更新日期: 2025-04-18T01:06:01Z\n统计更新日期: 2025-06-11\n好评率：100.0%  浏览量：188\n来源：凌晨仙子  ID：50498\n——————————\n\n自用，常驻"
    },
    "groups": [],
    "opers": [
        {
            "name": "维什戴尔",
            "skill": 3,
            "skill_usage": 0
        },
        {
            "name": "逻各斯",
            "skill": 3,
            "skill_usage": 0
        }
    ]
}