{
    "minimum_required": "v4.0.0",
    "stage_name": "wk_kc_6",
    "actions": [
        {
            "type": "Deploy",
            "name": "桃金娘",
            "location": [
                3,
                4
            ],
            "direction": "Left"
        },
        {
            "type": "Deploy",
            "name": "芬",
            "location": [
                3,
                2
            ],
            "direction": "Left"
        },
        {
            "type": "Deploy",
            "name": "克洛丝",
            "location": [
                3,
                3
            ],
            "direction": "Left"
        },
        {
            "type": "SpeedUp"
        },
        {
            "type": "Deploy",
            "name": "翎羽",
            "location": [
                2,
                4
            ],
            "direction": "Right"
        },
        {
            "type": "Deploy",
            "name": "令",
            "location": [
                3,
                5
            ],
            "direction": "Left"
        },
        {
            "type": "Retreat",
            "name": "翎羽"
        },
        {
            "type": "Deploy",
            "name": "“弦惊”",
            "location": [
                2,
                4
            ],
            "direction": "Left"
        },
        {
            "type": "Deploy",
            "name": "夕",
            "location": [
                5,
                4
            ],
            "direction": "Right"
        },
        {
            "type": "Deploy",
            "name": "“弦惊”",
            "location": [
                5,
                3
            ],
            "direction": "Right"
        },
        {
            "type": "Deploy",
            "name": "“弦惊”",
            "location": [
                5,
                5
            ],
            "direction": "Right"
        },
        {
            "type": "Retreat",
            "name": "桃金娘"
        },
        {
            "type": "Skill",
            "name": "令",
            "kills": 25
        },
        {
            "type": "Deploy",
            "name": "“弦惊”",
            "location": [
                3,
                4
            ],
            "direction": "Left"
        },
        {
            "type": "Retreat",
            "name": "芬",
            "kills": 41
        },
        {
            "type": "Deploy",
            "name": "“弦惊”",
            "location": [
                3,
                2
            ],
            "direction": "Left"
        },
        {
            "type": "Skill",
            "name": "令",
            "kills": 48
        },
        {
            "type": "SkillDaemon"
        }
    ],
    "doc": {
        "title": "LS-6 [可用]",
        "details": "作业更新日期: 2024-12-08T17:57:16Z\n统计更新日期: 2025-02-14\n好评率：100.0%  浏览量：56\n来源：姜就木⚰  ID：44416\n夕带了减费的模组"
    },
    "groups": [],
    "opers": [
        {
            "name": "桃金娘",
            "skill": 1,
            "skill_usage": 1
        },
        {
            "name": "芬",
            "skill": 1,
            "skill_usage": 0
        },
        {
            "name": "克洛丝",
            "skill": 1,
            "skill_usage": 0
        },
        {
            "name": "翎羽",
            "skill": 1,
            "skill_usage": 0
        },
        {
            "name": "令",
            "skill": 3,
            "skill_usage": 0
        },
        {
            "name": "夕",
            "skill": 1,
            "skill_usage": 0
        }
    ]
}