{
    "minimum_required": "v4.0.0",
    "stage_name": "pro_b_1",
    "actions": [
        {
            "type": "SpeedUp"
        },
        {
            "type": "Deploy",
            "name": "逻各斯",
            "location": [
                3,
                5
            ],
            "direction": "Right"
        }
    ],
    "doc": {
        "title": "PR-B-1 - 干涉  自用单人",
        "details": "作业更新日期: 2024-11-09T13:58:12Z\n统计更新日期: 2025-01-04\n好评率：80.0%  浏览量：148\n来源：夬十一二  ID：43397\n280专三满模组"
    },
    "groups": [],
    "opers": [
        {
            "name": "逻各斯",
            "skill": 1,
            "skill_usage": 0
        }
    ]
}