{
    "minimum_required": "v4.0.0",
    "stage_name": "pro_c_2",
    "actions": [
        {
            "type": "SpeedUp"
        },
        {
            "type": "SpeedUp",
            "costs": 22
        },
        {
            "type": "Deploy",
            "name": "维什戴尔",
            "location": [
                1,
                3
            ],
            "direction": "Right"
        },
        {
            "type": "SpeedUp"
        },
        {
            "type": "Deploy",
            "name": "阿米娅",
            "location": [
                4,
                4
            ],
            "direction": "Up"
        },
        {
            "type": "Deploy",
            "name": "安赛尔",
            "location": [
                6,
                4
            ],
            "direction": "Left"
        },
        {
            "type": "Skill",
            "name": "维什戴尔",
            "kills": 6
        },
        {
            "type": "Skill",
            "name": "维什戴尔",
            "kills": 43
        }
    ],
    "doc": {
        "title": "势不可挡 - PR-C-2 - 冲锋",
        "details": "作业更新日期: 2025-02-22T12:38:02Z\n统计更新日期: 2025-02-27\n好评率：100.0%  浏览量：6\n来源：h3579  ID：47424\n势不可挡 - PR-C-2 - 冲锋自用"
    },
    "groups": [],
    "opers": [
        {
            "name": "维什戴尔",
            "skill": 3,
            "skill_usage": 0
        },
        {
            "name": "阿米娅",
            "skill": 2,
            "skill_usage": 0
        },
        {
            "name": "安赛尔",
            "skill": 1,
            "skill_usage": 1
        }
    ]
}