{
    "minimum_required": "v4.0.0",
    "stage_name": "pro_c_1",
    "actions": [
        {
            "type": "Deploy",
            "name": "克洛丝",
            "location": [
                4,
                4
            ],
            "direction": "Up"
        },
        {
            "type": "SpeedUp"
        },
        {
            "type": "Deploy",
            "name": "能天使",
            "location": [
                4,
                2
            ],
            "direction": "Right"
        },
        {
            "type": "Skill",
            "kills": 38,
            "pre_delay": 500,
            "name": "能天使"
        }
    ],
    "doc": {
        "title": "势不可挡 - PR-C-1 - 急行【能天使2+克洛斯1】（信赖速刷）",
        "details": "——————————\n作业更新日期: 2024-01-04T17:05:04Z\n统计更新日期: 2025-06-11\n好评率：80.0%  浏览量：241\n来源：竟然不能小于4位  ID：31495\n——————————\n\n参考视频：https://www.bilibili.com/BV1pN4y1579f"
    },
    "groups": [],
    "opers": [
        {
            "name": "能天使",
            "skill": 2,
            "skill_usage": 0
        },
        {
            "name": "克洛丝",
            "skill": 1,
            "skill_usage": 0
        }
    ]
}