{
    "minimum_required": "v4.0.0",
    "stage_name": "pro_c_2",
    "actions": [
        {
            "type": "SpeedUp"
        },
        {
            "type": "BulletTime",
            "name": "玛恩纳",
            "costs": 19
        },
        {
            "type": "Deploy",
            "name": "艾雅法拉",
            "location": [
                4,
                4
            ],
            "direction": "Left"
        },
        {
            "type": "Deploy",
            "name": "玛恩纳",
            "location": [
                5,
                1
            ],
            "direction": "Down"
        },
        {
            "type": "Skill",
            "name": "玛恩纳",
            "kills": 13
        },
        {
            "type": "Skill",
            "name": "玛恩纳",
            "kills": 39,
            "pre_delay": 500
        }
    ],
    "doc": {
        "title": "势不可挡 - PR-C-2 - 冲锋 【玛恩纳3+羊2】（信赖速刷）",
        "details": "作业更新日期: 2024-01-04T17:25:26Z\n统计更新日期: 2024-11-30\n好评率：100.0%  浏览量：1031\n来源：竟然不能小于4位  ID：31493\n参考视频：化学老施，https://www.bilibili.com/BV14C4y1u7NP"
    },
    "groups": [],
    "opers": [
        {
            "name": "艾雅法拉",
            "skill": 2,
            "skill_usage": 0
        },
        {
            "name": "玛恩纳",
            "skill": 3,
            "skill_usage": 0
        }
    ]
}