{
    "minimum_required": "v4.0.0",
    "doc": {
        "title": "PR-D-2",
        "details": "作业更新日期: 2023-11-19T12:51:28Z\n统计更新日期: 2024-11-30\n好评率：90.91%  浏览量：325\n来源：anduzzw  ID：30361\n自用"
    },
    "stage_name": "pro_d_2",
    "opers": [
        {
            "name": "令",
            "skill": 3,
            "skill_usage": 0
        },
        {
            "name": "桃金娘",
            "skill": 1,
            "skill_usage": 0
        }
    ],
    "actions": [
        {
            "type": "SpeedUp",
            "name": ""
        },
        {
            "type": "Deploy",
            "name": "令",
            "location": [
                2,
                3
            ],
            "direction": "Down"
        },
        {
            "type": "Deploy",
            "name": "“弦惊”",
            "location": [
                1,
                2
            ],
            "direction": "Down"
        },
        {
            "type": "Deploy",
            "name": "桃金娘",
            "location": [
                6,
                2
            ],
            "direction": "Right"
        },
        {
            "type": "Deploy",
            "name": "“弦惊”",
            "location": [
                4,
                2
            ],
            "direction": "Right"
        },
        {
            "type": "Deploy",
            "name": "“弦惊”",
            "location": [
                4,
                1
            ],
            "direction": "Down"
        },
        {
            "type": "Deploy",
            "name": "“弦惊”",
            "location": [
                3,
                3
            ],
            "direction": "Down"
        },
        {
            "type": "Skill",
            "kills": 19,
            "name": "令",
            "location": [
                2,
                3
            ],
            "direction": "下"
        },
        {
            "type": "Retreat",
            "kills": 29,
            "name": "“弦惊”",
            "location": [
                3,
                3
            ],
            "direction": "下"
        },
        {
            "type": "Deploy",
            "name": "“弦惊”",
            "location": [
                3,
                3
            ],
            "direction": "Down"
        },
        {
            "type": "Deploy",
            "name": "“弦惊”",
            "location": [
                1,
                4
            ],
            "direction": "Down"
        },
        {
            "type": "Skill",
            "kills": 41,
            "name": "令",
            "location": [
                2,
                3
            ],
            "direction": "上"
        },
        {
            "type": "Retreat",
            "kills": 42,
            "name": "“弦惊”",
            "location": [
                3,
                3
            ],
            "direction": "下"
        },
        {
            "type": "Deploy",
            "name": "“弦惊”",
            "location": [
                3,
                3
            ],
            "direction": "Down"
        },
        {
            "type": "Retreat",
            "kills": 57,
            "name": "“弦惊”",
            "location": [
                3,
                3
            ],
            "direction": "下"
        },
        {
            "type": "Deploy",
            "name": "“弦惊”",
            "location": [
                6,
                2
            ],
            "direction": "Left"
        },
        {
            "type": "SkillDaemon",
            "name": ""
        }
    ]
}