{
    "minimum_required": "v4.0.0",
    "stage_name": "pro_d_2",
    "actions": [
        {
            "type": "Deploy",
            "name": "银灰",
            "location": [
                3,
                6
            ],
            "direction": "Right"
        },
        {
            "type": "Deploy",
            "name": "陈",
            "location": [
                9,
                6
            ],
            "direction": "Left"
        },
        {
            "type": "SpeedUp"
        },
        {
            "type": "Deploy",
            "name": "逻各斯",
            "location": [
                5,
                3
            ],
            "direction": "Down"
        },
        {
            "type": "Deploy",
            "name": "伊内丝",
            "location": [
                4,
                4
            ],
            "direction": "Right"
        },
        {
            "type": "SkillDaemon"
        }
    ],
    "doc": {
        "title": "身先士卒 - PR-D-2 - 猛攻",
        "details": "作业更新日期: 2024-12-23T02:00:50Z\n统计更新日期: 2025-01-09\n好评率：100.0%  浏览量：67\n来源：琉璃ice  ID：44729\n琉璃"
    },
    "groups": [],
    "opers": [
        {
            "name": "银灰",
            "skill": 1,
            "skill_usage": 0
        },
        {
            "name": "伊内丝",
            "skill": 1,
            "skill_usage": 0
        },
        {
            "name": "陈",
            "skill": 1,
            "skill_usage": 0
        },
        {
            "name": "逻各斯",
            "skill": 1,
            "skill_usage": 0
        }
    ]
}