{
    "minimum_required": "v4.0.0",
    "stage_name": "wk_armor_3",
    "actions": [
        {
            "type": "Deploy",
            "name": "凛冬",
            "location": [
                7,
                3
            ],
            "direction": "Right"
        },
        {
            "type": "Deploy",
            "name": "煌",
            "location": [
                5,
                3
            ],
            "direction": "Right"
        },
        {
            "type": "Deploy",
            "name": "白面鸮",
            "location": [
                5,
                2
            ],
            "direction": "Right"
        },
        {
            "type": "Deploy",
            "name": "阿米娅",
            "location": [
                6,
                4
            ],
            "direction": "Right"
        },
        {
            "type": "Deploy",
            "name": "伊桑",
            "location": [
                8,
                3
            ],
            "direction": "Left"
        },
        {
            "type": "Deploy",
            "name": "伊芙利特",
            "location": [
                7,
                2
            ],
            "direction": "Down"
        },
        {
            "type": "Retreat",
            "name": "凛冬",
            "location": [
                7,
                3
            ]
        },
        {
            "type": "Deploy",
            "name": "石棉",
            "location": [
                6,
                3
            ],
            "direction": "Right"
        }
    ],
    "doc": {
        "title": "资源保障 - SK-3 - 哨所清剿",
        "details": "作业更新日期: 2023-10-31T07:22:29Z\n统计更新日期: 2024-11-30\n好评率：100.0%  浏览量：121\n来源：Ryan  ID：29593\n小六\\\\"
    },
    "groups": [],
    "opers": [
        {
            "name": "凛冬",
            "skill": 1,
            "skill_usage": 1
        },
        {
            "name": "煌",
            "skill": 2,
            "skill_usage": 1
        },
        {
            "name": "白面鸮",
            "skill": 2,
            "skill_usage": 1
        },
        {
            "name": "阿米娅",
            "skill": 1,
            "skill_usage": 1
        },
        {
            "name": "伊桑",
            "skill": 1,
            "skill_usage": 0
        },
        {
            "name": "伊芙利特",
            "skill": 2,
            "skill_usage": 0
        },
        {
            "name": "石棉",
            "skill": 2,
            "skill_usage": 1
        },
        {
            "name": "苏苏洛",
            "skill": 1,
            "skill_usage": 1
        }
    ]
}