{
    "minimum_required": "v4.0.0",
    "stage_name": "mem_breeze_1",
    "actions": [
        {
            "type": "SpeedUp"
        },
        {
            "type": "Deploy",
            "name": "微风",
            "location": [
                2,
                3
            ],
            "direction": "Right"
        },
        {
            "type": "Deploy",
            "name": "断罪者",
            "location": [
                4,
                3
            ],
            "direction": "Right",
            "costs": 98
        },
        {
            "type": "Skill",
            "name": "微风",
            "location": [
                2,
                3
            ],
            "kills": 7
        }
    ],
    "doc": {
        "title": "微风 - 炮与弩的包围网-悖论模拟",
        "details": "——————————\n作业更新日期: 2025-05-19T11:21:02Z\n统计更新日期: 2025-10-09\n相对评分：72.15%  相对热度：38.71%\n来源：风雪过境  ID：56102\n——————————\n参考超级拔丝地瓜，精二一级，二技能1级"
    },
    "groups": [],
    "opers": []
}