{
    "minimum_required": "v4.0.0",
    "stage_name": "main_09-04",
    "actions": [
        {
            "type": "SpeedUp"
        },
        {
            "type": "Deploy",
            "name": "奶盾",
            "location": [
                9,
                5
            ],
            "direction": "Left"
        },
        {
            "type": "Deploy",
            "name": "泥岩",
            "location": [
                8,
                5
            ],
            "direction": "Left"
        },
        {
            "type": "SkillDaemon"
        }
    ],
    "doc": {
        "title": "【修改自用】第九章 风暴瞭望 - 9-5（突袭） - 临界值  摆完挂机",
        "details": "统计日期：2024-05-24\n好评率：100.0%  浏览量：1139\n来源：R洛翎y  ID：33109\n攻略作者：侬无言以对 https://www.bilibili.com/video/BV1Eq4y1f7DT 记得去b站给作者点赞三连\n\njson作者：熙墨凛 有问题请点踩然后在评论区反馈 \n\n评论区不解决maa问题 评论区不解决maa问题 谢谢理解\n\n需要上下位替代可以自己下载json进行修改\n\n连接模式请使用minitouch或者maatouch 不兼容ADB Input模式：-）\n\n平均练度 2603\n\n已测试"
    },
    "groups": [
        {
            "name": "奶盾",
            "opers": [
                {
                    "name": "临光",
                    "skill": 1,
                    "skill_usage": 0
                },
                {
                    "name": "塞雷娅",
                    "skill": 1,
                    "skill_usage": 0
                },
                {
                    "name": "黍",
                    "skill": 1,
                    "skill_usage": 0
                }
            ]
        }
    ],
    "opers": [
        {
            "name": "泥岩",
            "skill": 2,
            "skill_usage": 0
        }
    ],
    "difficulty": 3
}