{
    "minimum_required": "v4.0.0",
    "stage_name": "main_06-01",
    "actions": [
        {
            "type": "SpeedUp"
        },
        {
            "type": "Deploy",
            "name": "嵯峨",
            "direction": "Left",
            "location": [
                9,
                4
            ]
        },
        {
            "type": "Deploy",
            "name": "折光",
            "location": [
                8,
                2
            ],
            "direction": "Down"
        },
        {
            "type": "Deploy",
            "location": [
                6,
                3
            ],
            "direction": "Left",
            "name": "泥岩"
        },
        {
            "type": "Deploy",
            "location": [
                2,
                1
            ],
            "name": "近卫",
            "direction": "Left"
        },
        {
            "type": "SkillDaemon"
        }
    ],
    "doc": {
        "title": "折光模组任务 - 6-1 - 凡石",
        "details": "——————————\n作业更新日期: 2025-09-11T05:23:26Z\n统计更新日期: 2025-09-15\n相对评分：100.0%  相对热度：100.0%\n来源：一只摆烂的42  ID：67818\n——————————\n折光「凡石」模组任务\n3星通关主题曲6-1，必须编入非助战折光并上场，且使用折光歼灭至少10名敌人\n原视频：https://www.bilibili.com/video/BV1ydhPzJEZo/\n制作者：一只摆烂的42\n有问题联系QQ2586582719\n修改自用请删除我的QQ"
    },
    "groups": [
        {
            "name": "近卫",
            "opers": [
                {
                    "name": "煌",
                    "skill": 2,
                    "skill_usage": 0
                },
                {
                    "name": "乌尔比安",
                    "skill": 2,
                    "skill_usage": 0
                }
            ]
        }
    ],
    "opers": [
        {
            "name": "折光",
            "skill": 2,
            "skill_usage": 1
        },
        {
            "name": "嵯峨",
            "skill": 1,
            "skill_usage": 0
        },
        {
            "name": "泥岩",
            "skill": 2,
            "skill_usage": 0
        }
    ],
    "difficulty": 1
}