{
    "minimum_required": "v4.0.0",
    "actions": [
        {
            "type": "SpeedUp"
        },
        {
            "type": "Deploy",
            "name": "煌",
            "location": [
                7,
                2
            ],
            "direction": "Down"
        },
        {
            "type": "Deploy",
            "name": "絮雨",
            "location": [
                8,
                5
            ],
            "direction": "Up"
        },
        {
            "type": "Deploy",
            "name": "能天使",
            "location": [
                6,
                5
            ],
            "direction": "Left"
        },
        {
            "type": "Output",
            "doc_color": "#6f42c1",
            "doc": "给个好评吧，亲~"
        }
    ],
    "doc": {
        "title": "絮雨模组摆完挂机-古朴的急救箱",
        "details": "——————————\n作业更新日期: 2025-03-03T04:12:05Z\n统计更新日期: 2025-10-31\n相对评分：100.0%  相对热度：100.0%\n来源：luliangji@qq.com  ID：47950\n——————————\n侬无言以对模组任务摆完挂机合集:BV1wU4y177Qu\n3星通关主题曲2-5；且仅可编入非助战絮雨1名医疗干员并上场\n筱竹聽雨"
    },
    "groups": [],
    "opers": [
        {
            "name": "煌",
            "skill": 2,
            "skill_usage": 1
        },
        {
            "name": "能天使",
            "skill": 3,
            "skill_usage": 0
        },
        {
            "name": "絮雨",
            "skill": 2,
            "skill_usage": 1
        }
    ],
    "stage_name": "main_02-05"
}