{
    "minimum_required": "v4.0",
    "doc": {
        "title": "【密林悍将】RI-6双人",
        "details": "UP：侬无言以对\n原视频：https://www.bilibili.com/video/av504276183/\n有问题联系制作者QQ2586582719"
    },
    "stage_name": "act12d0_06",
    "opers": [
        {
            "name": "煌",
            "skill": 2,
            "skill_usage": 0
        },
        {
            "name": "塞雷娅",
            "skill": 2,
            "skill_usage": 0
        }
    ],
    "actions": [
        {
            "type": "二倍速",
            "name": ""
        },
        {
            "type": "部署",
            "name": "煌",
            "location": [
                2,
                2
            ],
            "direction": "下"
        },
        {
            "type": "部署",
            "name": "塞雷娅",
            "location": [
                1,
                4
            ],
            "direction": "上"
        }
    ]
}