{
    "minimum_required": "v4.0.0",
    "stage_name": "camp_r_26",
    "actions": [
        {
            "type": "Deploy",
            "name": "令",
            "location": [
                4,
                4
            ],
            "direction": "Right"
        },
        {
            "type": "Deploy",
            "name": "先锋",
            "location": [
                4,
                7
            ],
            "direction": "Up"
        },
        {
            "type": "Deploy",
            "name": "阻流阀",
            "location": [
                4,
                6
            ],
            "direction": "None"
        },
        {
            "type": "Deploy",
            "name": "“弦惊”",
            "location": [
                6,
                5
            ],
            "direction": "Down"
        },
        {
            "type": "SpeedUp"
        },
        {
            "type": "Deploy",
            "name": "“弦惊”",
            "location": [
                5,
                6
            ],
            "direction": "Right"
        },
        {
            "type": "Deploy",
            "name": "泵站",
            "location": [
                3,
                7
            ],
            "direction": "Left"
        },
        {
            "type": "Deploy",
            "name": "泵站",
            "location": [
                5,
                7
            ],
            "direction": "Right"
        },
        {
            "type": "SkillUsage",
            "name": "令",
            "skill_usage": 0,
            "kills": 60
        },
        {
            "type": "Deploy",
            "name": "“弦惊”",
            "location": [
                5,
                5
            ],
            "direction": "Down"
        },
        {
            "type": "Output",
            "kills": 71,
            "doc_color": "Gray",
            "doc": "击杀检测"
        },
        {
            "type": "Skill",
            "pre_delay": 9500,
            "doc_color": "Gray",
            "doc": "击杀检测",
            "name": "令",
            "location": [
                4,
                4
            ]
        },
        {
            "type": "SkillUsage",
            "name": "桃金娘",
            "skill_usage": 0,
            "kills": 98
        },
        {
            "type": "Output",
            "kills": 99,
            "doc_color": "Gray",
            "doc": "击杀检测"
        },
        {
            "type": "Deploy",
            "pre_delay": 8000,
            "name": "“弦惊”",
            "location": [
                5,
                6
            ],
            "direction": "Right"
        },
        {
            "type": "SkillUsage",
            "name": "桃金娘",
            "skill_usage": 1
        },
        {
            "type": "Skill",
            "name": "令",
            "location": [
                4,
                4
            ],
            "pre_delay": 39000
        },
        {
            "type": "Deploy",
            "name": "“弦惊”",
            "location": [
                6,
                5
            ],
            "direction": "Down"
        },
        {
            "type": "Deploy",
            "name": "“弦惊”",
            "location": [
                5,
                5
            ],
            "direction": "Right"
        },
        {
            "type": "Skill",
            "name": "令",
            "location": [
                4,
                4
            ],
            "kills": 118,
            "pre_delay": 1000
        },
        {
            "type": "Deploy",
            "name": "“弦惊”",
            "location": [
                5,
                5
            ],
            "direction": "Down"
        },
        {
            "type": "Skill",
            "name": "令",
            "location": [
                4,
                4
            ],
            "kills": 146,
            "pre_delay": 1000
        },
        {
            "type": "Skill",
            "name": "令",
            "location": [
                4,
                4
            ],
            "kills": 179,
            "pre_delay": 1000
        },
        {
            "type": "Deploy",
            "name": "“弦惊”",
            "location": [
                5,
                5
            ],
            "direction": "Right"
        },
        {
            "type": "Retreat",
            "name": "“弦惊”",
            "location": [
                6,
                5
            ],
            "kills": 189
        },
        {
            "type": "Deploy",
            "name": "“弦惊”",
            "location": [
                6,
                5
            ],
            "pre_delay": 1000,
            "doc": "",
            "direction": "Down"
        },
        {
            "type": "SkillUsage",
            "name": "令",
            "skill_usage": 1
        },
        {
            "type": "Deploy",
            "name": "“弦惊”",
            "location": [
                6,
                3
            ],
            "direction": "Left"
        },
        {
            "type": "Deploy",
            "name": "阻流阀",
            "kills": 199,
            "location": [
                6,
                2
            ],
            "direction": "None"
        },
        {
            "type": "SkillUsage",
            "name": "令",
            "skill_usage": 0
        },
        {
            "type": "Deploy",
            "name": "泵站",
            "location": [
                1,
                4
            ],
            "direction": "Down"
        },
        {
            "type": "Deploy",
            "name": "泵站",
            "location": [
                2,
                4
            ],
            "direction": "Down"
        },
        {
            "type": "Deploy",
            "name": "泵站",
            "location": [
                3,
                4
            ],
            "direction": "Down"
        },
        {
            "type": "Skill",
            "name": "令",
            "location": [
                4,
                4
            ],
            "kills": 223,
            "pre_delay": 2000
        },
        {
            "type": "Deploy",
            "name": "泵站",
            "location": [
                7,
                3
            ],
            "direction": "Down"
        },
        {
            "type": "Deploy",
            "name": "泵站",
            "location": [
                4,
                2
            ],
            "direction": "Right"
        },
        {
            "type": "Deploy",
            "name": "泵站",
            "location": [
                8,
                1
            ],
            "direction": "Right"
        },
        {
            "type": "Skill",
            "name": "令",
            "location": [
                4,
                4
            ],
            "kills": 245,
            "pre_delay": 2000
        },
        {
            "type": "Deploy",
            "name": "“弦惊”",
            "location": [
                6,
                4
            ],
            "direction": "Up"
        },
        {
            "type": "Skill",
            "name": "令",
            "location": [
                4,
                4
            ],
            "kills": 290,
            "pre_delay": 1000
        },
        {
            "type": "Skill",
            "name": "令",
            "location": [
                4,
                4
            ],
            "kills": 301
        },
        {
            "type": "Deploy",
            "name": "“弦惊”",
            "location": [
                5,
                5
            ],
            "direction": "Right"
        },
        {
            "type": "Skill",
            "name": "令",
            "location": [
                4,
                4
            ],
            "kills": 344,
            "pre_delay": 2000
        },
        {
            "type": "Skill",
            "name": "令",
            "location": [
                4,
                4
            ],
            "kills": 350,
            "pre_delay": 1000
        },
        {
            "type": "Skill",
            "name": "令",
            "location": [
                4,
                4
            ],
            "kills": 369,
            "pre_delay": 2000
        },
        {
            "type": "Skill",
            "name": "令",
            "location": [
                4,
                4
            ],
            "kills": 386,
            "pre_delay": 3000
        },
        {
            "type": "Retreat",
            "name": "“弦惊”",
            "location": [
                6,
                5
            ],
            "kills": 396
        },
        {
            "type": "Deploy",
            "name": "“弦惊”",
            "location": [
                6,
                5
            ],
            "direction": "Down"
        },
        {
            "type": "Skill",
            "name": "令",
            "location": [
                4,
                4
            ],
            "kills": 398,
            "pre_delay": 3000
        }
    ],
    "doc": {
        "title": "壬午号水稻田-令单核",
        "details": "作业更新日期: 2025-01-13T09:11:28Z\n统计更新日期: 2025-01-31\n好评率：96.36%  浏览量：1013\n来源：我也想一起愉悦啊  ID：45480\n原视频：https://www.bilibili.com/video/BV1s2rgY2EwT\n单核令，精二90级专三“宁作吾”三级Y模组，\n桃子精二1级专三1技能无模组，最好带德狗减费\n【自用可正常400杀】令精二60级理论能过，先锋是否可换芬未测"
    },
    "groups": [
        {
            "name": "先锋",
            "opers": [
                {
                    "name": "桃金娘",
                    "skill": 1,
                    "skill_usage": 1
                }
            ]
        }
    ],
    "opers": [
        {
            "name": "令",
            "skill": 3,
            "skill_usage": 1
        }
    ]
}