{
    "minimum_required": "v4.0.0",
    "stage_name": "wk_kc_6",
    "actions": [
        {
            "type": "Deploy",
            "name": "维什戴尔",
            "location": [
                3,
                3
            ],
            "direction": "Left"
        },
        {
            "type": "SpeedUp"
        },
        {
            "type": "Skill",
            "name": "维什戴尔",
            "location": [
                3,
                3
            ],
            "kills": 2
        },
        {
            "type": "Skill",
            "name": "维什戴尔",
            "kills": 6,
            "location": [
                3,
                3
            ]
        },
        {
            "type": "Deploy",
            "name": "逻各斯",
            "location": [
                5,
                4
            ],
            "direction": "Right"
        },
        {
            "type": "Skill",
            "name": "维什戴尔",
            "kills": 19,
            "location": [
                3,
                3
            ]
        },
        {
            "type": "Skill",
            "kills": 22,
            "name": "逻各斯",
            "location": [
                5,
                4
            ]
        },
        {
            "type": "Skill",
            "name": "维什戴尔",
            "kills": 33,
            "location": [
                3,
                3
            ]
        },
        {
            "type": "Skill",
            "name": "维什戴尔",
            "location": [
                3,
                3
            ],
            "pre_delay": 26000
        },
        {
            "type": "Skill",
            "name": "逻各斯",
            "location": [
                5,
                4
            ],
            "pre_delay": 2000
        }
    ],
    "doc": {
        "title": "（自用）LS-6 - 经验本 - 2人速刷",
        "details": "作业更新日期: 2025-02-23T07:01:05Z\n统计更新日期: 2025-02-27\n好评率：100.0%  浏览量：40\n来源：online937  ID：47396\n改自于羽TyX\n避免了左侧漏飞机\n满练度"
    },
    "groups": [],
    "opers": [
        {
            "name": "维什戴尔",
            "skill": 3,
            "skill_usage": 0
        },
        {
            "name": "逻各斯",
            "skill": 3,
            "skill_usage": 0
        }
    ]
}