{
    "minimum_required": "v4.0.0",
    "stage_name": "wk_toxic_5",
    "actions": [
        {
            "type": "Deploy",
            "name": "维什戴尔",
            "location": [
                7,
                4
            ],
            "direction": "Left"
        },
        {
            "type": "Deploy",
            "name": "【医疗】精一满级及以上",
            "location": [
                6,
                2
            ],
            "direction": "Down"
        },
        {
            "type": "Skill",
            "name": "维什戴尔",
            "location": [
                7,
                4
            ],
            "kills": 3
        },
        {
            "type": "SpeedUp"
        },
        {
            "type": "Deploy",
            "name": "【群愈师】精一满级及以上练度",
            "location": [
                2,
                3
            ],
            "direction": "Up"
        },
        {
            "type": "Deploy",
            "name": "【无畏者】精一满级及以上练度",
            "location": [
                1,
                1
            ],
            "direction": "Left"
        },
        {
            "type": "Deploy",
            "name": "【守护者】精一满级及以上练度",
            "location": [
                3,
                5
            ],
            "direction": "Right"
        },
        {
            "type": "SkillDaemon"
        }
    ],
    "doc": {
        "title": "粉碎防御 - AP-5 - 精炼工厂保全 - 红票本 - 单核精二",
        "details": "——————————\n作业更新日期: 2025-06-26T01:49:58Z\n统计更新日期: 2025-06-27\n好评率：100.0%  浏览量：366\n来源：xizhic  ID：60749\n——————————\n\n（推荐使用自动编队，如果缺干员报错后再手动借干员）\nJSON作者小卡拉帕鲁灰\nEW满级，专3\n持续更新中，作业交流群789724611，如果作业有问题可以加群找我，评论区不能及时回复"
    },
    "groups": [
        {
            "name": "【医疗】精一满级及以上",
            "opers": [
                {
                    "name": "闪灵",
                    "skill": 2,
                    "skill_usage": 0
                },
                {
                    "name": "纯烬艾雅法拉",
                    "skill": 1,
                    "skill_usage": 0
                },
                {
                    "name": "苏苏洛",
                    "skill": 1,
                    "skill_usage": 1
                },
                {
                    "name": "赫默",
                    "skill": 1,
                    "skill_usage": 1
                },
                {
                    "name": "亚叶",
                    "skill": 1,
                    "skill_usage": 1
                },
                {
                    "name": "流明",
                    "skill": 3,
                    "skill_usage": 1
                },
                {
                    "name": "嘉维尔",
                    "skill": 1,
                    "skill_usage": 0
                },
                {
                    "name": "华法琳",
                    "skill": 1,
                    "skill_usage": 0
                },
                {
                    "name": "芙蓉",
                    "skill": 1,
                    "skill_usage": 1
                },
                {
                    "name": "安赛尔",
                    "skill": 1,
                    "skill_usage": 1
                },
                {
                    "name": "末药",
                    "skill": 1,
                    "skill_usage": 0
                }
            ]
        },
        {
            "name": "【群愈师】精一满级及以上练度",
            "opers": [
                {
                    "name": "夜莺",
                    "skill": 2,
                    "skill_usage": 0
                },
                {
                    "name": "白面鸮",
                    "skill": 2,
                    "skill_usage": 1
                },
                {
                    "name": "微风",
                    "skill": 2,
                    "skill_usage": 1
                },
                {
                    "name": "调香师",
                    "skill": 2,
                    "skill_usage": 1
                },
                {
                    "name": "明椒",
                    "skill": 2,
                    "skill_usage": 1
                }
            ]
        },
        {
            "name": "【无畏者】精一满级及以上练度",
            "opers": [
                {
                    "name": "斯卡蒂",
                    "skill": 3,
                    "skill_usage": 1
                },
                {
                    "name": "耀骑士临光",
                    "skill": 3,
                    "skill_usage": 1
                },
                {
                    "name": "止颂",
                    "skill": 1,
                    "skill_usage": 1
                },
                {
                    "name": "芙兰卡",
                    "skill": 2,
                    "skill_usage": 1
                },
                {
                    "name": "摩根",
                    "skill": 2,
                    "skill_usage": 1
                },
                {
                    "name": "炎客",
                    "skill": 2,
                    "skill_usage": 1
                },
                {
                    "name": "玫兰莎",
                    "skill": 1,
                    "skill_usage": 1
                }
            ]
        },
        {
            "name": "【守护者】精一满级及以上练度",
            "opers": [
                {
                    "name": "塞雷娅",
                    "skill": 1,
                    "skill_usage": 0
                },
                {
                    "name": "黍",
                    "skill": 1,
                    "skill_usage": 0
                },
                {
                    "name": "临光",
                    "skill": 1,
                    "skill_usage": 0
                },
                {
                    "name": "深律",
                    "skill": 1,
                    "skill_usage": 0
                },
                {
                    "name": "斑点",
                    "skill": 1,
                    "skill_usage": 1
                },
                {
                    "name": "古米",
                    "skill": 1,
                    "skill_usage": 0
                }
            ]
        }
    ],
    "opers": [
        {
            "name": "维什戴尔",
            "skill": 3,
            "skill_usage": 1
        }
    ]
}