{
    "minimum_required": "v4.0.0",
    "stage_name": "wk_melee_6",
    "actions": [
        {
            "type": "SpeedUp"
        },
        {
            "type": "Deploy",
            "name": "棘刺",
            "location": [
                4,
                2
            ],
            "direction": "Right"
        },
        {
            "type": "Deploy",
            "name": "银灰",
            "location": [
                4,
                1
            ],
            "direction": "Right"
        },
        {
            "type": "Deploy",
            "name": "艾雅法拉",
            "location": [
                4,
                4
            ],
            "direction": "Right"
        },
        {
            "type": "Skill",
            "name": "银灰",
            "location": [
                4,
                1
            ],
            "kills": 35,
            "pre_delay": 5200
        }
    ],
    "doc": {
        "title": "【至高之术】CE-6",
        "details": "作业更新日期: 2023-04-11T11:11:10Z\n统计更新日期: 2024-11-30\n好评率：100.0%  浏览量：218\n来源：御卿长安  ID：22505\n作业搬自化学老施 BV1S3411K7jy\n该图无法自动使用技能，在选中后及时点击使用技能。\n注意银灰节点为35击杀"
    },
    "groups": [],
    "opers": [
        {
            "name": "棘刺",
            "skill": 3,
            "skill_usage": 1
        },
        {
            "name": "银灰",
            "skill": 3,
            "skill_usage": 0
        },
        {
            "name": "艾雅法拉",
            "skill": 2,
            "skill_usage": 0
        }
    ]
}