{
    "minimum_required": "v4.0.0",
    "stage_name": "mem_ctable_1",
    "actions": [
        {
            "type": "Deploy",
            "name": "晓歌",
            "location": [
                4,
                4
            ],
            "direction": "Up"
        },
        {
            "type": "SpeedUp"
        },
        {
            "type": "Skill",
            "name": "晓歌",
            "location": [
                4,
                4
            ],
            "kills": 1
        },
        {
            "type": "Deploy",
            "name": "Lancet-2",
            "location": [
                2,
                5
            ],
            "direction": "Right",
            "costs": 3
        },
        {
            "type": "Deploy",
            "name": "豆苗",
            "location": [
                3,
                5
            ],
            "direction": "Up",
            "costs": 11
        },
        {
            "type": "Deploy",
            "name": "磐蟹护卫队",
            "location": [
                3,
                3
            ],
            "direction": "None"
        },
        {
            "type": "Skill",
            "name": "晓歌",
            "location": [
                4,
                4
            ],
            "kills": 7
        },
        {
            "type": "Skill",
            "name": "晓歌",
            "location": [
                4,
                4
            ],
            "kills": 10
        },
        {
            "type": "Skill",
            "name": "晓歌",
            "location": [
                4,
                4
            ],
            "kills": 13
        },
        {
            "type": "Skill",
            "name": "晓歌",
            "location": [
                4,
                4
            ],
            "kills": 14
        },
        {
            "type": "Retreat",
            "name": "豆苗",
            "location": [
                3,
                5
            ],
            "kills": 14
        },
        {
            "type": "Deploy",
            "name": "轰隆隆先生",
            "location": [
                3,
                3
            ],
            "direction": "None",
            "pre_delay": 11000
        },
        {
            "type": "Skill",
            "name": "晓歌",
            "location": [
                4,
                4
            ]
        }
    ],
    "doc": {
        "title": "晓歌-悖论模拟",
        "details": "——————————\n作业更新日期: 2025-02-08T15:38:47Z\n统计更新日期: 2025-07-29\n好评率：65.79%  浏览量：1427\n来源：anxinuo2004@163.com  ID：46650\n——————————\n实测精二60级2技能专2可过"
    },
    "groups": [],
    "opers": [
        {
            "name": "晓歌",
            "skill": 2,
            "skill_usage": 0
        }
    ]
}