{
    "minimum_required": "v4.0.0",
    "stage_name": "mem_falco_1",
    "actions": [
        {
            "type": "Deploy",
            "name": "翎羽",
            "location": [
                2,
                3
            ],
            "direction": "Down"
        },
        {
            "type": "SpeedUp"
        },
        {
            "type": "Deploy",
            "name": "安德切尔",
            "location": [
                5,
                4
            ],
            "direction": "Left"
        },
        {
            "type": "Deploy",
            "name": "克洛丝",
            "location": [
                2,
                1
            ],
            "direction": "Down"
        },
        {
            "type": "Skill",
            "kills": 45,
            "name": "安德切尔"
        },
        {
            "type": "Retreat",
            "kills": 46,
            "name": "翎羽"
        },
        {
            "type": "Deploy",
            "name": "米格鲁",
            "location": [
                2,
                2
            ],
            "direction": "Down"
        }
    ],
    "doc": {
        "title": "翎羽 悖论模拟 迅捷之羽",
        "details": "——————————\n作业更新日期: 2025-05-13T05:17:51Z\n统计更新日期: 2025-07-29\n相对评分：94.94%  相对热度：67.42%\n来源：晓丶梦丶仁  ID：54105\n——————————\nauto skill enabled"
    },
    "groups": [],
    "opers": [
        {
            "name": "翎羽",
            "skill": 1,
            "skill_usage": 1
        }
    ]
}