{
  "minimum_required": "v4.0.0",
  "stage_name": "FD-4",
  "actions": [
    {
      "type": "SpeedUp"
    },
    {
      "type": "Deploy",
      "name": "骑士之徽",
      "location": [
        1,
        3
      ],
      "direction": "None"
    },
    {
      "type": "Deploy",
      "name": "塞雷娅",
      "location": [
        1,
        3
      ],
      "direction": "Down",
      "rear_delay": 12500
    },
    {
      "type": "Deploy",
      "name": "煌",
      "location": [
        2,
        4
      ],
      "direction": "Up",
      "pre_delay": 0
    },
    {
      "type": "SkillDaemon"
    }
  ],
  "doc": {
    "title": "【普通/突袭】眠于树影之中 FD-4",
    "details": "自己用的，已经过了，有问题发评论区"
  },
  "groups": [],
  "opers": [
    {
      "name": "塞雷娅",
      "skill": 1,
      "skill_usage": 0
    },
    {
      "name": "煌",
      "skill": 2,
      "skill_usage": 0
    }
  ]
}