{
  "minimum_required": "v4.0.0",
  "stage_name": "act15mini_s02",
  "actions": [
    {
      "type": "Deploy",
      "name": "提丰",
      "location": [
        6,
        4
      ],
      "direction": "Right"
    },
    {
      "type": "Deploy",
      "name": "艾丝黛尔",
      "location": [
        1,
        4
      ],
      "direction": "Down"
    },
    {
      "type": "SpeedUp"
    },
    {
      "type": "Deploy",
      "name": "白面鸮",
      "location": [
        2,
        3
      ],
      "direction": "Down"
    },
    {
      "type": "Deploy",
      "name": "慕斯",
      "location": [
        1,
        5
      ],
      "direction": "Down"
    },
    {
      "type": "Deploy",
      "name": "红",
      "location": [
        9,
        6
      ],
      "direction": "Right"
    },
    {
      "type": "SkillUsage",
      "name": "红",
      "cooling": 1,
      "doc_color": "Gray",
      "doc": "占位符",
      "skill_usage": 2
    },
    {
      "type": "Deploy",
      "name": "红",
      "cooling": 0,
      "location": [
        9,
        6
      ],
      "direction": "Right"
    },
    {
      "type": "SkillUsage",
      "name": "红",
      "cooling": 1,
      "doc_color": "Gray",
      "doc": "占位符",
      "skill_usage": 1
    },
    {
      "type": "Deploy",
      "name": "红",
      "cooling": 0,
      "location": [
        9,
        6
      ],
      "direction": "Right"
    },
    {
      "type": "Deploy",
      "name": "地灵",
      "location": [
        8,
        2
      ],
      "direction": "Right",
      "kills": 20
    },
    {
      "type": "Deploy",
      "name": "红",
      "location": [
        9,
        1
      ],
      "direction": "Right"
    },
    {
      "type": "SkillDaemon",
      "doc_color": "DarkRed",
      "doc": "给个好评吧~"
    }
  ],
  "doc": {
    "title": "眠于树影之中 FD-S-2突袭 萧然Q攻略 ",
    "details": "手动把提丰改成二技能再开始 没改就用不关我事啊\n攻略作者：萧然Q https://www.bilibili.com/video/BV1xs4y167d6 记得去b站给萧然宝贝点赞三连\njson作者：鱼丸 有问题请点踩然后在评论区反馈 看心情解决\n评论区不解决maa问题 评论区不解决maa问题 谢谢理解\n需要上下位替代可以自己下载json进行修改\n连接模式请使用minitouch或者maatouch 不兼容ADB Input模式:-)\n平均练度 2603\n没测 好像也测不了"
  },
  "groups": [],
  "opers": [
    {
      "name": "提丰",
      "skill": 2,
      "skill_usage": 1
    }
  ]
}