{
    "minimum_required": "v4.0.0",
    "stage_name": "mem_bluep_1",
    "actions": [
        {
            "type": "Deploy",
            "name": "蓝毒",
            "location": [
                3,
                3
            ],
            "doc_color": "Gray",
            "doc": "无人在意的角落，新年快井了一个限定都没抽到。",
            "direction": "Right"
        },
        {
            "type": "SpeedUp"
        },
        {
            "type": "Deploy",
            "costs": 9,
            "doc_color": "Gray",
            "doc": "麻木了。还有彩六的限定跟在后面，非洲常驻人口真的一滴都没有了。",
            "name": "克洛丝",
            "location": [
                7,
                3
            ],
            "direction": "Left"
        },
        {
            "type": "Skill",
            "name": "蓝毒",
            "costs": 10,
            "rear_delay": 1300,
            "doc_color": "DarkRed",
            "doc": "我是真的服气，歪就算了，谁天天池子都是65抽出六星的，是谁啊？240抽3个6星？"
        },
        {
            "type": "SkillUsage",
            "name": "蓝毒",
            "doc_color": "Gray",
            "doc": "只能从悖论模拟再扣扣玉垫一垫，垂死挣扎。",
            "skill_usage": 1
        },
        {
            "type": "SkillDaemon",
            "doc_color": "Gray",
            "doc": "唉，真的服气了，我都没资格骂双UP，毕竟一个当期都没抽到有啥好骂的，抱不到黍还有塞雷亚陪我。"
        }
    ],
    "doc": {
        "title": "悖论模拟：蓝毒 - 渗骨毒液",
        "details": "作业更新日期: 2024-02-14T15:24:15Z\n统计更新日期: 2024-09-07\n好评率：87.67%  浏览量：1947\n来源：littlh  ID：32931\n作者:littlh\n二技能7级，理论上小怪只吃次数，但是打爆镜子吃等级，我是拉的50级，应该是基础练度...吧？\n"
    },
    "groups": [],
    "opers": [
        {
            "name": "蓝毒",
            "skill": 2,
            "skill_usage": 0
        },
        {
            "name": "克洛丝",
            "skill": 1,
            "skill_usage": 0
        }
    ]
}