{
    "minimum_required": "v4.0.0",
    "stage_name": "pro_d_2",
    "actions": [
        {
            "type": "Deploy",
            "name": "伊内丝",
            "location": [
                4,
                4
            ],
            "direction": "Up"
        },
        {
            "type": "Retreat",
            "name": "伊内丝",
            "location": [
                4,
                4
            ]
        },
        {
            "type": "SpeedUp"
        },
        {
            "type": "Deploy",
            "name": "娜仁图亚",
            "location": [
                2,
                3
            ],
            "direction": "Right"
        },
        {
            "type": "Deploy",
            "name": "伊内丝",
            "location": [
                1,
                2
            ],
            "direction": "Down"
        },
        {
            "type": "SkillDaemon"
        }
    ],
    "doc": {
        "title": "近卫 特种 芯片组   PR-D-2 - 猛攻",
        "details": "作业更新日期: 2025-03-04T09:34:15Z\n统计更新日期: 2025-03-23\n好评率：100.0%  浏览量：29\n来源：不会玩的辅助  ID：47998\njson：不会玩的辅助\n近卫 特种 芯片组\n伊内丝 需要破隐 不能换"
    },
    "groups": [],
    "opers": [
        {
            "name": "娜仁图亚",
            "skill": 1,
            "skill_usage": 2,
            "skill_times": 1
        },
        {
            "name": "伊内丝",
            "skill": 1,
            "skill_usage": 0
        }
    ]
}