{
    "minimum_required": "v4.0.0",
    "actions": [
        {
            "type": "SpeedUp"
        },
        {
            "type": "Deploy",
            "name": "能天使",
            "location": [
                8,
                5
            ],
            "direction": "Up"
        },
        {
            "type": "Deploy",
            "name": "讯使",
            "location": [
                6,
                3
            ],
            "direction": "Right"
        },
        {
            "type": "Output",
            "doc_color": "#6f42c1",
            "doc": "给个好评吧，亲~"
        }
    ],
    "doc": {
        "title": "讯使模组摆完挂机-耐低温通讯设备",
        "details": "作业更新日期: 2023-02-18T00:53:52Z\n统计更新日期: 2024-11-30\n好评率：100.0%  浏览量：117\n来源：作业代传——有问题联系原作者  ID：20980\n侬无言以对模组任务摆完挂机合集:BV1wU4y177Qu\n3星通关主题曲S2-2；必须编入非助战讯使并上场，其他成员仅可编入远程位干员\n筱竹聽雨"
    },
    "groups": [],
    "opers": [
        {
            "name": "能天使",
            "skill": 1,
            "skill_usage": 0
        },
        {
            "name": "讯使",
            "skill": 1,
            "skill_usage": 0
        }
    ],
    "stage_name": "sub_02-02"
}