{
    "minimum_required": "v4.0.0",
    "stage_name": "mem_phatom_1",
    "actions": [
        {
            "type": "SpeedUp"
        },
        {
            "type": "Deploy",
            "name": "白面鸮",
            "location": [
                8,
                5
            ],
            "direction": "Left",
            "costs": 17
        },
        {
            "type": "Deploy",
            "name": "蓝毒",
            "location": [
                4,
                2
            ],
            "direction": "Right",
            "costs": 13
        },
        {
            "type": "Skill",
            "name": "凛冬",
            "costs": 5,
            "location": [
                9,
                4
            ]
        },
        {
            "type": "Skill",
            "name": "清道夫",
            "location": [
                9,
                6
            ],
            "costs": 0
        },
        {
            "type": "Deploy",
            "name": "傀影",
            "location": [
                2,
                6
            ],
            "direction": "Up",
            "kills": 2
        },
        {
            "type": "Retreat",
            "name": "傀影",
            "location": [
                2,
                6
            ],
            "pre_delay": 100
        },
        {
            "type": "Output",
            "doc_color": "Gold",
            "doc": "这里轴可能对不上，那么请你使用默认证章，关掉模组"
        },
        {
            "type": "Deploy",
            "name": "傀影",
            "location": [
                10,
                2
            ],
            "direction": "Left",
            "costs": 70,
            "doc_color": "Gold",
            "doc": "这里轴可能对不上，那么请你使用默认证章，关掉模组"
        },
        {
            "type": "Deploy",
            "name": "镜中虚影",
            "location": [
                9,
                2
            ],
            "direction": "Left",
            "pre_delay": 100
        },
        {
            "type": "Retreat",
            "name": "傀影",
            "location": [
                10,
                2
            ],
            "pre_delay": 100
        },
        {
            "type": "Output",
            "doc_color": "Gold",
            "doc": "这里轴可能对不上，那么请你使用默认证章，关掉模组"
        },
        {
            "type": "Deploy",
            "name": "傀影",
            "location": [
                2,
                1
            ],
            "direction": "Left",
            "costs": 86
        },
        {
            "type": "Retreat",
            "name": "傀影",
            "location": [
                2,
                1
            ],
            "pre_delay": 401
        },
        {
            "type": "Skill",
            "name": "蓝毒",
            "kills": 33
        },
        {
            "type": "Skill",
            "name": "凛冬",
            "location": [
                9,
                4
            ]
        },
        {
            "type": "Skill",
            "name": "清道夫",
            "location": [
                9,
                6
            ]
        },
        {
            "type": "Deploy",
            "name": "傀影",
            "location": [
                2,
                1
            ],
            "direction": "Down",
            "pre_delay": 26000
        },
        {
            "type": "Deploy",
            "name": "镜中虚影",
            "location": [
                2,
                2
            ],
            "direction": "Down",
            "pre_delay": 100
        },
        {
            "type": "Skill",
            "name": "蓝毒",
            "kills": 52
        },
        {
            "type": "Output",
            "doc_color": "DeepSkyBlue",
            "doc": "求各位 DOCTOR 给我一点反馈吧 (*σ´∀`)σ"
        }
    ],
    "doc": {
        "title": "【打开截图增强】傀影 - 控局    #悖论模拟",
        "details": "——————————\n作业更新日期: 2025-05-01T00:21:11Z\n统计更新日期: 2025-11-06\n相对评分：100.0%  相对热度：100.0%\n来源：542B  ID：39883\n——————————\n本作业为二倍速。测试干员为精二90，技能专一，一潜无模组\n请打开截图增强，显示延迟约30毫秒左右就可用啦\n有问题请留言，希望对你有帮助"
    },
    "groups": [],
    "opers": [
        {
            "name": "傀影",
            "skill": 3,
            "skill_usage": 0
        },
        {
            "name": "作者 542B",
            "skill": 1,
            "skill_usage": 0
        },
        {
            "name": "求反馈",
            "skill": 2,
            "skill_usage": 0
        },
        {
            "name": "o(〃＾▽＾〃)o",
            "skill": 3,
            "skill_usage": 0
        }
    ]
}