{
    "actions": [
        {
            "doc_color": "#008000",
            "type": "打印",
            "doc": "代理有问题请群里@碎蜂"
        },
        {
            "type": "二倍速"
        },
        {
            "type": "部署",
            "name": "温蒂",
            "location": [
                2,
                1
            ],
            "direction": "下"
        },
        {
            "type": "部署",
            "cost_changes": 10,
            "name": "工程蓄水炮",
            "location": [
                2,
                2
            ],
            "direction": "下"
        },
        {
            "type": "技能",
            "kills": 5,
            "name": "温蒂",
            "pre_delay": 500
        },
        {
            "type": "部署",
            "name": "罗德岛临时雇员",
            "pre_delay": 15,
            "location": [
                2,
                3
            ],
            "direction": "左"
        },
        {
            "type": "部署",
            "pre_delay": 4000,
            "name": "安洁莉娜",
            "location": [
                1,
                3
            ],
            "direction": "右"
        },
        {
            "type": "技能",
            "name": "温蒂",
            "pre_delay": 8000
        },
        {
            "type": "部署",
            "name": "工程蓄水炮",
            "kills": 18,
            "location": [
                2,
                2
            ],
            "direction": "下"
        },
        {
            "type": "技能",
            "kills": 22,
            "name": "安洁莉娜"
        },
        {
            "type": "技能",
            "name": "温蒂",
            "pre_delay": 500
        }
    ],
    "stage_name": "mem_weedy_1",
    "doc": {
        "title": "温蒂悖论模拟 7级技能可用",
        "details": "——————————\n作业更新日期: 2025-09-14T08:28:38Z\n统计更新日期: 2025-11-06\n相对评分：88.53999999999999%  相对热度：69.62%\n来源：466036405@qq.com  ID：68306\n——————————\n调整部分延时 精二1级+三技能7级可用\n原作者 up：琥珀えっ\n代理有问题请群里@碎蜂 \n"
    },
    "groups": [],
    "opers": [
        {
            "name": "温蒂",
            "skill": 3
        }
    ],
    "minimum_required": "v4.0.0"
}