{
  "minimum_required": "v4.0.0",
  "actions": [
    {
      "type": "SpeedUp"
    },
    {
      "type": "Deploy",
      "name": "年",
      "location": [
        7,
        4
      ],
      "direction": "Down"
    },
    {
      "type": "Deploy",
      "name": "塞雷娅",
      "location": [
        5,
        2
      ],
      "direction": "Right"
    },
    {
      "type": "Deploy",
      "name": "艾雅法拉",
      "location": [
        6,
        3
      ],
      "direction": "Up"
    },
    {
      "type": "Deploy",
      "name": "煌",
      "location": [
        6,
        4
      ],
      "direction": "Up"
    },
    {
      "type": "SkillDaemon"
    },
    {
      "type": "Output",
      "doc_color": "#6f42c1",
      "doc": "给个好评吧，亲~"
    }
  ],
  "doc": {
    "title": "年模组摆完挂机-混沌阵列",
    "details": "侬无言以对模组任务摆完挂机合集:BV1wU4y177Qu\n3星通关别传WR-9；必须编入非助战年并上场，且使用年至少歼灭10名敌人\n筱竹聽雨"
  },
  "groups": [],
  "opers": [
    {
      "name": "煌",
      "skill": 2,
      "skill_usage": 0
    },
    {
      "name": "塞雷娅",
      "skill": 2,
      "skill_usage": 0
    },
    {
      "name": "艾雅法拉",
      "skill": 2,
      "skill_usage": 0
    },
    {
      "name": "年",
      "skill": 3,
      "skill_usage": 1
    }
  ],
  "stage_name": "activities/act16d5/level_act16d5_09"
}