{
    "minimum_required": "v4.0.0",
    "stage_name": "main_07-08",
    "actions": [
        {
            "type": "SpeedUp"
        },
        {
            "type": "Deploy",
            "name": "棘刺",
            "location": [
                7,
                4
            ],
            "direction": "Up"
        },
        {
            "type": "Deploy",
            "name": "推进之王",
            "location": [
                8,
                3
            ],
            "direction": "Up"
        },
        {
            "type": "Deploy",
            "name": "艾雅法拉",
            "location": [
                2,
                5
            ],
            "direction": "Up"
        },
        {
            "type": "SkillDaemon"
        }
    ],
    "doc": {
        "title": "第七章 苦难摇篮 - 7-10 - 暗淡者之火 - 普通&突袭",
        "details": "统计日期：2024-05-11\n好评率：82.14%  浏览量：1741\n来源：_ 蘿卜卜  ID：21784\nBV16T4y1Y7DG \nup：祈星_Estrella\n视频练度：260(?)\n已测试"
    },
    "groups": [],
    "opers": [
        {
            "name": "棘刺",
            "skill": 3,
            "skill_usage": 1
        },
        {
            "name": "艾雅法拉",
            "skill": 2,
            "skill_usage": 0
        },
        {
            "name": "推进之王",
            "skill": 2,
            "skill_usage": 0
        }
    ],
    "difficulty": 3
}