{
    "minimum_required": "v4.0.0",
    "stage_name": "mem_lumen_1",
    "actions": [
        {
            "type": "SpeedUp"
        },
        {
            "type": "Deploy",
            "name": "艾丽妮",
            "location": [
                5,
                3
            ],
            "direction": "Left"
        },
        {
            "type": "Deploy",
            "name": "流明",
            "location": [
                7,
                3
            ],
            "direction": "Left"
        },
        {
            "type": "Skill",
            "name": "艾丽妮",
            "costs": 27
        },
        {
            "type": "Output",
            "doc_color": "Gold",
            "doc": "如果战斗失败请检查【截图增强】是否关闭"
        },
        {
            "type": "Deploy",
            "name": "圣徒之手",
            "location": [
                1,
                3
            ],
            "costs": 41,
            "direction": "Right"
        },
        {
            "type": "Deploy",
            "name": "圣徒之手",
            "location": [
                1,
                3
            ],
            "direction": "Right",
            "costs": 58
        },
        {
            "type": "BulletTime",
            "name": "艾丽妮"
        },
        {
            "type": "Skill",
            "name": "艾丽妮",
            "location": [
                5,
                3
            ],
            "cooling": 1
        },
        {
            "type": "Deploy",
            "name": "圣徒之手",
            "location": [
                1,
                3
            ],
            "costs": 81,
            "direction": "Right"
        },
        {
            "type": "Skill",
            "name": "流明",
            "location": [
                7,
                3
            ],
            "costs": 84
        },
        {
            "type": "Deploy",
            "name": "圣徒之手",
            "location": [
                1,
                3
            ],
            "costs": 99,
            "direction": "Right"
        },
        {
            "type": "BulletTime",
            "location": [
                5,
                3
            ]
        },
        {
            "type": "Skill",
            "name": "艾丽妮",
            "location": [
                5,
                3
            ],
            "pre_delay": 10
        },
        {
            "type": "Output",
            "doc_color": "DeepSkyBlue",
            "doc": "求各位 DOCTOR 给我一点反馈吧 (*σ´∀`)σ"
        }
    ],
    "doc": {
        "title": "【关闭截图增强】低练二倍速流明二技能 -悖论模拟-风浪微光",
        "details": "作业更新日期: 2024-08-13T02:04:29Z\n统计更新日期: 2024-08-17\n好评率：85.64%  浏览量：4875\n来源：542B  ID：29988\n发现流明带什么技能都无所谓，圣徒之手我们敬爱你口牙\n一定要关闭截图增强\n有问题请留言，希望对你有帮助\n不知道为什么隔壁那哥们复制我的作业而且啥也没改"
    },
    "groups": [],
    "opers": [
        {
            "name": "流明",
            "skill": 2,
            "skill_usage": 0
        },
        {
            "name": "作者   542B",
            "skill": 1,
            "skill_usage": 0
        },
        {
            "name": "求反馈",
            "skill": 2,
            "skill_usage": 0
        },
        {
            "name": "o(〃＾▽＾〃)o",
            "skill": 3,
            "skill_usage": 0
        }
    ]
}