{
    "minimum_required": "v4.0.0",
    "stage_name": "mem_hibisc_1",
    "actions": [
        {
            "type": "SpeedUp"
        },
        {
            "type": "Deploy",
            "name": "米格鲁",
            "location": [
                2,
                3
            ],
            "direction": "Right"
        },
        {
            "type": "Deploy",
            "name": "芙蓉",
            "location": [
                1,
                2
            ],
            "direction": "Right"
        },
        {
            "type": "Skill",
            "name": "芙蓉",
            "location": [
                1,
                2
            ],
            "kills": 17
        },
        {
            "type": "Skill",
            "location": [
                5,
                3
            ],
            "kills": 23,
            "doc": "引爆柱子",
            "doc_color": "DarkRed"
        },
        {
            "type": "SkillDaemon"
        }
    ],
    "doc": {
        "title": "芙蓉-悖论模拟-“持续关注”",
        "details": "统计日期：2024-05-31\n好评率：81.82%  浏览量：924\n来源：且半青derv  ID：27480\n芙蓉悖论模拟，6级技能。悖论模拟需要在MAA中关闭“自动编队”，在游戏中选好芙蓉一技能后处于“开始模拟”界面。\n参考：BV1gp4y1N7GP（努力摆烂的小嘉）；原制作：VisualMod\n本人更改了关卡名称，目前已经可以使用"
    },
    "groups": [],
    "opers": [
        {
            "name": "芙蓉",
            "skill": 1,
            "skill_usage": 0
        },
        {
            "name": "米格鲁",
            "skill": 1,
            "skill_usage": 0
        }
    ]
}