{
    "minimum_required": "v4.0.0",
    "stage_name": "mem_lava_1",
    "actions": [
        {
            "type": "SpeedUp"
        },
        {
            "type": "Deploy",
            "name": "炎熔",
            "location": [
                5,
                3
            ],
            "direction": "Right"
        },
        {
            "type": "Deploy",
            "name": "夜刀",
            "location": [
                7,
                3
            ],
            "direction": "Right",
            "kills": 74
        },
        {
            "type": "Skill",
            "name": "炎熔",
            "location": [
                5,
                3
            ],
            "kills": 91,
            "doc_color": "Gray",
            "doc": "直接挂机。不需要开技能，加一点容错而已"
        },
        {
            "type": "SkillDaemon"
        }
    ],
    "doc": {
        "title": "炎熔-悖论模拟-不过是几只小虫子！",
        "details": "统计日期：2024-05-11\n好评率：80.0%  浏览量：1051\n来源：VisualMod  ID：27295\n1级技能60信赖可过。悖论模拟需要在MAA中关闭“自动编队”，在游戏中选好炎熔一技能后处于“开始模拟”界面。\n作者：VisualMod"
    },
    "groups": [],
    "opers": []
}