{
  "minimum_required": "v4.0.0",
  "stage_name": "mem_sophia_1",
  "actions": [
    {
      "type": "Deploy",
      "name": "鞭刃",
      "location": [
        7,
        4
      ],
      "direction": "Left"
    },
    {
      "type": "SpeedUp"
    },
    {
      "type": "Deploy",
      "name": "临光",
      "location": [
        6,
        4
      ],
      "direction": "Left"
    },
    {
      "type": "Deploy",
      "name": "瑕光",
      "location": [
        5,
        4
      ],
      "direction": "Left"
    },
    {
      "type": "Deploy",
      "name": "梅什科线圈",
      "location": [
        4,
        5
      ],
      "direction": "None"
    },
    {
      "type": "Deploy",
      "name": "梅什科线圈",
      "location": [
        4,
        3
      ],
      "direction": "None"
    },
    {
      "type": "Deploy",
      "name": "梅什科线圈",
      "location": [
        3,
        3
      ],
      "direction": "None"
    },
    {
      "type": "Deploy",
      "name": "梅什科线圈",
      "location": [
        3,
        5
      ],
      "direction": "None"
    },
    {
      "type": "Deploy",
      "name": "便携式补给站",
      "location": [
        5,
        3
      ],
      "direction": "Down"
    },
    {
      "type": "SkillDaemon"
    }
  ],
  "doc": {
    "title": "近卫 - 鞭刃 - 因材施教 修复",
    "details": "https://www.bilibili.com/video/BV1wv4y1j7TQ/\n练度精二25级 7级技能\n制作者：一只摆烂的42\n有问题联系QQ2586582719\n修复"
  },
  "groups": [],
  "opers": [
    {
      "name": "鞭刃",
      "skill": 2,
      "skill_usage": 1
    }
  ]
}