{
    "minimum_required": "v4.0.0",
    "stage_name": "sub_03-2-1",
    "actions": [
        {
            "type": "SpeedUp"
        },
        {
            "type": "Deploy",
            "name": "山",
            "location": [
                4,
                1
            ],
            "direction": "Left"
        },
        {
            "type": "Skill",
            "name": "山",
            "pre_delay": 3000
        },
        {
            "type": "Deploy",
            "name": "煌",
            "location": [
                7,
                3
            ],
            "direction": "Left"
        },
        {
            "type": "Deploy",
            "name": "安赛尔",
            "location": [
                8,
                2
            ],
            "direction": "Left"
        },
        {
            "type": "Deploy",
            "name": "冰酿",
            "location": [
                4,
                4
            ],
            "direction": "Right"
        }
    ],
    "doc": {
        "title": "冰酿模组任务 - S3-3 - “桀骜”",
        "details": "作业更新日期: 2024-07-07T01:36:03Z\n统计更新日期: 2024-10-27\n好评率：66.67%  浏览量：50\n来源：一只摆烂的42  ID：39174\n冰酿「“桀骜”」模组任务\n3星通关主题曲S3-3；必须编入非助战冰酿并上场，且使用冰酿至少歼灭8个敌人\n原视频：https://www.bilibili.com/video/BV1HU411o7p9/\n制作者：一只摆烂的42\n有问题联系QQ2586582719\n修改自用请删除我的QQ"
    },
    "groups": [],
    "opers": [
        {
            "name": "冰酿",
            "skill": 2,
            "skill_usage": 0
        },
        {
            "name": "煌",
            "skill": 2,
            "skill_usage": 0
        },
        {
            "name": "山",
            "skill": 2,
            "skill_usage": 0
        },
        {
            "name": "安赛尔",
            "skill": 1,
            "skill_usage": 0
        }
    ]
}