{
    "minimum_required": "v4.0.0",
    "actions": [
        {
            "type": "SpeedUp"
        },
        {
            "type": "Deploy",
            "name": "帕拉斯",
            "location": [
                5,
                5
            ],
            "direction": "Left"
        },
        {
            "type": "Deploy",
            "name": "凯尔希",
            "location": [
                5,
                4
            ],
            "direction": "Left"
        },
        {
            "type": "Deploy",
            "name": "Mon3tr",
            "location": [
                5,
                3
            ],
            "direction": "Right"
        },
        {
            "type": "SkillDaemon"
        },
        {
            "type": "Output",
            "doc_color": "#6f42c1",
            "doc": "给个好评吧，亲~"
        }
    ],
    "doc": {
        "title": "帕拉斯模组摆完挂机-“故乡的山岩”",
        "details": "统计日期：2024-05-31\n好评率：100.0%  浏览量：121\n来源：作业代传——有问题联系原作者  ID：20934\n侬无言以对模组任务摆完挂机合集:BV1wU4y177Qu\n使用至多2人（包含助战）的队伍3星通关主题曲3-6；必须编入非助战帕拉斯并上场，其他成员仅可编入医疗干员\n筱竹聽雨"
    },
    "groups": [],
    "opers": [
        {
            "name": "帕拉斯",
            "skill": 1,
            "skill_usage": 0
        },
        {
            "name": "凯尔希",
            "skill": 3,
            "skill_usage": 1
        }
    ],
    "stage_name": "main_03-06"
}