{
    "minimum_required": "v4.0.0",
    "actions": [
        {
            "type": "SpeedUp"
        },
        {
            "type": "Deploy",
            "name": "煌",
            "location": [
                8,
                4
            ],
            "direction": "Right"
        },
        {
            "type": "Deploy",
            "name": "闪灵",
            "location": [
                6,
                5
            ],
            "direction": "Right"
        },
        {
            "type": "Deploy",
            "name": "拜松",
            "location": [
                9,
                4
            ],
            "direction": "Right"
        },
        {
            "type": "Output",
            "doc_color": "#6f42c1",
            "doc": "给个好评吧，亲~"
        }
    ],
    "doc": {
        "title": "拜松模组摆完挂机-“一路以来”",
        "details": "统计日期：2024-05-31\n好评率：100.0%  浏览量：88\n来源：作业代传——有问题联系原作者  ID：20852\n侬无言以对模组任务摆完挂机合集:BV1wU4y177Qu\n3星通关主题曲3-7；且仅可编入非助战拜松1名重装干员并上场\n筱竹聽雨"
    },
    "groups": [],
    "opers": [
        {
            "name": "煌",
            "skill": 2,
            "skill_usage": 0
        },
        {
            "name": "闪灵",
            "skill": 2,
            "skill_usage": 0
        },
        {
            "name": "拜松",
            "skill": 1,
            "skill_usage": 0
        }
    ],
    "stage_name": "main_03-07"
}