{
    "minimum_required": "v4.0.0",
    "actions": [
        {
            "type": "SpeedUp"
        },
        {
            "type": "Deploy",
            "name": "黑角",
            "location": [
                1,
                3
            ],
            "direction": "Up"
        },
        {
            "type": "Deploy",
            "name": "水月",
            "location": [
                1,
                4
            ],
            "direction": "Up"
        },
        {
            "type": "Deploy",
            "name": "塞雷娅",
            "location": [
                1,
                5
            ],
            "direction": "Right"
        },
        {
            "type": "Output",
            "doc_color": "#6f42c1",
            "doc": "给个好评吧，亲~"
        }
    ],
    "doc": {
        "title": "水月模组摆完挂机-深蓝之籽",
        "details": "作业更新日期: 2023-02-18T00:53:51Z\n统计更新日期: 2024-10-09\n好评率：75.86%  浏览量：950\n来源：作业代传——有问题联系原作者  ID：20955\n侬无言以对模组任务摆完挂机合集:BV1wU4y177Qu\n3星通关主题曲4-5；必须编入非助战水月并上场，且使用水月歼灭10个敌人\n筱竹聽雨"
    },
    "groups": [],
    "opers": [
        {
            "name": "水月",
            "skill": 1,
            "skill_usage": 0
        },
        {
            "name": "塞雷娅",
            "skill": 2,
            "skill_usage": 0
        },
        {
            "name": "黑角",
            "skill": 1,
            "skill_usage": 0
        }
    ],
    "stage_name": "main_04-05"
}