{
    "minimum_required": "v4.0.0",
    "stage_name": "act18d3_05",
    "actions": [
        {
            "type": "SpeedUp"
        },
        {
            "type": "Deploy",
            "name": "德克萨斯",
            "location": [
                2,
                4
            ],
            "direction": "Right"
        },
        {
            "type": "Deploy",
            "name": "能天使",
            "location": [
                3,
                3
            ],
            "direction": "Right"
        },
        {
            "type": "Deploy",
            "name": "浊心斯卡蒂",
            "location": [
                1,
                3
            ],
            "direction": "Right"
        },
        {
            "type": "Deploy",
            "name": "奶盾",
            "location": [
                5,
                4
            ],
            "direction": "Right"
        }
    ],
    "doc": {
        "title": "浊心斯卡蒂模组任务 - SV-5 - 蜕化的残迹",
        "details": "作业更新日期: 2024-10-09T13:29:20Z\n统计更新日期: 2024-11-13\n好评率：92.86%  浏览量：312\n来源：一只摆烂的42  ID：42292\n浊心斯卡蒂「蜕化的残迹」模组任务\n3星通关插曲SV-5；必须编入非助战浊心斯卡蒂并上场，且队伍中不能有医疗干员\nUP：涂绘天菜\n原视频：https://www.bilibili.com/video/BV1HJ2PYzE7X/\n制作者：一只摆烂的42\n有问题联系QQ2586582719\n修改自用请删除我的QQ"
    },
    "groups": [
        {
            "name": "奶盾",
            "opers": [
                {
                    "name": "塞雷娅",
                    "skill": 1,
                    "skill_usage": 0
                },
                {
                    "name": "黍",
                    "skill": 1,
                    "skill_usage": 0
                },
                {
                    "name": "临光",
                    "skill": 1,
                    "skill_usage": 0
                },
                {
                    "name": "古米",
                    "skill": 1,
                    "skill_usage": 0
                }
            ]
        }
    ],
    "opers": [
        {
            "name": "浊心斯卡蒂",
            "skill": 2,
            "skill_usage": 0
        },
        {
            "name": "能天使",
            "skill": 3,
            "skill_usage": 0
        },
        {
            "name": "德克萨斯",
            "skill": 1,
            "skill_usage": 0
        }
    ]
}