{
    "minimum_required": "v4.0.0",
    "stage_name": "main_05-02",
    "actions": [
        {
            "type": "SpeedUp"
        },
        {
            "type": "Deploy",
            "name": "桃金娘",
            "location": [
                8,
                5
            ],
            "direction": "Up"
        },
        {
            "type": "Deploy",
            "name": "山",
            "location": [
                9,
                2
            ],
            "direction": "Left"
        },
        {
            "type": "Deploy",
            "costs": 12,
            "name": "琳琅诗怀雅",
            "location": [
                8,
                4
            ],
            "direction": "Left"
        },
        {
            "type": "Deploy",
            "name": "芙蓉",
            "location": [
                9,
                3
            ],
            "direction": "Left",
            "costs": 19
        },
        {
            "type": "SkillDaemon"
        }
    ],
    "doc": {
        "title": "琳琅诗怀雅 模组任务 5-2 摆完挂机",
        "details": "作业更新日期: 2023-08-20T05:53:39Z\n统计更新日期: 2024-09-28\n好评率：66.67%  浏览量：185\n来源：醉雪寒冬  ID：26088\njson作者：@醉雪寒冬\n演示视频：BV1Rz4y1M72b\n桃金娘技能需要瞄一下 正常来说不会在阻挡时开技能\n桃金娘不需要练度 山和琳琅2607没有问题 芙蓉是个奶就行无压力"
    },
    "groups": [],
    "opers": [
        {
            "name": "桃金娘",
            "skill": 1,
            "skill_usage": 1
        },
        {
            "name": "山",
            "skill": 2,
            "skill_usage": 2
        },
        {
            "name": "琳琅诗怀雅",
            "skill": 3,
            "skill_usage": 0
        },
        {
            "name": "芙蓉",
            "skill": 1,
            "skill_usage": 1
        }
    ],
    "difficulty": 1
}