{
    "minimum_required": "v4.0.0",
    "actions": [
        {
            "type": "SpeedUp"
        },
        {
            "type": "Deploy",
            "name": "蓝毒",
            "location": [
                4,
                4
            ],
            "direction": "Up"
        },
        {
            "type": "Deploy",
            "name": "老鲤",
            "location": [
                5,
                3
            ],
            "direction": "Left"
        },
        {
            "type": "Output",
            "doc_color": "#6f42c1",
            "doc": "给个好评吧，亲~"
        }
    ],
    "doc": {
        "title": "老鲤模组摆完挂机-“无问吉凶”",
        "details": "作业更新日期: 2023-02-18T00:53:50Z\n统计更新日期: 2024-10-06\n好评率：97.06%  浏览量：766\n来源：作业代传——有问题联系原作者  ID：20917\n侬无言以对模组任务摆完挂机合集:BV1wU4y177Qu\n3星通关主题曲3-1；必须编入非助战老鲤并上场，其他成员仅可编入狙击、先锋与医疗干员\n筱竹聽雨"
    },
    "groups": [],
    "opers": [
        {
            "name": "蓝毒",
            "skill": 1,
            "skill_usage": 0
        },
        {
            "name": "老鲤",
            "skill": 3,
            "skill_usage": 0
        }
    ],
    "stage_name": "main_03-01"
}