{
    "minimum_required": "v4.0.0",
    "stage_name": "act21side_08",
    "actions": [
        {
            "type": "Deploy",
            "name": "荒芜拉普兰德",
            "location": [
                8,
                1
            ],
            "direction": "Down"
        },
        {
            "type": "Deploy",
            "name": "白面鸮",
            "location": [
                7,
                1
            ],
            "direction": "Down"
        },
        {
            "type": "SpeedUp"
        },
        {
            "type": "Deploy",
            "name": "煌",
            "location": [
                8,
                2
            ],
            "direction": "Down"
        },
        {
            "type": "Deploy",
            "name": "塞or黍",
            "location": [
                7,
                2
            ],
            "direction": "Down"
        },
        {
            "type": "SkillDaemon"
        }
    ],
    "doc": {
        "title": "叙拉古人 - IS-8 -  荒芜拉普兰德模组任务",
        "details": "作业更新日期: 2024-11-01T10:35:15Z\n统计更新日期: 2024-11-02\n好评率：54.55%  浏览量：594\n来源：小卡拉帕鲁灰  ID：42970\n异拉模组任务\n新干员识别可能出问题，用不了就手打吧"
    },
    "groups": [
        {
            "name": "塞or黍",
            "opers": [
                {
                    "name": "塞雷娅",
                    "skill": 1,
                    "skill_usage": 0
                },
                {
                    "name": "黍",
                    "skill": 1,
                    "skill_usage": 0
                }
            ]
        }
    ],
    "opers": [
        {
            "name": "荒芜拉普兰德",
            "skill": 3,
            "skill_usage": 1
        },
        {
            "name": "白面鸮",
            "skill": 2,
            "skill_usage": 1
        },
        {
            "name": "煌",
            "skill": 2,
            "skill_usage": 0
        }
    ]
}