{
    "minimum_required": "v4.0.0",
    "stage_name": "main_04-02",
    "actions": [
        {
            "type": "SpeedUp"
        },
        {
            "type": "Deploy",
            "name": "霜叶",
            "location": [
                8,
                2
            ],
            "direction": "Left"
        },
        {
            "type": "Deploy",
            "name": "泥岩",
            "location": [
                7,
                2
            ],
            "direction": "Down"
        },
        {
            "type": "SkillDaemon"
        }
    ],
    "doc": {
        "title": "霜叶模组任务4-2",
        "details": "作业更新日期: 2024-05-15T16:45:34Z\n统计更新日期: 2024-08-03\n好评率：100.0%  浏览量：31\n来源：今川碧海  ID：37695\nhttps://www.bilibili.com/video/BV1Rm421p76w/?spm_id_from=333.999.0.0&vd_source=15f5e238bce57da02f351bbc99ae1d3f"
    },
    "groups": [],
    "opers": [
        {
            "name": "泥岩",
            "skill": 2,
            "skill_usage": 0
        },
        {
            "name": "霜叶",
            "skill": 1,
            "skill_usage": 0
        }
    ],
    "difficulty": 1
}