{
    "minimum_required": "v4.0.0",
    "stage_name": "act17mini_01",
    "actions": [
        {
            "type": "SpeedUp"
        },
        {
            "type": "Deploy",
            "name": "术士",
            "location": [
                3,
                2
            ],
            "direction": "Right"
        },
        {
            "type": "Deploy",
            "name": "近卫",
            "location": [
                4,
                4
            ],
            "direction": "Right"
        },
        {
            "type": "SkillDaemon"
        }
    ],
    "doc": {
        "title": "KR-1 沙丘狂欢",
        "details": "JSON作者：清风小同学  攻略作者：萧然Q\n【【熔炉“还魂”记】KR-1至KR-8突袭 摆完挂机 简单好抄】 https://www.bilibili.com/video/BV1vf421z7bP/?share_source=copy_web&vd_source=915b3f132d69465ad53694d5846531c9"
    },
    "groups": [
        {
            "name": "近卫",
            "opers": [
                {
                    "name": "乌尔比安",
                    "skill": 2,
                    "skill_usage": 0
                },
                {
                    "name": "煌",
                    "skill": 2,
                    "skill_usage": 0
                }
            ]
        },
        {
            "name": "术士",
            "opers": [
                {
                    "name": "逻各斯",
                    "skill": 1,
                    "skill_usage": 0
                },
                {
                    "name": "艾雅法拉",
                    "skill": 2,
                    "skill_usage": 0
                }
            ]
        }
    ],
    "opers": [],
    "difficulty": 3
}