{
    "minimum_required": "v4.0",
    "doc": {
        "title": "【登临意】WB-1单人",
        "details": "UP主：侬无言以对\n原视频：https://www.bilibili.com/video/av777876700/\n有问题联系制作者QQ2586582719"
    },
    "stage_name": "act23side_01",
    "opers": [
        {
            "name": "煌",
            "skill": 2,
            "skill_usage": 0
        }
    ],
    "actions": [
        {
            "type": "二倍速",
            "name": ""
        },
        {
            "type": "部署",
            "name": "煌",
            "location": [
                1,
                1
            ],
            "direction": "下"
        },
        {
            "type": "打印",
            "name": "",
            "doc": "有问题联系制作者QQ2586582719",
            "doc_color": "SpringGreen"
        }
    ]
}