{
    "minimum_required": "v4.0.0",
    "stage_name": "act23side_03",
    "actions": [
        {
            "type": "Deploy",
            "name": "煌",
            "location": [
                8,
                2
            ],
            "direction": "Down"
        },
        {
            "type": "Deploy",
            "name": "艾雅法拉",
            "location": [
                2,
                4
            ],
            "direction": "Down"
        },
        {
            "type": "SpeedUp"
        },
        {
            "type": "SkillDaemon"
        }
    ],
    "doc": {
        "title": "登临意 - WB-3 - 树犹如此",
        "details": "作业更新日期: 2024-01-18T11:10:17Z\n统计更新日期: 2024-07-27\n好评率：100.0%  浏览量：2002\n来源：萨拉托加  ID：31938\n\n救不回来了，直接重写\n原作者祈星_Estrella JSON作者萨拉托加\n作业交流群545928846，如果作业有问题可以加群找我，评论区不能及时回复，还可以去群里蹲我的新作业\n【【登临意】WB-3摆完挂机简单好抄明日方舟wb3】 https://www.bilibili.com/video/BV1LR4y1e782/?share_source=copy_web&vd_source=3fd5040fe25f6a00e19e6072bcccfa4e"
    },
    "groups": [],
    "opers": [
        {
            "name": "煌",
            "skill": 2,
            "skill_usage": 0
        },
        {
            "name": "艾雅法拉",
            "skill": 2,
            "skill_usage": 0
        }
    ]
}