{
    "minimum_required": "v4.0",
    "doc": {
        "title": "【登临意】WB-8三人",
        "details": "UP主：侬无言以对\n原视频：https://www.bilibili.com/video/av692945435/\n有问题联系制作者QQ2586582719"
    },
    "stage_name": "act23side_08",
    "opers": [
        {
            "name": "塞雷娅",
            "skill": 1,
            "skill_usage": 0
        },
        {
            "name": "伊芙利特",
            "skill": 2,
            "skill_usage": 0
        },
        {
            "name": "艾雅法拉",
            "skill": 2,
            "skill_usage": 0
        }
    ],
    "actions": [
        {
            "type": "二倍速",
            "name": ""
        },
        {
            "type": "部署",
            "name": "塞雷娅",
            "location": [
                6,
                3
            ],
            "direction": "下"
        },
        {
            "type": "部署",
            "name": "艾雅法拉",
            "location": [
                7,
                4
            ],
            "direction": "左"
        },
        {
            "type": "部署",
            "name": "伊芙利特",
            "location": [
                7,
                2
            ],
            "direction": "左"
        },
        {
            "type": "打印",
            "name": "",
            "doc": "有问题联系制作者QQ2586582719",
            "doc_color": "SpringGreen"
        }
    ]
}