{
    "minimum_required": "v4.0.0",
    "stage_name": "act23side_09",
    "actions": [
        {
            "type": "Deploy",
            "name": "德克萨斯",
            "location": [
                5,
                5
            ],
            "direction": "Right"
        },
        {
            "type": "Deploy",
            "name": "煌",
            "location": [
                8,
                5
            ],
            "direction": "Right"
        },
        {
            "type": "SpeedUp"
        },
        {
            "type": "Deploy",
            "name": "艾雅法拉",
            "location": [
                4,
                2
            ],
            "direction": "Left"
        },
        {
            "type": "Deploy",
            "name": "浊心斯卡蒂",
            "location": [
                8,
                4
            ],
            "direction": "Right"
        },
        {
            "type": "Deploy",
            "name": "伊芙利特",
            "location": [
                11,
                5
            ],
            "direction": "Left"
        },
        {
            "type": "Deploy",
            "name": "能天使",
            "location": [
                8,
                2
            ],
            "direction": "Right",
            "kills": 5
        },
        {
            "type": "Deploy",
            "name": "塞雷娅",
            "location": [
                9,
                5
            ],
            "direction": "Right"
        },
        {
            "type": "Deploy",
            "name": "华法琳",
            "location": [
                7,
                2
            ],
            "direction": "Up"
        },
        {
            "type": "Skill",
            "name": "华法琳",
            "kills": 18
        },
        {
            "type": "SkillDaemon"
        }
    ],
    "doc": {
        "title": "登临意 - WB-9 - “冬藏” 含刻章",
        "details": "作业更新日期: 2024-01-17T13:12:39Z\n统计更新日期: 2024-07-27\n好评率：96.41%  浏览量：7965\n来源：萨拉托加  ID：31894\n\n原作者萧然Q JSON作者萨拉托加\n作业交流群545928846，如果作业有问题可以加群找我，评论区不能及时回复，还可以去群里蹲我的新作业\n【【登临意】WB全关卡 摆完挂机 简单好抄（更新至WB-EX-8突袭）】 https://www.bilibili.com/video/BV1Ms4y1t7FD/?p=11&share_source=copy_web&vd_source=3fd5040fe25f6a00e19e6072bcccfa4e"
    },
    "groups": [],
    "opers": [
        {
            "name": "德克萨斯",
            "skill": 1,
            "skill_usage": 0
        },
        {
            "name": "塞雷娅",
            "skill": 1,
            "skill_usage": 0
        },
        {
            "name": "艾雅法拉",
            "skill": 2,
            "skill_usage": 0
        },
        {
            "name": "浊心斯卡蒂",
            "skill": 2,
            "skill_usage": 0
        },
        {
            "name": "煌",
            "skill": 2,
            "skill_usage": 0
        },
        {
            "name": "能天使",
            "skill": 3,
            "skill_usage": 0
        },
        {
            "name": "伊芙利特",
            "skill": 2,
            "skill_usage": 0
        },
        {
            "name": "华法琳",
            "skill": 2,
            "skill_usage": 0
        }
    ]
}