{
    "minimum_required": "v4.0",
    "doc": {
        "title": "WB-EX-6突袭六人",
        "details": "UP：萧然Q\n原视频：https://www.bilibili.com/video/av947954866?p=19\n有问题联系制作者QQ2586582719"
    },
    "stage_name": "act23side_ex06",
    "opers": [
        {
            "name": "山",
            "skill": 2,
            "skill_usage": 2
        },
        {
            "name": "塞雷娅",
            "skill": 1,
            "skill_usage": 0
        },
        {
            "name": "艾雅法拉",
            "skill": 2,
            "skill_usage": 0
        },
        {
            "name": "伊芙利特",
            "skill": 2,
            "skill_usage": 0
        },
        {
            "name": "假日威龙陈",
            "skill": 3,
            "skill_usage": 0
        },
        {
            "name": "夜莺",
            "skill": 2,
            "skill_usage": 0
        }
    ],
    "actions": [
        {
            "type": "二倍速",
            "name": ""
        },
        {
            "type": "部署",
            "name": "塞雷娅",
            "location": [
                1,
                1
            ],
            "direction": "右"
        },
        {
            "type": "部署",
            "name": "艾雅法拉",
            "location": [
                2,
                4
            ],
            "direction": "上"
        },
        {
            "type": "部署",
            "name": "山",
            "location": [
                10,
                5
            ],
            "direction": "上"
        },
        {
            "type": "部署",
            "name": "假日威龙陈",
            "location": [
                5,
                5
            ],
            "direction": "上"
        },
        {
            "type": "部署",
            "name": "夜莺",
            "location": [
                3,
                5
            ],
            "direction": "右"
        },
        {
            "type": "技能",
            "name": "假日威龙陈",
            "pre_delay": 4000
        },
        {
            "type": "部署",
            "name": "伊芙利特",
            "location": [
                2,
                5
            ],
            "direction": "上"
        }
    ]
}