{
    "minimum_required": "v4.0.0",
    "stage_name": "act23side_ex02",
    "actions": [
        {
            "type": "Deploy",
            "name": "伊芙利特",
            "location": [
                5,
                6
            ],
            "direction": "Up"
        },
        {
            "type": "Deploy",
            "name": "塞雷娅",
            "location": [
                5,
                5
            ],
            "direction": "Down"
        },
        {
            "type": "SpeedUp"
        },
        {
            "type": "SkillDaemon"
        }
    ],
    "doc": {
        "title": "登临意 - WB-EX-2 - 开市大吉",
        "details": "作业更新日期: 2024-01-17T13:31:09Z\n统计更新日期: 2024-07-27\n好评率：99.84%  浏览量：6872\n来源：萨拉托加  ID：31896\n\n原作者魔法ZC目录 JSON作者萨拉托加\n作业交流群545928846，如果作业有问题可以加群找我，评论区不能及时回复，还可以去群里蹲我的新作业\n【【明日方舟】“登临意”WB-1~9摆完挂机全关卡攻略（含EX）！操作轻松+语音详解的愉悦攻略！《明日方舟》|魔法Zc目录】 https://www.bilibili.com/video/BV1t3411d71R/?p=11&share_source=copy_web&vd_source=3fd5040fe25f6a00e19e6072bcccfa4e"
    },
    "groups": [],
    "opers": [
        {
            "name": "塞雷娅",
            "skill": 1,
            "skill_usage": 0
        },
        {
            "name": "伊芙利特",
            "skill": 2,
            "skill_usage": 0
        }
    ],
    "difficulty": 3
}