{
    "minimum_required": "v4.0",
    "doc": {
        "title": "WB-EX-4突袭八人【镀层】",
        "details": "UP：萧然Q\n原视频：https://www.bilibili.com/video/av947954866?p=17\n有问题联系制作者QQ2586582719"
    },
    "stage_name": "act23side_ex04",
    "opers": [
        {
            "name": "德克萨斯",
            "skill": 1,
            "skill_usage": 0
        },
        {
            "name": "山",
            "skill": 2,
            "skill_usage": 2
        },
        {
            "name": "拉普兰德",
            "skill": 2,
            "skill_usage": 0
        },
        {
            "name": "塞雷娅",
            "skill": 2,
            "skill_usage": 0
        },
        {
            "name": "艾雅法拉",
            "skill": 2,
            "skill_usage": 0
        },
        {
            "name": "能天使",
            "skill": 3,
            "skill_usage": 0
        },
        {
            "name": "号角",
            "skill": 1,
            "skill_usage": 0
        },
        {
            "name": "夜莺",
            "skill": 2,
            "skill_usage": 0
        }
    ],
    "actions": [
        {
            "type": "部署",
            "cost_changes": 4,
            "name": "能天使",
            "location": [
                3,
                4
            ],
            "direction": "上"
        },
        {
            "type": "二倍速",
            "name": ""
        },
        {
            "type": "部署",
            "name": "山",
            "location": [
                1,
                5
            ],
            "direction": "下"
        },
        {
            "type": "部署",
            "name": "夜莺",
            "location": [
                3,
                3
            ],
            "direction": "左"
        },
        {
            "type": "部署",
            "name": "号角",
            "location": [
                5,
                2
            ],
            "direction": "左"
        },
        {
            "type": "部署",
            "name": "艾雅法拉",
            "location": [
                3,
                5
            ],
            "direction": "左"
        },
        {
            "type": "部署",
            "name": "拉普兰德",
            "location": [
                1,
                4
            ],
            "direction": "上"
        },
        {
            "type": "部署",
            "name": "塞雷娅",
            "location": [
                2,
                2
            ],
            "direction": "左"
        },
        {
            "type": "部署",
            "name": "德克萨斯",
            "location": [
                1,
                3
            ],
            "direction": "左"
        }
    ]
}