{
  "minimum_required": "v4.0.0",
  "stage_name": "act23side_08",
  "actions": [
    {
      "type": "Deploy",
      "name": "棘刺",
      "location": [
        6,
        3
      ],
      "direction": "Left"
    },
    {
      "type": "SpeedUp"
    },
    {
      "type": "Deploy",
      "name": "艾雅法拉",
      "location": [
        9,
        4
      ],
      "direction": "Down"
    },
    {
      "type": "Deploy",
      "name": "玛恩纳",
      "location": [
        2,
        3
      ],
      "direction": "Left"
    },
    {
      "type": "Skill",
      "name": "玛恩纳",
      "location": [
        2,
        3
      ],
      "kills": 23
    },
    {
      "type": "Skill",
      "name": "玛恩纳",
      "location": [
        2,
        3
      ],
      "kills": 39,
      "pre_delay": 1500
    },
    {
      "type": "SkillDaemon"
    }
  ],
  "doc": {
    "title": "登临意 - WB-8 - 旷古之晤 - 速刷紫薯",
    "details": "化学老施、无限定【登临意】WB-8 3人堵门速刷 111秒 轻锰矿 明日方舟 信赖攻略\nhttps://www.bilibili.com/video/BV17Y411R7MP/?spm_id_from=333.788&vd_source=10857a8c905c104ca2eab27415c72ffc"
  },
  "groups": [],
  "opers": [
    {
      "name": "玛恩纳",
      "skill": 3,
      "skill_usage": 0
    },
    {
      "name": "棘刺",
      "skill": 3,
      "skill_usage": 1
    },
    {
      "name": "艾雅法拉",
      "skill": 2,
      "skill_usage": 0
    }
  ]
}