{
  "minimum_required": "v4.0.0",
  "stage_name": "act31side_01",
  "actions": [
    {
      "type": "Deploy",
      "name": "令",
      "location": [
        6,
        2
      ],
      "direction": "Left"
    },
    {
      "type": "Deploy",
      "name": "“弦惊”",
      "location": [
        2,
        5
      ],
      "direction": "Left"
    },
    {
      "type": "SpeedUp"
    },
    {
      "type": "Deploy",
      "name": "“弦惊”",
      "location": [
        1,
        2
      ],
      "direction": "Right"
    },
    {
      "type": "Deploy",
      "name": "“弦惊”",
      "location": [
        1,
        3
      ],
      "direction": "Up"
    },
    {
      "type": "Deploy",
      "name": "“弦惊”",
      "location": [
        7,
        1
      ],
      "direction": "Right"
    },
    {
      "type": "SkillDaemon"
    }
  ],
  "doc": {
    "title": "HS-1 - 赴大荒 - 令",
    "details": "HS-令\n令：精二90级专3，三级模组\n已测试"
  },
  "groups": [],
  "opers": [
    {
      "name": "令",
      "skill": 3,
      "skill_usage": 1
    }
  ]
}