{
  "minimum_required": "v4.0.0",
  "stage_name": "act31side_ex01",
  "actions": [
    {
      "type": "Deploy",
      "name": "纯烬艾雅法拉",
      "location": [
        9,
        5
      ],
      "direction": "Up"
    },
    {
      "type": "Deploy",
      "name": "煌",
      "location": [
        9,
        4
      ],
      "direction": "Up"
    },
    {
      "type": "Deploy",
      "name": "夜莺",
      "location": [
        9,
        1
      ],
      "direction": "Down"
    },
    {
      "type": "Deploy",
      "name": "山",
      "location": [
        9,
        2
      ],
      "direction": "Down"
    },
    {
      "type": "SpeedUp"
    },
    {
      "type": "SkillDaemon"
    }
  ],
  "doc": {
    "title": "HS-EX-1 - 整地",
    "details": "原作者萧然Q JSON作者萨拉托加\n作业交流群545928846，如果作业有问题可以加群找我，评论区不能及时回复，还可以去群里蹲我的新作业\n【【怀黍离】HS-EX-1至EX-8突袭 摆完挂机 简单好抄（持续更新中）】 https://www.bilibili.com/video/BV1aC411z7nB/?share_source=copy_web&vd_source=3fd5040fe25f6a00e19e6072bcccfa4e"
  },
  "groups": [],
  "opers": [
    {
      "name": "煌",
      "skill": 2,
      "skill_usage": 0
    },
    {
      "name": "山",
      "skill": 2,
      "skill_usage": 2,
      "skill_times": 1
    },
    {
      "name": "夜莺",
      "skill": 2,
      "skill_usage": 0
    },
    {
      "name": "德克萨斯",
      "skill": 1,
      "skill_usage": 0
    },
    {
      "name": "纯烬艾雅法拉",
      "skill": 1,
      "skill_usage": 0
    }
  ],
  "difficulty": 3
}