{
  "minimum_required": "v4.0.0",
  "stage_name": "act31side_s03",
  "actions": [
    {
      "type": "Deploy",
      "name": "提丰",
      "location": [
        9,
        3
      ],
      "direction": "Left"
    },
    {
      "type": "Deploy",
      "name": "山",
      "location": [
        8,
        1
      ],
      "direction": "Left"
    },
    {
      "type": "Deploy",
      "name": "泵站",
      "location": [
        9,
        2
      ],
      "direction": "Left"
    },
    {
      "type": "Deploy",
      "name": "塞雷娅",
      "location": [
        4,
        6
      ],
      "direction": "Up"
    },
    {
      "type": "Deploy",
      "name": "澄闪",
      "location": [
        2,
        5
      ],
      "direction": "Right"
    },
    {
      "type": "Deploy",
      "name": "泵站",
      "location": [
        2,
        4
      ],
      "direction": "Right"
    },
    {
      "type": "Deploy",
      "name": "艾雅法拉",
      "location": [
        2,
        2
      ],
      "direction": "Up"
    },
    {
      "type": "SpeedUp"
    },
    {
      "type": "SkillDaemon"
    }
  ],
  "doc": {
    "title": "HS-S-3 - 环境观测站",
    "details": "塞雷娅Y模\n原作者萧然Q JSON作者萨拉托加\n作业交流群545928846，如果作业有问题可以加群找我，评论区不能及时回复，还可以去群里蹲我的新作业\n【【怀黍离】HS-S-1突袭至HS-MO-1 摆完挂机 简单好抄】 https://www.bilibili.com/video/BV1nZ421m7o3/?p=3&share_source=copy_web&vd_source=3fd5040fe25f6a00e19e6072bcccfa4e"
  },
  "groups": [],
  "opers": [
    {
      "skill_times": 1,
      "name": "山",
      "skill": 2,
      "skill_usage": 2
    },
    {
      "name": "塞雷娅",
      "skill": 1,
      "skill_usage": 0
    },
    {
      "name": "提丰",
      "skill": 2,
      "skill_usage": 1
    },
    {
      "name": "澄闪",
      "skill": 2,
      "skill_usage": 0
    },
    {
      "name": "艾雅法拉",
      "skill": 2,
      "skill_usage": 0
    }
  ],
  "difficulty": 3
}