{
    "minimum_required": "v4.0.0",
    "stage_name": "mem_kalts_1",
    "actions": [
        {
            "type": "Deploy",
            "name": "红",
            "location": [
                5,
                3
            ],
            "direction": "Up"
        },
        {
            "type": "Deploy",
            "name": "凯尔希",
            "location": [
                9,
                3
            ],
            "direction": "Left"
        },
        {
            "type": "Deploy",
            "name": "Mon3tr",
            "location": [
                6,
                2
            ],
            "direction": "Right"
        },
        {
            "type": "SpeedUp"
        },
        {
            "type": "BulletTime",
            "name": "凯尔希",
            "location": [
                9,
                3
            ],
            "cost_changes": 13
        },
        {
            "type": "Skill",
            "name": "凯尔希",
            "location": [
                9,
                3
            ]
        },
        {
            "type": "Deploy",
            "name": "红",
            "location": [
                8,
                1
            ],
            "direction": "Down"
        },
        {
            "type": "Retreat",
            "name": "Mon3tr",
            "location": [
                6,
                2
            ],
            "costs": 25
        },
        {
            "type": "Deploy",
            "name": "Mon3tr",
            "location": [
                8,
                3
            ],
            "direction": "Up"
        },
        {
            "type": "SpeedUp"
        },
        {
            "type": "BulletTime",
            "name": "凯尔希",
            "location": [
                9,
                3
            ],
            "cost_changes": 13
        },
        {
            "type": "Skill",
            "name": "凯尔希",
            "location": [
                9,
                3
            ]
        },
        {
            "type": "Deploy",
            "name": "Mon3tr",
            "location": [
                4,
                5
            ],
            "direction": "Right"
        },
        {
            "type": "Deploy",
            "name": "红",
            "location": [
                5,
                4
            ],
            "direction": "Down"
        },
        {
            "type": "BulletTime",
            "location": [
                9,
                3
            ],
            "cost_changes": 13
        },
        {
            "type": "Skill",
            "name": "凯尔希",
            "location": [
                9,
                3
            ]
        },
        {
            "type": "Deploy",
            "name": "Mon3tr",
            "location": [
                3,
                2
            ],
            "direction": "Left"
        },
        {
            "type": "Deploy",
            "name": "红",
            "location": [
                2,
                1
            ],
            "direction": "Down"
        },
        {
            "type": "BulletTime",
            "location": [
                9,
                3
            ],
            "cost_changes": 13
        },
        {
            "type": "Skill",
            "name": "凯尔希",
            "location": [
                9,
                3
            ]
        }
    ],
    "doc": {
        "title": "【凯尔希】悖论模拟- 文明切片",
        "details": "——————————\n作业更新日期: 2025-04-11T12:36:21Z\n统计更新日期: 2025-10-01\n相对评分：82.65%  相对热度：71.36%\n来源：LobsterJam  ID：49976\n——————————\n注意：Maa好像识别不了有皮肤的凯尔希，代理前请换成初始立绘\n自用 满潜能lv 90 三技能专三 \nX模Mon2tr 1级\n已测试通过"
    },
    "groups": [],
    "opers": [
        {
            "name": "凯尔希",
            "skill": 3,
            "skill_usage": 0
        }
    ]
}