{
    "minimum_required": "v4.0.0",
    "stage_name": "mem_deepcl_1",
    "actions": [
        {
            "type": "Deploy",
            "name": "深海色",
            "location": [
                7,
                2
            ],
            "direction": "Left"
        },
        {
            "type": "Deploy",
            "name": "触手",
            "location": [
                5,
                1
            ],
            "direction": "None"
        },
        {
            "type": "SpeedUp"
        },
        {
            "type": "Deploy",
            "name": "触手",
            "location": [
                6,
                3
            ],
            "direction": "None"
        },
        {
            "type": "Deploy",
            "name": "触手",
            "location": [
                1,
                3
            ],
            "direction": "None"
        },
        {
            "type": "Deploy",
            "name": "触手",
            "location": [
                4,
                2
            ],
            "direction": "None"
        },
        {
            "type": "Skill",
            "name": "深海色",
            "kills": 4
        }
    ],
    "doc": {
        "title": "辅助 - 深海色 - 战场绘图",
        "details": "统计日期：2024-05-05\n好评率：96.55%  浏览量：443\n来源：一只摆烂的42  ID：24390\nhttps://www.bilibili.com/video/BV1114y1n7PC/\n练度精二1级 6级技能\n制作者：一只摆烂的42\n有问题联系QQ2586582719"
    },
    "groups": [],
    "opers": [
        {
            "name": "深海色",
            "skill": 1,
            "skill_usage": 0
        }
    ]
}