{
    "minimum_required": "v4.0.0",
    "stage_name": "act39side_ex08",
    "actions": [
        {
            "type": "SpeedUp"
        },
        {
            "type": "Deploy",
            "name": "山",
            "location": [
                1,
                7
            ],
            "direction": "Right"
        },
        {
            "type": "Deploy",
            "name": "维什戴尔",
            "location": [
                10,
                5
            ],
            "direction": "Left"
        },
        {
            "type": "Deploy",
            "name": "铃兰",
            "location": [
                9,
                6
            ],
            "direction": "Up"
        },
        {
            "type": "Deploy",
            "name": "玛恩纳",
            "location": [
                8,
                4
            ],
            "direction": "Up"
        },
        {
            "type": "SkillUsage",
            "name": "玛恩纳",
            "skill_usage": 1,
            "kills": 7,
            "pre_delay": 2000
        },
        {
            "type": "SkillUsage",
            "name": "维什戴尔",
            "skill_usage": 0,
            "kills": 7
        },
        {
            "type": "Skill",
            "name": "铃兰",
            "location": [
                9,
                6
            ],
            "kills": 8
        },
        {
            "type": "SkillUsage",
            "name": "维什戴尔",
            "skill_usage": 1,
            "kills": 17
        },
        {
            "type": "Retreat",
            "location": [
                10,
                4
            ],
            "pre_delay": 2000
        },
        {
            "type": "Deploy",
            "name": "白面鸮",
            "location": [
                2,
                5
            ],
            "direction": "Down"
        },
        {
            "type": "Deploy",
            "name": "黍",
            "location": [
                10,
                2
            ],
            "direction": "Up",
            "kills": 20,
            "pre_delay": 2500
        },
        {
            "type": "Deploy",
            "name": "银灰",
            "location": [
                5,
                4
            ],
            "direction": "Up"
        },
        {
            "type": "Retreat",
            "name": "黍",
            "location": [
                10,
                2
            ],
            "costs": 88
        },
        {
            "type": "Skill",
            "name": "铃兰",
            "location": [
                9,
                6
            ],
            "pre_delay": 2500
        },
        {
            "type": "Deploy",
            "name": "黍",
            "location": [
                7,
                4
            ],
            "direction": "Up",
            "kills": 36
        },
        {
            "type": "SkillDaemon"
        }
    ],
    "doc": {
        "title": "EP-EX-8 - 盐海尽头",
        "details": "作业更新日期: 2024-12-14T06:44:20Z\n统计更新日期: 2024-12-15\n好评率：93.52%  浏览量：2680\n来源：焕彩gg  ID：44563\nEP-EX-8 - 盐海尽头"
    },
    "groups": [],
    "opers": [
        {
            "name": "黍",
            "skill": 3,
            "skill_usage": 1
        },
        {
            "name": "玛恩纳",
            "skill": 3,
            "skill_usage": 0
        },
        {
            "name": "银灰",
            "skill": 3,
            "skill_usage": 1
        },
        {
            "name": "维什戴尔",
            "skill": 3,
            "skill_usage": 1
        },
        {
            "name": "铃兰",
            "skill": 3,
            "skill_usage": 0
        },
        {
            "name": "山",
            "skill": 2,
            "skill_usage": 2,
            "skill_times": 1
        },
        {
            "name": "白面鸮",
            "skill": 2,
            "skill_usage": 0
        }
    ],
    "difficulty": 1
}