{
    "minimum_required": "v4.0.0",
    "stage_name": "act39side_ex04",
    "actions": [
        {
            "type": "Deploy",
            "name": "煌",
            "location": [
                9,
                1
            ],
            "direction": "Down"
        },
        {
            "type": "Deploy",
            "name": "克洛丝",
            "location": [
                1,
                4
            ],
            "direction": "Right"
        },
        {
            "type": "Deploy",
            "name": "艾雅法拉",
            "location": [
                6,
                3
            ],
            "direction": "Down"
        },
        {
            "type": "Deploy",
            "name": "能天使",
            "location": [
                6,
                4
            ],
            "direction": "Right"
        },
        {
            "type": "Deploy",
            "name": "奶盾",
            "location": [
                8,
                5
            ],
            "direction": "Left"
        },
        {
            "type": "Deploy",
            "name": "拉普兰德",
            "location": [
                9,
                5
            ],
            "direction": "Left"
        },
        {
            "type": "SpeedUp"
        },
        {
            "type": "SkillDaemon"
        }
    ],
    "doc": {
        "title": "EP-EX-4 - 鸣鳞原野",
        "details": "作业更新日期: 2024-12-12T15:22:06Z\n统计更新日期: 2024-12-13\n好评率：99.66%  浏览量：7428\n来源：萨拉托加  ID：44473\n原作者萧然Q JSON作者萨拉托加\n作业交流群群号1009052305，可蹲作业，有问题进群找我，作业站消息没提醒看不到\n【【出苍白海】EP-EX-1至EP-EX-8突袭 摆完挂机 简单好抄】 https://www.bilibili.com/video/BV1mWq8YbET9/?share_source=copy_web&vd_source=3fd5040fe25f6a00e19e6072bcccfa4e"
    },
    "groups": [
        {
            "name": "奶盾",
            "opers": [
                {
                    "name": "黍",
                    "skill": 1,
                    "skill_usage": 0
                },
                {
                    "name": "塞雷娅",
                    "skill": 1,
                    "skill_usage": 0
                }
            ]
        }
    ],
    "opers": [
        {
            "name": "煌",
            "skill": 2,
            "skill_usage": 0
        },
        {
            "name": "拉普兰德",
            "skill": 2,
            "skill_usage": 0
        },
        {
            "name": "克洛丝",
            "skill": 1,
            "skill_usage": 0
        },
        {
            "name": "艾雅法拉",
            "skill": 2,
            "skill_usage": 0
        },
        {
            "name": "能天使",
            "skill": 3,
            "skill_usage": 0
        }
    ],
    "difficulty": 3
}