{
  "minimum_required": "v4.0.0",
  "stage_name": "main_08-02",
  "actions": [
    {
      "type": "SpeedUp",
      "rear_delay": 0
    },
    {
      "type": "Deploy",
      "name": "棘刺",
      "location": [
        4,
        3
      ],
      "direction": "Right",
      "rear_delay": 0
    },
    {
      "type": "Deploy",
      "name": "泥岩",
      "location": [
        4,
        6
      ],
      "direction": "Right",
      "rear_delay": 0
    },
    {
      "type": "SkillDaemon"
    }
  ],
  "doc": {
    "title": "第八章 怒号光明 - R8-2 - 无辜的血肉摆挂",
    "details": "【R8-2双人摆完挂机包括突袭】 https://www.bilibili.com/video/BV1Xb4y1m7nQ/?share_source=copy_web&vd_source=66d70a220f916613ca952f3fa0deca15"
  },
  "groups": [],
  "opers": [
    {
      "name": "棘刺",
      "skill": 3,
      "skill_usage": 1
    },
    {
      "name": "泥岩",
      "skill": 2,
      "skill_usage": 0
    }
  ],
  "difficulty": 2
}