{
    "actions": [
        {
            "type": "二倍速"
        },
        {
            "type": "部署",
            "name": "斑点",
            "location": [
                6,
                4
            ],
            "direction": "左"
        },
        {
            "type": "部署",
            "name": "棘刺",
            "location": [
                3,
                3
            ],
            "direction": "右"
        },
        {
            "type": "部署",
            "name": "克洛丝",
            "location": [
                5,
                3
            ],
            "direction": "右"
        },
        {
            "type": "部署",
            "name": "安赛尔",
            "location": [
                8,
                4
            ],
            "direction": "左"
        },
        {
            "type": "部署",
            "name": "芙蓉",
            "location": [
                4,
                4
            ],
            "direction": "上"
        },
        {
            "type": "部署",
            "name": "砾",
            "location": [
                3,
                1
            ],
            "direction": "上",
            "kills": 30
        },
        {
            "type": "部署",
            "name": "夜刀",
            "location": [
                8,
                3
            ],
            "direction": "上"
        },
        {
            "type": "部署",
            "name": "砾",
            "location": [
                8,
                3
            ],
            "direction": "上",
            "kills": 44
        },
        {
            "type": "部署",
            "name": "夜刀",
            "location": [
                3,
                1
            ],
            "direction": "上"
        }
    ],
    "stage_name": "4-9",
    "doc": {
        "details": "作者：YueShen"
    },
    "opers": [
        {
            "name": "棘刺",
            "skill": 3,
            "skill_usage": 1
        },
        {
            "name": "夜刀"
        },
        {
            "name": "斑点",
            "skill": 1,
            "skill_usage": 1
        },
        {
            "name": "克洛丝",
            "skill": 1
        },
        {
            "name": "安赛尔",
            "skill": 1,
            "skill_usage": 1
        },
        {
            "name": "芙蓉",
            "skill": 1,
            "skill_usage": 1
        },
        {
            "name": "砾",
            "skill": 2
        }
    ]
}