{
    "minimum_required": "v4.0.0",
    "stage_name": "mem_ghost2_1",
    "actions": [
        {
            "type": "SpeedUp"
        },
        {
            "type": "Deploy",
            "name": "归溟幽灵鲨",
            "location": [
                3,
                5
            ],
            "direction": "Right"
        },
        {
            "type": "Skill",
            "name": "归溟幽灵鲨",
            "costs": 24
        },
        {
            "type": "Skill",
            "name": "幽灵鲨",
            "location": [
                5,
                5
            ]
        },
        {
            "type": "Skill",
            "name": "归溟幽灵鲨",
            "costs": 99,
            "pre_delay": 2000
        },
        {
            "type": "Skill",
            "name": "幽灵鲨",
            "location": [
                5,
                5
            ]
        }
    ],
    "doc": {
        "title": "特种 - 归溟幽灵鲨 - 倒影 - 悖论模拟",
        "details": "作业更新日期: 2024-05-01T08:49:17Z\n统计更新日期: 2024-09-07\n好评率：93.8%  浏览量：7577\n来源：半雨烟城  ID：36660\n二技能-七级-精二60\n感谢评分"
    },
    "groups": [],
    "opers": [
        {
            "name": "归溟幽灵鲨",
            "skill": 2,
            "skill_usage": 0
        }
    ]
}