{
    "minimum_required": "v4.0.0",
    "stage_name": "mem_mizuki_1",
    "actions": [
        {
            "type": "Deploy",
            "name": "水月",
            "location": [
                5,
                3
            ],
            "direction": "Right",
            "rear_delay": 0
        },
        {
            "type": "Deploy",
            "name": "米格鲁",
            "location": [
                8,
                3
            ],
            "direction": "Left",
            "rear_delay": 0
        },
        {
            "type": "Deploy",
            "name": "斑点",
            "location": [
                3,
                2
            ],
            "direction": "Right",
            "rear_delay": 0
        },
        {
            "type": "SpeedUp",
            "rear_delay": 0
        },
        {
            "type": "Deploy",
            "name": "卡缇",
            "location": [
                3,
                4
            ],
            "direction": "Right"
        },
        {
            "type": "Output",
            "kills": 18,
            "rear_delay": 5000
        },
        {
            "type": "Skill",
            "name": "水月"
        },
        {
            "type": "Skill",
            "name": "水月",
            "kills": 62,
            "rear_delay": 0
        },
        {
            "type": "SkillUsage",
            "name": "斑点",
            "skill_usage": 2
        },
        {
            "type": "SkillUsage",
            "name": "卡缇",
            "skill_usage": 2
        },
        {
            "type": "Skill",
            "name": "米格鲁",
            "kills": 82
        }
    ],
    "doc": {
        "title": "水月 悖论模拟",
        "details": "作业更新日期: 2024-05-01T08:38:43Z\n统计更新日期: 2024-11-30\n好评率：79.59%  浏览量：2282\n来源：rihno  ID：36672\nBV1WF411v721\nup：喜多V代\njson：yc.exe（maa://21440）\n修改原作业水月的技能时机\n2907已测试"
    },
    "groups": [],
    "opers": [
        {
            "name": "水月",
            "skill": 3,
            "skill_usage": 0
        }
    ]
}