{
    "minimum_required": "v4.0.0",
    "stage_name": "mem_sqrrel_1",
    "actions": [
        {
            "type": "Deploy",
            "name": "阿消",
            "location": [
                5,
                6
            ],
            "direction": "Up",
            "costs": 23
        },
        {
            "type": "Skill",
            "name": "阿消",
            "location": [
                5,
                6
            ],
            "pre_delay": 50500
        },
        {
            "type": "Skill",
            "name": "阿消",
            "location": [
                5,
                6
            ],
            "pre_delay": 32000
        },
        {
            "type": "Skill",
            "name": "阿消",
            "location": [
                5,
                6
            ],
            "pre_delay": 33700
        },
        {
            "type": "Skill",
            "costs": 0,
            "name": "阿消",
            "location": [
                5,
                6
            ],
            "pre_delay": 26000
        },
        {
            "type": "Skill",
            "costs": 0,
            "name": "阿消",
            "location": [
                5,
                6
            ],
            "pre_delay": 34000
        }
    ],
    "doc": {
        "title": "特种 - 阿消 - 喷射！",
        "details": "作业更新日期: 2024-02-07T13:05:22Z\n统计更新日期: 2024-11-30\n好评率：60.0%  浏览量：1696\n来源：萨拉托加  ID：30062\n阿消悖论受maa截图速度，模拟器帧率影响，差半秒都过不去\n建议还是手动打吧，maa轴特别难卡，基本没法写\nJSON作者萨拉托加\n作业交流群545928846，如果作业有问题可以加群找我，评论区不能及时回复，还可以去群里蹲我的新作业\n【【悖论模拟】阿消-精二1级无专精】 https://www.bilibili.com/video/BV1Jf4y1G7PB/?share_source=copy_web&vd_source=3fd5040fe25f6a00e19e6072bcccfa4e"
    },
    "groups": [],
    "opers": [
        {
            "name": "阿消",
            "skill": 2,
            "skill_usage": 0
        }
    ]
}