{
    "minimum_required": "v4.0.0",
    "stage_name": "main_04-03",
    "actions": [
        {
            "type": "SpeedUp"
        },
        {
            "type": "Deploy",
            "name": "号角",
            "location": [
                4,
                2
            ],
            "direction": "Right"
        },
        {
            "type": "Deploy",
            "name": "泥岩",
            "location": [
                5,
                4
            ],
            "direction": "Right"
        },
        {
            "type": "Deploy",
            "name": "烈夏",
            "location": [
                6,
                2
            ],
            "direction": "Right"
        },
        {
            "type": "SkillDaemon"
        }
    ],
    "doc": {
        "title": "烈夏模组任务4-3",
        "details": "作业更新日期: 2024-05-15T16:26:56Z\n统计更新日期: 2024-08-03\n好评率：100.0%  浏览量：27\n来源：今川碧海  ID：37692\nhttps://www.bilibili.com/video/BV1PT421y7TB/?spm_id_from=333.999.0.0&vd_source=15f5e238bce57da02f351bbc99ae1d3f"
    },
    "groups": [],
    "opers": [
        {
            "name": "烈夏",
            "skill": 2,
            "skill_usage": 1
        },
        {
            "name": "泥岩",
            "skill": 2,
            "skill_usage": 0
        },
        {
            "name": "号角",
            "skill": 1,
            "skill_usage": 0
        }
    ],
    "difficulty": 1
}