{
    "minimum_required": "v4.0.0",
    "stage_name": "mem_skgoat_1",
    "actions": [
        {
            "type": "SpeedUp"
        },
        {
            "type": "Deploy",
            "name": "地灵",
            "location": [
                7,
                4
            ],
            "direction": "Left"
        },
        {
            "type": "Deploy",
            "name": "障碍物",
            "location": [
                2,
                3
            ],
            "direction": "Left"
        },
        {
            "type": "Skill",
            "name": "地灵",
            "location": [
                7,
                4
            ],
            "costs": 89
        },
        {
            "type": "Skill",
            "name": "斯卡蒂",
            "location": [
                4,
                3
            ],
            "pre_delay": 29000
        },
        {
            "type": "SpeedUp",
            "kills": 14
        },
        {
            "type": "Skill",
            "name": "地灵",
            "location": [
                7,
                4
            ],
            "pre_delay": 30000
        },
        {
            "type": "Retreat",
            "name": "障碍物",
            "location": [
                2,
                3
            ],
            "pre_delay": 12000
        },
        {
            "type": "Deploy",
            "name": "障碍物",
            "location": [
                5,
                3
            ],
            "pre_delay": 1000,
            "direction": "Up"
        }
    ],
    "doc": {
        "title": "辅助 - 地灵 - “三人的阵线”【地灵悖论模拟】",
        "details": "——————————\n作业更新日期: 2024-02-07T19:31:05Z\n统计更新日期: 2025-06-21\n好评率：77.78%  浏览量：838\n来源：landgranf  ID：32658\n——————————\n地灵悖论模拟\n\n注意：截图时间较快的用户需要手动调箱，地灵开技能后等第一个血巫走到地灵上方格子，撤退箱子，在斯卡蒂右边补一个箱子\n\n练度：精二1级、7级技能\n原作者：turtleaaaaaaaaa   JSON作者landgranf\n悖论模拟需要在MAA中关闭“自动编队”，\n选好二技能后处于红色ui“开始模拟”界面，maa就可以按开始了\n【明日方舟】地灵的悖论模拟 跟炸烟花一样\nhttps://www.bilibili.com/video/BV1ro4y117t1"
    },
    "groups": [],
    "opers": [
        {
            "name": "地灵",
            "skill": 2,
            "skill_usage": 0
        }
    ]
}