{
    "minimum_required": "v4.0.0",
    "stage_name": "act13d5_04",
    "actions": [
        {
            "type": "SpeedUp"
        },
        {
            "type": "Deploy",
            "name": "棘刺",
            "location": [
                3,
                6
            ],
            "direction": "Right"
        },
        {
            "type": "SpeedUp",
            "kills": 2
        },
        {
            "type": "Deploy",
            "name": "瑕光",
            "location": [
                6,
                6
            ],
            "direction": "Right"
        },
        {
            "type": "SpeedUp",
            "kills": 4
        },
        {
            "type": "Deploy",
            "name": "崖心",
            "location": [
                5,
                6
            ],
            "direction": "Right"
        },
        {
            "type": "SpeedUp",
            "kills": 11
        },
        {
            "type": "SpeedUp",
            "kills": 14
        },
        {
            "type": "SkillDaemon",
            "doc_color": "DarkCyan",
            "doc": "如果觉得实用，请赏个好评吧~"
        }
    ],
    "doc": {
        "title": "崖心X瑕光X模组任务一起做",
        "details": "统计日期：2024-05-05\n好评率：100.0%  浏览量：130\n来源：Issuing2890  ID：32845\nLuCifer大膜王，https://www.bilibili.com/video/BV1yu411W7nY\n模组任务：3星通关别传MN-4，必须编入非助战XX干员并上场\n崖心：不编入其他特种干员\n瑕光：歼灭至少2名持盾独立骑士"
    },
    "groups": [],
    "opers": [
        {
            "name": "棘刺",
            "skill": 3,
            "skill_usage": 1
        },
        {
            "name": "瑕光",
            "skill": 1,
            "skill_usage": 0
        },
        {
            "name": "崖心",
            "skill": 2,
            "skill_usage": 1
        }
    ]
}