{
    "minimum_required": "v4.0.0",
    "stage_name": "sub_02-02",
    "actions": [
        {
            "type": "SpeedUp"
        },
        {
            "type": "Deploy",
            "name": "能天使",
            "location": [
                2,
                4
            ],
            "direction": "Up"
        },
        {
            "type": "Deploy",
            "name": "截云",
            "location": [
                3,
                2
            ],
            "direction": "Right"
        },
        {
            "type": "Deploy",
            "name": "塞雷娅",
            "location": [
                5,
                3
            ],
            "direction": "Right"
        },
        {
            "type": "Output",
            "doc_color": "#6f42c1",
            "doc": "给个好评吧，亲~"
        }
    ],
    "doc": {
        "title": "截云模组摆完挂机-小石头",
        "details": "统计日期：2024-05-05\n好评率：100.0%  浏览量：53\n来源：作业代传——有问题联系原作者  ID：20902\n侬无言以对模组任务摆完挂机合集:BV1wU4y177Qu\n3星通关主题曲S2-2；必须编入非助战截云并上场，且使用截云至少歼灭10名敌人\n筱竹聽雨"
    },
    "groups": [],
    "opers": [
        {
            "name": "塞雷娅",
            "skill": 1,
            "skill_usage": 0
        },
        {
            "name": "能天使",
            "skill": 1,
            "skill_usage": 0
        },
        {
            "name": "截云",
            "skill": 1,
            "skill_usage": 0
        }
    ]
}