{
    "minimum_required": "v4.0.0",
    "stage_name": "main_11-02",
    "actions": [
        {
            "type": "Deploy",
            "name": "推进之王",
            "location": [
                2,
                4
            ],
            "direction": "Down"
        },
        {
            "type": "SpeedUp"
        },
        {
            "type": "Deploy",
            "name": "煌",
            "location": [
                3,
                4
            ],
            "direction": "Left"
        },
        {
            "type": "Deploy",
            "name": "夜莺",
            "location": [
                2,
                2
            ],
            "direction": "Down"
        },
        {
            "type": "Deploy",
            "name": "能天使",
            "location": [
                3,
                2
            ],
            "direction": "Down"
        },
        {
            "type": "SkillDaemon"
        }
    ],
    "doc": {
        "title": "第十一章 淬火尘霾 - 11-2（标准） - 一丝光亮 推进之王模组“初诺”解锁任务",
        "details": "统计日期：2024-05-11\n好评率：96.0%  浏览量：1223\n来源：萨拉托加  ID：28900\n推进之王模组任务“初诺”\n条件：3星通关主题曲11-2标准实战环境；必须编入非助战推进之王，且第一位部署推进之王、推进之王全程不撤退或被击倒\n这几天在做有推王的作业的时候才发现作业站好像没人写这个，就写一下\n【【明日方舟】推进之王第二模组任务摆完挂机】 https://www.bilibili.com/video/BV1uo4y167iQ/?share_source=copy_web&vd_source=3fd5040fe25f6a00e19e6072bcccfa4e UP侬无言以对"
    },
    "groups": [],
    "opers": [
        {
            "name": "推进之王",
            "skill": 2,
            "skill_usage": 0
        },
        {
            "name": "夜莺",
            "skill": 2,
            "skill_usage": 0
        },
        {
            "name": "能天使",
            "skill": 1,
            "skill_usage": 0
        },
        {
            "name": "煌",
            "skill": 2,
            "skill_usage": 0
        }
    ]
}