{
    "minimum_required": "v4.0.0",
    "stage_name": "main_11-05",
    "actions": [
        {
            "type": "Deploy",
            "name": "焰影苇草",
            "location": [
                5,
                2
            ],
            "direction": "Left"
        },
        {
            "type": "Deploy",
            "name": "浊心斯卡蒂",
            "location": [
                5,
                4
            ],
            "direction": "Left"
        },
        {
            "type": "Deploy",
            "name": "逻各斯",
            "location": [
                4,
                4
            ],
            "direction": "Left"
        },
        {
            "type": "Skill",
            "name": "焰影苇草",
            "kills": 3,
            "pre_delay": 2000
        },
        {
            "type": "SpeedUp"
        },
        {
            "type": "Deploy",
            "name": "维什戴尔",
            "location": [
                6,
                4
            ],
            "direction": "Left"
        },
        {
            "type": "SkillUsage",
            "name": "焰影苇草",
            "skill_usage": 1
        },
        {
            "type": "SkillDaemon"
        }
    ],
    "doc": {
        "title": "第十一章 淬火尘霾 - 11-6（标准） - 演绎文明 逻各斯模组任务",
        "details": "统计日期：2024-05-11\n好评率：91.67%  浏览量：835\n来源：萨拉托加  ID：36845\nlogos模组任务 李狗剩模组任务\n应该还可以同时完成焰影苇草和维什戴尔的模组任务\nJSON作者萨拉托加\n作业交流群545928846，如果作业有问题可以加群找我，评论区不能及时回复，还可以去群里蹲我的新作业"
    },
    "groups": [],
    "opers": [
        {
            "name": "逻各斯",
            "skill": 1,
            "skill_usage": 0
        },
        {
            "name": "维什戴尔",
            "skill": 1,
            "skill_usage": 0
        },
        {
            "name": "焰影苇草",
            "skill": 3,
            "skill_usage": 0
        },
        {
            "name": "浊心斯卡蒂",
            "skill": 2,
            "skill_usage": 0
        }
    ]
}