{
    "minimum_required": "v4.0.0",
    "stage_name": "act13side_05",
    "actions": [
        {
            "type": "Deploy",
            "name": "焰尾",
            "location": [
                9,
                5
            ],
            "direction": "Up"
        },
        {
            "type": "SpeedUp"
        },
        {
            "type": "Deploy",
            "name": "闪灵",
            "location": [
                8,
                6
            ],
            "direction": "Up"
        },
        {
            "type": "Deploy",
            "name": "能天使",
            "location": [
                7,
                6
            ],
            "direction": "Up"
        },
        {
            "type": "Deploy",
            "name": "星熊",
            "location": [
                8,
                3
            ],
            "direction": "Down"
        }
    ],
    "doc": {
        "title": "闪灵x焰尾x模组任务一起做",
        "details": "统计日期：2024-05-05\n好评率：95.65%  浏览量：1067\n来源：Issuing2890  ID：28187\nLuCifer大膜王，https://www.bilibili.com/video/BV1UL411i7xs\n模组任务：3星通关别传NL-5；必须编入非助战XX干员\n焰尾：第一位部署、全程不撤退或被击倒\n闪灵：上场，且所有干员不被击倒"
    },
    "groups": [],
    "opers": [
        {
            "name": "焰尾",
            "skill": 1,
            "skill_usage": 0
        },
        {
            "name": "闪灵",
            "skill": 2,
            "skill_usage": 0
        },
        {
            "name": "星熊",
            "skill": 2,
            "skill_usage": 0
        },
        {
            "name": "能天使",
            "skill": 1,
            "skill_usage": 0
        }
    ]
}