{
  "minimum_required": "v4.0.0",
  "stage_name": "act23side_09",
  "actions": [
    {
      "type": "Deploy",
      "name": "能天使",
      "location": [
        8,
        4
      ],
      "direction": "Right"
    },
    {
      "type": "SpeedUp"
    },
    {
      "type": "Deploy",
      "name": "煌",
      "location": [
        8,
        5
      ],
      "direction": "Right"
    },
    {
      "type": "Deploy",
      "name": "泥岩",
      "location": [
        3,
        1
      ],
      "direction": "Left"
    },
    {
      "type": "Deploy",
      "name": "浊心斯卡蒂",
      "location": [
        9,
        4
      ],
      "direction": "Down"
    },
    {
      "type": "Deploy",
      "name": "塞雷娅",
      "location": [
        9,
        5
      ],
      "direction": "Left"
    },
    {
      "type": "SkillDaemon"
    }
  ],
  "doc": {
    "title": "WB-9",
    "details": "https://www.bilibili.com/video/BV15x4y1u7yp   by 命辰\nScript by luckyluke\n\n"
  },
  "groups": [],
  "opers": [
    {
      "name": "塞雷娅",
      "skill": 1,
      "skill_usage": 0
    },
    {
      "name": "煌",
      "skill": 2,
      "skill_usage": 0
    },
    {
      "name": "泥岩",
      "skill": 2,
      "skill_usage": 0
    },
    {
      "name": "能天使",
      "skill": 3,
      "skill_usage": 0
    },
    {
      "name": "浊心斯卡蒂",
      "skill": 2,
      "skill_usage": 0
    }
  ]
}