{
    "minimum_required": "v4.0.0",
    "stage_name": "wk_armor_4",
    "actions": [
        {
            "type": "SpeedUp"
        },
        {
            "type": "Deploy",
            "name": "令",
            "location": [
                1,
                4
            ],
            "direction": "Right"
        },
        {
            "type": "Deploy",
            "name": "“弦惊”",
            "location": [
                2,
                5
            ],
            "direction": "Right"
        },
        {
            "type": "Deploy",
            "name": "“弦惊”",
            "location": [
                3,
                5
            ],
            "direction": "Left"
        },
        {
            "type": "Deploy",
            "name": "“弦惊”",
            "location": [
                5,
                1
            ],
            "direction": "Down"
        },
        {
            "type": "Deploy",
            "name": "“弦惊”",
            "location": [
                4,
                1
            ],
            "direction": "Right"
        },
        {
            "type": "Deploy",
            "name": "“弦惊”",
            "location": [
                3,
                1
            ],
            "direction": "Right"
        },
        {
            "type": "Deploy",
            "name": "“弦惊”",
            "location": [
                3,
                2
            ],
            "direction": "Up"
        }
    ],
    "doc": {
        "title": "资源保障 - SK-4 - 据地清剿",
        "details": "作业更新日期: 2024-03-25T05:59:59Z\n统计更新日期: 2024-11-30\n好评率：100.0%  浏览量：136\n来源：KennyS  ID：35421\n令无潜能精二60级专3三技能，低点应该也行\n技能有时候开不出来\n上路没合成大龙也问题不大"
    },
    "groups": [],
    "opers": [
        {
            "name": "令",
            "skill": 3,
            "skill_usage": 1
        },
        {
            "name": "“弦惊”",
            "skill": 1,
            "skill_usage": 0
        }
    ]
}