{
    "minimum_required": "v4.0.0",
    "stage_name": "pro_b_1",
    "actions": [
        {
            "type": "SpeedUp"
        },
        {
            "type": "Deploy",
            "name": "棘刺",
            "location": [
                5,
                5
            ],
            "direction": "Up"
        },
        {
            "type": "Deploy",
            "name": "艾雅法拉",
            "location": [
                7,
                6
            ],
            "direction": "Left",
            "kills": 15
        },
        {
            "type": "SkillDaemon"
        }
    ],
    "doc": {
        "title": "【至高之术】PR-B-1",
        "details": "统计日期：2024-05-25\n好评率：100.0%  浏览量：115\n来源：御卿长安  ID：22491\n实际作战：棘刺.艾雅法拉"
    },
    "groups": [
        {
            "name": "治疗",
            "opers": [
                {
                    "name": "白面鸮",
                    "skill": 2,
                    "skill_usage": 0
                },
                {
                    "name": "浊心斯卡蒂",
                    "skill": 2,
                    "skill_usage": 0
                }
            ]
        },
        {
            "name": "挡2近卫",
            "opers": [
                {
                    "name": "煌",
                    "skill": 2,
                    "skill_usage": 0
                },
                {
                    "name": "山",
                    "skill": 2,
                    "skill_usage": 2
                }
            ]
        }
    ],
    "opers": [
        {
            "name": "棘刺",
            "skill": 3,
            "skill_usage": 1
        },
        {
            "name": "塞雷娅",
            "skill": 1,
            "skill_usage": 0
        },
        {
            "name": "艾雅法拉",
            "skill": 2,
            "skill_usage": 0
        },
        {
            "name": "红豆",
            "skill": 2,
            "skill_usage": 0
        },
        {
            "name": "能天使",
            "skill": 3,
            "skill_usage": 0
        }
    ]
}