{
    "minimum_required": "v4.0.0",
    "stage_name": "pro_d_2",
    "actions": [
        {
            "type": "Deploy",
            "name": "令",
            "location": [
                5,
                3
            ],
            "direction": "Down"
        },
        {
            "type": "Deploy",
            "name": "“弦惊”",
            "location": [
                1,
                6
            ],
            "direction": "Right"
        },
        {
            "type": "Deploy",
            "name": "工具人",
            "location": [
                6,
                2
            ],
            "direction": "Right"
        },
        {
            "type": "SpeedUp"
        },
        {
            "type": "Deploy",
            "name": "“弦惊”",
            "location": [
                4,
                2
            ],
            "direction": "Right"
        },
        {
            "type": "Retreat",
            "location": [
                6,
                2
            ]
        },
        {
            "type": "Deploy",
            "name": "“弦惊”",
            "location": [
                4,
                1
            ],
            "direction": "Down"
        },
        {
            "type": "Deploy",
            "name": "“弦惊”",
            "location": [
                4,
                4
            ],
            "direction": "Right"
        },
        {
            "type": "Deploy",
            "name": "“弦惊”",
            "location": [
                3,
                6
            ],
            "direction": "Right"
        },
        {
            "type": "Skill",
            "name": "令",
            "location": [
                5,
                3
            ],
            "cost_changes": 30
        },
        {
            "type": "Retreat",
            "name": "“弦惊”",
            "location": [
                4,
                4
            ],
            "kills": 38
        },
        {
            "type": "Deploy",
            "name": "“弦惊”",
            "location": [
                4,
                4
            ],
            "direction": "Right"
        },
        {
            "type": "Retreat",
            "name": "“弦惊”",
            "location": [
                4,
                4
            ],
            "kills": 42
        },
        {
            "type": "Deploy",
            "name": "“弦惊”",
            "location": [
                4,
                4
            ],
            "direction": "Right"
        },
        {
            "type": "Skill",
            "pre_delay": 4500,
            "name": "令",
            "location": [
                5,
                3
            ]
        },
        {
            "type": "Retreat",
            "name": "“弦惊”",
            "location": [
                1,
                6
            ],
            "kills": 47
        },
        {
            "type": "Deploy",
            "name": "“弦惊”",
            "location": [
                9,
                6
            ],
            "direction": "Left"
        }
    ],
    "doc": {
        "title": "身先士卒 - PR-D-2 - 猛攻 令单人",
        "details": "统计日期：2024-05-25\n好评率：87.1%  浏览量：987\n来源：Eric  ID：30313\n作者：24Ti_\nhttps://www.bilibili.com/video/BV1S3411F7XX/?spm_id_from=333.337.search-card.all.click&vd_source=1596f73611f1847c8bd4c4ccde108c05"
    },
    "groups": [
        {
            "name": "工具人",
            "opers": [
                {
                    "name": "翎羽",
                    "skill": 1,
                    "skill_usage": 0
                },
                {
                    "name": "夜刀",
                    "skill": 1,
                    "skill_usage": 0
                },
                {
                    "name": "风笛",
                    "skill": 1,
                    "skill_usage": 0
                },
                {
                    "name": "格拉尼",
                    "skill": 1,
                    "skill_usage": 0
                },
                {
                    "name": "苇草",
                    "skill": 1,
                    "skill_usage": 0
                },
                {
                    "name": "野鬃",
                    "skill": 1,
                    "skill_usage": 0
                },
                {
                    "name": "红豆",
                    "skill": 1,
                    "skill_usage": 0
                }
            ]
        }
    ],
    "opers": [
        {
            "name": "令",
            "skill": 3,
            "skill_usage": 0
        }
    ]
}