{
    "minimum_required": "v4.0.0",
    "stage_name": "mem_absin_1",
    "actions": [
        {
            "type": "Deploy",
            "name": "戴菲恩",
            "location": [
                6,
                2
            ],
            "direction": "Left"
        },
        {
            "type": "Deploy",
            "name": "苦艾",
            "location": [
                1,
                4
            ],
            "direction": "Right"
        },
        {
            "type": "SpeedUp",
            "costs": 3
        },
        {
            "type": "Skill",
            "name": "戴菲恩",
            "location": [
                6,
                2
            ],
            "kills": 2
        },
        {
            "type": "SpeedUp",
            "kills": 2,
            "costs": 25
        },
        {
            "type": "Skill",
            "name": "苦艾",
            "location": [
                1,
                4
            ],
            "kills": 2,
            "costs": 38
        },
        {
            "type": "Deploy",
            "name": "夜刀",
            "location": [
                4,
                3
            ],
            "direction": "Left"
        },
        {
            "type": "SpeedUp",
            "kills": 4
        },
        {
            "type": "Skill",
            "kills": 6,
            "pre_delay": 10000,
            "rear_delay": 0,
            "name": "戴菲恩",
            "location": [
                6,
                2
            ]
        },
        {
            "type": "Skill",
            "kills": 6,
            "pre_delay": 12000,
            "name": "苦艾",
            "location": [
                1,
                4
            ]
        },
        {
            "type": "Deploy",
            "name": "夜刀",
            "location": [
                3,
                5
            ],
            "direction": "Left"
        }
    ],
    "doc": {
        "title": "【苦艾】悖论模拟 - 接力行动",
        "details": "——————————\n作业更新日期: 2024-11-01T12:08:38Z\n统计更新日期: 2025-06-17\n好评率：58.0%  浏览量：1034\n来源：LobsterJam  ID：42324\n——————————\n已测试通过，\nlv40 二技能7级。"
    },
    "groups": [],
    "opers": [
        {
            "name": "苦艾",
            "skill": 2,
            "skill_usage": 0
        }
    ]
}