{
    "minimum_required": "v4.0.0",
    "actions": [
        {
            "type": "SpeedUp"
        },
        {
            "type": "Deploy",
            "name": "能天使",
            "location": [
                6,
                1
            ],
            "direction": "Down"
        },
        {
            "type": "Deploy",
            "name": "煌",
            "location": [
                6,
                2
            ],
            "direction": "Down"
        },
        {
            "type": "Deploy",
            "name": "图耶",
            "location": [
                7,
                1
            ],
            "direction": "Down"
        },
        {
            "type": "Output",
            "doc_color": "#6f42c1",
            "doc": "给个好评吧，亲~"
        }
    ],
    "doc": {
        "title": "图耶模组摆完挂机-集水装置",
        "details": "作业更新日期: 2023-02-18T00:53:51Z\n统计更新日期: 2024-11-30\n好评率：100.0%  浏览量：72\n来源：作业代传——有问题联系原作者  ID：20964\n侬无言以对模组任务摆完挂机合集:BV1wU4y177Qu\n3星通关主题曲4-6；必须编入非助战图耶并上场，其他成员仅可编入6名干员\n筱竹聽雨"
    },
    "groups": [],
    "opers": [
        {
            "name": "能天使",
            "skill": 1,
            "skill_usage": 0
        },
        {
            "name": "煌",
            "skill": 2,
            "skill_usage": 0
        },
        {
            "name": "图耶",
            "skill": 2,
            "skill_usage": 0
        }
    ],
    "stage_name": "main_04-06"
}