{
    "minimum_required": "v4.0.0",
    "actions": [
        {
            "type": "SpeedUp"
        },
        {
            "type": "Deploy",
            "name": "障碍物",
            "location": [
                1,
                3
            ],
            "direction": "None"
        },
        {
            "type": "Deploy",
            "name": "障碍物",
            "location": [
                2,
                4
            ],
            "direction": "None"
        },
        {
            "type": "Deploy",
            "name": "障碍物",
            "location": [
                8,
                4
            ],
            "direction": "None"
        },
        {
            "type": "Deploy",
            "name": "安洁莉娜",
            "location": [
                8,
                5
            ],
            "direction": "Right"
        },
        {
            "type": "Deploy",
            "name": "障碍物",
            "location": [
                4,
                5
            ],
            "direction": "None",
            "kills": 10
        },
        {
            "type": "Deploy",
            "name": "障碍物",
            "location": [
                7,
                3
            ],
            "direction": "None"
        },
        {
            "type": "Deploy",
            "name": "水月",
            "location": [
                3,
                1
            ],
            "direction": "Left"
        },
        {
            "type": "Deploy",
            "name": "孑",
            "location": [
                11,
                4
            ],
            "direction": "Down"
        },
        {
            "type": "Output",
            "doc_color": "#6f42c1",
            "doc": "给个好评吧，亲~"
        }
    ],
    "doc": {
        "title": "安洁莉娜模组摆完挂机-重力校准模块",
        "details": "作业更新日期: 2023-02-18T00:53:48Z\n统计更新日期: 2024-11-30\n好评率：73.91%  浏览量：664\n来源：作业代传——有问题联系原作者  ID：20845\n侬无言以对模组任务摆完挂机合集:BV1wU4y177Qu\n3星通关主题曲4-4；必须编入非助战安洁莉娜并上场，其他成员仅可编入2名特种干员\n筱竹聽雨"
    },
    "groups": [],
    "opers": [
        {
            "name": "孑",
            "skill": 2,
            "skill_usage": 0
        },
        {
            "name": "安洁莉娜",
            "skill": 1,
            "skill_usage": 0
        },
        {
            "name": "水月",
            "skill": 1,
            "skill_usage": 0
        }
    ],
    "stage_name": "main_04-04"
}