{
    "minimum_required": "v4.0.0",
    "actions": [
        {
            "type": "SpeedUp"
        },
        {
            "type": "Deploy",
            "name": "归溟幽灵鲨",
            "location": [
                4,
                4
            ],
            "direction": "Right"
        },
        {
            "type": "Deploy",
            "name": "煌",
            "location": [
                2,
                4
            ],
            "direction": "Right"
        },
        {
            "type": "Deploy",
            "name": "塞雷娅",
            "location": [
                3,
                4
            ],
            "direction": "Right"
        },
        {
            "type": "Output",
            "doc_color": "#6f42c1",
            "doc": "给个好评吧，亲~"
        }
    ],
    "doc": {
        "title": "归溟幽灵鲨模组摆完挂机-“唱片”收藏箱",
        "details": "作业更新日期: 2023-02-18T00:53:49Z\n统计更新日期: 2024-11-30\n好评率：98.31%  浏览量：1350\n来源：作业代传——有问题联系原作者  ID：20877\n侬无言以对模组任务摆完挂机合集:BV1wU4y177Qu\n3星通关插曲SV-EX-1；必须编入非助战归溟幽灵鲨并上场，且使用归溟幽灵鲨歼灭至少1个囊海爬行者\n筱竹聽雨"
    },
    "groups": [],
    "opers": [
        {
            "name": "煌",
            "skill": 2,
            "skill_usage": 0
        },
        {
            "name": "塞雷娅",
            "skill": 1,
            "skill_usage": 0
        },
        {
            "name": "归溟幽灵鲨",
            "skill": 2,
            "skill_usage": 0
        }
    ],
    "stage_name": "act18d3_ex01"
}