{
    "minimum_required": "v4.0.0",
    "stage_name": "main_04-08",
    "actions": [
        {
            "type": "SpeedUp"
        },
        {
            "type": "Deploy",
            "name": "棘刺",
            "location": [
                1,
                3
            ],
            "direction": "Right"
        },
        {
            "type": "Deploy",
            "name": "奶盾",
            "location": [
                1,
                4
            ],
            "direction": "Right"
        },
        {
            "type": "Deploy",
            "name": "波卜",
            "direction": "Left",
            "location": [
                8,
                2
            ]
        },
        {
            "type": "Deploy",
            "name": "豆苗",
            "location": [
                2,
                5
            ],
            "direction": "Right"
        },
        {
            "type": "Deploy",
            "name": "磐蟹护卫队",
            "location": [
                5,
                4
            ],
            "direction": "None"
        },
        {
            "type": "SkillDaemon"
        }
    ],
    "doc": {
        "title": "波卜模组任务 - 4-8 - 社工课程二手教材",
        "details": "作业更新日期: 2024-11-02T16:49:04Z\n统计更新日期: 2024-11-30\n好评率：100.0%  浏览量：12\n来源：一只摆烂的42  ID：43095\n波卜「社工课程二手教材」模组任务\n3星通关主题曲4-8；必须编入非助战波卜并上场，且波卜使用至少2次“此路不通”\nUP：鬼魅ghost白\n原视频：https://www.bilibili.com/video/BV1F7SRY9EZi/\n制作者：一只摆烂的42\n有问题联系QQ2586582719\n修改自用请删除我的QQ"
    },
    "groups": [
        {
            "name": "奶盾",
            "opers": [
                {
                    "name": "塞雷娅",
                    "skill": 1,
                    "skill_usage": 0
                },
                {
                    "name": "黍",
                    "skill": 1,
                    "skill_usage": 0
                },
                {
                    "name": "临光",
                    "skill": 1,
                    "skill_usage": 0
                },
                {
                    "name": "古米",
                    "skill": 1,
                    "skill_usage": 0
                }
            ]
        }
    ],
    "opers": [
        {
            "name": "波卜",
            "skill": 2,
            "skill_usage": 1
        },
        {
            "name": "棘刺",
            "skill": 3,
            "skill_usage": 1
        },
        {
            "name": "豆苗",
            "skill": 1,
            "skill_usage": 0
        }
    ],
    "difficulty": 1
}