{
    "minimum_required": "v4.0.0",
    "stage_name": "main_03-08",
    "actions": [
        {
            "type": "Deploy",
            "name": "能天使",
            "location": [
                6,
                3
            ],
            "direction": "Left"
        },
        {
            "type": "Deploy",
            "name": "涤火杰西卡",
            "location": [
                7,
                5
            ],
            "direction": "Left"
        },
        {
            "type": "SpeedUp"
        },
        {
            "type": "Deploy",
            "name": "煌",
            "location": [
                8,
                3
            ],
            "direction": "Down"
        },
        {
            "type": "Deploy",
            "name": "塞雷娅",
            "location": [
                8,
                4
            ],
            "direction": "Left"
        },
        {
            "type": "SkillDaemon"
        }
    ],
    "doc": {
        "title": "第三章 二次呼吸 - 3-8 - 黄昏【涤火杰西卡模组任务】",
        "details": "作业更新日期: 2024-03-07T15:39:01Z\n统计更新日期: 2024-11-30\n好评率：100.0%  浏览量：334\n来源：小卡拉帕鲁灰  ID：34715\ndj模组任务\n任务要求：dj击杀碎骨\n已测试"
    },
    "groups": [],
    "opers": [
        {
            "name": "涤火杰西卡",
            "skill": 2,
            "skill_usage": 1
        },
        {
            "name": "煌",
            "skill": 2,
            "skill_usage": 0
        },
        {
            "name": "塞雷娅",
            "skill": 1,
            "skill_usage": 0
        },
        {
            "name": "能天使",
            "skill": 3,
            "skill_usage": 0
        }
    ],
    "difficulty": 1
}