{
    "minimum_required": "v4.0.0",
    "actions": [
        {
            "type": "SpeedUp"
        },
        {
            "type": "Deploy",
            "name": "能天使",
            "location": [
                4,
                4
            ],
            "direction": "Right"
        },
        {
            "type": "Deploy",
            "name": "艾雅法拉",
            "location": [
                4,
                3
            ],
            "direction": "Right"
        },
        {
            "type": "Deploy",
            "name": "泥岩",
            "location": [
                5,
                3
            ],
            "direction": "Right"
        },
        {
            "type": "Deploy",
            "name": "砾",
            "location": [
                2,
                3
            ],
            "direction": "Right"
        },
        {
            "type": "Output",
            "doc_color": "#6f42c1",
            "doc": "给个好评吧，亲~"
        }
    ],
    "doc": {
        "title": "砾模组摆完挂机-隐秘行动工具包",
        "details": "作业更新日期: 2023-02-18T00:53:50Z\n统计更新日期: 2024-11-30\n好评率：100.0%  浏览量：483\n来源：作业代传——有问题联系原作者  ID：20919\n侬无言以对模组任务摆完挂机合集:BV1wU4y177Qu\n3星通关主题曲4-8；必须编入非助战砾并上场，且所有干员不被击倒\n筱竹聽雨"
    },
    "groups": [],
    "opers": [
        {
            "name": "艾雅法拉",
            "skill": 2,
            "skill_usage": 0
        },
        {
            "name": "能天使",
            "skill": 3,
            "skill_usage": 0
        },
        {
            "name": "泥岩",
            "skill": 2,
            "skill_usage": 0
        },
        {
            "name": "砾",
            "skill": 2,
            "skill_usage": 0
        }
    ],
    "stage_name": "main_04-08"
}