{
    "minimum_required": "v4.0.0",
    "actions": [
        {
            "type": "SpeedUp"
        },
        {
            "type": "Deploy",
            "name": "煌",
            "location": [
                3,
                4
            ],
            "direction": "Left"
        },
        {
            "type": "Deploy",
            "name": "塞雷娅",
            "location": [
                6,
                4
            ],
            "direction": "Right"
        },
        {
            "type": "Deploy",
            "name": "野鬃",
            "location": [
                2,
                4
            ],
            "direction": "Left"
        },
        {
            "type": "Output",
            "doc_color": "#6f42c1",
            "doc": "给个好评吧，亲~"
        }
    ],
    "doc": {
        "title": "野鬃模组摆完挂机-长枪替补套装",
        "details": "作业更新日期: 2023-02-18T00:53:52Z\n统计更新日期: 2024-11-30\n好评率：83.33%  浏览量：106\n来源：作业代传——有问题联系原作者  ID：20988\n侬无言以对模组任务摆完挂机合集:BV1wU4y177Qu\n3星通关别传MN-2；必须编入非助战野鬃并上场，其他成员不可编入先锋干员\n筱竹聽雨"
    },
    "groups": [],
    "opers": [
        {
            "name": "煌",
            "skill": 2,
            "skill_usage": 0
        },
        {
            "name": "塞雷娅",
            "skill": 1,
            "skill_usage": 0
        },
        {
            "name": "野鬃",
            "skill": 1,
            "skill_usage": 0
        }
    ],
    "stage_name": "act13d5_02"
}