{
    "minimum_required": "v4.0.0",
    "actions": [
        {
            "type": "SpeedUp"
        },
        {
            "type": "Deploy",
            "name": "能天使",
            "location": [
                1,
                2
            ],
            "direction": "Right"
        },
        {
            "type": "Deploy",
            "name": "铅踝",
            "location": [
                2,
                2
            ],
            "direction": "Right"
        },
        {
            "type": "Deploy",
            "name": "煌",
            "location": [
                2,
                3
            ],
            "direction": "Right"
        },
        {
            "type": "Deploy",
            "name": "黑角",
            "location": [
                5,
                1
            ],
            "direction": "Right",
            "kills": 25
        },
        {
            "type": "Output",
            "doc_color": "#6f42c1",
            "doc": "给个好评吧，亲~"
        }
    ],
    "doc": {
        "title": "铅踝模组摆完挂机-雪花球",
        "details": "作业更新日期: 2023-02-18T00:53:50Z\n统计更新日期: 2024-11-30\n好评率：77.78%  浏览量：267\n来源：作业代传——有问题联系原作者  ID：20939\n侬无言以对模组任务摆完挂机合集:BV1wU4y177Qu\n3星通关主题曲S3-5；必须编入非助战铅踝并上场，且使用铅踝歼灭至少2个隐形弩手\n筱竹聽雨"
    },
    "groups": [],
    "opers": [
        {
            "name": "煌",
            "skill": 2,
            "skill_usage": 0
        },
        {
            "name": "能天使",
            "skill": 1,
            "skill_usage": 0
        },
        {
            "name": "铅踝",
            "skill": 1,
            "skill_usage": 0
        },
        {
            "name": "黑角",
            "skill": 1,
            "skill_usage": 0
        }
    ],
    "stage_name": "sub_03-2-3"
}