{
    "minimum_required": "v4.0.0",
    "stage_name": "mem_vrdant_1",
    "actions": [
        {
            "type": "Deploy",
            "name": "维荻",
            "location": [
                5,
                3
            ],
            "direction": "Left"
        },
        {
            "type": "SpeedUp"
        },
        {
            "type": "Deploy",
            "name": "调香师",
            "location": [
                5,
                4
            ],
            "direction": "Up"
        },
        {
            "type": "Skill",
            "name": "维荻",
            "kills": 2
        },
        {
            "type": "Deploy",
            "name": "爱丽丝",
            "location": [
                6,
                4
            ],
            "direction": "Up"
        },
        {
            "type": "Skill",
            "name": "爱丽丝",
            "kills": 7,
            "pre_delay": 100
        },
        {
            "type": "Skill",
            "name": "维荻",
            "costs": 67
        },
        {
            "type": "Skill",
            "name": "调香师"
        },
        {
            "type": "Skill",
            "name": "爱丽丝",
            "costs": 82
        },
        {
            "type": "Skill",
            "name": "爱丽丝",
            "pre_delay": 14000
        }
    ],
    "doc": {
        "title": "特种 - 维荻 - 请勿踩踏",
        "details": "作业更新日期: 2024-07-15T08:42:38Z\n统计更新日期: 2024-10-07\n好评率：88.89%  浏览量：130\n来源：一只摆烂的42  ID：39479\nhttps://www.bilibili.com/video/BV13F4m1T7d8/\n感谢 @b服 70#2255 的测试\n练度精二1级 5级技能\n制作者：一只摆烂的42\n有问题联系QQ2586582719\n修改自用请删除我的QQ"
    },
    "groups": [],
    "opers": [
        {
            "name": "维荻",
            "skill": 2,
            "skill_usage": 0
        }
    ]
}