{
    "minimum_required": "v4.0.0",
    "stage_name": "mem_bena_1",
    "actions": [
        {
            "type": "SpeedUp"
        },
        {
            "type": "Deploy",
            "name": "Lancet-2",
            "location": [
                6,
                3
            ],
            "direction": "Right",
            "costs": 40
        },
        {
            "type": "Deploy",
            "name": "爱丽丝",
            "location": [
                8,
                3
            ],
            "direction": "Left",
            "costs": 37
        },
        {
            "type": "Deploy",
            "name": "贝娜",
            "location": [
                7,
                4
            ],
            "direction": "Left",
            "costs": 14
        },
        {
            "type": "SkillDaemon"
        }
    ],
    "doc": {
        "title": "特种 - 贝娜 - 死缠烂打",
        "details": "作业更新日期: 2023-11-01T13:48:05Z\n统计更新日期: 2024-10-07\n好评率：94.59%  浏览量：883\n来源：空中花园的蒂视者  ID：29658\n可能被钳兽冲家"
    },
    "groups": [],
    "opers": [
        {
            "name": "贝娜",
            "skill": 1,
            "skill_usage": 0
        },
        {
            "name": "爱丽丝",
            "skill": 1,
            "skill_usage": 0
        },
        {
            "name": "Lancet-2",
            "skill": 1,
            "skill_usage": 0
        }
    ]
}