{
    "minimum_required": "v4.0.0",
    "stage_name": "mem_haak_1",
    "actions": [
        {
            "type": "SpeedUp"
        },
        {
            "type": "Deploy",
            "name": "阿",
            "location": [
                5,
                5
            ],
            "direction": "Left"
        },
        {
            "type": "Skill",
            "name": "阿",
            "location": [
                5,
                5
            ],
            "kills": 3
        },
        {
            "type": "Skill",
            "name": "卡涅利安",
            "location": [
                2,
                5
            ],
            "kills": 0,
            "pre_delay": 200
        },
        {
            "type": "Deploy",
            "name": "雪雉的安全起重机",
            "location": [
                6,
                5
            ],
            "pre_delay": 1000,
            "direction": "Left"
        },
        {
            "type": "Deploy",
            "name": "闪灵",
            "location": [
                5,
                3
            ],
            "direction": "Left"
        },
        {
            "type": "Deploy",
            "name": "阿",
            "location": [
                5,
                5
            ],
            "direction": "Right",
            "kills": 33
        },
        {
            "type": "Skill",
            "name": "斯卡蒂",
            "location": [
                7,
                6
            ],
            "kills": 34
        },
        {
            "type": "Skill",
            "name": "阿",
            "location": [
                5,
                5
            ]
        },
        {
            "type": "Deploy",
            "name": "雪雉的安全起重机",
            "location": [
                6,
                5
            ],
            "pre_delay": 1000,
            "direction": "Left"
        },
        {
            "type": "Deploy",
            "name": "阿",
            "location": [
                5,
                2
            ],
            "direction": "Up"
        },
        {
            "type": "Skill",
            "name": "闪灵",
            "location": [
                5,
                3
            ],
            "cost_changes": 23
        },
        {
            "type": "Skill",
            "name": "阿",
            "location": [
                5,
                2
            ]
        },
        {
            "type": "Skill",
            "name": "黑",
            "location": [
                4,
                2
            ],
            "pre_delay": 100
        },
        {
            "type": "Skill",
            "name": "卡涅利安",
            "location": [
                2,
                5
            ]
        }
    ],
    "doc": {
        "title": "阿 悖论模拟",
        "details": "作业更新日期: 2023-02-12T02:57:00Z\n统计更新日期: 2024-10-07\n好评率：63.64%  浏览量：2768\n来源：鱼丸不是鱼van  ID：20106\n攻略作者：倾九_Komy   BV1e24y1h7ca\n自动战斗作者：鱼丸\n请用 阿 的三技能"
    },
    "groups": [],
    "opers": [],
    "difficulty": 0
}