{
    "minimum_required": "v4.0.0",
    "stage_name": "mem_kazema_1",
    "actions": [
        {
            "type": "SpeedUp"
        },
        {
            "type": "Deploy",
            "name": "海蒂",
            "location": [
                5,
                5
            ],
            "direction": "Right",
            "kills": 0,
            "costs": 10
        },
        {
            "type": "Deploy",
            "name": "风丸",
            "location": [
                4,
                6
            ],
            "direction": "Right",
            "costs": 15
        },
        {
            "type": "Skill",
            "kills": 3,
            "costs": 30,
            "name": "海蒂",
            "location": [
                5,
                5
            ]
        },
        {
            "type": "Skill",
            "name": "风丸",
            "location": [
                4,
                6
            ],
            "kills": 3,
            "costs": 32
        },
        {
            "type": "SkillUsage",
            "name": "海蒂",
            "skill_usage": 1
        },
        {
            "type": "SkillUsage",
            "name": "风丸",
            "skill_usage": 1
        },
        {
            "type": "SkillDaemon"
        }
    ],
    "doc": {
        "title": "悖论模拟-风丸-共谋",
        "details": "作业更新日期: 2023-06-15T17:31:59Z\n统计更新日期: 2024-10-07\n好评率：96.77%  浏览量：1368\n来源：zero  ID：24023\n风丸精二一级，七级二技能\n参考视频：BV1vP411972e"
    },
    "groups": [],
    "opers": [
        {
            "name": "风丸",
            "skill": 2,
            "skill_usage": 0
        }
    ]
}