{
    "minimum_required": "v4.0.0",
    "stage_name": "mem_vigil_1",
    "actions": [
        {
            "type": "SpeedUp"
        },
        {
            "type": "Deploy",
            "name": "伺夜",
            "location": [
                6,
                3
            ],
            "direction": "Left",
            "pre_delay": 1000
        },
        {
            "type": "Deploy",
            "name": "狼群",
            "location": [
                5,
                4
            ],
            "direction": "None"
        },
        {
            "type": "Deploy",
            "name": "克洛丝",
            "location": [
                5,
                3
            ],
            "direction": "Left"
        },
        {
            "type": "Deploy",
            "name": "米格鲁",
            "location": [
                6,
                4
            ],
            "direction": "Down",
            "kills": 16
        },
        {
            "type": "SkillUsage",
            "name": "伺夜",
            "skill_usage": 0
        },
        {
            "type": "Skill",
            "name": "伺夜",
            "pre_delay": 25000,
            "location": [
                6,
                3
            ]
        },
        {
            "type": "Skill",
            "name": "米格鲁",
            "location": [
                6,
                4
            ],
            "pre_delay": 10000
        },
        {
            "type": "SkillUsage",
            "name": "伺夜",
            "skill_usage": 1
        },
        {
            "type": "SkillDaemon"
        }
    ],
    "doc": {
        "title": "悖论模拟 - 先锋 - 伺夜",
        "details": "测试 精二30级0专满潜满信赖无模 \nMaaTouch触控模式 已过\n米格鲁似乎多余了，没起作用=_="
    },
    "groups": [],
    "opers": [
        {
            "name": "伺夜",
            "skill": 3,
            "skill_usage": 1
        },
        {
            "name": "狼群",
            "skill": 1,
            "skill_usage": 0
        },
        {
            "name": "克洛丝",
            "skill": 1,
            "skill_usage": 0
        },
        {
            "name": "米格鲁",
            "skill": 1,
            "skill_usage": 0
        }
    ]
}