{
    "minimum_required": "v4.0.0",
    "stage_name": "mem_wyvern_1",
    "actions": [
        {
            "type": "Deploy",
            "name": "香草",
            "location": [
                9,
                2
            ],
            "direction": "Left"
        },
        {
            "type": "SpeedUp"
        },
        {
            "type": "Skill",
            "name": "香草",
            "location": [
                9,
                2
            ],
            "kills": 2
        },
        {
            "type": "Skill",
            "kills": 17,
            "name": "香草",
            "location": [
                9,
                2
            ]
        },
        {
            "type": "Skill",
            "name": "香草",
            "location": [
                9,
                2
            ],
            "kills": 34,
            "pre_delay": 200
        },
        {
            "type": "Skill",
            "name": "香草",
            "location": [
                9,
                2
            ],
            "kills": 50
        },
        {
            "type": "Skill",
            "location": [
                4,
                1
            ]
        },
        {
            "type": "Deploy",
            "name": "克洛丝",
            "location": [
                8,
                5
            ],
            "direction": "Left"
        },
        {
            "type": "Skill",
            "name": "香草",
            "location": [
                9,
                2
            ],
            "kills": 72,
            "pre_delay": 300
        }
    ],
    "doc": {
        "title": "香草-悖论模拟-告别软弱",
        "details": "香草55级技能6/7级。悖论模拟需要在MAA中关闭“自动编队”，在游戏中选好香草一技能后处于“开始模拟”界面。\n作者：VisualMod，参考：maa://22499。"
    },
    "groups": [],
    "opers": [
        {
            "name": "香草",
            "skill": 1,
            "skill_usage": 0
        },
        {
            "name": "克洛丝",
            "skill": 1,
            "skill_usage": 0
        }
    ]
}