{
    "minimum_required": "v4.0.0",
    "stage_name": "tough_14-11",
    "actions": [
        {
            "type": "Deploy",
            "name": "桃金娘",
            "location": [
                1,
                5
            ],
            "direction": "Right"
        },
        {
            "type": "Deploy",
            "name": "山",
            "location": [
                9,
                6
            ],
            "direction": "Left"
        },
        {
            "type": "Deploy",
            "name": "煌",
            "location": [
                2,
                6
            ],
            "direction": "Right"
        },
        {
            "type": "SpeedUp"
        },
        {
            "type": "Deploy",
            "name": "奶",
            "location": [
                3,
                4
            ],
            "direction": "Down"
        },
        {
            "type": "SkillUsage",
            "name": "桃金娘",
            "skill_usage": 0
        },
        {
            "type": "Skill",
            "location": [
                10,
                5
            ],
            "kills": 22
        },
        {
            "type": "Skill",
            "location": [
                7,
                5
            ],
            "kills": 23
        },
        {
            "type": "Skill",
            "location": [
                7,
                5
            ],
            "kills": 96,
            "pre_delay": 4000
        },
        {
            "type": "SkillDaemon"
        }
    ],
    "doc": {
        "title": "第十四章 慈悲灯塔 - 14-12（磨难） - 使徒",
        "details": "统计日期：2024-06-01\n好评率：100.0%  浏览量：1159\n来源：godpwp  ID：36781\n第十四章 慈悲灯塔 - 14-12（磨难） - 使徒"
    },
    "groups": [
        {
            "name": "奶",
            "opers": [
                {
                    "name": "纯烬艾雅法拉",
                    "skill": 1,
                    "skill_usage": 0
                },
                {
                    "name": "华法琳",
                    "skill": 1,
                    "skill_usage": 0
                },
                {
                    "name": "蜜莓",
                    "skill": 1,
                    "skill_usage": 0
                }
            ]
        }
    ],
    "opers": [
        {
            "name": "桃金娘",
            "skill": 1,
            "skill_usage": 1
        },
        {
            "skill_times": 1,
            "name": "山",
            "skill": 2,
            "skill_usage": 2
        },
        {
            "name": "煌",
            "skill": 2,
            "skill_usage": 0
        }
    ]
}