{
    "minimum_required": "v4.0.0",
    "stage_name": "camp_r_23",
    "actions": [
        {
            "type": "Deploy",
            "name": "执旗手",
            "location": [
                3,
                4
            ],
            "direction": "Up"
        },
        {
            "type": "Deploy",
            "name": "煌",
            "location": [
                3,
                3
            ],
            "direction": "Right"
        },
        {
            "type": "SpeedUp"
        },
        {
            "type": "Deploy",
            "name": "维什戴尔",
            "location": [
                6,
                5
            ],
            "direction": "Left",
            "pre_delay": 200
        },
        {
            "type": "Deploy",
            "name": "某法师",
            "location": [
                4,
                6
            ],
            "direction": "Up"
        },
        {
            "type": "Deploy",
            "name": "奶盾",
            "location": [
                3,
                5
            ],
            "direction": "Right"
        },
        {
            "type": "Deploy",
            "name": "随便有某个干员都行",
            "location": [
                4,
                4
            ],
            "direction": "Right"
        },
        {
            "type": "Deploy",
            "name": "元素奶",
            "location": [
                3,
                6
            ],
            "direction": "Up"
        },
        {
            "type": "Deploy",
            "name": "不会回血的盾",
            "location": [
                8,
                7
            ],
            "direction": "Left"
        },
        {
            "type": "Deploy",
            "name": "逻各斯",
            "location": [
                2,
                4
            ],
            "direction": "Right"
        },
        {
            "type": "Retreat",
            "name": "执旗手",
            "location": [
                3,
                4
            ],
            "kills": 300,
            "cost_changes": 0,
            "pre_delay": 0
        }
    ],
    "doc": {
        "title": "维多利亚 - 燃烧街区 - 燃烧街区",
        "details": "作业更新日期: 2024-07-14T09:20:08Z\n统计更新日期: 2024-11-30\n好评率：86.11%  浏览量：2920\n来源：shuaiCFR  ID：39454\n稳定 非常稳定（练度需要被保证 尤其逻各斯和维什戴尔） 初步测试过关 纯艾可用精一蜜莓替换\n优化掉了棘刺和澄闪，蜜莓后期可能会寄但是没多大问题\n记得检察干员是否携带正确技能！！！（精二术士艾雅法拉除外）\n支持一下作者吧。。。"
    },
    "groups": [
        {
            "name": "奶盾",
            "opers": [
                {
                    "name": "黍",
                    "skill": 3,
                    "skill_usage": 1
                },
                {
                    "name": "塞雷娅",
                    "skill": 2,
                    "skill_usage": 0
                }
            ]
        },
        {
            "name": "某法师",
            "opers": [
                {
                    "name": "伊芙利特",
                    "skill": 2,
                    "skill_usage": 0
                },
                {
                    "name": "艾雅法拉",
                    "skill": 2,
                    "skill_usage": 0
                }
            ]
        },
        {
            "name": "元素奶",
            "opers": [
                {
                    "name": "纯烬艾雅法拉",
                    "skill": 1,
                    "skill_usage": 0
                },
                {
                    "name": "蜜莓",
                    "skill": 1,
                    "skill_usage": 0
                }
            ]
        },
        {
            "name": "不会回血的盾",
            "opers": [
                {
                    "name": "泥岩",
                    "skill": 2,
                    "skill_usage": 0
                },
                {
                    "name": "斥罪",
                    "skill": 3,
                    "skill_usage": 1
                },
                {
                    "name": "星熊",
                    "skill": 2,
                    "skill_usage": 0
                }
            ]
        },
        {
            "name": "随便有某个干员都行",
            "opers": [
                {
                    "name": "仇白",
                    "skill": 1,
                    "skill_usage": 0
                },
                {
                    "name": "阿斯卡纶",
                    "skill": 3,
                    "skill_usage": 1
                },
                {
                    "name": "重岳",
                    "skill": 1,
                    "skill_usage": 2,
                    "skill_times": 5
                },
                {
                    "name": "圣约送葬人",
                    "skill": 3,
                    "skill_usage": 1
                },
                {
                    "name": "水月",
                    "skill": 1,
                    "skill_usage": 1
                },
                {
                    "name": "老鲤",
                    "skill": 3,
                    "skill_usage": 0
                },
                {
                    "name": "狮蝎",
                    "skill": 1,
                    "skill_usage": 1
                },
                {
                    "name": "拉普兰德",
                    "skill": 2,
                    "skill_usage": 0
                },
                {
                    "name": "羽毛笔",
                    "skill": 2,
                    "skill_usage": 1
                },
                {
                    "name": "海沫",
                    "skill": 2,
                    "skill_usage": 1
                },
                {
                    "skill_times": 20,
                    "name": "玫兰莎",
                    "skill": 1,
                    "skill_usage": 2
                }
            ]
        },
        {
            "name": "执旗手",
            "opers": [
                {
                    "name": "桃金娘",
                    "skill": 1,
                    "skill_usage": 1
                },
                {
                    "name": "琴柳",
                    "skill": 1,
                    "skill_usage": 1
                },
                {
                    "name": "极境",
                    "skill": 2,
                    "skill_usage": 1
                },
                {
                    "name": "万顷",
                    "skill": 2,
                    "skill_usage": 1
                }
            ]
        }
    ],
    "opers": [
        {
            "name": "维什戴尔",
            "skill": 3,
            "skill_usage": 1
        },
        {
            "name": "煌",
            "skill": 2,
            "skill_usage": 0
        },
        {
            "name": "逻各斯",
            "skill": 1,
            "skill_usage": 0
        }
    ]
}