{
    "actions": [
        {
            "type": "二倍速"
        },
        {
            "type": "部署",
            "name": "爆破装置",
            "location": [
                6,
                1
            ],
            "direction": "下",
            "pre_delay": 1300
        },
        {
            "type": "部署",
            "name": "伊芙利特",
            "cost_changes": 15,
            "location": [
                1,
                3
            ],
            "direction": "右"
        },
        {
            "type": "部署",
            "name": "塞雷娅",
            "location": [
                2,
                3
            ],
            "direction": "右"
        },
        {
            "type": "部署",
            "name": "爆破装置",
            "location": [
                3,
                5
            ],
            "direction": "上",
            "kills": 17
        },
        {
            "type": "技能",
            "name": "塞雷娅",
            "kills": 27,
            "location": [
                2,
                3
            ],
            "pre_delay": 6500
        },
        {
            "type": "技能",
            "kills": 40,
            "pre_delay": 12000,
            "name": "塞雷娅",
            "location": [
                2,
                3
            ]
        }
    ],
    "stage_name": "互为后盾",
    "doc": {
        "title": "伊芙利特悖论模拟",
        "details": "作者：雪\n测试干员：伊芙利特 精2 70级 6潜 2技能专三\n对伊芙利特的练度要求较高"
    },
    "opers": [
        {
            "name": "伊芙利特",
            "skill": 2
        }
    ]
}