{
    "minimum_required": "v4.0.0",
    "stage_name": "wk_melee_6",
    "actions": [
        {
            "type": "SpeedUp"
        },
        {
            "type": "Deploy",
            "name": "煌",
            "location": [
                2,
                1
            ],
            "direction": "Down"
        },
        {
            "type": "Deploy",
            "name": "塞雷娅",
            "location": [
                1,
                2
            ],
            "direction": "Right"
        },
        {
            "type": "Deploy",
            "name": "拉普兰德",
            "location": [
                1,
                3
            ],
            "direction": "Right"
        },
        {
            "type": "SkillDaemon"
        }
    ],
    "doc": {
        "title": "货物运送 - CE-6 - 实验原件押运",
        "details": "统计日期：2024-05-18\n好评率：94.03%  浏览量：2894\n来源：那我就照抄了  ID：20809\n不知道是我模拟器有问题还是什么问题，这个图的技能就是放不出来，其他图都能正常运行，于是乎做了一个不用放技能的版本。\n打法照抄：侬无言以对 https://www.bilibili.com/video/BV1PR4y1N7jw/"
    },
    "groups": [],
    "opers": [
        {
            "name": "煌",
            "skill": 2,
            "skill_usage": 0
        },
        {
            "name": "塞雷娅",
            "skill": 1,
            "skill_usage": 0
        },
        {
            "name": "拉普兰德",
            "skill": 2,
            "skill_usage": 0
        }
    ]
}