{
    "minimum_required": "v4.0.0",
    "stage_name": "pro_d_2",
    "actions": [
        {
            "type": "Deploy",
            "name": "银灰",
            "location": [
                3,
                6
            ],
            "direction": "Right"
        },
        {
            "type": "SpeedUp"
        },
        {
            "type": "Deploy",
            "name": "棘刺",
            "location": [
                9,
                6
            ],
            "direction": "Down"
        },
        {
            "type": "Deploy",
            "name": "凯尔希",
            "location": [
                2,
                3
            ],
            "direction": "Down"
        },
        {
            "type": "Deploy",
            "name": "Mon3tr",
            "location": [
                3,
                3
            ],
            "direction": "Down"
        },
        {
            "type": "Skill",
            "name": "凯尔希",
            "location": [
                2,
                3
            ],
            "kills": 41
        },
        {
            "type": "Skill",
            "name": "银灰",
            "location": [
                3,
                6
            ],
            "pre_delay": 6000
        },
        {
            "type": "SkillDaemon"
        }
    ],
    "doc": {
        "title": "近卫特种芯片组 PR-D-2 无限定 棘刺银灰凯尔希三人 108s速刷",
        "details": "统计日期：2024-05-18\n好评率：82.81%  浏览量：2181\n来源：鱼丸不是鱼van  ID：20725\n视频作者：化学老施  BV12g411U7Tv\n自动战斗作者：鱼丸\n推荐练度：2903 无需模组 凯尔希可以无专"
    },
    "groups": [],
    "opers": [
        {
            "name": "凯尔希",
            "skill": 2,
            "skill_usage": 0
        },
        {
            "name": "棘刺",
            "skill": 3,
            "skill_usage": 1
        },
        {
            "name": "银灰",
            "skill": 3,
            "skill_usage": 0
        }
    ]
}