{
    "actions": [
        {
            "type": "部署",
            "name": "白金",
            "location": [
                6,
                3
            ],
            "direction": "左"
        },
        {
            "type": "二倍速"
        },
        {
            "type": "部署",
            "name": "梅什科线圈",
            "location": [
                1,
                3
            ]
        },
        {
            "type": "部署",
            "location": [
                3,
                3
            ],
            "name": "梅什科线圈"
        },
        {
            "type": "部署",
            "location": [
                1,
                2
            ],
            "name": "梅什科线圈"
        },
        {
            "type": "部署",
            "name": "梅什科线圈",
            "location": [
                3,
                2
            ]
        }
    ],
    "stage_name": "无人机筛选",
    "doc": {
        "title": "",
        "details": "干员等级：白金精二40，二技能专三\n测试版本：395b2"
    },
    "opers": [
        {
            "name": "白金"
        }
    ]
}