{
    "minimum_required": "v4.0.0",
    "actions": [
        {
            "type": "SpeedUp"
        },
        {
            "type": "Output",
            "doc_color": "#6f42c1",
            "doc": "给个好评吧，亲~"
        },
        {
            "type": "Deploy",
            "name": "蓝毒",
            "location": [
                3,
                4
            ],
            "direction": "Right"
        },
        {
            "type": "Deploy",
            "name": "刻刀",
            "location": [
                7,
                5
            ],
            "direction": "Up"
        },
        {
            "type": "Deploy",
            "name": "闪灵",
            "location": [
                9,
                6
            ],
            "direction": "Left"
        }
    ],
    "doc": {
        "title": "刻刀模组摆完挂机-可替换刀具套装",
        "details": "统计日期：2024-05-05\n好评率：85.71%  浏览量：65\n来源：作业代传——有问题联系原作者  ID：20909\n侬无言以对模组任务摆完挂机合集:BV1wU4y177Qu\n3星通关主题曲2-7；必须编入非助战刻刀并上场，且刻刀使用技能绯红刺刀歼灭至少2个御4\n筱竹聽雨"
    },
    "groups": [],
    "opers": [
        {
            "name": "闪灵",
            "skill": 2,
            "skill_usage": 0
        },
        {
            "name": "蓝毒",
            "skill": 1,
            "skill_usage": 0
        },
        {
            "name": "刻刀",
            "skill": 1,
            "skill_usage": 0
        }
    ],
    "stage_name": "main_02-07"
}