{
    "minimum_required": "v4.0.0",
    "actions": [
        {
            "type": "SpeedUp"
        },
        {
            "type": "Deploy",
            "name": "百炼嘉维尔",
            "location": [
                8,
                5
            ],
            "direction": "Up"
        },
        {
            "type": "Deploy",
            "name": "菲亚梅塔",
            "location": [
                7,
                2
            ],
            "direction": "Left"
        },
        {
            "type": "Deploy",
            "name": "纯烬艾雅法拉",
            "location": [
                7,
                3
            ],
            "direction": "Right"
        },
        {
            "type": "Deploy",
            "name": "塞雷娅",
            "location": [
                9,
                3
            ],
            "direction": "Left"
        },
        {
            "type": "SkillDaemon"
        }
    ],
    "doc": {
        "title": "菲亚梅塔模组摆完挂机-“律外”特种弹药配给组（修改自用）",
        "details": "统计日期：2024-05-05\n好评率：75.0%  浏览量：162\n来源：白羊47  ID：32202\n侬无言以对模组任务摆完挂机合集:BV1wU4y177Qu\n3星通关主题曲S5-9；必须编入非助战菲亚梅塔并上场，且使用菲亚梅塔造成至少60000点伤害\n筱竹聽雨"
    },
    "groups": [],
    "opers": [
        {
            "name": "百炼嘉维尔",
            "skill": 2,
            "skill_usage": 1
        },
        {
            "name": "塞雷娅",
            "skill": 2,
            "skill_usage": 0
        },
        {
            "name": "纯烬艾雅法拉",
            "skill": 1,
            "skill_usage": 0
        },
        {
            "name": "菲亚梅塔",
            "skill": 3,
            "skill_usage": 2,
            "skill_times": 1
        }
    ],
    "stage_name": "sub_05-4-3"
}