{
    "minimum_required": "v4.0.0",
    "stage_name": "mem_wildmn_1",
    "actions": [
        {
            "type": "SpeedUp"
        },
        {
            "type": "Deploy",
            "name": "远牙",
            "location": [
                2,
                4
            ],
            "direction": "Right"
        },
        {
            "type": "Deploy",
            "name": "焰尾",
            "location": [
                7,
                4
            ],
            "direction": "Left"
        },
        {
            "type": "Deploy",
            "name": "灰毫",
            "location": [
                3,
                4
            ],
            "direction": "Right"
        },
        {
            "type": "Deploy",
            "name": "野鬃",
            "location": [
                7,
                3
            ],
            "direction": "Up"
        },
        {
            "type": "Skill",
            "costs": 85,
            "name": "野鬃",
            "location": [
                7,
                3
            ]
        },
        {
            "type": "SkillUsage",
            "name": "灰毫",
            "skill_usage": 1
        },
        {
            "type": "SkillUsage",
            "name": "野鬃",
            "skill_usage": 1
        },
        {
            "type": "SkillUsage",
            "name": "远牙",
            "skill_usage": 1
        },
        {
            "type": "SkillUsage",
            "name": "焰尾",
            "skill_usage": 1
        },
        {
            "type": "SkillDaemon"
        }
    ],
    "doc": {
        "title": "悖论模拟 野鬃",
        "details": "——————————\n作业更新日期: 2023-03-02T03:45:19Z\n统计更新日期: 2025-07-29\n相对评分：100.0%  相对热度：100.0%\n来源：莲梅丽贴贴(sym)  ID：21261\n——————————\n作者: sym\n无任何要求,二技能"
    },
    "groups": [],
    "opers": []
}