{
    "minimum_required": "v4.0.0",
    "stage_name": "mem_nights_1",
    "actions": [
        {
            "type": "SpeedUp"
        },
        {
            "type": "Deploy",
            "name": "夜烟",
            "location": [
                6,
                4
            ],
            "direction": "Up",
            "costs": 17
        },
        {
            "type": "Deploy",
            "name": "砾",
            "location": [
                4,
                4
            ],
            "direction": "Right",
            "costs": 29,
            "cost_changes": 0
        },
        {
            "type": "Skill",
            "name": "夜烟",
            "location": [
                6,
                4
            ],
            "cost_changes": 2
        },
        {
            "type": "Retreat",
            "name": "砾",
            "location": [
                4,
                4
            ],
            "pre_delay": 16000
        },
        {
            "type": "Deploy",
            "name": "砾",
            "location": [
                4,
                4
            ],
            "direction": "Right",
            "cooling": 0,
            "rear_delay": 500
        },
        {
            "type": "Skill",
            "name": "夜烟",
            "location": [
                6,
                4
            ],
            "pre_delay": 3500
        },
        {
            "type": "Deploy",
            "name": "砾",
            "location": [
                4,
                4
            ],
            "pre_delay": 24000,
            "direction": "Right"
        },
        {
            "type": "SkillUsage",
            "name": "夜烟",
            "skill_usage": 1
        },
        {
            "type": "Skill",
            "name": "苏苏洛",
            "location": [
                8,
                3
            ]
        }
    ],
    "doc": {
        "title": "悖论 - 术师 - 夜烟 - 险中求胜",
        "details": "作业更新日期: 2024-05-09T16:47:04Z\n统计更新日期: 2024-11-24\n好评率：84.62%  浏览量：333\n来源：Bai_TP@outlook.com  ID：37411\n作业是直接搜的，来自于av644434571。\njson作者是天平，作业中用的是专二1级7级技能夜烟，但是自己测试用的是70级且转三的夜烟。默认满潜。\n有问题联系2603512414，qq。"
    },
    "groups": [],
    "opers": [
        {
            "name": "夜烟",
            "skill": 2,
            "skill_usage": 0
        },
        {
            "name": "苏苏洛",
            "skill": 2,
            "skill_usage": 0
        },
        {
            "name": "砾",
            "skill": 1,
            "skill_usage": 0
        }
    ]
}