{
    "minimum_required": "v4.0.0",
    "actions": [
        {
            "type": "SpeedUp"
        },
        {
            "type": "Deploy",
            "name": "银灰",
            "location": [
                4,
                2
            ],
            "direction": "Down"
        },
        {
            "type": "Deploy",
            "name": "蓝毒",
            "location": [
                7,
                4
            ],
            "direction": "Left"
        },
        {
            "type": "Deploy",
            "name": "煌",
            "location": [
                5,
                3
            ],
            "direction": "Down"
        },
        {
            "type": "Output",
            "doc_color": "#6f42c1",
            "doc": "给个好评吧，亲~"
        }
    ],
    "doc": {
        "title": "蓝毒模组摆完挂机-标准比色卡",
        "details": "作业更新日期: 2023-02-18T00:53:50Z\n统计更新日期: 2024-12-31\n好评率：79.31%  浏览量：566\n来源：作业代传——有问题联系原作者  ID：20916\n侬无言以对模组任务摆完挂机合集:BV1wU4y177Qu\n3星通关主题曲3-4；必须编入非助战蓝毒并上场，其他成员仅可编入近卫干员\n筱竹聽雨"
    },
    "groups": [],
    "opers": [
        {
            "name": "蓝毒",
            "skill": 1,
            "skill_usage": 0
        },
        {
            "name": "煌",
            "skill": 2,
            "skill_usage": 0
        },
        {
            "name": "银灰",
            "skill": 1,
            "skill_usage": 0
        }
    ],
    "stage_name": "main_03-04"
}