{
    "minimum_required": "v4.0.0",
    "stage_name": "main_03-08",
    "actions": [
        {
            "type": "SpeedUp"
        },
        {
            "type": "Deploy",
            "name": "速射手",
            "location": [
                5,
                3
            ],
            "direction": "Left"
        },
        {
            "type": "Deploy",
            "name": "重装",
            "location": [
                7,
                5
            ],
            "direction": "Left"
        },
        {
            "type": "Deploy",
            "name": "山",
            "location": [
                7,
                2
            ],
            "direction": "Down"
        },
        {
            "type": "Deploy",
            "name": "阿米娅",
            "location": [
                9,
                5
            ],
            "direction": "Left"
        },
        {
            "type": "Deploy",
            "name": "医师",
            "location": [
                9,
                6
            ],
            "direction": "Left"
        },
        {
            "type": "Skill",
            "name": "重装",
            "location": [
                7,
                5
            ],
            "kills": 14,
            "pre_delay": 1500
        },
        {
            "type": "Output",
            "doc_color": "DarkCyan",
            "doc": "如果觉得作业实用，请点个赞吧"
        }
    ],
    "doc": {
        "title": "3-8 阿米娅模组 DWDB-221E CCR-Y",
        "details": "作业更新日期: 2023-09-01T06:00:01Z\n统计更新日期: 2024-12-19\n好评率：90.0%  浏览量：1005\n来源：Issuing2890  ID：27376\n模组任务：3星通关主题曲3-8；必须编入非助战中坚术师状态的阿米娅并上场，且使用中坚术师状态的阿米娅歼灭碎骨。\n提示：速射手用精一满级技能7级的为佳，等级太高反而不好"
    },
    "groups": [
        {
            "name": "速射手",
            "opers": [
                {
                    "name": "克洛丝",
                    "skill": 1,
                    "skill_usage": 0
                },
                {
                    "name": "流星",
                    "skill": 1,
                    "skill_usage": 0
                },
                {
                    "name": "梅",
                    "skill": 1,
                    "skill_usage": 0
                },
                {
                    "name": "蓝毒",
                    "skill": 1,
                    "skill_usage": 0
                },
                {
                    "name": "白金",
                    "skill": 2,
                    "skill_usage": 0
                },
                {
                    "name": "寒芒克洛丝",
                    "skill": 1,
                    "skill_usage": 0
                },
                {
                    "name": "灰烬",
                    "skill": 1,
                    "skill_usage": 0
                },
                {
                    "name": "能天使",
                    "skill": 1,
                    "skill_usage": 0
                }
            ]
        },
        {
            "name": "医师",
            "opers": [
                {
                    "name": "芙蓉",
                    "skill": 1,
                    "skill_usage": 0
                },
                {
                    "name": "安赛尔",
                    "skill": 1,
                    "skill_usage": 0
                },
                {
                    "name": "苏苏洛",
                    "skill": 1,
                    "skill_usage": 0
                },
                {
                    "name": "末药",
                    "skill": 1,
                    "skill_usage": 0
                },
                {
                    "name": "嘉维尔",
                    "skill": 1,
                    "skill_usage": 0
                },
                {
                    "name": "华法琳",
                    "skill": 1,
                    "skill_usage": 0
                },
                {
                    "name": "闪灵",
                    "skill": 2,
                    "skill_usage": 0
                }
            ]
        },
        {
            "name": "重装",
            "opers": [
                {
                    "name": "蛇屠箱",
                    "skill": 2,
                    "skill_usage": 0
                },
                {
                    "name": "塞雷娅",
                    "skill": 3,
                    "skill_usage": 0
                }
            ]
        }
    ],
    "opers": [
        {
            "name": "山",
            "skill": 2,
            "skill_usage": 2
        },
        {
            "name": "阿米娅",
            "skill": 2,
            "skill_usage": 0
        }
    ],
    "difficulty": 1
}