{
    "minimum_required": "v4.0.0",
    "stage_name": "main_14-04",
    "actions": [
        {
            "type": "Deploy",
            "name": "泥岩",
            "location": [
                1,
                5
            ],
            "direction": "Down"
        },
        {
            "type": "Deploy",
            "name": "魔王",
            "location": [
                2,
                5
            ],
            "direction": "Down"
        },
        {
            "type": "Deploy",
            "name": "山",
            "location": [
                1,
                6
            ],
            "direction": "Right"
        },
        {
            "type": "SpeedUp"
        },
        {
            "type": "SkillDaemon"
        }
    ],
    "doc": {
        "title": "第十四章 慈悲灯塔 - 14-5（标准） - 探查岩洞区域【魔王模组任务】",
        "details": "作业更新日期: 2024-10-09T10:57:16Z\n统计更新日期: 2024-11-30\n好评率：50.0%  浏览量：170\n来源：小卡拉帕鲁灰  ID：42224\n小特模组任务"
    },
    "groups": [],
    "opers": [
        {
            "name": "魔王",
            "skill": 3,
            "skill_usage": 1
        },
        {
            "name": "泥岩",
            "skill": 2,
            "skill_usage": 0
        },
        {
            "name": "山",
            "skill": 2,
            "skill_usage": 0
        }
    ]
}