{
    "minimum_required": "v4.0.0",
    "stage_name": "main_14-01",
    "actions": [
        {
            "type": "SpeedUp"
        },
        {
            "type": "Deploy",
            "name": "煌",
            "location": [
                9,
                5
            ],
            "direction": "Up"
        },
        {
            "type": "Deploy",
            "name": "塞雷娅",
            "location": [
                9,
                4
            ],
            "direction": "Up"
        },
        {
            "type": "Deploy",
            "kills": 21,
            "name": "闪灵",
            "location": [
                6,
                4
            ],
            "direction": "Right"
        }
    ],
    "doc": {
        "title": "第十四章 慈悲灯塔 - 14-2（标准） - 作战对策会议",
        "details": "作业更新日期: 2024-05-01T08:08:31Z\n统计更新日期: 2024-11-30\n好评率：97.73%  浏览量：1528\n来源：59    ID：36650\n第十四章 慈悲灯塔 - 14-2（标准） - 作战对策会议"
    },
    "groups": [],
    "opers": [
        {
            "name": "煌",
            "skill": 2,
            "skill_usage": 0
        },
        {
            "name": "塞雷娅",
            "skill": 1,
            "skill_usage": 0
        },
        {
            "name": "闪灵",
            "skill": 2,
            "skill_usage": 0
        }
    ]
}