{
  "minimum_required": "v4.0.0",
  "stage_name": "act18side_05",
  "actions": [
    {
      "type": "SpeedUp"
    },
    {
      "type": "Deploy",
      "name": "推进之王",
      "location": [
        2,
        2
      ],
      "direction": "Right"
    },
    {
      "type": "Deploy",
      "name": "煌",
      "location": [
        4,
        4
      ],
      "direction": "Right"
    },
    {
      "type": "Deploy",
      "name": "夜莺",
      "location": [
        2,
        3
      ],
      "direction": "Right"
    },
    {
      "type": "SkillDaemon"
    }
  ],
  "doc": {
    "title": "尘影余音 - LE-5 - 月光",
    "details": "攻略作者：萧然Q\n视频：https://www.bilibili.com/video/BV1DX4y1W7Sk\njson作者：香草"
  },
  "groups": [],
  "opers": [
    {
      "name": "推进之王",
      "skill": 2,
      "skill_usage": 0
    },
    {
      "name": "煌",
      "skill": 2,
      "skill_usage": 0
    },
    {
      "name": "夜莺",
      "skill": 2,
      "skill_usage": 0
    }
  ]
}