{
    "minimum_required": "v4.0.0",
    "stage_name": "act18side_06",
    "actions": [
        {
            "type": "SpeedUp"
        },
        {
            "type": "Deploy",
            "name": "棘刺",
            "location": [
                8,
                3
            ],
            "direction": "Left"
        },
        {
            "type": "Deploy",
            "name": "狙车/奶车",
            "location": [
                5,
                4
            ],
            "direction": "Right",
            "rear_delay": 15000
        },
        {
            "type": "Deploy",
            "name": "单法",
            "location": [
                8,
                4
            ],
            "direction": "Up"
        },
        {
            "type": "Deploy",
            "name": "山",
            "location": [
                4,
                3
            ],
            "direction": "Right"
        },
        {
            "type": "SkillDaemon"
        }
    ],
    "doc": {
        "title": "【小鬼卡比】【普通】尘影余音 LE-6",
        "details": "作业更新日期: 2023-06-21T04:40:29Z\n统计更新日期: 2024-06-21\n好评率：80.0%  浏览量：214\n来源：(UwU)  ID：24208\n【尘影余音【超低配】攻略合集【复刻】含LE-8 LE-EX-8 LE-EX-8突袭等关卡 含刻章/镀层打法【明日方舟】】 https://www.bilibili.com/video/BV1UN41167sY\n\n这是尘影余音【低配+挂机】复刻攻略合集，含所有LE、LE-EX关\n由于去年攻略容错率很高，因此大部分关卡都沿用了我去年的打法\n若有帮助，记得给卡比老师三连呀~"
    },
    "groups": [
        {
            "name": "单法",
            "opers": [
                {
                    "name": "艾雅法拉",
                    "skill": 2,
                    "skill_usage": 0
                },
                {
                    "name": "澄闪",
                    "skill": 2,
                    "skill_usage": 0
                },
                {
                    "name": "霍尔海雅",
                    "skill": 3,
                    "skill_usage": 1
                },
                {
                    "name": "刻俄柏",
                    "skill": 2,
                    "skill_usage": 1
                }
            ]
        },
        {
            "name": "狙车/奶车",
            "opers": [
                {
                    "name": "Lancet-2",
                    "skill": 1,
                    "skill_usage": 0
                },
                {
                    "name": "正义骑士号",
                    "skill": 1,
                    "skill_usage": 0
                },
                {
                    "name": "泰拉大陆调查团",
                    "skill": 1,
                    "skill_usage": 0
                }
            ]
        },
        {
            "name": "重装",
            "opers": [
                {
                    "name": "塞雷娅",
                    "skill": 1,
                    "skill_usage": 0
                },
                {
                    "name": "临光",
                    "skill": 1,
                    "skill_usage": 0
                },
                {
                    "name": "古米",
                    "skill": 1,
                    "skill_usage": 0
                },
                {
                    "name": "泥岩",
                    "skill": 2,
                    "skill_usage": 0
                },
                {
                    "name": "年",
                    "skill": 2,
                    "skill_usage": 0
                },
                {
                    "name": "星熊",
                    "skill": 2,
                    "skill_usage": 0
                }
            ]
        }
    ],
    "opers": [
        {
            "name": "山",
            "skill": 2,
            "skill_usage": 2
        },
        {
            "name": "棘刺",
            "skill": 3,
            "skill_usage": 1
        }
    ]
}