{
    "minimum_required": "v4.0.0",
    "stage_name": "act18side_ex04",
    "actions": [
        {
            "type": "SpeedUp"
        },
        {
            "type": "Deploy",
            "name": "煌",
            "location": [
                3,
                3
            ],
            "direction": "Right"
        },
        {
            "type": "Deploy",
            "name": "夜莺",
            "location": [
                3,
                4
            ],
            "direction": "Up"
        },
        {
            "type": "Deploy",
            "name": "塞雷娅",
            "location": [
                4,
                3
            ],
            "direction": "Right"
        },
        {
            "type": "SkillDaemon"
        }
    ],
    "doc": {
        "title": "【突袭/普通】尘影余音 - LE-EX-4 - 双手练习",
        "details": "作业更新日期: 2023-06-20T12:08:08Z\n统计更新日期: 2024-07-27\n好评率：99.63%  浏览量：5176\n来源：香草WiPE OUT MEMORIES  ID：24162\n\n攻略作者：萧然Q\n视频：https://www.bilibili.com/video/BV1DX4y1W7Sk\njson作者：香草"
    },
    "groups": [],
    "opers": [
        {
            "name": "煌",
            "skill": 2,
            "skill_usage": 0
        },
        {
            "name": "塞雷娅",
            "skill": 1,
            "skill_usage": 0
        },
        {
            "name": "夜莺",
            "skill": 2,
            "skill_usage": 0
        }
    ],
    "difficulty": 3
}