{
    "minimum_required": "v4.0.0",
    "stage_name": "act18side_ex01",
    "actions": [
        {
            "type": "SpeedUp"
        },
        {
            "type": "Deploy",
            "name": "令",
            "location": [
                7,
                3
            ],
            "direction": "Down",
            "costs": 0
        },
        {
            "type": "Deploy",
            "name": "“弦惊”",
            "location": [
                8,
                3
            ],
            "direction": "Down"
        },
        {
            "type": "Deploy",
            "name": "“弦惊”",
            "location": [
                2,
                4
            ],
            "direction": "Up"
        },
        {
            "type": "Deploy",
            "name": "“弦惊”",
            "location": [
                9,
                5
            ],
            "direction": "Right"
        },
        {
            "type": "Deploy",
            "name": "“弦惊”",
            "location": [
                8,
                2
            ],
            "direction": "Down"
        },
        {
            "type": "Deploy",
            "name": "“弦惊”",
            "location": [
                8,
                2
            ],
            "direction": "Down"
        },
        {
            "type": "Retreat",
            "name": "“弦惊”",
            "location": [
                9,
                5
            ],
            "kills": 15
        },
        {
            "type": "Deploy",
            "name": "“弦惊”",
            "location": [
                8,
                1
            ],
            "direction": "Down"
        },
        {
            "type": "Deploy",
            "name": "“弦惊”",
            "location": [
                2,
                5
            ],
            "direction": "Up"
        },
        {
            "type": "SkillDaemon"
        }
    ],
    "doc": {
        "title": "（已适配突袭）尘影余音-LE-EX-1 令单人",
        "details": "作业更新日期: 2023-06-22T23:54:00Z\n统计更新日期: 2024-07-27\n好评率：94.74%  浏览量：1151\n来源：qiyi123  ID：24257\n\n转载自B站用户浅歌何以相予，令单人，练度看视频，没做过几次作业如果有问题的话发评论我可以尝试解决下-3-\n或者自己手动改改放技能和弦惊的时间应该可以解决\nhttps://www.bilibili.com/video/BV1Fh4y1g7LK\njson作者：七一"
    },
    "groups": [],
    "opers": [
        {
            "name": "令",
            "skill": 3,
            "skill_usage": 1
        }
    ],
    "difficulty": 3
}