{
  "minimum_required": "v4.0.0",
  "stage_name": "act18side_ex02",
  "actions": [
    {
      "type": "SpeedUp"
    },
    {
      "type": "Deploy",
      "name": "铃兰",
      "location": [
        4,
        3
      ],
      "direction": "Down"
    },
    {
      "type": "Deploy",
      "name": "艾雅法拉",
      "location": [
        1,
        3
      ],
      "direction": "Down"
    },
    {
      "type": "Deploy",
      "name": "伊芙利特",
      "location": [
        1,
        5
      ],
      "direction": "Right"
    },
    {
      "type": "Deploy",
      "name": "水月",
      "location": [
        5,
        5
      ],
      "direction": "Right"
    },
    {
      "type": "SkillDaemon"
    }
  ],
  "doc": {
    "title": "【突袭/普通】尘影余音 - LE-EX-2 - 变奏曲",
    "details": "攻略作者：萧然Q\n视频：https://www.bilibili.com/video/BV1DX4y1W7Sk\njson作者：香草"
  },
  "groups": [],
  "opers": [
    {
      "name": "水月",
      "skill": 1,
      "skill_usage": 0
    },
    {
      "name": "铃兰",
      "skill": 2,
      "skill_usage": 0
    },
    {
      "name": "艾雅法拉",
      "skill": 2,
      "skill_usage": 0
    },
    {
      "name": "伊芙利特",
      "skill": 2,
      "skill_usage": 0
    }
  ],
  "difficulty": 3
}