{
  "minimum_required": "v4.0.0",
  "stage_name": "act18side_ex06",
  "actions": [
    {
      "type": "SpeedUp"
    },
    {
      "type": "Deploy",
      "name": "核",
      "location": [
        4,
        5
      ],
      "direction": "Left"
    },
    {
      "type": "BulletTime",
      "name": "核",
      "location": [
        4,
        5
      ],
      "costs": 17
    },
    {
      "type": "Deploy",
      "name": "“弦惊”",
      "location": [
        5,
        1
      ],
      "direction": "Left",
      "rear_delay": 9500
    },
    {
      "type": "BulletTime",
      "name": "核",
      "location": [
        4,
        5
      ]
    },
    {
      "type": "Deploy",
      "name": "“弦惊”",
      "location": [
        2,
        5
      ],
      "rear_delay": 9000,
      "direction": "Left"
    },
    {
      "type": "BulletTime",
      "name": "核",
      "location": [
        4,
        5
      ]
    },
    {
      "type": "Deploy",
      "name": "“弦惊”",
      "location": [
        3,
        5
      ],
      "rear_delay": 9000,
      "direction": "Left"
    },
    {
      "type": "BulletTime",
      "name": "核",
      "location": [
        4,
        5
      ]
    },
    {
      "type": "Deploy",
      "name": "“弦惊”",
      "location": [
        5,
        4
      ],
      "direction": "Down"
    },
    {
      "type": "BulletTime",
      "name": "核",
      "location": [
        4,
        5
      ],
      "costs": 87
    },
    {
      "type": "Deploy",
      "name": "“弦惊”",
      "location": [
        9,
        2
      ],
      "costs": 88,
      "direction": "Down"
    },
    {
      "type": "BulletTime",
      "name": "“弦惊”",
      "location": [
        5,
        4
      ],
      "costs": 98
    },
    {
      "type": "Retreat",
      "name": "“弦惊”",
      "location": [
        5,
        4
      ],
      "costs": 99
    },
    {
      "type": "Deploy",
      "name": "“弦惊”",
      "location": [
        7,
        2
      ],
      "direction": "Up",
      "rear_delay": 1500
    },
    {
      "type": "BulletTime",
      "name": "核",
      "location": [
        4,
        5
      ],
      "kills": 25
    },
    {
      "type": "Deploy",
      "name": "“弦惊”",
      "location": [
        7,
        2
      ],
      "direction": "Up",
      "kills": 26,
      "rear_delay": 13000
    },
    {
      "type": "Deploy",
      "name": "“弦惊”",
      "location": [
        7,
        4
      ],
      "direction": "Up"
    }
  ],
  "doc": {
    "title": "尘影余音-LE-EX-6 令单人",
    "details": "转载自B站用户Ke_lin，令单核，练度看视频，没做过几次作业如果有问题的话发评论我可以尝试解决下-3-\n或者自己手动改改放技能和弦惊的时间应该可以解决\nhttps://www.bilibili.com/video/BV1Mc411u7V5?p=14\njson作者：七一"
  },
  "groups": [
    {
      "name": "核",
      "opers": [
        {
          "name": "令",
          "skill": 3,
          "skill_usage": 1
        }
      ]
    }
  ],
  "opers": [],
  "difficulty": 1
}