{
    "minimum_required": "v4.0.0",
    "doc": {
        "title": "S5-9 双人信赖+开晶体电子单元",
        "details": "统计日期：2024-05-12\n好评率：87.5%  浏览量：413\n来源：一只摆烂的42  ID：21771\nhttps://www.bilibili.com/video/BV16P4y1a7ed/\n有问题联系制作者QQ2586582719"
    },
    "stage_name": "sub_05-4-3",
    "opers": [
        {
            "name": "煌",
            "skill": 2,
            "skill_usage": 0
        },
        {
            "name": "塞雷娅",
            "skill": 2,
            "skill_usage": 0
        }
    ],
    "actions": [
        {
            "type": "二倍速",
            "name": ""
        },
        {
            "type": "部署",
            "name": "煌",
            "location": [
                8,
                5
            ],
            "direction": "上"
        },
        {
            "type": "部署",
            "name": "塞雷娅",
            "location": [
                9,
                3
            ],
            "direction": "左"
        }
    ]
}