{
    "minimum_required": "v4.0.0",
    "stage_name": "wk_fly_4",
    "actions": [
        {
            "type": "Deploy",
            "name": "克洛丝",
            "location": [
                3,
                5
            ],
            "direction": "Right"
        },
        {
            "type": "Deploy",
            "name": "安赛尔",
            "location": [
                5,
                4
            ],
            "direction": "Left"
        },
        {
            "type": "Deploy",
            "name": "安德切尔",
            "location": [
                5,
                3
            ],
            "direction": "Left"
        },
        {
            "type": "Deploy",
            "name": "史都华德",
            "location": [
                3,
                3
            ],
            "direction": "Right"
        },
        {
            "type": "Deploy",
            "name": "杜林",
            "location": [
                5,
                5
            ],
            "direction": "Left"
        }
    ],
    "doc": {
        "title": "空中威胁 - CA-4 - 任务区域净空",
        "details": "作业更新日期: 2024-05-08T06:47:04Z\n统计更新日期: 2024-11-30\n好评率：100.0%  浏览量：105\n来源：小萌新逆心  ID：37304\n自用"
    },
    "groups": [],
    "opers": [
        {
            "name": "克洛丝",
            "skill": 1,
            "skill_usage": 0
        },
        {
            "name": "安德切尔",
            "skill": 1,
            "skill_usage": 0
        },
        {
            "name": "杜林",
            "skill": 1,
            "skill_usage": 0
        },
        {
            "name": "史都华德",
            "skill": 1,
            "skill_usage": 0
        },
        {
            "name": "安赛尔",
            "skill": 1,
            "skill_usage": 0
        }
    ]
}