{
    "minimum_required": "v4.0.0",
    "stage_name": "pro_b_2",
    "actions": [
        {
            "type": "Deploy",
            "name": "维什戴尔",
            "location": [
                8,
                3
            ],
            "direction": "Left"
        },
        {
            "type": "SpeedUp"
        },
        {
            "type": "Deploy",
            "name": "逻各斯",
            "location": [
                7,
                6
            ],
            "direction": "Left"
        },
        {
            "type": "Skill",
            "name": "维什戴尔",
            "location": [
                8,
                3
            ],
            "kills": 4,
            "cost_changes": 41
        },
        {
            "type": "Skill",
            "name": "维什戴尔",
            "location": [
                8,
                3
            ],
            "kills": 74
        },
        {
            "type": "SkillDaemon"
        }
    ],
    "doc": {
        "title": "摧枯拉朽 - PR-B-2 - 打击 - 双人",
        "details": "作业更新日期: 2024-07-11T15:33:56Z\n统计更新日期: 2024-07-13\n好评率：100.0%  浏览量：213\n来源：初音ミク  ID：39133\n【PR-B-2 维什戴尔+逻各斯双人速刷术狙芯片】 \nhttps://www.bilibili.com/video/BV1Vr421j74z "
    },
    "groups": [],
    "opers": [
        {
            "name": "维什戴尔",
            "skill": 3,
            "skill_usage": 0
        },
        {
            "name": "逻各斯",
            "skill": 1,
            "skill_usage": 0
        }
    ]
}