{
    "minimum_required": "v4.0.0",
    "stage_name": "mem_lin_1",
    "actions": [
        {
            "type": "SpeedUp"
        },
        {
            "type": "Deploy",
            "name": "林",
            "location": [
                5,
                3
            ],
            "direction": "Left",
            "costs": 28
        },
        {
            "type": "Skill",
            "name": "林",
            "location": [
                5,
                3
            ],
            "kills": 4
        },
        {
            "type": "Skill",
            "name": "林",
            "location": [
                5,
                3
            ],
            "kills": 35
        },
        {
            "type": "Skill",
            "name": "截云",
            "location": [
                8,
                2
            ],
            "costs": 99
        },
        {
            "type": "Skill",
            "name": "林",
            "location": [
                5,
                3
            ],
            "kills": 36
        }
    ],
    "doc": {
        "title": "林--悖论模拟",
        "details": "——————————\n作业更新日期: 2025-08-15T14:04:20Z\n统计更新日期: 2025-11-13\n相对评分：69.78999999999999%  相对热度：53.73%\n来源：童话重度依赖  ID：56232\n——————————\n专三3技能--精2--80级    自测可过  \n因林雨霞2天赋概率问题，低概率翻车，可以手动调试第二波，或多打几次\n【赠送干员满潜能】【满信赖】【无模组】\n有问题请反馈    BID：童话重度依赖症"
    },
    "groups": [],
    "opers": [
        {
            "name": "林",
            "skill": 3,
            "skill_usage": 0
        },
        {
            "name": "截云",
            "skill": 1,
            "skill_usage": 0
        }
    ]
}