{
    "minimum_required": "v4.0.0",
    "stage_name": "mem_ascln_1",
    "actions": [
        {
            "type": "Deploy",
            "name": "红豆",
            "location": [
                6,
                4
            ],
            "direction": "Left"
        },
        {
            "type": "Deploy",
            "name": "阿斯卡纶",
            "location": [
                5,
                2
            ],
            "direction": "Down"
        },
        {
            "type": "SpeedUp"
        },
        {
            "type": "Skill",
            "name": "阿斯卡纶",
            "location": [
                5,
                2
            ],
            "kills": 9,
            "pre_delay": 7000
        },
        {
            "type": "SkillDaemon"
        }
    ],
    "doc": {
        "title": "特种 - 阿斯卡纶 - 独刃【 阿斯卡纶悖论模拟】",
        "details": "作业更新日期: 2024-05-01T09:16:43Z\n统计更新日期: 2025-02-08\n好评率：86.76%  浏览量：6777\n来源：小卡拉帕鲁灰  ID：36697\n居然要3技能\n练度：精二90级、3技能七级（我只有一个号养了，等级具体可以多低不知道）\n悖论模拟需要在MAA中关闭“自动编队”，\n选好3技能后处于红色ui“开始模拟”界面，maa就可以按开始了"
    },
    "groups": [],
    "opers": [
        {
            "name": "阿斯卡纶",
            "skill": 3,
            "skill_usage": 0
        },
        {
            "name": "红豆",
            "skill": 2,
            "skill_usage": 1
        }
    ]
}