{
    "minimum_required": "v4.0",
    "doc": {
        "title": "【火蓝之心】OF-2双人",
        "details": "UP主：刻俄柏_\n原视频：https://www.bilibili.com/video/av938734443/\n有问题联系制作者QQ2586582719"
    },
    "stage_name": "a003_02",
    "opers": [
        {
            "name": "推进之王",
            "skill": 2,
            "skill_usage": 0
        },
        {
            "name": "拉普兰德",
            "skill": 2,
            "skill_usage": 0
        }
    ],
    "actions": [
        {
            "type": "二倍速",
            "name": ""
        },
        {
            "type": "部署",
            "name": "推进之王",
            "location": [
                6,
                2
            ],
            "direction": "下"
        },
        {
            "type": "部署",
            "name": "拉普兰德",
            "location": [
                6,
                4
            ],
            "direction": "上"
        },
        {
            "type": "打印",
            "name": "",
            "doc": "有问题联系制作者QQ2586582719",
            "doc_color": "SpringGreen"
        }
    ]
}