{
    "minimum_required": "v4.0.0",
    "stage_name": "mem_skadi_1",
    "actions": [
        {
            "type": "Deploy",
            "name": "斯卡蒂",
            "location": [
                9,
                2
            ],
            "direction": "Left"
        },
        {
            "type": "SpeedUp"
        },
        {
            "type": "Deploy",
            "name": "便携式补给站",
            "location": [
                9,
                1
            ],
            "direction": "Down"
        },
        {
            "type": "Skill",
            "cost_changes": 15,
            "name": "华法琳",
            "location": [
                9,
                3
            ]
        },
        {
            "type": "Skill",
            "name": "斯卡蒂",
            "location": [
                9,
                2
            ]
        },
        {
            "type": "Deploy",
            "name": "障碍物",
            "location": [
                7,
                2
            ],
            "kills": 11,
            "direction": "None"
        },
        {
            "type": "Retreat",
            "name": "障碍物",
            "location": [
                7,
                2
            ],
            "costs": 99,
            "cost_changes": 0,
            "rear_delay": 0
        },
        {
            "type": "Skill",
            "name": "华法琳",
            "location": [
                9,
                3
            ],
            "pre_delay": 5000
        },
        {
            "type": "Skill",
            "name": "斯卡蒂",
            "location": [
                9,
                2
            ]
        },
        {
            "type": "Skill",
            "name": "杰西卡",
            "location": [
                5,
                3
            ],
            "kills": 15
        },
        {
            "type": "Skill",
            "name": "华法琳",
            "location": [
                9,
                3
            ],
            "kills": 21
        }
    ],
    "doc": {
        "title": "近卫 - 斯卡蒂 - 纯粹的强大 - 悖论模拟",
        "details": "作业更新日期: 2024-09-09T11:44:56Z\n统计更新日期: 2025-01-12\n好评率：87.18%  浏览量：1658\n来源：初音ミク  ID：39599\n【精二1级无专精斯卡蒂悖论模拟】 https://www.bilibili.com/video/BV1X94y1m7yo\n请勿勾选自动编队和战斗列表"
    },
    "groups": [],
    "opers": [
        {
            "name": "斯卡蒂",
            "skill": 3,
            "skill_usage": 0
        },
        {
            "name": "华法琳",
            "skill": 2,
            "skill_usage": 0
        },
        {
            "name": "杰西卡",
            "skill": 2,
            "skill_usage": 0
        }
    ]
}