{
    "minimum_required": "v4.0.0",
    "stage_name": "mem_mostma_1",
    "actions": [
        {
            "type": "SpeedUp"
        },
        {
            "type": "Deploy",
            "name": "可颂",
            "location": [
                4,
                6
            ],
            "direction": "Up"
        },
        {
            "type": "Deploy",
            "name": "莫斯提马",
            "location": [
                5,
                5
            ],
            "direction": "Up",
            "costs": 42
        },
        {
            "type": "Deploy",
            "name": "拜松",
            "location": [
                6,
                6
            ],
            "direction": "Up"
        },
        {
            "type": "Skill",
            "name": "莫斯提马",
            "location": [
                5,
                5
            ],
            "kills": 30
        },
        {
            "type": "Deploy",
            "name": "天火",
            "location": [
                7,
                6
            ],
            "kills": 118,
            "direction": "Up"
        },
        {
            "type": "Deploy",
            "name": "莱恩哈特",
            "location": [
                3,
                6
            ],
            "direction": "Up"
        },
        {
            "type": "Skill",
            "name": "天火",
            "location": [
                7,
                6
            ],
            "kills": 153
        },
        {
            "type": "Skill",
            "name": "莱恩哈特",
            "location": [
                3,
                6
            ]
        },
        {
            "type": "Skill",
            "name": "莫斯提马",
            "kills": 174,
            "location": [
                5,
                5
            ]
        }
    ],
    "doc": {
        "title": "莫斯提马 悖论模拟",
        "details": "统计日期：2024-05-11\n好评率：97.01%  浏览量：1418\n来源：_ 蘿卜卜  ID：22521\njson：Genicur（maa://22471）\n修改原作业莫斯提马的技能设置\n2902已测试"
    },
    "groups": [],
    "opers": [
        {
            "name": "莫斯提马",
            "skill": 3,
            "skill_usage": 0
        }
    ]
}