{
    "minimum_required": "v4.0.0",
    "stage_name": "mem_fmout_1",
    "actions": [
        {
            "type": "SpeedUp",
            "kills": 0
        },
        {
            "type": "Deploy",
            "name": "远山",
            "location": [
                4,
                2
            ],
            "direction": "Down"
        },
        {
            "type": "Deploy",
            "name": "障碍物",
            "location": [
                6,
                6
            ],
            "direction": "None",
            "kills": 12
        },
        {
            "type": "Deploy",
            "name": "障碍物",
            "location": [
                4,
                1
            ],
            "direction": "None",
            "kills": 18
        },
        {
            "type": "Deploy",
            "name": "末药",
            "location": [
                2,
                2
            ],
            "direction": "Right"
        },
        {
            "type": "Deploy",
            "name": "嘉维尔",
            "location": [
                2,
                5
            ],
            "direction": "Right"
        },
        {
            "type": "Skill",
            "name": "远山",
            "location": [
                4,
                2
            ],
            "kills": 22
        },
        {
            "type": "Deploy",
            "name": "障碍物",
            "location": [
                4,
                6
            ],
            "kills": 35,
            "direction": "None"
        },
        {
            "type": "Skill",
            "name": "斑点",
            "location": [
                5,
                6
            ]
        },
        {
            "type": "Retreat",
            "name": "嘉维尔",
            "location": [
                2,
                5
            ],
            "kills": 40
        }
    ],
    "doc": {
        "title": "术师 - 远山 - 预卜先知",
        "details": "统计日期：2024-05-11\n好评率：87.88%  浏览量：845\n来源：xf22cn@qq.com  ID：21291\n倾九_Komy  https://www.bilibili.com/video/BV1NY4y1c7As/\n远山 精二1级  2技能7级"
    },
    "groups": [],
    "opers": [
        {
            "name": "远山",
            "skill": 2,
            "skill_usage": 0
        },
        {
            "name": "末药",
            "skill": 1,
            "skill_usage": 0
        },
        {
            "name": "嘉维尔",
            "skill": 1,
            "skill_usage": 0
        },
        {
            "name": "斑点",
            "skill": 1,
            "skill_usage": 0
        },
        {
            "name": "障碍物",
            "skill": 1,
            "skill_usage": 0
        }
    ]
}