{
    "stage_name": "3-6",
    "doc": {
        "title": "夜莺傀影模组",
        "details": "作业更新日期: 2023-02-18T00:53:47Z\n统计更新日期: 2024-11-30\n好评率：100.0%  浏览量：178\n来源：作业代传——有问题联系原作者  ID：20829\nBV16Q4y1S7zH"
    },
    "opers": [
        {
            "name": "夜莺",
            "skill": 2
        },
        {
            "name": "傀影",
            "skill": 2
        },
        {
            "name": "煌",
            "skill": 2
        }
    ],
    "actions": [
        {
            "type": "二倍速",
            "cost_changes": 0
        },
        {
            "type": "部署",
            "name": "傀影",
            "location": [
                5,
                3
            ],
            "direction": "右"
        },
        {
            "type": "部署",
            "name": "夜莺",
            "location": [
                7,
                4
            ],
            "direction": "左"
        },
        {
            "type": "部署",
            "name": "煌",
            "location": [
                5,
                5
            ],
            "direction": "左"
        }
    ],
    "minimum_required": "v4.0.0"
}