{
    "minimum_required": "v4.0.0",
    "stage_name": "main_04-08",
    "actions": [
        {
            "type": "SpeedUp"
        },
        {
            "type": "Deploy",
            "name": "逻各斯",
            "location": [
                4,
                3
            ],
            "direction": "Right"
        },
        {
            "type": "Deploy",
            "name": "弑君者",
            "location": [
                7,
                4
            ],
            "direction": "Down"
        },
        {
            "type": "Retreat",
            "name": "弑君者",
            "pre_delay": 500
        },
        {
            "type": "Deploy",
            "name": "德克萨斯",
            "location": [
                1,
                3
            ],
            "direction": "Right"
        },
        {
            "type": "Deploy",
            "name": "弑君者",
            "location": [
                7,
                4
            ],
            "direction": "Down"
        },
        {
            "type": "Retreat",
            "name": "弑君者",
            "pre_delay": 500
        },
        {
            "type": "Deploy",
            "name": "泥岩",
            "location": [
                5,
                4
            ],
            "direction": "Right"
        },
        {
            "type": "Deploy",
            "name": "弑君者",
            "location": [
                7,
                4
            ],
            "direction": "Down"
        },
        {
            "type": "Retreat",
            "name": "弑君者",
            "pre_delay": 500
        },
        {
            "type": "Deploy",
            "name": "弑君者",
            "location": [
                7,
                4
            ],
            "direction": "Down"
        },
        {
            "type": "Retreat",
            "name": "弑君者",
            "pre_delay": 500
        },
        {
            "type": "Deploy",
            "name": "弑君者",
            "location": [
                7,
                4
            ],
            "direction": "Down"
        },
        {
            "type": "Retreat",
            "name": "弑君者",
            "pre_delay": 500
        },
        {
            "type": "Deploy",
            "name": "弑君者",
            "location": [
                7,
                4
            ],
            "direction": "Down"
        },
        {
            "type": "Retreat",
            "name": "弑君者",
            "pre_delay": 500
        },
        {
            "type": "Deploy",
            "name": "弑君者",
            "location": [
                7,
                4
            ],
            "direction": "Down"
        },
        {
            "type": "Retreat",
            "name": "弑君者",
            "pre_delay": 500
        },
        {
            "type": "Deploy",
            "name": "弑君者",
            "location": [
                7,
                4
            ],
            "direction": "Down"
        }
    ],
    "doc": {
        "title": "弑君者模组任务 - 4-8 - 木炭画",
        "details": "——————————\n作业更新日期: 2025-05-10T16:18:55Z\n统计更新日期: 2025-06-17\n好评率：64.29%  浏览量：249\n来源：一只摆烂的42  ID：53307\n——————————\n弑君者「木炭画」模组任务\n战斗中非助战弑君者累计使用8次烽烟行刑场\n3星通关主题曲4-8；必须编入非助战弑君者并上场，且使用2次烽烟行刑场\n制作者：一只摆烂的42\n有问题联系QQ2586582719\n修改自用请删除我的QQ"
    },
    "groups": [],
    "opers": [
        {
            "name": "弑君者",
            "skill": 3,
            "skill_usage": 0
        },
        {
            "name": "逻各斯",
            "skill": 1,
            "skill_usage": 0
        },
        {
            "name": "泥岩",
            "skill": 2,
            "skill_usage": 0
        },
        {
            "name": "德克萨斯",
            "skill": 1,
            "skill_usage": 0
        }
    ],
    "difficulty": 1
}