{
    "minimum_required": "v4.0.0",
    "stage_name": "act17side_ex03",
    "actions": [
        {
            "type": "Deploy",
            "name": "障碍物",
            "location": [
                3,
                4
            ],
            "direction": "None"
        },
        {
            "type": "Deploy",
            "name": "障碍物",
            "location": [
                7,
                3
            ],
            "direction": "None"
        },
        {
            "type": "Deploy",
            "name": "维什戴尔",
            "location": [
                10,
                2
            ],
            "direction": "Down"
        },
        {
            "type": "SpeedUp"
        },
        {
            "type": "Deploy",
            "name": "塑心",
            "location": [
                8,
                4
            ],
            "direction": "Right"
        },
        {
            "type": "Deploy",
            "name": "歌蕾蒂娅",
            "location": [
                11,
                6
            ],
            "direction": "Left"
        },
        {
            "type": "SkillDaemon"
        }
    ],
    "doc": {
        "title": "愚人号 - SN-EX-3 - 代理人【歌蕾蒂娅模组任务y模组】",
        "details": "——————————\n作业更新日期: 2025-05-11T03:00:07Z\n统计更新日期: 2025-06-17\n好评率：66.67%  浏览量：665\n来源：小卡拉帕鲁灰  ID：53417\n——————————\n任务：使用三次二技能或者3技能\n另一个小任务需要单独打"
    },
    "groups": [],
    "opers": [
        {
            "name": "歌蕾蒂娅",
            "skill": 2,
            "skill_usage": 1
        },
        {
            "name": "维什戴尔",
            "skill": 3,
            "skill_usage": 1
        },
        {
            "name": "塑心",
            "skill": 1,
            "skill_usage": 0
        }
    ],
    "difficulty": 1
}