{
    "minimum_required": "v4.0.0",
    "stage_name": "main_10-14",
    "actions": [
        {
            "type": "Deploy",
            "name": "山",
            "location": [
                5,
                4
            ],
            "direction": "Right"
        },
        {
            "type": "Deploy",
            "name": "棘刺",
            "location": [
                8,
                6
            ],
            "direction": "Right"
        },
        {
            "type": "SpeedUp"
        },
        {
            "type": "Deploy",
            "name": "能天使",
            "location": [
                2,
                4
            ],
            "direction": "Up"
        },
        {
            "type": "Deploy",
            "name": "行医",
            "location": [
                7,
                6
            ],
            "direction": "Up"
        },
        {
            "type": "Deploy",
            "name": "维什戴尔",
            "location": [
                6,
                5
            ],
            "direction": "Up"
        },
        {
            "type": "Deploy",
            "name": "泥岩",
            "location": [
                8,
                3
            ],
            "direction": "Up"
        },
        {
            "type": "SkillDaemon"
        }
    ],
    "doc": {
        "title": "第十章 破碎日冕 - 10-16（标准） - 血刃高悬【泥岩模组任务（2模）】",
        "details": "——————————\n作业更新日期: 2025-04-09T11:39:44Z\n统计更新日期: 2025-06-17\n好评率：90.32%  浏览量：669\n来源：小卡拉帕鲁灰  ID：49867\n——————————\n任务一：泥岩宝贝击杀40单位\n任务二：通关10-16，只携带泥岩一个重装"
    },
    "groups": [
        {
            "name": "行医",
            "opers": [
                {
                    "name": "纯烬艾雅法拉",
                    "skill": 1,
                    "skill_usage": 0
                },
                {
                    "name": "哈洛德",
                    "skill": 1,
                    "skill_usage": 1
                },
                {
                    "name": "蜜莓",
                    "skill": 1,
                    "skill_usage": 0
                },
                {
                    "name": "桑葚",
                    "skill": 2,
                    "skill_usage": 1
                }
            ]
        }
    ],
    "opers": [
        {
            "name": "泥岩",
            "skill": 2,
            "skill_usage": 0
        },
        {
            "name": "维什戴尔",
            "skill": 3,
            "skill_usage": 1
        },
        {
            "name": "山",
            "skill": 2,
            "skill_usage": 2,
            "skill_times": 1
        },
        {
            "name": "棘刺",
            "skill": 3,
            "skill_usage": 1
        },
        {
            "name": "能天使",
            "skill": 3,
            "skill_usage": 0
        }
    ]
}