{
    "minimum_required": "v4.0.0",
    "stage_name": "main_14-04",
    "actions": [
        {
            "type": "SpeedUp"
        },
        {
            "type": "Deploy",
            "name": "泥岩",
            "location": [
                1,
                5
            ],
            "direction": "Down"
        },
        {
            "type": "Deploy",
            "name": "魔王",
            "location": [
                3,
                5
            ],
            "direction": "Down"
        },
        {
            "type": "Deploy",
            "name": "山",
            "location": [
                1,
                6
            ],
            "direction": "Right"
        },
        {
            "type": "SkillDaemon"
        }
    ],
    "doc": {
        "title": "第十四章 慈悲灯塔 - 14-5（标准） - 探查岩洞区域【魔王模组任务】",
        "details": "——————————\n作业更新日期: 2025-02-09T16:55:39Z\n统计更新日期: 2025-06-17\n好评率：81.25%  浏览量：429\n来源：小卡拉帕鲁灰  ID：42224\n——————————\n小特模组任务"
    },
    "groups": [],
    "opers": [
        {
            "name": "魔王",
            "skill": 2,
            "skill_usage": 1
        },
        {
            "name": "泥岩",
            "skill": 2,
            "skill_usage": 0
        },
        {
            "name": "山",
            "skill": 2,
            "skill_usage": 2,
            "skill_times": 1
        }
    ]
}