{
    "minimum_required": "v4.0.0",
    "stage_name": "sub_02-11",
    "actions": [
        {
            "type": "Deploy",
            "name": "芬",
            "location": [
                2,
                2
            ],
            "direction": "Right"
        },
        {
            "type": "Deploy",
            "name": "克洛丝",
            "location": [
                3,
                3
            ],
            "direction": "Up"
        },
        {
            "type": "Deploy",
            "name": "古米",
            "location": [
                2,
                1
            ],
            "direction": "Right"
        },
        {
            "type": "Deploy",
            "name": "Lancet-2",
            "location": [
                1,
                3
            ],
            "direction": "Up"
        },
        {
            "type": "Deploy",
            "name": "翎羽",
            "location": [
                6,
                6
            ],
            "direction": "Down"
        },
        {
            "type": "Deploy",
            "name": "玫兰莎",
            "location": [
                8,
                6
            ],
            "direction": "Down"
        },
        {
            "type": "Deploy",
            "name": "芙蓉",
            "location": [
                5,
                6
            ],
            "direction": "Right"
        },
        {
            "type": "Deploy",
            "name": "安赛尔",
            "location": [
                2,
                5
            ],
            "direction": "Up"
        },
        {
            "type": "Retreat",
            "name": "芬",
            "pre_delay": 100
        },
        {
            "type": "Deploy",
            "name": "米格鲁",
            "location": [
                2,
                2
            ],
            "direction": "Right"
        },
        {
            "type": "Deploy",
            "name": "12F",
            "location": [
                2,
                3
            ],
            "direction": "Up"
        }
    ],
    "doc": {
        "title": "第二章 异卵同生 - S2-11 - 窒息-2",
        "details": "统计日期：2024-05-17\n好评率：75.0%  浏览量：176\n来源：手残小梁  ID：25118\n低配过关，自用。"
    },
    "groups": [],
    "opers": [
        {
            "name": "玫兰莎",
            "skill": 1,
            "skill_usage": 1
        },
        {
            "name": "芙蓉",
            "skill": 1,
            "skill_usage": 1
        },
        {
            "name": "安赛尔",
            "skill": 1,
            "skill_usage": 0
        },
        {
            "name": "克洛丝",
            "skill": 1,
            "skill_usage": 0
        },
        {
            "name": "古米",
            "skill": 1,
            "skill_usage": 0
        },
        {
            "name": "Lancet-2",
            "skill": 1,
            "skill_usage": 0
        },
        {
            "name": "杰西卡",
            "skill": 1,
            "skill_usage": 0
        },
        {
            "name": "米格鲁",
            "skill": 1,
            "skill_usage": 1
        },
        {
            "name": "芬",
            "skill": 1,
            "skill_usage": 0
        },
        {
            "name": "翎羽",
            "skill": 1,
            "skill_usage": 2
        },
        {
            "name": "12F",
            "skill": 1,
            "skill_usage": 0
        },
        {
            "name": "杜林",
            "skill": 1,
            "skill_usage": 0
        }
    ]
}