{
    "minimum_required": "v4.0.0",
    "stage_name": "main_03-08",
    "actions": [
        {
            "type": "Deploy",
            "name": "伺夜",
            "location": [
                9,
                5
            ],
            "direction": "Left"
        },
        {
            "type": "Deploy",
            "name": "狼群",
            "location": [
                7,
                5
            ],
            "direction": "Left"
        },
        {
            "type": "SpeedUp"
        },
        {
            "type": "Deploy",
            "name": "棘刺",
            "location": [
                9,
                3
            ],
            "direction": "Left"
        },
        {
            "type": "Deploy",
            "name": "山",
            "location": [
                9,
                4
            ],
            "direction": "Left"
        },
        {
            "type": "Skill",
            "name": "伺夜",
            "location": [
                9,
                5
            ],
            "kills": 8
        },
        {
            "type": "SkillUsage",
            "name": "伺夜",
            "kills": 8,
            "skill_usage": 1
        },
        {
            "type": "Deploy",
            "name": "能天使",
            "location": [
                8,
                1
            ],
            "direction": "Down"
        },
        {
            "type": "SkillDaemon"
        }
    ],
    "doc": {
        "title": "第三章 二次呼吸 - 3-8 - 黄昏【伺夜模组任务】",
        "details": "统计日期：2024-05-25\n好评率：33.33%  浏览量：298\n来源：小卡拉帕鲁灰🐖  ID：35860\n未测试\n任务要求：3星通关主题曲3-8；必须编入非助战伺夜并上场，且使用伺夜歼灭碎骨"
    },
    "groups": [],
    "opers": [
        {
            "name": "伺夜",
            "skill": 3,
            "skill_usage": 0
        },
        {
            "name": "山",
            "skill": 2,
            "skill_usage": 2,
            "skill_times": 1
        },
        {
            "name": "棘刺",
            "skill": 3,
            "skill_usage": 1
        },
        {
            "name": "能天使",
            "skill": 3,
            "skill_usage": 0
        }
    ],
    "difficulty": 1
}