{
    "minimum_required": "v4.0.0",
    "actions": [
        {
            "type": "SpeedUp"
        },
        {
            "type": "Deploy",
            "name": "克洛丝",
            "location": [
                7,
                5
            ],
            "direction": "Left"
        },
        {
            "type": "Deploy",
            "name": "杜宾",
            "location": [
                6,
                6
            ],
            "direction": "Left"
        },
        {
            "type": "Output",
            "doc_color": "#6f42c1",
            "doc": "给个好评吧，亲~"
        }
    ],
    "doc": {
        "title": "杜宾模组摆完挂机-军用望远镜",
        "details": "统计日期：2024-05-11\n好评率：100.0%  浏览量：51\n来源：作业代传——有问题联系原作者  ID：20866\n侬无言以对模组任务摆完挂机合集:BV1wU4y177Qu\n3星通关主题曲1-12；必须编入非助战杜宾并上场，其他成员仅可编入3星干员\n筱竹聽雨"
    },
    "groups": [],
    "opers": [
        {
            "name": "杜宾",
            "skill": 1,
            "skill_usage": 0
        },
        {
            "name": "克洛丝",
            "skill": 1,
            "skill_usage": 0
        }
    ],
    "stage_name": "main_01-12"
}