{
    "minimum_required": "v4.0.0",
    "actions": [
        {
            "type": "SpeedUp"
        },
        {
            "type": "Deploy",
            "name": "拉普兰德",
            "location": [
                1,
                3
            ],
            "direction": "Right"
        },
        {
            "type": "Deploy",
            "name": "塞雷娅",
            "location": [
                1,
                4
            ],
            "direction": "Right"
        },
        {
            "type": "Deploy",
            "name": "槐琥",
            "location": [
                7,
                2
            ],
            "direction": "Up"
        },
        {
            "type": "Output",
            "doc_color": "#6f42c1",
            "doc": "给个好评吧，亲~"
        }
    ],
    "doc": {
        "title": "槐琥模组摆完挂机-红眉咏春拳谱",
        "details": "统计日期：2024-05-11\n好评率：85.71%  浏览量：62\n来源：作业代传——有问题联系原作者  ID：20893\n侬无言以对模组任务摆完挂机合集:BV1wU4y177Qu\n3星通关主题曲4-7；必须编入非助战槐琥并上场，其他成员仅可编入6名干员\n筱竹聽雨"
    },
    "groups": [],
    "opers": [
        {
            "name": "拉普兰德",
            "skill": 2,
            "skill_usage": 0
        },
        {
            "name": "槐琥",
            "skill": 2,
            "skill_usage": 0
        },
        {
            "name": "塞雷娅",
            "skill": 1,
            "skill_usage": 0
        }
    ],
    "stage_name": "main_04-07"
}