{
    "minimum_required": "v4.0.0",
    "stage_name": "act16side_04",
    "actions": [
        {
            "type": "Deploy",
            "name": "煌",
            "location": [
                6,
                2
            ],
            "direction": "Down"
        },
        {
            "type": "Deploy",
            "name": "菲亚梅塔",
            "location": [
                8,
                2
            ],
            "direction": "Left"
        },
        {
            "type": "Deploy",
            "name": "塞雷娅",
            "location": [
                6,
                3
            ],
            "direction": "Down"
        },
        {
            "type": "SpeedUp"
        },
        {
            "type": "SkillDaemon"
        }
    ],
    "doc": {
        "title": "吾导先路·复刻 - GA-4 - 安魂教堂 菲亚梅塔模组漫长的旅途解锁任务",
        "details": "统计日期：2024-05-31\n好评率：100.0%  浏览量：562\n来源：萨拉托加  ID：29024\n菲亚梅塔模组任务漫长的旅途，2603练度以上\n条件\n3星通关别传GA-4；必须编入非助战菲亚梅塔并上场，且队伍中不能有其他狙击干员"
    },
    "groups": [],
    "opers": [
        {
            "name": "菲亚梅塔",
            "skill": 3,
            "skill_usage": 2
        },
        {
            "name": "煌",
            "skill": 2,
            "skill_usage": 0
        },
        {
            "name": "塞雷娅",
            "skill": 2,
            "skill_usage": 0
        }
    ]
}