{
    "minimum_required": "v4.0.0",
    "actions": [
        {
            "type": "SpeedUp"
        },
        {
            "type": "Deploy",
            "name": "煌",
            "location": [
                5,
                4
            ],
            "direction": "Right"
        },
        {
            "type": "Deploy",
            "name": "拉普兰德",
            "location": [
                6,
                3
            ],
            "direction": "Right"
        },
        {
            "type": "Deploy",
            "name": "塞雷娅",
            "location": [
                7,
                3
            ],
            "direction": "Right"
        },
        {
            "type": "Deploy",
            "name": "赫拉格",
            "location": [
                8,
                4
            ],
            "direction": "Right"
        },
        {
            "type": "Output",
            "doc_color": "#6f42c1",
            "doc": "给个好评吧，亲~"
        }
    ],
    "doc": {
        "title": "赫拉格模组摆完挂机-藏锋",
        "details": "统计日期：2024-05-25\n好评率：88.24%  浏览量：357\n来源：作业代传——有问题联系原作者  ID：20880\n侬无言以对模组任务摆完挂机合集:BV1wU4y177Qu\n3星通关主题曲5-10；必须编入非助战赫拉格并上场，且使用赫拉格歼灭梅菲斯特\n筱竹聽雨"
    },
    "groups": [],
    "opers": [
        {
            "name": "塞雷娅",
            "skill": 2,
            "skill_usage": 0
        },
        {
            "name": "拉普兰德",
            "skill": 2,
            "skill_usage": 0
        },
        {
            "name": "煌",
            "skill": 2,
            "skill_usage": 0
        },
        {
            "name": "赫拉格",
            "skill": 1,
            "skill_usage": 0
        }
    ],
    "stage_name": "main_05-10"
}