{
    "minimum_required": "v4.0.0",
    "stage_name": "main_02-03",
    "actions": [
        {
            "type": "SpeedUp"
        },
        {
            "type": "Deploy",
            "name": "煌",
            "location": [
                5,
                3
            ],
            "direction": "Up"
        },
        {
            "type": "Deploy",
            "name": "塞雷娅",
            "location": [
                8,
                6
            ],
            "direction": "Right"
        },
        {
            "type": "Deploy",
            "name": "雪绒",
            "location": [
                9,
                4
            ],
            "direction": "Down"
        },
        {
            "type": "Deploy",
            "name": "星熊",
            "location": [
                7,
                6
            ],
            "direction": "Right"
        },
        {
            "type": "Output",
            "doc_color": "#6f42c1",
            "doc": "给个好评吧，亲~"
        }
    ],
    "doc": {
        "title": "雪绒模组摆完挂机-自制登山杖",
        "details": "统计日期：2024-05-11\n好评率：100.0%  浏览量：81\n来源：作业代传——有问题联系原作者  ID：20978\n侬无言以对模组任务摆完挂机合集:BV1wU4y177Qu\n3星通关主题曲2-3；必须编入非助战雪绒并上场，且使用雪绒歼灭至少2名重装防御者\n筱竹聽雨"
    },
    "groups": [],
    "opers": [
        {
            "name": "煌",
            "skill": 2,
            "skill_usage": 0
        },
        {
            "name": "塞雷娅",
            "skill": 1,
            "skill_usage": 0
        },
        {
            "name": "星熊",
            "skill": 2,
            "skill_usage": 0
        },
        {
            "name": "雪绒",
            "skill": 1,
            "skill_usage": 0
        }
    ]
}