{"minimum_required":"v4.0.0","stage_name":"DC-3","actions":[{"type":"SpeedUp"},{"type":"Deploy","name":"塞雷娅","location":[1,3],"direction":"Up"},{"type":"Deploy","name":"煌","location":[1,4],"direction":"Up"},{"type":"Deploy","name":"艾雅法拉","location":[6,2],"direction":"Right"},{"type":"SkillDaemon"}],"doc":{"title":"春分 DC-3 煌、艾雅法拉、塞雷娅","details":"攻略作者：萧然Q BV1384y1p7SN\n自动战斗作者：鱼丸  有问题请联系qq2877734958\n平均练度：2603 \n本打法普通突袭通用\n已通过测试 测试人：鱼丸"},"groups":[],"opers":[{"name":"煌","skill":2,"skill_usage":0},{"name":"艾雅法拉","skill":2,"skill_usage":0},{"name":"塞雷娅","skill":2,"skill_usage":0}]}