{"minimum_required":"v4.0.0","stage_name":"DC-8","actions":[{"type":"SpeedUp"},{"type":"Deploy","name":"山","location":[1,3],"direction":"Right"},{"type":"Deploy","name":"浊心斯卡蒂","location":[8,4],"direction":"Left"},{"type":"Deploy","name":"棘刺","location":[7,3],"direction":"Down"},{"type":"Deploy","name":"夜莺","location":[9,3],"direction":"Left"},{"type":"Deploy","name":"早露","location":[7,4],"direction":"Left"},{"type":"Deploy","name":"泥岩","location":[2,1],"direction":"Right"},{"type":"Deploy","name":"煌","location":[1,6],"direction":"Up"},{"type":"Deploy","name":"银灰","location":[6,6],"direction":"Left"},{"type":"Deploy","name":"泥岩","location":[7,6],"direction":"Left"},{"type":"Skill","name":"早露","location":[7,4],"kills":26,"pre_delay":8000},{"type":"SkillDaemon"}],"doc":{"title":"春分 DC-8 棘刺、煌、山、泥岩、银灰、夜莺、浊心斯卡蒂、早露","details":"攻略作者：萧然Q BV1384y1p7SN\n自动战斗作者：鱼丸  有问题请联系qq2877734958\n平均练度：2603 早露没有用到技能 银灰不用专精\n本打法普通突袭通用\n已通过测试 测试人：鱼丸\n有一说一 过的很极限 但是原视频如此我也懒得改了（）"},"groups":[],"opers":[{"name":"煌","skill":2,"skill_usage":0},{"name":"泥岩","skill":2,"skill_usage":0},{"name":"棘刺","skill":3,"skill_usage":1},{"name":"山","skill":2,"skill_usage":2},{"name":"夜莺","skill":2,"skill_usage":0},{"name":"浊心斯卡蒂","skill":2,"skill_usage":0},{"name":"银灰","skill":1,"skill_usage":0},{"name":"早露","skill":2,"skill_usage":0}]}