{
    "minimum_required": "v4.0.0",
    "doc": {
        "title": "【将进酒-萧然】IW-3四人",
        "details": "作业更新日期: 2023-05-27T08:56:17Z\n统计更新日期: 2024-07-27\n好评率：90.0%  浏览量：344\n来源：一只摆烂的42  ID：22991\n\n原视频：https://www.bilibili.com/video/av295975180?p=3\nUP：萧然Q\n有问题联系制作者QQ2586582719"
    },
    "stage_name": "act15side_03",
    "opers": [
        {
            "name": "煌",
            "skill": 2,
            "skill_usage": 0
        },
        {
            "name": "德克萨斯",
            "skill": 1,
            "skill_usage": 0
        },
        {
            "name": "克洛丝",
            "skill": 1,
            "skill_usage": 0
        }
    ],
    "actions": [
        {
            "type": "二倍速",
            "name": ""
        },
        {
            "type": "部署",
            "name": "煌",
            "location": [
                3,
                3
            ],
            "direction": "左"
        },
        {
            "type": "Deploy",
            "name": "速狙",
            "location": [
                4,
                2
            ],
            "direction": "左"
        },
        {
            "type": "部署",
            "name": "克洛丝",
            "location": [
                2,
                4
            ],
            "direction": "上"
        },
        {
            "type": "部署",
            "name": "德克萨斯",
            "location": [
                1,
                3
            ],
            "direction": "上"
        },
        {
            "type": "打印",
            "name": "",
            "doc": "有问题联系制作者QQ2586582719",
            "doc_color": "SpringGreen"
        }
    ],
    "groups": [
        {
            "name": "速狙",
            "opers": [
                {
                    "name": "蓝毒",
                    "skill": 1,
                    "skill_usage": 0
                },
                {
                    "name": "能天使",
                    "skill": 1,
                    "skill_usage": 0
                }
            ]
        }
    ]
}