{
    "minimum_required": "v4.0",
    "doc": {
        "title": "【将进酒-萧然】IW-7六人",
        "details": "原视频：https://www.bilibili.com/video/av295975180?p=7\nUP：萧然Q\n有问题联系制作者QQ2586582719"
    },
    "stage_name": "IW-7",
    "opers": [
        {
            "name": "煌",
            "skill": 2,
            "skill_usage": 0
        },
        {
            "name": "艾雅法拉",
            "skill": 2,
            "skill_usage": 0
        },
        {
            "name": "夜莺",
            "skill": 2,
            "skill_usage": 0
        },
        {
            "name": "塞雷娅",
            "skill": 1,
            "skill_usage": 0
        },
        {
            "name": "克洛丝",
            "skill": 1,
            "skill_usage": 0
        },
        {
            "name": "梓兰",
            "skill": 1,
            "skill_usage": 0
        }
    ],
    "actions": [
        {
            "type": "二倍速",
            "name": ""
        },
        {
            "type": "部署",
            "name": "煌",
            "location": [
                5,
                1
            ],
            "direction": "下"
        },
        {
            "type": "部署",
            "name": "艾雅法拉",
            "location": [
                5,
                4
            ],
            "direction": "上"
        },
        {
            "type": "部署",
            "name": "梓兰",
            "location": [
                4,
                4
            ],
            "direction": "下"
        },
        {
            "type": "部署",
            "name": "夜莺",
            "location": [
                6,
                2
            ],
            "direction": "下"
        },
        {
            "type": "部署",
            "name": "塞雷娅",
            "location": [
                6,
                3
            ],
            "direction": "左"
        },
        {
            "type": "部署",
            "name": "克洛丝",
            "location": [
                2,
                4
            ],
            "direction": "右"
        },
        {
            "type": "打印",
            "name": "",
            "doc": "有问题联系制作者QQ2586582719",
            "doc_color": "SpringGreen"
        }
    ]
}