{
    "minimum_required": "v4.0.0",
    "stage_name": "act15side_07",
    "actions": [
        {
            "type": "Deploy",
            "name": "令",
            "location": [
                5,
                5
            ],
            "direction": "Up"
        },
        {
            "type": "SpeedUp"
        },
        {
            "type": "BulletTime",
            "name": "令",
            "location": [
                5,
                5
            ],
            "costs": 16
        },
        {
            "type": "Deploy",
            "name": "“弦惊”",
            "location": [
                2,
                3
            ],
            "direction": "Right"
        },
        {
            "type": "Deploy",
            "name": "“弦惊”",
            "location": [
                5,
                3
            ],
            "direction": "Up"
        },
        {
            "type": "Deploy",
            "name": "“弦惊”",
            "location": [
                6,
                6
            ],
            "direction": "Up"
        },
        {
            "type": "SpeedUp",
            "kills": 7
        },
        {
            "type": "Skill",
            "name": "令",
            "location": [
                5,
                5
            ],
            "kills": 9
        },
        {
            "type": "SpeedUp"
        },
        {
            "type": "Deploy",
            "name": "“弦惊”",
            "location": [
                5,
                6
            ],
            "direction": "Right",
            "kills": 13,
            "pre_delay": 2000
        },
        {
            "type": "Deploy",
            "name": "“弦惊”",
            "location": [
                4,
                3
            ],
            "direction": "Right"
        },
        {
            "type": "Skill",
            "name": "令",
            "location": [
                5,
                5
            ],
            "kills": 17
        }
    ],
    "doc": {
        "title": "将进酒·复刻 - IW-7 - 乱局",
        "details": "作业更新日期: 2024-01-21T07:12:33Z\n统计更新日期: 2024-07-27\n好评率：66.67%  浏览量：262\n来源：小卡拉帕鲁灰🐖  ID：32183\n\nhttps://www.bilibili.com/video/BV1NY411m7w9?p=7&vd_source=10857a8c905c104ca2eab27415c72ffc"
    },
    "groups": [],
    "opers": [
        {
            "name": "令",
            "skill": 3,
            "skill_usage": 0
        }
    ]
}