{
    "minimum_required": "v4.0.0",
    "doc": {
        "title": "【将进酒-萧然】IW-8五人",
        "details": "作业更新日期: 2023-04-30T00:38:38Z\n统计更新日期: 2024-07-27\n好评率：100.0%  浏览量：619\n来源：一只摆烂的42  ID：23004\n\n原视频：https://www.bilibili.com/video/av295975180?p=8\nUP：萧然Q\n有问题联系制作者QQ2586582719"
    },
    "stage_name": "act15side_08",
    "opers": [
        {
            "name": "煌",
            "skill": 2,
            "skill_usage": 0
        },
        {
            "name": "艾雅法拉",
            "skill": 2,
            "skill_usage": 0
        },
        {
            "name": "夜莺",
            "skill": 2,
            "skill_usage": 0
        },
        {
            "name": "伊芙利特",
            "skill": 2,
            "skill_usage": 0
        },
        {
            "name": "德克萨斯",
            "skill": 1,
            "skill_usage": 0
        }
    ],
    "actions": [
        {
            "type": "二倍速",
            "name": ""
        },
        {
            "type": "部署",
            "name": "德克萨斯",
            "location": [
                2,
                6
            ],
            "direction": "左"
        },
        {
            "type": "部署",
            "name": "伊芙利特",
            "location": [
                2,
                3
            ],
            "direction": "右"
        },
        {
            "type": "部署",
            "name": "艾雅法拉",
            "location": [
                2,
                4
            ],
            "direction": "上"
        },
        {
            "type": "部署",
            "name": "煌",
            "location": [
                3,
                6
            ],
            "direction": "上"
        },
        {
            "type": "部署",
            "name": "夜莺",
            "location": [
                4,
                4
            ],
            "direction": "左"
        },
        {
            "type": "打印",
            "name": "",
            "doc": "有问题联系制作者QQ2586582719",
            "doc_color": "SpringGreen"
        }
    ]
}