{
    "minimum_required": "v4.0.0",
    "doc": {
        "title": "【将进酒-萧然】IW-EX-5突袭六人",
        "details": "作业更新日期: 2024-07-27T10:12:57Z\n统计更新日期: 2024-07-27\n好评率：92.31%  浏览量：1257\n来源：一只摆烂的42  ID：23007\n\n原视频：https://www.bilibili.com/video/BV1CP4y1N7ji?p=9\nUP：萧然Q\n制作者：一只摆烂的42\n有问题联系QQ2586582719\n修改自用请删除我的QQ"
    },
    "stage_name": "act15side_ex05",
    "opers": [
        {
            "name": "煌",
            "skill": 2,
            "skill_usage": 0
        },
        {
            "name": "艾雅法拉",
            "skill": 2,
            "skill_usage": 0
        },
        {
            "name": "阿消",
            "skill": 1,
            "skill_usage": 0
        },
        {
            "name": "伊桑",
            "skill": 1,
            "skill_usage": 0
        }
    ],
    "actions": [
        {
            "type": "二倍速",
            "name": ""
        },
        {
            "type": "部署",
            "name": "煌",
            "location": [
                5,
                6
            ],
            "direction": "上"
        },
        {
            "type": "部署",
            "name": "伊桑",
            "location": [
                8,
                4
            ],
            "direction": "右"
        },
        {
            "type": "部署",
            "name": "艾雅法拉",
            "location": [
                5,
                3
            ],
            "direction": "上"
        },
        {
            "type": "Deploy",
            "name": "奶盾",
            "direction": "左",
            "location": [
                7,
                1
            ]
        },
        {
            "type": "部署",
            "name": "阿消",
            "location": [
                10,
                1
            ],
            "direction": "下"
        },
        {
            "type": "Deploy",
            "name": "奶",
            "direction": "左",
            "location": [
                6,
                5
            ]
        },
        {
            "type": "打印",
            "name": "",
            "doc": "有问题联系制作者QQ2586582719",
            "doc_color": "SpringGreen"
        }
    ],
    "difficulty": 3,
    "groups": [
        {
            "name": "奶盾",
            "opers": [
                {
                    "name": "塞雷娅",
                    "skill": 1,
                    "skill_usage": 0
                },
                {
                    "name": "黍",
                    "skill": 1,
                    "skill_usage": 0
                }
            ]
        },
        {
            "name": "奶",
            "opers": [
                {
                    "name": "纯烬艾雅法拉",
                    "skill": 1,
                    "skill_usage": 0
                },
                {
                    "name": "闪灵",
                    "skill": 2,
                    "skill_usage": 0
                }
            ]
        }
    ]
}