{
    "minimum_required": "v4.0.0",
    "stage_name": "camp_r_13",
    "actions": [
        {
            "type": "Deploy",
            "name": "维什戴尔",
            "location": [
                6,
                2
            ],
            "direction": "Right"
        },
        {
            "type": "Deploy",
            "name": "德克萨斯",
            "location": [
                7,
                1
            ],
            "direction": "Left"
        },
        {
            "type": "SpeedUp"
        },
        {
            "type": "Deploy",
            "name": "逻各斯",
            "location": [
                5,
                2
            ],
            "direction": "Down"
        },
        {
            "type": "Deploy",
            "name": "奶",
            "location": [
                8,
                2
            ],
            "direction": "Left"
        },
        {
            "type": "Deploy",
            "name": "提丰",
            "location": [
                11,
                3
            ],
            "direction": "Left"
        },
        {
            "type": "SkillDaemon"
        }
    ],
    "doc": {
        "title": "伊比利亚 - 昏黑造船厂 - 昏黑造船厂",
        "details": "——————————\n作业更新日期: 2024-08-26T07:13:37Z\n统计更新日期: 2025-08-13\n相对评分：92.05%  相对热度：76.66%\n来源：萨拉托加  ID：40806\n——————————\nJSON作者萨拉托加\n作业交流群群号1003478193，可蹲作业，有问题进群找我，作业站消息没提醒看不到"
    },
    "groups": [
        {
            "name": "奶",
            "opers": [
                {
                    "name": "纯烬艾雅法拉",
                    "skill": 1,
                    "skill_usage": 0
                },
                {
                    "name": "蜜莓",
                    "skill": 1,
                    "skill_usage": 0
                }
            ]
        }
    ],
    "opers": [
        {
            "name": "维什戴尔",
            "skill": 3,
            "skill_usage": 1
        },
        {
            "name": "逻各斯",
            "skill": 1,
            "skill_usage": 0
        },
        {
            "name": "提丰",
            "skill": 2,
            "skill_usage": 1
        },
        {
            "name": "德克萨斯",
            "skill": 1,
            "skill_usage": 0
        }
    ]
}