{
    "minimum_required": "v4.0.0",
    "stage_name": "camp_r_19",
    "actions": [
        {
            "type": "Deploy",
            "name": "德克萨斯",
            "location": [
                4,
                4
            ],
            "direction": "Right"
        },
        {
            "type": "Deploy",
            "name": "白面鸮",
            "location": [
                4,
                3
            ],
            "direction": "Down"
        },
        {
            "type": "Deploy",
            "name": "艾雅法拉",
            "location": [
                4,
                5
            ],
            "direction": "Right"
        },
        {
            "type": "SpeedUp"
        },
        {
            "type": "Deploy",
            "name": "能天使",
            "location": [
                2,
                5
            ],
            "direction": "Right"
        },
        {
            "type": "Deploy",
            "name": "塞雷娅",
            "location": [
                4,
                6
            ],
            "direction": "Right"
        },
        {
            "type": "Retreat",
            "name": "能天使",
            "location": [
                2,
                5
            ],
            "kills": 8
        },
        {
            "type": "Deploy",
            "name": "伊芙利特",
            "location": [
                5,
                7
            ],
            "direction": "Up"
        },
        {
            "type": "Deploy",
            "name": "能天使",
            "location": [
                4,
                2
            ],
            "direction": "Left"
        },
        {
            "type": "Deploy",
            "name": "煌",
            "location": [
                5,
                4
            ],
            "direction": "Up"
        },
        {
            "type": "SkillUsage",
            "name": "白面鸮",
            "skill_usage": 1
        },
        {
            "type": "SkillDaemon",
            "doc_color": "DarkCyan",
            "doc": "如果觉得实用，请赏个好评吧~"
        }
    ],
    "doc": {
        "title": "剿灭作战 - 腐烂荒野",
        "details": "作业更新日期: 2023-10-30T00:50:54Z\n统计更新日期: 2024-11-30\n好评率：94.31%  浏览量：8021\n来源：Issuing2890  ID：29515\n萧然Q，https://www.bilibili.com/video/BV1sg4y1o7g7?p=2"
    },
    "groups": [],
    "opers": [
        {
            "name": "德克萨斯",
            "skill": 1,
            "skill_usage": 0
        },
        {
            "name": "煌",
            "skill": 2,
            "skill_usage": 0
        },
        {
            "name": "能天使",
            "skill": 3,
            "skill_usage": 0
        },
        {
            "name": "艾雅法拉",
            "skill": 2,
            "skill_usage": 0
        },
        {
            "name": "伊芙利特",
            "skill": 2,
            "skill_usage": 0
        },
        {
            "name": "塞雷娅",
            "skill": 2,
            "skill_usage": 0
        },
        {
            "name": "白面鸮",
            "skill": 1,
            "skill_usage": 0
        }
    ]
}