{
    "minimum_required": "v4.0.0",
    "stage_name": "mem_excu_1",
    "actions": [
        {
            "type": "Deploy",
            "name": "见行者",
            "location": [
                5,
                3
            ],
            "direction": "Left"
        },
        {
            "type": "SpeedUp"
        },
        {
            "type": "Deploy",
            "costs": 31,
            "name": "送葬人",
            "location": [
                5,
                1
            ],
            "direction": "Down"
        },
        {
            "type": "Skill",
            "name": "送葬人",
            "location": [
                5,
                1
            ],
            "kills": 10
        },
        {
            "type": "Deploy",
            "name": "雪雉的安全起重机",
            "location": [
                6,
                1
            ],
            "direction": "Left",
            "kills": 19
        },
        {
            "type": "Deploy",
            "costs": 98,
            "name": "送葬人",
            "location": [
                5,
                4
            ],
            "direction": "Up"
        },
        {
            "type": "Skill",
            "name": "送葬人",
            "location": [
                5,
                4
            ],
            "costs": 80
        }
    ],
    "doc": {
        "title": "送葬人--悖论模拟",
        "details": "——————————\n作业更新日期: 2025-05-20T17:15:20Z\n统计更新日期: 2025-06-17\n好评率：100.0%  浏览量：90\n来源：童话重度依赖  ID：56238\n——————————\n7级2技能--精2--1级    自测可过\n【赠送干员默认满潜能】【默认无模组】\n有问题请反馈    BID：童话重度依赖症"
    },
    "groups": [],
    "opers": [
        {
            "name": "送葬人",
            "skill": 2,
            "skill_usage": 1
        }
    ]
}