{
    "minimum_required": "v4.0.0",
    "stage_name": "mem_beewax_1",
    "actions": [
        {
            "type": "SpeedUp"
        },
        {
            "type": "Deploy",
            "name": "月禾",
            "location": [
                5,
                4
            ],
            "direction": "Up"
        },
        {
            "type": "Deploy",
            "name": "蜜蜡",
            "location": [
                6,
                4
            ],
            "direction": "Left"
        },
        {
            "type": "Skill",
            "name": "蜜蜡",
            "kills": 5
        },
        {
            "type": "Skill",
            "name": "蜜蜡",
            "kills": 13
        },
        {
            "type": "Skill",
            "name": "夜烟",
            "location": [
                4,
                4
            ]
        },
        {
            "type": "Skill",
            "name": "蜜蜡",
            "kills": 21
        },
        {
            "type": "Skill",
            "name": "蜜蜡",
            "pre_delay": 20000
        },
        {
            "type": "Skill",
            "name": "夜烟",
            "location": [
                4,
                4
            ]
        },
        {
            "type": "Skill",
            "name": "月禾",
            "location": [
                5,
                4
            ]
        }
    ],
    "doc": {
        "title": "悖论模拟 - 蜜蜡 - 沙礁之上",
        "details": "——————————\n作业更新日期: 2023-10-16T14:29:48Z\n统计更新日期: 2025-06-17\n好评率：87.88%  浏览量：845\n来源：诗怀雅的扩音喇叭  ID：29113\n——————————\n自制作业，测试用练度精二50无模7级二技能\n可能因为帧数、概率等原因出现作业失败，可以多循环一下作业"
    },
    "groups": [],
    "opers": [
        {
            "name": "蜜蜡",
            "skill": 2,
            "skill_usage": 0
        }
    ]
}