{
    "minimum_required": "v4.0.0",
    "stage_name": "act23side_07",
    "actions": [
        {
            "type": "Deploy",
            "name": "【尖兵】",
            "location": [
                6,
                3
            ],
            "direction": "Right"
        },
        {
            "type": "SpeedUp"
        },
        {
            "type": "Deploy",
            "name": "艾雅法拉",
            "location": [
                5,
                1
            ],
            "direction": "Right"
        },
        {
            "type": "Deploy",
            "name": "棘刺",
            "location": [
                7,
                4
            ],
            "direction": "Down"
        },
        {
            "type": "Deploy",
            "name": "仇白",
            "location": [
                7,
                3
            ],
            "direction": "Right"
        },
        {
            "type": "Deploy",
            "name": "塞or黍",
            "location": [
                7,
                2
            ],
            "direction": "Right"
        },
        {
            "type": "SkillDaemon"
        }
    ],
    "doc": {
        "title": "登临意 - WB-7 - “屏风卫”【仇白模组任务】",
        "details": "统计日期：2024-05-31\n好评率：100.0%  浏览量：2104\n来源：小卡拉帕鲁灰🐖  ID：36642\n 由非助战仇白累计造成40歼灭数 \n3星通关别传WB-7；必须编入非助战仇白并上场，并使用仇白至少击败3名“破坚”"
    },
    "groups": [
        {
            "name": "【尖兵】",
            "opers": [
                {
                    "name": "嵯峨",
                    "skill": 3,
                    "skill_usage": 1
                },
                {
                    "name": "推进之王",
                    "skill": 1,
                    "skill_usage": 0
                },
                {
                    "name": "德克萨斯",
                    "skill": 2,
                    "skill_usage": 1
                }
            ]
        },
        {
            "name": "塞or黍",
            "opers": [
                {
                    "name": "塞雷娅",
                    "skill": 1,
                    "skill_usage": 0
                },
                {
                    "name": "黍",
                    "skill": 1,
                    "skill_usage": 0
                }
            ]
        }
    ],
    "opers": [
        {
            "name": "仇白",
            "skill": 3,
            "skill_usage": 1
        },
        {
            "name": "艾雅法拉",
            "skill": 2,
            "skill_usage": 0
        },
        {
            "name": "棘刺",
            "skill": 3,
            "skill_usage": 1
        }
    ]
}