{
    "minimum_required": "v4.0.0",
    "stage_name": "act18d3_05",
    "actions": [
        {
            "type": "Deploy",
            "name": "棘刺",
            "location": [
                2,
                4
            ],
            "direction": "Up"
        },
        {
            "type": "SpeedUp"
        },
        {
            "type": "Deploy",
            "name": "煌",
            "location": [
                1,
                4
            ],
            "direction": "Right"
        },
        {
            "type": "Deploy",
            "name": "浊心斯卡蒂",
            "location": [
                1,
                3
            ],
            "direction": "Right"
        },
        {
            "type": "SkillDaemon"
        }
    ],
    "doc": {
        "title": "覆潮之下·复刻 - SV-5 - 遭弃者【浊心斯卡蒂模组】",
        "details": "作业更新日期: 2024-10-09T04:30:11Z\n统计更新日期: 2024-11-02\n好评率：98.65%  浏览量：1769\n来源：小卡拉帕鲁灰  ID：42223\n为斯卡蒂献上心脏❥(^_-)\n红蒂模组任务"
    },
    "groups": [],
    "opers": [
        {
            "name": "浊心斯卡蒂",
            "skill": 2,
            "skill_usage": 0
        },
        {
            "name": "煌",
            "skill": 2,
            "skill_usage": 0
        },
        {
            "name": "棘刺",
            "skill": 3,
            "skill_usage": 2,
            "skill_times": 2
        }
    ]
}