{
    "minimum_required": "v4.0.0",
    "stage_name": "main_14-08",
    "actions": [
        {
            "type": "SpeedUp"
        },
        {
            "type": "Deploy",
            "name": "桃金娘",
            "location": [
                5,
                2
            ],
            "direction": "Up"
        },
        {
            "type": "Deploy",
            "name": "歌蕾蒂娅",
            "location": [
                6,
                3
            ],
            "direction": "Down"
        },
        {
            "type": "Deploy",
            "name": "泥岩",
            "location": [
                9,
                2
            ],
            "direction": "Left"
        },
        {
            "type": "Deploy",
            "name": "逻各斯",
            "location": [
                4,
                4
            ],
            "direction": "Up"
        }
    ],
    "doc": {
        "title": "第十四章 慈悲灯塔 - 14-9（标准） - 应对饱和打击",
        "details": "——————————\n作业更新日期: 2025-04-07T14:39:09Z\n统计更新日期: 2025-08-13\n相对评分：66.28%  相对热度：59.41%\n来源：Dr_MO  ID：49662\n——————————\n【明日方舟 模组任务】逻各斯「《语义范式百科》」摆完挂机（3人3步）\nhttps://www.bilibili.com/video/BV11LR2YDE8X/?spm_id_from=333.337.search-card.all.click&vd_source=375c92f84c507a5fc51c5e4fc821c6e8\n\nMO"
    },
    "groups": [],
    "opers": [
        {
            "name": "桃金娘",
            "skill": 1,
            "skill_usage": 1
        },
        {
            "name": "逻各斯",
            "skill": 1,
            "skill_usage": 0
        },
        {
            "name": "泥岩",
            "skill": 2,
            "skill_usage": 0
        },
        {
            "name": "歌蕾蒂娅",
            "skill": 1,
            "skill_usage": 0
        }
    ]
}