{
    "minimum_required": "v4.0.0",
    "stage_name": "act16side_05",
    "actions": [
        {
            "type": "Deploy",
            "name": "重岳",
            "location": [
                5,
                3
            ],
            "direction": "Down"
        },
        {
            "type": "Deploy",
            "name": "塞or黍",
            "location": [
                5,
                2
            ],
            "direction": "Down"
        },
        {
            "type": "SpeedUp"
        },
        {
            "type": "Deploy",
            "name": "能天使（新能源）",
            "location": [
                4,
                2
            ],
            "direction": "Right"
        },
        {
            "type": "SkillDaemon"
        }
    ],
    "doc": {
        "title": "吾导先路·复刻 - GA-5 - 葬礼【重岳模组任务（二模）】",
        "details": "——————————\n作业更新日期: 2025-05-23T14:10:26Z\n统计更新日期: 2025-08-03\n相对评分：90.42999999999999%  相对热度：76.49000000000001%\n来源：陈年旧事  ID：57199\n——————————\n50次3技能，\n至多带4人（别开补充信赖干员）\n自用修改版"
    },
    "groups": [
        {
            "name": "塞or黍",
            "opers": [
                {
                    "name": "塞雷娅",
                    "skill": 1,
                    "skill_usage": 0
                },
                {
                    "name": "黍",
                    "skill": 1,
                    "skill_usage": 0
                }
            ]
        },
        {
            "name": "能天使（新能源）",
            "opers": [
                {
                    "name": "能天使",
                    "skill": 3,
                    "skill_usage": 0
                },
                {
                    "name": "新约能天使",
                    "skill": 2,
                    "skill_usage": 1
                }
            ]
        }
    ],
    "opers": [
        {
            "skill_times": 5,
            "name": "重岳",
            "skill": 3,
            "skill_usage": 2
        }
    ]
}