{
    "minimum_required": "v4.0.0",
    "stage_name": "act21side_07",
    "actions": [
        {
            "type": "Deploy",
            "name": "丰川祥子",
            "direction": "Right",
            "location": [
                2,
                2
            ]
        },
        {
            "type": "Skill",
            "name": "丰川祥子",
            "kills": 2
        },
        {
            "type": "Deploy",
            "name": "煌",
            "location": [
                2,
                1
            ],
            "direction": "Down"
        },
        {
            "type": "Deploy",
            "name": "奶盾",
            "location": [
                3,
                2
            ],
            "direction": "Right"
        },
        {
            "type": "SpeedUp"
        },
        {
            "type": "Skill",
            "name": "丰川祥子",
            "kills": 19
        },
        {
            "type": "SkillDaemon"
        }
    ],
    "doc": {
        "title": "叙拉古人 - IS-7 - 何以忘却 丰川祥子模组任务",
        "details": "——————————\n作业更新日期: 2025-09-04T14:36:56Z\n统计更新日期: 2025-09-06\n相对评分：82.43%  相对热度：71.37%\n来源：萨拉托加  ID：67268\n——————————\n丰川祥子模组任务\n原作者涂绘天菜 json作者：萨拉托加\n作业交流群群号216314927，可蹲作业，有问题进群找我，作业站消息没提醒看不到\n【【明日方舟】丰川祥子 模组“无言的约定” 模组任务 三人半挂机 极其好抄】 https://www.bilibili.com/video/BV1cSamzTEf6/?share_source=copy_web&vd_source=3fd5040fe25f6a00e19e6072bcccfa4e"
    },
    "groups": [
        {
            "name": "奶盾",
            "opers": [
                {
                    "name": "黍",
                    "skill": 1,
                    "skill_usage": 0
                },
                {
                    "name": "塞雷娅",
                    "skill": 1,
                    "skill_usage": 0
                }
            ]
        }
    ],
    "opers": [
        {
            "name": "丰川祥子",
            "skill": 3,
            "skill_usage": 0
        },
        {
            "name": "煌",
            "skill": 2,
            "skill_usage": 0
        }
    ]
}