{
    "minimum_required": "v4.0.0",
    "stage_name": "mem_dagda_1",
    "actions": [
        {
            "type": "SpeedUp"
        },
        {
            "type": "Deploy",
            "name": "达格达",
            "location": [
                6,
                3
            ],
            "direction": "Down"
        },
        {
            "type": "Skill",
            "kills": 8,
            "name": "达格达"
        },
        {
            "type": "Skill",
            "name": "因陀罗",
            "location": [
                7,
                4
            ]
        },
        {
            "type": "Skill",
            "name": "因陀罗",
            "location": [
                7,
                4
            ],
            "kills": 25
        },
        {
            "type": "Deploy",
            "name": "阿勒黛的卫护",
            "location": [
                6,
                4
            ],
            "direction": "Right"
        },
        {
            "type": "Skill",
            "name": "达格达"
        },
        {
            "type": "Deploy",
            "name": "阿勒黛的卫护",
            "location": [
                6,
                4
            ],
            "direction": "Right"
        }
    ],
    "doc": {
        "title": "近卫 - 达格达 - 患难与共",
        "details": "统计日期：2024-05-03\n好评率：75.0%  浏览量：124\n来源：Leave  ID：30769\n练度低可能要凹因陀罗闪避"
    },
    "groups": [],
    "opers": [
        {
            "name": "达格达",
            "skill": 2,
            "skill_usage": 0
        }
    ]
}