{
    "minimum_required": "v4.0.0",
    "stage_name": "mem_chyue_1",
    "actions": [
        {
            "type": "Deploy",
            "name": "重岳",
            "location": [
                4,
                3
            ],
            "direction": "Left"
        },
        {
            "type": "Deploy",
            "name": "令",
            "location": [
                9,
                4
            ],
            "direction": "Left"
        },
        {
            "type": "Deploy",
            "name": "“清平”",
            "location": [
                5,
                1
            ],
            "direction": "Left"
        },
        {
            "type": "Deploy",
            "name": "“清平”",
            "location": [
                5,
                5
            ],
            "direction": "Left"
        },
        {
            "type": "Retreat",
            "name": "“清平”",
            "location": [
                5,
                1
            ],
            "kills": 12
        },
        {
            "type": "Deploy",
            "name": "“清平”",
            "location": [
                2,
                3
            ],
            "direction": "Left"
        },
        {
            "type": "SkillUsage",
            "name": "令",
            "skill_usage": 1
        },
        {
            "type": "SpeedUp",
            "costs": 50
        },
        {
            "type": "SkillDaemon"
        }
    ],
    "doc": {
        "title": "近卫 - 重岳 - “友情出演”【重岳悖论模拟】",
        "details": "统计日期：2024-05-03\n好评率：92.86%  浏览量：6554\n来源：小卡拉帕鲁灰🐖  ID：32534\n重岳悖论模拟，大哥技能没好之前全程一倍速\n练度：精二60级、专三3技能（我只有一个号养了，等级具体可以多低不知道）\n悖论模拟需要在MAA中关闭“自动编队”，\n选好3技能后处于红色ui“开始模拟”界面，maa就可以按开始了"
    },
    "groups": [],
    "opers": [
        {
            "skill_times": 5,
            "name": "重岳",
            "skill": 3,
            "skill_usage": 2
        },
        {
            "name": "令",
            "skill": 1,
            "skill_usage": 0
        }
    ]
}