{
  "minimum_required": "v4.0.0",
  "stage_name": "mem_provs_1",
  "actions": [
    {
      "type": "Deploy",
      "cost_changes": 0,
      "name": "但书",
      "location": [
        3,
        3
      ],
      "direction": "Right"
    },
    {
      "type": "SpeedUp"
    },
    {
      "type": "Deploy",
      "name": "白金",
      "location": [
        8,
        5
      ],
      "direction": "Up",
      "costs": 13,
      "rear_delay": 1000
    },
    {
      "type": "Deploy",
      "name": "莱恩哈特",
      "location": [
        1,
        3
      ],
      "direction": "Right",
      "costs": 32
    },
    {
      "type": "Skill",
      "name": "但书",
      "location": [
        3,
        3
      ],
      "costs": 35
    },
    {
      "type": "Skill",
      "name": "莱恩哈特",
      "location": [
        1,
        3
      ],
      "rear_delay": 500
    },
    {
      "type": "Skill",
      "name": "莱恩哈特",
      "location": [
        1,
        3
      ],
      "rear_delay": 500
    },
    {
      "type": "Skill",
      "name": "但书",
      "location": [
        3,
        3
      ],
      "costs": 86
    },
    {
      "type": "Skill",
      "name": "莱恩哈特",
      "location": [
        1,
        3
      ],
      "rear_delay": 500
    },
    {
      "type": "Skill",
      "name": "莱恩哈特",
      "location": [
        1,
        3
      ],
      "kills": 40
    },
    {
      "type": "Skill",
      "name": "但书",
      "location": [
        3,
        3
      ],
      "pre_delay": 10000
    },
    {
      "type": "Skill",
      "name": "莱恩哈特",
      "location": [
        1,
        3
      ],
      "rear_delay": 500
    },
    {
      "type": "Skill",
      "name": "莱恩哈特",
      "location": [
        1,
        3
      ],
      "pre_delay": 4000
    }
  ],
  "doc": {
    "title": "辅助 - 但书 - “雄辩是金”",
    "details": "第一次发作业轻喷\n应该不需要练度"
  },
  "groups": [],
  "opers": [
    {
      "name": "但书",
      "skill": 2,
      "skill_usage": 0
    }
  ]
}