{
  "minimum_required": "v4.0.0",
  "stage_name": "mem_sddrag_1",
  "actions": [
    {
      "type": "Deploy",
      "name": "苇草",
      "location": [
        6,
        3
      ],
      "direction": "Right"
    },
    {
      "type": "Deploy",
      "name": "干扰地雷",
      "location": [
        7,
        3
      ],
      "direction": "None"
    },
    {
      "type": "SpeedUp"
    },
    {
      "type": "Skill",
      "name": "苇草",
      "kills": 1
    },
    {
      "type": "Deploy",
      "name": "干扰地雷",
      "location": [
        7,
        3
      ],
      "direction": "None"
    },
    {
      "type": "Deploy",
      "name": "干扰地雷",
      "location": [
        9,
        1
      ],
      "direction": "None"
    },
    {
      "type": "Deploy",
      "name": "干扰地雷",
      "location": [
        9,
        5
      ],
      "direction": "None"
    },
    {
      "type": "Deploy",
      "name": "干扰地雷",
      "location": [
        9,
        2
      ],
      "direction": "None"
    },
    {
      "type": "Deploy",
      "name": "干扰地雷",
      "location": [
        9,
        4
      ],
      "direction": "None"
    },
    {
      "type": "Deploy",
      "name": "干扰地雷",
      "location": [
        9,
        3
      ],
      "direction": "None"
    },
    {
      "type": "Deploy",
      "name": "干扰地雷",
      "location": [
        8,
        3
      ],
      "direction": "None"
    },
    {
      "type": "Skill",
      "name": "苇草",
      "kills": 60,
      "pre_delay": 25000
    },
    {
      "type": "Deploy",
      "name": "干扰地雷",
      "location": [
        8,
        3
      ],
      "direction": "None",
      "kills": 0
    },
    {
      "type": "Deploy",
      "name": "干扰地雷",
      "location": [
        7,
        3
      ],
      "direction": "None",
      "kills": 0
    }
  ],
  "doc": {
    "title": "先锋 - 苇草 - 生命的重量",
    "details": "精二20，技能7级测试已过"
  },
  "groups": [],
  "opers": [
    {
      "name": "苇草",
      "skill": 2,
      "skill_usage": 0
    }
  ]
}