{
    "minimum_required": "v4.0",
    "doc": {
        "title": "11-9磨难五人",
        "details": "制作者：一只摆烂的42\n有问题联系QQ2586582719\nhttps://www.bilibili.com/video/av816397851/"
    },
    "stage_name": "obt/main/level_tough_11-08",
    "opers": [
        {
            "name": "煌",
            "skill": 2,
            "skill_usage": 0
        },
        {
            "name": "拉普兰德",
            "skill": 2,
            "skill_usage": 0
        },
        {
            "name": "星熊",
            "skill": 2,
            "skill_usage": 0
        },
        {
            "name": "夜莺",
            "skill": 2,
            "skill_usage": 0
        },
        {
            "name": "闪灵",
            "skill": 2,
            "skill_usage": 0
        }
    ],
    "actions": [
        {
            "type": "SpeedUp",
            "name": "",
            "doc_color": "Gray"
        },
        {
            "type": "部署",
            "name": "煌",
            "location": [
                5,
                5
            ],
            "direction": "右"
        },
        {
            "type": "部署",
            "name": "拉普兰德",
            "location": [
                1,
                3
            ],
            "direction": "右"
        },
        {
            "type": "部署",
            "name": "闪灵",
            "location": [
                2,
                4
            ],
            "direction": "右",
            "doc_color": "Gray"
        },
        {
            "type": "部署",
            "name": "夜莺",
            "location": [
                1,
                4
            ],
            "direction": "右"
        },
        {
            "type": "部署",
            "name": "星熊",
            "location": [
                2,
                3
            ],
            "direction": "右"
        },
        {
            "type": "Output",
            "name": "",
            "doc": "制作者2586582719",
            "doc_color": "SpringGreen"
        }
    ]
}