{
    "minimum_required": "v4.0.0",
    "actions": [
        {
            "type": "SpeedUp"
        },
        {
            "type": "Deploy",
            "name": "推进之王",
            "location": [
                4,
                4
            ],
            "direction": "Up"
        },
        {
            "type": "Deploy",
            "name": "德克萨斯",
            "location": [
                4,
                3
            ],
            "direction": "Down"
        },
        {
            "type": "Deploy",
            "name": "炎狱炎熔",
            "location": [
                6,
                2
            ],
            "direction": "Down"
        },
        {
            "type": "Deploy",
            "name": "塞雷娅",
            "location": [
                5,
                3
            ],
            "direction": "Right"
        },
        {
            "type": "Output",
            "doc_color": "#6f42c1",
            "doc": "给个好评吧，亲~"
        }
    ],
    "doc": {
        "title": "炎狱炎熔模组摆完挂机-萨卡兹的刀",
        "details": "统计日期：2024-05-31\n好评率：100.0%  浏览量：50\n来源：作业代传——有问题联系原作者  ID：20983\n侬无言以对模组任务摆完挂机合集:BV1wU4y177Qu\n3星通关别传WR-4； 必须编入非助战炎狱炎熔并上场，且使用炎狱炎熔歼灭至少8名敌人、其中包括至少1名“偷闲\n筱竹聽雨"
    },
    "groups": [],
    "opers": [
        {
            "name": "塞雷娅",
            "skill": 1,
            "skill_usage": 0
        },
        {
            "name": "推进之王",
            "skill": 2,
            "skill_usage": 0
        },
        {
            "name": "德克萨斯",
            "skill": 1,
            "skill_usage": 0
        },
        {
            "name": "炎狱炎熔",
            "skill": 2,
            "skill_usage": 0
        }
    ],
    "stage_name": "act16d5_04"
}