{
    "minimum_required": "v4.0.0",
    "stage_name": "mem_vodfox_1",
    "actions": [
        {
            "type": "Deploy",
            "name": "灰喉",
            "location": [
                5,
                4
            ],
            "direction": "Right",
            "costs": 12
        },
        {
            "type": "Skill",
            "name": "能天使",
            "location": [
                4,
                4
            ],
            "cost_changes": 6
        },
        {
            "type": "Deploy",
            "name": "巫恋",
            "location": [
                3,
                4
            ],
            "costs": 12,
            "direction": "Up"
        },
        {
            "type": "Skill",
            "name": "灰喉",
            "location": [
                5,
                4
            ],
            "cost_changes": 12
        },
        {
            "type": "Deploy",
            "name": "石英",
            "location": [
                4,
                3
            ],
            "cost_changes": 7,
            "direction": "Right"
        },
        {
            "type": "Deploy",
            "name": "诅咒娃娃",
            "location": [
                4,
                1
            ],
            "direction": "None",
            "cost_changes": 23
        },
        {
            "type": "Skill",
            "name": "能天使",
            "location": [
                4,
                4
            ]
        },
        {
            "type": "Skill",
            "name": "灰喉",
            "location": [
                5,
                4
            ],
            "cost_changes": 33
        },
        {
            "type": "Deploy",
            "name": "诅咒娃娃",
            "location": [
                5,
                2
            ],
            "cost_changes": 30,
            "direction": "None"
        },
        {
            "type": "Skill",
            "name": "能天使",
            "location": [
                4,
                4
            ]
        },
        {
            "type": "Skill",
            "name": "末药",
            "location": [
                2,
                4
            ]
        },
        {
            "type": "Skill",
            "name": "石英",
            "location": [
                4,
                3
            ]
        }
    ],
    "doc": {
        "title": "辅助 - 巫恋 - 幼小的恐惧 精二1级7级技能",
        "details": "作业更新日期: 2024-08-03T10:26:34Z\n统计更新日期: 2024-09-07\n好评率：90.0%  浏览量：188\n来源：诶嘿诶嘿嘿  ID：39872\n实测七级技能能过\n视频参考：BV1WM4y167Au\n\n第一次打，不知道轴对不对，本人精二1级7级技能一潜运转顺利，0潜应该也能跑，不过没试过，希望能帮到大家！\n啊不知道为什么有时候娃娃没放上去（第一次打似乎就是放不上去喵，第二次就正常了），搞不明白（>^<），如果第一个大飞机到上方红门的时候娃娃没放上去那就重开试几次吧，放上去了就能跑喵"
    },
    "groups": [],
    "opers": [
        {
            "name": "巫恋",
            "skill": 2,
            "skill_usage": 0
        }
    ]
}