{
    "minimum_required": "v4.0.0",
    "stage_name": "mem_robrta_1",
    "actions": [
        {
            "type": "Deploy",
            "name": "罗比菈塔",
            "location": [
                3,
                4
            ],
            "direction": "Left"
        },
        {
            "type": "SpeedUp"
        },
        {
            "type": "Deploy",
            "name": "克洛丝",
            "location": [
                4,
                3
            ],
            "direction": "Left"
        },
        {
            "type": "Deploy",
            "name": "卡达",
            "location": [
                3,
                3
            ],
            "direction": "Left"
        },
        {
            "type": "Skill",
            "name": "卡达",
            "costs": 40
        },
        {
            "type": "Skill",
            "name": "蛇屠箱",
            "location": [
                4,
                2
            ],
            "costs": 53
        },
        {
            "type": "Deploy",
            "name": "全自动造型仪",
            "location": [
                3,
                2
            ],
            "costs": 84,
            "direction": "Right"
        },
        {
            "type": "Skill",
            "name": "苏苏洛",
            "location": [
                2,
                3
            ]
        },
        {
            "type": "SkillUsage",
            "name": "卡达",
            "skill_usage": 1
        },
        {
            "type": "SkillDaemon"
        }
    ],
    "doc": {
        "title": "辅助 - 罗比菈塔 - 紧急补妆！",
        "details": "作业更新日期: 2023-07-02T07:28:28Z\n统计更新日期: 2024-10-07\n好评率：97.14%  浏览量：698\n来源：一只摆烂的42  ID：24393\nhttps://www.bilibili.com/video/BV1Ce4y1M7Fy/\n练度精二1级 1级技能\n制作者：一只摆烂的42\n有问题联系QQ2586582719"
    },
    "groups": [],
    "opers": [
        {
            "name": "罗比菈塔",
            "skill": 2,
            "skill_usage": 0
        }
    ]
}