{
    "minimum_required": "v4.0.0",
    "stage_name": "mem_12fce_1",
    "actions": [
        {
            "type": "SpeedUp"
        },
        {
            "type": "Deploy",
            "name": "芬",
            "location": [
                2,
                3
            ],
            "direction": "Right"
        },
        {
            "type": "Deploy",
            "name": "12F",
            "location": [
                1,
                3
            ],
            "direction": "Right"
        },
        {
            "type": "Deploy",
            "name": "翎羽",
            "location": [
                2,
                1
            ],
            "direction": "Down"
        },
        {
            "type": "Retreat",
            "name": "翎羽",
            "location": [
                2,
                1
            ],
            "costs": 36
        },
        {
            "type": "Deploy",
            "name": "米格鲁",
            "location": [
                3,
                3
            ],
            "direction": "Right",
            "costs": 91
        },
        {
            "type": "Deploy",
            "name": "卡缇",
            "location": [
                4,
                3
            ],
            "direction": "Right"
        },
        {
            "type": "Skill",
            "name": "震撼装置",
            "location": [
                3,
                4
            ],
            "costs": 63
        },
        {
            "type": "Skill",
            "name": "震撼装置",
            "location": [
                3,
                2
            ],
            "costs": 63
        },
        {
            "type": "Skill",
            "name": "震撼装置",
            "location": [
                4,
                4
            ],
            "costs": 85
        },
        {
            "type": "Skill",
            "name": "震撼装置",
            "location": [
                4,
                2
            ],
            "costs": 80
        }
    ],
    "doc": {
        "title": "悖论模拟 术师 - 12F - 生还者",
        "details": "作业更新日期: 2025-01-26T00:16:41Z\n统计更新日期: 2025-03-06\n好评率：87.5%  浏览量：686\n来源：lanlanlan  ID：45854\n别试另一个了，他那个根本过不了，我这个也是zc的模拟攻略，试了好久才整出来的，一次没过可以再试试"
    },
    "groups": [],
    "opers": [
        {
            "name": "12F",
            "skill": 1,
            "skill_usage": 0
        },
        {
            "name": "翎羽",
            "skill": 1,
            "skill_usage": 0
        },
        {
            "name": "芬",
            "skill": 1,
            "skill_usage": 0
        },
        {
            "name": "芙蓉",
            "skill": 1,
            "skill_usage": 0
        },
        {
            "name": "米格鲁",
            "skill": 1,
            "skill_usage": 0
        },
        {
            "name": "卡缇",
            "skill": 1,
            "skill_usage": 0
        }
    ]
}