{
    "minimum_required": "v4.0.0",
    "stage_name": "wk_toxic_5",
    "actions": [
        {
            "type": "SpeedUp"
        },
        {
            "type": "Deploy",
            "name": "维什戴尔",
            "location": [
                2,
                3
            ],
            "direction": "Right",
            "costs": 45
        },
        {
            "type": "Deploy",
            "name": "歌蕾蒂娅",
            "location": [
                6,
                2
            ],
            "direction": "Right"
        },
        {
            "type": "Deploy",
            "name": "白面鸮",
            "location": [
                3,
                3
            ],
            "direction": "Up"
        },
        {
            "type": "Deploy",
            "name": "银灰",
            "location": [
                4,
                4
            ],
            "direction": "Right"
        },
        {
            "type": "Deploy",
            "name": "棘刺",
            "location": [
                2,
                1
            ],
            "direction": "Left"
        },
        {
            "type": "Skill",
            "name": "维什戴尔",
            "location": [
                2,
                3
            ],
            "kills": 17
        },
        {
            "type": "Skill",
            "name": "维什戴尔",
            "location": [
                2,
                3
            ],
            "kills": 37
        },
        {
            "type": "SkillUsage",
            "name": "维什戴尔",
            "skill_usage": 1
        },
        {
            "type": "Skill",
            "name": "银灰",
            "location": [
                4,
                4
            ]
        }
    ],
    "doc": {
        "title": "红票/采购凭证-AP-5-自用借维什戴尔",
        "details": "作业更新日期: 2025-02-26T05:00:51Z\n统计更新日期: 2025-02-27\n好评率：100.0%  浏览量：3\n来源：SPARTALPY  ID：47667\n红票/采购凭证-AP-5-自用借维什戴尔"
    },
    "groups": [],
    "opers": [
        {
            "name": "维什戴尔",
            "skill": 3,
            "skill_usage": 0
        },
        {
            "name": "棘刺",
            "skill": 3,
            "skill_usage": 0
        },
        {
            "name": "银灰",
            "skill": 3,
            "skill_usage": 0
        },
        {
            "name": "白面鸮",
            "skill": 2,
            "skill_usage": 0
        },
        {
            "name": "歌蕾蒂娅",
            "skill": 3,
            "skill_usage": 0
        }
    ]
}