{
    "minimum_required": "v4.0.0",
    "stage_name": "wk_toxic_5",
    "actions": [
        {
            "type": "Deploy",
            "name": "令",
            "location": [
                6,
                2
            ],
            "direction": "Right"
        },
        {
            "type": "Deploy",
            "name": "浊心斯卡蒂",
            "location": [
                6,
                4
            ],
            "direction": "Left"
        },
        {
            "type": "SpeedUp"
        },
        {
            "type": "Deploy",
            "name": "“弦惊”",
            "location": [
                4,
                4
            ],
            "direction": "Down"
        },
        {
            "type": "Deploy",
            "name": "“弦惊”",
            "location": [
                5,
                5
            ],
            "direction": "Left"
        },
        {
            "type": "Skill",
            "name": "令",
            "location": [
                6,
                2
            ],
            "kills": 15
        },
        {
            "type": "Deploy",
            "name": "“弦惊”",
            "location": [
                1,
                1
            ],
            "direction": "Left"
        },
        {
            "type": "Retreat",
            "name": "“弦惊”",
            "location": [
                5,
                5
            ],
            "kills": 31
        },
        {
            "type": "Deploy",
            "name": "“弦惊”",
            "location": [
                8,
                6
            ],
            "direction": "Up"
        },
        {
            "type": "Retreat",
            "name": "“弦惊”",
            "location": [
                1,
                1
            ],
            "kills": 32
        },
        {
            "type": "Deploy",
            "name": "“弦惊”",
            "location": [
                4,
                2
            ],
            "direction": "Up"
        },
        {
            "type": "Deploy",
            "name": "斯卡蒂的海嗣",
            "location": [
                7,
                5
            ],
            "direction": "None",
            "kills": 33
        },
        {
            "type": "Skill",
            "name": "令",
            "location": [
                6,
                2
            ],
            "kills": 33
        },
        {
            "type": "Retreat",
            "name": "“弦惊”",
            "location": [
                4,
                4
            ],
            "kills": 40
        },
        {
            "type": "Deploy",
            "name": "“弦惊”",
            "location": [
                5,
                1
            ],
            "direction": "Left"
        }
    ],
    "doc": {
        "title": "粉碎防御 - AP-5 - 精炼工厂保全",
        "details": "作业更新日期: 2024-10-19T14:18:28Z\n统计更新日期: 2024-11-30\n好评率：100.0%  浏览量：244\n来源：wind0243  ID：42624\n自用"
    },
    "groups": [],
    "opers": [
        {
            "name": "令",
            "skill": 3,
            "skill_usage": 0
        },
        {
            "name": "浊心斯卡蒂",
            "skill": 2,
            "skill_usage": 0
        }
    ]
}