{
    "minimum_required": "v4.0.0",
    "stage_name": "wk_melee_6",
    "actions": [
        {
            "type": "Deploy",
            "name": "维什戴尔",
            "location": [
                1,
                2
            ],
            "direction": "Right"
        },
        {
            "type": "Deploy",
            "name": "逻各斯",
            "location": [
                2,
                4
            ],
            "direction": "Up"
        },
        {
            "type": "SpeedUp"
        },
        {
            "type": "Skill",
            "kills": 4,
            "name": "维什戴尔"
        },
        {
            "type": "Skill",
            "name": "维什戴尔",
            "kills": 31
        },
        {
            "type": "SkillDaemon"
        }
    ],
    "doc": {
        "title": "CE-6-双人龙门币",
        "details": "——————————\n作业更新日期: 2025-05-13T14:15:41Z\n统计更新日期: 2025-06-11\n好评率：100.0%  浏览量：246\n来源：490555389  ID：54200\n——————————\n\n自用"
    },
    "groups": [],
    "opers": [
        {
            "name": "维什戴尔",
            "skill": 3,
            "skill_usage": 0
        },
        {
            "name": "逻各斯",
            "skill": 1,
            "skill_usage": 0
        }
    ]
}