{
    "minimum_required": "v4.0.0",
    "stage_name": "wk_kc_6",
    "actions": [
        {
            "type": "Deploy",
            "name": "芬",
            "location": [
                3,
                4
            ],
            "direction": "Left"
        },
        {
            "type": "Deploy",
            "name": "伊内丝",
            "location": [
                3,
                2
            ],
            "direction": "Left"
        },
        {
            "type": "Deploy",
            "name": "桃金娘",
            "location": [
                5,
                3
            ],
            "direction": "Right"
        },
        {
            "type": "SpeedUp"
        },
        {
            "type": "Deploy",
            "name": "蓝毒",
            "location": [
                3,
                5
            ],
            "direction": "Up"
        },
        {
            "type": "Deploy",
            "name": "维什戴尔",
            "location": [
                5,
                4
            ],
            "direction": "Right"
        },
        {
            "type": "Deploy",
            "name": "白面鸮",
            "location": [
                3,
                3
            ],
            "direction": "Down"
        },
        {
            "type": "Skill",
            "name": "维什戴尔",
            "location": [
                5,
                4
            ],
            "kills": 13
        },
        {
            "type": "SkillUsage",
            "name": "维什戴尔",
            "skill_usage": 1,
            "kills": 30
        },
        {
            "type": "Deploy",
            "name": "闪灵",
            "location": [
                2,
                5
            ],
            "direction": "Up"
        },
        {
            "type": "Deploy",
            "name": "阿米娅",
            "location": [
                2,
                3
            ],
            "direction": "Right"
        },
        {
            "type": "Retreat",
            "name": "芬",
            "location": [
                3,
                4
            ],
            "costs": 50
        },
        {
            "type": "Deploy",
            "name": "星熊",
            "location": [
                3,
                4
            ],
            "direction": "Left"
        },
        {
            "type": "Retreat",
            "name": "伊内丝",
            "location": [
                3,
                2
            ],
            "costs": 40
        },
        {
            "type": "Deploy",
            "name": "塞雷娅",
            "location": [
                3,
                2
            ],
            "direction": "Left"
        },
        {
            "type": "Retreat",
            "name": "桃金娘",
            "location": [
                5,
                3
            ]
        },
        {
            "type": "Skill",
            "name": "星熊",
            "location": [
                3,
                4
            ],
            "kills": 55
        },
        {
            "type": "Deploy",
            "name": "缄默德克萨斯",
            "location": [
                2,
                4
            ],
            "direction": "Right",
            "kills": 57
        },
        {
            "type": "SkillDaemon"
        }
    ],
    "doc": {
        "title": "战术演习 - LS-6 - 运动战演习",
        "details": "——————————\n作业更新日期: 2025-03-15T17:12:42Z\n统计更新日期: 2025-06-11\n好评率：100.0%  浏览量：99\n来源：SMOKY  ID：48545\n——————————\n\n自用  EW手动开技能     右边等第一波飞机到EW头上开技能    后面好了就开   左边等怪多了自己开技能   EW借别人的满    别的都是精一满级"
    },
    "groups": [],
    "opers": [
        {
            "name": "维什戴尔",
            "skill": 3,
            "skill_usage": 0
        },
        {
            "name": "伊内丝",
            "skill": 1,
            "skill_usage": 0
        },
        {
            "name": "芬",
            "skill": 1,
            "skill_usage": 0
        },
        {
            "name": "桃金娘",
            "skill": 1,
            "skill_usage": 1
        },
        {
            "name": "塞雷娅",
            "skill": 1,
            "skill_usage": 0
        },
        {
            "name": "星熊",
            "skill": 1,
            "skill_usage": 0
        },
        {
            "name": "阿米娅",
            "skill": 1,
            "skill_usage": 0
        },
        {
            "name": "闪灵",
            "skill": 1,
            "skill_usage": 0
        },
        {
            "name": "蓝毒",
            "skill": 1,
            "skill_usage": 1
        },
        {
            "name": "白面鸮",
            "skill": 1,
            "skill_usage": 0
        },
        {
            "name": "缄默德克萨斯",
            "skill": 1,
            "skill_usage": 0
        }
    ]
}