{
    "minimum_required": "v4.0.0",
    "stage_name": "pro_a_2",
    "actions": [
        {
            "type": "Deploy",
            "name": "歌蕾蒂娅",
            "location": [
                7,
                2
            ],
            "direction": "Down"
        },
        {
            "type": "SpeedUp"
        },
        {
            "type": "Deploy",
            "name": "乌尔比安",
            "location": [
                2,
                3
            ],
            "direction": "Down"
        }
    ],
    "doc": {
        "title": "固若金汤 - PR-A-2 - 据守",
        "details": "——————————\n作业更新日期: 2025-05-04T12:15:49Z\n统计更新日期: 2025-06-11\n好评率：100.0%  浏览量：151\n来源：エクシール  ID：52301\n——————————\n\n固若金汤 - PR-A-2 - 据守"
    },
    "groups": [],
    "opers": [
        {
            "name": "歌蕾蒂娅",
            "skill": 1,
            "skill_usage": 0
        },
        {
            "name": "乌尔比安",
            "skill": 2,
            "skill_usage": 0
        }
    ]
}