{
    "minimum_required": "v4.0.0",
    "stage_name": "pro_d_2",
    "actions": [
        {
            "type": "SpeedUp"
        },
        {
            "type": "Deploy",
            "name": "银灰",
            "location": [
                1,
                2
            ],
            "direction": "Right"
        },
        {
            "type": "Deploy",
            "name": "维什戴尔",
            "location": [
                5,
                3
            ],
            "direction": "Left",
            "costs": 25
        },
        {
            "type": "SkillDaemon"
        }
    ],
    "doc": {
        "title": "身先士卒 - PR-D-2 - 猛攻，自用",
        "details": "——————————\n作业更新日期: 2025-02-28T06:07:59Z\n统计更新日期: 2025-06-11\n好评率：100.0%  浏览量：346\n来源：blink  ID：47796\n——————————\n\n银灰+EW"
    },
    "groups": [],
    "opers": [
        {
            "name": "维什戴尔",
            "skill": 3,
            "skill_usage": 1
        },
        {
            "name": "银灰",
            "skill": 1,
            "skill_usage": 0
        }
    ]
}