{
    "minimum_required": "v4.0.0",
    "stage_name": "wk_armor_3",
    "actions": [
        {
            "type": "SpeedUp"
        },
        {
            "type": "Deploy",
            "name": "令",
            "location": [
                7,
                4
            ],
            "direction": "Up",
            "costs": 12
        },
        {
            "type": "Deploy",
            "name": "“弦惊”",
            "location": [
                8,
                3
            ],
            "direction": "Up",
            "costs": 19
        },
        {
            "type": "Deploy",
            "name": "“弦惊”",
            "location": [
                7,
                3
            ],
            "direction": "Right",
            "costs": 19
        },
        {
            "type": "Deploy",
            "name": "“弦惊”",
            "location": [
                7,
                3
            ],
            "direction": "Right",
            "costs": 19
        },
        {
            "type": "Deploy",
            "name": "“弦惊”",
            "location": [
                6,
                3
            ],
            "direction": "Right",
            "costs": 19
        },
        {
            "type": "SkillDaemon"
        }
    ],
    "doc": {
        "title": "资源保障 - SK-3 - 哨所清剿",
        "details": "作业更新日期: 2024-10-27T04:50:34Z\n统计更新日期: 2025-02-15\n好评率：100.0%  浏览量：68\n来源：queenbless  ID：42805\n令"
    },
    "groups": [],
    "opers": [
        {
            "name": "令",
            "skill": 3,
            "skill_usage": 1
        },
        {
            "name": "“弦惊”",
            "skill": 1,
            "skill_usage": 0
        }
    ]
}