{
  "minimum_required": "v4.0.0",
  "doc": {
    "title": "10-15 (磨难) 七人",
    "details": "https://www.bilibili.com/video/av980739337/"
  },
  "stage_name": "tough_10-13",
  "opers": [
    {
      "name": "风笛",
      "skill": 2,
      "skill_usage": 0
    },
    {
      "name": "泥岩",
      "skill": 2,
      "skill_usage": 0
    },
    {
      "name": "纯烬艾雅法拉",
      "skill": 1,
      "skill_usage": 0
    },
    {
      "name": "推进之王",
      "skill": 2,
      "skill_usage": 0
    },
    {
      "name": "能天使",
      "skill": 3,
      "skill_usage": 0
    },
    {
      "name": "伊芙利特",
      "skill": 2,
      "skill_usage": 0
    },
    {
      "name": "浊心斯卡蒂",
      "skill": 2,
      "skill_usage": 0
    }
  ],
  "actions": [
    {
      "type": "Deploy",
      "name": "浊心斯卡蒂",
      "location": [
        6,
        2
      ],
      "direction": "Right"
    },
    {
      "type": "SpeedUp",
      "name": ""
    },
    {
      "type": "Deploy",
      "name": "推进之王",
      "location": [
        6,
        4
      ],
      "direction": "Right"
    },
    {
      "type": "Deploy",
      "name": "风笛",
      "location": [
        6,
        3
      ],
      "direction": "Right"
    },
    {
      "type": "Deploy",
      "name": "能天使",
      "location": [
        7,
        2
      ],
      "direction": "Down"
    },
    {
      "type": "Deploy",
      "name": "泥岩",
      "location": [
        1,
        4
      ],
      "direction": "Right"
    },
    {
      "type": "Deploy",
      "name": "纯烬艾雅法拉",
      "location": [
        6,
        1
      ],
      "direction": "Down"
    },
    {
      "type": "Deploy",
      "name": "伊芙利特",
      "location": [
        7,
        1
      ],
      "direction": "Down"
    },
    {
      "type": "Output",
      "name": "",
      "doc": "制作者2586582719",
      "doc_color": "SpringGreen"
    }
  ]
}