{
    "minimum_required": "v4.0.0",
    "stage_name": "act35side_ex05",
    "actions": [
        {
            "type": "Deploy",
            "name": "米格鲁",
            "location": [
                1,
                3
            ],
            "direction": "Right"
        },
        {
            "type": "SpeedUp"
        },
        {
            "type": "Deploy",
            "name": "维什戴尔",
            "location": [
                2,
                4
            ],
            "direction": "Right"
        },
        {
            "type": "Deploy",
            "name": "斑点",
            "location": [
                1,
                5
            ],
            "direction": "Right"
        },
        {
            "type": "Deploy",
            "name": "安赛尔",
            "location": [
                1,
                4
            ],
            "direction": "Right"
        },
        {
            "type": "Skill",
            "name": "维什戴尔",
            "location": [
                2,
                4
            ]
        },
        {
            "type": "Skill",
            "name": "维什戴尔",
            "location": [
                2,
                4
            ],
            "pre_delay": 2500
        },
        {
            "type": "Retreat",
            "name": "魂灵之影",
            "location": [
                2,
                3
            ],
            "kills": 13
        },
        {
            "type": "Skill",
            "name": "维什戴尔",
            "location": [
                2,
                4
            ],
            "pre_delay": 0
        },
        {
            "type": "Skill",
            "name": "维什戴尔",
            "location": [
                2,
                4
            ],
            "kills": 17,
            "pre_delay": 0
        },
        {
            "type": "Retreat",
            "name": "魂灵之影",
            "location": [
                2,
                3
            ],
            "kills": 23
        },
        {
            "type": "Retreat",
            "name": "魂灵之影",
            "location": [
                3,
                4
            ],
            "kills": 23
        },
        {
            "type": "Skill",
            "name": "维什戴尔",
            "location": [
                2,
                4
            ],
            "kills": 0,
            "pre_delay": 0
        },
        {
            "type": "Skill",
            "name": "维什戴尔",
            "location": [
                2,
                4
            ],
            "kills": 28,
            "pre_delay": 0
        },
        {
            "type": "Skill",
            "name": "维什戴尔",
            "location": [
                2,
                4
            ],
            "kills": 36,
            "pre_delay": 0
        },
        {
            "type": "SkillUsage",
            "kills": 36,
            "pre_delay": 0,
            "name": "维什戴尔",
            "skill_usage": 1
        },
        {
            "type": "SkillDaemon"
        }
    ],
    "doc": {
        "title": "太阳甩在身后 - AS-EX-5 - 不幸的士兵   单核 ",
        "details": "——————————\n作业更新日期: 2024-08-18T17:04:34Z\n统计更新日期: 2025-09-03\n相对评分：92.00%  相对热度：59.44%\n来源：无忧无虑啦  ID：40457\n——————————\n参考视频：【【太阳甩在身后】AS-EX-8突袭 等EX关【超低配】【单核】攻略合集 【明日方舟】】 https://www.bilibili.com/video/BV1KE421A7tL/\n测试等级：ew2603，其余精一满级\n有问题，群找无忧 （1003478193）"
    },
    "groups": [],
    "opers": [
        {
            "name": "维什戴尔",
            "skill": 3,
            "skill_usage": 0
        },
        {
            "name": "米格鲁",
            "skill": 1,
            "skill_usage": 0
        },
        {
            "name": "斑点",
            "skill": 1,
            "skill_usage": 0
        },
        {
            "name": "安赛尔",
            "skill": 1,
            "skill_usage": 0
        }
    ],
    "difficulty": 3
}