{
    "minimum_required": "v4.0.0",
    "stage_name": "act35side_ex08",
    "actions": [
        {
            "type": "SpeedUp"
        },
        {
            "type": "Deploy",
            "name": "煌",
            "location": [
                4,
                5
            ],
            "direction": "Right"
        },
        {
            "type": "Deploy",
            "name": "医疗-行医",
            "location": [
                4,
                4
            ],
            "direction": "Right"
        },
        {
            "type": "Deploy",
            "name": "奶盾",
            "location": [
                5,
                5
            ],
            "direction": "Right"
        },
        {
            "type": "Deploy",
            "name": "伊芙利特",
            "location": [
                6,
                6
            ],
            "direction": "Up"
        },
        {
            "type": "Deploy",
            "name": "先锋-尖兵",
            "location": [
                7,
                5
            ],
            "direction": "Left",
            "kills": 17
        },
        {
            "type": "Deploy",
            "name": "近卫-重剑手",
            "location": [
                6,
                4
            ],
            "direction": "Down"
        },
        {
            "type": "Deploy",
            "name": "重装-要塞",
            "location": [
                6,
                2
            ],
            "direction": "Down"
        },
        {
            "type": "Retreat",
            "name": "先锋-尖兵",
            "location": [
                7,
                5
            ]
        },
        {
            "type": "Deploy",
            "name": "结晶消除桩",
            "location": [
                11,
                7
            ],
            "direction": "Left",
            "kills": 37,
            "pre_delay": 15000
        },
        {
            "type": "Deploy",
            "name": "结晶消除桩",
            "location": [
                10,
                1
            ],
            "kills": 38,
            "direction": "Left"
        },
        {
            "type": "SkillDaemon"
        }
    ],
    "doc": {
        "title": "太阳甩在身后 - AS-EX-8 - 无冕之王与朝圣者",
        "details": "——————————\n作业更新日期: 2025-09-03T03:16:32Z\n统计更新日期: 2025-09-03\n相对评分：96.97%  相对热度：78.34%\n来源：作业超大杯  ID：40100\n——————————\n原作者萧然Q JSON作者萨拉托加\n作业交流群群号216314927，可蹲作业，有问题进群找我，作业站消息没提醒看不到\n【【太阳甩在身后】AS-EX-1至AS-EX-8突袭 摆完挂机 简单好抄】 https://www.bilibili.com/video/BV18T421673i/?p=15&share_source=copy_web&vd_source=3fd5040fe25f6a00e19e6072bcccfa4e"
    },
    "groups": [
        {
            "name": "近卫-重剑手",
            "opers": [
                {
                    "name": "乌尔比安",
                    "skill": 2,
                    "skill_usage": 0
                },
                {
                    "name": "百炼嘉维尔",
                    "skill": 3,
                    "skill_usage": 1
                },
                {
                    "name": "重岳",
                    "skill": 3,
                    "skill_usage": 2,
                    "skill_times": 5
                },
                {
                    "name": "赫德雷",
                    "skill": 2,
                    "skill_usage": 2,
                    "skill_times": 1
                },
                {
                    "name": "佩佩",
                    "skill": 2,
                    "skill_usage": 1
                }
            ]
        },
        {
            "name": "奶盾",
            "opers": [
                {
                    "name": "塞雷娅",
                    "skill": 1,
                    "skill_usage": 0
                },
                {
                    "name": "黍",
                    "skill": 1,
                    "skill_usage": 0
                },
                {
                    "name": "斩业星熊",
                    "skill": 1,
                    "skill_usage": 0
                }
            ]
        },
        {
            "name": "医疗-行医",
            "opers": [
                {
                    "name": "纯烬艾雅法拉",
                    "skill": 1,
                    "skill_usage": 0
                },
                {
                    "name": "流明",
                    "skill": 3,
                    "skill_usage": 1
                },
                {
                    "name": "蜜莓",
                    "skill": 1,
                    "skill_usage": 0
                }
            ]
        },
        {
            "name": "重装-要塞",
            "opers": [
                {
                    "name": "号角",
                    "skill": 1,
                    "skill_usage": 0
                },
                {
                    "name": "山",
                    "skill": 2,
                    "skill_usage": 2,
                    "skill_times": 1
                },
                {
                    "name": "薇薇安娜",
                    "skill": 3,
                    "skill_usage": 1
                },
                {
                    "name": "慕斯",
                    "skill": 1,
                    "skill_usage": 0
                },
                {
                    "name": "史尔特尔",
                    "skill": 1,
                    "skill_usage": 0
                },
                {
                    "name": "星极",
                    "skill": 2,
                    "skill_usage": 1
                }
            ]
        },
        {
            "name": "先锋-尖兵",
            "opers": [
                {
                    "name": "推进之王",
                    "skill": 2,
                    "skill_usage": 0
                },
                {
                    "name": "嵯峨",
                    "skill": 3,
                    "skill_usage": 1
                },
                {
                    "name": "晓歌",
                    "skill": 2,
                    "skill_usage": 1
                },
                {
                    "name": "谜图",
                    "skill": 1,
                    "skill_usage": 0
                },
                {
                    "name": "风笛",
                    "skill": 3,
                    "skill_usage": 1
                },
                {
                    "name": "伊内丝",
                    "skill": 2,
                    "skill_usage": 1
                }
            ]
        }
    ],
    "opers": [
        {
            "name": "伊芙利特",
            "skill": 2,
            "skill_usage": 0
        },
        {
            "name": "煌",
            "skill": 2,
            "skill_usage": 0
        }
    ],
    "difficulty": 3
}