{
    "minimum_required": "v4.0.0",
    "stage_name": "act35side_ex06",
    "actions": [
        {
            "type": "Deploy",
            "name": "桃金娘",
            "location": [
                2,
                1
            ],
            "direction": "Right"
        },
        {
            "type": "Deploy",
            "name": "维什戴尔",
            "location": [
                5,
                5
            ],
            "direction": "Up",
            "costs": 24
        },
        {
            "type": "Deploy",
            "name": "砾",
            "location": [
                3,
                3
            ],
            "direction": "Right",
            "costs": 16
        },
        {
            "type": "Skill",
            "name": "维什戴尔",
            "location": [
                5,
                5
            ],
            "pre_delay": 1600
        },
        {
            "type": "SkillUsage",
            "name": "维什戴尔",
            "skill_usage": 0
        },
        {
            "type": "Skill",
            "name": "维什戴尔",
            "location": [
                5,
                5
            ],
            "kills": 7
        },
        {
            "type": "SpeedUp"
        },
        {
            "type": "Retreat",
            "name": "砾",
            "location": [
                3,
                3
            ]
        },
        {
            "type": "Deploy",
            "name": "治疗",
            "location": [
                6,
                2
            ],
            "direction": "Left"
        },
        {
            "type": "Deploy",
            "name": "小盾",
            "location": [
                6,
                3
            ],
            "direction": "Down"
        },
        {
            "type": "Deploy",
            "name": "奶盾",
            "location": [
                3,
                3
            ],
            "direction": "Right"
        },
        {
            "type": "Deploy",
            "name": "术士",
            "location": [
                2,
                3
            ],
            "direction": "Down"
        },
        {
            "type": "Deploy",
            "name": "伊桑",
            "location": [
                4,
                3
            ],
            "direction": "Right"
        },
        {
            "type": "SpeedUp",
            "kills": 16
        },
        {
            "type": "Skill",
            "name": "维什戴尔",
            "location": [
                5,
                5
            ],
            "kills": 16,
            "pre_delay": 10000
        },
        {
            "type": "Deploy",
            "name": "砾",
            "location": [
                4,
                2
            ],
            "kills": 22,
            "direction": "Down"
        },
        {
            "type": "Skill",
            "name": "治疗",
            "location": [
                6,
                2
            ],
            "kills": 28
        },
        {
            "type": "SkillUsage",
            "name": "维什戴尔",
            "kills": 30,
            "skill_usage": 2,
            "skill_times": 1
        }
    ],
    "doc": {
        "title": "太阳甩在身后 - AS-EX-6",
        "details": "——————————\n作业更新日期: 2024-08-11T15:34:27Z\n统计更新日期: 2025-08-31\n相对评分：97.00%  相对热度：62.58%\n来源：spellcast  ID：40180\n——————————\n2903三模ew"
    },
    "groups": [
        {
            "name": "小盾",
            "opers": [
                {
                    "name": "卡缇",
                    "skill": 1,
                    "skill_usage": 0
                },
                {
                    "name": "斑点",
                    "skill": 1,
                    "skill_usage": 0
                }
            ]
        },
        {
            "name": "奶盾",
            "opers": [
                {
                    "name": "黍"
                },
                {
                    "name": "深律"
                },
                {
                    "name": "临光"
                },
                {
                    "name": "塞雷娅"
                },
                {
                    "name": "古米"
                }
            ]
        },
        {
            "name": "治疗",
            "opers": [
                {
                    "name": "苏苏洛",
                    "skill": 2,
                    "skill_usage": 0
                },
                {
                    "name": "安赛尔"
                },
                {
                    "name": "芙蓉"
                },
                {
                    "name": "嘉维尔",
                    "skill": 2,
                    "skill_usage": 0
                },
                {
                    "name": "末药"
                }
            ]
        },
        {
            "name": "术士",
            "opers": [
                {
                    "name": "史都华德",
                    "skill": 1,
                    "skill_usage": 0
                },
                {
                    "name": "夜烟"
                },
                {
                    "name": "雪绒"
                },
                {
                    "name": "苦艾"
                },
                {
                    "name": "艾雅法拉"
                },
                {
                    "name": "阿米娅"
                },
                {
                    "name": "逻各斯"
                },
                {
                    "name": "洛洛"
                },
                {
                    "name": "耶拉"
                },
                {
                    "name": "刻俄柏"
                },
                {
                    "name": "至简"
                },
                {
                    "name": "卡达"
                },
                {
                    "name": "霍尔海雅"
                },
                {
                    "name": "澄闪"
                }
            ]
        }
    ],
    "opers": [
        {
            "name": "维什戴尔",
            "skill": 3,
            "skill_usage": 0
        },
        {
            "name": "桃金娘",
            "skill": 1,
            "skill_usage": 2,
            "skill_times": 2
        },
        {
            "name": "砾",
            "skill": 2,
            "skill_usage": 0
        },
        {
            "name": "伊桑",
            "skill": 1,
            "skill_usage": 0
        }
    ],
    "difficulty": 3
}