{
    "minimum_required": "v4.0.0",
    "stage_name": "mem_bldsk_1",
    "actions": [
        {
            "type": "SpeedUp",
            "doc_color": "DeepSkyBlue",
            "doc": "Ciallo～(∠・ω< )⌒★"
        },
        {
            "type": "Deploy",
            "name": "猎蜂",
            "location": [
                5,
                4
            ],
            "direction": "Up"
        },
        {
            "type": "Deploy",
            "name": "炎熔",
            "location": [
                1,
                3
            ],
            "direction": "Right"
        },
        {
            "type": "Deploy",
            "name": "华法琳",
            "location": [
                4,
                5
            ],
            "direction": "Up"
        },
        {
            "type": "Skill",
            "name": "华法琳",
            "location": [
                4,
                5
            ],
            "kills": 37
        },
        {
            "type": "Skill",
            "name": "猎蜂",
            "location": [
                5,
                4
            ],
            "kills": 55,
            "rear_delay": 1000
        },
        {
            "type": "Skill",
            "name": "华法琳",
            "location": [
                4,
                5
            ],
            "kills": 59,
            "rear_delay": 1000
        },
        {
            "type": "Deploy",
            "name": "米格鲁",
            "location": [
                6,
                1
            ],
            "direction": "Right",
            "kills": 64
        },
        {
            "type": "Skill",
            "name": "炎熔",
            "location": [
                1,
                3
            ]
        },
        {
            "type": "Retreat",
            "name": "米格鲁",
            "location": [
                6,
                1
            ],
            "kills": 85
        },
        {
            "type": "Skill",
            "name": "华法琳",
            "location": [
                4,
                5
            ],
            "pre_delay": 3500,
            "rear_delay": 0
        },
        {
            "type": "Skill",
            "name": "猎蜂",
            "location": [
                5,
                4
            ],
            "pre_delay": 0,
            "rear_delay": 0
        },
        {
            "type": "SkillDaemon"
        }
    ],
    "doc": {
        "title": "医疗 - 华法琳 - 战力增强剂",
        "details": "——————————\n作业更新日期: 2025-02-16T21:14:17Z\n统计更新日期: 2025-09-08\n相对评分：100.0%  相对热度：100.0%\n来源：紫水晶的辅助  ID：45828\n——————————\n【【悖论模拟】华法林—战力增强剂(无专精，简单好抄)】 https://www.bilibili.com/video/BV1uA41137VB/?share_source=copy_web&vd_source=518686dca183d8e8348d9998f5ae1061"
    },
    "groups": [],
    "opers": [
        {
            "name": "华法琳",
            "skill": 2,
            "skill_usage": 0
        },
        {
            "name": "猎蜂",
            "skill": 1,
            "skill_usage": 0
        },
        {
            "name": "米格鲁",
            "skill": 1,
            "skill_usage": 0
        },
        {
            "name": "炎熔",
            "skill": 1,
            "skill_usage": 0
        }
    ]
}