{
    "minimum_required": "v4.0.0",
    "actions": [
        {
            "type": "SpeedUp"
        },
        {
            "type": "Deploy",
            "name": "星熊",
            "location": [
                6,
                3
            ],
            "direction": "Left"
        },
        {
            "type": "Deploy",
            "name": "能天使",
            "location": [
                4,
                4
            ],
            "direction": "Up"
        },
        {
            "type": "Output",
            "doc_color": "#6f42c1",
            "doc": "给个好评吧，亲~"
        }
    ],
    "doc": {
        "title": "星熊模组摆完挂机-友人们的赠礼",
        "details": "统计日期：2024-06-01\n好评率：94.74%  浏览量：1582\n来源：作业代传——有问题联系原作者  ID：20974\n侬无言以对模组任务摆完挂机合集:BV1wU4y177Qu\n3星通关主题曲3-1；必须编入非助战星熊并上场，其他成员仅可编入4名干员\n筱竹聽雨"
    },
    "groups": [],
    "opers": [
        {
            "name": "星熊",
            "skill": 2,
            "skill_usage": 0
        },
        {
            "name": "能天使",
            "skill": 1,
            "skill_usage": 0
        }
    ],
    "stage_name": "main_03-01"
}