{
    "minimum_required": "v4.0.0",
    "stage_name": "main_03-05",
    "actions": [
        {
            "type": "SpeedUp"
        },
        {
            "type": "Deploy",
            "name": "塞雷娅",
            "location": [
                1,
                1
            ],
            "direction": "Right"
        },
        {
            "type": "Deploy",
            "name": "高攻群狙",
            "location": [
                1,
                2
            ],
            "direction": "Right"
        },
        {
            "type": "Deploy",
            "name": "棘刺",
            "location": [
                2,
                1
            ],
            "direction": "Down"
        },
        {
            "type": "SkillDaemon"
        }
    ],
    "doc": {
        "title": "第三章 二次呼吸 - 3-5 - 呼叫",
        "details": "统计日期：2024-05-31\n好评率：100.0%  浏览量：431\n来源：lssastar  ID：25103\nup:你的饮月月-\nps：高配干员"
    },
    "groups": [
        {
            "name": "高攻群狙",
            "opers": [
                {
                    "name": "松果",
                    "skill": 1,
                    "skill_usage": 0
                },
                {
                    "name": "送葬人",
                    "skill": 1,
                    "skill_usage": 0
                },
                {
                    "name": "假日威龙陈",
                    "skill": 1,
                    "skill_usage": 0
                }
            ]
        }
    ],
    "opers": [
        {
            "name": "塞雷娅",
            "skill": 1,
            "skill_usage": 0
        },
        {
            "name": "德克萨斯",
            "skill": 1,
            "skill_usage": 0
        },
        {
            "name": "棘刺",
            "skill": 3,
            "skill_usage": 1
        }
    ],
    "difficulty": 3
}