{
    "minimum_required": "v4.0.0",
    "stage_name": "sub_03-3-2",
    "actions": [
        {
            "type": "SpeedUp"
        },
        {
            "type": "Deploy",
            "name": "逻各斯",
            "location": [
                6,
                2
            ],
            "direction": "Left"
        },
        {
            "type": "Deploy",
            "name": "塞雷娅",
            "location": [
                2,
                3
            ],
            "direction": "Right"
        },
        {
            "type": "Deploy",
            "name": "煌",
            "location": [
                8,
                3
            ],
            "direction": "Left"
        }
    ],
    "doc": {
        "title": "第三章 二次呼吸 - S3-7 - 隐匿-1",
        "details": "作业更新日期: 2024-05-16T01:59:22Z\n统计更新日期: 2024-10-07\n好评率：100.0%  浏览量：111\n来源：Chiho  ID：37697\n精260"
    },
    "groups": [],
    "opers": [
        {
            "name": "逻各斯",
            "skill": 1,
            "skill_usage": 0
        },
        {
            "name": "煌",
            "skill": 2,
            "skill_usage": 0
        },
        {
            "name": "塞雷娅",
            "skill": 1,
            "skill_usage": 0
        }
    ]
}