{
    "minimum_required": "v4.0.0",
    "stage_name": "wk_toxic_5",
    "actions": [
        {
            "type": "Deploy",
            "name": "维什戴尔",
            "direction": "Up",
            "location": [
                6,
                3
            ]
        },
        {
            "type": "Deploy",
            "name": "新约能天使",
            "location": [
                7,
                4
            ],
            "direction": "Down"
        },
        {
            "type": "Skill",
            "name": "维什戴尔",
            "location": [
                6,
                3
            ]
        },
        {
            "type": "Deploy",
            "direction": "Right",
            "name": "辅助",
            "location": [
                6,
                4
            ]
        },
        {
            "type": "Skill",
            "name": "维什戴尔",
            "location": [
                6,
                3
            ]
        },
        {
            "type": "SpeedUp"
        },
        {
            "type": "SkillUsage",
            "name": "新约能天使",
            "skill_usage": 1,
            "cost_changes": 30
        },
        {
            "type": "Skill",
            "name": "新约能天使",
            "location": [
                7,
                4
            ],
            "kills": 30
        },
        {
            "type": "Skill",
            "name": "维什戴尔",
            "location": [
                6,
                3
            ],
            "kills": 35
        },
        {
            "type": "Retreat",
            "name": "魂灵之影",
            "location": [
                6,
                2
            ]
        },
        {
            "type": "SkillDaemon"
        }
    ],
    "doc": {
        "title": "粉碎防御 - AP-5 - 精炼工厂保全",
        "details": "——————————\n作业更新日期: 2025-05-28T05:49:52Z\n统计更新日期: 2025-07-11\n好评率：81.25%  浏览量：471\n来源：piexian  ID：58256\n——————————\n\n参考视频\n【明日方舟】AP-5红票新版3人堵门速刷｜近理论最速采购凭证，简单好抄】 https://www.bilibili.com/video/BV1oPECz5EbQ/?share_source=copy_web&vd_source=75d2024b58d11ddac9c930ba88b021d7"
    },
    "groups": [
        {
            "name": "辅助",
            "opers": [
                {
                    "name": "浊心斯卡蒂",
                    "skill": 2,
                    "skill_usage": 0
                },
                {
                    "name": "魔王",
                    "skill": 1,
                    "skill_usage": 0
                },
                {
                    "name": "Mon3tr",
                    "skill": 1,
                    "skill_usage": 0
                }
            ]
        }
    ],
    "opers": [
        {
            "name": "维什戴尔",
            "skill": 3,
            "skill_usage": 0
        },
        {
            "name": "新约能天使",
            "skill": 2,
            "skill_usage": 0
        }
    ]
}