{
    "minimum_required": "v4.0.0",
    "stage_name": "main_15-09",
    "actions": [
        {
            "type": "SpeedUp"
        },
        {
            "type": "Deploy",
            "name": "山",
            "location": [
                4,
                4
            ],
            "direction": "Left"
        },
        {
            "type": "Deploy",
            "name": "逻各斯",
            "location": [
                5,
                3
            ],
            "direction": "Down"
        },
        {
            "type": "Deploy",
            "name": "奶盾",
            "location": [
                6,
                4
            ],
            "direction": "Right"
        },
        {
            "type": "Deploy",
            "name": "维什戴尔",
            "location": [
                5,
                2
            ],
            "direction": "Down"
        },
        {
            "type": "Skill",
            "name": "维什戴尔",
            "location": [
                5,
                2
            ],
            "kills": 42
        },
        {
            "type": "Output",
            "doc_color": "SpringGreen",
            "doc": "Ciallo～(∠・ω< )⌒★"
        },
        {
            "type": "SkillDaemon"
        }
    ],
    "doc": {
        "title": "15-10 隔离净空",
        "details": "——————————\n作业更新日期: 2025-04-12T02:49:36Z\n统计更新日期: 2025-06-11\n好评率：100.0%  浏览量：4981\n来源：萨扌立托加  ID：50049\n——————————\n\n沙盘LV1选第二个LV2选第一个\njson作者：萨扌立托加\n作业交流群群号1009052305，可蹲作业，有问题进群找萨扌立托加，作业站消息一般看不到\n❤️"
    },
    "groups": [
        {
            "name": "奶盾",
            "opers": [
                {
                    "name": "黍",
                    "skill": 1,
                    "skill_usage": 0
                },
                {
                    "name": "塞雷娅",
                    "skill": 1,
                    "skill_usage": 0
                }
            ]
        }
    ],
    "opers": [
        {
            "name": "山",
            "skill": 2,
            "skill_usage": 2,
            "skill_times": 1
        },
        {
            "name": "逻各斯",
            "skill": 1,
            "skill_usage": 0
        },
        {
            "name": "维什戴尔",
            "skill": 3,
            "skill_usage": 2,
            "skill_times": 1
        }
    ]
}