{
    "minimum_required": "v4.0.0",
    "stage_name": "main_15-15",
    "actions": [
        {
            "type": "SpeedUp"
        },
        {
            "type": "Deploy",
            "name": "山",
            "location": [
                6,
                2
            ],
            "direction": "Left"
        },
        {
            "type": "Deploy",
            "name": "桃金娘",
            "location": [
                7,
                3
            ],
            "direction": "Left"
        },
        {
            "type": "Deploy",
            "name": "维什戴尔",
            "location": [
                6,
                4
            ],
            "direction": "Left"
        },
        {
            "type": "Deploy",
            "name": "夜莺",
            "location": [
                7,
                5
            ],
            "direction": "Up"
        },
        {
            "type": "Retreat",
            "location": [
                6,
                6
            ],
            "pre_delay": 5000
        },
        {
            "type": "Deploy",
            "name": "逻各斯",
            "location": [
                6,
                6
            ],
            "direction": "Left"
        },
        {
            "type": "Output",
            "doc_color": "SpringGreen",
            "doc": "Ciallo～(∠・ω< )⌒★"
        },
        {
            "type": "SkillDaemon"
        }
    ],
    "doc": {
        "title": "15-17 她",
        "details": "——————————\n作业更新日期: 2025-04-13T07:02:26Z\n统计更新日期: 2025-06-11\n好评率：98.79%  浏览量：8159\n来源：萨扌立托加  ID：50124\n——————————\n\n沙盘LV1、LV2都选第二个\n攻略作者：KK大王喵  json作者：萨扌立托加\n作业交流群群号1009052305，可蹲作业，有问题进群找萨扌立托加，作业站消息一般看不到\n❤️\n攻略视频：https://www.bilibili.com/video/BV1LmdVYyExN/?share_source=copy_web&vd_source=915b3f132d69465ad53694d5846531c9"
    },
    "groups": [],
    "opers": [
        {
            "skill_times": 1,
            "name": "山",
            "skill": 2,
            "skill_usage": 2
        },
        {
            "name": "夜莺",
            "skill": 2,
            "skill_usage": 0
        },
        {
            "name": "维什戴尔",
            "skill": 3,
            "skill_usage": 1
        },
        {
            "name": "桃金娘",
            "skill": 1,
            "skill_usage": 2,
            "skill_times": 5
        },
        {
            "name": "逻各斯",
            "skill": 1,
            "skill_usage": 0
        }
    ]
}