{
    "minimum_required": "v4.0.0",
    "stage_name": "main_15-15",
    "actions": [
        {
            "type": "Deploy",
            "name": "山",
            "location": [
                6,
                2
            ],
            "direction": "Left"
        },
        {
            "type": "Deploy",
            "name": "德克萨斯",
            "location": [
                7,
                3
            ],
            "direction": "Left"
        },
        {
            "type": "Deploy",
            "name": "维什戴尔",
            "location": [
                8,
                4
            ],
            "direction": "Left"
        },
        {
            "type": "Deploy",
            "name": "纯烬艾雅法拉",
            "location": [
                8,
                6
            ],
            "direction": "Up"
        },
        {
            "type": "Deploy",
            "name": "水月",
            "location": [
                6,
                5
            ],
            "direction": "Up",
            "kills": 10
        },
        {
            "type": "Deploy",
            "name": "娜仁图亚",
            "location": [
                6,
                4
            ],
            "direction": "Down"
        },
        {
            "type": "SpeedUp"
        },
        {
            "type": "Retreat",
            "name": "德克萨斯",
            "costs": 20
        },
        {
            "type": "Deploy",
            "name": "艾雅法拉",
            "location": [
                8,
                2
            ],
            "direction": "Left"
        },
        {
            "type": "SkillDaemon"
        }
    ],
    "doc": {
        "title": "第十五章 - 15-17 险地+沙盘",
        "details": "——————————\n作业更新日期: 2025-04-08T04:49:33Z\n统计更新日期: 2025-06-11\n好评率：91.67%  浏览量：1271\n来源：MyBlackRose  ID：49683\n——————————\n\n1"
    },
    "groups": [],
    "opers": [
        {
            "name": "纯烬艾雅法拉",
            "skill": 1,
            "skill_usage": 0
        },
        {
            "name": "山",
            "skill": 2,
            "skill_usage": 2,
            "skill_times": 1
        },
        {
            "name": "德克萨斯",
            "skill": 1,
            "skill_usage": 0
        },
        {
            "name": "娜仁图亚",
            "skill": 1,
            "skill_usage": 2,
            "skill_times": 1
        },
        {
            "name": "维什戴尔",
            "skill": 1,
            "skill_usage": 0
        },
        {
            "name": "艾雅法拉",
            "skill": 2,
            "skill_usage": 0
        },
        {
            "name": "水月",
            "skill": 1,
            "skill_usage": 0
        }
    ],
    "difficulty": 0
}