{
    "minimum_required": "v4.0.0",
    "stage_name": "main_15-08",
    "actions": [
        {
            "type": "Deploy",
            "name": "桃金娘",
            "location": [
                8,
                4
            ],
            "direction": "Left"
        },
        {
            "type": "SpeedUp"
        },
        {
            "type": "Deploy",
            "name": "古米",
            "location": [
                7,
                4
            ],
            "direction": "Left"
        },
        {
            "type": "Deploy",
            "name": "逻各斯",
            "location": [
                6,
                5
            ],
            "direction": "Up"
        },
        {
            "type": "Deploy",
            "name": "艾雅法拉/澄闪",
            "location": [
                2,
                4
            ],
            "direction": "Up"
        },
        {
            "type": "Deploy",
            "name": "梓兰",
            "location": [
                3,
                4
            ],
            "direction": "Up"
        },
        {
            "type": "SkillDaemon"
        }
    ],
    "doc": {
        "title": "第十五章 - 15-9 险地+沙盘",
        "details": "——————————\n作业更新日期: 2025-04-14T02:59:45Z\n统计更新日期: 2025-06-11\n好评率：98.91%  浏览量：1414\n来源：焕彩gg  ID：49923\n——————————\n\nB站ID：焕彩GG 主页：https://space.bilibili.com/10123796\n求关注。\n沙盘选2和1"
    },
    "groups": [
        {
            "name": "艾雅法拉/澄闪",
            "opers": [
                {
                    "name": "艾雅法拉",
                    "skill": 2,
                    "skill_usage": 0
                },
                {
                    "name": "澄闪",
                    "skill": 2,
                    "skill_usage": 0
                }
            ]
        }
    ],
    "opers": [
        {
            "name": "古米",
            "skill": 1,
            "skill_usage": 0
        },
        {
            "name": "逻各斯",
            "skill": 1,
            "skill_usage": 0
        },
        {
            "name": "桃金娘",
            "skill": 1,
            "skill_usage": 2,
            "skill_times": 1
        },
        {
            "name": "梓兰",
            "skill": 1,
            "skill_usage": 1
        }
    ],
    "difficulty": 0
}