{
    "minimum_required": "v4.0.0",
    "stage_name": "hard_15-04",
    "actions": [
        {
            "type": "Deploy",
            "name": "桃金娘",
            "location": [
                10,
                7
            ],
            "direction": "Left"
        },
        {
            "type": "Deploy",
            "name": "澄闪",
            "location": [
                6,
                6
            ],
            "direction": "Left"
        },
        {
            "type": "Deploy",
            "name": "伊内丝",
            "location": [
                8,
                7
            ],
            "direction": "Left"
        },
        {
            "type": "Deploy",
            "name": "纯烬艾雅法拉",
            "location": [
                8,
                6
            ],
            "direction": "Left"
        },
        {
            "type": "Skill",
            "name": "桃金娘",
            "location": [
                10,
                7
            ],
            "pre_delay": 5500,
            "doc_color": "Gray",
            "doc": "这里等桃子技能是对轴，不要手动退出"
        },
        {
            "type": "Retreat",
            "name": "桃金娘",
            "pre_delay": 8500
        },
        {
            "type": "Deploy",
            "name": "逻各斯",
            "location": [
                5,
                2
            ],
            "direction": "Left",
            "pre_delay": 10000
        },
        {
            "type": "Deploy",
            "name": "塑心",
            "location": [
                6,
                2
            ],
            "direction": "Left"
        },
        {
            "type": "Deploy",
            "name": "黍",
            "location": [
                7,
                7
            ],
            "direction": "Left"
        },
        {
            "type": "Deploy",
            "name": "艾雅法拉",
            "location": [
                5,
                6
            ],
            "direction": "Right"
        },
        {
            "type": "Deploy",
            "name": "夜莺",
            "location": [
                8,
                2
            ],
            "direction": "Left"
        },
        {
            "type": "Deploy",
            "name": "幻影",
            "location": [
                10,
                7
            ],
            "direction": "None"
        },
        {
            "type": "Retreat",
            "name": "伊内丝",
            "kills": 3,
            "pre_delay": 2000
        },
        {
            "type": "SpeedUp"
        },
        {
            "type": "Deploy",
            "name": "伊芙利特",
            "location": [
                7,
                2
            ],
            "direction": "Left",
            "kills": 9,
            "pre_delay": 2000
        },
        {
            "type": "Deploy",
            "name": "小车",
            "location": [
                7,
                1
            ],
            "direction": "Left"
        },
        {
            "type": "Deploy",
            "name": "幻影",
            "location": [
                6,
                7
            ],
            "direction": "None"
        },
        {
            "type": "SkillUsage",
            "name": "幻影",
            "skill_usage": 1
        },
        {
            "type": "SkillDaemon"
        }
    ],
    "doc": {
        "title": "第十五章  - H15-4",
        "details": "——————————\n作业更新日期: 2025-04-18T13:35:44Z\n统计更新日期: 2025-06-11\n好评率：89.91%  浏览量：15844\n来源：萨拉托加  ID：50198\n——————————\n\n原作者：Popcornkyckling json作者：萨拉托加\n作业交流群群号1009052305，可蹲作业，有问题进群找我，作业站消息没提醒看不到\n【H15-4摆完挂机 无深海无刻俄柏无仇白】 https://www.bilibili.com/video/BV1hSo7YQEnN/?share_source=copy_web&vd_source=3fd5040fe25f6a00e19e6072bcccfa4e"
    },
    "groups": [
        {
            "name": "小车",
            "opers": [
                {
                    "name": "Friston-3",
                    "skill": 1,
                    "skill_usage": 0
                },
                {
                    "name": "Castle-3",
                    "skill": 1,
                    "skill_usage": 0
                }
            ]
        }
    ],
    "opers": [
        {
            "name": "桃金娘",
            "skill": 1,
            "skill_usage": 2,
            "skill_times": 1
        },
        {
            "name": "逻各斯",
            "skill": 1,
            "skill_usage": 0
        },
        {
            "name": "塑心",
            "skill": 1,
            "skill_usage": 0
        },
        {
            "name": "夜莺",
            "skill": 2,
            "skill_usage": 0
        },
        {
            "name": "伊内丝",
            "skill": 1,
            "skill_usage": 0
        },
        {
            "name": "伊芙利特",
            "skill": 2,
            "skill_usage": 0
        },
        {
            "name": "黍",
            "skill": 1,
            "skill_usage": 0
        },
        {
            "name": "澄闪",
            "skill": 2,
            "skill_usage": 0
        },
        {
            "name": "艾雅法拉",
            "skill": 2,
            "skill_usage": 0
        },
        {
            "name": "纯烬艾雅法拉",
            "skill": 1,
            "skill_usage": 0
        }
    ]
}