{
  "minimum_required": "v4.0.0",
  "stage_name": "main_08-17",
  "actions": [
    {
      "type": "Deploy",
      "name": "投降先锋",
      "location": [
        11,
        7
      ],
      "direction": "Right"
    },
    {
      "type": "SpeedUp"
    },
    {
      "type": "Deploy",
      "name": "向日葵先锋",
      "location": [
        5,
        5
      ],
      "direction": "Down"
    },
    {
      "type": "Deploy",
      "name": "大部分快速复活2",
      "location": [
        12,
        3
      ],
      "direction": "Right"
    },
    {
      "type": "Deploy",
      "name": "大部分快速复活",
      "location": [
        11,
        3
      ],
      "direction": "Left"
    },
    {
      "type": "Skill",
      "name": "投降先锋",
      "location": [
        11,
        7
      ],
      "pre_delay": 1000
    },
    {
      "type": "Retreat",
      "name": "大部分快速复活",
      "location": [
        11,
        3
      ],
      "pre_delay": 900
    },
    {
      "type": "Retreat",
      "name": "大部分快速复活2",
      "location": [
        12,
        3
      ]
    },
    {
      "type": "Deploy",
      "name": "棘刺",
      "location": [
        5,
        2
      ],
      "direction": "Down"
    },
    {
      "type": "Deploy",
      "name": "大部分群奶",
      "location": [
        6,
        4
      ],
      "direction": "Up"
    },
    {
      "type": "Output",
      "kills": 1,
      "doc_color": "SpringGreen",
      "doc": "1击杀"
    },
    {
      "type": "Deploy",
      "name": "大部分快速复活3",
      "location": [
        3,
        1
      ],
      "direction": "Right"
    },
    {
      "type": "Deploy",
      "name": "大部分快速复活",
      "location": [
        5,
        1
      ],
      "direction": "Left"
    },
    {
      "type": "Output",
      "kills": 0,
      "doc_color": "SpringGreen",
      "doc": "标记： 2击杀"
    },
    {
      "type": "Retreat",
      "pre_delay": 3500,
      "name": "大部分快速复活",
      "location": [
        5,
        1
      ]
    },
    {
      "type": "Retreat",
      "name": "大部分快速复活3",
      "location": [
        3,
        1
      ]
    },
    {
      "type": "Skill",
      "name": "棘刺",
      "location": [
        5,
        2
      ]
    },
    {
      "type": "Skill",
      "name": "投降先锋",
      "location": [
        11,
        7
      ]
    },
    {
      "type": "Output",
      "pre_delay": 5000,
      "doc": "等待5秒...",
      "doc_color": "Black"
    },
    {
      "type": "Deploy",
      "name": "大部分快速复活2",
      "location": [
        8,
        3
      ],
      "direction": "Down"
    },
    {
      "type": "Deploy",
      "name": "大部分快速复活",
      "location": [
        7,
        3
      ],
      "direction": "Down"
    },
    {
      "type": "Output",
      "pre_delay": 2000,
      "doc": "延迟两秒...",
      "doc_color": "DarkGoldenrod"
    },
    {
      "type": "Retreat",
      "name": "大部分快速复活2",
      "location": [
        8,
        3
      ]
    },
    {
      "type": "Retreat",
      "name": "大部分快速复活",
      "location": [
        7,
        3
      ]
    },
    {
      "type": "Deploy",
      "name": "大部分正经奶2",
      "location": [
        6,
        2
      ],
      "direction": "Down"
    },
    {
      "type": "Deploy",
      "name": "大部分正经T",
      "location": [
        5,
        4
      ],
      "direction": "Down"
    },
    {
      "type": "Retreat",
      "name": "向日葵先锋",
      "location": [
        5,
        5
      ]
    },
    {
      "type": "Deploy",
      "name": "大部分快速复活3",
      "location": [
        9,
        6
      ],
      "direction": "Down"
    },
    {
      "type": "Deploy",
      "name": "大部分快速复活3",
      "location": [
        9,
        6
      ],
      "direction": "Down"
    },
    {
      "type": "Output",
      "doc_color": "Black",
      "doc": "延迟..."
    },
    {
      "type": "Retreat",
      "name": "大部分快速复活",
      "location": [
        9,
        5
      ]
    },
    {
      "type": "Retreat",
      "name": "大部分快速复活",
      "location": [
        9,
        5
      ]
    },
    {
      "type": "Skill",
      "name": "投降先锋",
      "location": [
        11,
        7
      ]
    },
    {
      "type": "Deploy",
      "name": "大部分正经奶",
      "location": [
        8,
        2
      ],
      "direction": "Left"
    },
    {
      "type": "Skill",
      "name": "棘刺",
      "location": [
        5,
        2
      ]
    }
  ],
  "doc": {
    "title": "第八章 怒号光明 - JT8-3 - 昂首，足践烈焰",
    "details": "原作者：魔法Zc目录\nBV1xf4y1q7XZ\n\n原来的那个视频是啥子单核喔（参考已替换，在【补充】文件夹里会放其他这一关的作业）\nyc.exe"
  },
  "groups": [
    {
      "name": "投降先锋",
      "opers": [
        {
          "name": "桃金娘",
          "skill": 1,
          "skill_usage": 0
        },
        {
          "name": "极境",
          "skill": 1,
          "skill_usage": 0
        },
        {
          "name": "琴柳",
          "skill": 1,
          "skill_usage": 0
        }
      ]
    },
    {
      "name": "向日葵先锋",
      "opers": [
        {
          "name": "讯使",
          "skill": 1,
          "skill_usage": 0
        }
      ]
    },
    {
      "name": "大部分正经T",
      "opers": [
        {
          "name": "卡缇",
          "skill": 1,
          "skill_usage": 0
        }
      ]
    },
    {
      "name": "大部分群奶",
      "opers": [
        {
          "name": "调香师",
          "skill": 1,
          "skill_usage": 0
        },
        {
          "name": "白面鸮",
          "skill": 2,
          "skill_usage": 0
        }
      ]
    },
    {
      "name": "大部分正经奶",
      "opers": [
        {
          "name": "末药",
          "skill": 1,
          "skill_usage": 0
        },
        {
          "name": "闪灵",
          "skill": 2,
          "skill_usage": 0
        }
      ]
    },
    {
      "name": "大部分正经奶2",
      "opers": [
        {
          "name": "华法琳",
          "skill": 1,
          "skill_usage": 0
        },
        {
          "name": "苏苏洛",
          "skill": 2,
          "skill_usage": 0
        }
      ]
    },
    {
      "name": "大部分正经奶3",
      "opers": [
        {
          "name": "芙蓉",
          "skill": 1,
          "skill_usage": 0
        }
      ]
    },
    {
      "name": "大部分快速复活",
      "opers": [
        {
          "name": "砾",
          "skill": 2,
          "skill_usage": 0
        }
      ]
    },
    {
      "name": "大部分快速复活2",
      "opers": [
        {
          "name": "夜刀",
          "skill": 1,
          "skill_usage": 0
        }
      ]
    },
    {
      "name": "大部分快速复活3",
      "opers": [
        {
          "name": "孑",
          "skill": 2,
          "skill_usage": 0
        }
      ]
    }
  ],
  "opers": [
    {
      "name": "阿米娅",
      "skill": 2,
      "skill_usage": 0
    },
    {
      "name": "棘刺",
      "skill": 3,
      "skill_usage": 0
    }
  ]
}