{
    "minimum_required": "v4.0.0",
    "stage_name": "mem_finlpp_1",
    "actions": [
        {
            "type": "SpeedUp"
        },
        {
            "type": "Deploy",
            "name": "清流",
            "location": [
                2,
                4
            ],
            "direction": "Right"
        },
        {
            "type": "Deploy",
            "name": "艾丝黛尔",
            "location": [
                5,
                5
            ],
            "direction": "Up"
        },
        {
            "type": "Skill",
            "name": "夜烟",
            "location": [
                4,
                3
            ],
            "kills": 4,
            "pre_delay": 5000
        },
        {
            "type": "Skill",
            "name": "艾丝黛尔",
            "location": [
                5,
                5
            ],
            "kills": 6,
            "pre_delay": 4000
        },
        {
            "type": "Skill",
            "name": "夜烟",
            "location": [
                4,
                3
            ],
            "kills": 25,
            "pre_delay": 4000
        },
        {
            "type": "Skill",
            "name": "清流",
            "location": [
                2,
                4
            ],
            "kills": 25,
            "pre_delay": 6500
        },
        {
            "type": "SkillDaemon"
        }
    ],
    "doc": {
        "title": "[悖论模拟]清流",
        "details": "作业更新日期: 2023-09-18T06:18:19Z\n统计更新日期: 2024-11-13\n好评率：96.0%  浏览量：476\n来源：whi98  ID：28051\n视频链接：BV1eu411w7u6\n作者：倾九_Komy\n练度：选择二技能 清流精二1级 技能7 无需专精\n崩溃点：可能会因为电脑的配置问题 导致艾斯黛尔那里漏怪；如果龟龟那里扛不住可以考虑开龟龟技能或者提前一点开清流技能\n本人已进行多次测试 第一次制作 不足之处 还望谅解！"
    },
    "groups": [],
    "opers": [
        {
            "name": "清流",
            "skill": 2,
            "skill_usage": 0
        }
    ]
}