{
    "minimum_required": "v4.0.0",
    "stage_name": "main_08-12",
    "actions": [
        {
            "type": "SpeedUp"
        },
        {
            "type": "Deploy",
            "name": "棘刺",
            "location": [
                3,
                1
            ],
            "direction": "Down"
        },
        {
            "type": "Deploy",
            "name": "推进之王",
            "location": [
                5,
                6
            ],
            "direction": "Right"
        },
        {
            "type": "Skill",
            "name": "棘刺",
            "location": [
                3,
                1
            ],
            "kills": 5
        },
        {
            "type": "Deploy",
            "name": "塞雷娅",
            "location": [
                6,
                6
            ],
            "direction": "Up"
        },
        {
            "type": "Deploy",
            "name": "艾雅法拉",
            "location": [
                5,
                5
            ],
            "direction": "Up"
        },
        {
            "type": "Deploy",
            "name": "山",
            "location": [
                4,
                1
            ],
            "direction": "Right",
            "kills": 13
        },
        {
            "type": "Skill",
            "name": "山",
            "location": [
                4,
                1
            ],
            "cost_changes": 6
        },
        {
            "type": "Skill",
            "name": "棘刺",
            "location": [
                3,
                1
            ],
            "kills": 19
        },
        {
            "type": "SkillDaemon"
        }
    ],
    "doc": {
        "title": "第八章 怒号光明 - M8-7 - 恶言，报应不爽 - 突袭",
        "details": "统计日期：2024-05-11\n好评率：93.75%  浏览量：1840\n来源：_ 蘿卜卜  ID：22407\nBV1b341177PU \nup：祈星_Estrellayc\njson：Shigure（maa://21946）\n修改原作业棘刺和山的技能使用\n2903已测试"
    },
    "groups": [],
    "opers": [
        {
            "name": "棘刺",
            "skill": 3,
            "skill_usage": 0
        },
        {
            "name": "塞雷娅",
            "skill": 1,
            "skill_usage": 0
        },
        {
            "name": "山",
            "skill": 2,
            "skill_usage": 0
        },
        {
            "name": "推进之王",
            "skill": 2,
            "skill_usage": 0
        },
        {
            "name": "艾雅法拉",
            "skill": 2,
            "skill_usage": 0
        }
    ],
    "difficulty": 2
}