{
    "minimum_required": "v4.0.0",
    "stage_name": "mem_thorns_1",
    "actions": [
        {
            "type": "SpeedUp",
            "rear_delay": 0
        },
        {
            "type": "Deploy",
            "name": "棘刺",
            "location": [
                2,
                1
            ],
            "direction": "Down",
            "costs": 21,
            "rear_delay": 0
        },
        {
            "type": "Deploy",
            "name": "障碍物",
            "location": [
                4,
                1
            ],
            "direction": "Right",
            "costs": 6,
            "rear_delay": 0
        },
        {
            "type": "Deploy",
            "name": "极境",
            "location": [
                1,
                1
            ],
            "direction": "Left",
            "rear_delay": 0
        },
        {
            "type": "SkillDaemon"
        }
    ],
    "doc": {
        "title": "悖论模拟 棘刺 搭把手",
        "details": "——————————\n作业更新日期: 2023-03-27T09:44:27Z\n统计更新日期: 2025-09-06\n相对评分：96.94%  相对热度：86.67%\n来源：1650  ID：21895\n——————————\n原视频b站：https://www.bilibili.com/video/BV1Co4y1Q7wj?p=10 up主 孑诺Sang\n棘刺 选三技能 对练度与专精有一定要求\nps：已尝试最低精2 60 专1，还可再低"
    },
    "groups": [],
    "opers": [
        {
            "name": "棘刺",
            "skill": 3,
            "skill_usage": 1
        },
        {
            "name": "障碍物",
            "skill": 1,
            "skill_usage": 0
        },
        {
            "name": "极境",
            "skill": 2,
            "skill_usage": 1
        }
    ]
}