{
    "minimum_required": "v4.0.0",
    "stage_name": "mem_akafyu_1",
    "actions": [
        {
            "type": "Deploy",
            "name": "赤冬",
            "location": [
                5,
                1
            ],
            "direction": "Down"
        },
        {
            "type": "SpeedUp"
        },
        {
            "type": "SkillDaemon"
        }
    ],
    "doc": {
        "title": "悖论模拟 - 赤冬 - 抱剑独行",
        "details": "作业更新日期: 2023-07-07T13:11:09Z\n统计更新日期: 2024-10-14\n好评率：95.0%  浏览量：819\n来源：iMaeGoo  ID：24466\nhttps://www.bilibili.com/video/BV1Nk4y1K7Y1\n\n第一次尝试写作业，精二10级技能7级能过，技能小于7级可能过不了，7级技能过不了可能是技能开得慢了，可以尝试一倍速"
    },
    "groups": [],
    "opers": [
        {
            "name": "赤冬",
            "skill": 2,
            "skill_usage": 1
        }
    ]
}