{
    "minimum_required": "v4.0.0",
    "stage_name": "act26side_04",
    "actions": [
        {
            "type": "Deploy",
            "name": "山",
            "location": [
                3,
                4
            ],
            "direction": "Left"
        },
        {
            "type": "SpeedUp"
        },
        {
            "type": "Deploy",
            "name": "塞雷娅",
            "location": [
                6,
                2
            ],
            "direction": "Down",
            "costs": 25
        },
        {
            "type": "Deploy",
            "name": "拉普兰德",
            "location": [
                4,
                4
            ],
            "direction": "Left",
            "costs": 24
        },
        {
            "type": "SkillDaemon",
            "doc": "有帮助的话 点个好评吧~",
            "doc_color": "DarkRed"
        }
    ],
    "doc": {
        "title": "空想花庭 HE-4 萧然Q攻略 摆完挂机",
        "details": "作业更新日期: 2023-06-08T11:32:43Z\n统计更新日期: 2024-06-30\n好评率：95.3%  浏览量：13786\n来源：鱼丸不是鱼van  ID：23840\n攻略作者：萧然Q https://www.bilibili.com/video/BV13P411Q74r/ 记得去b站给萧然宝贝点赞三连\njson作者：鱼丸 有问题请点踩然后在评论区反馈\n连接模式请使用minitouch或者maatouch，本json不兼容兼容模式:-)\n平均练度 2603 \n已测试\n"
    },
    "groups": [],
    "opers": [
        {
            "name": "山",
            "skill": 2,
            "skill_usage": 2
        },
        {
            "name": "拉普兰德",
            "skill": 2,
            "skill_usage": 0
        },
        {
            "name": "塞雷娅",
            "skill": 1,
            "skill_usage": 0
        }
    ]
}