{
    "minimum_required": "v4.0.0",
    "stage_name": "act26side_04",
    "actions": [
        {
            "type": "Deploy",
            "name": "山",
            "location": [
                3,
                4
            ],
            "direction": "Down"
        },
        {
            "type": "SpeedUp"
        },
        {
            "type": "Deploy",
            "name": "塞妈或临光",
            "location": [
                6,
                2
            ],
            "direction": "Down"
        },
        {
            "type": "Deploy",
            "name": "艾雅法拉或澄闪",
            "location": [
                3,
                2
            ],
            "direction": "Down"
        },
        {
            "type": "SkillDaemon"
        }
    ],
    "doc": {
        "title": "【柠檬味の小小猪】HE-4 空想花庭",
        "details": "作业更新日期: 2023-06-08T11:14:33Z\n统计更新日期: 2024-06-28\n好评率：100.0%  浏览量：1251\n来源：土豆雷优香  ID：23853\n原视频 https://www.bilibili.com/video/BV1qk4y1p7v3?p=6\n\n原作者 柠檬味の小小猪\n默认练度精2 70级\n原作者虽然都有理论上可替换但是都没有经过测试，替换有概率会炸，因为涉及人员数量变动和需要进行替换的测试太麻烦我就不重复写作业了\n如果练度低导致山漏怪的话建议自己额外带个阻挡放在山右边\n\n祝大家抄作业顺利，計算通り，完璧～~~~有什么问题请评论留言，缘分到了会看一下……吧（）"
    },
    "groups": [
        {
            "name": "塞妈或临光",
            "opers": [
                {
                    "name": "塞雷娅",
                    "skill": 1,
                    "skill_usage": 0
                },
                {
                    "name": "临光",
                    "skill": 1,
                    "skill_usage": 0
                }
            ]
        },
        {
            "name": "艾雅法拉或澄闪",
            "opers": [
                {
                    "name": "艾雅法拉",
                    "skill": 2,
                    "skill_usage": 0
                },
                {
                    "name": "澄闪",
                    "skill": 2,
                    "skill_usage": 0
                }
            ]
        }
    ],
    "opers": [
        {
            "name": "山",
            "skill": 2,
            "skill_usage": 2
        }
    ]
}