{
    "minimum_required": "v4.0.0",
    "stage_name": "act26side_05",
    "actions": [
        {
            "type": "Deploy",
            "name": "煌",
            "location": [
                3,
                3
            ],
            "direction": "Down"
        },
        {
            "type": "Deploy",
            "name": "塞雷娅",
            "location": [
                2,
                5
            ],
            "direction": "Right"
        },
        {
            "type": "SpeedUp"
        },
        {
            "type": "Deploy",
            "name": "备用木材",
            "location": [
                6,
                5
            ],
            "direction": "None"
        },
        {
            "type": "Deploy",
            "name": "备用木材",
            "location": [
                4,
                3
            ],
            "direction": "None"
        },
        {
            "type": "BulletTime",
            "name": "煌",
            "costs": 10
        },
        {
            "type": "Deploy",
            "name": "山",
            "location": [
                9,
                3
            ],
            "direction": "Up"
        },
        {
            "type": "SkillDaemon"
        }
    ],
    "doc": {
        "title": "HE-5 - 主在圣殿中",
        "details": "作业更新日期: 2024-06-25T14:29:21Z\n统计更新日期: 2024-06-30\n好评率：98.84%  浏览量：6736\n来源：萨拉托加  ID：38837\n原作者萧然Q json作者萨拉托加\n作业交流群群号216314927，有问题进群找我，作业站消息没提醒看不到\n【【空想花庭】HE全关卡 摆完挂机 简单好抄】 https://www.bilibili.com/video/BV13P411Q74r/?p=6&share_source=copy_web&vd_source=3fd5040fe25f6a00e19e6072bcccfa4e"
    },
    "groups": [],
    "opers": [
        {
            "name": "煌",
            "skill": 2,
            "skill_usage": 0
        },
        {
            "name": "山",
            "skill": 2,
            "skill_usage": 2,
            "skill_times": 1
        },
        {
            "name": "塞雷娅",
            "skill": 2,
            "skill_usage": 0
        }
    ]
}