{
    "minimum_required": "v4.0.0",
    "stage_name": "act26side_06",
    "actions": [
        {
            "type": "Deploy",
            "name": "令",
            "location": [
                10,
                4
            ],
            "direction": "Left",
            "costs": 0
        },
        {
            "type": "SpeedUp"
        },
        {
            "type": "Deploy",
            "name": "“弦惊”",
            "location": [
                4,
                5
            ],
            "direction": "Right"
        },
        {
            "type": "Deploy",
            "name": "“弦惊”",
            "location": [
                7,
                1
            ],
            "direction": "Left"
        },
        {
            "type": "Deploy",
            "name": "“弦惊”",
            "location": [
                5,
                5
            ],
            "direction": "Left"
        },
        {
            "type": "Skill",
            "name": "令",
            "location": [
                10,
                4
            ],
            "kills": 11
        },
        {
            "type": "Skill",
            "location": [
                10,
                5
            ],
            "costs": 22
        },
        {
            "type": "Skill",
            "location": [
                10,
                5
            ],
            "costs": 21
        },
        {
            "type": "Skill",
            "location": [
                10,
                5
            ],
            "costs": 24
        },
        {
            "type": "Skill",
            "name": "令",
            "location": [
                10,
                4
            ],
            "kills": 17
        },
        {
            "type": "Deploy",
            "name": "“弦惊”",
            "location": [
                6,
                5
            ],
            "costs": 23,
            "direction": "Left"
        },
        {
            "type": "Skill",
            "location": [
                10,
                5
            ],
            "costs": 20
        },
        {
            "type": "Deploy",
            "name": "“弦惊”",
            "location": [
                6,
                1
            ],
            "direction": "Down"
        }
    ],
    "doc": {
        "title": "HE-6 - 夜半歌声   令单人刷石头组（需要在设置中更新内测版本）令3带模组即可",
        "details": "作业更新日期: 2023-06-08T12:13:38Z\n统计更新日期: 2024-06-30\n好评率：87.23%  浏览量：2768\n来源：SEDE  ID：23861\nB站up主冰海孤魂的[令]单人HE-6  B站标题：【明日方舟】HE-1 至 HE-7合集 低配 单核令 空想花庭 链接：【【明日方舟】HE-1 至 HE-7合集 低配 单核令 空想花庭】https://www.bilibili.com/video/BV1gN411y76w?p=7&vd_source=d7d8846336a4d7d96fdb46ef8ef24e07\n如侵删。"
    },
    "groups": [],
    "opers": [
        {
            "name": "令",
            "skill": 3,
            "skill_usage": 0
        }
    ]
}