{
    "minimum_required": "v4.0.0",
    "stage_name": "act26side_07",
    "actions": [
        {
            "type": "SpeedUp"
        },
        {
            "type": "Deploy",
            "name": "令",
            "location": [
                4,
                4
            ],
            "direction": "Right"
        },
        {
            "type": "Deploy",
            "name": "“弦惊”",
            "location": [
                6,
                1
            ],
            "direction": "Down"
        },
        {
            "type": "Deploy",
            "name": "“弦惊”",
            "location": [
                6,
                5
            ],
            "direction": "Up"
        },
        {
            "type": "SpeedUp",
            "pre_delay": 3000
        },
        {
            "type": "BulletTime",
            "location": [
                4,
                4
            ],
            "pre_delay": 3500
        },
        {
            "type": "Deploy",
            "name": "备用木材",
            "location": [
                5,
                5
            ],
            "direction": "None"
        },
        {
            "type": "SpeedUp"
        },
        {
            "type": "Deploy",
            "name": "备用木材",
            "location": [
                5,
                1
            ],
            "direction": "None"
        },
        {
            "type": "Deploy",
            "name": "“弦惊”",
            "location": [
                5,
                1
            ],
            "direction": "Left"
        },
        {
            "type": "Deploy",
            "name": "“弦惊”",
            "location": [
                2,
                5
            ],
            "direction": "Left"
        },
        {
            "type": "Retreat",
            "name": "“弦惊”",
            "location": [
                5,
                1
            ]
        },
        {
            "type": "Deploy",
            "name": "“弦惊”",
            "location": [
                6,
                2
            ],
            "direction": "Up"
        },
        {
            "type": "Deploy",
            "name": "“弦惊”",
            "location": [
                6,
                2
            ],
            "direction": "Up"
        },
        {
            "type": "Deploy",
            "name": "“弦惊”",
            "location": [
                6,
                3
            ],
            "direction": "Up"
        },
        {
            "type": "Retreat",
            "name": "“弦惊”",
            "location": [
                2,
                5
            ],
            "kills": 24
        },
        {
            "type": "Deploy",
            "name": "“弦惊”",
            "location": [
                6,
                2
            ],
            "direction": "Up",
            "kills": 24
        },
        {
            "type": "SkillDaemon"
        }
    ],
    "doc": {
        "title": "HE-7 - 以爱相连 令单人 优化版",
        "details": "作业更新日期: 2023-06-21T06:37:07Z\n统计更新日期: 2024-06-28\n好评率：85.45%  浏览量：2384\n来源：koloc  ID：23883\n作业来自B站Up：浅歌何以相予\nhttps://www.bilibili.com/video/BV1jo4y1T7Pr/\n需要令模组\n已测试于2903 3级模组 0潜能\n更新：增加了放置木板的容错率，加快了收尾速度"
    },
    "groups": [],
    "opers": [
        {
            "name": "令",
            "skill": 3,
            "skill_usage": 1
        }
    ]
}