{
    "minimum_required": "v4.0.0",
    "stage_name": "act26side_ex03",
    "actions": [
        {
            "type": "SpeedUp"
        },
        {
            "type": "Deploy",
            "name": "山",
            "location": [
                4,
                2
            ],
            "direction": "Left"
        },
        {
            "type": "Deploy",
            "name": "桃金娘",
            "location": [
                10,
                2
            ],
            "direction": "Left"
        },
        {
            "type": "Deploy",
            "name": "棘刺",
            "location": [
                5,
                2
            ],
            "direction": "Left"
        },
        {
            "type": "Deploy",
            "name": "塞雷娅",
            "location": [
                4,
                5
            ],
            "direction": "Left"
        },
        {
            "type": "Deploy",
            "name": "煌",
            "location": [
                4,
                4
            ],
            "direction": "Down"
        },
        {
            "type": "Deploy",
            "name": "最后的加速地面干员",
            "location": [
                5,
                5
            ],
            "direction": "Left"
        },
        {
            "type": "SkillDaemon"
        }
    ],
    "doc": {
        "title": "【小鬼卡比】【普通/突袭】空想花庭 - HE-EX-3 - 万古磐石",
        "details": "作业更新日期: 2023-06-16T09:16:16Z\n统计更新日期: 2024-06-30\n好评率：95.03%  浏览量：2655\n来源：(UwU)  ID：24044\n【空想花庭】HE-EX-8突袭等 EX合集【摆完挂机】攻略合集 【明日方舟】】https://www.bilibili.com/video/BV1nz4y1e7K6\n麻烦给卡比老师一个3连吖\n普通测试已过\n突袭测试已过"
    },
    "groups": [
        {
            "name": "最后的加速地面干员",
            "opers": [
                {
                    "name": "拉普兰德",
                    "skill": 2,
                    "skill_usage": 0
                },
                {
                    "name": "银灰",
                    "skill": 3,
                    "skill_usage": 1
                },
                {
                    "name": "史尔特尔",
                    "skill": 3,
                    "skill_usage": 1
                },
                {
                    "name": "玛恩纳",
                    "skill": 3,
                    "skill_usage": 1
                }
            ]
        }
    ],
    "opers": [
        {
            "name": "棘刺",
            "skill": 3,
            "skill_usage": 1
        },
        {
            "name": "山",
            "skill": 2,
            "skill_usage": 2
        },
        {
            "name": "塞雷娅",
            "skill": 1,
            "skill_usage": 0
        },
        {
            "name": "煌",
            "skill": 2,
            "skill_usage": 0
        },
        {
            "name": "桃金娘",
            "skill": 1,
            "skill_usage": 1
        }
    ],
    "difficulty": 3
}