{
    "minimum_required": "v4.0.0",
    "stage_name": "act26side_ex02",
    "actions": [
        {
            "type": "Deploy",
            "name": "山",
            "location": [
                5,
                1
            ],
            "direction": "Right"
        },
        {
            "type": "Deploy",
            "name": "桃金娘",
            "location": [
                4,
                5
            ],
            "direction": "Left"
        },
        {
            "type": "Deploy",
            "name": "备用木材",
            "location": [
                7,
                5
            ],
            "direction": "None"
        },
        {
            "type": "Deploy",
            "name": "备用木材",
            "location": [
                3,
                1
            ],
            "direction": "None"
        },
        {
            "type": "Deploy",
            "name": "艾雅法拉",
            "location": [
                4,
                4
            ],
            "direction": "Left"
        },
        {
            "type": "Deploy",
            "name": "备用木材",
            "location": [
                4,
                3
            ],
            "direction": "None"
        },
        {
            "type": "Deploy",
            "name": "煌",
            "location": [
                7,
                3
            ],
            "direction": "Left",
            "kills": 9
        },
        {
            "type": "Deploy",
            "name": "备用木材",
            "location": [
                6,
                3
            ],
            "direction": "None"
        },
        {
            "type": "Deploy",
            "name": "白面鸮",
            "location": [
                9,
                2
            ],
            "direction": "Left"
        },
        {
            "type": "SpeedUp"
        },
        {
            "type": "SkillUsage",
            "name": "桃金娘",
            "skill_usage": 0
        },
        {
            "type": "SkillDaemon"
        }
    ],
    "doc": {
        "title": "空想花庭 - HE-EX-2 - 带领我归家",
        "details": "作业更新日期: 2024-06-25T14:42:37Z\n统计更新日期: 2024-06-30\n好评率：99.67%  浏览量：10636\n来源：萨拉托加  ID：38842\n原作者萧然Q json作者萨拉托加\n作业交流群群号216314927，有问题进群找我，作业站消息没提醒看不到\n【【空想花庭】HE全关卡 摆完挂机 简单好抄】 https://www.bilibili.com/video/BV13P411Q74r/?p=12&share_source=copy_web&vd_source=3fd5040fe25f6a00e19e6072bcccfa4e"
    },
    "groups": [],
    "opers": [
        {
            "name": "桃金娘",
            "skill": 1,
            "skill_usage": 1
        },
        {
            "name": "煌",
            "skill": 2,
            "skill_usage": 0
        },
        {
            "name": "山",
            "skill": 2,
            "skill_usage": 2,
            "skill_times": 1
        },
        {
            "name": "艾雅法拉",
            "skill": 2,
            "skill_usage": 0
        },
        {
            "name": "白面鸮",
            "skill": 2,
            "skill_usage": 1
        }
    ],
    "difficulty": 3
}