{
    "minimum_required": "v4.0.0",
    "stage_name": "act26side_ex08",
    "actions": [
        {
            "type": "SpeedUp"
        },
        {
            "type": "Deploy",
            "name": "桃金娘",
            "location": [
                4,
                7
            ],
            "direction": "Up"
        },
        {
            "type": "Deploy",
            "name": "山",
            "location": [
                2,
                1
            ],
            "direction": "Left"
        },
        {
            "type": "Deploy",
            "name": "塞雷娅",
            "location": [
                9,
                4
            ],
            "direction": "Up"
        },
        {
            "type": "Deploy",
            "name": "煌",
            "location": [
                3,
                1
            ],
            "direction": "Left"
        },
        {
            "type": "Deploy",
            "name": "单奶",
            "location": [
                3,
                4
            ],
            "direction": "Up"
        },
        {
            "type": "Deploy",
            "name": "棘刺",
            "location": [
                4,
                1
            ],
            "direction": "Left"
        },
        {
            "type": "Deploy",
            "name": "砾",
            "location": [
                7,
                4
            ],
            "direction": "Up",
            "kills": 17
        },
        {
            "type": "Deploy",
            "name": "星熊",
            "location": [
                5,
                2
            ],
            "direction": "Left"
        },
        {
            "type": "Retreat",
            "name": "砾",
            "location": [
                7,
                4
            ],
            "kills": 22
        },
        {
            "type": "Deploy",
            "name": "自回干员1",
            "location": [
                10,
                6
            ],
            "direction": "Up"
        },
        {
            "type": "Deploy",
            "name": "砾",
            "location": [
                8,
                5
            ],
            "direction": "Right",
            "kills": 30
        },
        {
            "type": "Retreat",
            "name": "桃金娘",
            "location": [
                4,
                7
            ]
        },
        {
            "type": "Retreat",
            "name": "砾",
            "location": [
                8,
                5
            ],
            "kills": 34
        },
        {
            "type": "Deploy",
            "name": "泥岩",
            "location": [
                9,
                2
            ],
            "direction": "Left"
        },
        {
            "type": "Retreat",
            "name": "泥岩",
            "location": [
                9,
                2
            ],
            "kills": 35
        },
        {
            "type": "Deploy",
            "name": "史尔特尔",
            "location": [
                9,
                2
            ],
            "direction": "Down"
        },
        {
            "type": "Deploy",
            "name": "泥岩",
            "location": [
                10,
                4
            ],
            "direction": "Left"
        },
        {
            "type": "Deploy",
            "name": "史尔特尔",
            "location": [
                8,
                4
            ],
            "direction": "Right"
        },
        {
            "type": "SkillDaemon"
        }
    ],
    "doc": {
        "title": "【小鬼卡比】【普通】空想花庭 - HE-EX-8 - 夕阳西沉",
        "details": "作业更新日期: 2023-06-16T07:48:42Z\n统计更新日期: 2024-06-30\n好评率：82.35%  浏览量：1631\n来源：(UwU)  ID：24037\n【【空想花庭】HE-EX-8突袭等 EX合集【摆完挂机】攻略合集 【明日方舟】】 https://www.bilibili.com/video/BV1nz4y1e7K6\n经过了小改，测试已过"
    },
    "groups": [
        {
            "name": "自回干员1",
            "opers": [
                {
                    "name": "银灰",
                    "skill": 2,
                    "skill_usage": 2
                },
                {
                    "name": "临光",
                    "skill": 1,
                    "skill_usage": 0
                },
                {
                    "name": "古米",
                    "skill": 1,
                    "skill_usage": 0
                }
            ]
        },
        {
            "name": "单奶",
            "opers": [
                {
                    "name": "闪灵",
                    "skill": 2,
                    "skill_usage": 0
                },
                {
                    "name": "华法琳",
                    "skill": 1,
                    "skill_usage": 0
                }
            ]
        }
    ],
    "opers": [
        {
            "name": "桃金娘",
            "skill": 1,
            "skill_usage": 1
        },
        {
            "name": "史尔特尔",
            "skill": 3,
            "skill_usage": 1
        },
        {
            "name": "棘刺",
            "skill": 3,
            "skill_usage": 1
        },
        {
            "name": "煌",
            "skill": 2,
            "skill_usage": 0
        },
        {
            "name": "山",
            "skill": 2,
            "skill_usage": 2
        },
        {
            "name": "星熊",
            "skill": 2,
            "skill_usage": 0
        },
        {
            "name": "泥岩",
            "skill": 2,
            "skill_usage": 0
        },
        {
            "name": "砾",
            "skill": 2,
            "skill_usage": 0
        },
        {
            "name": "塞雷娅",
            "skill": 1,
            "skill_usage": 0
        }
    ],
    "difficulty": 1
}