{
    "minimum_required": "v4.0.0",
    "stage_name": "act26side_ex03",
    "actions": [
        {
            "type": "Deploy",
            "name": "桃金娘",
            "location": [
                8,
                2
            ],
            "direction": "Left"
        },
        {
            "type": "Deploy",
            "name": "山",
            "location": [
                5,
                2
            ],
            "direction": "Left"
        },
        {
            "type": "SpeedUp"
        },
        {
            "type": "Deploy",
            "name": "棘刺",
            "location": [
                4,
                5
            ],
            "direction": "Up",
            "costs": 40
        },
        {
            "type": "Deploy",
            "name": "黍",
            "location": [
                5,
                4
            ],
            "direction": "Left"
        },
        {
            "type": "Deploy",
            "name": "维什戴尔",
            "location": [
                7,
                1
            ],
            "direction": "Left"
        },
        {
            "type": "SkillUsage",
            "name": "桃金娘",
            "skill_usage": 0
        },
        {
            "type": "SkillDaemon",
            "doc": "有帮助的话 点个好评吧~",
            "doc_color": "DarkRed"
        }
    ],
    "doc": {
        "title": "空想花庭 HE-EX-3突袭 可拿蚀刻章 摆完挂机",
        "details": "作业更新日期: 2024-06-26T14:31:53Z\n统计更新日期: 2024-06-28\n好评率：95.18%  浏览量：1399\n来源：空中劈叉小能手  ID：38875\n平均练度 2603 \n测了 过了\n其实不用带益达，全程都是棘刺在C（\n棘刺练度不够的话就带一个速狙帮忙清一下蝙蝠"
    },
    "groups": [],
    "opers": [
        {
            "name": "桃金娘",
            "skill": 1,
            "skill_usage": 1
        },
        {
            "name": "山",
            "skill": 2,
            "skill_usage": 2
        },
        {
            "name": "棘刺",
            "skill": 3,
            "skill_usage": 1
        },
        {
            "name": "维什戴尔",
            "skill": 3,
            "skill_usage": 1
        },
        {
            "name": "黍",
            "skill": 1,
            "skill_usage": 0
        }
    ]
}