{
    "minimum_required": "v4.0.0",
    "stage_name": "act26side_ex05",
    "actions": [
        {
            "type": "SpeedUp"
        },
        {
            "type": "Deploy",
            "name": "桃金娘",
            "location": [
                4,
                6
            ],
            "direction": "Left",
            "rear_delay": 1000
        },
        {
            "type": "Deploy",
            "name": "山",
            "location": [
                5,
                3
            ],
            "direction": "Up",
            "rear_delay": 1000
        },
        {
            "type": "Deploy",
            "name": "棘刺",
            "location": [
                5,
                5
            ],
            "direction": "Right",
            "rear_delay": 1000
        },
        {
            "type": "Deploy",
            "name": "塞雷娅",
            "location": [
                6,
                5
            ],
            "direction": "Right",
            "costs": 25,
            "rear_delay": 1000
        },
        {
            "type": "Deploy",
            "name": "备用木材",
            "location": [
                4,
                3
            ],
            "direction": "None",
            "costs": 25
        },
        {
            "type": "Deploy",
            "name": "备用木材",
            "location": [
                2,
                6
            ],
            "direction": "None"
        },
        {
            "type": "SkillDaemon"
        }
    ],
    "doc": {
        "title": "【小鬼卡比】【普通/突袭】空想花庭 - HE-EX-5 - 向高处行",
        "details": "作业更新日期: 2023-06-17T13:52:01Z\n统计更新日期: 2024-06-28\n好评率：95.71%  浏览量：2030\n来源：(UwU)  ID：24049\n【空想花庭】HE-EX-8突袭等 EX合集【摆完挂机】攻略合集 【明日方舟】】https://www.bilibili.com/video/BV1nz4y1e7K6\n麻烦给卡比老师一个3连吖\n普通测试已过\n突袭测试已过"
    },
    "groups": [],
    "opers": [
        {
            "name": "棘刺",
            "skill": 3,
            "skill_usage": 1
        },
        {
            "name": "山",
            "skill": 2,
            "skill_usage": 2
        },
        {
            "name": "塞雷娅",
            "skill": 1,
            "skill_usage": 0
        },
        {
            "name": "桃金娘",
            "skill": 1,
            "skill_usage": 1
        }
    ],
    "difficulty": 3
}