{
  "minimum_required": "v4.0.0",
  "stage_name": "act26side_06",
  "actions": [
    {
      "type": "Deploy",
      "name": "银灰",
      "location": [
        9,
        2
      ],
      "direction": "Down"
    },
    {
      "type": "Deploy",
      "name": "令",
      "location": [
        3,
        3
      ],
      "direction": "Right"
    },
    {
      "type": "Deploy",
      "name": "“弦惊”",
      "location": [
        5,
        5
      ],
      "direction": "Right"
    },
    {
      "type": "Retreat",
      "name": "银灰",
      "location": [
        9,
        2
      ],
      "kills": 9
    },
    {
      "type": "Deploy",
      "name": "“弦惊”",
      "location": [
        6,
        5
      ],
      "direction": "Up"
    },
    {
      "type": "Skill",
      "name": "令",
      "location": [
        3,
        3
      ]
    },
    {
      "type": "Deploy",
      "name": "“弦惊”",
      "location": [
        9,
        2
      ],
      "direction": "Down"
    },
    {
      "type": "Deploy",
      "name": "银灰",
      "location": [
        4,
        4
      ],
      "direction": "Right"
    },
    {
      "type": "SkillUsage",
      "name": "银灰",
      "skill_usage": 0
    },
    {
      "type": "Skill",
      "name": "银灰",
      "pre_delay": 19000,
      "location": [
        4,
        4
      ]
    },
    {
      "type": "Skill",
      "name": "令",
      "location": [
        3,
        3
      ],
      "kills": 17
    },
    {
      "type": "Retreat",
      "name": "“弦惊”",
      "location": [
        6,
        5
      ]
    },
    {
      "type": "Deploy",
      "name": "“弦惊”",
      "location": [
        6,
        5
      ],
      "direction": "Up"
    },
    {
      "type": "SkillDaemon",
      "doc_color": "DarkRed",
      "doc": "对你有帮助的话，点个赞吧~"
    }
  ],
  "doc": {
    "title": "空想花庭 HE-6 化学老施攻略 蓝土 银灰令双人79s信赖速刷",
    "details": "攻略作者：化学老施 https://www.bilibili.com/video/BV1kc41137Qb 记得去b站给化学老施点赞三连\njson作者：鱼丸 有问题请点踩然后在评论区反馈\n连接模式请使用minitouch或者maatouch，本json不兼容兼容模式:-)\n平均练度 2903 无潜能需求，令二模及以上 \n请将自己需要刷信赖的干员填满剩下的携带位\n速刷作业对电脑有一定需求，看情况使用本json\n测了 过了 轴有一点不对 但是无伤大雅"
  },
  "groups": [],
  "opers": [
    {
      "name": "令",
      "skill": 3,
      "skill_usage": 0
    },
    {
      "name": "银灰",
      "skill": 3,
      "skill_usage": 1
    }
  ]
}