{
  "minimum_required": "v4.0.0",
  "stage_name": "act26side_01",
  "actions": [
    {
      "type": "SpeedUp"
    },
    {
      "type": "Deploy",
      "name": "煌",
      "location": [
        7,
        1
      ],
      "direction": "Left"
    },
    {
      "type": "Deploy",
      "name": "能天使",
      "location": [
        4,
        2
      ],
      "direction": "Left"
    },
    {
      "type": "SkillDaemon",
      "doc": "有帮助的话 点个好评吧~",
      "doc_color": "DarkRed"
    }
  ],
  "doc": {
    "title": "空想花庭 HE-1 萧然Q攻略 摆完挂机",
    "details": "攻略作者：萧然Q https://www.bilibili.com/video/BV13P411Q74r/ 记得去b站给萧然宝贝点赞三连\njson作者：鱼丸 有问题请点踩然后在评论区反馈\n连接模式请使用minitouch或者maatouch，本json不兼容兼容模式:-)\n平均练度 2603 \n已测试\n"
  },
  "groups": [],
  "opers": [
    {
      "name": "煌",
      "skill": 2,
      "skill_usage": 0
    },
    {
      "name": "能天使",
      "skill": 3,
      "skill_usage": 0
    }
  ]
}