{
    "minimum_required": "v4.0.0",
    "stage_name": "mem_jesica_1",
    "actions": [
        {
            "type": "Deploy",
            "name": "杰西卡",
            "location": [
                5,
                2
            ],
            "direction": "Left"
        },
        {
            "type": "Skill",
            "name": "杰西卡",
            "location": [
                5,
                2
            ],
            "costs": 44
        },
        {
            "type": "Deploy",
            "name": "芙兰卡",
            "location": [
                3,
                3
            ],
            "costs": 48,
            "direction": "Left"
        },
        {
            "type": "Skill",
            "name": "芙兰卡",
            "location": [
                3,
                3
            ],
            "costs": 45
        },
        {
            "type": "Deploy",
            "name": "障碍物",
            "location": [
                6,
                3
            ],
            "direction": "None"
        },
        {
            "type": "Skill",
            "name": "杰西卡",
            "location": [
                5,
                2
            ],
            "kills": 13
        },
        {
            "type": "Retreat",
            "location": [
                6,
                3
            ],
            "kills": 17,
            "costs": 95
        },
        {
            "type": "Deploy",
            "name": "梅什科线圈",
            "location": [
                8,
                4
            ],
            "direction": "Up"
        },
        {
            "type": "Deploy",
            "name": "梅什科线圈",
            "location": [
                8,
                2
            ],
            "direction": "Down"
        },
        {
            "type": "Deploy",
            "name": "梅什科线圈",
            "location": [
                7,
                2
            ],
            "direction": "Down"
        },
        {
            "type": "Deploy",
            "name": "梅什科线圈",
            "location": [
                7,
                4
            ],
            "direction": "Up"
        },
        {
            "type": "Deploy",
            "name": "梅什科线圈",
            "location": [
                6,
                2
            ],
            "direction": "Down"
        },
        {
            "type": "Deploy",
            "name": "梅什科线圈",
            "location": [
                6,
                4
            ],
            "direction": "Up"
        }
    ],
    "doc": {
        "title": "狙击 - 杰西卡 - 战战兢兢 悖论模拟",
        "details": "统计日期：2024-05-11\n好评率：100.0%  浏览量：850\n来源：beku  ID：21919\nhttps://www.bilibili.com/video/BV1Co4y1Q7wj?p=21 up主：孑诺sang"
    },
    "groups": [],
    "opers": [
        {
            "name": "杰西卡",
            "skill": 2,
            "skill_usage": 0
        },
        {
            "name": "芙兰卡",
            "skill": 2,
            "skill_usage": 0
        }
    ]
}