{
    "minimum_required": "v4.0.0",
    "stage_name": "mem_shotst_1",
    "actions": [
        {
            "type": "SpeedUp"
        },
        {
            "type": "Deploy",
            "name": "流星",
            "location": [
                6,
                3
            ],
            "direction": "Left"
        },
        {
            "type": "Deploy",
            "name": "杰西卡",
            "location": [
                7,
                2
            ],
            "direction": "Left"
        },
        {
            "type": "Deploy",
            "name": "梅",
            "location": [
                8,
                4
            ],
            "direction": "Left",
            "pre_delay": 0,
            "rear_delay": 0
        },
        {
            "type": "Skill",
            "name": "泡泡",
            "location": [
                6,
                1
            ],
            "kills": 45
        },
        {
            "type": "Skill",
            "name": "蛇屠箱",
            "location": [
                7,
                4
            ],
            "kills": 46
        }
    ],
    "doc": {
        "title": "流星悖论模拟",
        "details": "统计日期：2024-05-11\n好评率：85.71%  浏览量：314\n来源：maoyc  ID：31836\n流星悖论模拟，需要在选技能界面手动选好二技能再开始maa"
    },
    "groups": [],
    "opers": [
        {
            "name": "流星",
            "skill": 2,
            "skill_usage": 1
        }
    ]
}