{
    "stageName": "wk_armor_5",
    "doc": {
        "title": "碳本  SK-5 - 要塞清剿 阿斯卡纶单人",
        "title_color": "Gray",
        "details": "——————————\n作业更新日期: 2025-03-04T09:41:35Z\n统计更新日期: 2025-04-12\n好评率：100.0%  浏览量：68\n来源：不会玩的辅助  ID：48002\n——————————\n\nJSON：不会玩的辅助\n2903 带X模组\n碳本",
        "details_color": "Gray"
    },
    "opers": [
        {
            "name": "阿斯卡纶",
            "skill": 1,
            "skill_usage": 0,
            "requirements": {
                "elite": 0,
                "level": 0,
                "skill_level": 0,
                "module": 0,
                "potentiality": 0
            }
        }
    ],
    "groups": [],
    "minimumRequired": "v4.0.0",
    "difficulty": 0
}