{
    "minimum_required": "v4.0.0",
    "stage_name": "act18d3_06",
    "actions": [
        {
            "type": "Deploy",
            "name": "棘刺",
            "location": [
                4,
                2
            ],
            "direction": "Right"
        },
        {
            "type": "Deploy",
            "name": "【尖兵】",
            "location": [
                6,
                1
            ],
            "direction": "Down"
        },
        {
            "type": "SpeedUp"
        },
        {
            "type": "Deploy",
            "name": "乌尔比安",
            "location": [
                1,
                2
            ],
            "direction": "Up"
        },
        {
            "type": "Deploy",
            "name": "行医",
            "location": [
                3,
                2
            ],
            "direction": "Right"
        },
        {
            "type": "Deploy",
            "name": "空弦",
            "location": [
                3,
                1
            ],
            "direction": "Right"
        },
        {
            "type": "SkillUsage",
            "name": "乌尔比安",
            "skill_usage": 1
        },
        {
            "type": "Deploy",
            "name": "号角",
            "location": [
                5,
                2
            ],
            "direction": "Right"
        },
        {
            "type": "SkillUsage",
            "name": "乌尔比安",
            "skill_usage": 0
        },
        {
            "type": "SkillUsage",
            "name": "乌尔比安",
            "skill_usage": 1,
            "kills": 28
        },
        {
            "type": "SkillDaemon"
        }
    ],
    "doc": {
        "title": "覆潮之下·复刻 - SV-6 - 厌食【乌尔比安模组任务】",
        "details": "作业更新日期: 2024-12-14T20:22:06Z\n统计更新日期: 2025-01-17\n好评率：89.47%  浏览量：477\n来源：KKPLA  ID：44660\n饼干模组任务\nSV-6杀两个蛋\n\n"
    },
    "groups": [
        {
            "name": "行医",
            "opers": [
                {
                    "name": "纯烬艾雅法拉",
                    "skill": 1,
                    "skill_usage": 0
                },
                {
                    "name": "蜜莓",
                    "skill": 1,
                    "skill_usage": 0
                }
            ]
        },
        {
            "name": "【尖兵】",
            "opers": [
                {
                    "name": "嵯峨",
                    "skill": 1,
                    "skill_usage": 1
                },
                {
                    "name": "推进之王",
                    "skill": 2,
                    "skill_usage": 0
                },
                {
                    "name": "德克萨斯",
                    "skill": 1,
                    "skill_usage": 1
                }
            ]
        }
    ],
    "opers": [
        {
            "name": "棘刺",
            "skill": 3,
            "skill_usage": 1
        },
        {
            "name": "号角",
            "skill": 1,
            "skill_usage": 0
        },
        {
            "name": "乌尔比安",
            "skill": 3,
            "skill_usage": 0
        },
        {
            "name": "空弦",
            "skill": 3,
            "skill_usage": 1
        }
    ]
}