{
    "minimum_required": "v4.0.0",
    "stage_name": "act9d0_03",
    "actions": [
        {
            "type": "Deploy",
            "name": "山",
            "location": [
                8,
                2
            ],
            "direction": "Left"
        },
        {
            "type": "SpeedUp"
        },
        {
            "type": "Deploy",
            "name": "古米",
            "location": [
                8,
                5
            ],
            "direction": "Left"
        },
        {
            "type": "Skill",
            "name": "山",
            "location": [
                8,
                2
            ]
        },
        {
            "type": "Deploy",
            "name": "莫斯提马",
            "location": [
                6,
                6
            ],
            "direction": "Up"
        },
        {
            "type": "Deploy",
            "name": "铃兰",
            "location": [
                7,
                6
            ],
            "direction": "Up"
        },
        {
            "type": "Skill",
            "name": "铃兰",
            "location": [
                7,
                6
            ],
            "kills": 28
        },
        {
            "type": "Skill",
            "name": "莫斯提马",
            "location": [
                6,
                6
            ]
        },
        {
            "type": "SkillDaemon"
        }
    ],
    "doc": {
        "title": "【模组任务】DM-3 莫斯提马模组 资深万国信使定制斗篷",
        "details": "作业更新日期: 2024-08-22T07:06:02Z\n统计更新日期: 2024-12-14\n好评率：92.31%  浏览量：300\n来源：SkadeYYDS  ID：40517\n攻略作者：涂绘天菜 https://www.bilibili.com/video/BV1C1421b7KX\njson作者：SkadeYYDS\n如果有问题请在评论区反馈\n莫斯提马第二模组任务 资深万国信使定制斗篷\n3星通关插曲DM-3;必须编入非助战莫斯提马并上场，并使用莫斯提马至少击败3名萨卡兹穿刺手"
    },
    "groups": [],
    "opers": [
        {
            "name": "山",
            "skill": 2,
            "skill_usage": 0
        },
        {
            "name": "古米"
        },
        {
            "name": "莫斯提马",
            "skill": 3,
            "skill_usage": 0
        },
        {
            "name": "铃兰",
            "skill": 3,
            "skill_usage": 0
        }
    ]
}