{
    "minimum_required": "v4.0.0",
    "stage_name": "main_15-14",
    "actions": [
        {
            "type": "SpeedUp"
        },
        {
            "type": "Deploy",
            "name": "维什戴尔",
            "location": [
                1,
                5
            ],
            "direction": "Right"
        },
        {
            "type": "Skill",
            "name": "维什戴尔",
            "location": [
                1,
                5
            ],
            "kills": 10
        },
        {
            "type": "Skill",
            "name": "维什戴尔",
            "location": [
                1,
                5
            ],
            "costs": 80
        },
        {
            "type": "Deploy",
            "name": "逻各斯",
            "location": [
                10,
                6
            ],
            "pre_delay": 4000,
            "direction": "Up"
        },
        {
            "type": "Deploy",
            "name": "山",
            "location": [
                9,
                4
            ],
            "direction": "Left"
        },
        {
            "type": "Deploy",
            "name": "术师",
            "location": [
                1,
                2
            ],
            "direction": "Down"
        },
        {
            "type": "Skill",
            "name": "维什戴尔",
            "location": [
                1,
                5
            ],
            "kills": 25,
            "pre_delay": 7000
        },
        {
            "type": "SpeedUp"
        },
        {
            "type": "Skill",
            "skill_times": 1,
            "name": "维什戴尔",
            "location": [
                1,
                5
            ],
            "kills": 23,
            "skill_usage": 2
        },
        {
            "type": "SpeedUp"
        },
        {
            "type": "Output",
            "doc_color": "SpringGreen",
            "doc": "Ciallo～(∠・ω< )⌒★"
        },
        {
            "type": "SkillDaemon"
        }
    ],
    "doc": {
        "title": "15-15 拒绝哀悼",
        "details": "——————————\n作业更新日期: 2025-04-15T11:13:26Z\n统计更新日期: 2025-06-11\n好评率：98.86%  浏览量：9326\n来源：萨扌立托加  ID：50115\n——————————\n\n沙盘LV1、LV2都选第二个\njson作者：萨扌立托加\n作业交流群群号1009052305，可蹲作业，有问题进群找萨扌立托加，作业站消息一般看不到\n❤️"
    },
    "groups": [
        {
            "name": "术师",
            "opers": [
                {
                    "name": "艾雅法拉",
                    "skill": 2,
                    "skill_usage": 0
                },
                {
                    "name": "娜仁图亚",
                    "skill": 1,
                    "skill_usage": 2,
                    "skill_times": 1
                },
                {
                    "name": "塑心",
                    "skill": 1,
                    "skill_usage": 0
                }
            ]
        }
    ],
    "opers": [
        {
            "name": "维什戴尔",
            "skill": 3,
            "skill_usage": 2,
            "skill_times": 1
        },
        {
            "name": "山",
            "skill": 2,
            "skill_usage": 2,
            "skill_times": 1
        },
        {
            "name": "逻各斯",
            "skill": 1,
            "skill_usage": 0
        }
    ]
}