{
    "minimum_required": "v4.0.0",
    "stage_name": "main_01-10",
    "actions": [
        {
            "type": "SpeedUp"
        },
        {
            "type": "Deploy",
            "name": "芬",
            "location": [
                7,
                5
            ],
            "direction": "Up"
        },
        {
            "type": "Deploy",
            "name": "黑角",
            "location": [
                7,
                3
            ],
            "direction": "Left"
        },
        {
            "type": "Deploy",
            "name": "米格鲁",
            "location": [
                7,
                4
            ],
            "direction": "Up"
        },
        {
            "type": "Deploy",
            "name": "12F",
            "location": [
                6,
                2
            ],
            "direction": "Down"
        },
        {
            "type": "Deploy",
            "name": "夜刀",
            "location": [
                7,
                1
            ],
            "direction": "Left"
        },
        {
            "type": "Deploy",
            "name": "芙蓉",
            "location": [
                8,
                3
            ],
            "direction": "Left"
        },
        {
            "type": "Deploy",
            "name": "安赛尔",
            "location": [
                8,
                2
            ],
            "direction": "Left"
        },
        {
            "type": "Skill",
            "name": "安赛尔",
            "location": [
                8,
                2
            ],
            "kills": 42
        },
        {
            "type": "Skill",
            "name": "米格鲁",
            "location": [
                7,
                4
            ],
            "kills": 42
        },
        {
            "type": "Skill",
            "name": "芙蓉",
            "location": [
                8,
                3
            ],
            "kills": 42
        },
        {
            "type": "SkillDaemon"
        }
    ],
    "doc": {
        "title": "第一章 黑暗时代·下 - 1-10 - 残留",
        "details": "作业更新日期: 2023-10-07T06:56:17Z\n统计更新日期: 2024-11-30\n好评率：86.36%  浏览量：346\n来源：聪明的刀客塔  ID：28693\n全员1级"
    },
    "groups": [],
    "opers": [
        {
            "name": "黑角",
            "skill": 1,
            "skill_usage": 0
        },
        {
            "name": "芙蓉",
            "skill": 1,
            "skill_usage": 0
        },
        {
            "name": "安赛尔",
            "skill": 1,
            "skill_usage": 0
        },
        {
            "name": "夜刀",
            "skill": 1,
            "skill_usage": 0
        },
        {
            "name": "12F",
            "skill": 1,
            "skill_usage": 0
        },
        {
            "name": "芬",
            "skill": 1,
            "skill_usage": 0
        },
        {
            "name": "米格鲁",
            "skill": 1,
            "skill_usage": 0
        }
    ],
    "difficulty": 0
}