{
    "minimum_required": "v4.0.0",
    "stage_name": "mem_slchan_1",
    "actions": [
        {
            "type": "SpeedUp"
        },
        {
            "type": "Deploy",
            "name": "崖心",
            "location": [
                2,
                3
            ],
            "direction": "Right"
        },
        {
            "type": "Skill",
            "name": "崖心",
            "location": [
                2,
                3
            ],
            "costs": 16
        },
        {
            "type": "Deploy",
            "name": "蛇屠箱",
            "location": [
                4,
                4
            ],
            "direction": "Up"
        },
        {
            "type": "Deploy",
            "name": "嘉维尔",
            "location": [
                2,
                4
            ],
            "direction": "Right"
        },
        {
            "type": "Skill",
            "name": "崖心",
            "location": [
                2,
                3
            ],
            "kills": 8
        },
        {
            "type": "Skill",
            "name": "崖心",
            "location": [
                2,
                3
            ],
            "costs": 61
        },
        {
            "type": "Skill",
            "name": "崖心",
            "location": [
                2,
                3
            ],
            "kills": 15,
            "costs": 99,
            "pre_delay": 2000
        },
        {
            "type": "Skill",
            "name": "蛇屠箱",
            "location": [
                4,
                4
            ],
            "pre_delay": 7000
        },
        {
            "type": "Skill",
            "name": "崖心",
            "location": [
                2,
                3
            ],
            "pre_delay": 3000
        },
        {
            "type": "SkillUsage",
            "name": "崖心",
            "skill_usage": 1
        },
        {
            "type": "SkillDaemon"
        }
    ],
    "doc": {
        "title": "特种 - 崖心 - “险路伏击”【崖心悖论模拟】(自用)",
        "details": "统计日期：2024-05-11\n好评率：60.0%  浏览量：382\n来源：citrus  ID：33152\n 崖心 - 216\n【【明日方舟】崖心 悖论模拟/无需专精/看一遍就过/简单操作/风雪过境】 https://www.bilibili.com/video/BV1R3411s7HC/?share_source=copy_web&vd_source=0682017eb4efb9e33286bfa717acd6d3"
    },
    "groups": [],
    "opers": [
        {
            "name": "崖心",
            "skill": 2,
            "skill_usage": 0
        },
        {
            "name": "嘉维尔",
            "skill": 1,
            "skill_usage": 0
        },
        {
            "name": "蛇屠箱",
            "skill": 2,
            "skill_usage": 0
        }
    ]
}