{
    "minimum_required": "v4.0.0",
    "stage_name": "act28side_ex06",
    "actions": [
        {
            "type": "Deploy",
            "name": "令",
            "location": [
                1,
                5
            ],
            "direction": "Right"
        },
        {
            "type": "SpeedUp"
        },
        {
            "type": "Deploy",
            "name": "“弦惊”",
            "location": [
                8,
                6
            ],
            "direction": "Up"
        },
        {
            "type": "Deploy",
            "name": "“弦惊”",
            "location": [
                9,
                6
            ],
            "direction": "Left"
        },
        {
            "type": "Deploy",
            "name": "“弦惊”",
            "location": [
                9,
                6
            ],
            "direction": "Left"
        },
        {
            "type": "Skill",
            "name": "令",
            "location": [
                1,
                5
            ],
            "kills": 11,
            "costs": 28
        },
        {
            "type": "Retreat",
            "name": "“弦惊”",
            "location": [
                8,
                6
            ],
            "kills": 24
        },
        {
            "type": "Deploy",
            "name": "“弦惊”",
            "location": [
                8,
                6
            ],
            "direction": "Up"
        },
        {
            "type": "Deploy",
            "name": "“弦惊”",
            "location": [
                9,
                6
            ],
            "direction": "Left"
        },
        {
            "type": "Deploy",
            "name": "“弦惊”",
            "location": [
                10,
                6
            ],
            "direction": "Left",
            "kills": 32
        },
        {
            "type": "Skill",
            "name": "令",
            "location": [
                1,
                5
            ]
        },
        {
            "type": "Deploy",
            "name": "“弦惊”",
            "location": [
                4,
                5
            ],
            "direction": "Right"
        },
        {
            "type": "Deploy",
            "name": "“弦惊”",
            "location": [
                10,
                6
            ],
            "direction": "Left",
            "kills": 32
        },
        {
            "type": "Deploy",
            "name": "“弦惊”",
            "location": [
                10,
                5
            ],
            "direction": "Down",
            "kills": 55
        },
        {
            "type": "Skill",
            "name": "令",
            "location": [
                1,
                5
            ],
            "kills": 60
        },
        {
            "type": "Deploy",
            "name": "“弦惊”",
            "location": [
                8,
                6
            ],
            "kills": 75,
            "direction": "Right"
        },
        {
            "type": "Deploy",
            "name": "“弦惊”",
            "location": [
                9,
                6
            ],
            "kills": 76,
            "direction": "Right"
        },
        {
            "type": "SkillDaemon"
        }
    ],
    "doc": {
        "title": "CV-EX-6 - 套筒后坐 不义之财 【普通/】令单人",
        "details": "作业更新日期: 2023-09-14T05:30:42Z\n统计更新日期: 2024-09-21\n好评率：84.62%  浏览量：1332\n来源：姑蓥....  ID：27860\n攻略作者 https://www.bilibili.com/video/BV1Su4y167nY/?spm_id_from=333.337.search-card.all.click&vd_source=a2596108ea931a5c93dc1e95cea42db6\njson作者 姑蓥 有问题评论区反馈 不解决maa问题\n记得更新到最新版本maa 突袭等我再修下\n已测试2903令 都单人了要啥自行车"
    },
    "groups": [],
    "opers": [
        {
            "name": "令",
            "skill": 3,
            "skill_usage": 0
        }
    ],
    "difficulty": 1
}