{
    "minimum_required": "v4.0.0",
    "stage_name": "act28side_ex02",
    "actions": [
        {
            "type": "SpeedUp"
        },
        {
            "type": "Deploy",
            "name": "艾雅法拉",
            "location": [
                8,
                3
            ],
            "direction": "Left"
        },
        {
            "type": "Deploy",
            "name": "铃兰",
            "location": [
                8,
                4
            ],
            "direction": "Left"
        },
        {
            "type": "Deploy",
            "name": "澄闪",
            "location": [
                9,
                4
            ],
            "direction": "Left"
        },
        {
            "type": "SkillDaemon",
            "doc_color": "DarkRed",
            "doc": "有帮助的话 给个好评吧~"
        }
    ],
    "doc": {
        "title": "不义之财 CV-EX-2 萧然Q攻略 干员替代",
        "details": "作业更新日期: 2023-09-13T00:32:53Z\n统计更新日期: 2024-09-21\n好评率：94.87%  浏览量：1134\n来源：作业超大杯  ID：27897\n攻略作者：萧然Q https://www.bilibili.com/video/BV1au411P7pL 记得去b站给萧然Q点赞三连\njson原作者：鱼丸 \n已测试\n平均练度2603"
    },
    "groups": [
        {
            "name": "艾雅法拉",
            "opers": [
                {
                    "name": "艾雅法拉",
                    "skill": 2,
                    "skill_usage": 0
                },
                {
                    "name": "异客",
                    "skill": 1,
                    "skill_usage": 0
                }
            ]
        },
        {
            "name": "澄闪",
            "opers": [
                {
                    "name": "澄闪",
                    "skill": 2,
                    "skill_usage": 0
                },
                {
                    "name": "提丰",
                    "skill": 2,
                    "skill_usage": 1
                }
            ]
        }
    ],
    "opers": [
        {
            "name": "铃兰",
            "skill": 2,
            "skill_usage": 0
        }
    ],
    "difficulty": 3
}