{
    "stage_name": "act5bossrush_04",
    "minimum_required": "v4.0.0",
    "doc": {
        "title": "引航者试炼 - TN-4 - 初始试炼",
        "details": "——————————\n作业更新日期: 2025-06-25T02:14:07Z\n统计更新日期: 2025-07-11\n好评率：95.08%  浏览量：28673\n来源：萨拉托加  ID：60722\n——————————\n带3级全面过载\n原作者萧然Q json作者：萨拉托加\n作业交流群群号545928846，可蹲作业，有问题进群找我，作业站消息没提醒看不到\n【【引航者试炼#5】集成特辑全关卡 摆完挂机 简单好抄】 https://www.bilibili.com/video/BV1MTKVzmEi4/?share_source=copy_web&vd_source=3fd5040fe25f6a00e19e6072bcccfa4e"
    },
    "opers": [
        {
            "name": "维什戴尔",
            "skill": 3,
            "skill_usage": 0
        },
        {
            "name": "纯烬艾雅法拉",
            "skill": 1,
            "skill_usage": 0
        },
        {
            "name": "黍",
            "skill": 1,
            "skill_usage": 0
        },
        {
            "name": "蕾缪安",
            "skill": 2,
            "skill_usage": 0
        },
        {
            "name": "能天使",
            "skill": 3,
            "skill_usage": 0
        },
        {
            "name": "安德切尔",
            "skill": 1,
            "skill_usage": 0
        }
    ],
    "groups": [],
    "actions": [
        {
            "name": "蕾缪安",
            "location": [
                7,
                3
            ],
            "direction": "Down",
            "type": "Deploy"
        },
        {
            "name": "安德切尔",
            "location": [
                5,
                1
            ],
            "direction": "Left",
            "type": "Deploy"
        },
        {
            "name": "能天使",
            "location": [
                3,
                5
            ],
            "direction": "Right",
            "type": "Deploy"
        },
        {
            "type": "SpeedUp"
        },
        {
            "distance": [
                2.5,
                0
            ],
            "type": "MoveCamera",
            "kills": 4,
            "pre_delay": 15000
        },
        {
            "name": "纯烬艾雅法拉",
            "location": [
                10,
                2
            ],
            "direction": "Down",
            "type": "Deploy"
        },
        {
            "name": "维什戴尔",
            "location": [
                10,
                3
            ],
            "direction": "Down",
            "type": "Deploy"
        },
        {
            "name": "黍",
            "location": [
                11,
                4
            ],
            "direction": "Up",
            "type": "Deploy"
        },
        {
            "type": "SpeedUp"
        },
        {
            "distance": [
                5.5,
                0
            ],
            "type": "MoveCamera",
            "kills": 13,
            "pre_delay": 13000
        },
        {
            "type": "SpeedUp"
        },
        {
            "type": "SkillDaemon"
        }
    ]
}