{
    "minimum_required": "v4.0.0",
    "stage_name": "act5bossrush_ex03",
    "actions": [
        {
            "type": "SpeedUp"
        },
        {
            "type": "Deploy",
            "name": "余",
            "direction": "Left",
            "location": [
                6,
                1
            ],
            "costs": 32
        },
        {
            "type": "Deploy",
            "name": "烛煌",
            "direction": "Left",
            "location": [
                7,
                2
            ]
        },
        {
            "type": "Deploy",
            "name": "宴",
            "location": [
                6,
                4
            ],
            "direction": "Left"
        },
        {
            "type": "Deploy",
            "name": "玫兰莎",
            "location": [
                6,
                6
            ],
            "direction": "Left"
        },
        {
            "type": "Deploy",
            "name": "波卜",
            "location": [
                7,
                4
            ],
            "direction": "Down"
        },
        {
            "type": "MoveCamera",
            "distance": [
                4.5,
                0
            ],
            "kills": 0,
            "cooling": 3
        },
        {
            "type": "SpeedUp",
            "kills": 0,
            "pre_delay": 500
        },
        {
            "type": "SkillDaemon"
        }
    ],
    "doc": {
        "title": "TN-3 - 幕间重影 定向试炼刷分作业",
        "details": "——————————\n作业更新日期: 2025-06-27T12:20:03Z\n统计更新日期: 2025-07-11\n好评率：82.26%  浏览量：5487\n来源：@祁若泫  ID：60813\n——————————\n原作业：@低配挂机研讨会【【明日方舟】如果你不想打引航者试炼但想拿满奖励】 https://www.bilibili.com/video/BV1iYKLzqEu4/?share_source=copy_web&vd_source=15b71a7ee376c0fe6de6cd0105f59bab\n\n提前编辑好队伍，并携带至少2级全面过载模块。\n不要使用自动编队，请在TN-3定向试炼简介页或编队页开始。\n\nTIPS：\n因为如果三个预设干员均携带默认技能，会触发系统提示可以修改技能，MAA不会处理这个对话框，所以请将波卜的技能更换为一技能。\n\n由于大锁出怪随机，所以有概率失败，可设置循环次数，会自动进行下一次作战。\n\nMAA无法设置到达第二阶段即退出，只能因蓝门生命值归零完成作战，所以不必询问为什么不完成第一阶段就退出。\n如果出现第二阶段maa把二倍速点暂停的情况，可尝试将模拟器分辨率改成1600*900。"
    },
    "groups": [],
    "opers": [
        {
            "name": "余",
            "skill": 3,
            "skill_usage": 0
        },
        {
            "name": "烛煌",
            "skill": 3,
            "skill_usage": 0
        },
        {
            "name": "波卜",
            "skill": 1,
            "skill_usage": 0
        },
        {
            "name": "宴",
            "skill": 2,
            "skill_usage": 0
        },
        {
            "name": "玫兰莎",
            "skill_usage": 0,
            "skill": 1
        }
    ]
}