{
    "stage_name": "act5bossrush_03",
    "minimum_required": "v4.0.0",
    "doc": {
        "title": "引航者试炼TN-3 - 幕间重影，初始试炼，自动挂机刷等级",
        "details": "——————————\n作业更新日期: 2025-06-30T04:37:23Z\n统计更新日期: 2025-07-11\n好评率：83.33%  浏览量：1438\n来源：打我拉不出粑  ID：61466\n——————————\n在低配挂机研讨会的挂机作业基础上进行改动，去掉 斑点，加入黍、ew和歌蒂，应该不会有概率失败了吧(○´･д･)ﾉ\n原作业地址：maa://61066\n记得带2级以上全面过载，仅打第一阶段，第二阶段挂机等结束"
    },
    "opers": [
        {
            "name": "乌尔比安",
            "skill": 3,
            "skill_usage": 0
        },
        {
            "name": "黍",
            "skill": 3,
            "skill_usage": 0
        },
        {
            "name": "维什戴尔",
            "skill": 3,
            "skill_usage": 0
        },
        {
            "name": "歌蕾蒂娅",
            "skill": 3,
            "requirements": {
                "skill_level": 10
            }
        }
    ],
    "groups": [],
    "actions": [
        {
            "type": "SpeedUp"
        },
        {
            "name": "乌尔比安",
            "location": [
                4,
                1
            ],
            "direction": "Down",
            "type": "Deploy"
        },
        {
            "name": "黍",
            "location": [
                6,
                6
            ],
            "direction": "Left",
            "type": "Deploy"
        },
        {
            "name": "歌蕾蒂娅",
            "location": [
                5,
                1
            ],
            "direction": "Down",
            "type": "Deploy"
        },
        {
            "name": "维什戴尔",
            "location": [
                6,
                5
            ],
            "direction": "Left",
            "type": "Deploy"
        },
        {
            "type": "MoveCamera",
            "distance": [
                4.5,
                0
            ],
            "cooling": 4,
            "rear_delay": 0,
            "post_delay": 500
        },
        {
            "type": "SpeedUp",
            "pre_delay": 500
        },
        {
            "type": "SkillDaemon"
        }
    ],
    "version": 3,
    "difficulty": 0
}