{
    "minimum_required": "v4.0.0",
    "stage_name": "act29side_tr02",
    "actions": [
        {
            "type": "Deploy",
            "name": "湮灭之相",
            "location": [
                5,
                1
            ],
            "direction": "None",
            "costs": 53
        },
        {
            "type": "Skill",
            "location": [
                4,
                3
            ],
            "costs": 54
        },
        {
            "type": "SpeedUp"
        },
        {
            "type": "SkillDaemon"
        }
    ],
    "doc": {
        "title": "崔林特尔梅之金 - ZT-TR-2 - 创作手法",
        "details": "作业更新日期: 2024-11-25T12:15:36Z\n统计更新日期: 2024-11-30\n好评率：98.24%  浏览量：9472\n来源：萨拉托加  ID：29632\nZT-TR-2\n已测试\n【【崔林特尔梅之金】ZT全关卡 摆完挂机 简单好抄（持续更新中）】 https://www.bilibili.com/video/BV1xa4y1D7BE/?p=10&share_source=copy_web&vd_source=3fd5040fe25f6a00e19e6072bcccfa4e\nUP萧然Q"
    },
    "groups": [],
    "opers": []
}