{
    "minimum_required": "v4.0.0",
    "stage_name": "act29side_10",
    "actions": [
        {
            "type": "Deploy",
            "name": "能天使",
            "location": [
                2,
                2
            ],
            "direction": "Down"
        },
        {
            "type": "SpeedUp"
        },
        {
            "type": "Deploy",
            "name": "浊心斯卡蒂",
            "location": [
                2,
                4
            ],
            "direction": "Left"
        },
        {
            "type": "Deploy",
            "name": "煌",
            "location": [
                2,
                3
            ],
            "direction": "Right"
        },
        {
            "type": "Deploy",
            "name": "华法琳",
            "location": [
                3,
                2
            ],
            "direction": "Up"
        },
        {
            "type": "Deploy",
            "name": "可开技能的档人地面",
            "location": [
                1,
                3
            ],
            "direction": "Down"
        },
        {
            "type": "Deploy",
            "name": "流明",
            "location": [
                4,
                4
            ],
            "direction": "Left"
        },
        {
            "type": "Deploy",
            "name": "夜莺",
            "location": [
                1,
                4
            ],
            "direction": "Right"
        },
        {
            "type": "SpeedUp",
            "kills": 13
        },
        {
            "type": "Skill",
            "name": "华法琳",
            "pre_delay": 7000
        },
        {
            "type": "Skill",
            "name": "可开技能的档人地面"
        },
        {
            "type": "SpeedUp"
        },
        {
            "type": "Deploy",
            "name": "湮灭之相",
            "location": [
                3,
                3
            ],
            "pre_delay": 18000,
            "direction": "None"
        },
        {
            "type": "Deploy",
            "name": "湮灭之相",
            "location": [
                3,
                3
            ],
            "direction": "None"
        },
        {
            "type": "Deploy",
            "name": "湮灭之相",
            "location": [
                3,
                3
            ],
            "direction": "None"
        },
        {
            "type": "Deploy",
            "name": "湮灭之相",
            "location": [
                3,
                3
            ],
            "direction": "None"
        },
        {
            "type": "SkillDaemon"
        }
    ],
    "doc": {
        "title": "崔林特尔梅之金 - ZT-10 - 弥撒“君王”，自用修改",
        "details": "作业更新日期: 2024-11-25T10:15:07Z\n统计更新日期: 2024-11-30\n好评率：95.57%  浏览量：3092\n来源：上原蓝丶  ID：43930\n华法琳技能轴如果练度过高可能会开早\n【【崔林特尔梅之金】ZT全关卡 摆完挂机 简单好抄（持续更新中）】 https://www.bilibili.com/video/BV1xa4y1D7BE/?p=14&share_source=copy_web&vd_source=3fd5040fe25f6a00e19e6072bcccfa4e UP萧然Q"
    },
    "groups": [
        {
            "name": "可开技能的档人地面",
            "opers": [
                {
                    "name": "极境",
                    "skill": 2,
                    "skill_usage": 0
                },
                {
                    "name": "伊内丝",
                    "skill": 2,
                    "skill_usage": 0
                },
                {
                    "name": "史尔特尔",
                    "skill": 3,
                    "skill_usage": 0
                }
            ]
        }
    ],
    "opers": [
        {
            "name": "能天使",
            "skill": 3,
            "skill_usage": 0
        },
        {
            "name": "煌",
            "skill": 2,
            "skill_usage": 0
        },
        {
            "name": "华法琳",
            "skill": 2,
            "skill_usage": 0
        },
        {
            "name": "浊心斯卡蒂",
            "skill": 2,
            "skill_usage": 0
        },
        {
            "name": "夜莺",
            "skill": 2,
            "skill_usage": 0
        },
        {
            "name": "流明",
            "skill": 3,
            "skill_usage": 1
        }
    ]
}