{
    "minimum_required": "v4.0.0",
    "stage_name": "act29side_10",
    "actions": [
        {
            "type": "Deploy",
            "costs": 15,
            "name": "能天使",
            "location": [
                2,
                2
            ],
            "direction": "Down"
        },
        {
            "type": "Deploy",
            "name": "浊心斯卡蒂",
            "location": [
                2,
                4
            ],
            "direction": "Right"
        },
        {
            "type": "Deploy",
            "name": "煌",
            "location": [
                1,
                3
            ],
            "direction": "Right"
        },
        {
            "type": "SpeedUp"
        },
        {
            "type": "Deploy",
            "name": "伊芙利特",
            "location": [
                1,
                4
            ],
            "direction": "Down"
        },
        {
            "type": "Deploy",
            "name": "单奶",
            "location": [
                4,
                4
            ],
            "direction": "Left",
            "costs": 47
        },
        {
            "type": "Deploy",
            "name": "夜莺",
            "location": [
                3,
                2
            ],
            "direction": "Left"
        },
        {
            "type": "Deploy",
            "name": "湮灭之相",
            "location": [
                3,
                3
            ],
            "direction": "None",
            "kills": 17
        },
        {
            "type": "Deploy",
            "name": "湮灭之相",
            "location": [
                3,
                3
            ],
            "direction": "None",
            "kills": 17
        },
        {
            "type": "Deploy",
            "name": "湮灭之相",
            "location": [
                3,
                3
            ],
            "direction": "None",
            "kills": 17
        },
        {
            "type": "Deploy",
            "name": "湮灭之相",
            "location": [
                3,
                3
            ],
            "direction": "None",
            "kills": 17
        },
        {
            "type": "Deploy",
            "name": "湮灭之相",
            "location": [
                3,
                3
            ],
            "direction": "None",
            "kills": 17
        },
        {
            "type": "Deploy",
            "name": "湮灭之相",
            "location": [
                3,
                3
            ],
            "direction": "None",
            "kills": 17
        },
        {
            "type": "Deploy",
            "name": "湮灭之相",
            "location": [
                3,
                3
            ],
            "direction": "None",
            "kills": 17
        },
        {
            "type": "Deploy",
            "name": "湮灭之相",
            "location": [
                3,
                3
            ],
            "direction": "None",
            "kills": 17
        },
        {
            "type": "Deploy",
            "name": "湮灭之相",
            "location": [
                3,
                3
            ],
            "direction": "None",
            "kills": 17
        },
        {
            "type": "SkillDaemon"
        }
    ],
    "doc": {
        "title": "崔林特尔梅之金 ZT-10 - 弥撒“君王”",
        "details": "作业更新日期: 2024-11-25T13:27:44Z\n统计更新日期: 2024-11-30\n好评率：86.89%  浏览量：28488\n来源：没有提丰攻略组  ID：29687\n【明日方舟】ZT-10摆完挂机（感谢庆典/崔林特尔梅之金）https://www.bilibili.com/video/BV1hw411M7q9\nup 侬无言以对\n2603模组1级"
    },
    "groups": [
        {
            "name": "单奶",
            "opers": [
                {
                    "name": "闪灵",
                    "skill": 2,
                    "skill_usage": 0
                },
                {
                    "name": "纯烬艾雅法拉",
                    "skill": 1,
                    "skill_usage": 0
                }
            ]
        }
    ],
    "opers": [
        {
            "name": "能天使",
            "skill": 3,
            "skill_usage": 0
        },
        {
            "name": "浊心斯卡蒂",
            "skill": 2,
            "skill_usage": 0
        },
        {
            "name": "煌",
            "skill": 2,
            "skill_usage": 0
        },
        {
            "name": "夜莺",
            "skill": 2,
            "skill_usage": 0
        },
        {
            "name": "伊芙利特",
            "skill": 2,
            "skill_usage": 0
        }
    ]
}