{
    "minimum_required": "v4.0.0",
    "stage_name": "act29side_ex08",
    "actions": [
        {
            "type": "Deploy",
            "name": "桃金娘",
            "location": [
                10,
                2
            ],
            "direction": "Left"
        },
        {
            "type": "Deploy",
            "name": "重岳",
            "location": [
                10,
                4
            ],
            "direction": "Left"
        },
        {
            "type": "Deploy",
            "name": "能天使",
            "location": [
                10,
                5
            ],
            "direction": "Left"
        },
        {
            "type": "Deploy",
            "name": "湮灭之相",
            "location": [
                9,
                4
            ],
            "direction": "None",
            "pre_delay": 4000
        },
        {
            "type": "Deploy",
            "name": "号角",
            "location": [
                10,
                3
            ],
            "direction": "Left"
        },
        {
            "type": "Deploy",
            "name": "夜莺",
            "location": [
                9,
                3
            ],
            "direction": "Down"
        },
        {
            "type": "Deploy",
            "name": "纯烬艾雅法拉",
            "location": [
                9,
                5
            ],
            "direction": "Up"
        },
        {
            "type": "Deploy",
            "name": "白面鸮",
            "location": [
                9,
                1
            ],
            "direction": "Down"
        },
        {
            "type": "Deploy",
            "name": "湮灭之相",
            "location": [
                9,
                4
            ],
            "direction": "None"
        },
        {
            "type": "Deploy",
            "name": "泥岩",
            "location": [
                8,
                2
            ],
            "direction": "Down"
        },
        {
            "type": "Deploy",
            "name": "湮灭之相",
            "location": [
                9,
                4
            ],
            "direction": "None"
        },
        {
            "type": "SpeedUp"
        },
        {
            "type": "SkillUsage",
            "name": "桃金娘",
            "skill_usage": 0
        },
        {
            "type": "Deploy",
            "name": "湮灭之相",
            "location": [
                9,
                4
            ],
            "direction": "None",
            "pre_delay": 10000
        },
        {
            "type": "Deploy",
            "name": "幻影",
            "location": [
                7,
                3
            ],
            "direction": "None"
        },
        {
            "type": "SkillUsage",
            "name": "重岳",
            "skill_usage": 0
        },
        {
            "type": "Deploy",
            "name": "湮灭之相",
            "location": [
                9,
                4
            ],
            "direction": "None"
        },
        {
            "type": "Deploy",
            "name": "幻影",
            "location": [
                6,
                3
            ],
            "direction": "None"
        },
        {
            "type": "Deploy",
            "name": "湮灭之相",
            "location": [
                9,
                4
            ],
            "direction": "None"
        },
        {
            "type": "Deploy",
            "name": "湮灭之相",
            "location": [
                9,
                4
            ],
            "direction": "None"
        },
        {
            "type": "Deploy",
            "name": "湮灭之相",
            "location": [
                9,
                4
            ],
            "direction": "None"
        },
        {
            "type": "Deploy",
            "name": "湮灭之相",
            "location": [
                9,
                4
            ],
            "direction": "None"
        },
        {
            "type": "Deploy",
            "name": "湮灭之相",
            "location": [
                9,
                4
            ],
            "direction": "None"
        },
        {
            "type": "Deploy",
            "name": "湮灭之相",
            "location": [
                9,
                4
            ],
            "direction": "None"
        },
        {
            "type": "Skill",
            "name": "桃金娘",
            "location": [
                10,
                2
            ]
        },
        {
            "type": "SkillDaemon"
        }
    ],
    "doc": {
        "title": " ZT-EX-8 - 永恒主题【普通突袭兼容】（不稳定）",
        "details": "作业更新日期: 2023-11-09T13:45:05Z\n统计更新日期: 2024-11-30\n好评率：92.5%  浏览量：2153\n来源：小卡拉帕鲁灰  ID：29974\nmaa自动编队大哥会带成2技能，注意调一下，\n作业：https://www.bilibili.com/video/BV1jN411g7r2/?vd_source=10857a8c905c104ca2eab27415c72ffc#reply493180806\n为了保证boss顺利击杀，前面用1倍速\n练度：测试用精二90级专3过的，\n测试通过，每个人潜能不同，我真的尽力了，这个机制真的好克制挂机\n有概率翻车：如果泥岩、白面、纯艾3个中暴毙2个，boss还有转移技能，就放快速复活骗技能，\n建议多带2个快活骗技能"
    },
    "groups": [],
    "opers": [
        {
            "name": "号角",
            "skill": 1,
            "skill_usage": 0
        },
        {
            "name": "桃金娘",
            "skill": 1,
            "skill_usage": 1
        },
        {
            "name": "重岳",
            "skill": 3,
            "skill_usage": 1
        },
        {
            "name": "能天使",
            "skill": 3,
            "skill_usage": 0
        },
        {
            "name": "夜莺",
            "skill": 2,
            "skill_usage": 0
        },
        {
            "name": "泥岩",
            "skill": 2,
            "skill_usage": 0
        },
        {
            "name": "德克萨斯",
            "skill": 1,
            "skill_usage": 0
        },
        {
            "name": "纯烬艾雅法拉",
            "skill": 1,
            "skill_usage": 0
        },
        {
            "name": "白面鸮",
            "skill": 2,
            "skill_usage": 1
        }
    ],
    "difficulty": 3
}