{
    "minimum_required": "v4.0.0",
    "stage_name": "act29side_s03",
    "actions": [
        {
            "type": "Deploy",
            "name": "浊心斯卡蒂",
            "location": [
                3,
                4
            ],
            "direction": "Right"
        },
        {
            "type": "SpeedUp"
        },
        {
            "type": "Deploy",
            "name": "夜莺",
            "location": [
                4,
                3
            ],
            "direction": "Down"
        },
        {
            "type": "Deploy",
            "name": "能天使",
            "location": [
                2,
                5
            ],
            "direction": "Right"
        },
        {
            "type": "Deploy",
            "name": "煌",
            "location": [
                4,
                5
            ],
            "direction": "Up"
        },
        {
            "type": "Deploy",
            "name": "玛恩纳",
            "location": [
                5,
                3
            ],
            "direction": "Left"
        },
        {
            "type": "Skill",
            "name": "玛恩纳",
            "location": [
                5,
                3
            ],
            "kills": 10
        },
        {
            "type": "Skill",
            "location": [
                5,
                6
            ],
            "kills": 16
        },
        {
            "type": "SpeedUp"
        },
        {
            "type": "Deploy",
            "name": "闪灵",
            "location": [
                5,
                2
            ],
            "direction": "Down"
        },
        {
            "type": "Deploy",
            "name": "塞雷娅",
            "location": [
                3,
                2
            ],
            "direction": "Up"
        },
        {
            "type": "Deploy",
            "name": "泥岩",
            "location": [
                5,
                4
            ],
            "direction": "Left"
        },
        {
            "type": "Skill",
            "name": "玛恩纳",
            "location": [
                5,
                3
            ]
        },
        {
            "type": "SkillUsage",
            "name": "玛恩纳",
            "skill_usage": 1
        },
        {
            "type": "Deploy",
            "name": "湮灭之相",
            "location": [
                4,
                4
            ],
            "direction": "None",
            "kills": 18
        },
        {
            "type": "Skill",
            "location": [
                5,
                6
            ],
            "name": "装置",
            "pre_delay": 2000
        },
        {
            "type": "SpeedUp"
        },
        {
            "type": "Skill",
            "location": [
                5,
                6
            ],
            "name": "装置",
            "pre_delay": 5000
        },
        {
            "type": "Deploy",
            "name": "湮灭之相",
            "location": [
                4,
                4
            ],
            "direction": "None"
        },
        {
            "type": "Deploy",
            "name": "湮灭之相",
            "location": [
                4,
                4
            ],
            "direction": "None"
        },
        {
            "type": "Deploy",
            "name": "Castle-3",
            "location": [
                3,
                5
            ],
            "direction": "Down"
        },
        {
            "type": "Deploy",
            "name": "幻影",
            "location": [
                6,
                4
            ],
            "direction": "None"
        },
        {
            "type": "Deploy",
            "name": "湮灭之相",
            "location": [
                4,
                4
            ],
            "direction": "None"
        },
        {
            "type": "Deploy",
            "name": "湮灭之相",
            "location": [
                4,
                4
            ],
            "direction": "None"
        },
        {
            "type": "Deploy",
            "name": "幻影",
            "location": [
                6,
                4
            ],
            "direction": "None"
        },
        {
            "type": "Deploy",
            "name": "湮灭之相",
            "location": [
                4,
                4
            ],
            "direction": "None"
        },
        {
            "type": "Deploy",
            "name": "湮灭之相",
            "location": [
                4,
                4
            ],
            "direction": "None"
        },
        {
            "type": "Deploy",
            "name": "湮灭之相",
            "location": [
                4,
                4
            ],
            "direction": "None"
        },
        {
            "type": "Deploy",
            "name": "湮灭之相",
            "location": [
                4,
                4
            ],
            "direction": "None"
        },
        {
            "type": "SkillDaemon"
        }
    ],
    "doc": {
        "title": "崔林特尔梅之金 - ZT-S-3 - 拜谒途【不一定稳定】",
        "details": "作业更新日期: 2023-11-15T15:58:03Z\n统计更新日期: 2024-11-30\n好评率：92.63%  浏览量：42426\n来源：小卡拉帕鲁灰  ID：30178\n普通突袭兼容，德狗是补潜能的（如果你浊蒂和夜莺都是满潜，请不要带这个德狗）\n平均练度：精二90级专3一级模组\n参考：BV1UH4y1i79z\n有小概率翻车：如果泥岩、塞妈、闪灵3个中暴毙2个，boss还有转移技能，就放快速复活骗技能，\n别让煌被转移，就能过了，建议盯着打，多带2个快活骗boss转移技能！"
    },
    "groups": [],
    "opers": [
        {
            "name": "能天使",
            "skill": 3,
            "skill_usage": 0
        },
        {
            "name": "浊心斯卡蒂",
            "skill": 2,
            "skill_usage": 0
        },
        {
            "name": "煌",
            "skill": 2,
            "skill_usage": 0
        },
        {
            "name": "玛恩纳",
            "skill": 3,
            "skill_usage": 0
        },
        {
            "name": "夜莺",
            "skill": 2,
            "skill_usage": 0
        },
        {
            "name": "闪灵",
            "skill": 2,
            "skill_usage": 0
        },
        {
            "name": "泥岩",
            "skill": 2,
            "skill_usage": 0
        },
        {
            "name": "塞雷娅",
            "skill": 1,
            "skill_usage": 0
        },
        {
            "name": "Castle-3",
            "skill": 1,
            "skill_usage": 0
        },
        {
            "name": "德克萨斯",
            "skill": 1,
            "skill_usage": 0
        }
    ],
    "difficulty": 3
}