{
    "minimum_required": "v4.0.0",
    "stage_name": "mem_nothin_1",
    "actions": [
        {
            "type": "SpeedUp"
        },
        {
            "type": "Deploy",
            "name": "乌有",
            "location": [
                7,
                4
            ],
            "direction": "Up"
        },
        {
            "type": "Skill",
            "location": [
                8,
                3
            ],
            "pre_delay": 2
        },
        {
            "type": "Retreat",
            "location": [
                7,
                4
            ],
            "kills": 1
        },
        {
            "type": "Deploy",
            "name": "乌有",
            "location": [
                2,
                6
            ],
            "direction": "Left"
        },
        {
            "type": "Retreat",
            "name": "乌有",
            "location": [
                2,
                6
            ],
            "kills": 2
        },
        {
            "type": "Deploy",
            "name": "乌有",
            "location": [
                7,
                4
            ],
            "direction": "Up"
        },
        {
            "type": "SkillDaemon"
        }
    ],
    "doc": {
        "title": "特种 - 乌有 - 处世之道",
        "details": "——————————\n作业更新日期: 2023-03-19T03:51:23Z\n统计更新日期: 2025-09-17\n相对评分：79.41%  相对热度：84.21%\n来源：liiyi  ID：21663\n——————————\n参考：bilibili.com/video/BV1aS4y1r7EF\n精二一级，七技能\n根据视频来看。需要凹二技能的概率\n能打的过。但要看二技能开什么状态。不行的话刷多次（概率，概率，概率）"
    },
    "groups": [],
    "opers": [
        {
            "name": "乌有",
            "skill": 2,
            "skill_usage": 1
        }
    ]
}