{
    "minimum_required": "v4.0.0",
    "stage_name": "mem_ascln_1",
    "actions": [
        {
            "type": "Deploy",
            "name": "红豆",
            "location": [
                5,
                4
            ],
            "direction": "Left",
            "costs": 9
        },
        {
            "type": "SpeedUp"
        },
        {
            "type": "Deploy",
            "name": "阿斯卡纶",
            "location": [
                4,
                2
            ],
            "direction": "Down"
        },
        {
            "type": "BulletTime",
            "name": "红豆",
            "location": [
                5,
                4
            ],
            "costs": 16
        },
        {
            "type": "Skill",
            "costs": 17,
            "name": "红豆",
            "location": [
                5,
                4
            ],
            "doc": "test1"
        },
        {
            "type": "BulletTime",
            "costs": 50,
            "name": "阿斯卡纶",
            "location": [
                4,
                2
            ]
        },
        {
            "type": "Skill",
            "doc": "",
            "name": "阿斯卡纶",
            "location": [
                4,
                2
            ],
            "costs": 51
        },
        {
            "type": "BulletTime",
            "name": "红豆",
            "location": [
                5,
                4
            ],
            "costs": 87
        },
        {
            "type": "Skill",
            "name": "红豆",
            "location": [
                5,
                4
            ],
            "costs": 88
        },
        {
            "type": "SkillDaemon",
            "doc": "大家喜欢的话请点赞~谢谢~ \n(₌♥ᆽ♥₌)"
        }
    ],
    "doc": {
        "title": "悖论模拟 | 特种 - 阿斯卡纶 - 独刃 Ascalon Paradox Simulation",
        "details": "——————————\n作业更新日期: 2025-09-15T21:46:59Z\n统计更新日期: 2025-09-20\n相对评分：96.81%  相对热度：57.04%\n来源：不会打不过吧  ID：68397\n——————————\n练度：精二1级无专精\n参考教程：https://www.bilibili.com/video/BV16J4m1E7zh?vd_source=994b6d9e5fe4f4b6042bef18afc7fc61\n主包自测过60无专精无模组~有问题请反馈，谢谢！"
    },
    "groups": [],
    "opers": [
        {
            "name": "阿斯卡纶",
            "skill": 3,
            "skill_usage": 0
        },
        {
            "name": "红豆",
            "skill": 1,
            "skill_usage": 0
        }
    ]
}