{
    "actions": [
        {
            "type": "二倍速"
        },
        {
            "type": "部署",
            "name": "棘刺",
            "location": [
                7,
                2
            ],
            "direction": "左"
        },
        {
            "type": "部署",
            "name": "克洛丝",
            "location": [
                8,
                1
            ],
            "direction": "下"
        },
        {
            "type": "二倍速",
            "kills": 35
        }
    ],
    "stage_name": "雨中漫步",
    "doc": {
        "details": "作者：YueShen"
    },
    "opers": [
        {
            "name": "棘刺",
            "skill": 3,
            "skill_usage": 1
        },
        {
            "name": "克洛丝",
            "skill": 1
        }
    ]
}