{
  "minimum_required": "v4.0.0",
  "actions": [
    {
      "type": "SpeedUp"
    },
    {
      "type": "Deploy",
      "name": "煌",
      "location": [
        8,
        4
      ],
      "direction": "Right"
    },
    {
      "type": "Deploy",
      "name": "清流",
      "location": [
        6,
        5
      ],
      "direction": "Right"
    },
    {
      "type": "Deploy",
      "name": "塞雷娅",
      "location": [
        9,
        6
      ],
      "direction": "Right"
    },
    {
      "type": "Output",
      "doc_color": "#6f42c1",
      "doc": "给个好评吧，亲~"
    }
  ],
  "doc": {
    "title": "清流模组摆完挂机-“江河之韵”",
    "details": "侬无言以对模组任务摆完挂机合集:BV1wU4y177Qu\n3星通关主题曲3-7；且仅可编入非助战清流1名医疗干员并上场\n筱竹聽雨"
  },
  "groups": [],
  "opers": [
    {
      "name": "煌",
      "skill": 2,
      "skill_usage": 0
    },
    {
      "name": "塞雷娅",
      "skill": 1,
      "skill_usage": 0
    },
    {
      "name": "清流",
      "skill": 1,
      "skill_usage": 0
    }
  ],
  "stage_name": "obt/main/level_main_03-07"
}