{
    "minimum_required": "v4.0.0",
    "stage_name": "mem_cgbird_1",
    "actions": [
        {
            "type": "Deploy",
            "name": "蓝毒",
            "location": [
                6,
                5
            ],
            "direction": "Left"
        },
        {
            "type": "Deploy",
            "name": "灰喉",
            "location": [
                4,
                3
            ],
            "direction": "Left"
        },
        {
            "type": "SpeedUp"
        },
        {
            "type": "Deploy",
            "name": "夜莺",
            "location": [
                6,
                3
            ],
            "direction": "Left"
        },
        {
            "type": "Deploy",
            "name": "石棉",
            "location": [
                6,
                2
            ],
            "direction": "Left"
        },
        {
            "type": "Deploy",
            "name": "幻影",
            "location": [
                4,
                4
            ],
            "direction": "None",
            "kills": 5
        },
        {
            "type": "Skill",
            "name": "夜莺",
            "location": [
                6,
                3
            ]
        },
        {
            "type": "Deploy",
            "name": "幻影",
            "location": [
                4,
                2
            ],
            "direction": "None"
        },
        {
            "type": "Skill",
            "name": "蓝毒",
            "location": [
                6,
                5
            ]
        },
        {
            "type": "Skill",
            "name": "白金",
            "location": [
                6,
                1
            ]
        },
        {
            "type": "Skill",
            "name": "灰喉",
            "location": [
                4,
                3
            ],
            "kills": 19
        },
        {
            "type": "Skill",
            "name": "蓝毒",
            "location": [
                6,
                5
            ],
            "kills": 27
        },
        {
            "type": "Skill",
            "name": "白金",
            "location": [
                6,
                1
            ],
            "kills": 27
        },
        {
            "type": "Skill",
            "name": "灰喉",
            "location": [
                4,
                3
            ],
            "kills": 37
        },
        {
            "type": "Skill",
            "name": "灰喉",
            "location": [
                4,
                3
            ],
            "kills": 52
        },
        {
            "type": "Skill",
            "name": "夜莺",
            "location": [
                6,
                3
            ],
            "kills": 52
        },
        {
            "type": "Skill",
            "name": "白金",
            "location": [
                6,
                1
            ],
            "kills": 57
        },
        {
            "type": "Skill",
            "name": "蓝毒",
            "location": [
                6,
                5
            ],
            "kills": 57
        }
    ],
    "doc": {
        "title": "夜莺悖论模拟",
        "details": "作业更新日期: 2024-05-24T03:01:43Z\n统计更新日期: 2024-10-27\n好评率：82.35%  浏览量：860\n来源：2569324050  ID：37962\n夜莺悖论模拟选择三技能在红色开始模拟界面开始maa"
    },
    "groups": [],
    "opers": [
        {
            "name": "夜莺",
            "skill": 3,
            "skill_usage": 0
        },
        {
            "name": "蓝毒",
            "skill": 1,
            "skill_usage": 0
        },
        {
            "name": "灰喉",
            "skill": 1,
            "skill_usage": 0
        },
        {
            "name": "石棉",
            "skill": 1,
            "skill_usage": 0
        },
        {
            "name": "白金",
            "skill": 1,
            "skill_usage": 0
        },
        {
            "name": "坚雷",
            "skill": 1,
            "skill_usage": 0
        },
        {
            "name": "幻影",
            "skill": 1,
            "skill_usage": 0
        }
    ]
}