{
    "minimum_required": "v4.0.0",
    "stage_name": "mem_mlyss_1",
    "actions": [
        {
            "type": "Deploy",
            "name": "缪尔赛思",
            "location": [
                2,
                4
            ],
            "direction": "Right"
        },
        {
            "type": "SpeedUp"
        },
        {
            "type": "Deploy",
            "name": "流形",
            "location": [
                4,
                3
            ],
            "direction": "Left"
        },
        {
            "type": "Skill",
            "name": "流形",
            "location": [
                4,
                3
            ],
            "pre_delay": 2500
        },
        {
            "type": "Deploy",
            "name": "塞雷娅",
            "location": [
                4,
                3
            ],
            "direction": "Right"
        },
        {
            "type": "Deploy",
            "name": "伊芙利特",
            "location": [
                5,
                6
            ],
            "direction": "Up"
        },
        {
            "type": "Skill",
            "kills": 14,
            "pre_delay": 2000,
            "name": "伊芙利特",
            "location": [
                5,
                6
            ]
        },
        {
            "type": "Deploy",
            "name": "塞雷娅",
            "location": [
                4,
                5
            ],
            "direction": "Right"
        },
        {
            "type": "SkillUsage",
            "name": "缪尔赛思",
            "skill_usage": 0
        },
        {
            "type": "Skill",
            "name": "流形",
            "location": [
                4,
                3
            ],
            "costs": 20
        },
        {
            "type": "Deploy",
            "name": "多萝西",
            "location": [
                4,
                3
            ],
            "direction": "Right"
        },
        {
            "type": "Skill",
            "name": "缪尔赛思",
            "location": [
                2,
                4
            ],
            "kills": 35
        },
        {
            "type": "Skill",
            "name": "伊芙利特",
            "location": [
                5,
                6
            ],
            "kills": 40
        },
        {
            "type": "SkillDaemon"
        }
    ],
    "doc": {
        "title": "缪尔赛思 “亲身经历” 悖论模拟",
        "details": "作业更新日期: 2024-01-09T00:44:17Z\n统计更新日期: 2025-02-16\n好评率：90.98%  浏览量：21218\n来源：PercyDan  ID：24465\n第一次发作业，有问题轻喷。\n参考BV1La4y1F7Nx\n"
    },
    "groups": [],
    "opers": [
        {
            "name": "缪尔赛思",
            "skill": 3,
            "skill_usage": 1
        }
    ]
}