{
  "minimum_required": "v4.0.0",
  "actions": [
    {
      "type": "SpeedUp"
    },
    {
      "type": "Deploy",
      "name": "塞雷娅",
      "location": [
        8,
        2
      ],
      "direction": "Left"
    },
    {
      "type": "Deploy",
      "name": "迷迭香",
      "location": [
        8,
        3
      ],
      "direction": "Left"
    },
    {
      "type": "Deploy",
      "name": "能天使",
      "location": [
        8,
        4
      ],
      "direction": "Left"
    },
    {
      "type": "Output",
      "doc_color": "#6f42c1",
      "doc": "给个好评吧，亲~"
    }
  ],
  "doc": {
    "title": "迷迭香模组摆完挂机-“记事”",
    "details": "侬无言以对模组任务摆完挂机合集:BV1wU4y177Qu\n3星通关主题曲4-1；必须编入非助战迷迭香并上场，且使用迷迭香歼灭至少10个敌人\n能天使建议高于80级，或右下角补个干员\n筱竹聽雨"
  },
  "groups": [],
  "opers": [
    {
      "name": "塞雷娅",
      "skill": 1,
      "skill_usage": 0
    },
    {
      "name": "能天使",
      "skill": 1,
      "skill_usage": 0
    },
    {
      "name": "迷迭香",
      "skill": 1,
      "skill_usage": 0
    }
  ],
  "stage_name": "main_04-01"
}