{
    "minimum_required": "v4.0.0",
    "stage_name": "mem_ctrail_1",
    "actions": [
        {
            "type": "Deploy",
            "name": "云迹",
            "direction": "Left",
            "location": [
                8,
                2
            ]
        },
        {
            "type": "Skill",
            "cost_changes": 18,
            "name": "云迹",
            "direction": "Left",
            "location": [
                8,
                2
            ]
        },
        {
            "type": "SkillUsage",
            "skill_times": 2,
            "name": "云迹",
            "skill_usage": 2
        },
        {
            "type": "SpeedUp"
        },
        {
            "type": "SpeedUp",
            "kills": 16
        },
        {
            "type": "Skill",
            "pre_delay": 35000,
            "name": "云迹",
            "location": [
                8,
                2
            ]
        },
        {
            "type": "SpeedUp"
        }
    ],
    "doc": {
        "title": "云迹--悖论模拟",
        "details": "——————————\n作业更新日期: 2025-08-15T13:58:27Z\n统计更新日期: 2025-09-03\n相对评分：83.72%  相对热度：91.43%\n来源：童话重度依赖  ID：65283\n——————————\n低概率翻车\n3级2技能--精2--1级 自测可过\n【赠送干员满潜能】【满信赖】【无模组】\n有问题请反馈 BID：童话重度依赖症"
    },
    "groups": [],
    "opers": [
        {
            "name": "云迹",
            "skill": 2,
            "skill_usage": 0
        }
    ]
}