{
    "actions": [
        {
            "doc_color": "#008000",
            "type": "打印",
            "doc": "代理有问题请群里@碎蜂"
        },
        {
            "type": "二倍速"
        },
        {
            "type": "部署",
            "name": "温蒂",
            "location": [
                2,
                1
            ],
            "direction": "下"
        },
        {
            "type": "部署",
            "cost_changes": 10,
            "name": "工程蓄水炮",
            "location": [
                2,
                2
            ],
            "direction": "下"
        },
        {
            "type": "技能",
            "kills": 5,
            "name": "温蒂"
        },
        {
            "type": "部署",
            "name": "罗德岛临时雇员",
            "location": [
                2,
                3
            ],
            "direction": "左"
        },
        {
            "type": "部署",
            "pre_delay": 4000,
            "name": "安洁莉娜",
            "location": [
                1,
                3
            ],
            "direction": "右"
        },
        {
            "type": "技能",
            "name": "温蒂",
            "pre_delay": 7000
        },
        {
            "type": "部署",
            "name": "工程蓄水炮",
            "kills": 18,
            "location": [
                2,
                2
            ],
            "direction": "下"
        },
        {
            "type": "技能",
            "kills": 22,
            "name": "安洁莉娜"
        },
        {
            "type": "技能",
            "name": "温蒂"
        }
    ],
    "stage_name": "mem_weedy_1",
    "doc": {
        "title": "温蒂悖论模拟",
        "details": "——————————\n作业更新日期: 2023-04-19T07:07:55Z\n统计更新日期: 2025-09-03\n相对评分：77.22%  相对热度：66.86999999999999%\n来源：作业代传——有问题联系原作者  ID：22766\n——————————\nup：琥珀えっ\n代理有问题请群里@碎蜂"
    },
    "groups": [],
    "opers": [
        {
            "name": "温蒂",
            "skill": 3
        }
    ],
    "minimum_required": "v4.0.0"
}