{
    "minimum_required": "v4.0.0",
    "stage_name": "mem_rope_1",
    "actions": [
        {
            "type": "SpeedUp",
            "kills": 0
        },
        {
            "type": "Deploy",
            "name": "暗索",
            "location": [
                2,
                4
            ],
            "direction": "Right"
        },
        {
            "type": "Deploy",
            "name": "便携式补给站",
            "location": [
                2,
                5
            ],
            "direction": "Up"
        },
        {
            "type": "Skill",
            "name": "暗索",
            "location": [
                2,
                4
            ]
        },
        {
            "type": "Deploy",
            "name": "便携式补给站",
            "location": [
                2,
                3
            ],
            "direction": "Down"
        },
        {
            "type": "Deploy",
            "name": "芙兰卡",
            "location": [
                1,
                4
            ],
            "direction": "Down"
        },
        {
            "type": "Deploy",
            "name": "缠丸",
            "location": [
                1,
                3
            ],
            "direction": "Up"
        },
        {
            "type": "Deploy",
            "name": "白面鸮",
            "location": [
                2,
                2
            ],
            "direction": "Down"
        },
        {
            "type": "Skill",
            "name": "白面鸮",
            "location": [
                2,
                2
            ],
            "kills": 9,
            "cost_changes": 0
        },
        {
            "type": "Skill",
            "costs": 0,
            "name": "芙兰卡",
            "location": [
                1,
                4
            ]
        },
        {
            "type": "Skill",
            "name": "缠丸",
            "location": [
                1,
                3
            ],
            "costs": 83
        },
        {
            "type": "Skill",
            "costs": 99,
            "name": "芙兰卡",
            "location": [
                1,
                4
            ]
        },
        {
            "type": "SkillDaemon"
        }
    ],
    "doc": {
        "title": "特种 - 暗索 - 哎呀，人呢？",
        "details": "统计日期：2024-05-02\n好评率：75.0%  浏览量：341\n思路参考：猫物语  https://www.bilibili.com/video/BV1nB4y1w71h/ \n整体略有调整\n暗索    精二1级  2技能7级  未专精\n"
    },
    "groups": [],
    "opers": [
        {
            "name": "暗索",
            "skill": 2,
            "skill_usage": 1
        },
        {
            "name": "芙兰卡",
            "skill": 1,
            "skill_usage": 0
        },
        {
            "name": "缠丸",
            "skill": 1,
            "skill_usage": 0
        },
        {
            "name": "白面鸮",
            "skill": 1,
            "skill_usage": 0
        },
        {
            "name": "便携式补给站",
            "skill": 1,
            "skill_usage": 0
        }
    ]
}