{
    "minimum_required": "v4.0.0",
    "stage_name": "mem_snsant_1",
    "actions": [
        {
            "type": "Deploy",
            "name": "雪雉",
            "location": [
                2,
                3
            ],
            "direction": "Right"
        },
        {
            "type": "SpeedUp"
        },
        {
            "type": "Deploy",
            "name": "卡缇",
            "location": [
                5,
                2
            ],
            "direction": "Down"
        },
        {
            "type": "Skill",
            "name": "雪雉",
            "kills": 3
        },
        {
            "type": "Skill",
            "name": "雪雉",
            "kills": 15
        },
        {
            "type": "Skill",
            "name": "雪雉",
            "pre_delay": 23000
        },
        {
            "type": "Skill",
            "name": "卡缇",
            "kills": 29
        },
        {
            "type": "Skill",
            "name": "雪雉",
            "kills": 31,
            "pre_delay": 1000
        }
    ],
    "doc": {
        "title": "特种 - 雪雉 - 高效除虫",
        "details": "统计日期：2024-05-31\n好评率：93.33%  浏览量：336\n来源：|若笙|  ID：31203\nhttps://www.bilibili.com/video/BV1UY4y1y74C/?spm_id_from=333.337.search-card.all.click&vd_source=4a382ff16251035d698b8dcf90db613d\n作业练度2011\n测试练度2407\n均通过"
    },
    "groups": [],
    "opers": [
        {
            "name": "雪雉",
            "skill": 2,
            "skill_usage": 0
        }
    ]
}