{
    "stage_name": "act19mini_01",
    "minimum_required": "v4.0.0",
    "doc": {
        "title": "FM-1 - 求同则塞",
        "details": "——————————\n作业更新日期: 2025-07-08T12:32:49Z\n统计更新日期: 2025-07-11\n好评率：100.0%  浏览量：1597\n来源：法芙娜尔  ID：62667\n——————————\n作者:  spider丿小蜘蛛\n【明日方舟】镜中集FM-1至8（含突袭）全关卡攻略，维什戴尔单核，简单好抄！（含FM-S-1至2）持续更新中......】https://www.bilibili.com/video/BV1QcGnzxEDc?vd_source=7462d0ecccafba67f3b1ef8f40189ef9   "
    },
    "opers": [
        {
            "name": "维什戴尔",
            "skill": 3,
            "requirements": {
                "skill_level": 10,
                "module": 1
            }
        }
    ],
    "groups": [],
    "actions": [
        {
            "type": "SpeedUp"
        },
        {
            "name": "维什戴尔",
            "location": [
                1,
                4
            ],
            "direction": "Right",
            "type": "Deploy"
        },
        {
            "type": "Skill",
            "name": "维什戴尔",
            "location": [
                1,
                4
            ],
            "kills": 7,
            "post_delay": 5
        },
        {
            "type": "Skill",
            "name": "维什戴尔"
        },
        {
            "name": "维什戴尔",
            "skill_usage": 1,
            "type": "SkillUsage"
        },
        {
            "type": "SkillDaemon"
        }
    ],
    "version": 3,
    "difficulty": 1
}