{
    "stage_name": "act19mini_07",
    "minimum_required": "v4.0.0",
    "doc": {
        "title": "FM-7 - 求退则惘",
        "details": "——————————\n作业更新日期: 2025-07-08T13:38:08Z\n统计更新日期: 2025-07-11\n好评率：99.61%  浏览量：2045\n来源：飘ipao  ID：62680\n——————————\nmaa已测试\n练度请看干员（未测试角色为maa默认练度or个人练度不用管，没说就是三级模组）\n请开启截图增强避免翻车\n塞雷娅，艾雅法拉（很极限过的）\n闪灵可不带，实测logos稳，塞雷娅+小羊概率性翻车，带小羊建议带闪灵"
    },
    "opers": [
        {
            "name": "流明",
            "skill": 3,
            "skill_usage": 2,
            "skill_times": 1
        },
        {
            "name": "棘刺",
            "skill": 3,
            "skill_usage": 2,
            "skill_times": 2,
            "requirements": {
                "skill_level": 10,
                "module": 1
            }
        },
        {
            "name": "闪灵",
            "skill": 2,
            "skill_usage": 0
        }
    ],
    "groups": [
        {
            "name": "奶盾",
            "opers": [
                {
                    "name": "黍",
                    "skill": 1,
                    "skill_usage": 0
                },
                {
                    "name": "塞雷娅",
                    "skill": 1,
                    "skill_usage": 0,
                    "requirements": {
                        "level": 80,
                        "module": 2
                    }
                }
            ]
        },
        {
            "name": "术士",
            "opers": [
                {
                    "name": "艾雅法拉",
                    "skill": 2,
                    "skill_usage": 0,
                    "requirements": {
                        "level": 80,
                        "module": 1
                    }
                },
                {
                    "name": "逻各斯",
                    "skill": 1,
                    "skill_usage": 0,
                    "requirements": {
                        "module": 4
                    }
                }
            ]
        }
    ],
    "actions": [
        {
            "type": "SpeedUp"
        },
        {
            "name": "棘刺",
            "location": [
                7,
                6
            ],
            "direction": "Up",
            "type": "Deploy"
        },
        {
            "name": "流明",
            "location": [
                8,
                5
            ],
            "direction": "Left",
            "type": "Deploy"
        },
        {
            "name": "术士",
            "location": [
                1,
                5
            ],
            "direction": "Right",
            "type": "Deploy"
        },
        {
            "name": "奶盾",
            "location": [
                2,
                6
            ],
            "direction": "Right",
            "type": "Deploy"
        },
        {
            "name": "闪灵",
            "location": [
                2,
                4
            ],
            "direction": "Down",
            "type": "Deploy"
        },
        {
            "type": "SkillDaemon"
        }
    ],
    "version": 3,
    "difficulty": 3
}