{
    "minimum_required": "v4.0.0",
    "stage_name": "act34side_03",
    "actions": [
        {
            "type": "Deploy",
            "name": "煌",
            "location": [
                3,
                2
            ],
            "direction": "Right"
        },
        {
            "type": "SpeedUp"
        },
        {
            "type": "SkillDaemon"
        }
    ],
    "doc": {
        "title": "生路 - BP-3 - 如海雪纷散",
        "details": "——————————\n作业更新日期: 2024-06-05T10:14:47Z\n统计更新日期: 2025-06-21\n好评率：99.93%  浏览量：26787\n来源：萨拉托加  ID：38302\n——————————\n原作者萧然Q json作者萨拉托加\n作业交流群群号216314927，有问题进群，作业站消息没提醒看不到\n【【生路】BP-1至BP-9 摆完挂机 简单好抄】 https://www.bilibili.com/video/BV1ky411h7Uj/?p=3&share_source=copy_web&vd_source=3fd5040fe25f6a00e19e6072bcccfa4e"
    },
    "groups": [],
    "opers": [
        {
            "name": "煌",
            "skill": 2,
            "skill_usage": 0
        }
    ]
}