{
    "minimum_required": "v4.0.0",
    "stage_name": "act34side_05",
    "actions": [
        {
            "type": "Deploy",
            "name": "山",
            "location": [
                9,
                2
            ],
            "direction": "Up"
        },
        {
            "type": "SpeedUp"
        },
        {
            "type": "Deploy",
            "name": "提丰",
            "location": [
                5,
                1
            ],
            "direction": "Left"
        },
        {
            "type": "Skill",
            "kills": 3,
            "name": "提丰"
        },
        {
            "type": "Skill",
            "name": "提丰",
            "kills": 11
        },
        {
            "type": "SkillDaemon"
        }
    ],
    "doc": {
        "title": "生路 - BP-5 - 不治的命运 堵门速刷",
        "details": "——————————\n作业更新日期: 2024-06-05T11:46:59Z\n统计更新日期: 2025-06-21\n好评率：100.0%  浏览量：1666\n来源：萨拉托加  ID：38341\n——————————\njson作者萨拉托加\n作业交流群群号216314927，有问题进群，作业站消息没提醒看不到"
    },
    "groups": [],
    "opers": [
        {
            "name": "提丰",
            "skill": 2,
            "skill_usage": 0
        },
        {
            "name": "山",
            "skill": 2,
            "skill_usage": 2,
            "skill_times": 1
        }
    ]
}