{
    "minimum_required": "v4.0.0",
    "stage_name": "act34side_02",
    "actions": [
        {
            "type": "Deploy",
            "name": "黑角",
            "location": [
                9,
                3
            ],
            "direction": "Left"
        },
        {
            "type": "Deploy",
            "name": "维什戴尔",
            "location": [
                9,
                4
            ],
            "direction": "Left"
        },
        {
            "type": "SpeedUp"
        },
        {
            "type": "SkillDaemon"
        }
    ],
    "doc": {
        "title": "生路 - BP-2 - 评议式迎接 -单核",
        "details": "——————————\n作业更新日期: 2024-06-05T11:21:58Z\n统计更新日期: 2025-06-21\n好评率：100.0%  浏览量：2118\n来源：小卡拉帕鲁灰  ID：38345\n——————————\n维神满配"
    },
    "groups": [],
    "opers": [
        {
            "name": "维什戴尔",
            "skill": 3,
            "skill_usage": 1
        },
        {
            "name": "黑角",
            "skill": 1,
            "skill_usage": 0
        }
    ]
}