{
    "minimum_required": "v4.0.0",
    "stage_name": "act34side_05",
    "actions": [
        {
            "type": "Deploy",
            "name": "伊内丝",
            "location": [
                8,
                5
            ],
            "direction": "Left"
        },
        {
            "type": "Deploy",
            "name": "维什戴尔",
            "location": [
                7,
                4
            ],
            "direction": "Left"
        },
        {
            "type": "SpeedUp"
        },
        {
            "type": "SkillDaemon"
        }
    ],
    "doc": {
        "title": "生路 - BP-5 - 不治的命运",
        "details": "——————————\n作业更新日期: 2024-06-05T08:57:23Z\n统计更新日期: 2025-06-21\n好评率：97.31%  浏览量：2451\n来源：晓丶梦丶仁  ID：38315\n——————————\n生路 - BP-5 - 不治的命运"
    },
    "groups": [],
    "opers": [
        {
            "name": "伊内丝",
            "skill": 2,
            "skill_usage": 1
        },
        {
            "name": "维什戴尔",
            "skill": 3,
            "skill_usage": 1
        }
    ]
}