{
    "minimum_required": "v4.0.0",
    "stage_name": "act34side_ex01",
    "actions": [
        {
            "type": "Deploy",
            "name": "芬",
            "location": [
                5,
                5
            ],
            "direction": "Left"
        },
        {
            "type": "Deploy",
            "name": "维什戴尔",
            "location": [
                3,
                4
            ],
            "direction": "Right"
        },
        {
            "type": "Deploy",
            "name": "斑点",
            "location": [
                6,
                5
            ],
            "direction": "Right"
        },
        {
            "type": "SpeedUp",
            "pre_delay": 2000
        },
        {
            "type": "Deploy",
            "name": "克洛丝",
            "location": [
                7,
                5
            ],
            "direction": "Up"
        },
        {
            "type": "Skill",
            "kills": 8,
            "name": "维什戴尔",
            "location": [
                3,
                4
            ]
        },
        {
            "type": "Skill",
            "name": "维什戴尔",
            "location": [
                3,
                4
            ],
            "kills": 17
        },
        {
            "type": "SkillUsage",
            "name": "斑点",
            "kills": 26,
            "skill_usage": 1
        },
        {
            "type": "SkillDaemon"
        }
    ],
    "doc": {
        "title": "生路 - BP-EX-1 - 纪耻柱-无谓的纷争 - 单核 ",
        "details": "——————————\n作业更新日期: 2024-06-12T13:22:52Z\n统计更新日期: 2025-06-21\n好评率：97.17%  浏览量：2449\n来源：小卡拉帕鲁灰  ID：38546\n——————————\n维神满配\n兼容突袭"
    },
    "groups": [],
    "opers": [
        {
            "name": "维什戴尔",
            "skill": 3,
            "skill_usage": 1
        },
        {
            "name": "芬",
            "skill": 1,
            "skill_usage": 0
        },
        {
            "name": "斑点",
            "skill": 1,
            "skill_usage": 2,
            "skill_times": 1
        },
        {
            "name": "克洛丝",
            "skill": 1,
            "skill_usage": 0
        }
    ],
    "difficulty": 3
}