{
    "minimum_required": "v4.0.0",
    "stage_name": "act34side_ex07",
    "actions": [
        {
            "type": "SpeedUp"
        },
        {
            "type": "Deploy",
            "name": "煌",
            "location": [
                9,
                3
            ],
            "direction": "Left"
        },
        {
            "type": "Deploy",
            "name": "山",
            "location": [
                7,
                3
            ],
            "direction": "Down",
            "cost_changes": 31
        },
        {
            "type": "Deploy",
            "name": "澄闪",
            "location": [
                8,
                3
            ],
            "direction": "Left",
            "kills": 4
        },
        {
            "type": "Deploy",
            "name": "纯烬艾雅法拉",
            "location": [
                8,
                6
            ],
            "direction": "Up"
        },
        {
            "type": "Deploy",
            "name": "塞雷娅",
            "location": [
                8,
                4
            ],
            "direction": "Up"
        }
    ],
    "doc": {
        "title": "BP-EX-7 ",
        "details": "——————————\n作业更新日期: 2024-06-12T11:11:26Z\n统计更新日期: 2025-06-21\n好评率：99.63%  浏览量：4261\n来源：zocink  ID：38545\n——————————\nBP-EX-7 "
    },
    "groups": [],
    "opers": [
        {
            "name": "塞雷娅",
            "skill": 1,
            "skill_usage": 0
        },
        {
            "name": "煌",
            "skill": 2,
            "skill_usage": 0
        },
        {
            "name": "山",
            "skill": 2,
            "skill_usage": 2,
            "skill_times": 1
        },
        {
            "name": "纯烬艾雅法拉",
            "skill": 1,
            "skill_usage": 0
        },
        {
            "name": "澄闪",
            "skill": 2,
            "skill_usage": 0
        }
    ],
    "difficulty": 3
}