{
    "minimum_required": "v4.0.0",
    "stage_name": "act34side_ex08",
    "actions": [
        {
            "type": "SpeedUp"
        },
        {
            "type": "Deploy",
            "name": "煌",
            "location": [
                5,
                7
            ],
            "direction": "Left"
        },
        {
            "type": "Deploy",
            "name": "维什戴尔",
            "location": [
                2,
                7
            ],
            "direction": "Up"
        },
        {
            "type": "Skill",
            "location": [
                2,
                7
            ],
            "cost_changes": 15
        },
        {
            "type": "Deploy",
            "name": "棘刺",
            "location": [
                10,
                5
            ],
            "direction": "Up"
        },
        {
            "type": "Deploy",
            "name": "号角",
            "location": [
                11,
                5
            ],
            "direction": "Up"
        },
        {
            "type": "Deploy",
            "name": "行医",
            "location": [
                7,
                6
            ],
            "direction": "Left"
        },
        {
            "type": "Deploy",
            "name": "艾雅法拉",
            "location": [
                6,
                6
            ],
            "direction": "Left"
        },
        {
            "type": "Skill",
            "location": [
                2,
                7
            ],
            "cost_changes": 15
        },
        {
            "type": "Skill",
            "name": "维什戴尔",
            "location": [
                2,
                7
            ],
            "kills": 38
        }
    ],
    "doc": {
        "title": "生路 - BP-EX-8 - 玛利图斯的斗智场",
        "details": "——————————\n作业更新日期: 2024-06-13T06:02:15Z\n统计更新日期: 2025-06-21\n好评率：98.51%  浏览量：1445\n来源：AnswersKK  ID：38614\n——————————\n原作者: Zocink ->maa://38579\n仅改奶妈"
    },
    "groups": [
        {
            "name": "行医",
            "opers": [
                {
                    "name": "纯烬艾雅法拉",
                    "skill": 1,
                    "skill_usage": 0
                },
                {
                    "name": "流明"
                },
                {
                    "name": "蜜莓"
                }
            ]
        }
    ],
    "opers": [
        {
            "name": "维什戴尔",
            "skill": 3,
            "skill_usage": 0
        },
        {
            "name": "煌",
            "skill": 2,
            "skill_usage": 0
        },
        {
            "name": "棘刺",
            "skill": 3,
            "skill_usage": 1
        },
        {
            "name": "艾雅法拉",
            "skill": 2,
            "skill_usage": 0
        },
        {
            "name": "号角",
            "skill": 1,
            "skill_usage": 0
        }
    ],
    "difficulty": 3
}