{
    "minimum_required": "v4.0.0",
    "stage_name": "act34side_ex01",
    "actions": [
        {
            "type": "Deploy",
            "name": "芬",
            "location": [
                5,
                5
            ],
            "direction": "Left"
        },
        {
            "type": "SpeedUp"
        },
        {
            "type": "Deploy",
            "name": "维什戴尔",
            "direction": "Right",
            "location": [
                3,
                4
            ]
        },
        {
            "type": "Skill",
            "pre_delay": 4800,
            "name": "维什戴尔",
            "location": [
                3,
                4
            ]
        },
        {
            "type": "Skill",
            "pre_delay": 3500,
            "name": "维什戴尔",
            "location": [
                3,
                4
            ]
        },
        {
            "type": "Deploy",
            "direction": "Right",
            "location": [
                6,
                5
            ],
            "name": "古米"
        },
        {
            "type": "Skill",
            "kills": 9,
            "pre_delay": 6000,
            "name": "维什戴尔",
            "location": [
                3,
                4
            ]
        },
        {
            "type": "Skill",
            "kills": 16,
            "name": "维什戴尔",
            "location": [
                3,
                4
            ]
        },
        {
            "type": "Skill",
            "pre_delay": 24800,
            "name": "维什戴尔",
            "location": [
                3,
                4
            ]
        },
        {
            "type": "SkillDaemon"
        }
    ],
    "doc": {
        "title": "生路 - BP-EX-1 - 纪耻柱-无谓的纷争",
        "details": "——————————\n作业更新日期: 2025-06-19T11:50:44Z\n统计更新日期: 2025-06-21\n好评率：100.0%  浏览量：1044\n来源：焕彩gg  ID：60300\n——————————\nB站ID：焕彩GG 主页：https://space.bilibili.com/10123796\n本作业已开启截图增强\n求关注。"
    },
    "groups": [],
    "opers": [
        {
            "name": "芬",
            "skill": 1,
            "skill_usage": 0
        },
        {
            "name": "古米",
            "skill": 1,
            "skill_usage": 0
        },
        {
            "name": "维什戴尔",
            "skill": 3,
            "skill_usage": 0
        }
    ],
    "difficulty": 3
}