{
    "minimum_required": "v4.0.0",
    "stage_name": "mem_lumen_1",
    "actions": [
        {
            "type": "SpeedUp"
        },
        {
            "type": "Deploy",
            "name": "艾丽妮",
            "location": [
                5,
                3
            ],
            "direction": "Left"
        },
        {
            "type": "Deploy",
            "name": "流明",
            "location": [
                7,
                3
            ],
            "direction": "Left",
            "pre_delay": 0
        },
        {
            "type": "Skill",
            "name": "艾丽妮",
            "location": [
                5,
                3
            ],
            "costs": 29
        },
        {
            "type": "Deploy",
            "name": "圣徒之手",
            "location": [
                1,
                3
            ],
            "doc_color": "DarkRed",
            "doc": "MAA居然没有圣徒之手这个选项！！！",
            "direction": "Right",
            "pre_delay": 2000
        },
        {
            "type": "Skill",
            "name": "流明",
            "location": [
                7,
                3
            ],
            "costs": 57
        },
        {
            "type": "Skill",
            "name": "艾丽妮",
            "location": [
                5,
                3
            ],
            "costs": 61
        },
        {
            "type": "Deploy",
            "name": "圣徒之手",
            "location": [
                4,
                3
            ],
            "doc": "",
            "direction": "Left",
            "costs": 78
        },
        {
            "type": "Deploy",
            "name": "圣徒之手",
            "location": [
                1,
                3
            ],
            "doc": "",
            "direction": "Right",
            "costs": 82
        },
        {
            "type": "Skill",
            "name": "艾丽妮",
            "location": [
                5,
                3
            ],
            "pre_delay": 12000
        }
    ],
    "doc": {
        "title": "流明悖论",
        "details": "作业更新日期: 2023-08-18T13:55:58Z\n统计更新日期: 2025-03-01\n好评率：77.1%  浏览量：3562\n来源：政委同志  ID：25141\n三技能，最好专三，没专应该也能过\n我的是2601的流明，我反正过了，没有测试2010的，如果遇到小鸟活不了建议手打\n因为操作有点多，MAA不能100%保证过\n不过有问题也可以在评论区说一下，能解决就会改"
    },
    "groups": [],
    "opers": [
        {
            "name": "流明",
            "skill": 3,
            "skill_usage": 0
        }
    ]
}