{
    "minimum_required": "v4.0.0",
    "stage_name": "mem_ling_1",
    "actions": [
        {
            "type": "Deploy",
            "name": "令",
            "location": [
                8,
                2
            ],
            "direction": "Left"
        },
        {
            "type": "SpeedUp"
        },
        {
            "type": "Deploy",
            "name": "“弦惊”",
            "location": [
                7,
                2
            ],
            "direction": "Left"
        },
        {
            "type": "Deploy",
            "name": "“弦惊”",
            "location": [
                7,
                5
            ],
            "direction": "Up"
        },
        {
            "type": "Deploy",
            "name": "“弦惊”",
            "location": [
                7,
                1
            ],
            "direction": "Down"
        },
        {
            "type": "Skill",
            "name": "令",
            "kills": 10
        },
        {
            "type": "Deploy",
            "name": "“弦惊”",
            "location": [
                7,
                4
            ],
            "direction": "Down"
        },
        {
            "type": "Deploy",
            "name": "“弦惊”",
            "location": [
                9,
                3
            ],
            "direction": "Left"
        },
        {
            "type": "SpeedUp",
            "kills": 20
        },
        {
            "type": "Skill",
            "kills": 21,
            "name": "令"
        },
        {
            "type": "SpeedUp"
        }
    ],
    "doc": {
        "title": "辅助 - 令 - 有无",
        "details": "统计日期：2024-05-31\n好评率：77.52%  浏览量：6435\n来源：yc.exe  ID：21443\n参考视频：BV1aK411q7Ru 作者：倾九_Komy\nyc.exe"
    },
    "groups": [],
    "opers": [
        {
            "name": "令",
            "skill": 3,
            "skill_usage": 0
        }
    ]
}