{
    "minimum_required": "v4.0.0",
    "stage_name": "hard_08-01",
    "actions": [
        {
            "type": "SpeedUp"
        },
        {
            "type": "Deploy",
            "name": "山",
            "location": [
                2,
                4
            ],
            "direction": "Left"
        },
        {
            "type": "Skill",
            "costs": 17,
            "name": "山",
            "location": [
                2,
                4
            ]
        },
        {
            "type": "Deploy",
            "name": "维什戴尔",
            "location": [
                8,
                5
            ],
            "direction": "Up"
        },
        {
            "type": "Skill",
            "costs": 0,
            "name": "维什戴尔",
            "location": [
                8,
                5
            ]
        },
        {
            "type": "Deploy",
            "location": [
                4,
                6
            ],
            "name": "棘刺",
            "direction": "Right"
        },
        {
            "type": "Skill",
            "name": "维什戴尔",
            "location": [
                8,
                5
            ],
            "kills": 34
        }
    ],
    "doc": {
        "title": "第八章 怒号光明 - H8-1 - 狂夜行动-1(测试）",
        "details": "——————————\n作业更新日期: 2025-07-06T10:30:13Z\n统计更新日期: 2025-10-31\n相对评分：100.00%  相对热度：86.59%\n来源：墨年的账户  ID：62411\n——————————\nBV1NMV3ePEqF"
    },
    "groups": [],
    "opers": [
        {
            "name": "山",
            "skill": 2,
            "skill_usage": 0
        },
        {
            "name": "棘刺",
            "skill": 3,
            "skill_usage": 0
        },
        {
            "name": "维什戴尔",
            "skill": 3,
            "skill_usage": 0
        }
    ]
}