{
    "minimum_required": "v4.0.0",
    "stage_name": "mem_iris_1",
    "actions": [
        {
            "type": "Deploy",
            "name": "爱丽丝",
            "location": [
                1,
                3
            ],
            "direction": "Right"
        },
        {
            "type": "SpeedUp"
        },
        {
            "type": "Skill",
            "name": "爱丽丝",
            "kills": 4,
            "pre_delay": 5500
        },
        {
            "type": "Skill",
            "name": "贝娜",
            "location": [
                7,
                4
            ]
        },
        {
            "type": "Skill",
            "name": "爱丽丝",
            "kills": 7,
            "pre_delay": 5000
        }
    ],
    "doc": {
        "title": "术师 - 爱丽丝 - 童话愿望",
        "details": "统计日期：2024-05-31\n好评率：95.0%  浏览量：391\n来源：|若笙|  ID：31212\n练度2011 测试通过"
    },
    "groups": [],
    "opers": [
        {
            "name": "爱丽丝",
            "skill": 2,
            "skill_usage": 0
        }
    ]
}