{
    "minimum_required": "v4.0.0",
    "stage_name": "main_00-10",
    "actions": [
        {
            "type": "Deploy",
            "name": "翎羽",
            "location": [
                5,
                4
            ],
            "direction": "Left"
        },
        {
            "type": "Deploy",
            "name": "芬",
            "location": [
                6,
                5
            ],
            "direction": "Down"
        },
        {
            "type": "Deploy",
            "name": "杰西卡",
            "location": [
                5,
                3
            ],
            "direction": "Left"
        },
        {
            "type": "Deploy",
            "name": "克洛丝",
            "location": [
                5,
                5
            ],
            "direction": "Left"
        },
        {
            "type": "Deploy",
            "name": "杜宾",
            "location": [
                10,
                5
            ],
            "direction": "Left"
        },
        {
            "type": "Deploy",
            "name": "米格鲁",
            "location": [
                9,
                5
            ],
            "direction": "Left"
        },
        {
            "type": "Deploy",
            "name": "阿米娅",
            "location": [
                8,
                3
            ],
            "direction": "Down"
        },
        {
            "type": "Deploy",
            "name": "炎熔",
            "location": [
                9,
                4
            ],
            "direction": "Down"
        }
    ],
    "doc": {
        "title": "序章 黑暗时代·上 - 0-10 - 困境",
        "details": "作业更新日期: 2024-11-03T14:57:28Z\n统计更新日期: 2025-01-26\n好评率：100.0%  浏览量：21\n来源：pallllaabotss  ID：43159\n新手"
    },
    "groups": [],
    "opers": [
        {
            "name": "阿米娅",
            "skill": 1,
            "skill_usage": 0
        },
        {
            "name": "杜宾",
            "skill": 1,
            "skill_usage": 0
        },
        {
            "name": "杰西卡",
            "skill": 1,
            "skill_usage": 0
        },
        {
            "name": "克洛丝",
            "skill": 1,
            "skill_usage": 0
        },
        {
            "name": "米格鲁",
            "skill": 1,
            "skill_usage": 0
        },
        {
            "name": "炎熔",
            "skill": 1,
            "skill_usage": 0
        },
        {
            "name": "翎羽",
            "skill": 1,
            "skill_usage": 0
        },
        {
            "name": "芬",
            "skill": 1,
            "skill_usage": 0
        }
    ]
}