{
    "minimum_required": "v4.0.0",
    "stage_name": "main_00-10",
    "actions": [
        {
            "type": "Deploy",
            "name": "芬",
            "location": [
                8,
                4
            ],
            "direction": "Left"
        },
        {
            "type": "Deploy",
            "name": "米格鲁",
            "location": [
                7,
                4
            ],
            "direction": "Left"
        },
        {
            "type": "Deploy",
            "name": "巡林者",
            "location": [
                9,
                4
            ],
            "direction": "None"
        },
        {
            "type": "Deploy",
            "name": "安赛尔",
            "location": [
                8,
                3
            ],
            "direction": "Left"
        },
        {
            "type": "Deploy",
            "name": "12F",
            "location": [
                5,
                3
            ],
            "direction": "Down"
        },
        {
            "type": "SpeedUp"
        }
    ],
    "doc": {
        "title": "序章 黑暗时代·上 - 0-10 - 困境",
        "details": "作业更新日期: 2025-03-15T11:43:18Z\n统计更新日期: 2025-03-23\n好评率：100.0%  浏览量：11\n来源：一般路过作业人  ID：48648\n原作者为云中初梦，普通与突袭均可，原视频链接为https://www.bilibili.com/video/BV1u5eTejEMN/?spm_id_from=333.337.search-card.all.click&vd_source=27f2336beff210c36947df72b53abb01"
    },
    "groups": [],
    "opers": [
        {
            "name": "芬",
            "skill": 1,
            "skill_usage": 0
        },
        {
            "name": "米格鲁",
            "skill": 1,
            "skill_usage": 0
        },
        {
            "name": "12F",
            "skill": 1,
            "skill_usage": 0
        },
        {
            "name": "巡林者",
            "skill": 1,
            "skill_usage": 0
        },
        {
            "name": "安赛尔",
            "skill": 1,
            "skill_usage": 0
        }
    ]
}