{
    "minimum_required": "v4.0.0",
    "stage_name": "main_00-02",
    "actions": [
        {
            "type": "SpeedUp"
        },
        {
            "type": "Deploy",
            "name": "令",
            "location": [
                3,
                3
            ],
            "direction": "Right"
        },
        {
            "type": "Deploy",
            "name": "“弦惊”",
            "location": [
                3,
                2
            ],
            "direction": "Right"
        }
    ],
    "doc": {
        "title": "序章 黑暗时代·上 - 0-2 - 守卫",
        "details": "统计日期：2024-05-31\n好评率：100.0%  浏览量：86\n来源：肥波那猫  ID：24802\n作业b站樱井井井井井井\n制作者b站肥波那猫"
    },
    "groups": [],
    "opers": [
        {
            "name": "令",
            "skill": 3,
            "skill_usage": 0
        }
    ],
    "difficulty": 2
}