{
    "minimum_required": "v4.0.0",
    "stage_name": "main_00-03",
    "actions": [
        {
            "type": "Deploy",
            "name": "能天使",
            "location": [
                4,
                2
            ],
            "direction": "Left"
        },
        {
            "type": "SpeedUp"
        }
    ],
    "doc": {
        "title": "序章 黑暗时代·上 - 0-3 - 追击",
        "details": "作业更新日期: 2024-05-16T02:26:24Z\n统计更新日期: 2024-10-07\n好评率：100.0%  浏览量：69\n来源：Chiho  ID：37701\n精二603"
    },
    "groups": [],
    "opers": [
        {
            "name": "能天使",
            "skill": 1,
            "skill_usage": 0
        }
    ],
    "difficulty": 3
}