{
    "minimum_required": "v4.0.0",
    "stage_name": "main_00-03",
    "actions": [
        {
            "type": "Deploy",
            "name": "阿米娅",
            "location": [
                6,
                3
            ],
            "direction": "Left"
        },
        {
            "type": "Deploy",
            "name": "黑角",
            "location": [
                6,
                2
            ],
            "direction": "Left"
        },
        {
            "type": "SpeedUp"
        },
        {
            "type": "Deploy",
            "name": "夜刀",
            "location": [
                7,
                2
            ],
            "direction": "Left"
        },
        {
            "type": "Deploy",
            "name": "巡林者",
            "location": [
                7,
                3
            ],
            "direction": "Left"
        },
        {
            "type": "Deploy",
            "name": "安德切尔",
            "location": [
                5,
                1
            ],
            "direction": "Down"
        },
        {
            "type": "Deploy",
            "name": "芙蓉",
            "location": [
                6,
                1
            ],
            "direction": "Down"
        },
        {
            "type": "SkillDaemon"
        }
    ],
    "doc": {
        "title": "序章 黑暗时代·上 - 0-3 - 追击",
        "details": "作业更新日期: 2024-06-09T20:02:35Z\n统计更新日期: 2024-06-15\n好评率：100.0%  浏览量：12\n来源：晓丶梦丶仁  ID：38477\n序章 黑暗时代·上 - 0-3 - 追击"
    },
    "groups": [],
    "opers": [
        {
            "name": "阿米娅",
            "skill": 1,
            "skill_usage": 0
        },
        {
            "name": "黑角",
            "skill": 1,
            "skill_usage": 0
        },
        {
            "name": "巡林者",
            "skill": 1,
            "skill_usage": 0
        },
        {
            "name": "夜刀",
            "skill": 1,
            "skill_usage": 0
        },
        {
            "name": "芙蓉",
            "skill": 1,
            "skill_usage": 0
        },
        {
            "name": "安德切尔",
            "skill": 1,
            "skill_usage": 0
        }
    ]
}