{
    "minimum_required": "v4.0.0",
    "stage_name": "main_00-04",
    "actions": [
        {
            "type": "Deploy",
            "name": "黑角",
            "location": [
                4,
                2
            ],
            "direction": "Left"
        },
        {
            "type": "Deploy",
            "name": "巡林者",
            "location": [
                3,
                1
            ],
            "direction": "Down"
        },
        {
            "type": "SpeedUp"
        }
    ],
    "doc": {
        "title": "序章 黑暗时代·上 - 0-4 - 混战",
        "details": "作业更新日期: 2025-03-15T11:14:23Z\n统计更新日期: 2025-03-23\n好评率：100.0%  浏览量：9\n来源：一般路过作业人  ID：48630\n原作者为云中初梦，普通突袭均可原视频链接为https://www.bilibili.com/video/BV1u5eTejEMN/?spm_id_from=333.337.search-card.all.click&vd_source=27f2336beff210c36947df72b53abb01"
    },
    "groups": [],
    "opers": [
        {
            "name": "黑角",
            "skill": 1,
            "skill_usage": 0
        },
        {
            "name": "巡林者",
            "skill": 1,
            "skill_usage": 0
        }
    ]
}