{
    "minimum_required": "v4.0.0",
    "stage_name": "main_00-06",
    "actions": [
        {
            "type": "Deploy",
            "name": "夜刀",
            "location": [
                8,
                2
            ],
            "direction": "Left"
        },
        {
            "type": "Deploy",
            "name": "黑角",
            "location": [
                8,
                4
            ],
            "direction": "Left"
        },
        {
            "type": "SpeedUp"
        },
        {
            "type": "Deploy",
            "name": "令",
            "location": [
                7,
                5
            ],
            "direction": "Up"
        },
        {
            "type": "Deploy",
            "name": "“弦惊”",
            "location": [
                7,
                2
            ],
            "direction": "Left"
        },
        {
            "type": "Retreat",
            "name": "夜刀",
            "location": [
                8,
                2
            ]
        },
        {
            "type": "Deploy",
            "name": "“弦惊”",
            "location": [
                7,
                4
            ],
            "direction": "Up"
        },
        {
            "type": "Retreat",
            "name": "黑角",
            "location": [
                8,
                4
            ]
        }
    ],
    "doc": {
        "title": "序章 黑暗时代·上 - 0-6 - 强击",
        "details": "统计日期：2024-06-01\n好评率：71.43%  浏览量：81\n来源：肥波那猫  ID：24806\n序章 黑暗时代·上 - 0-6 - 强击"
    },
    "groups": [],
    "opers": [
        {
            "name": "夜刀",
            "skill": 1,
            "skill_usage": 0
        },
        {
            "name": "黑角",
            "skill": 1,
            "skill_usage": 0
        },
        {
            "name": "令",
            "skill": 3,
            "skill_usage": 0
        }
    ],
    "difficulty": 2
}