{
    "minimum_required": "v4.0.0",
    "stage_name": "mem_cello_1",
    "actions": [
        {
            "type": "SpeedUp"
        },
        {
            "type": "Deploy",
            "name": "塑心",
            "location": [
                3,
                3
            ],
            "direction": "Right"
        },
        {
            "type": "Skill",
            "name": "塑心",
            "costs": 36
        },
        {
            "type": "Output",
            "kills": 37,
            "doc_color": "Gray",
            "doc": "准备开始第二次技能"
        },
        {
            "type": "Skill",
            "name": "塑心",
            "pre_delay": 15000
        }
    ],
    "doc": {
        "title": "辅助 - 塑心 - 魔鬼的低语",
        "details": "——————————\n作业更新日期: 2025-01-24T12:20:50Z\n统计更新日期: 2025-09-10\n相对评分：92.93%  相对热度：66.97999999999999%\n来源：fantuan  ID：45822\n——————————\n作者练度2903，此轴大概可能也许不需要专三，请酌情决定需不需要此作业"
    },
    "groups": [],
    "opers": [
        {
            "name": "塑心",
            "skill": 3,
            "skill_usage": 0
        }
    ]
}