{
    "minimum_required": "v4.0.0",
    "stage_name": "mem_kroos_1",
    "actions": [
        {
            "type": "Deploy",
            "name": "克洛丝",
            "location": [
                5,
                4
            ],
            "direction": "Right"
        },
        {
            "type": "SpeedUp"
        },
        {
            "type": "Deploy",
            "name": "讯使",
            "location": [
                5,
                5
            ],
            "direction": "Left"
        },
        {
            "type": "Deploy",
            "name": "米格鲁",
            "location": [
                6,
                5
            ],
            "direction": "Up"
        },
        {
            "type": "Skill",
            "name": "讯使",
            "pre_delay": 2000
        },
        {
            "type": "Deploy",
            "name": "阿米娅",
            "location": [
                4,
                4
            ],
            "direction": "Right"
        },
        {
            "type": "Deploy",
            "name": "远山",
            "location": [
                5,
                3
            ],
            "direction": "Right"
        },
        {
            "type": "Deploy",
            "name": "末药",
            "location": [
                3,
                4
            ],
            "direction": "Right"
        },
        {
            "type": "Skill",
            "kills": 31,
            "location": [
                7,
                3
            ]
        },
        {
            "type": "Skill",
            "name": "阿米娅"
        },
        {
            "type": "Skill",
            "name": "远山"
        }
    ],
    "doc": {
        "title": "克洛丝 悖论模拟 模拟场景1122K",
        "details": "统计日期：2024-05-03\n好评率：94.7%  浏览量：3880\n来源：winwinyang  ID：21249\n干员等级：克洛丝精一55级，一技能7级\n自动战斗作业作者：winwinyang"
    },
    "groups": [],
    "opers": [
        {
            "name": "克洛丝",
            "skill": 1,
            "skill_usage": 0
        }
    ]
}