{
    "minimum_required": "v4.0.0",
    "stage_name": "mem_lunacu_1",
    "actions": [
        {
            "type": "Deploy",
            "name": "子月",
            "location": [
                11,
                3
            ],
            "direction": "Left"
        },
        {
            "type": "SpeedUp"
        },
        {
            "type": "Deploy",
            "name": "芬",
            "location": [
                10,
                1
            ],
            "direction": "Right",
            "costs": 34
        },
        {
            "type": "Deploy",
            "name": "克洛丝",
            "location": [
                8,
                5
            ],
            "direction": "Right"
        },
        {
            "type": "Deploy",
            "name": "米格鲁",
            "location": [
                6,
                4
            ],
            "direction": "Right"
        },
        {
            "type": "Retreat",
            "name": "芬"
        },
        {
            "type": "Deploy",
            "name": "芙蓉",
            "location": [
                5,
                4
            ],
            "kills": 20,
            "direction": "Right"
        },
        {
            "type": "Deploy",
            "name": "炎熔",
            "location": [
                5,
                3
            ],
            "direction": "Right"
        },
        {
            "type": "Deploy",
            "name": "芬",
            "location": [
                9,
                3
            ],
            "direction": "Down",
            "kills": 28
        },
        {
            "type": "Skill",
            "name": "芙蓉",
            "kills": 30
        },
        {
            "type": "Skill",
            "name": "炎熔"
        },
        {
            "type": "Skill",
            "name": "米格鲁"
        }
    ],
    "doc": {
        "title": "悖论模拟 - 狙击 - 子月 - 荒野伏击",
        "details": "统计日期：2024-05-03\n好评率：33.33%  浏览量：132\n来源：一只摆烂的42  ID：36236\n练度2011，二技能\n原视频：https://www.bilibili.com/video/BV1YH4y1T7bZ/\n制作者：一只摆烂的42\n有问题联系QQ2586582719"
    },
    "groups": [],
    "opers": [
        {
            "name": "子月",
            "skill": 2,
            "skill_usage": 1
        }
    ]
}