{
    "minimum_required": "v4.0.0",
    "stage_name": "mem_catap_1",
    "actions": [
        {
            "type": "SpeedUp"
        },
        {
            "type": "Deploy",
            "name": "空爆",
            "location": [
                6,
                3
            ],
            "direction": "Left"
        },
        {
            "type": "Deploy",
            "name": "克洛丝",
            "location": [
                7,
                1
            ],
            "direction": "Left"
        },
        {
            "type": "Deploy",
            "name": "安德切尔",
            "location": [
                7,
                5
            ],
            "direction": "Left"
        },
        {
            "type": "Skill",
            "name": "安德切尔",
            "location": [
                7,
                5
            ],
            "cost_changes": 80
        },
        {
            "type": "Skill",
            "name": "空爆",
            "location": [
                6,
                3
            ],
            "cost_changes": 4
        },
        {
            "type": "Skill",
            "name": "空爆",
            "location": [
                6,
                3
            ],
            "kills": 53,
            "rear_delay": 4000
        }
    ],
    "doc": {
        "title": "空爆 悖论模拟",
        "details": "统计日期：2024-05-03\n好评率：86.67%  浏览量：815\n来源：鱼丸不是鱼van  ID：20107\n攻略作者：倾九_Komy   BV1Fb4y1m7Hy\n自动战斗作者：鱼丸\n空爆技能等级一级好像也能过"
    },
    "groups": [],
    "opers": [],
    "difficulty": 0
}