{
    "minimum_required": "v4.0.0",
    "stage_name": "mem_aroma_1",
    "actions": [
        {
            "type": "Deploy",
            "name": "阿罗玛",
            "location": [
                8,
                3
            ],
            "direction": "Left"
        },
        {
            "type": "SpeedUp"
        },
        {
            "type": "Deploy",
            "name": "奥达",
            "location": [
                7,
                3
            ],
            "kills": 5,
            "direction": "Left"
        },
        {
            "type": "Deploy",
            "name": "Lancet-2",
            "location": [
                9,
                3
            ],
            "direction": "Left"
        },
        {
            "type": "SpeedUp"
        },
        {
            "type": "Skill",
            "name": "阿罗玛",
            "location": [
                8,
                3
            ],
            "kills": 7
        },
        {
            "type": "Skill",
            "name": "奥达",
            "location": [
                7,
                3
            ],
            "kills": 13
        },
        {
            "type": "SpeedUp"
        },
        {
            "type": "Skill",
            "kills": 22,
            "name": "奥达",
            "location": [
                7,
                3
            ]
        },
        {
            "type": "Skill",
            "name": "阿罗玛",
            "location": [
                8,
                3
            ],
            "kills": 22
        }
    ],
    "doc": {
        "title": "【阿罗玛】悖论模拟 - 表面活性",
        "details": "作业更新日期: 2024-07-10T07:33:44Z\n统计更新日期: 2025-03-15\n好评率：37.14%  浏览量：1031\n来源：LobsterJam  ID：39364\n自用\n精二20级 lv7\n\n攻略：倾九_Komy\n视频： https://www.bilibili.com/video/BV1Jm411174c/?share_source=copy_web&vd_source=8128126845899183ac151abb3da174e6"
    },
    "groups": [],
    "opers": [
        {
            "name": "阿罗玛",
            "skill": 2,
            "skill_usage": 0
        }
    ]
}