{
    "minimum_required": "v4.0.0",
    "stage_name": "pro_d_2",
    "actions": [
        {
            "type": "Deploy",
            "name": "歌蕾蒂娅",
            "location": [
                1,
                4
            ],
            "direction": "Right"
        },
        {
            "type": "Deploy",
            "name": "幽灵鲨",
            "location": [
                9,
                6
            ],
            "direction": "Left"
        },
        {
            "type": "Deploy",
            "name": "斯卡蒂",
            "location": [
                3,
                3
            ],
            "direction": "Down"
        }
    ],
    "doc": {
        "title": "身先士卒 - PR-D-2 - 猛攻   深海三人纯数值挂机 （不推荐",
        "details": "作业更新日期: 2023-06-28T18:17:37Z\n统计更新日期: 2024-07-14\n好评率：100.0%  浏览量：129\n来源：智商为九的妖精  ID：24343\n斯卡蒂90级潜能2 三级γ模组    歌蕾蒂娅90级满潜一技能专精3 三级x模组   幽灵鲨90级 满潜 \n自用\n"
    },
    "groups": [],
    "opers": [
        {
            "name": "歌蕾蒂娅",
            "skill": 1,
            "skill_usage": 0
        },
        {
            "name": "斯卡蒂",
            "skill": 1,
            "skill_usage": 0
        },
        {
            "name": "幽灵鲨",
            "skill": 1,
            "skill_usage": 0
        }
    ]
}