{
    "minimum_required": "v4.0.0",
    "stage_name": "mem_vigna_1",
    "actions": [
        {
            "type": "SpeedUp",
            "kills": 0
        },
        {
            "type": "Deploy",
            "name": "红豆",
            "location": [
                4,
                5
            ],
            "direction": "Up"
        },
        {
            "type": "Deploy",
            "name": "芙蓉",
            "location": [
                3,
                3
            ],
            "direction": "Down"
        },
        {
            "type": "Deploy",
            "name": "安赛尔",
            "location": [
                5,
                3
            ],
            "direction": "Down"
        },
        {
            "type": "Deploy",
            "name": "夜刀",
            "location": [
                3,
                5
            ],
            "direction": "Right",
            "kills": 21
        },
        {
            "type": "Deploy",
            "name": "轰隆隆先生",
            "location": [
                4,
                4
            ],
            "direction": "None",
            "kills": 27
        },
        {
            "type": "Skill",
            "name": "红豆",
            "location": [
                4,
                5
            ]
        },
        {
            "type": "Deploy",
            "name": "黑角",
            "location": [
                4,
                3
            ],
            "kills": 34,
            "direction": "Up"
        },
        {
            "type": "Skill",
            "name": "红豆",
            "location": [
                4,
                5
            ],
            "kills": 42
        },
        {
            "type": "Deploy",
            "name": "轰隆隆先生",
            "location": [
                4,
                4
            ],
            "direction": "None",
            "kills": 43
        },
        {
            "type": "Deploy",
            "name": "轰隆隆先生",
            "location": [
                4,
                4
            ],
            "direction": "None",
            "kills": 48
        },
        {
            "type": "Retreat",
            "name": "黑角",
            "location": [
                4,
                3
            ],
            "kills": 49
        },
        {
            "type": "Deploy",
            "name": "轰隆隆先生",
            "location": [
                4,
                4
            ],
            "direction": "None",
            "kills": 51
        },
        {
            "type": "Deploy",
            "name": "轰隆隆先生",
            "location": [
                4,
                3
            ],
            "direction": "None",
            "kills": 52
        }
    ],
    "doc": {
        "title": "先锋 - 红豆 - 热情",
        "details": "作业更新日期: 2023-03-12T14:02:41Z\n统计更新日期: 2024-12-22\n好评率：72.34%  浏览量：1164\n来源：xf22cn@qq.com  ID：21476\n倾九_Komy  https://www.bilibili.com/video/BV12B4y167Xh/\n"
    },
    "groups": [],
    "opers": [
        {
            "name": "红豆",
            "skill": 2,
            "skill_usage": 0
        },
        {
            "name": "夜刀",
            "skill": 1,
            "skill_usage": 0
        },
        {
            "name": "黑角",
            "skill": 1,
            "skill_usage": 0
        },
        {
            "name": "芙蓉",
            "skill": 1,
            "skill_usage": 0
        },
        {
            "name": "安赛尔",
            "skill": 1,
            "skill_usage": 0
        }
    ]
}