{
    "minimum_required": "v4.0.0",
    "stage_name": "mem_bstalk_1",
    "actions": [
        {
            "type": "SpeedUp"
        },
        {
            "type": "Deploy",
            "name": "豆苗",
            "location": [
                5,
                5
            ],
            "direction": "Up"
        },
        {
            "type": "Deploy",
            "name": "磐蟹护卫队",
            "location": [
                4,
                4
            ],
            "direction": "None"
        },
        {
            "type": "Deploy",
            "name": "白面鸮",
            "location": [
                3,
                4
            ],
            "direction": "Right"
        },
        {
            "type": "SkillUsage",
            "name": "豆苗",
            "costs": 20,
            "skill_usage": 0
        },
        {
            "type": "Skill",
            "name": "豆苗",
            "pre_delay": 21000,
            "location": [
                5,
                5
            ]
        },
        {
            "type": "Deploy",
            "name": "轰隆隆先生",
            "location": [
                3,
                5
            ],
            "direction": "None",
            "costs": 25
        },
        {
            "type": "Deploy",
            "name": "轰隆隆先生",
            "location": [
                3,
                5
            ],
            "direction": "None",
            "costs": 27
        },
        {
            "type": "Output",
            "doc_color": "#d63384",
            "doc": "记得反馈，感谢"
        }
    ],
    "doc": {
        "title": "先锋 - 豆苗 - 共生共荣 豆苗悖论模拟 林彦熙",
        "details": "作业更新日期: 2023-07-12T01:57:42Z\n统计更新日期: 2024-11-30\n好评率：97.0%  浏览量：1880\n来源：林彦熙lyx  ID：24570\n原up：@倾九_Komy  BV11G411G77r\n关自动编队\n为适应maa有修改\n带二技能，无练度要求，在技能等级7下写的作业，其他技能等级低或高可能乱轴，但练度够高就能过\n记得反馈，感谢\n作者：林彦熙"
    },
    "groups": [],
    "opers": [
        {
            "name": "豆苗",
            "skill": 2,
            "skill_usage": 1
        },
        {
            "name": "白面鸮",
            "skill": 2,
            "skill_usage": 0
        }
    ]
}