{
    "minimum_required": "v4.0.0",
    "stage_name": "mem_plosis_1",
    "actions": [
        {
            "type": "SpeedUp"
        },
        {
            "type": "Deploy",
            "name": "芳汀",
            "location": [
                6,
                3
            ],
            "direction": "Right"
        },
        {
            "type": "Deploy",
            "name": "蛇屠箱",
            "location": [
                5,
                4
            ],
            "direction": "Down"
        },
        {
            "type": "Deploy",
            "name": "慕斯",
            "location": [
                4,
                3
            ],
            "direction": "Up"
        },
        {
            "type": "Deploy",
            "name": "白面鸮",
            "location": [
                5,
                1
            ],
            "direction": "Down"
        },
        {
            "type": "Skill",
            "kills": 11,
            "name": "蛇屠箱"
        },
        {
            "type": "Skill",
            "name": "白面鸮",
            "kills": 20
        }
    ],
    "doc": {
        "title": "悖论模拟 - 白面鸮 - 量化治疗",
        "details": "——————————\n作业更新日期: 2025-09-07T07:48:00Z\n统计更新日期: 2025-09-10\n相对评分：93.62%  相对热度：53.98%\n来源：村里二傻子  ID：67587\n——————————\n白面鸮 精2 60级 技能7"
    },
    "groups": [],
    "opers": [
        {
            "name": "白面鸮",
            "skill": 2,
            "skill_usage": 0
        },
        {
            "name": "芳汀",
            "skill": 1,
            "skill_usage": 2,
            "skill_times": 2
        },
        {
            "name": "慕斯",
            "skill": 1,
            "skill_usage": 0
        },
        {
            "name": "蛇屠箱",
            "skill": 1,
            "skill_usage": 0
        }
    ]
}