{
    "minimum_required": "v4.0.0",
    "stage_name": "act25side_03",
    "actions": [
        {
            "type": "Deploy",
            "name": "山",
            "location": [
                6,
                5
            ],
            "direction": "Left"
        },
        {
            "type": "Deploy",
            "name": "艾雅法拉",
            "location": [
                3,
                1
            ],
            "direction": "Down"
        },
        {
            "type": "SpeedUp"
        },
        {
            "type": "Deploy",
            "name": "伊芙利特",
            "location": [
                7,
                5
            ],
            "direction": "Left"
        },
        {
            "type": "SkillDaemon"
        }
    ],
    "doc": {
        "title": "孤星 - CW-3 - 台前幕后【伊芙利特模组任务（二模）】",
        "details": "作业更新日期: 2024-06-07T09:46:48Z\n统计更新日期: 2024-10-26\n好评率：83.33%  浏览量：798\n来源：小卡拉帕鲁灰  ID：38298\n战斗中非助战伊芙利特累计使用灼地10次\n3星通关插曲CW-3；必须编入非助战伊芙利特并上场，且使用伊芙利特至少歼灭6个敌人"
    },
    "groups": [],
    "opers": [
        {
            "name": "伊芙利特",
            "skill": 3,
            "skill_usage": 1
        },
        {
            "name": "艾雅法拉",
            "skill": 2,
            "skill_usage": 0
        },
        {
            "name": "山",
            "skill": 2,
            "skill_usage": 2,
            "skill_times": 1
        }
    ]
}