{
    "minimum_required": "v4.0.0",
    "actions": [
        {
            "type": "SpeedUp"
        },
        {
            "type": "Deploy",
            "name": "煌",
            "location": [
                4,
                4
            ],
            "direction": "Left"
        },
        {
            "type": "Deploy",
            "name": "深靛",
            "location": [
                3,
                3
            ],
            "direction": "Up"
        },
        {
            "type": "Deploy",
            "name": "能天使",
            "location": [
                4,
                3
            ],
            "direction": "Right"
        },
        {
            "type": "Deploy",
            "name": "塞雷娅",
            "location": [
                1,
                4
            ],
            "direction": "Right"
        },
        {
            "type": "Output",
            "doc_color": "#6f42c1",
            "doc": "给个好评吧，亲~"
        }
    ],
    "doc": {
        "title": "深靛模组摆完挂机-法杖保养套装",
        "details": "统计日期：2024-05-31\n好评率：20.0%  浏览量：97\n来源：作业代传——有问题联系原作者  ID：20950\n侬无言以对模组任务摆完挂机合集:BV1wU4y177Qu\n3星通关插曲SV-5；必须编入非助战深靛并上场，且使用2次光影迷宫\n筱竹聽雨"
    },
    "groups": [],
    "opers": [
        {
            "name": "煌",
            "skill": 2,
            "skill_usage": 0
        },
        {
            "name": "塞雷娅",
            "skill": 1,
            "skill_usage": 0
        },
        {
            "name": "能天使",
            "skill": 1,
            "skill_usage": 0
        },
        {
            "name": "深靛",
            "skill": 1,
            "skill_usage": 0
        }
    ],
    "stage_name": "act18d3_05"
}