{
    "stageName": "mem_ardign_1",
    "doc": {
        "title": "卡缇-悖论模拟-都放下来！",
        "title_color": "Gray",
        "details": "——————————\n作业更新日期: 2024-10-12T12:31:34Z\n统计更新日期: 2025-04-12\n好评率：63.77%  浏览量：6194\n来源：VisualMod  ID：22880\n——————————\n1-7级技能皆可，已修改并测试。30帧请调成1倍速。\n悖论模拟需要在MAA中关闭“自动编队”，在游戏中选好卡缇一技能显示“开始模拟”，即可启用自动作战。\n作者：VisualMod。",
        "details_color": "Gray"
    },
    "opers": [
        {
            "name": "卡缇",
            "skill": 1,
            "skill_usage": 1,
            "requirements": {
                "elite": 0,
                "level": 0,
                "skill_level": 0,
                "module": 0,
                "potentiality": 0
            }
        }
    ],
    "groups": [],
    "minimumRequired": "v4.0.0",
    "difficulty": 0
}