{
    "stageName": "mem_zumama_1",
    "doc": {
        "title": "悖论模拟 重装 - 森蚺 - 钢铁酋长",
        "title_color": "Gray",
        "details": "——————————\n作业更新日期: 2024-09-16T09:29:51Z\n统计更新日期: 2025-04-12\n好评率：86.03%  浏览量：5149\n来源：PercyDan  ID：41331\n——————————\n三技能专0可过",
        "details_color": "Gray"
    },
    "opers": [
        {
            "name": "森蚺",
            "skill": 3,
            "skill_usage": 0,
            "requirements": {
                "elite": 0,
                "level": 0,
                "skill_level": 0,
                "module": 0,
                "potentiality": 0
            }
        }
    ],
    "groups": [],
    "minimumRequired": "v4.0.0",
    "difficulty": 0
}