{
    "minimum_required": "v4.0.0",
    "stage_name": "act41side_ex06",
    "actions": [
        {
            "type": "Deploy",
            "name": "德克萨斯",
            "location": [
                10,
                3
            ],
            "direction": "Left"
        },
        {
            "type": "Deploy",
            "name": "黍",
            "location": [
                10,
                4
            ],
            "direction": "Left"
        },
        {
            "type": "Deploy",
            "name": "阿斯卡纶",
            "location": [
                2,
                4
            ],
            "direction": "Up"
        },
        {
            "type": "Deploy",
            "name": "煌",
            "location": [
                9,
                3
            ],
            "direction": "Down"
        },
        {
            "type": "Deploy",
            "name": "娜仁图亚",
            "location": [
                1,
                5
            ],
            "direction": "Right"
        },
        {
            "type": "Deploy",
            "name": "逻各斯",
            "location": [
                1,
                6
            ],
            "direction": "Up"
        },
        {
            "type": "Deploy",
            "name": "纯烬艾雅法拉",
            "location": [
                10,
                5
            ],
            "direction": "Up"
        },
        {
            "type": "SpeedUp"
        },
        {
            "type": "Deploy",
            "name": "能天使",
            "location": [
                7,
                6
            ],
            "direction": "Left",
            "kills": 19
        },
        {
            "type": "SkillDaemon"
        }
    ],
    "doc": {
        "title": "EA-EX-6 - 歌唱时 一摆到底版",
        "details": "作业更新日期: 2025-03-15T01:45:34Z\n统计更新日期: 2025-03-16\n好评率：99.83%  浏览量：3349\n来源：萨拉托加  ID：48558\n作业集maa://27698\n一摆到底，旨在不限制干员，尽量用更少的干员，更少的步数，全程不换技能，一套阵容通关当期活动，干员均专三60级带一级模组\n原作者：萧然Q json作者：萨拉托加\n作业交流群群号1009052305，可蹲作业，有问题进群找我，作业站消息没提醒看不到\n【【挽歌燃烧殆尽】EA-EX-1至EA-EX-8突袭合集版 一摆到底 摆完挂机 简单好抄】 https://www.bilibili.com/video/BV13uQrYzEob/?share_source=copy_web&vd_source=3fd5040fe25f6a00e19e6072bcccfa4e"
    },
    "groups": [],
    "opers": [
        {
            "name": "德克萨斯",
            "skill": 1,
            "skill_usage": 0
        },
        {
            "name": "黍",
            "skill": 1,
            "skill_usage": 0
        },
        {
            "name": "能天使",
            "skill": 3,
            "skill_usage": 0
        },
        {
            "name": "纯烬艾雅法拉",
            "skill": 1,
            "skill_usage": 0
        },
        {
            "name": "煌",
            "skill": 2,
            "skill_usage": 0
        },
        {
            "name": "娜仁图亚",
            "skill": 1,
            "skill_usage": 2,
            "skill_times": 1
        },
        {
            "name": "逻各斯",
            "skill": 1,
            "skill_usage": 0
        },
        {
            "name": "阿斯卡纶",
            "skill": 1,
            "skill_usage": 0
        }
    ],
    "difficulty": 3
}