{
    "minimum_required": "v4.0.0",
    "stage_name": "act41side_ex04",
    "actions": [
        {
            "type": "Deploy",
            "name": "煌",
            "location": [
                2,
                3
            ],
            "direction": "Right"
        },
        {
            "type": "Deploy",
            "name": "塞雷娅",
            "location": [
                4,
                4
            ],
            "direction": "Up"
        },
        {
            "type": "Deploy",
            "name": "德克萨斯",
            "location": [
                3,
                6
            ],
            "direction": "Up"
        },
        {
            "type": "Deploy",
            "name": "狮蝎",
            "location": [
                3,
                3
            ],
            "direction": "Down"
        },
        {
            "type": "Deploy",
            "name": "水月",
            "location": [
                3,
                4
            ],
            "direction": "Up"
        },
        {
            "type": "Deploy",
            "name": "艾雅法拉",
            "location": [
                2,
                4
            ],
            "direction": "Right"
        },
        {
            "type": "Deploy",
            "name": "伊桑",
            "location": [
                3,
                5
            ],
            "direction": "Up"
        },
        {
            "type": "Deploy",
            "name": "奶",
            "location": [
                2,
                5
            ],
            "direction": "Right"
        },
        {
            "type": "SpeedUp"
        },
        {
            "type": "Retreat",
            "name": "德克萨斯",
            "costs": 25
        },
        {
            "type": "Deploy",
            "name": "伊芙利特",
            "location": [
                3,
                6
            ],
            "direction": "Up"
        },
        {
            "type": "SkillDaemon"
        }
    ],
    "doc": {
        "title": "EA-EX-4 - 窗边玩偶 无阿斯卡纶版",
        "details": "作业更新日期: 2025-03-16T11:20:35Z\n统计更新日期: 2025-03-19\n好评率：97.07%  浏览量：3787\n来源：萨拉托加  ID：48567\n原作者：萧然Q json作者：萨拉托加\n作业交流群群号1009052305，可蹲作业，有问题进群找我，作业站消息没提醒看不到\n【【挽歌燃烧殆尽】EA-EX-1至EA-EX-8突袭 摆完挂机 简单好抄】 https://www.bilibili.com/video/BV1TxQ3YjECX/?p=2&share_source=copy_web&vd_source=3fd5040fe25f6a00e19e6072bcccfa4e"
    },
    "groups": [
        {
            "name": "奶",
            "opers": [
                {
                    "name": "纯烬艾雅法拉",
                    "skill": 1,
                    "skill_usage": 0
                },
                {
                    "name": "闪灵",
                    "skill": 2,
                    "skill_usage": 0
                }
            ]
        }
    ],
    "opers": [
        {
            "name": "煌",
            "skill": 2,
            "skill_usage": 0
        },
        {
            "name": "塞雷娅",
            "skill": 2,
            "skill_usage": 0
        },
        {
            "name": "艾雅法拉",
            "skill": 2,
            "skill_usage": 0
        },
        {
            "name": "狮蝎",
            "skill": 1,
            "skill_usage": 0
        },
        {
            "name": "伊芙利特",
            "skill": 2,
            "skill_usage": 0
        },
        {
            "name": "水月",
            "skill": 1,
            "skill_usage": 0
        },
        {
            "name": "德克萨斯",
            "skill": 2,
            "skill_usage": 1
        },
        {
            "name": "伊桑",
            "skill": 1,
            "skill_usage": 0
        }
    ],
    "difficulty": 3
}