{
    "minimum_required": "v4.0.0",
    "stage_name": "act41side_01",
    "actions": [
        {
            "type": "Deploy",
            "name": "近卫",
            "location": [
                4,
                5
            ],
            "direction": "Right"
        },
        {
            "type": "SpeedUp"
        },
        {
            "type": "SkillDaemon"
        }
    ],
    "doc": {
        "title": "EA-1 - 扉页所见",
        "details": "作业更新日期: 2025-03-07T08:10:38Z\n统计更新日期: 2025-03-08\n好评率：99.8%  浏览量：13626\n来源：萨拉托加  ID：48114\njson作者：萨拉托加\n作业交流群群号1009052305，可蹲作业，有问题进群找我，作业站消息没提醒看不到"
    },
    "groups": [
        {
            "name": "近卫",
            "opers": [
                {
                    "name": "煌",
                    "skill": 2,
                    "skill_usage": 0
                },
                {
                    "skill_times": 1,
                    "name": "山",
                    "skill": 2,
                    "skill_usage": 2
                }
            ]
        }
    ],
    "opers": []
}