{
    "minimum_required": "v4.0.0",
    "stage_name": "act41side_03",
    "actions": [
        {
            "type": "SpeedUp"
        },
        {
            "type": "Deploy",
            "name": "古米",
            "location": [
                3,
                3
            ],
            "direction": "Right"
        },
        {
            "type": "Deploy",
            "name": "维什戴尔",
            "location": [
                2,
                4
            ],
            "direction": "Right"
        },
        {
            "type": "SkillUsage",
            "name": "维什戴尔",
            "skill_usage": 2,
            "kills": 14,
            "skill_times": 1
        },
        {
            "type": "SkillDaemon"
        }
    ],
    "doc": {
        "title": "EA-3 - 惶惑与冲动",
        "details": "作业更新日期: 2025-03-07T11:31:07Z\n统计更新日期: 2025-03-15\n好评率：99.74%  浏览量：1187\n来源：焕彩gg  ID：48166\nB站ID：焕彩GG 主页：https://space.bilibili.com/10123796\n\n求关注。"
    },
    "groups": [],
    "opers": [
        {
            "name": "维什戴尔",
            "skill": 3,
            "skill_usage": 2,
            "skill_times": 1
        },
        {
            "name": "古米",
            "skill": 1,
            "skill_usage": 0
        }
    ]
}