{
    "minimum_required": "v4.0.0",
    "stage_name": "act41side_04",
    "actions": [
        {
            "type": "SpeedUp"
        },
        {
            "type": "Deploy",
            "name": "能天使",
            "location": [
                7,
                3
            ],
            "direction": "Up"
        },
        {
            "type": "Deploy",
            "name": "塞雷娅",
            "location": [
                5,
                2
            ],
            "direction": "Down"
        },
        {
            "type": "SkillDaemon"
        }
    ],
    "doc": {
        "title": "EA-4 - 旧舞步（含刻章",
        "details": "作业更新日期: 2025-03-07T15:02:57Z\n统计更新日期: 2025-03-08\n好评率：99.48%  浏览量：1756\n来源：星之海.  ID：48220\n此作业全员专三且模组一级\n原作者：自在道爷\nJSON作者：星之海.\n社区评论不会提醒，有问题可以进群找我：994516079\n原视频：【【挽歌燃烧殆尽】EA-1至EA-8挂机流，镀层也不愁！语音快乐详解，轻松解放双手 | 明日方舟攻略(含EA-8镀层，EA-6等)】https://www.bilibili.com/video/BV1p391YrEXh?vd_source=69f0b796ff8cde9e6cb9e9f9a99f8eec"
    },
    "groups": [],
    "opers": [
        {
            "name": "塞雷娅",
            "skill": 2,
            "skill_usage": 0
        },
        {
            "name": "能天使",
            "skill": 3,
            "skill_usage": 0
        }
    ]
}