{
    "minimum_required": "v4.0.0",
    "stage_name": "act41side_08",
    "actions": [
        {
            "type": "SpeedUp"
        },
        {
            "type": "Deploy",
            "name": "德克萨斯",
            "location": [
                10,
                1
            ],
            "direction": "Down"
        },
        {
            "type": "Deploy",
            "name": "能天使",
            "location": [
                9,
                6
            ],
            "direction": "Left"
        },
        {
            "type": "Deploy",
            "name": "群卫",
            "location": [
                9,
                2
            ],
            "direction": "Down"
        },
        {
            "type": "Deploy",
            "name": "行医",
            "location": [
                10,
                3
            ],
            "direction": "Left"
        },
        {
            "type": "Deploy",
            "name": "拉普兰德",
            "location": [
                8,
                2
            ],
            "direction": "Right"
        },
        {
            "type": "Deploy",
            "name": "娜仁图亚",
            "location": [
                7,
                2
            ],
            "direction": "Right"
        },
        {
            "type": "Deploy",
            "name": "夜莺",
            "location": [
                9,
                1
            ],
            "direction": "Left"
        },
        {
            "type": "SkillDaemon"
        }
    ],
    "doc": {
        "title": "EA-8 - 夜尽之时（含镀层",
        "details": "作业更新日期: 2025-03-07T15:28:28Z\n统计更新日期: 2025-03-08\n好评率：98.2%  浏览量：1433\n来源：星之海.  ID：48225\n此作业全员专三且模组一级\n原作者：自在道爷\nJSON作者：星之海.\n社区评论不会提醒，有问题可以进群找我：994516079\n原视频：【【挽歌燃烧殆尽】EA-1至EA-8挂机流，镀层也不愁！语音快乐详解，轻松解放双手 | 明日方舟攻略(含EA-8镀层，EA-6等)】https://www.bilibili.com/video/BV1p391YrEXh?vd_source=69f0b796ff8cde9e6cb9e9f9a99f8eec"
    },
    "groups": [
        {
            "name": "群卫",
            "opers": [
                {
                    "name": "煌",
                    "skill": 2,
                    "skill_usage": 0
                },
                {
                    "name": "乌尔比安",
                    "skill": 2,
                    "skill_usage": 0
                }
            ]
        },
        {
            "name": "行医",
            "opers": [
                {
                    "name": "纯烬艾雅法拉",
                    "skill": 1,
                    "skill_usage": 0
                },
                {
                    "name": "蜜莓",
                    "skill": 1,
                    "skill_usage": 0
                }
            ]
        }
    ],
    "opers": [
        {
            "name": "能天使",
            "skill": 3,
            "skill_usage": 0
        },
        {
            "name": "拉普兰德",
            "skill": 2,
            "skill_usage": 0
        },
        {
            "name": "德克萨斯",
            "skill": 1,
            "skill_usage": 0
        },
        {
            "name": "夜莺",
            "skill": 2,
            "skill_usage": 0
        },
        {
            "name": "娜仁图亚",
            "skill": 1,
            "skill_usage": 2,
            "skill_times": 1
        }
    ]
}