{
    "minimum_required": "v4.0.0",
    "stage_name": "act41side_ex01",
    "actions": [
        {
            "type": "SpeedUp"
        },
        {
            "type": "Deploy",
            "name": "维什戴尔",
            "location": [
                6,
                6
            ],
            "direction": "Up"
        },
        {
            "type": "Deploy",
            "name": "任意地面防漏怪",
            "location": [
                7,
                7
            ],
            "direction": "Up"
        },
        {
            "type": "Deploy",
            "name": "砾",
            "location": [
                2,
                4
            ],
            "direction": "Up"
        },
        {
            "type": "Retreat",
            "name": "砾",
            "location": [
                2,
                4
            ],
            "pre_delay": 650
        },
        {
            "type": "Deploy",
            "name": "夜刀",
            "location": [
                3,
                3
            ],
            "direction": "Up"
        },
        {
            "type": "Retreat",
            "name": "夜刀",
            "location": [
                3,
                3
            ],
            "pre_delay": 650
        },
        {
            "type": "Deploy",
            "name": "砾",
            "location": [
                4,
                2
            ],
            "direction": "Up"
        },
        {
            "type": "Retreat",
            "name": "砾",
            "location": [
                4,
                2
            ],
            "pre_delay": 650
        },
        {
            "type": "Deploy",
            "name": "砾",
            "location": [
                5,
                2
            ],
            "direction": "Up"
        },
        {
            "type": "Retreat",
            "name": "砾",
            "location": [
                5,
                2
            ],
            "pre_delay": 650
        },
        {
            "type": "Deploy",
            "name": "夜刀",
            "location": [
                6,
                2
            ],
            "direction": "Up"
        },
        {
            "type": "Retreat",
            "name": "夜刀",
            "location": [
                6,
                2
            ],
            "pre_delay": 650
        },
        {
            "type": "Deploy",
            "name": "砾",
            "location": [
                7,
                2
            ],
            "direction": "Up"
        },
        {
            "type": "Retreat",
            "name": "砾",
            "location": [
                7,
                2
            ],
            "pre_delay": 650
        },
        {
            "type": "Deploy",
            "name": "砾",
            "location": [
                8,
                2
            ],
            "direction": "Up"
        },
        {
            "type": "Retreat",
            "name": "砾",
            "location": [
                8,
                2
            ],
            "pre_delay": 650
        },
        {
            "type": "Deploy",
            "name": "夜刀",
            "location": [
                8,
                2
            ],
            "direction": "Right"
        },
        {
            "type": "Retreat",
            "name": "夜刀",
            "location": [
                8,
                2
            ],
            "pre_delay": 650
        },
        {
            "type": "Deploy",
            "name": "砾",
            "location": [
                9,
                3
            ],
            "direction": "Right"
        },
        {
            "type": "SkillDaemon"
        }
    ],
    "doc": {
        "title": "EA-EX-1 维什戴尔单核 【挽歌燃烧殆尽】",
        "details": "作业更新日期: 2025-03-14T10:04:10Z\n统计更新日期: 2025-03-15\n好评率：97.34%  浏览量：2506\n来源：一定有更好的办法  ID：48423\n原作者：一定有更好的办法 \nJSON作者：一定有更好的办法\n链接：https://www.bilibili.com/video/BV1jKQ3YFENK/\n放漏怪干员越能抗越好，一般是不需要的，但是维什戴尔天赋概率嘛，可能伤害不够"
    },
    "groups": [
        {
            "name": "任意地面防漏怪",
            "opers": [
                {
                    "name": "芬",
                    "skill": 1,
                    "skill_usage": 0
                },
                {
                    "name": "古米",
                    "skill": 1,
                    "skill_usage": 0
                },
                {
                    "name": "蛇屠箱",
                    "skill": 1,
                    "skill_usage": 0
                },
                {
                    "name": "桃金娘",
                    "skill": 1,
                    "skill_usage": 0
                },
                {
                    "name": "斑点",
                    "skill": 1,
                    "skill_usage": 0
                },
                {
                    "name": "卡提",
                    "skill": 1,
                    "skill_usage": 0
                },
                {
                    "name": "米格鲁",
                    "skill": 1,
                    "skill_usage": 0
                }
            ]
        }
    ],
    "opers": [
        {
            "name": "维什戴尔",
            "skill": 3,
            "skill_usage": 1
        },
        {
            "name": "夜刀",
            "skill": 1,
            "skill_usage": 0
        },
        {
            "name": "砾",
            "skill": 2,
            "skill_usage": 0
        }
    ],
    "difficulty": 3
}