{
    "minimum_required": "v4.0.0",
    "stage_name": "act41side_ex07",
    "actions": [
        {
            "type": "Deploy",
            "name": "维什戴尔",
            "location": [
                1,
                2
            ],
            "direction": "Right"
        },
        {
            "type": "SpeedUp"
        },
        {
            "type": "Deploy",
            "name": "林",
            "location": [
                3,
                5
            ],
            "direction": "Left"
        },
        {
            "type": "Skill",
            "name": "维什戴尔",
            "kills": 10
        },
        {
            "type": "Skill",
            "name": "林",
            "kills": 13,
            "pre_delay": 2000
        },
        {
            "type": "Skill",
            "name": "维什戴尔",
            "cooling": 1
        },
        {
            "type": "SkillDaemon"
        }
    ],
    "doc": {
        "title": "ew+林 EA-EX-7 - 花环",
        "details": "作业更新日期: 2025-03-14T13:01:42Z\n统计更新日期: 2025-03-15\n好评率：96.03%  浏览量：2061\n来源：晓丶梦丶仁  ID：48461\n@晓丶梦丶仁\n2903+3\n© 2019. This work is openly licensed via CC BY-NC-ND 4.0.\nSee license detail on https://creativecommons.org/licenses.\nThe Canonical URL cannot be provided due to the sensitive word check of MAA Copilot."
    },
    "groups": [],
    "opers": [
        {
            "skill_times": 1,
            "name": "维什戴尔",
            "skill": 3,
            "skill_usage": 2
        },
        {
            "name": "林",
            "skill": 3,
            "skill_usage": 0
        }
    ],
    "difficulty": 3
}