{
    "minimum_required": "v4.0.0",
    "stage_name": "act41side_ex04",
    "actions": [
        {
            "type": "SpeedUp"
        },
        {
            "type": "Deploy",
            "name": "特种-伏击客",
            "location": [
                3,
                4
            ],
            "direction": "Up"
        },
        {
            "type": "Deploy",
            "name": "术师-中坚术师",
            "location": [
                2,
                5
            ],
            "direction": "Up"
        },
        {
            "type": "Deploy",
            "name": "辅助-巫役",
            "location": [
                2,
                4
            ],
            "direction": "Right"
        },
        {
            "type": "Deploy",
            "name": "重装-守护者",
            "location": [
                3,
                5
            ],
            "direction": "Up"
        },
        {
            "type": "Deploy",
            "name": "术师-轰击术师",
            "location": [
                3,
                6
            ],
            "direction": "Up"
        },
        {
            "type": "Deploy",
            "name": "减速",
            "location": [
                3,
                3
            ],
            "direction": "Up"
        },
        {
            "type": "Deploy",
            "name": "近卫-斗士",
            "location": [
                2,
                3
            ],
            "direction": "Right"
        },
        {
            "type": "SkillDaemon"
        }
    ],
    "doc": {
        "title": "EA-EX-4 - 窗边玩偶",
        "details": "作业更新日期: 2025-03-18T03:05:59Z\n统计更新日期: 2025-03-19\n好评率：99.3%  浏览量：1174\n来源：作业超大杯  ID：48539\nEA-EX-4 - 窗边玩偶"
    },
    "groups": [
        {
            "name": "特种-伏击客",
            "opers": [
                {
                    "name": "水月"
                },
                {
                    "name": "阿斯卡纶"
                }
            ]
        },
        {
            "name": "减速",
            "opers": [
                {
                    "name": "狮蝎"
                },
                {
                    "name": "伊桑",
                    "skill": 2,
                    "skill_usage": 1
                },
                {
                    "name": "归溟幽灵鲨",
                    "skill": 2,
                    "skill_usage": 1
                },
                {
                    "name": "温蒂",
                    "skill": 2,
                    "skill_usage": 0
                }
            ]
        },
        {
            "name": "辅助-巫役",
            "opers": [
                {
                    "name": "塑心",
                    "skill": 1,
                    "skill_usage": 0
                },
                {
                    "name": "灵知",
                    "skill": 3,
                    "skill_usage": 1
                },
                {
                    "name": "铃兰",
                    "skill": 2,
                    "skill_usage": 0
                }
            ]
        },
        {
            "name": "术师-中坚术师",
            "opers": [
                {
                    "name": "逻各斯",
                    "skill": 1,
                    "skill_usage": 0
                },
                {
                    "name": "澄闪",
                    "skill": 2,
                    "skill_usage": 0
                },
                {
                    "name": "荒芜拉普兰德",
                    "skill": 3,
                    "skill_usage": 1
                },
                {
                    "name": "艾雅法拉",
                    "skill": 2,
                    "skill_usage": 0
                },
                {
                    "name": "林",
                    "skill": 1,
                    "skill_usage": 2,
                    "skill_times": 1
                }
            ]
        },
        {
            "name": "术师-轰击术师",
            "opers": [
                {
                    "name": "伊芙利特",
                    "skill": 2,
                    "skill_usage": 0
                },
                {
                    "name": "维什戴尔",
                    "skill": 3,
                    "skill_usage": 1
                }
            ]
        },
        {
            "opers": [
                {
                    "name": "号角"
                },
                {
                    "name": "塞雷娅"
                },
                {
                    "name": "黍",
                    "skill": 1,
                    "skill_usage": 0
                },
                {
                    "name": "余",
                    "skill": 3,
                    "skill_usage": 1
                }
            ],
            "name": "重装-守护者"
        },
        {
            "name": "近卫-斗士",
            "opers": [
                {
                    "name": "重岳",
                    "skill": 3,
                    "skill_usage": 2,
                    "skill_times": 5
                },
                {
                    "name": "玛恩纳",
                    "skill": 3,
                    "skill_usage": 1
                },
                {
                    "name": "锏",
                    "skill": 3,
                    "skill_usage": 1
                },
                {
                    "name": "焰影苇草",
                    "skill": 2,
                    "skill_usage": 1
                },
                {
                    "name": "羽毛笔"
                },
                {
                    "name": "圣约送葬人"
                },
                {
                    "name": "隐德来希"
                }
            ]
        }
    ],
    "opers": [],
    "difficulty": 3
}