{
    "minimum_required": "v4.0.0",
    "stage_name": "act41side_ex08",
    "actions": [
        {
            "type": "SpeedUp"
        },
        {
            "type": "Deploy",
            "name": "纯烬艾雅法拉",
            "location": [
                9,
                5
            ],
            "direction": "Up"
        },
        {
            "type": "Deploy",
            "name": "煌",
            "location": [
                11,
                2
            ],
            "direction": "Down"
        },
        {
            "type": "Deploy",
            "name": "塑心",
            "location": [
                9,
                3
            ],
            "direction": "Down"
        },
        {
            "type": "Deploy",
            "name": "逻各斯",
            "location": [
                7,
                3
            ],
            "direction": "Down"
        },
        {
            "type": "Deploy",
            "name": "棘刺",
            "location": [
                9,
                4
            ],
            "direction": "Up"
        },
        {
            "type": "Deploy",
            "name": "黍",
            "location": [
                8,
                3
            ],
            "direction": "Down"
        },
        {
            "type": "Deploy",
            "name": "夜莺",
            "location": [
                7,
                2
            ],
            "direction": "Right"
        },
        {
            "type": "Output",
            "doc_color": "DarkRed",
            "doc": "如果逻各斯死了请升一下奶的练度"
        },
        {
            "type": "Output",
            "doc_color": "SpringGreen",
            "doc": "Ciallo～(∠・ω< )⌒★"
        },
        {
            "type": "SkillDaemon"
        }
    ],
    "doc": {
        "title": "EA-EX-8 豪华挂机版",
        "details": "作业更新日期: 2025-03-16T05:03:40Z\n统计更新日期: 2025-03-19\n好评率：98.08%  浏览量：1982\n来源：萨扌立托加  ID：48711\n【对奶羊的练度要求很高！！】\n攻略作者：Popcornkyckling json作者：萨扌立托加\n作业交流群群号1009052305，可蹲作业，有问题进群找萨扌立托加，作业站消息一般看不到\n❤️\n攻略视频：https://www.bilibili.com/video/BV1qAQ3YwEzM/?share_source=copy_web&vd_source=915b3f132d69465ad53694d5846531c9"
    },
    "groups": [],
    "opers": [
        {
            "name": "棘刺",
            "skill": 3,
            "skill_usage": 1
        },
        {
            "name": "煌",
            "skill": 2,
            "skill_usage": 0
        },
        {
            "name": "黍",
            "skill": 1,
            "skill_usage": 0
        },
        {
            "name": "纯烬艾雅法拉",
            "skill": 1,
            "skill_usage": 0
        },
        {
            "name": "逻各斯",
            "skill": 1,
            "skill_usage": 0
        },
        {
            "name": "塑心",
            "skill": 1,
            "skill_usage": 0
        },
        {
            "name": "夜莺",
            "skill": 2,
            "skill_usage": 0
        }
    ],
    "difficulty": 3
}