{
    "minimum_required": "v4.0.0",
    "stage_name": "act41side_ex06",
    "actions": [
        {
            "type": "Deploy",
            "name": "桃金娘",
            "location": [
                10,
                3
            ],
            "direction": "Left"
        },
        {
            "type": "Deploy",
            "name": "维什戴尔",
            "location": [
                9,
                1
            ],
            "direction": "Down"
        },
        {
            "type": "SpeedUp"
        },
        {
            "type": "Deploy",
            "name": "安赛尔",
            "location": [
                1,
                6
            ],
            "direction": "Up"
        },
        {
            "type": "Deploy",
            "name": "煌",
            "location": [
                2,
                4
            ],
            "direction": "Up"
        },
        {
            "type": "Deploy",
            "name": "克洛丝",
            "location": [
                7,
                6
            ],
            "direction": "Up",
            "costs": 15
        },
        {
            "type": "Deploy",
            "name": "芬",
            "location": [
                7,
                1
            ],
            "direction": "Down"
        },
        {
            "type": "Retreat",
            "location": [
                7,
                6
            ]
        },
        {
            "type": "Retreat",
            "location": [
                7,
                1
            ],
            "pre_delay": 1500
        },
        {
            "type": "Skill",
            "location": [
                9,
                1
            ]
        },
        {
            "type": "Deploy",
            "name": "奶盾",
            "location": [
                2,
                5
            ],
            "direction": "Up"
        },
        {
            "type": "Deploy",
            "name": "月见夜",
            "location": [
                6,
                1
            ],
            "direction": "Down",
            "kills": 12
        },
        {
            "type": "Deploy",
            "name": "克洛丝",
            "location": [
                7,
                6
            ],
            "direction": "Left"
        },
        {
            "type": "SkillUsage",
            "name": "维什戴尔",
            "skill_usage": 2,
            "skill_times": 1
        },
        {
            "type": "SkillDaemon"
        }
    ],
    "doc": {
        "title": "EA-EX-6 - 歌唱时",
        "details": "作业更新日期: 2025-03-15T08:26:43Z\n统计更新日期: 2025-03-16\n好评率：99.74%  浏览量：1229\n来源：焕彩gg  ID：48612\nB站ID：焕彩GG 主页：https://space.bilibili.com/10123796\n\n求关注。"
    },
    "groups": [
        {
            "name": "奶盾",
            "opers": [
                {
                    "name": "黍",
                    "skill": 1,
                    "skill_usage": 0
                },
                {
                    "name": "塞雷娅",
                    "skill": 1,
                    "skill_usage": 0
                }
            ]
        }
    ],
    "opers": [
        {
            "name": "煌",
            "skill": 2,
            "skill_usage": 0
        },
        {
            "name": "维什戴尔",
            "skill": 3,
            "skill_usage": 0
        },
        {
            "name": "月见夜",
            "skill": 1,
            "skill_usage": 1
        },
        {
            "name": "克洛丝",
            "skill": 1,
            "skill_usage": 0
        },
        {
            "name": "安赛尔",
            "skill": 1,
            "skill_usage": 1
        },
        {
            "name": "桃金娘",
            "skill": 1,
            "skill_usage": 1
        },
        {
            "name": "芬",
            "skill": 1,
            "skill_usage": 0
        }
    ],
    "difficulty": 3
}