{
    "minimum_required": "v4.0.0",
    "stage_name": "act41side_ex06",
    "actions": [
        {
            "type": "SpeedUp"
        },
        {
            "type": "Deploy",
            "name": "维什戴尔",
            "location": [
                7,
                6
            ],
            "direction": "Up"
        },
        {
            "type": "Deploy",
            "name": "砾",
            "location": [
                8,
                3
            ],
            "direction": "Left"
        },
        {
            "type": "SkillUsage",
            "name": "维什戴尔",
            "skill_usage": 2,
            "skill_times": 1
        },
        {
            "type": "Retreat",
            "location": [
                8,
                3
            ],
            "kills": 2
        },
        {
            "type": "Deploy",
            "name": "山",
            "location": [
                2,
                5
            ],
            "direction": "Up"
        },
        {
            "type": "Deploy",
            "name": "砾",
            "location": [
                7,
                1
            ],
            "direction": "Left",
            "kills": 16
        },
        {
            "type": "Retreat",
            "name": "砾",
            "location": [
                7,
                1
            ],
            "pre_delay": 2000
        },
        {
            "type": "Deploy",
            "name": "华法琳",
            "location": [
                1,
                6
            ],
            "direction": "Up"
        },
        {
            "type": "SkillUsage",
            "name": "维什戴尔",
            "skill_usage": 2,
            "skill_times": 1
        },
        {
            "type": "Deploy",
            "name": "砾",
            "location": [
                6,
                1
            ],
            "direction": "Left",
            "kills": 19
        },
        {
            "type": "Retreat",
            "name": "砾",
            "location": [
                6,
                1
            ]
        },
        {
            "type": "Deploy",
            "name": "砾",
            "location": [
                5,
                1
            ],
            "direction": "Down"
        },
        {
            "type": "Retreat",
            "name": "砾",
            "location": [
                5,
                1
            ]
        },
        {
            "type": "SkillUsage",
            "name": "维什戴尔",
            "skill_usage": 2,
            "skill_times": 1
        },
        {
            "type": "SkillDaemon"
        }
    ],
    "doc": {
        "title": "EA-EX-6 - 歌唱时",
        "details": "作业更新日期: 2025-03-14T14:32:54Z\n统计更新日期: 2025-03-16\n好评率：91.38%  浏览量：1014\n来源：Dr_MO  ID：48494\nhttps://www.bilibili.com/video/BV1dzQzYgEWU?spm_id_from=333.788.videopod.sections&vd_source=375c92f84c507a5fc51c5e4fc821c6e8"
    },
    "groups": [],
    "opers": [
        {
            "name": "砾",
            "skill": 2,
            "skill_usage": 0
        },
        {
            "name": "山",
            "skill": 2,
            "skill_usage": 2,
            "skill_times": 1
        },
        {
            "name": "维什戴尔",
            "skill": 3,
            "skill_usage": 0
        },
        {
            "name": "华法琳",
            "skill": 1,
            "skill_usage": 0
        }
    ],
    "difficulty": 3
}