{
    "minimum_required": "v4.0.0",
    "stage_name": "act41side_ex01",
    "actions": [
        {
            "type": "Deploy",
            "name": "桃金娘",
            "location": [
                5,
                6
            ],
            "direction": "Up"
        },
        {
            "type": "Deploy",
            "name": "芬",
            "location": [
                7,
                7
            ],
            "direction": "Up"
        },
        {
            "type": "SpeedUp"
        },
        {
            "type": "Deploy",
            "name": "维什戴尔",
            "location": [
                6,
                6
            ],
            "direction": "Up"
        },
        {
            "type": "Deploy",
            "name": "砾",
            "location": [
                2,
                4
            ],
            "direction": "Up"
        },
        {
            "type": "Retreat",
            "name": "砾",
            "location": [
                2,
                4
            ],
            "pre_delay": 200
        },
        {
            "type": "Deploy",
            "name": "月见夜",
            "location": [
                2,
                3
            ],
            "direction": "Right"
        },
        {
            "type": "Deploy",
            "name": "古米",
            "location": [
                5,
                7
            ],
            "direction": "Up"
        },
        {
            "type": "Deploy",
            "name": "砾",
            "location": [
                4,
                2
            ],
            "direction": "Up"
        },
        {
            "type": "Retreat",
            "name": "砾",
            "location": [
                4,
                2
            ],
            "pre_delay": 200
        },
        {
            "type": "Skill",
            "name": "维什戴尔",
            "location": [
                6,
                6
            ],
            "kills": 8
        },
        {
            "type": "Deploy",
            "name": "砾",
            "location": [
                5,
                2
            ],
            "direction": "Up"
        },
        {
            "type": "Retreat",
            "name": "砾",
            "location": [
                5,
                2
            ],
            "pre_delay": 200
        },
        {
            "type": "Deploy",
            "name": "夜刀",
            "location": [
                6,
                2
            ],
            "direction": "Up"
        },
        {
            "type": "Retreat",
            "name": "夜刀",
            "location": [
                6,
                2
            ],
            "pre_delay": 200
        },
        {
            "type": "Deploy",
            "name": "砾",
            "location": [
                7,
                2
            ],
            "direction": "Up"
        },
        {
            "type": "Retreat",
            "name": "砾",
            "location": [
                7,
                2
            ],
            "pre_delay": 200
        },
        {
            "type": "Deploy",
            "name": "砾",
            "location": [
                8,
                2
            ],
            "direction": "Up"
        },
        {
            "type": "Retreat",
            "name": "砾",
            "location": [
                8,
                2
            ],
            "pre_delay": 200
        },
        {
            "type": "SkillUsage",
            "name": "维什戴尔",
            "skill_usage": 2,
            "skill_times": 1
        },
        {
            "type": "Deploy",
            "name": "月见夜",
            "location": [
                9,
                3
            ],
            "direction": "Up"
        },
        {
            "type": "Retreat",
            "name": "月见夜",
            "location": [
                9,
                3
            ],
            "pre_delay": 200
        },
        {
            "type": "Deploy",
            "name": "砾",
            "location": [
                1,
                4
            ],
            "direction": "Down",
            "kills": 27
        },
        {
            "type": "Deploy",
            "name": "夜刀",
            "location": [
                11,
                4
            ],
            "direction": "Down"
        },
        {
            "type": "SkillDaemon"
        }
    ],
    "doc": {
        "title": "EA-EX-1 - 帷幕另一侧",
        "details": "作业更新日期: 2025-03-14T10:13:17Z\n统计更新日期: 2025-03-15\n好评率：99.51%  浏览量：1125\n来源：焕彩gg  ID：48420\nB站ID：焕彩GG 主页：https://space.bilibili.com/10123796\n\n求关注。"
    },
    "groups": [],
    "opers": [
        {
            "name": "桃金娘",
            "skill": 1,
            "skill_usage": 2,
            "skill_times": 1
        },
        {
            "name": "芬",
            "skill": 1,
            "skill_usage": 0
        },
        {
            "name": "维什戴尔",
            "skill": 3,
            "skill_usage": 0
        },
        {
            "name": "夜刀",
            "skill": 1,
            "skill_usage": 0
        },
        {
            "name": "砾",
            "skill": 2,
            "skill_usage": 0
        },
        {
            "name": "古米",
            "skill": 1,
            "skill_usage": 0
        },
        {
            "name": "月见夜",
            "skill": 1,
            "skill_usage": 1
        }
    ],
    "difficulty": 3
}