{
    "minimum_required": "v4.0.0",
    "stage_name": "act41side_ex06",
    "actions": [
        {
            "type": "Deploy",
            "name": "桃金娘",
            "location": [
                10,
                3
            ],
            "direction": "Left"
        },
        {
            "type": "SpeedUp"
        },
        {
            "type": "Deploy",
            "name": "维什戴尔",
            "location": [
                9,
                1
            ],
            "direction": "Down"
        },
        {
            "type": "Deploy",
            "name": "安赛尔",
            "location": [
                1,
                6
            ],
            "direction": "Up"
        },
        {
            "type": "Deploy",
            "name": "克洛丝",
            "location": [
                7,
                6
            ],
            "direction": "Up",
            "costs": 15
        },
        {
            "type": "Deploy",
            "name": "夜刀",
            "location": [
                7,
                1
            ],
            "direction": "Down"
        },
        {
            "type": "Retreat",
            "location": [
                7,
                6
            ],
            "pre_delay": 1000
        },
        {
            "type": "Retreat",
            "location": [
                7,
                1
            ]
        },
        {
            "type": "Deploy",
            "name": "米格鲁就行",
            "location": [
                2,
                4
            ],
            "direction": "Up"
        },
        {
            "type": "Skill",
            "name": "维什戴尔",
            "location": [
                9,
                1
            ]
        },
        {
            "type": "Deploy",
            "name": "拉普兰德",
            "location": [
                2,
                5
            ],
            "direction": "Up"
        },
        {
            "type": "Deploy",
            "name": "芙蓉就行",
            "location": [
                1,
                5
            ],
            "direction": "Right"
        },
        {
            "type": "Deploy",
            "name": "月见夜",
            "location": [
                6,
                1
            ],
            "kills": 11,
            "direction": "Down"
        },
        {
            "type": "Retreat",
            "name": "月见夜",
            "location": [
                6,
                1
            ],
            "pre_delay": 200,
            "direction": "Down"
        },
        {
            "type": "SkillUsage",
            "name": "维什戴尔",
            "skill_usage": 2,
            "kills": 15,
            "skill_times": 1
        },
        {
            "type": "Deploy",
            "name": "克洛丝",
            "location": [
                7,
                6
            ],
            "direction": "Left",
            "pre_delay": 16000
        },
        {
            "type": "SkillDaemon"
        }
    ],
    "doc": {
        "title": "EA-EX-6 - 歌唱时",
        "details": "作业更新日期: 2025-03-18T05:46:27Z\n统计更新日期: 2025-03-19\n好评率：98.78%  浏览量：2511\n来源：焕彩gg  ID：48483\nB站ID：焕彩GG 主页：https://space.bilibili.com/10123796\n安塞尔技能必须7级\n求关注。"
    },
    "groups": [
        {
            "name": "芙蓉就行",
            "opers": [
                {
                    "name": "纯烬艾雅法拉",
                    "skill": 1,
                    "skill_usage": 0
                },
                {
                    "name": "闪灵",
                    "skill": 2,
                    "skill_usage": 0
                },
                {
                    "name": "夜莺",
                    "skill": 2,
                    "skill_usage": 0
                },
                {
                    "name": "芙蓉",
                    "skill": 1,
                    "skill_usage": 1
                }
            ]
        },
        {
            "name": "米格鲁就行",
            "opers": [
                {
                    "name": "黍",
                    "skill": 1,
                    "skill_usage": 0
                },
                {
                    "name": "塞雷娅",
                    "skill": 1,
                    "skill_usage": 0
                },
                {
                    "name": "米格鲁",
                    "skill": 1,
                    "skill_usage": 1
                }
            ]
        }
    ],
    "opers": [
        {
            "name": "桃金娘",
            "skill": 1,
            "skill_usage": 1
        },
        {
            "name": "维什戴尔",
            "skill": 3,
            "skill_usage": 0
        },
        {
            "name": "拉普兰德",
            "skill": 2,
            "skill_usage": 0
        },
        {
            "name": "安赛尔",
            "skill": 1,
            "skill_usage": 1
        },
        {
            "name": "克洛丝",
            "skill": 1,
            "skill_usage": 0
        },
        {
            "name": "月见夜",
            "skill": 1,
            "skill_usage": 1
        },
        {
            "name": "夜刀",
            "skill": 1,
            "skill_usage": 0
        }
    ],
    "difficulty": 3
}