{
    "minimum_required": "v4.0.0",
    "stage_name": "act41side_ex05",
    "actions": [
        {
            "type": "SpeedUp"
        },
        {
            "type": "Deploy",
            "name": "德克萨斯",
            "location": [
                9,
                3
            ],
            "direction": "Left"
        },
        {
            "type": "Deploy",
            "name": "能天使",
            "location": [
                10,
                5
            ],
            "direction": "Left"
        },
        {
            "type": "Deploy",
            "name": "群卫",
            "location": [
                10,
                6
            ],
            "direction": "Left"
        },
        {
            "type": "Deploy",
            "name": "挡二及以上自回血近卫",
            "location": [
                8,
                3
            ],
            "direction": "Left"
        },
        {
            "type": "Deploy",
            "name": "星熊",
            "location": [
                8,
                6
            ],
            "direction": "Left"
        },
        {
            "type": "Deploy",
            "name": "奶盾",
            "location": [
                9,
                6
            ],
            "direction": "Left"
        },
        {
            "type": "SkillDaemon"
        }
    ],
    "doc": {
        "title": "EA-EX-5 - 五月树",
        "details": "作业更新日期: 2025-03-14T12:07:09Z\n统计更新日期: 2025-03-15\n好评率：99.35%  浏览量：1725\n来源：星之海.  ID：48458\n此作业全员专三且模组一级\n原作者：自在道爷\nJSON作者：星之海.\n社区评论不会提醒，有问题可以进群找我：994516079\n原视频：【【挽歌燃烧殆尽】EA-EX-1至EA-EX-8挂机流，突袭也不愁！语音快乐详解，轻松解放双手 | 明日方舟攻略(分p更新中)】https://www.bilibili.com/video/BV11UQgYrEPH?vd_source=69f0b796ff8cde9e6cb9e9f9a99f8eec"
    },
    "groups": [
        {
            "name": "群卫",
            "opers": [
                {
                    "name": "煌",
                    "skill": 2,
                    "skill_usage": 0
                },
                {
                    "name": "乌尔比安",
                    "skill": 2,
                    "skill_usage": 0
                }
            ]
        },
        {
            "name": "挡二及以上自回血近卫",
            "opers": [
                {
                    "name": "隐德来希",
                    "skill": 1,
                    "skill_usage": 0
                },
                {
                    "name": "羽毛笔",
                    "skill": 1,
                    "skill_usage": 0
                },
                {
                    "name": "海沫",
                    "skill": 1,
                    "skill_usage": 0
                },
                {
                    "skill_times": 1,
                    "name": "山",
                    "skill": 2,
                    "skill_usage": 2
                }
            ]
        },
        {
            "name": "奶盾",
            "opers": [
                {
                    "name": "塞雷娅",
                    "skill": 1,
                    "skill_usage": 0
                },
                {
                    "name": "黍",
                    "skill": 1,
                    "skill_usage": 0
                }
            ]
        }
    ],
    "opers": [
        {
            "name": "星熊",
            "skill": 2,
            "skill_usage": 0
        },
        {
            "name": "德克萨斯",
            "skill": 1,
            "skill_usage": 0
        },
        {
            "name": "能天使",
            "skill": 3,
            "skill_usage": 0
        }
    ],
    "difficulty": 3
}