{
    "minimum_required": "v4.0.0",
    "stage_name": "main_02-05",
    "actions": [
        {
            "type": "Deploy",
            "name": "医生",
            "location": [
                7,
                1
            ],
            "direction": "Left"
        },
        {
            "type": "SpeedUp"
        },
        {
            "type": "Deploy",
            "name": "近卫",
            "location": [
                6,
                6
            ],
            "direction": "Left"
        },
        {
            "type": "SkillDaemon"
        }
    ],
    "doc": {
        "title": "医生模组任务 - 2-5 - “第三种力量” ",
        "details": "作业更新日期: 2024-07-07T01:46:59Z\n统计更新日期: 2024-07-07\n好评率：100.0%  浏览量：1\n来源：一只摆烂的42  ID：39179\n医生「“第三种力量”」模组任务\n3星通关主题曲2-5；必须编入非助战医生并上场，且不编入医疗干员\n原视频：https://www.bilibili.com/video/BV1pJ4m1h7CE/\n制作者：一只摆烂的42\n有问题联系QQ2586582719\n修改自用请删除我的QQ"
    },
    "groups": [
        {
            "name": "近卫",
            "opers": [
                {
                    "name": "煌",
                    "skill": 2,
                    "skill_usage": 0
                },
                {
                    "name": "山",
                    "skill": 2,
                    "skill_usage": 2,
                    "skill_times": 1
                },
                {
                    "name": "帕拉斯",
                    "skill": 1,
                    "skill_usage": 0
                },
                {
                    "name": "耀骑士临光",
                    "skill": 1,
                    "skill_usage": 0
                }
            ]
        }
    ],
    "opers": [
        {
            "name": "医生",
            "skill": 2,
            "skill_usage": 0
        }
    ]
}