{
    "minimum_required": "v4.0.0",
    "stage_name": "main_07-12",
    "actions": [
        {
            "type": "Deploy",
            "name": "先锋",
            "location": [
                5,
                5
            ],
            "direction": "Right"
        },
        {
            "type": "SpeedUp"
        },
        {
            "type": "Deploy",
            "name": "圣约送葬人",
            "location": [
                5,
                4
            ],
            "direction": "Right"
        },
        {
            "type": "Deploy",
            "name": "提丰",
            "location": [
                2,
                2
            ],
            "direction": "Right"
        },
        {
            "type": "Deploy",
            "name": "单奶",
            "location": [
                5,
                6
            ],
            "direction": "Up"
        },
        {
            "type": "Deploy",
            "name": "群奶",
            "location": [
                6,
                3
            ],
            "direction": "Up"
        },
        {
            "type": "Deploy",
            "name": "重装",
            "location": [
                5,
                1
            ],
            "direction": "Right"
        },
        {
            "type": "SkillDaemon"
        }
    ],
    "doc": {
        "title": "第七章 苦难摇篮 - 7-14 - 游击-1 【圣约送葬人模组任务】",
        "details": "作业更新日期: 2023-08-10T04:54:36Z\n统计更新日期: 2024-08-03\n好评率：83.33%  浏览量：462\n来源：Luolingyu  ID：25393\n自用  除圣葬以外均精一五十即可\n已自测  稳过"
    },
    "groups": [
        {
            "name": "重装",
            "opers": [
                {
                    "name": "蛇屠箱",
                    "skill": 2,
                    "skill_usage": 1
                },
                {
                    "name": "米格鲁",
                    "skill": 1,
                    "skill_usage": 1
                },
                {
                    "name": "星熊",
                    "skill": 2,
                    "skill_usage": 0
                },
                {
                    "name": "塞雷娅",
                    "skill": 1,
                    "skill_usage": 0
                },
                {
                    "name": "年",
                    "skill": 2,
                    "skill_usage": 1
                },
                {
                    "name": "斑点",
                    "skill": 1,
                    "skill_usage": 1
                },
                {
                    "name": "古米",
                    "skill": 1,
                    "skill_usage": 0
                },
                {
                    "name": "雷蛇",
                    "skill": 1,
                    "skill_usage": 0
                }
            ]
        },
        {
            "name": "群奶",
            "opers": [
                {
                    "name": "调香师",
                    "skill": 1,
                    "skill_usage": 0
                },
                {
                    "name": "白面鸮",
                    "skill": 1,
                    "skill_usage": 0
                },
                {
                    "name": "夜莺",
                    "skill": 1,
                    "skill_usage": 0
                }
            ]
        },
        {
            "name": "先锋",
            "opers": [
                {
                    "name": "青枳",
                    "skill": 2,
                    "skill_usage": 1
                },
                {
                    "name": "芬",
                    "skill": 1,
                    "skill_usage": 0
                },
                {
                    "name": "香草",
                    "skill": 1,
                    "skill_usage": 1
                },
                {
                    "name": "讯使",
                    "skill": 1,
                    "skill_usage": 0
                },
                {
                    "name": "凛冬",
                    "skill": 1,
                    "skill_usage": 0
                },
                {
                    "name": "推进之王",
                    "skill": 1,
                    "skill_usage": 0
                },
                {
                    "name": "焰尾",
                    "skill": 1,
                    "skill_usage": 0
                },
                {
                    "name": "清道夫",
                    "skill": 1,
                    "skill_usage": 0
                },
                {
                    "name": "德克萨斯",
                    "skill": 1,
                    "skill_usage": 0
                }
            ]
        },
        {
            "name": "单奶",
            "opers": [
                {
                    "name": "芙蓉",
                    "skill": 1,
                    "skill_usage": 1
                },
                {
                    "name": "安赛尔",
                    "skill": 1,
                    "skill_usage": 1
                },
                {
                    "name": "嘉维尔",
                    "skill": 1,
                    "skill_usage": 0
                },
                {
                    "name": "苏苏洛",
                    "skill": 1,
                    "skill_usage": 1
                },
                {
                    "name": "华法琳",
                    "skill": 1,
                    "skill_usage": 0
                },
                {
                    "name": "赫默",
                    "skill": 1,
                    "skill_usage": 1
                },
                {
                    "name": "闪灵",
                    "skill": 2,
                    "skill_usage": 0
                }
            ]
        }
    ],
    "opers": [
        {
            "name": "圣约送葬人",
            "skill": 3,
            "skill_usage": 1
        },
        {
            "name": "提丰",
            "skill": 2,
            "skill_usage": 1
        }
    ],
    "difficulty": 1
}