{
    "minimum_required": "v4.0.0",
    "stage_name": "main_06-07",
    "actions": [
        {
            "type": "SpeedUp"
        },
        {
            "type": "Deploy",
            "name": "嵯峨",
            "location": [
                8,
                4
            ],
            "direction": "Left"
        },
        {
            "type": "Deploy",
            "name": "德克萨斯",
            "location": [
                8,
                3
            ],
            "direction": "Left"
        },
        {
            "type": "Deploy",
            "name": "奥斯塔",
            "location": [
                8,
                5
            ],
            "direction": "Up"
        },
        {
            "type": "Deploy",
            "name": "艾雅法拉",
            "location": [
                6,
                1
            ],
            "direction": "Left"
        },
        {
            "type": "SkillDaemon"
        }
    ],
    "doc": {
        "title": "奥斯塔模组任务 - 6-8 - 逃亡路上的应急小包",
        "details": "作业更新日期: 2024-08-11T00:47:05Z\n统计更新日期: 2024-08-11\n好评率：100.0%  浏览量：1\n来源：一只摆烂的42  ID：40158\n奥斯塔「逃亡路上的应急小包」模组任务\n3星通关主题曲6-8；必须编入非助战奥斯塔并上场，且使用奥斯塔至少歼灭10个敌人\n原视频：https://www.bilibili.com/video/BV1W4421U7Ng/\n制作者：一只摆烂的42\n有问题联系QQ2586582719\n修改自用请删除我的QQ"
    },
    "groups": [],
    "opers": [
        {
            "name": "奥斯塔",
            "skill": 2,
            "skill_usage": 1
        },
        {
            "name": "嵯峨",
            "skill": 1,
            "skill_usage": 0
        },
        {
            "name": "德克萨斯",
            "skill": 1,
            "skill_usage": 0
        },
        {
            "name": "艾雅法拉",
            "skill": 2,
            "skill_usage": 0
        }
    ],
    "difficulty": 1
}