{
    "minimum_required": "v4.0.0",
    "actions": [
        {
            "type": "SpeedUp"
        },
        {
            "type": "Deploy",
            "name": "能天使",
            "location": [
                3,
                3
            ],
            "direction": "Right"
        },
        {
            "type": "Deploy",
            "name": "杰西卡",
            "location": [
                3,
                5
            ],
            "direction": "Right"
        },
        {
            "type": "Deploy",
            "name": "煌",
            "location": [
                4,
                5
            ],
            "direction": "Down"
        },
        {
            "type": "Output",
            "doc_color": "#6f42c1",
            "doc": "给个好评吧，亲~"
        }
    ],
    "doc": {
        "title": "杰西卡模组摆完挂机-杰西卡的订单",
        "details": "作业更新日期: 2023-02-18T00:53:49Z\n统计更新日期: 2024-08-03\n好评率：33.33%  浏览量：80\n来源：作业代传——有问题联系原作者  ID：20903\n侬无言以对模组任务摆完挂机合集:BV1wU4y177Qu\n3星通关插曲SV-4；必须编入非助战杰西卡并上场，且使用1次掩护烟幕\n筱竹聽雨"
    },
    "groups": [],
    "opers": [
        {
            "name": "杰西卡",
            "skill": 1,
            "skill_usage": 0
        },
        {
            "name": "能天使",
            "skill": 1,
            "skill_usage": 0
        },
        {
            "name": "煌",
            "skill": 2,
            "skill_usage": 0
        }
    ],
    "stage_name": "act18d3_04"
}