{
    "minimum_required": "v4.0.0",
    "stage_name": "main_03-06",
    "actions": [
        {
            "type": "SpeedUp"
        },
        {
            "type": "Deploy",
            "name": "夜莺",
            "location": [
                6,
                4
            ],
            "direction": "Left",
            "costs": 61
        },
        {
            "type": "Deploy",
            "name": "松果",
            "location": [
                7,
                4
            ],
            "direction": "Left"
        },
        {
            "type": "Deploy",
            "name": "煌",
            "location": [
                7,
                5
            ],
            "direction": "Left"
        }
    ],
    "doc": {
        "title": "松果模组任务 - 3-6 - 移动电箱",
        "details": "作业更新日期: 2024-08-11T00:50:15Z\n统计更新日期: 2024-08-11\n好评率：100.0%  浏览量：1\n来源：一只摆烂的42  ID：40159\n松果「移动电箱」模组任务\n3星通关主题曲3-6；必须编入非助战松果并上场，且至少使用3次电能过载\n原视频：https://www.bilibili.com/video/BV1JS411w7sQ/\n制作者：一只摆烂的42\n有问题联系QQ2586582719\n修改自用请删除我的QQ"
    },
    "groups": [],
    "opers": [
        {
            "name": "松果",
            "skill": 2,
            "skill_usage": 0
        },
        {
            "name": "煌",
            "skill": 2,
            "skill_usage": 0
        },
        {
            "name": "夜莺",
            "skill": 2,
            "skill_usage": 0
        }
    ],
    "difficulty": 1
}