{
    "minimum_required": "v4.0.0",
    "stage_name": "main_08-08",
    "actions": [
        {
            "type": "SpeedUp"
        },
        {
            "type": "Deploy",
            "name": "棘刺",
            "location": [
                10,
                7
            ],
            "direction": "Left"
        },
        {
            "type": "Deploy",
            "name": "澄闪",
            "location": [
                11,
                6
            ],
            "direction": "Left"
        },
        {
            "type": "Deploy",
            "name": "能抗住无人机的干员",
            "location": [
                9,
                5
            ],
            "direction": "Left"
        },
        {
            "type": "Retreat",
            "name": "能抗住无人机的干员",
            "location": [
                9,
                5
            ],
            "kills": 10
        },
        {
            "type": "Retreat",
            "name": "棘刺",
            "location": [
                10,
                7
            ],
            "kills": 0,
            "pre_delay": 0
        },
        {
            "type": "Deploy",
            "name": "解决小兵的队伍",
            "location": [
                5,
                3
            ],
            "direction": "Up",
            "kills": 0,
            "pre_delay": 8500
        },
        {
            "type": "Retreat",
            "name": "解决小兵的队伍",
            "location": [
                5,
                3
            ],
            "kills": 12
        },
        {
            "type": "Deploy",
            "name": "棘刺",
            "location": [
                2,
                3
            ],
            "direction": "Down",
            "pre_delay": 0
        },
        {
            "type": "Deploy",
            "name": "能抗住无人机的干员",
            "location": [
                2,
                1
            ],
            "direction": "Left",
            "pre_delay": 0
        },
        {
            "type": "SkillUsage",
            "name": "棘刺",
            "pre_delay": 0,
            "skill_usage": 0
        },
        {
            "type": "Skill",
            "name": "棘刺",
            "location": [
                2,
                3
            ],
            "kills": 18
        },
        {
            "type": "Deploy",
            "name": "解决小兵的队伍",
            "location": [
                3,
                1
            ],
            "direction": "Right"
        },
        {
            "type": "Retreat",
            "name": "解决小兵的队伍",
            "location": [
                3,
                1
            ],
            "kills": 21
        },
        {
            "type": "Retreat",
            "name": "棘刺",
            "location": [
                2,
                3
            ],
            "pre_delay": 0
        },
        {
            "type": "Retreat",
            "name": "能抗住无人机的干员",
            "location": [
                2,
                1
            ],
            "pre_delay": 0
        },
        {
            "type": "Retreat",
            "name": "澄闪",
            "location": [
                11,
                6
            ],
            "pre_delay": 22000
        },
        {
            "type": "SkillDaemon"
        }
    ],
    "doc": {
        "title": "第八章 怒号光明 - R8-8 - 人心，向背无常 全撤了",
        "details": "统计日期：2024-05-31\n好评率：100.0%  浏览量：165\n来源：晓丶梦丶仁  ID：37850\n原json作者mermer\nmaa://37607\n将延时操作改为击杀识别\n全员满练\n\n作业https://www.bilibili.com/video/BV1FY4y1N7AU\n\n\n澄闪技能有就开\n可以多带点干员拆箱子，飞机打的剩一两个就开拆"
    },
    "groups": [
        {
            "name": "能抗住无人机的干员",
            "opers": [
                {
                    "name": "黍",
                    "skill": 1,
                    "skill_usage": 0
                },
                {
                    "name": "塞雷娅",
                    "skill": 1,
                    "skill_usage": 0
                },
                {
                    "name": "泥岩",
                    "skill": 2,
                    "skill_usage": 0
                }
            ]
        },
        {
            "name": "解决小兵的队伍",
            "opers": [
                {
                    "name": "锏",
                    "skill": 3,
                    "skill_usage": 1
                },
                {
                    "name": "缄默德克萨斯",
                    "skill": 3,
                    "skill_usage": 0
                },
                {
                    "name": "风笛",
                    "skill": 2,
                    "skill_usage": 0
                },
                {
                    "name": "麒麟X夜刀",
                    "skill": 2,
                    "skill_usage": 0
                },
                {
                    "name": "傀影",
                    "skill": 2,
                    "skill_usage": 0
                },
                {
                    "name": "山",
                    "skill": 1,
                    "skill_usage": 0
                },
                {
                    "name": "推进之王",
                    "skill": 2,
                    "skill_usage": 0
                },
                {
                    "name": "德克萨斯",
                    "skill": 1,
                    "skill_usage": 0
                },
                {
                    "name": "煌",
                    "skill": 1,
                    "skill_usage": 0
                },
                {
                    "name": "拉普兰德",
                    "skill": 2,
                    "skill_usage": 0
                }
            ]
        }
    ],
    "opers": [
        {
            "name": "棘刺",
            "skill": 3,
            "skill_usage": 1
        },
        {
            "name": "澄闪",
            "skill": 3,
            "skill_usage": 1
        }
    ],
    "difficulty": 0
}