{
    "minimum_required": "v4.0.0",
    "actions": [
        {
            "type": "SpeedUp"
        },
        {
            "type": "Deploy",
            "name": "拉普兰德",
            "location": [
                6,
                5
            ],
            "direction": "Up"
        },
        {
            "type": "Deploy",
            "name": "煌",
            "location": [
                4,
                5
            ],
            "direction": "Down"
        },
        {
            "type": "Deploy",
            "name": "灰喉",
            "location": [
                3,
                5
            ],
            "direction": "Up"
        },
        {
            "type": "Deploy",
            "name": "闪灵",
            "location": [
                2,
                6
            ],
            "direction": "Right"
        },
        {
            "type": "Output",
            "doc_color": "#6f42c1",
            "doc": "给个好评吧，亲~"
        }
    ],
    "doc": {
        "title": "灰喉模组摆完挂机-母爱的倒影",
        "details": "统计日期：2024-05-31\n好评率：100.0%  浏览量：165\n来源：作业代传——有问题联系原作者  ID：20894\n侬无言以对模组任务摆完挂机合集:BV1wU4y177Qu\n3星通关主题曲2-10；必须编入非助战灰喉并上场，且使用灰喉歼灭碎骨\n筱竹聽雨"
    },
    "groups": [],
    "opers": [
        {
            "name": "拉普兰德",
            "skill": 2,
            "skill_usage": 0
        },
        {
            "name": "煌",
            "skill": 2,
            "skill_usage": 0
        },
        {
            "name": "闪灵",
            "skill": 2,
            "skill_usage": 0
        },
        {
            "name": "灰喉",
            "skill": 1,
            "skill_usage": 0
        }
    ],
    "stage_name": "main_02-10"
}