{
    "minimum_required": "v4.0.0",
    "stage_name": "act22side_05",
    "actions": [
        {
            "type": "SpeedUp"
        },
        {
            "type": "Deploy",
            "name": "煌",
            "location": [
                2,
                4
            ],
            "direction": "Right",
            "costs": 24
        },
        {
            "type": "Deploy",
            "name": "纯烬艾雅法拉",
            "location": [
                1,
                3
            ],
            "direction": "Right",
            "costs": 16
        },
        {
            "type": "SkillDaemon"
        }
    ],
    "doc": {
        "title": "纯烬艾雅法拉模组 双任务一次满足  半挂机",
        "details": "作业更新日期: 2024-08-02T03:35:50Z\n统计更新日期: 2024-09-17\n好评率：76.92%  浏览量：526\n来源：yahaya  ID：39810\n参考B站UP涂绘天菜\nhttps://www.bilibili.com/video/BV13MveeFEAv\n参考练度：奶羊精二60 三技能无专，煌精二90 二技能专三（没试过其他练度）\n一次行动奶羊开一次技能，模组任务需重复5次"
    },
    "groups": [],
    "opers": [
        {
            "name": "煌",
            "skill": 2,
            "skill_usage": 0
        },
        {
            "name": "纯烬艾雅法拉",
            "skill": 3,
            "skill_usage": 1
        }
    ]
}