{
    "minimum_required": "v4.0.0",
    "stage_name": "act9d0_05",
    "actions": [
        {
            "type": "Deploy",
            "name": "棘刺",
            "location": [
                2,
                6
            ],
            "direction": "Up"
        },
        {
            "type": "SpeedUp"
        },
        {
            "type": "Deploy",
            "name": "维什戴尔",
            "location": [
                3,
                4
            ],
            "direction": "Right"
        },
        {
            "type": "Deploy",
            "name": "塞or黍",
            "location": [
                2,
                2
            ],
            "direction": "Right"
        },
        {
            "type": "SkillDaemon"
        }
    ],
    "doc": {
        "title": "生于黑夜·复刻 - DM-5 - 旗帜【W维什戴尔模组任务】",
        "details": "作业更新日期: 2024-05-01T13:39:57Z\n统计更新日期: 2024-08-03\n好评率：98.34%  浏览量：10140\n来源：小卡拉帕鲁灰🐖  ID：36645\n“祖宗发射器”，哈哈哈哈哈哈\n由非助战维什戴尔累计造成120000伤害 \n3星通关插曲DM-5；必须编入非助战维什戴尔并上场，且使用维什戴尔至少歼灭20个敌人"
    },
    "groups": [
        {
            "name": "塞or黍",
            "opers": [
                {
                    "name": "塞雷娅",
                    "skill": 1,
                    "skill_usage": 0
                },
                {
                    "name": "黍",
                    "skill": 1,
                    "skill_usage": 0
                }
            ]
        }
    ],
    "opers": [
        {
            "name": "维什戴尔",
            "skill": 3,
            "skill_usage": 1
        },
        {
            "name": "棘刺",
            "skill": 3,
            "skill_usage": 1
        }
    ]
}