{
    "minimum_required": "v4.0.0",
    "actions": [
        {
            "type": "SpeedUp"
        },
        {
            "type": "Deploy",
            "name": "拉普兰德",
            "location": [
                6,
                5
            ],
            "direction": "Up"
        },
        {
            "type": "Deploy",
            "name": "守林人",
            "location": [
                2,
                5
            ],
            "direction": "Up"
        },
        {
            "type": "Deploy",
            "name": "歌蕾蒂娅",
            "location": [
                4,
                5
            ],
            "direction": "Down"
        },
        {
            "type": "Output",
            "doc_color": "#6f42c1",
            "doc": "给个好评吧，亲~"
        }
    ],
    "doc": {
        "title": "守林人模组摆完挂机-野战狙击套装",
        "details": "作业更新日期: 2023-02-18T00:53:51Z\n统计更新日期: 2024-08-03\n好评率：92.31%  浏览量：147\n来源：作业代传——有问题联系原作者  ID：20954\n侬无言以对模组任务摆完挂机合集:BV1wU4y177Qu\n3星通关主题曲2-10；必须编入非助战守林人并上场，且使用守林人歼灭碎骨\n筱竹聽雨"
    },
    "groups": [],
    "opers": [
        {
            "name": "守林人",
            "skill": 2,
            "skill_usage": 0
        },
        {
            "name": "拉普兰德",
            "skill": 2,
            "skill_usage": 0
        },
        {
            "name": "歌蕾蒂娅",
            "skill": 1,
            "skill_usage": 0
        }
    ],
    "stage_name": "main_02-10"
}