{
    "minimum_required": "v4.0.0",
    "stage_name": "act5d0_03",
    "actions": [
        {
            "type": "SpeedUp"
        },
        {
            "type": "Deploy",
            "name": "棘刺",
            "location": [
                3,
                4
            ],
            "direction": "Up"
        },
        {
            "type": "Deploy",
            "name": "德克萨斯",
            "location": [
                2,
                4
            ],
            "direction": "Left"
        },
        {
            "type": "SkillDaemon"
        }
    ],
    "doc": {
        "title": "【喧闹法则】CB-3德克萨斯模组任务",
        "details": "作业更新日期: 2023-02-18T00:53:47Z\n统计更新日期: 2024-08-22\n好评率：98.04%  浏览量：1158\n来源：作业代传——有问题联系原作者  ID：20832\nUP：9945hh\n原视频：https://www.bilibili.com/video/av262246180/\n有问题联系制作者QQ2586582719"
    },
    "groups": [],
    "opers": [
        {
            "name": "德克萨斯",
            "skill": 2,
            "skill_usage": 1
        },
        {
            "name": "棘刺",
            "skill": 3,
            "skill_usage": 1
        }
    ]
}