{
    "minimum_required": "v4.0.0",
    "stage_name": "act16d5_07",
    "actions": [
        {
            "type": "Deploy",
            "name": "能天使",
            "location": [
                6,
                2
            ],
            "direction": "Down"
        },
        {
            "type": "Deploy",
            "name": "山",
            "location": [
                3,
                3
            ],
            "direction": "Down"
        },
        {
            "type": "SpeedUp"
        },
        {
            "type": "Deploy",
            "name": "食铁兽",
            "location": [
                7,
                3
            ],
            "direction": "Down"
        },
        {
            "type": "Deploy",
            "name": "医疗",
            "location": [
                6,
                1
            ],
            "direction": "Down"
        },
        {
            "type": "SkillUsage",
            "kills": 37,
            "name": "食铁兽",
            "skill_usage": 0
        },
        {
            "type": "Skill",
            "kills": 42,
            "name": "食铁兽"
        },
        {
            "type": "SkillDaemon"
        }
    ],
    "doc": {
        "title": "画中人·复刻 - WR-7 - 【食铁兽模组任务】尚蜀风味自制辣酱",
        "details": "统计日期：2024-05-31\n好评率：100.0%  浏览量：131\n来源：小卡拉帕鲁灰🐖  ID：30502\n任务要求：3星通关别传WR-7;必须编入非助战食铁兽并上场，且至少使用2次崩拳式 \n练度：食铁兽-精二1级7级二技能；其余精二60专三\n"
    },
    "groups": [
        {
            "name": "医疗",
            "opers": [
                {
                    "name": "纯烬艾雅法拉",
                    "skill": 1,
                    "skill_usage": 0
                },
                {
                    "name": "闪灵",
                    "skill": 2,
                    "skill_usage": 0
                },
                {
                    "name": "安赛尔",
                    "skill": 1,
                    "skill_usage": 0
                },
                {
                    "name": "芙蓉",
                    "skill": 1,
                    "skill_usage": 0
                }
            ]
        }
    ],
    "opers": [
        {
            "name": "食铁兽",
            "skill": 2,
            "skill_usage": 1
        },
        {
            "name": "山",
            "skill": 2,
            "skill_usage": 2
        },
        {
            "name": "能天使",
            "skill": 3,
            "skill_usage": 0
        }
    ]
}