{
    "minimum_required": "v4.0",
    "doc": {
        "title": "【登临意】WB-6四人",
        "details": "UP主：侬无言以对\n原视频：https://www.bilibili.com/video/av777909752/\n有问题联系制作者QQ2586582719"
    },
    "stage_name": "WB-6",
    "opers": [
        {
            "name": "煌",
            "skill": 2,
            "skill_usage": 0
        },
        {
            "name": "塞雷娅",
            "skill": 1,
            "skill_usage": 0
        },
        {
            "name": "星熊",
            "skill": 2,
            "skill_usage": 0
        },
        {
            "name": "拉普兰德",
            "skill": 2,
            "skill_usage": 0
        }
    ],
    "actions": [
        {
            "type": "二倍速",
            "name": ""
        },
        {
            "type": "部署",
            "name": "拉普兰德",
            "location": [
                8,
                5
            ],
            "direction": "上"
        },
        {
            "type": "部署",
            "name": "塞雷娅",
            "location": [
                9,
                5
            ],
            "direction": "上"
        },
        {
            "type": "部署",
            "name": "煌",
            "location": [
                9,
                4
            ],
            "direction": "上"
        },
        {
            "type": "部署",
            "name": "星熊",
            "location": [
                8,
                4
            ],
            "direction": "左"
        },
        {
            "type": "打印",
            "name": "",
            "doc": "有问题联系制作者QQ2586582719",
            "doc_color": "SpringGreen"
        }
    ]
}