{
    "minimum_required": "v4.0",
    "doc": {
        "title": "【喧闹法则】CB-9四人",
        "details": "UP主：刻俄柏_\n原视频：https://www.bilibili.com/video/av468658205/\n有问题联系制作者QQ2586582719"
    },
    "stage_name": "CB-9",
    "opers": [
        {
            "name": "山",
            "skill": 2,
            "skill_usage": 2
        },
        {
            "name": "拉普兰德",
            "skill": 2,
            "skill_usage": 0
        },
        {
            "name": "泥岩",
            "skill": 2,
            "skill_usage": 0
        },
        {
            "name": "塞雷娅",
            "skill": 1,
            "skill_usage": 0
        }
    ],
    "actions": [
        {
            "type": "二倍速",
            "name": ""
        },
        {
            "type": "部署",
            "name": "山",
            "location": [
                2,
                2
            ],
            "direction": "下"
        },
        {
            "type": "部署",
            "name": "泥岩",
            "location": [
                9,
                3
            ],
            "direction": "下"
        },
        {
            "type": "部署",
            "name": "便携式补给站",
            "location": [
                10,
                3
            ],
            "direction": "左"
        },
        {
            "type": "部署",
            "name": "塞雷娅",
            "location": [
                2,
                1
            ],
            "direction": "下"
        },
        {
            "type": "部署",
            "name": "拉普兰德",
            "location": [
                9,
                1
            ],
            "direction": "下"
        },
        {
            "type": "打印",
            "name": "",
            "doc": "有问题联系制作者QQ2586582719",
            "doc_color": "SpringGreen"
        }
    ]
}