{
    "stage_name": "mem_tuye_1",
    "minimum_required": "v4.0.0",
    "doc": {
        "title": "图耶悖论模拟 伞下荫蔽",
        "details": "——————————\n作业更新日期: 2025-05-29T17:35:57Z\n统计更新日期: 2025-09-23\n相对评分：70.33%  相对热度：49.58%\n来源：雁丘词是美少女  ID：58490\n——————————\n精二1级，7级技能可过\n带2技能"
    },
    "opers": [
        {
            "name": "图耶",
            "skill": 2,
            "skill_usage": 0
        },
        {
            "name": "斯卡蒂",
            "skill": 3,
            "skill_usage": 0
        },
        {
            "name": "山",
            "skill": 2,
            "skill_usage": 2,
            "skill_times": 1
        }
    ],
    "groups": [],
    "actions": [
        {
            "type": "SpeedUp"
        },
        {
            "name": "图耶",
            "location": [
                3,
                2
            ],
            "direction": "Right",
            "type": "Deploy",
            "costs": 0
        },
        {
            "type": "Skill",
            "name": "山",
            "location": [
                4,
                3
            ],
            "costs": 11
        },
        {
            "type": "Skill",
            "name": "斯卡蒂",
            "location": [
                3,
                1
            ],
            "kills": 9,
            "pre_delay": 4
        },
        {
            "type": "Output",
            "kills": 15
        }
    ]
}