{
    "minimum_required": "v4.0.0",
    "stage_name": "mem_lumen_1",
    "actions": [
        {
            "type": "SpeedUp"
        },
        {
            "type": "Deploy",
            "name": "艾丽妮",
            "location": [
                5,
                3
            ],
            "direction": "Left"
        },
        {
            "type": "Deploy",
            "name": "流明",
            "location": [
                7,
                3
            ],
            "direction": "Left"
        },
        {
            "type": "Skill",
            "name": "艾丽妮",
            "costs": 28,
            "pre_delay": 0
        },
        {
            "type": "Deploy",
            "name": "圣徒之手",
            "location": [
                1,
                3
            ],
            "costs": 41,
            "pre_delay": 500,
            "direction": "Right"
        },
        {
            "type": "Deploy",
            "name": "圣徒之手",
            "location": [
                1,
                3
            ],
            "costs": 58,
            "pre_delay": 0,
            "direction": "Right"
        },
        {
            "type": "BulletTime",
            "name": "艾丽妮"
        },
        {
            "type": "Skill",
            "name": "艾丽妮",
            "location": [
                5,
                3
            ],
            "cooling": 1
        },
        {
            "type": "Deploy",
            "name": "圣徒之手",
            "location": [
                1,
                3
            ],
            "direction": "Right",
            "costs": 73,
            "pre_delay": 0
        },
        {
            "type": "Skill",
            "name": "流明",
            "location": [
                7,
                3
            ],
            "costs": 82,
            "pre_delay": 0
        },
        {
            "type": "Deploy",
            "name": "圣徒之手",
            "location": [
                1,
                3
            ],
            "direction": "Right"
        },
        {
            "type": "Skill",
            "name": "艾丽妮",
            "location": [
                5,
                3
            ],
            "costs": 95,
            "pre_delay": 0
        }
    ],
    "doc": {
        "title": "【开启截图增强】流明二技能 - 风浪微光   #悖论模拟",
        "details": "——————————\n作业更新日期: 2025-05-13T13:48:48Z\n统计更新日期: 2025-09-20\n相对评分：100.0%  相对热度：100.0%\n来源：542B  ID：29988\n——————————\n圣徒之手我们敬爱你口牙\n本作业为二倍速，测试为满潜，精二60，七级技能，无模组\n截图速度20ms\n有问题请留言，希望对你有帮助"
    },
    "groups": [],
    "opers": [
        {
            "name": "流明",
            "skill": 2,
            "skill_usage": 0
        },
        {
            "name": "作者   542B",
            "skill": 1,
            "skill_usage": 0
        },
        {
            "name": "求反馈",
            "skill": 2,
            "skill_usage": 0
        },
        {
            "name": "o(〃＾▽＾〃)o",
            "skill": 3,
            "skill_usage": 0
        }
    ]
}