{
    "minimum_required": "v4.0.0",
    "stage_name": "main_05-10",
    "actions": [
        {
            "type": "SpeedUp"
        },
        {
            "type": "SpeedUp",
            "costs": 22
        },
        {
            "type": "Deploy",
            "name": "赫拉格",
            "location": [
                5,
                4
            ],
            "direction": "Right"
        },
        {
            "type": "SpeedUp"
        },
        {
            "type": "Deploy",
            "name": "异客",
            "location": [
                5,
                3
            ],
            "direction": "Right"
        },
        {
            "type": "Deploy",
            "name": "凯尔希",
            "location": [
                6,
                6
            ],
            "direction": "Up"
        },
        {
            "type": "Deploy",
            "name": "查漏补缺",
            "location": [
                1,
                4
            ],
            "direction": "Right"
        },
        {
            "type": "Deploy",
            "name": "Mon3tr",
            "location": [
                6,
                2
            ],
            "direction": "Right"
        },
        {
            "type": "SkillUsage",
            "name": "凯尔希",
            "kills": 21,
            "pre_delay": 13000,
            "skill_usage": 1
        },
        {
            "type": "Skill",
            "name": "赫拉格",
            "kills": 41,
            "pre_delay": 3000,
            "location": [
                5,
                4
            ]
        },
        {
            "type": "SkillUsage",
            "name": "异客",
            "kills": 51,
            "pre_delay": 6000,
            "skill_usage": 1
        },
        {
            "type": "Skill",
            "name": "赫拉格",
            "kills": 55,
            "location": [
                5,
                4
            ]
        },
        {
            "type": "SkillUsage",
            "name": "赫拉格",
            "skill_usage": 1
        },
        {
            "type": "Retreat",
            "name": "凯尔希",
            "location": [
                6,
                6
            ],
            "kills": 72
        },
        {
            "type": "Retreat",
            "name": "查漏补缺",
            "location": [
                1,
                4
            ],
            "kills": 72
        },
        {
            "type": "SkillDaemon"
        }
    ],
    "doc": {
        "title": "异客y凯尔希x赫拉格x模组任务一起做",
        "details": "作业更新日期: 2023-09-22T15:51:09Z\n统计更新日期: 2024-08-03\n好评率：59.26%  浏览量：1031\n来源：Issuing2890  ID：28190\nLuCifer大膜王，https://www.bilibili.com/video/BV1BP411A7Mx\n模组任务：3星通关主题曲5-10；必须编入非助战XX干员并上场\n异客：歼灭至少2个粉碎攻坚手\n凯尔希：使用4次技能3（指令:熔毁）\n赫拉格：歼灭梅菲斯特"
    },
    "groups": [
        {
            "name": "查漏补缺",
            "opers": [
                {
                    "name": "山",
                    "skill": 2,
                    "skill_usage": 2
                },
                {
                    "name": "推进之王",
                    "skill": 2,
                    "skill_usage": 0
                }
            ]
        }
    ],
    "opers": [
        {
            "name": "赫拉格",
            "skill": 2,
            "skill_usage": 2
        },
        {
            "name": "凯尔希",
            "skill": 3,
            "skill_usage": 0
        },
        {
            "name": "异客",
            "skill": 2,
            "skill_usage": 2
        }
    ]
}