{
    "minimum_required": "v4.0.0",
    "stage_name": "main_08-08",
    "actions": [
        {
            "type": "SpeedUp"
        },
        {
            "type": "Deploy",
            "name": "澄闪",
            "location": [
                11,
                6
            ],
            "direction": "Left"
        },
        {
            "type": "Deploy",
            "name": "棘刺",
            "location": [
                10,
                7
            ],
            "direction": "Left"
        },
        {
            "type": "Deploy",
            "name": "塞雷娅",
            "location": [
                9,
                5
            ],
            "direction": "Right"
        },
        {
            "type": "Deploy",
            "name": "艾雅法拉",
            "location": [
                10,
                4
            ],
            "direction": "Left"
        },
        {
            "type": "Retreat",
            "name": "艾雅法拉",
            "location": [
                10,
                4
            ],
            "kills": 10
        },
        {
            "type": "Deploy",
            "name": "医疗",
            "location": [
                10,
                4
            ],
            "direction": "Down"
        },
        {
            "type": "SkillDaemon"
        }
    ],
    "doc": {
        "title": "第八章 怒号光明 - R8-8 - 人心，向背无常 澄闪模组“辛劳之翼”解锁任务",
        "details": "作业更新日期: 2024-07-23T03:04:26Z\n统计更新日期: 2024-07-28\n好评率：100.0%  浏览量：45\n来源：小墨在摸鱼  ID：39588\n第八章 怒号光明 - R8-8 - 人心，向背无常 澄闪模组“辛劳之翼”解锁任务"
    },
    "groups": [
        {
            "name": "快速复活（没用上，看着补漏）",
            "opers": [
                {
                    "name": "红",
                    "skill": 2,
                    "skill_usage": 0
                },
                {
                    "name": "缄默德克萨斯",
                    "skill": 2,
                    "skill_usage": 0
                },
                {
                    "name": "傀影",
                    "skill": 2,
                    "skill_usage": 0
                },
                {
                    "name": "麒麟R夜刀",
                    "skill": 2,
                    "skill_usage": 0
                },
                {
                    "name": "砾",
                    "skill": 1,
                    "skill_usage": 0
                }
            ]
        },
        {
            "name": "医疗",
            "opers": [
                {
                    "name": "纯烬艾雅法拉",
                    "skill": 1,
                    "skill_usage": 0
                },
                {
                    "name": "闪灵",
                    "skill": 2,
                    "skill_usage": 0
                },
                {
                    "name": "流明",
                    "skill": 3,
                    "skill_usage": 2,
                    "skill_times": 1
                },
                {
                    "name": "华法琳",
                    "skill": 1,
                    "skill_usage": 0
                },
                {
                    "name": "蜜莓",
                    "skill": 1,
                    "skill_usage": 0
                },
                {
                    "name": "赫默",
                    "skill": 1,
                    "skill_usage": 0
                },
                {
                    "name": "苏苏洛",
                    "skill": 1,
                    "skill_usage": 0
                },
                {
                    "name": "芙蓉",
                    "skill": 1,
                    "skill_usage": 1
                },
                {
                    "name": "安赛尔",
                    "skill": 1,
                    "skill_usage": 1
                }
            ]
        }
    ],
    "opers": [
        {
            "name": "澄闪",
            "skill": 3,
            "skill_usage": 1
        },
        {
            "name": "棘刺",
            "skill": 3,
            "skill_usage": 1
        },
        {
            "name": "塞雷娅",
            "skill": 1,
            "skill_usage": 0
        },
        {
            "name": "艾雅法拉",
            "skill": 3,
            "skill_usage": 1
        }
    ],
    "difficulty": 1
}