{
    "minimum_required": "v4.0.0",
    "stage_name": "mem_jaksel_1",
    "actions": [
        {
            "type": "Deploy",
            "name": "杰克",
            "location": [
                4,
                2
            ],
            "direction": "Right"
        },
        {
            "type": "SpeedUp"
        },
        {
            "type": "Deploy",
            "name": "浊心斯卡蒂",
            "location": [
                2,
                2
            ],
            "direction": "Right"
        },
        {
            "type": "Skill",
            "name": "杰克",
            "costs": 39
        },
        {
            "type": "Skill",
            "name": "杰克",
            "costs": 95
        }
    ],
    "doc": {
        "title": "近卫 - 杰克 - 危机现场",
        "details": "作业更新日期: 2023-07-02T03:01:27Z\n统计更新日期: 2024-10-07\n好评率：55.26%  浏览量：364\n来源：一只摆烂的42  ID：24374\nhttps://www.bilibili.com/video/BV1UM4y1q7JK/\n练度精二1级 7级技能\n制作者：一只摆烂的42\n有问题联系QQ2586582719"
    },
    "groups": [],
    "opers": [
        {
            "name": "杰克",
            "skill": 2,
            "skill_usage": 0
        }
    ]
}