{
    "minimum_required": "v4.0.0",
    "stage_name": "mem_nearl2_1",
    "actions": [
        {
            "type": "Deploy",
            "name": "焰尾",
            "location": [
                2,
                3
            ],
            "direction": "Right",
            "costs": 15
        },
        {
            "type": "Deploy",
            "name": "流星",
            "location": [
                1,
                4
            ],
            "costs": 12,
            "direction": "Right"
        },
        {
            "type": "Skill",
            "name": "焰尾",
            "location": [
                2,
                3
            ],
            "costs": 10
        },
        {
            "type": "Deploy",
            "name": "耀骑士临光",
            "location": [
                3,
                3
            ],
            "costs": 28,
            "direction": "Right"
        },
        {
            "type": "Skill",
            "name": "耀骑士临光",
            "location": [
                3,
                3
            ],
            "costs": 34
        },
        {
            "type": "Deploy",
            "name": "砾",
            "location": [
                6,
                3
            ],
            "costs": 39,
            "direction": "Left"
        },
        {
            "type": "Skill",
            "name": "焰尾",
            "costs": 34
        },
        {
            "type": "Retreat",
            "name": "砾",
            "costs": 59
        },
        {
            "type": "Deploy",
            "name": "砾",
            "location": [
                6,
                3
            ],
            "costs": 85,
            "direction": "Left"
        },
        {
            "type": "Skill",
            "name": "白面鸮",
            "location": [
                2,
                1
            ],
            "costs": 76
        },
        {
            "type": "Skill",
            "name": "焰尾",
            "costs": 80
        },
        {
            "type": "Skill",
            "name": "耀骑士临光",
            "kills": 11,
            "pre_delay": 300
        }
    ],
    "doc": {
        "title": "耀骑士临光 悖论模拟",
        "details": "作业更新日期: 2023-03-15T06:12:41Z\n统计更新日期: 2024-10-07\n好评率：85.47%  浏览量：4458\n来源：失了智的门之钥  ID：21229\n作业来源  倾九_Komy   BV1hd4y1g7wK\n耀光三技能，另外抄ZC的那个作业有问题就自己做了一个，已测试，蓝叠国际版稳定运行"
    },
    "groups": [],
    "opers": [
        {
            "name": "砾",
            "skill": 1,
            "skill_usage": 0
        },
        {
            "name": "耀骑士临光",
            "skill": 3,
            "skill_usage": 0
        },
        {
            "name": "白面鸮",
            "skill": 2,
            "skill_usage": 0
        },
        {
            "name": "焰尾",
            "skill": 2,
            "skill_usage": 0
        }
    ]
}