{
    "minimum_required": "v4.0.0",
    "stage_name": "mem_f12yin_1",
    "actions": [
        {
            "type": "SpeedUp"
        },
        {
            "type": "Deploy",
            "name": "山",
            "location": [
                6,
                3
            ],
            "direction": "Left"
        },
        {
            "type": "Deploy",
            "name": "白面鸮",
            "location": [
                4,
                5
            ],
            "direction": "Right"
        },
        {
            "type": "Skill",
            "name": "白面鸮",
            "location": [
                4,
                5
            ],
            "kills": 42
        },
        {
            "type": "Skill",
            "location": [
                5,
                5
            ]
        },
        {
            "type": "Skill",
            "location": [
                5,
                1
            ],
            "pre_delay": 3000
        },
        {
            "type": "Skill",
            "location": [
                7,
                4
            ],
            "kills": 53
        },
        {
            "type": "SkillDaemon"
        }
    ],
    "doc": {
        "title": "近卫 - 山 - 不动如山",
        "details": "——————————\n作业更新日期: 2024-12-28T15:20:39Z\n统计更新日期: 2025-10-16\n相对评分：98.91%  相对热度：100.0%\n来源：AKiSA  ID：45059\n——————————\n3技能无专精，60级，下限未知\n参考视频：https://www.bilibili.com/video/av587772051/"
    },
    "groups": [],
    "opers": [
        {
            "name": "山",
            "skill": 3,
            "skill_usage": 1
        }
    ]
}