{
    "minimum_required": "v4.0.0",
    "stage_name": "mem_svrash_1",
    "actions": [
        {
            "type": "Deploy",
            "name": "银灰",
            "location": [
                5,
                1
            ],
            "direction": "Down"
        },
        {
            "type": "Deploy",
            "name": "障碍物",
            "location": [
                6,
                1
            ],
            "direction": "Left"
        },
        {
            "type": "SpeedUp"
        },
        {
            "type": "Deploy",
            "name": "梓兰",
            "direction": "Left",
            "location": [
                7,
                2
            ]
        },
        {
            "type": "Deploy",
            "name": "障碍物",
            "location": [
                7,
                4
            ],
            "direction": "Down",
            "cost_changes": 7
        },
        {
            "type": "Deploy",
            "name": "障碍物",
            "location": [
                3,
                2
            ],
            "direction": "Left"
        },
        {
            "type": "Skill",
            "kills": 1,
            "name": "银灰"
        },
        {
            "type": "Skill",
            "name": "梓兰",
            "cost_changes": 48
        },
        {
            "type": "Skill",
            "name": "银灰",
            "kills": 22,
            "pre_delay": 1500
        },
        {
            "type": "Retreat",
            "name": "障碍物",
            "location": [
                3,
                2
            ],
            "kills": 22,
            "rear_delay": 1000
        },
        {
            "type": "Deploy",
            "name": "障碍物",
            "location": [
                5,
                2
            ],
            "direction": "Left"
        }
    ],
    "doc": {
        "title": "银灰 悖论模拟 睥睨",
        "details": "——————————\n作业更新日期: 2023-02-27T07:27:14Z\n统计更新日期: 2025-10-05\n相对评分：71.13000000000001%  相对热度：85.26%\n来源：winwinyang  ID：21248\n——————————\n干员等级：银灰精二1级，三技能7级\n自动战斗作业作者：winwinyang"
    },
    "groups": [],
    "opers": [
        {
            "name": "银灰",
            "skill": 1,
            "skill_usage": 0
        }
    ]
}