{
  "minimum_required": "v4.0.0",
  "stage_name": "main_04-05",
  "actions": [
    {
      "type": "SpeedUp",
      "rear_delay": 0
    },
    {
      "type": "Deploy",
      "name": "煌",
      "location": [
        1,
        3
      ],
      "direction": "Down",
      "rear_delay": 0
    },
    {
      "type": "Deploy",
      "name": "塞雷娅",
      "location": [
        1,
        4
      ],
      "direction": "Down",
      "rear_delay": 0
    },
    {
      "type": "Deploy",
      "name": "多萝西",
      "location": [
        2,
        4
      ],
      "direction": "Right"
    }
  ],
  "doc": {
    "title": "多萝西   模组任务   主线4-5",
    "details": "UP主：侬无言以对   \n视频：https://www.bilibili.com/video/BV1gh411g7ra/"
  },
  "groups": [],
  "opers": [
    {
      "name": "煌",
      "skill": 2,
      "skill_usage": 1
    },
    {
      "name": "塞雷娅",
      "skill": 1,
      "skill_usage": 0
    },
    {
      "name": "多萝西",
      "skill": 2,
      "skill_usage": 0
    }
  ]
}