{
  "minimum_required": "v4.0.0",
  "actions": [
    {
      "type": "SpeedUp"
    },
    {
      "type": "Deploy",
      "name": "煌",
      "location": [
        10,
        5
      ],
      "direction": "Left"
    },
    {
      "type": "Deploy",
      "name": "闪灵",
      "location": [
        10,
        4
      ],
      "direction": "Left"
    },
    {
      "type": "Deploy",
      "name": "灵知",
      "location": [
        8,
        4
      ],
      "direction": "Left"
    },
    {
      "type": "Output",
      "doc_color": "#6f42c1",
      "doc": "给个好评吧，亲~",
      "kills": 37
    }
  ],
  "doc": {
    "title": "灵知模组摆完挂机-“誓言”",
    "details": "侬无言以对模组任务摆完挂机合集:BV1wU4y177Qu\n3星通关别传BI-7，必须编入非助战灵知并上场，且不编入其他辅助干员\n筱竹聽雨"
  },
  "groups": [],
  "opers": [
    {
      "name": "灵知",
      "skill": 3,
      "skill_usage": 1
    },
    {
      "name": "煌",
      "skill": 2,
      "skill_usage": 0
    },
    {
      "name": "闪灵",
      "skill": 2,
      "skill_usage": 0
    },
    {
      "name": "德克萨斯",
      "skill": 1,
      "skill_usage": 0
    }
  ],
  "stage_name": "act14side_07"
}