{
  "minimum_required": "v4.0.0",
  "actions": [
    {
      "type": "SpeedUp"
    },
    {
      "type": "Deploy",
      "name": "煌",
      "location": [
        6,
        3
      ],
      "direction": "Right"
    },
    {
      "type": "Deploy",
      "name": "塞雷娅",
      "location": [
        3,
        1
      ],
      "direction": "Right"
    },
    {
      "type": "Deploy",
      "name": "炎客",
      "location": [
        4,
        1
      ],
      "direction": "Right"
    },
    {
      "type": "Output",
      "doc_color": "#6f42c1",
      "doc": "给个好评吧，亲~"
    }
  ],
  "doc": {
    "title": "炎客模组摆完挂机-锈损的断刀",
    "details": "侬无言以对模组任务摆完挂机合集:BV1wU4y177Qu\n3星通关主题曲S4-3；必须编入非助战炎客并上场，且使用炎客歼灭至少3个萨卡兹敌人\n筱竹聽雨"
  },
  "groups": [],
  "opers": [
    {
      "name": "煌",
      "skill": 2,
      "skill_usage": 0
    },
    {
      "name": "塞雷娅",
      "skill": 1,
      "skill_usage": 0
    },
    {
      "name": "炎客",
      "skill": 1,
      "skill_usage": 0
    }
  ],
  "stage_name": "obt/main/level_sub_04-1-3"
}