{
  "minimum_required": "v4.0.0",
  "actions": [
    {
      "type": "SpeedUp"
    },
    {
      "type": "Deploy",
      "name": "闪灵",
      "location": [
        8,
        4
      ],
      "direction": "Left"
    },
    {
      "type": "Deploy",
      "name": "白铁",
      "location": [
        6,
        3
      ],
      "direction": "Left"
    },
    {
      "type": "Deploy",
      "name": "老鲤",
      "location": [
        7,
        3
      ],
      "direction": "Left"
    },
    {
      "type": "Output",
      "doc_color": "#6f42c1",
      "doc": "给个好评吧，亲~"
    }
  ],
  "doc": {
    "title": "白铁模组摆完挂机-铁钳号·爬行者",
    "details": "侬无言以对模组任务摆完挂机合集:BV1wU4y177Qu\n3星通关主题曲11-6标准实战环境；必须编入非助战白铁并上场，且使用白铁或白铁的支援装置歼灭至少15名萨卡兹枯朽战士\n筱竹聽雨"
  },
  "groups": [],
  "opers": [
    {
      "name": "老鲤",
      "skill": 3,
      "skill_usage": 0
    },
    {
      "name": "闪灵",
      "skill": 2,
      "skill_usage": 0
    },
    {
      "name": "白铁",
      "skill": 3,
      "skill_usage": 0
    }
  ],
  "stage_name": "main_11-05"
}