{
    "minimum_required": "v4.0.0",
    "stage_name": "act25side_08",
    "actions": [
        {
            "type": "SpeedUp"
        },
        {
            "type": "Deploy",
            "name": "史尔特尔",
            "location": [
                4,
                1
            ],
            "direction": "Down"
        },
        {
            "type": "Skill",
            "name": "史尔特尔",
            "location": [
                4,
                1
            ],
            "costs": 26
        },
        {
            "type": "Deploy",
            "name": "假日威龙陈",
            "location": [
                6,
                1
            ],
            "direction": "Down"
        },
        {
            "type": "Retreat",
            "name": "史尔特尔",
            "location": [
                4,
                1
            ],
            "kills": 4
        },
        {
            "type": "Skill",
            "name": "假日威龙陈",
            "location": [
                6,
                1
            ],
            "kills": 7
        },
        {
            "type": "Deploy",
            "name": "艾雅法拉",
            "location": [
                7,
                6
            ],
            "direction": "Down"
        },
        {
            "type": "Skill",
            "name": "假日威龙陈",
            "location": [
                6,
                1
            ],
            "kills": 18
        },
        {
            "type": "Deploy",
            "name": "史尔特尔",
            "location": [
                4,
                1
            ],
            "direction": "Down"
        },
        {
            "type": "Skill",
            "name": "史尔特尔",
            "location": [
                4,
                1
            ],
            "costs": 90
        },
        {
            "type": "SkillUsage",
            "name": "假日威龙陈",
            "skill_usage": 2
        },
        {
            "type": "Skill",
            "name": "艾雅法拉",
            "location": [
                7,
                6
            ],
            "kills": 24
        },
        {
            "type": "SkillDaemon",
            "doc": "有帮助的话 点个好评吧~",
            "doc_color": "DarkRed"
        }
    ],
    "doc": {
        "title": "孤星 CW-8 酮凝集组 水陈42小羊三人速刷",
        "details": "统计日期：2024-06-01\n好评率：93.3%  浏览量：5501\n来源：鱼丸不是鱼van  ID：23100\n群友验证可以正常使用 但是我不行 可能我maa出了点问题。。\n加了个小羊 收尾会快一些\n攻略作者：机智晓枫 https://www.bilibili.com/video/BV1dM4y1t7JY 记得去b站给机智晓枫点赞三连\njson作者：鱼丸 有问题请点踩 然后在评论区反馈\n平均练度 2603 \n已测试"
    },
    "groups": [],
    "opers": [
        {
            "name": "史尔特尔",
            "skill": 3,
            "skill_usage": 0
        },
        {
            "name": "假日威龙陈",
            "skill": 3,
            "skill_usage": 0
        },
        {
            "name": "艾雅法拉",
            "skill": 3,
            "skill_usage": 0
        }
    ]
}