{
    "minimum_required": "v4.0.0",
    "stage_name": "act25side_09",
    "actions": [
        {
            "type": "Deploy",
            "name": "煌",
            "location": [
                8,
                5
            ],
            "direction": "Left"
        },
        {
            "type": "SpeedUp"
        },
        {
            "type": "Deploy",
            "name": "铃兰",
            "location": [
                6,
                4
            ],
            "direction": "Left"
        },
        {
            "type": "Deploy",
            "name": "山",
            "location": [
                7,
                1
            ],
            "direction": "Left"
        },
        {
            "type": "Deploy",
            "name": "艾雅法拉",
            "location": [
                7,
                2
            ],
            "direction": "Left"
        },
        {
            "type": "Deploy",
            "name": "闪灵",
            "location": [
                9,
                4
            ],
            "direction": "Left"
        },
        {
            "type": "Deploy",
            "name": "拉普兰德",
            "location": [
                7,
                3
            ],
            "direction": "Left"
        },
        {
            "type": "SkillDaemon",
            "doc": "有帮助的话 点个好评吧~",
            "doc_color": "DarkRed"
        }
    ],
    "doc": {
        "title": "孤星 CW-9 祈星_Estrella攻略 摆完挂机",
        "details": "统计日期：2024-05-25\n好评率：92.45%  浏览量：3238\n来源：鱼丸不是鱼van  ID：23102\n攻略作者：祈星_Estrella https://www.bilibili.com/video/BV1mc411T7En 记得去b站给祈星_Estrella点赞三连\njson作者：鱼丸 有问题请点踩 然后在评论区反馈\n平均练度 2603\n已测试"
    },
    "groups": [],
    "opers": [
        {
            "name": "山",
            "skill": 2,
            "skill_usage": 2
        },
        {
            "name": "煌",
            "skill": 2,
            "skill_usage": 0
        },
        {
            "name": "艾雅法拉",
            "skill": 2,
            "skill_usage": 0
        },
        {
            "name": "闪灵",
            "skill": 2,
            "skill_usage": 0
        },
        {
            "name": "铃兰",
            "skill": 2,
            "skill_usage": 0
        },
        {
            "name": "拉普兰德",
            "skill": 2,
            "skill_usage": 0
        }
    ]
}