{
    "minimum_required": "v4.0.0",
    "stage_name": "act25side_ex01",
    "actions": [
        {
            "type": "Deploy",
            "name": "桃金娘",
            "location": [
                9,
                3
            ],
            "direction": "Left",
            "doc_color": "Gray",
            "doc": "部署 桃金娘\n证明视频https://www.aliyundrive.com/s/SDwoZijmG27\n（如果你开局没有漏怪，这个链接跟你无关）"
        },
        {
            "type": "Skill",
            "name": "桃金娘",
            "location": [
                9,
                3
            ],
            "doc_color": "Gray",
            "doc": "部署 桃金娘\n证明视频https://www.aliyundrive.com/s/SDwoZijmG27\n（如果你开局没有漏怪，这个链接跟你无关）",
            "pre_delay": 6000
        },
        {
            "type": "Deploy",
            "name": "煌",
            "location": [
                8,
                2
            ],
            "direction": "Left"
        },
        {
            "type": "SkillUsage",
            "name": "桃金娘",
            "skill_usage": 1
        },
        {
            "type": "SpeedUp"
        },
        {
            "type": "Deploy",
            "name": "能天使",
            "location": [
                6,
                3
            ],
            "direction": "Right"
        },
        {
            "type": "Deploy",
            "name": "艾雅法拉",
            "location": [
                8,
                3
            ],
            "direction": "Left"
        },
        {
            "type": "Deploy",
            "name": "塞雷娅",
            "location": [
                7,
                2
            ],
            "direction": "Left"
        },
        {
            "type": "Deploy",
            "name": "奶",
            "location": [
                9,
                1
            ],
            "direction": "Left"
        },
        {
            "type": "Deploy",
            "name": "伊芙利特",
            "location": [
                10,
                2
            ],
            "direction": "Left"
        }
    ],
    "doc": {
        "title": "【萧然Q】孤星 - CW-EX-1 突袭 - 投石问犬 自用",
        "details": "统计日期：2024-06-01\n好评率：95.56%  浏览量：2040\n来源：幻羽之翼  ID：23564\n原视频 萧然Q BV1ch4y1J7x2?p\n\n如果开局没能放干员，不是作业问题\n\n请切换触控模式为Minituoch或MAA Touch\n（都什么年代了还在用ADB lnput）\n\n测试后，发现普通也能过，但可能有其他问题，就不打普通的标签了\n\nyc.exe"
    },
    "groups": [
        {
            "name": "不上场干员（带不带都行）",
            "opers": [
                {
                    "name": "风笛",
                    "skill": 1,
                    "skill_usage": 0
                },
                {
                    "name": "德克萨斯",
                    "skill": 1,
                    "skill_usage": 0
                },
                {
                    "name": "芬",
                    "skill": 1,
                    "skill_usage": 0
                }
            ]
        },
        {
            "name": "奶",
            "opers": [
                {
                    "name": "夜莺",
                    "skill": 2,
                    "skill_usage": 0
                },
                {
                    "name": "白面鸮",
                    "skill": 2,
                    "skill_usage": 1
                }
            ]
        }
    ],
    "opers": [
        {
            "name": "桃金娘",
            "skill": 1,
            "skill_usage": 0
        },
        {
            "name": "煌",
            "skill": 2,
            "skill_usage": 0
        },
        {
            "name": "塞雷娅",
            "skill": 1,
            "skill_usage": 0
        },
        {
            "name": "能天使",
            "skill": 3,
            "skill_usage": 0
        },
        {
            "name": "艾雅法拉",
            "skill": 2,
            "skill_usage": 0
        },
        {
            "name": "伊芙利特",
            "skill": 2,
            "skill_usage": 0
        }
    ]
}