{
    "minimum_required": "v4.0.0",
    "stage_name": "act25side_s03_a",
    "actions": [
        {
            "type": "SpeedUp"
        },
        {
            "type": "Deploy",
            "name": "桃金娘",
            "location": [
                2,
                3
            ],
            "direction": "Left"
        },
        {
            "type": "Deploy",
            "name": "伊芙利特",
            "location": [
                3,
                3
            ],
            "direction": "Right"
        },
        {
            "type": "Deploy",
            "name": "艾雅法拉",
            "location": [
                6,
                2
            ],
            "direction": "Right"
        },
        {
            "type": "Deploy",
            "name": "铃兰",
            "location": [
                6,
                4
            ],
            "direction": "Right",
            "kills": 1
        },
        {
            "type": "Deploy",
            "name": "星熊",
            "location": [
                6,
                3
            ],
            "direction": "Right"
        },
        {
            "type": "Deploy",
            "name": "拉普兰德",
            "location": [
                5,
                3
            ],
            "direction": "Right"
        },
        {
            "type": "Deploy",
            "name": "闪灵",
            "location": [
                5,
                2
            ],
            "direction": "Right"
        },
        {
            "type": "SkillDaemon"
        }
    ],
    "doc": {
        "title": "【自在道爷】孤星 - CW-S-3-A",
        "details": "统计日期：2024-05-25\n好评率：84.13%  浏览量：5160\n来源：status102  ID：23483\n自在道爷\nhttps://www.bilibili.com/video/BV1gs4y1M7Dm/?p=5"
    },
    "groups": [],
    "opers": [
        {
            "name": "拉普兰德",
            "skill": 2,
            "skill_usage": 0
        },
        {
            "name": "伊芙利特",
            "skill": 2,
            "skill_usage": 0
        },
        {
            "name": "艾雅法拉",
            "skill": 2,
            "skill_usage": 0
        },
        {
            "name": "铃兰",
            "skill": 2,
            "skill_usage": 0
        },
        {
            "name": "闪灵",
            "skill": 2,
            "skill_usage": 0
        },
        {
            "name": "桃金娘",
            "skill": 1,
            "skill_usage": 1
        },
        {
            "name": "星熊",
            "skill": 2,
            "skill_usage": 0
        }
    ]
}