{
    "minimum_required": "v4.0.0",
    "stage_name": "main_00-07",
    "actions": [
        {
            "type": "SpeedUp"
        },
        {
            "type": "Deploy",
            "name": "令",
            "location": [
                3,
                2
            ],
            "direction": "Right"
        },
        {
            "type": "Deploy",
            "name": "“弦惊”",
            "location": [
                5,
                3
            ],
            "direction": "Right"
        },
        {
            "type": "Deploy",
            "name": "“弦惊”",
            "location": [
                4,
                3
            ],
            "direction": "Right"
        }
    ],
    "doc": {
        "title": "序章 黑暗时代·上 - 0-7 - 感染",
        "details": "统计日期：2024-06-01\n好评率：80.0%  浏览量：73\n来源：肥波那猫  ID：24807\n序章 黑暗时代·上 - 0-7 - 感染"
    },
    "groups": [],
    "opers": [
        {
            "name": "令",
            "skill": 3,
            "skill_usage": 0
        }
    ],
    "difficulty": 2
}