{
    "minimum_required": "v4.0.0",
    "stage_name": "mem_melan_1",
    "actions": [
        {
            "type": "SpeedUp"
        },
        {
            "type": "Deploy",
            "name": "玫兰莎",
            "location": [
                5,
                3
            ],
            "direction": "Down"
        },
        {
            "type": "Deploy",
            "name": "苏苏洛",
            "location": [
                6,
                3
            ],
            "direction": "Left"
        },
        {
            "type": "Deploy",
            "name": "芙蓉",
            "location": [
                5,
                2
            ],
            "direction": "Down"
        },
        {
            "type": "Skill",
            "kills": 25,
            "name": "玫兰莎",
            "pre_delay": 5000,
            "location": [
                5,
                3
            ]
        },
        {
            "type": "Skill",
            "name": "苏苏洛",
            "location": [
                6,
                3
            ]
        },
        {
            "type": "Skill",
            "kills": 30,
            "name": "芙蓉",
            "location": [
                5,
                2
            ]
        },
        {
            "type": "Skill",
            "name": "苏苏洛",
            "location": [
                6,
                3
            ]
        },
        {
            "type": "Skill",
            "name": "玫兰莎",
            "location": [
                5,
                3
            ],
            "kills": 31
        }
    ],
    "doc": {
        "title": "玫兰莎 悖论模拟 伤痛坚守",
        "details": "——————————\n作业更新日期: 2023-02-27T06:54:07Z\n统计更新日期: 2025-07-29\n相对评分：100.0%  相对热度：100.0%\n来源：winwinyang  ID：21247\n——————————\n干员等级：玫兰莎精一55级，一技能7级\n自动战斗作业作者：winwinyang"
    },
    "groups": [],
    "opers": [
        {
            "name": "玫兰莎",
            "skill": 1,
            "skill_usage": 0
        }
    ]
}