{
    "minimum_required": "v4.0.0",
    "stage_name": "mem_helage_1",
    "actions": [
        {
            "type": "SpeedUp"
        },
        {
            "type": "Deploy",
            "name": "赫拉格",
            "location": [
                3,
                3
            ],
            "direction": "Right",
            "costs": 26
        },
        {
            "type": "Skill",
            "location": [
                3,
                3
            ],
            "kills": 34
        },
        {
            "type": "Skill",
            "location": [
                3,
                3
            ],
            "kills": 51
        }
    ],
    "doc": {
        "title": "悖论模拟 - 赫拉格 - 吾往矣",
        "details": "——————————\n作业更新日期: 2023-08-07T07:14:04Z\n统计更新日期: 2025-07-29\n相对评分：100.0%  相对热度：100.0%\n来源：Delirium  ID：25236\n——————————\n攻略UP主：@倾九_Komy\nhttps://space.bilibili.com/560082484\n攻略视频：https://www.bilibili.com/video/BV1hv41177QK/\n作业移植：Delirium\n经测试，精二60级，技能等级7级，无潜能无模组赫拉格可过。\n萌新初次创建作业，如有问题请在评论区提出，万分感谢！"
    },
    "groups": [],
    "opers": [
        {
            "name": "赫拉格",
            "skill": 3,
            "skill_usage": 0
        }
    ]
}