{
    "minimum_required": "v4.0.0",
    "stage_name": "main_07-12",
    "actions": [
        {
            "type": "SpeedUp"
        },
        {
            "type": "Deploy",
            "name": "煌",
            "location": [
                3,
                5
            ],
            "direction": "Right"
        },
        {
            "type": "Deploy",
            "name": "德克萨斯",
            "location": [
                5,
                4
            ],
            "direction": "Right"
        },
        {
            "type": "Deploy",
            "name": "圣约送葬人",
            "location": [
                4,
                4
            ],
            "direction": "Right"
        },
        {
            "type": "Retreat",
            "name": "德克萨斯",
            "location": [
                5,
                4
            ]
        },
        {
            "type": "Deploy",
            "name": "塞雷娅",
            "location": [
                4,
                5
            ],
            "direction": "Right"
        },
        {
            "type": "SkillDaemon"
        }
    ],
    "doc": {
        "title": "圣约送葬人模组任务  7-14",
        "details": "统计日期：2024-06-01\n好评率：95.45%  浏览量：1765\n来源：xf22cn@qq.com  ID：25775\nUP：涂绘天菜   视频地址：https://www.bilibili.com/video/BV1cp4y1V7Mi/"
    },
    "groups": [],
    "opers": [
        {
            "name": "圣约送葬人",
            "skill": 3,
            "skill_usage": 1
        },
        {
            "name": "煌",
            "skill": 2,
            "skill_usage": 0
        },
        {
            "name": "塞雷娅",
            "skill": 1,
            "skill_usage": 0
        },
        {
            "name": "德克萨斯",
            "skill": 1,
            "skill_usage": 0
        }
    ]
}