{
    "minimum_required": "v4.0.0",
    "stage_name": "main_07-13",
    "actions": [
        {
            "type": "Deploy",
            "name": "【守护者】精一满级及以上练度",
            "location": [
                1,
                6
            ],
            "direction": "Right"
        },
        {
            "type": "Deploy",
            "name": "维什戴尔",
            "location": [
                2,
                4
            ],
            "direction": "Right"
        },
        {
            "type": "SpeedUp"
        },
        {
            "type": "Deploy",
            "name": "【铁卫】精一满级及以上练度",
            "location": [
                1,
                5
            ],
            "direction": "Right"
        },
        {
            "type": "Deploy",
            "name": "【伏击客】精一满级及以上练度",
            "location": [
                2,
                6
            ],
            "direction": "Right"
        },
        {
            "type": "SkillDaemon"
        }
    ],
    "doc": {
        "title": "第七章 苦难摇篮 - 7-15 - 游击-2 - 单核",
        "details": "——————————\n作业更新日期: 2025-01-01T06:27:44Z\n统计更新日期: 2025-06-11\n好评率：99.21%  浏览量：1214\n来源：小卡拉帕鲁灰  ID：45149\n——————————\n\new满配"
    },
    "groups": [
        {
            "name": "【铁卫】精一满级及以上练度",
            "opers": [
                {
                    "name": "年",
                    "skill": 2,
                    "skill_usage": 1
                },
                {
                    "name": "星熊",
                    "skill": 2,
                    "skill_usage": 0
                },
                {
                    "name": "拜松",
                    "skill": 2,
                    "skill_usage": 1
                },
                {
                    "name": "暴雨",
                    "skill": 2,
                    "skill_usage": 1
                },
                {
                    "name": "可颂",
                    "skill": 1,
                    "skill_usage": 0
                },
                {
                    "name": "角峰",
                    "skill": 2,
                    "skill_usage": 1
                },
                {
                    "name": "泡泡",
                    "skill": 2,
                    "skill_usage": 1
                },
                {
                    "name": "蛇屠箱",
                    "skill": 2,
                    "skill_usage": 1
                },
                {
                    "name": "卡缇",
                    "skill": 1,
                    "skill_usage": 1
                },
                {
                    "name": "米格鲁",
                    "skill": 1,
                    "skill_usage": 1
                }
            ]
        },
        {
            "name": "【守护者】精一满级及以上练度",
            "opers": [
                {
                    "name": "塞雷娅",
                    "skill": 1,
                    "skill_usage": 0
                },
                {
                    "name": "黍",
                    "skill": 1,
                    "skill_usage": 0
                },
                {
                    "name": "瑕光",
                    "skill": 1,
                    "skill_usage": 0
                },
                {
                    "name": "吽",
                    "skill": 2,
                    "skill_usage": 1
                },
                {
                    "name": "临光",
                    "skill": 1,
                    "skill_usage": 0
                },
                {
                    "name": "深律",
                    "skill": 1,
                    "skill_usage": 0
                },
                {
                    "name": "斑点",
                    "skill": 1,
                    "skill_usage": 1
                },
                {
                    "name": "古米",
                    "skill": 1,
                    "skill_usage": 0
                }
            ]
        },
        {
            "name": "【伏击客】精一满级及以上练度",
            "opers": [
                {
                    "name": "水月",
                    "skill": 2,
                    "skill_usage": 1
                },
                {
                    "name": "绮良",
                    "skill": 1,
                    "skill_usage": 0
                },
                {
                    "name": "狮蝎",
                    "skill": 1,
                    "skill_usage": 0
                },
                {
                    "name": "伊桑",
                    "skill": 2,
                    "skill_usage": 1
                },
                {
                    "name": "阿斯卡纶",
                    "skill": 1,
                    "skill_usage": 0
                }
            ]
        }
    ],
    "opers": [
        {
            "name": "维什戴尔",
            "skill": 3,
            "skill_usage": 1
        }
    ],
    "difficulty": 3
}