{
    "minimum_required": "v4.0.0",
    "stage_name": "main_07-14",
    "actions": [
        {
            "type": "SpeedUp"
        },
        {
            "type": "Deploy",
            "name": "煌",
            "location": [
                1,
                5
            ],
            "direction": "Right"
        },
        {
            "type": "Deploy",
            "name": "塞雷娅",
            "location": [
                2,
                5
            ],
            "direction": "Right"
        },
        {
            "type": "Deploy",
            "name": "泥岩",
            "location": [
                9,
                3
            ],
            "direction": "Up"
        }
    ],
    "doc": {
        "title": "第七章 苦难摇篮 - 7-16 - 无匹",
        "details": "作业更新日期: 2023-03-13T04:53:15Z\n统计更新日期: 2024-11-30\n好评率：98.27%  浏览量：4346\n来源：yc.exe  ID：21481\n参考视频：BV16T4y1Y7DG 作者：祈星_Estrella\nyc.exe"
    },
    "groups": [],
    "opers": [
        {
            "name": "煌",
            "skill": 2,
            "skill_usage": 0
        },
        {
            "name": "泥岩",
            "skill": 2,
            "skill_usage": 0
        },
        {
            "name": "塞雷娅",
            "skill": 1,
            "skill_usage": 0
        }
    ],
    "difficulty": 3
}