{
    "minimum_required": "v4.0.0",
    "stage_name": "main_07-14",
    "actions": [
        {
            "type": "SpeedUp"
        },
        {
            "type": "Deploy",
            "name": "棘刺",
            "location": [
                1,
                5
            ],
            "direction": "Right"
        },
        {
            "type": "Deploy",
            "name": "塞雷娅",
            "location": [
                2,
                5
            ],
            "direction": "Right"
        },
        {
            "type": "Deploy",
            "name": "闪灵",
            "location": [
                1,
                6
            ],
            "direction": "Right"
        },
        {
            "type": "Deploy",
            "name": "能天使",
            "location": [
                2,
                6
            ],
            "direction": "Right"
        },
        {
            "type": "Deploy",
            "name": "泥岩",
            "location": [
                9,
                3
            ],
            "direction": "Up"
        },
        {
            "type": "Deploy",
            "name": "拉普兰德",
            "location": [
                3,
                5
            ],
            "direction": "Right"
        }
    ],
    "doc": {
        "title": "第七章 苦难摇篮 - 7-16 - 无匹",
        "details": "作业更新日期: 2024-05-06T09:24:31Z\n统计更新日期: 2024-09-07\n好评率：96.75%  浏览量：1015\n来源：伊卡洛斯  ID：37184\n参考视频：BV16T4y1Y7DG 作者：祈星_Estrella\nyc.exe"
    },
    "groups": [],
    "opers": [
        {
            "name": "泥岩",
            "skill": 2,
            "skill_usage": 0
        },
        {
            "name": "塞雷娅",
            "skill": 1,
            "skill_usage": 0
        },
        {
            "name": "能天使",
            "skill": 3,
            "skill_usage": 0
        },
        {
            "name": "闪灵",
            "skill": 2,
            "skill_usage": 0
        },
        {
            "name": "棘刺",
            "skill": 3,
            "skill_usage": 1
        },
        {
            "name": "拉普兰德",
            "skill": 2,
            "skill_usage": 0
        }
    ],
    "difficulty": 3
}