{
    "minimum_required": "v4.0.0",
    "stage_name": "main_07-16",
    "actions": [
        {
            "type": "Deploy",
            "name": "干扰地雷",
            "location": [
                9,
                1
            ],
            "direction": "None"
        },
        {
            "type": "SpeedUp"
        },
        {
            "type": "Deploy",
            "name": "干扰地雷",
            "location": [
                8,
                1
            ],
            "direction": "None"
        },
        {
            "type": "Deploy",
            "name": "煌",
            "location": [
                1,
                6
            ],
            "direction": "Up"
        },
        {
            "type": "Deploy",
            "name": "干扰地雷",
            "location": [
                7,
                2
            ],
            "direction": "None"
        },
        {
            "type": "Deploy",
            "name": "干扰地雷",
            "location": [
                7,
                3
            ],
            "direction": "None",
            "pre_delay": 1000
        },
        {
            "type": "SpeedUp"
        },
        {
            "type": "Deploy",
            "name": "史尔特尔",
            "location": [
                7,
                6
            ],
            "direction": "Up"
        },
        {
            "type": "Skill",
            "name": "史尔特尔",
            "location": [
                7,
                6
            ],
            "pre_delay": 10000
        },
        {
            "type": "Deploy",
            "name": "干扰地雷",
            "location": [
                7,
                4
            ],
            "direction": "None"
        },
        {
            "type": "Deploy",
            "name": "干扰地雷",
            "location": [
                7,
                5
            ],
            "direction": "None"
        },
        {
            "type": "SpeedUp"
        },
        {
            "type": "Deploy",
            "name": "干扰地雷",
            "location": [
                5,
                5
            ],
            "direction": "None"
        },
        {
            "type": "Deploy",
            "name": "干扰地雷",
            "location": [
                5,
                4
            ],
            "direction": "None"
        },
        {
            "type": "Deploy",
            "name": "干扰地雷",
            "location": [
                5,
                3
            ],
            "direction": "None"
        },
        {
            "type": "Deploy",
            "name": "塞雷娅",
            "location": [
                1,
                5
            ],
            "direction": "Up"
        },
        {
            "type": "Output",
            "doc_color": "Gray",
            "doc": "等待爱国者第1阶段结束\n（正常情况为爱国者被地雷炸死，提前击杀也没事）"
        },
        {
            "type": "Deploy",
            "name": "干扰地雷",
            "location": [
                3,
                3
            ],
            "direction": "None",
            "kills": 23,
            "pre_delay": 5000
        },
        {
            "type": "Deploy",
            "name": "干扰地雷",
            "location": [
                3,
                4
            ],
            "direction": "None"
        },
        {
            "type": "Deploy",
            "name": "干扰地雷",
            "location": [
                3,
                5
            ],
            "direction": "None"
        },
        {
            "type": "Deploy",
            "name": "史尔特尔",
            "location": [
                3,
                6
            ],
            "direction": "Up"
        },
        {
            "type": "Skill",
            "name": "史尔特尔",
            "location": [
                3,
                6
            ],
            "pre_delay": 6000
        },
        {
            "type": "SkillDaemon"
        }
    ],
    "doc": {
        "title": "第七章 苦难摇篮 - 7-18 突袭/普通- 爱国者之死",
        "details": "统计日期：2024-05-31\n好评率：86.67%  浏览量：6243\n来源：yc.exe  ID：21489\n参考视频：BV16T4y1Y7DG 作者：祈星_Estrella\nyc.exe"
    },
    "groups": [],
    "opers": [
        {
            "name": "史尔特尔",
            "skill": 3,
            "skill_usage": 0
        },
        {
            "name": "煌",
            "skill": 2,
            "skill_usage": 0
        },
        {
            "name": "塞雷娅",
            "skill": 1,
            "skill_usage": 0
        }
    ],
    "difficulty": 3
}