{
    "minimum_required": "v4.0.0",
    "stage_name": "main_07-01",
    "actions": [
        {
            "type": "SpeedUp"
        },
        {
            "type": "Deploy",
            "name": "地面奶",
            "location": [
                2,
                4
            ],
            "direction": "Right"
        },
        {
            "type": "Deploy",
            "name": "煌",
            "location": [
                3,
                5
            ],
            "direction": "Up"
        },
        {
            "type": "Deploy",
            "name": "能天使",
            "location": [
                8,
                6
            ],
            "direction": "Up"
        },
        {
            "type": "SkillDaemon"
        }
    ],
    "doc": {
        "title": "第七章 苦难摇篮 - 7-2 - 别离之夜 - 普通&突袭",
        "details": "统计日期：2024-06-01\n好评率：98.67%  浏览量：1771\n来源：Chiho  ID：27005\nBV16T4y1Y7DG \nup：祈星_Estrella\n视频练度：260(?)\n改自_蘿卜卜"
    },
    "groups": [
        {
            "name": "地面奶",
            "opers": [
                {
                    "name": "临光",
                    "skill": 1,
                    "skill_usage": 0
                },
                {
                    "name": "塞雷娅",
                    "skill": 1,
                    "skill_usage": 0
                }
            ]
        }
    ],
    "opers": [
        {
            "name": "煌",
            "skill": 2,
            "skill_usage": 0
        },
        {
            "name": "能天使",
            "skill": 1,
            "skill_usage": 0
        }
    ],
    "difficulty": 3
}