{
    "minimum_required": "v4.0.0",
    "stage_name": "main_07-01",
    "actions": [
        {
            "type": "SpeedUp"
        },
        {
            "type": "Deploy",
            "name": "棘刺",
            "location": [
                1,
                4
            ],
            "direction": "Right"
        },
        {
            "type": "Deploy",
            "name": "泥岩",
            "location": [
                2,
                5
            ],
            "direction": "Right"
        },
        {
            "type": "SkillDaemon"
        }
    ],
    "doc": {
        "title": "7-2 棘刺模组",
        "details": "——————————\n作业更新日期: 2025-05-01T08:37:00Z\n统计更新日期: 2025-06-23\n好评率：95.24%  浏览量：1001\n来源：Dr_MO  ID：51549\n——————————\n\n7-2 棘刺模组"
    },
    "groups": [],
    "opers": [
        {
            "name": "棘刺",
            "skill": 3,
            "skill_usage": 1
        },
        {
            "name": "泥岩",
            "skill": 2,
            "skill_usage": 0
        }
    ]
}