{
    "minimum_required": "v4.0.0",
    "stage_name": "main_07-02",
    "actions": [
        {
            "type": "SpeedUp"
        },
        {
            "type": "Deploy",
            "name": "棘刺",
            "location": [
                1,
                1
            ],
            "direction": "Right"
        },
        {
            "type": "Deploy",
            "name": "煌",
            "location": [
                2,
                1
            ],
            "direction": "Right"
        },
        {
            "type": "Deploy",
            "name": "地面奶",
            "location": [
                3,
                1
            ],
            "direction": "Right"
        },
        {
            "type": "SkillDaemon"
        }
    ],
    "doc": {
        "title": "第七章 苦难摇篮 - 7-3 - 变节之刃",
        "details": "统计日期：2024-06-01\n好评率：92.96%  浏览量：2394\n来源：Chiho  ID：27009\nUP:祈星_Estrella\nLink:【【苦难摇篮】明日方舟第七章7-2突袭至H7-4全关卡摆完挂机简单好抄】 https://www.bilibili.com/video/BV16T4y1Y7DG/?p=2&share_source=copy_web&vd_source=dcc7ddeba31e59bccd51d29a07ff1565\n平均精二60"
    },
    "groups": [
        {
            "name": "地面奶",
            "opers": [
                {
                    "name": "塞雷娅",
                    "skill": 1,
                    "skill_usage": 0
                },
                {
                    "name": "临光",
                    "skill": 1,
                    "skill_usage": 0
                }
            ]
        }
    ],
    "opers": [
        {
            "name": "煌",
            "skill": 2,
            "skill_usage": 0
        },
        {
            "name": "棘刺",
            "skill": 3,
            "skill_usage": 1
        }
    ],
    "difficulty": 3
}