{
    "minimum_required": "v4.0.0",
    "stage_name": "main_07-03",
    "actions": [
        {
            "type": "SpeedUp"
        },
        {
            "type": "Deploy",
            "name": "推进之王",
            "location": [
                4,
                3
            ],
            "direction": "Right"
        },
        {
            "type": "Deploy",
            "name": "山",
            "location": [
                4,
                1
            ],
            "direction": "Right"
        },
        {
            "type": "Deploy",
            "name": "煌",
            "location": [
                5,
                5
            ],
            "direction": "Up"
        },
        {
            "type": "Deploy",
            "name": "澄闪",
            "location": [
                4,
                4
            ],
            "direction": "Right"
        },
        {
            "type": "Deploy",
            "name": "塞雷娅",
            "location": [
                3,
                3
            ],
            "direction": "Up"
        },
        {
            "type": "SkillDaemon"
        }
    ],
    "doc": {
        "title": "第七章 苦难摇篮 - 7-4 - 并肩之约-1 突袭补完计划，启动！",
        "details": "作业更新日期: 2024-03-11T01:52:25Z\n统计更新日期: 2024-11-02\n好评率：88.46%  浏览量：1011\n来源：阿门阿前一颗葡萄树  ID：34936\n自用\n攻略作者 https://www.bilibili.com/video/BV16T4y1Y7DG?p=3&vd_source=a2596108ea931a5c93dc1e95cea42db6\njson作者 姑蓥 \n推-4模组或带德克萨斯\n已测 2603"
    },
    "groups": [],
    "opers": [
        {
            "name": "推进之王",
            "skill": 2,
            "skill_usage": 0
        },
        {
            "name": "山",
            "skill": 2,
            "skill_usage": 2,
            "skill_times": 1
        },
        {
            "name": "煌",
            "skill": 2,
            "skill_usage": 0
        },
        {
            "name": "塞雷娅",
            "skill": 1,
            "skill_usage": 0
        },
        {
            "name": "澄闪",
            "skill": 2,
            "skill_usage": 0
        }
    ],
    "difficulty": 2
}