{
    "minimum_required": "v4.0.0",
    "stage_name": "main_07-04",
    "actions": [
        {
            "type": "SpeedUp"
        },
        {
            "type": "Deploy",
            "name": "桃金娘",
            "location": [
                2,
                2
            ],
            "direction": "Down"
        },
        {
            "type": "Deploy",
            "name": "棘刺",
            "location": [
                7,
                2
            ],
            "direction": "Left"
        },
        {
            "type": "Deploy",
            "name": "煌",
            "location": [
                4,
                1
            ],
            "direction": "Right"
        },
        {
            "type": "Deploy",
            "name": "德克萨斯",
            "location": [
                6,
                1
            ],
            "direction": "Left"
        },
        {
            "type": "Deploy",
            "name": "艾雅法拉",
            "location": [
                6,
                2
            ],
            "direction": "Down"
        },
        {
            "type": "Deploy",
            "name": "闪灵",
            "location": [
                4,
                2
            ],
            "direction": "Right"
        },
        {
            "type": "SkillUsage",
            "name": "桃金娘",
            "skill_usage": 0
        },
        {
            "type": "SkillDaemon"
        }
    ],
    "doc": {
        "title": "第七章 苦难摇篮 - 7-5 - 并肩之约-2 - 普通&突袭",
        "details": "统计日期：2024-05-25\n好评率：95.65%  浏览量：1268\n来源：_ 蘿卜卜  ID：21778\nBV16T4y1Y7DG \nup：祈星_Estrella\n视频练度：260(?)\n已测试"
    },
    "groups": [],
    "opers": [
        {
            "name": "棘刺",
            "skill": 3,
            "skill_usage": 1
        },
        {
            "name": "煌",
            "skill": 2,
            "skill_usage": 0
        },
        {
            "name": "艾雅法拉",
            "skill": 2,
            "skill_usage": 0
        },
        {
            "name": "闪灵",
            "skill": 2,
            "skill_usage": 0
        },
        {
            "name": "桃金娘",
            "skill": 1,
            "skill_usage": 1
        },
        {
            "name": "德克萨斯",
            "skill": 1,
            "skill_usage": 0
        }
    ],
    "difficulty": 3
}