{
    "minimum_required": "v4.0.0",
    "stage_name": "main_07-07",
    "actions": [
        {
            "type": "SpeedUp"
        },
        {
            "type": "Deploy",
            "name": "山",
            "location": [
                7,
                2
            ],
            "direction": "Up"
        },
        {
            "type": "Deploy",
            "name": "棘刺",
            "location": [
                2,
                4
            ],
            "direction": "Right"
        },
        {
            "type": "Deploy",
            "name": "煌",
            "location": [
                10,
                1
            ],
            "direction": "Left"
        },
        {
            "type": "Deploy",
            "name": "艾雅法拉",
            "location": [
                2,
                5
            ],
            "direction": "Right"
        },
        {
            "type": "SkillDaemon"
        }
    ],
    "doc": {
        "title": "第七章 苦难摇篮 - 7-9 - 沉默者之怒-2",
        "details": "统计日期：2024-06-01\n好评率：97.79%  浏览量：2705\n来源：Chiho  ID：27015\nup:叉叉叉叉子_\nlink:【【明日方舟】三基石7-9，挂机解手流】 https://www.bilibili.com/video/BV1kQ4y197qs/?share_source=copy_web&vd_source=dcc7ddeba31e59bccd51d29a07ff1565\n精二60"
    },
    "groups": [],
    "opers": [
        {
            "name": "山",
            "skill": 2,
            "skill_usage": 2
        },
        {
            "name": "棘刺",
            "skill": 3,
            "skill_usage": 1
        },
        {
            "name": "煌",
            "skill": 2,
            "skill_usage": 0
        },
        {
            "name": "艾雅法拉",
            "skill": 2,
            "skill_usage": 0
        }
    ],
    "difficulty": 3
}