{
    "minimum_required": "v4.0.0",
    "stage_name": "hard_07-02",
    "actions": [
        {
            "type": "SpeedUp"
        },
        {
            "type": "Deploy",
            "name": "近卫",
            "location": [
                5,
                3
            ],
            "direction": "Right"
        },
        {
            "type": "Deploy",
            "name": "艾雅法拉",
            "location": [
                6,
                5
            ],
            "direction": "Up"
        },
        {
            "type": "Deploy",
            "name": "群攻",
            "location": [
                5,
                4
            ],
            "direction": "Right"
        },
        {
            "type": "Deploy",
            "name": "治疗",
            "location": [
                6,
                2
            ],
            "direction": "Down"
        },
        {
            "type": "Deploy",
            "name": "奶盾",
            "location": [
                6,
                3
            ],
            "direction": "Right",
            "doc": ""
        },
        {
            "type": "Deploy",
            "name": "山",
            "location": [
                1,
                1
            ],
            "direction": "Left"
        },
        {
            "type": "SkillDaemon"
        }
    ],
    "doc": {
        "title": "第七章 苦难摇篮 - H7-2 - 星火行动-2",
        "details": "——————————\n作业更新日期: 2025-05-20T11:51:16Z\n统计更新日期: 2025-10-09\n相对评分：96.88%  相对热度：78.43%\n来源：Harry77z  ID：56363\n——————————\n自用 增加了52 ew 奶羊\n参考视频：BV16T4y1Y7DG 作者：祈星_Estrella\nyc.exe"
    },
    "groups": [
        {
            "name": "治疗",
            "opers": [
                {
                    "name": "闪灵",
                    "skill": 2,
                    "skill_usage": 0
                },
                {
                    "name": "华法琳",
                    "skill": 1,
                    "skill_usage": 0
                },
                {
                    "name": "纯烬艾雅法拉",
                    "skill": 1,
                    "skill_usage": 0
                }
            ]
        },
        {
            "name": "群攻",
            "opers": [
                {
                    "name": "维什戴尔",
                    "skill": 3,
                    "skill_usage": 1
                },
                {
                    "name": "伊芙利特",
                    "skill": 2,
                    "skill_usage": 0
                }
            ]
        },
        {
            "name": "近卫",
            "opers": [
                {
                    "name": "煌",
                    "skill": 2,
                    "skill_usage": 0
                },
                {
                    "name": "乌尔比安",
                    "skill": 2,
                    "skill_usage": 0
                }
            ]
        },
        {
            "name": "奶盾",
            "opers": [
                {
                    "name": "黍",
                    "skill": 1,
                    "skill_usage": 0
                },
                {
                    "name": "塞雷娅",
                    "skill": 1,
                    "skill_usage": 0
                }
            ]
        }
    ],
    "opers": [
        {
            "name": "艾雅法拉",
            "skill": 2,
            "skill_usage": 0
        },
        {
            "name": "山",
            "skill": 2,
            "skill_usage": 2
        }
    ]
}