{
    "minimum_required": "v4.0.0",
    "stage_name": "sub_07-1-1",
    "actions": [
        {
            "type": "SpeedUp"
        },
        {
            "type": "Deploy",
            "name": "煌",
            "location": [
                3,
                4
            ],
            "direction": "Up"
        },
        {
            "type": "Deploy",
            "name": "奶盾",
            "location": [
                2,
                3
            ],
            "direction": "Right"
        },
        {
            "type": "Deploy",
            "name": "拉普兰德",
            "location": [
                2,
                4
            ],
            "direction": "Right"
        }
    ],
    "doc": {
        "title": "第七章 苦难摇篮 - S7-1 - 埋伏-1",
        "details": "统计日期：2024-05-31\n好评率：94.23%  浏览量：1164\n来源：Chiho  ID：27189\nUP:侬无言以对\nLINK:【【明日方舟】S7-1摆完挂机（替代思路）】 https://www.bilibili.com/video/BV1JP4y1L7Um/?share_source=copy_web&vd_source=dcc7ddeba31e59bccd51d29a07ff1565\n平均精二60"
    },
    "groups": [
        {
            "name": "奶盾",
            "opers": [
                {
                    "name": "塞雷娅",
                    "skill": 1,
                    "skill_usage": 0
                },
                {
                    "name": "临光",
                    "skill": 1,
                    "skill_usage": 0
                }
            ]
        }
    ],
    "opers": [
        {
            "name": "煌",
            "skill": 2,
            "skill_usage": 0
        },
        {
            "name": "拉普兰德",
            "skill": 2,
            "skill_usage": 0
        }
    ]
}