{
    "minimum_required": "v4.0.0",
    "stage_name": "sub_07-1-2",
    "actions": [
        {
            "type": "Deploy",
            "name": "山",
            "location": [
                9,
                1
            ],
            "direction": "Right"
        },
        {
            "type": "SpeedUp"
        },
        {
            "type": "Deploy",
            "name": "塞雷娅",
            "location": [
                1,
                4
            ],
            "direction": "Right"
        },
        {
            "type": "Deploy",
            "name": "煌",
            "location": [
                2,
                6
            ],
            "direction": "Up"
        },
        {
            "type": "Deploy",
            "name": "艾雅法拉",
            "location": [
                2,
                5
            ],
            "direction": "Up"
        },
        {
            "type": "SkillDaemon"
        },
        {
            "type": "Deploy",
            "name": "干扰地雷",
            "location": [
                2,
                1
            ],
            "direction": "None",
            "doc_color": "Black",
            "doc": "（摆着玩）"
        },
        {
            "type": "Deploy",
            "name": "干扰地雷",
            "location": [
                3,
                1
            ],
            "direction": "None",
            "doc_color": "Black",
            "doc": "（摆着玩）"
        },
        {
            "type": "Deploy",
            "name": "干扰地雷",
            "location": [
                4,
                1
            ],
            "direction": "None",
            "doc_color": "Black",
            "doc": "（摆着玩）"
        },
        {
            "type": "Deploy",
            "name": "干扰地雷",
            "location": [
                5,
                1
            ],
            "direction": "None",
            "doc_color": "Black",
            "doc": "（摆着玩）"
        },
        {
            "type": "Deploy",
            "name": "干扰地雷",
            "location": [
                6,
                1
            ],
            "direction": "None",
            "doc_color": "Black",
            "doc": "（摆着玩）"
        },
        {
            "type": "Deploy",
            "name": "干扰地雷",
            "location": [
                7,
                1
            ],
            "direction": "None",
            "doc_color": "Black",
            "doc": "（摆着玩）"
        },
        {
            "type": "Deploy",
            "name": "干扰地雷",
            "location": [
                8,
                1
            ],
            "direction": "None",
            "doc_color": "Black",
            "doc": "（摆着玩）"
        }
    ],
    "doc": {
        "title": "第七章 苦难摇篮 - S7-2 - 埋伏-2",
        "details": "统计日期：2024-05-25\n好评率：94.23%  浏览量：1176\n来源：Chiho  ID：27190\n参考视频：BV1VU4y1c7x1 作者：侬无言以对\n修改自yc.exe\n平均精二60"
    },
    "groups": [],
    "opers": [
        {
            "name": "艾雅法拉",
            "skill": 2,
            "skill_usage": 0
        },
        {
            "name": "塞雷娅",
            "skill": 2,
            "skill_usage": 0
        },
        {
            "name": "煌",
            "skill": 2,
            "skill_usage": 0
        },
        {
            "name": "山",
            "skill": 2,
            "skill_usage": 2
        }
    ]
}