{
  "minimum_required": "v4.0.0",
  "stage_name": "tough_13-01",
  "actions": [
    {
      "type": "SpeedUp"
    },
    {
      "type": "Deploy",
      "name": "煌",
      "location": [
        1,
        2
      ],
      "direction": "Right"
    },
    {
      "type": "Deploy",
      "name": "塞雷娅",
      "location": [
        7,
        5
      ],
      "direction": "Left"
    },
    {
      "type": "Deploy",
      "name": "泥岩",
      "location": [
        4,
        2
      ],
      "direction": "Right"
    },
    {
      "type": "Deploy",
      "name": "艾雅法拉",
      "location": [
        6,
        4
      ],
      "direction": "Down"
    },
    {
      "type": "SkillDaemon",
      "doc": "有帮助的话 给个好评吧~",
      "doc_color": "#d63384"
    }
  ],
  "doc": {
    "title": "主线十三章 恶兆湍流 13-2（磨难） 萧然攻略",
    "details": "这是磨难难度 普通难度地图不一样 别用磨难的打普通\n攻略作者：萧然Q BV1Hw411A7iG 记得去b站给萧然Q点赞三连\njson作者：鱼丸 评论区不解决maa问题\n已测试\n平均练度2603"
  },
  "groups": [],
  "opers": [
    {
      "name": "煌",
      "skill": 2,
      "skill_usage": 0
    },
    {
      "name": "泥岩",
      "skill": 2,
      "skill_usage": 0
    },
    {
      "name": "塞雷娅",
      "skill": 1,
      "skill_usage": 0
    },
    {
      "name": "艾雅法拉",
      "skill": 2,
      "skill_usage": 0
    }
  ]
}