{
  "minimum_required": "v4.0.0",
  "stage_name": "tough_13-06",
  "actions": [
    {
      "type": "SpeedUp"
    },
    {
      "type": "Deploy",
      "name": "能天使",
      "location": [
        2,
        4
      ],
      "direction": "Right"
    },
    {
      "type": "Deploy",
      "name": "山",
      "location": [
        1,
        3
      ],
      "direction": "Right"
    },
    {
      "type": "Deploy",
      "name": "棘刺",
      "location": [
        5,
        5
      ],
      "direction": "Right",
      "doc": "棘刺是一直在c的（",
      "doc_color": "Gray"
    },
    {
      "type": "Skill",
      "name": "炸弹载荷点",
      "location": [
        1,
        5
      ],
      "costs": 10
    },
    {
      "type": "SkillDaemon",
      "doc": "有帮助的话 给个好评吧~",
      "doc_color": "#d63384"
    }
  ],
  "doc": {
    "title": "主线十三章 恶兆湍流 13-7（磨难） 萧然攻略",
    "details": "这是磨难难度 普通难度地图不一样 别用磨难的打普通\n攻略作者：萧然Q BV1Hw411A7iG 记得去b站给萧然Q点赞三连\njson作者：鱼丸 评论区不解决maa问题\n已测试\n平均练度2603"
  },
  "groups": [],
  "opers": [
    {
      "name": "山",
      "skill": 2,
      "skill_usage": 2
    },
    {
      "name": "棘刺",
      "skill": 3,
      "skill_usage": 1
    },
    {
      "name": "能天使",
      "skill": 3,
      "skill_usage": 0
    }
  ]
}