{
  "minimum_required": "v4.0.0",
  "stage_name": "hard_13-01",
  "actions": [
    {
      "type": "Deploy",
      "name": "德克萨斯",
      "location": [
        7,
        5
      ],
      "direction": "Left"
    },
    {
      "type": "Deploy",
      "name": "浊心斯卡蒂",
      "location": [
        7,
        4
      ],
      "direction": "Left"
    },
    {
      "type": "SpeedUp"
    },
    {
      "type": "Deploy",
      "name": "塞雷娅",
      "location": [
        7,
        6
      ],
      "direction": "Left"
    },
    {
      "type": "Deploy",
      "name": "重岳",
      "location": [
        6,
        5
      ],
      "direction": "Down"
    },
    {
      "type": "Deploy",
      "name": "纯烬艾雅法拉",
      "location": [
        8,
        3
      ],
      "direction": "Down"
    },
    {
      "type": "Deploy",
      "name": "伊芙利特",
      "location": [
        9,
        6
      ],
      "direction": "Left"
    },
    {
      "type": "Deploy",
      "name": "提丰",
      "location": [
        8,
        4
      ],
      "direction": "Left"
    },
    {
      "type": "Deploy",
      "name": "山",
      "location": [
        10,
        1
      ],
      "direction": "Right",
      "costs": 30
    },
    {
      "type": "Skill",
      "location": [
        2,
        2
      ],
      "kills": 17,
      "pre_delay": 2000
    },
    {
      "type": "Deploy",
      "name": "正义骑士号",
      "location": [
        2,
        4
      ],
      "direction": "Up"
    },
    {
      "type": "Skill",
      "location": [
        4,
        5
      ],
      "kills": 24,
      "pre_delay": 2500
    }
  ],
  "doc": {
    "title": "第十三章 恶兆湍流 - H13-1（标准） - 湍流行动-1",
    "details": "https://www.bilibili.com/video/BV1694y1t7We/\n测试完成 稳定三星\n制作者：一只摆烂的42\n有问题联系QQ2586582719，评论区不常看"
  },
  "groups": [],
  "opers": [
    {
      "name": "重岳",
      "skill": 3,
      "skill_usage": 1
    },
    {
      "name": "浊心斯卡蒂",
      "skill": 2,
      "skill_usage": 0
    },
    {
      "name": "德克萨斯",
      "skill": 1,
      "skill_usage": 0
    },
    {
      "name": "山",
      "skill": 2,
      "skill_usage": 2
    },
    {
      "name": "提丰",
      "skill": 2,
      "skill_usage": 1
    },
    {
      "name": "塞雷娅",
      "skill": 1,
      "skill_usage": 0
    },
    {
      "name": "伊芙利特",
      "skill": 2,
      "skill_usage": 0
    },
    {
      "name": "纯烬艾雅法拉",
      "skill": 1,
      "skill_usage": 0
    },
    {
      "name": "正义骑士号",
      "skill": 1,
      "skill_usage": 0
    }
  ]
}