{
    "minimum_required": "v4.0.0",
    "stage_name": "hard_14-01",
    "actions": [
        {
            "type": "Deploy",
            "name": "德克萨斯",
            "location": [
                7,
                1
            ],
            "direction": "Left"
        },
        {
            "type": "Deploy",
            "name": "障碍物",
            "location": [
                1,
                3
            ],
            "direction": "None"
        },
        {
            "type": "Deploy",
            "name": "障碍物",
            "location": [
                6,
                4
            ],
            "direction": "None"
        },
        {
            "type": "Deploy",
            "name": "逻各斯",
            "location": [
                3,
                3
            ],
            "direction": "Right"
        },
        {
            "type": "Deploy",
            "name": "障碍物",
            "location": [
                10,
                3
            ],
            "direction": "None"
        },
        {
            "type": "Deploy",
            "name": "伊内丝",
            "location": [
                4,
                3
            ],
            "direction": "Right"
        },
        {
            "type": "Deploy",
            "name": "障碍物",
            "location": [
                7,
                2
            ],
            "direction": "None"
        },
        {
            "type": "Deploy",
            "name": "艾雅法拉",
            "location": [
                3,
                1
            ],
            "direction": "Right"
        },
        {
            "type": "Deploy",
            "name": "伊芙利特",
            "location": [
                2,
                3
            ],
            "direction": "Right"
        },
        {
            "type": "SpeedUp"
        }
    ],
    "doc": {
        "title": "第十四章 慈悲灯塔 - H14-1（标准） - 灯塔行动-1",
        "details": "统计日期：2024-05-17\n好评率：94.74%  浏览量：1342\n来源：我与我周旋久  ID：37393\n萧然Q https://www.bilibili.com/video/BV1ef42127uN"
    },
    "groups": [],
    "opers": [
        {
            "name": "德克萨斯",
            "skill": 1,
            "skill_usage": 0
        },
        {
            "name": "艾雅法拉",
            "skill": 2,
            "skill_usage": 0
        },
        {
            "name": "逻各斯",
            "skill": 1,
            "skill_usage": 0
        },
        {
            "name": "伊芙利特",
            "skill": 2,
            "skill_usage": 0
        },
        {
            "name": "伊内丝",
            "skill": 1,
            "skill_usage": 0
        }
    ]
}