{
    "stageName": "mem_fang_1",
    "doc": {
        "title": "悖论模拟  芬 - 愉快合作",
        "title_color": "Gray",
        "details": "——————————\n作业更新日期: 2024-08-12T04:20:55Z\n统计更新日期: 2025-04-12\n好评率：97.01%  浏览量：2209\n来源：1321966604@qq.com  ID：40192\n——————————\n悖论模拟  芬 - 愉快合作",
        "details_color": "Gray"
    },
    "opers": [
        {
            "name": "芬",
            "skill": 1,
            "skill_usage": 0,
            "requirements": {
                "elite": 0,
                "level": 0,
                "skill_level": 0,
                "module": 0,
                "potentiality": 0
            }
        },
        {
            "name": "夹子",
            "skill": 1,
            "skill_usage": 0,
            "requirements": {
                "elite": 0,
                "level": 0,
                "skill_level": 0,
                "module": 0,
                "potentiality": 0
            }
        }
    ],
    "groups": [],
    "minimumRequired": "v4.0.0",
    "difficulty": 0
}