{
    "minimum_required": "v4.0",
    "doc": {
        "title": "【骑兵与猎人】GT-EX-2双人",
        "details": "UP主：刻俄柏_\n原视频：https://www.bilibili.com/video/av638661351/\n有问题联系制作者QQ2586582719"
    },
    "stage_name": "a001_ex02",
    "opers": [
        {
            "name": "煌",
            "skill": 2,
            "skill_usage": 0
        },
        {
            "name": "山",
            "skill": 2,
            "skill_usage": 2
        }
    ],
    "actions": [
        {
            "type": "二倍速",
            "name": ""
        },
        {
            "type": "部署",
            "name": "山",
            "location": [
                3,
                1
            ],
            "direction": "下"
        },
        {
            "type": "技能",
            "name": "山",
            "pre_delay": 3500
        },
        {
            "type": "部署",
            "name": "煌",
            "location": [
                2,
                1
            ],
            "direction": "下"
        },
        {
            "type": "打印",
            "name": "",
            "doc": "有问题联系制作者QQ2586582719",
            "doc_color": "SpringGreen"
        }
    ]
}