{
    "minimum_required": "v4.0.0",
    "stage_name": "camp_r_21",
    "actions": [
        {
            "type": "SpeedUp"
        },
        {
            "type": "Deploy",
            "name": "挡二先锋",
            "location": [
                11,
                3
            ],
            "direction": "Left"
        },
        {
            "type": "Deploy",
            "name": "至少2603的棘刺",
            "location": [
                3,
                3
            ],
            "direction": "Down"
        },
        {
            "type": "Deploy",
            "name": "至少2603的澄闪",
            "location": [
                3,
                5
            ],
            "direction": "Up"
        },
        {
            "type": "Deploy",
            "name": "元素奶（最好是精二的，干员里最好是奶羊）",
            "location": [
                5,
                3
            ],
            "direction": "Left"
        },
        {
            "type": "Deploy",
            "name": "奶盾（最好是塞雷亚和黍且2603，不是也能用）",
            "location": [
                3,
                2
            ],
            "direction": "Down"
        },
        {
            "type": "Deploy",
            "name": "流明/夜莺/华法林/苏落落/白面枭/絮语（最好是精二的）",
            "location": [
                5,
                4
            ],
            "direction": "Left"
        },
        {
            "type": "Deploy",
            "name": "任意盾（最好是号角/火烧，可以白嫖）",
            "location": [
                7,
                5
            ],
            "direction": "Left"
        },
        {
            "type": "Deploy",
            "name": "强攻手",
            "location": [
                10,
                3
            ],
            "direction": "Left"
        },
        {
            "type": "Deploy",
            "name": "速狙（最好是能天使）",
            "location": [
                9,
                4
            ],
            "direction": "Left"
        },
        {
            "type": "Deploy",
            "name": "任意单奶",
            "location": [
                10,
                4
            ],
            "direction": "Left"
        },
        {
            "type": "Retreat",
            "name": "挡二先锋",
            "location": [
                11,
                3
            ],
            "kills": 300,
            "doc_color": "DeepSkyBlue",
            "doc": "300杀撤退先锋留个部署位可以给快活如翼德/夜刃等，42，叔叔，以用于救场，避免意外。叔叔可以提前放在强攻手左边一个，即（9，3）"
        },
        {
            "type": "SkillDaemon"
        }
    ],
    "doc": {
        "title": "汐斯塔 - 新旅店大道 - 新旅店大道  （棘刺/澄闪双核 其余通用  摆完挂机）【maa有开不了技能的bug，所以手动开棘刺技能】",
        "details": "统计日期：2024-05-12\n好评率：94.44%  浏览量：2643\n来源：无忧无虑啦  ID：34484\n300杀撤退先锋后，留个部署位可以给快活如翼德/夜刃等，42，叔叔，以用于救场，避免意外\n------------------------------\n叔叔可以提前放在强攻手左边一格，即（9，3）\n------------------------------\n测试练度：棘刺、澄闪、：2603，没有能不能行暂不清楚，其余精一满级，技能7级\n------------------------------\n棘刺，澄闪必须专三！！！\n------------------------------\n有问题群找”无忧“"
    },
    "groups": [
        {
            "name": "元素奶（最好是精二的，干员里最好是奶羊）",
            "opers": [
                {
                    "name": "哈洛德",
                    "skill": 1,
                    "skill_usage": 1
                },
                {
                    "name": "桑葚",
                    "skill": 1,
                    "skill_usage": 0
                },
                {
                    "name": "蜜莓",
                    "skill": 2,
                    "skill_usage": 1
                },
                {
                    "name": "纯烬艾雅法拉"
                }
            ]
        },
        {
            "name": "任意盾（最好是号角/火烧，可以白嫖）",
            "opers": [
                {
                    "name": "火哨",
                    "skill": 1,
                    "skill_usage": 0
                },
                {
                    "name": "号角",
                    "skill": 1,
                    "skill_usage": 0
                },
                {
                    "name": "年",
                    "skill": 3,
                    "skill_usage": 1
                },
                {
                    "name": "星熊",
                    "skill": 2,
                    "skill_usage": 0
                },
                {
                    "name": "米格鲁",
                    "skill": 1,
                    "skill_usage": 1
                },
                {
                    "name": "可颂",
                    "skill": 1,
                    "skill_usage": 0
                },
                {
                    "name": "雷蛇",
                    "skill": 1,
                    "skill_usage": 0
                },
                {
                    "name": "角峰",
                    "skill": 2,
                    "skill_usage": 1
                },
                {
                    "name": "拜松",
                    "skill": 1,
                    "skill_usage": 1
                }
            ]
        },
        {
            "name": "速狙（最好是能天使）",
            "opers": [
                {
                    "name": "灰喉",
                    "skill": 2,
                    "skill_usage": 1
                },
                {
                    "name": "寒芒克洛丝",
                    "skill": 1,
                    "skill_usage": 0
                },
                {
                    "name": "灰烬",
                    "skill": 1,
                    "skill_usage": 0
                },
                {
                    "name": "杰西卡",
                    "skill": 1,
                    "skill_usage": 0
                },
                {
                    "name": "空弦",
                    "skill": 3,
                    "skill_usage": 1
                },
                {
                    "name": "克洛丝",
                    "skill": 1,
                    "skill_usage": 0
                },
                {
                    "name": "流星",
                    "skill": 1,
                    "skill_usage": 0
                },
                {
                    "name": "蓝毒",
                    "skill": 1,
                    "skill_usage": 0
                },
                {
                    "name": "能天使",
                    "skill": 3,
                    "skill_usage": 0
                },
                {
                    "name": "梅",
                    "skill": 1,
                    "skill_usage": 0
                }
            ]
        },
        {
            "name": "奶盾（最好是塞雷亚和黍且2603，不是也能用）",
            "opers": [
                {
                    "name": "临光",
                    "skill": 1,
                    "skill_usage": 0
                },
                {
                    "name": "塞雷娅",
                    "skill": 1,
                    "skill_usage": 0
                },
                {
                    "name": "黍",
                    "skill": 1,
                    "skill_usage": 0
                },
                {
                    "name": "深律",
                    "skill": 1,
                    "skill_usage": 0
                },
                {
                    "name": "吽",
                    "skill": 1,
                    "skill_usage": 0
                },
                {
                    "name": "瑕光",
                    "skill": 1,
                    "skill_usage": 0
                }
            ]
        },
        {
            "name": "任意单奶",
            "opers": [
                {
                    "name": "嘉维尔",
                    "skill": 1,
                    "skill_usage": 0
                },
                {
                    "name": "芙蓉",
                    "skill": 1,
                    "skill_usage": 1
                },
                {
                    "name": "明椒",
                    "skill": 1,
                    "skill_usage": 0
                },
                {
                    "name": "闪灵",
                    "skill": 1,
                    "skill_usage": 0
                },
                {
                    "name": "安赛尔",
                    "skill": 1,
                    "skill_usage": 1
                }
            ]
        },
        {
            "name": "挡二先锋",
            "opers": [
                {
                    "name": "嵯峨",
                    "skill": 1,
                    "skill_usage": 0
                },
                {
                    "name": "德克萨斯",
                    "skill": 1,
                    "skill_usage": 0
                },
                {
                    "name": "红隼",
                    "skill": 1,
                    "skill_usage": 0
                },
                {
                    "name": "贾维",
                    "skill": 1,
                    "skill_usage": 0
                },
                {
                    "name": "凛冬",
                    "skill": 1,
                    "skill_usage": 0
                },
                {
                    "name": "推进之王",
                    "skill": 1,
                    "skill_usage": 0
                },
                {
                    "name": "青枳",
                    "skill": 1,
                    "skill_usage": 0
                }
            ]
        },
        {
            "name": "流明/夜莺/华法林/苏落落/白面枭/絮语（最好是精二的）",
            "opers": [
                {
                    "name": "流明",
                    "skill": 1,
                    "skill_usage": 0
                },
                {
                    "name": "华法琳",
                    "skill": 1,
                    "skill_usage": 0
                },
                {
                    "name": "夜莺",
                    "skill": 2,
                    "skill_usage": 0
                },
                {
                    "name": "苏苏洛",
                    "skill": 1,
                    "skill_usage": 1
                },
                {
                    "name": "絮雨",
                    "skill": 2,
                    "skill_usage": 0
                },
                {
                    "name": "白面鸮",
                    "skill": 2,
                    "skill_usage": 1
                }
            ]
        },
        {
            "name": "至少2603的澄闪",
            "opers": [
                {
                    "name": "澄闪",
                    "skill": 2,
                    "skill_usage": 0
                }
            ]
        },
        {
            "name": "至少2603的棘刺",
            "opers": [
                {
                    "name": "棘刺",
                    "skill": 3,
                    "skill_usage": 1
                }
            ]
        },
        {
            "name": "强攻手",
            "opers": [
                {
                    "name": "煌",
                    "skill": 2,
                    "skill_usage": 0
                },
                {
                    "name": "幽灵鲨",
                    "skill": 1,
                    "skill_usage": 1
                },
                {
                    "name": "布洛卡",
                    "skill": 1,
                    "skill_usage": 1
                },
                {
                    "name": "百炼嘉维尔",
                    "skill": 1,
                    "skill_usage": 1
                }
            ]
        }
    ],
    "opers": []
}