{
    "minimum_required": "v4.0.0",
    "stage_name": "camp_r_19",
    "actions": [
        {
            "type": "SpeedUp"
        },
        {
            "type": "Deploy",
            "name": "尖兵",
            "location": [
                2,
                4
            ],
            "direction": "Right"
        },
        {
            "type": "Deploy",
            "name": "菲亚梅塔",
            "location": [
                1,
                5
            ],
            "direction": "Right"
        },
        {
            "type": "Deploy",
            "name": "群奶",
            "location": [
                2,
                5
            ],
            "direction": "Right"
        },
        {
            "type": "Deploy",
            "name": "风投",
            "location": [
                1,
                6
            ],
            "direction": "Right"
        },
        {
            "type": "SkillUsage",
            "name": "风投",
            "kills": 15,
            "skill_usage": 1
        },
        {
            "type": "Skill",
            "name": "风投",
            "location": [
                1,
                6
            ]
        },
        {
            "type": "Retreat",
            "name": "风投",
            "location": [
                1,
                6
            ],
            "kills": 95
        },
        {
            "type": "Deploy",
            "name": "速狙1",
            "location": [
                4,
                2
            ],
            "direction": "Left",
            "kills": 100
        },
        {
            "type": "Deploy",
            "name": "群狙",
            "location": [
                2,
                3
            ],
            "direction": "Up"
        },
        {
            "type": "Deploy",
            "name": "单奶",
            "location": [
                5,
                7
            ],
            "direction": "Up"
        },
        {
            "type": "Deploy",
            "name": "盾2",
            "location": [
                4,
                4
            ],
            "direction": "Right"
        },
        {
            "type": "Deploy",
            "name": "奶盾",
            "location": [
                3,
                4
            ],
            "direction": "Right"
        },
        {
            "type": "Deploy",
            "name": "盾1",
            "location": [
                4,
                6
            ],
            "direction": "Right"
        },
        {
            "type": "Deploy",
            "name": "速狙2",
            "location": [
                1,
                3
            ],
            "direction": "Up"
        },
        {
            "type": "SkillDaemon"
        }
    ],
    "doc": {
        "title": "维多利亚 - 腐烂荒野 - 腐烂荒野  （看描述！）       [低配  通用  单核  摆完挂机]",
        "details": "统计日期：2024-05-12\n好评率：88.46%  浏览量：2266\n来源：无忧无虑啦  ID：30262\n参考视频：【[腐烂荒野]  菲亚梅塔单核（无松果） 真·低配全挂机 剿灭 400杀 简单好抄 保姆级教程 语音详解|浅予】https://www.bilibili.com/video/BV1KN411G7Jm/\n推荐自行带个水月，伊桑这类地刺干员，在maa动作序列变为摆完挂机的时候撤退先锋放一个在地图上方的红框那个位置坐标：2，1    大概300杀的时候放也行（来至评论区的实测声明：群狙是高练度W则可以不带地刺）\n400杀之后的树人可能打不死，这里不用管它，反正不影响奖励以及不算击杀数，全放了也是通关的\n测试练度：菲亚梅塔2603   其余精一满级 （除了菲亚之外，其余皆为3星，四星的测试练度）练度越高越好！！\n有问题群找“无忧”   [低配  通用  单核  摆完挂机]"
    },
    "groups": [
        {
            "name": "菲亚梅塔",
            "opers": [
                {
                    "name": "菲亚梅塔",
                    "skill": 3,
                    "skill_usage": 1
                }
            ]
        },
        {
            "name": "群奶",
            "opers": [
                {
                    "name": "调香师",
                    "skill": 1,
                    "skill_usage": 1
                },
                {
                    "name": "白面鸮",
                    "skill": 2,
                    "skill_usage": 1
                },
                {
                    "name": "夜莺",
                    "skill": 2,
                    "skill_usage": 0
                }
            ]
        },
        {
            "name": "尖兵",
            "opers": [
                {
                    "name": "讯使",
                    "skill": 1,
                    "skill_usage": 0
                },
                {
                    "name": "推进之王",
                    "skill": 1,
                    "skill_usage": 0
                },
                {
                    "name": "德克萨斯",
                    "skill": 2,
                    "skill_usage": 1
                },
                {
                    "name": "清道夫",
                    "skill": 1,
                    "skill_usage": 0
                },
                {
                    "name": "凛冬",
                    "skill": 1,
                    "skill_usage": 0
                },
                {
                    "name": "焰尾",
                    "skill": 2,
                    "skill_usage": 1
                },
                {
                    "name": "嵯峨",
                    "skill": 1,
                    "skill_usage": 0
                }
            ]
        },
        {
            "name": "速狙1",
            "opers": [
                {
                    "name": "杰西卡",
                    "skill": 1,
                    "skill_usage": 0
                },
                {
                    "name": "空弦",
                    "skill": 1,
                    "skill_usage": 0
                },
                {
                    "name": "克洛丝",
                    "skill": 1,
                    "skill_usage": 0
                },
                {
                    "name": "安德切尔",
                    "skill": 1,
                    "skill_usage": 0
                },
                {
                    "name": "蓝毒",
                    "skill": 1,
                    "skill_usage": 0
                }
            ]
        },
        {
            "name": "速狙2",
            "opers": [
                {
                    "name": "梅",
                    "skill": 1,
                    "skill_usage": 0
                },
                {
                    "name": "灰喉",
                    "skill": 1,
                    "skill_usage": 0
                },
                {
                    "name": "能天使",
                    "skill": 1,
                    "skill_usage": 0
                },
                {
                    "name": "寒芒克洛丝",
                    "skill": 1,
                    "skill_usage": 0
                },
                {
                    "name": "隐现",
                    "skill": 1,
                    "skill_usage": 0
                },
                {
                    "name": "流星",
                    "skill": 1,
                    "skill_usage": 0
                }
            ]
        },
        {
            "name": "单奶",
            "opers": [
                {
                    "name": "安赛尔",
                    "skill": 1,
                    "skill_usage": 1
                },
                {
                    "name": "末药",
                    "skill": 2,
                    "skill_usage": 1
                },
                {
                    "name": "嘉维尔",
                    "skill": 1,
                    "skill_usage": 0
                },
                {
                    "name": "苏苏洛",
                    "skill": 1,
                    "skill_usage": 1
                },
                {
                    "name": "华法琳",
                    "skill": 1,
                    "skill_usage": 0
                },
                {
                    "name": "闪灵",
                    "skill": 2,
                    "skill_usage": 0
                },
                {
                    "name": "亚叶",
                    "skill": 2,
                    "skill_usage": 1
                },
                {
                    "name": "图耶",
                    "skill": 1,
                    "skill_usage": 1
                },
                {
                    "name": "纯烬艾雅法拉",
                    "skill": 1,
                    "skill_usage": 0
                }
            ]
        },
        {
            "name": "奶盾",
            "opers": [
                {
                    "name": "古米",
                    "skill": 1,
                    "skill_usage": 0
                },
                {
                    "name": "临光",
                    "skill": 1,
                    "skill_usage": 0
                },
                {
                    "name": "吽",
                    "skill": 1,
                    "skill_usage": 0
                },
                {
                    "name": "瑕光",
                    "skill": 1,
                    "skill_usage": 0
                },
                {
                    "name": "塞雷娅",
                    "skill": 2,
                    "skill_usage": 0
                }
            ]
        },
        {
            "name": "群狙",
            "opers": [
                {
                    "name": "白雪",
                    "skill": 2,
                    "skill_usage": 1
                },
                {
                    "name": "陨星",
                    "skill": 1,
                    "skill_usage": 0
                },
                {
                    "name": "慑砂",
                    "skill": 2,
                    "skill_usage": 0
                },
                {
                    "name": "W",
                    "skill": 2,
                    "skill_usage": 0
                },
                {
                    "name": "截云",
                    "skill": 1,
                    "skill_usage": 1
                }
            ]
        },
        {
            "name": "盾2",
            "opers": [
                {
                    "name": "星熊",
                    "skill": 2,
                    "skill_usage": 0
                },
                {
                    "name": "可颂",
                    "skill": 1,
                    "skill_usage": 1
                },
                {
                    "name": "蛇屠箱",
                    "skill": 2,
                    "skill_usage": 1
                },
                {
                    "name": "角峰",
                    "skill": 1,
                    "skill_usage": 1
                },
                {
                    "name": "米格鲁",
                    "skill": 1,
                    "skill_usage": 1
                }
            ]
        },
        {
            "name": "盾1",
            "opers": [
                {
                    "name": "拜松",
                    "skill": 2,
                    "skill_usage": 1
                },
                {
                    "name": "闪击",
                    "skill": 2,
                    "skill_usage": 1
                },
                {
                    "name": "雷蛇",
                    "skill": 1,
                    "skill_usage": 0
                },
                {
                    "name": "泡泡",
                    "skill": 2,
                    "skill_usage": 1
                },
                {
                    "name": "暴雨",
                    "skill": 1,
                    "skill_usage": 0
                },
                {
                    "name": "年",
                    "skill": 1,
                    "skill_usage": 1
                }
            ]
        },
        {
            "name": "风投",
            "opers": [
                {
                    "name": "桃金娘",
                    "skill": 1,
                    "skill_usage": 0
                },
                {
                    "name": "极境",
                    "skill": 1,
                    "skill_usage": 0
                },
                {
                    "name": "琴柳",
                    "skill": 1,
                    "skill_usage": 0
                }
            ]
        }
    ],
    "opers": []
}