{
    "minimum_required": "v4.0.0",
    "stage_name": "tough_13-11",
    "actions": [
        {
            "type": "SpeedUp"
        },
        {
            "type": "Deploy",
            "name": "煌",
            "location": [
                3,
                2
            ],
            "direction": "Down"
        },
        {
            "type": "Deploy",
            "name": "山",
            "location": [
                2,
                4
            ],
            "direction": "Right"
        },
        {
            "type": "Deploy",
            "name": "艾雅法拉",
            "location": [
                4,
                5
            ],
            "direction": "Up"
        },
        {
            "type": "Deploy",
            "name": "澄闪",
            "location": [
                4,
                1
            ],
            "direction": "Down"
        },
        {
            "type": "Deploy",
            "name": "纯烬艾雅法拉",
            "location": [
                3,
                5
            ],
            "direction": "Up"
        },
        {
            "type": "Deploy",
            "name": "塞雷娅",
            "location": [
                2,
                3
            ],
            "direction": "Right"
        },
        {
            "type": "SkillDaemon",
            "doc": "有帮助的话 给个好评吧~",
            "doc_color": "#d63384"
        }
    ],
    "doc": {
        "title": "主线十三章 恶兆湍流 13-13（磨难） 萧然攻略",
        "details": "统计日期：2024-05-02\n好评率：97.23%  浏览量：20633\n这是磨难难度 普通难度地图不一样 别用磨难的打普通\n攻略作者：萧然Q BV1Hw411A7iG 记得去b站给萧然Q点赞三连\njson作者：鱼丸 评论区不解决maa问题\n已测试\n平均练度2603"
    },
    "groups": [],
    "opers": [
        {
            "name": "艾雅法拉",
            "skill": 2,
            "skill_usage": 0
        },
        {
            "name": "纯烬艾雅法拉",
            "skill": 1,
            "skill_usage": 0
        },
        {
            "name": "煌",
            "skill": 2,
            "skill_usage": 0
        },
        {
            "name": "澄闪",
            "skill": 2,
            "skill_usage": 0
        },
        {
            "name": "塞雷娅",
            "skill": 1,
            "skill_usage": 0
        },
        {
            "name": "山",
            "skill": 2,
            "skill_usage": 2
        }
    ]
}