{
    "minimum_required": "v4.0.0",
    "stage_name": "mem_durnar_1",
    "actions": [
        {
            "type": "SpeedUp",
            "kills": 0
        },
        {
            "type": "Deploy",
            "name": "坚雷",
            "location": [
                7,
                4
            ],
            "direction": "Left"
        },
        {
            "type": "Deploy",
            "name": "克洛丝",
            "location": [
                9,
                3
            ],
            "direction": "Left"
        },
        {
            "type": "Deploy",
            "name": "安赛尔",
            "location": [
                9,
                5
            ],
            "direction": "Left"
        },
        {
            "type": "Skill",
            "name": "坚雷",
            "location": [
                7,
                4
            ],
            "costs": 42
        },
        {
            "type": "Skill",
            "name": "坚雷",
            "location": [
                7,
                4
            ],
            "costs": 0,
            "kills": 27
        },
        {
            "type": "Retreat",
            "name": "克洛丝",
            "location": [
                9,
                3
            ]
        },
        {
            "type": "Skill",
            "name": "坚雷",
            "location": [
                7,
                4
            ],
            "costs": 0,
            "kills": 43
        },
        {
            "type": "Skill",
            "name": "安赛尔",
            "location": [
                9,
                5
            ]
        },
        {
            "type": "Deploy",
            "name": "克洛丝",
            "location": [
                8,
                5
            ],
            "direction": "Left"
        }
    ],
    "doc": {
        "title": "重装 - 坚雷 - 如雷坚守",
        "details": "作业更新日期: 2023-03-05T06:15:04Z\n统计更新日期: 2024-08-22\n好评率：54.17%  浏览量：379\n来源：xf22cn@qq.com  ID：21334\n倾九_Komy  https://www.bilibili.com/video/BV1nX4y1P7Yc/\n坚雷  精二1级  2技能7级"
    },
    "groups": [],
    "opers": [
        {
            "name": "坚雷",
            "skill": 2,
            "skill_usage": 0
        },
        {
            "name": "克洛丝",
            "skill": 1,
            "skill_usage": 0
        },
        {
            "name": "安赛尔",
            "skill": 1,
            "skill_usage": 0
        }
    ]
}