{
    "minimum_required": "v4.0.0",
    "stage_name": "mem_judge_1",
    "actions": [
        {
            "type": "SpeedUp"
        },
        {
            "type": "Deploy",
            "name": "德克萨斯",
            "location": [
                5,
                2
            ],
            "direction": "Down"
        },
        {
            "type": "Deploy",
            "name": "伺夜",
            "location": [
                3,
                4
            ],
            "direction": "Right"
        },
        {
            "type": "Deploy",
            "name": "狼群",
            "location": [
                4,
                3
            ],
            "direction": "None"
        },
        {
            "type": "Skill",
            "name": "德克萨斯",
            "costs": 24
        },
        {
            "type": "Deploy",
            "name": "斥罪",
            "location": [
                5,
                3
            ],
            "costs": 36,
            "direction": "Down"
        },
        {
            "type": "Skill",
            "name": "斥罪",
            "location": [
                5,
                3
            ],
            "costs": 30
        },
        {
            "type": "Skill",
            "name": "斥罪",
            "location": [
                5,
                3
            ],
            "costs": 99,
            "pre_delay": 2000
        },
        {
            "type": "Skill",
            "name": "德克萨斯",
            "location": [
                5,
                2
            ]
        },
        {
            "type": "Skill",
            "name": "斥罪",
            "location": [
                5,
                3
            ],
            "kills": 62
        }
    ],
    "doc": {
        "title": "斥罪悖论模拟",
        "details": "作业更新日期: 2024-04-21T15:01:45Z\n统计更新日期: 2024-09-14\n好评率：79.17%  浏览量：3320\n来源：DDDDD  ID：36258\n斥罪-悖论模拟 无需过高练度要求"
    },
    "groups": [],
    "opers": [
        {
            "name": "斥罪",
            "skill": 2,
            "skill_usage": 0
        },
        {
            "name": "伺夜",
            "skill": 2,
            "skill_usage": 0
        },
        {
            "name": "德克萨斯",
            "skill": 2,
            "skill_usage": 0
        }
    ]
}