{
    "minimum_required": "v4.0.0",
    "stage_name": "mem_mudrok_1",
    "actions": [
        {
            "type": "SpeedUp"
        },
        {
            "type": "Deploy",
            "name": "泥岩",
            "location": [
                1,
                3
            ],
            "direction": "Right"
        },
        {
            "type": "Skill",
            "name": "泥岩",
            "costs": 31
        },
        {
            "type": "Skill",
            "name": "泥岩",
            "costs": 99,
            "pre_delay": 500
        },
        {
            "type": "SkillDaemon"
        }
    ],
    "doc": {
        "title": "重装 - 泥岩 - 只此一人 - 悖论模拟 7级技能",
        "details": "作业更新日期: 2024-08-01T14:06:59Z\n统计更新日期: 2024-11-30\n好评率：93.45%  浏览量：8274\n来源：qiyi123  ID：39756\nhttps://www.bilibili.com/video/BV1ub421J78a\n260 7级技能亲测可过\n如果过不了请尝试打开maa设置中的mumu截图增强模式\n"
    },
    "groups": [],
    "opers": [
        {
            "name": "泥岩",
            "skill": 3,
            "skill_usage": 0
        }
    ]
}