{
  "minimum_required": "v4.0.0",
  "stage_name": "act31side_09",
  "actions": [
    {
      "type": "Deploy",
      "name": "奶盾",
      "location": [
        7,
        2
      ],
      "direction": "Left"
    },
    {
      "type": "Deploy",
      "name": "伊芙利特",
      "location": [
        10,
        2
      ],
      "direction": "Left"
    },
    {
      "type": "Deploy",
      "name": "煌",
      "location": [
        8,
        5
      ],
      "direction": "Up"
    },
    {
      "type": "Deploy",
      "name": "夜莺",
      "location": [
        8,
        3
      ],
      "direction": "Down"
    },
    {
      "type": "Deploy",
      "name": "泵站",
      "location": [
        5,
        4
      ],
      "direction": "Up"
    },
    {
      "type": "SpeedUp"
    },
    {
      "type": "SkillDaemon"
    }
  ],
  "doc": {
    "title": "HS-9 - 得果 含镀层",
    "details": "原作者萧然Q JSON作者萨拉托加\n作业交流群545928846，如果作业有问题可以加群找我，评论区不能及时回复，还可以去群里蹲我的新作业\n【【怀黍离】HS-1至HS-9 摆完挂机 简单好抄】 https://www.bilibili.com/video/BV1Pv421i7KL/?p=11&share_source=copy_web&vd_source=3fd5040fe25f6a00e19e6072bcccfa4e"
  },
  "groups": [
    {
      "name": "奶盾",
      "opers": [
        {
          "name": "塞雷娅",
          "skill": 1,
          "skill_usage": 0
        }
      ]
    }
  ],
  "opers": [
    {
      "name": "伊芙利特",
      "skill": 2,
      "skill_usage": 0
    },
    {
      "name": "煌",
      "skill": 2,
      "skill_usage": 0
    },
    {
      "name": "夜莺",
      "skill": 2,
      "skill_usage": 0
    }
  ]
}