{
    "minimum_required": "v4.0.0",
    "stage_name": "act31side_ex03",
    "actions": [
        {
            "type": "SpeedUp"
        },
        {
            "type": "Deploy",
            "name": "塞雷娅",
            "location": [
                8,
                4
            ],
            "direction": "Left"
        },
        {
            "type": "Deploy",
            "name": "星熊",
            "location": [
                8,
                5
            ],
            "direction": "Left"
        },
        {
            "type": "Deploy",
            "name": "夜莺",
            "location": [
                10,
                5
            ],
            "direction": "Left"
        },
        {
            "type": "Deploy",
            "name": "伊芙利特",
            "location": [
                7,
                6
            ],
            "direction": "Up"
        },
        {
            "type": "Deploy",
            "name": "艾雅法拉",
            "location": [
                10,
                2
            ],
            "direction": "Left"
        },
        {
            "type": "SkillDaemon"
        }
    ],
    "doc": {
        "title": "HS-EX-3 - 育苗",
        "details": "作业更新日期: 2024-02-09T10:35:21Z\n统计更新日期: 2025-02-27\n好评率：94.12%  浏览量：2487\n来源：kmmumukl  ID：32811\nhttps://www.bilibili.com复制自在道爷\n【平均六十，基本专三，一模】\n链接：https://www.bilibili.com/video/BV11p421o7MG//video/BV11p421o7MG/?p=3&spm_id_from=pageDriver&vd_source=a30f0454778fd102b26de739dc02c610"
    },
    "groups": [],
    "opers": [
        {
            "name": "塞雷娅",
            "skill": 2,
            "skill_usage": 0
        },
        {
            "name": "艾雅法拉",
            "skill": 2,
            "skill_usage": 0
        },
        {
            "name": "星熊",
            "skill": 2,
            "skill_usage": 0
        },
        {
            "name": "伊芙利特",
            "skill": 2,
            "skill_usage": 0
        },
        {
            "name": "夜莺",
            "skill": 2,
            "skill_usage": 0
        }
    ],
    "difficulty": 3
}