{
    "minimum_required": "v4.0.0",
    "stage_name": "main_14-02",
    "actions": [
        {
            "type": "SpeedUp"
        },
        {
            "type": "Deploy",
            "name": "煌",
            "location": [
                5,
                5
            ],
            "direction": "Left",
            "costs": 30
        },
        {
            "type": "Deploy",
            "name": "塞雷娅",
            "location": [
                4,
                6
            ],
            "direction": "Up"
        },
        {
            "type": "Deploy",
            "name": "枯朽祭坛",
            "location": [
                4,
                1
            ],
            "direction": "Left",
            "costs": 15
        },
        {
            "type": "Deploy",
            "name": "德克萨斯",
            "location": [
                5,
                1
            ],
            "direction": "Left"
        },
        {
            "type": "Deploy",
            "name": "艾雅法拉",
            "location": [
                3,
                5
            ],
            "direction": "Right"
        }
    ],
    "doc": {
        "title": "第十四章 慈悲灯塔 - 14-3（标准） - 破解锤砧战术 ",
        "details": "统计日期：2024-06-01\n好评率：96.97%  浏览量：834\n来源：5959  ID：36653\n第十四章 慈悲灯塔 - 14-3（标准） - 破解锤砧战术 "
    },
    "groups": [],
    "opers": [
        {
            "name": "煌",
            "skill": 2,
            "skill_usage": 0
        },
        {
            "name": "塞雷娅",
            "skill": 1,
            "skill_usage": 0
        },
        {
            "name": "艾雅法拉",
            "skill": 2,
            "skill_usage": 0
        },
        {
            "name": "德克萨斯",
            "skill": 1,
            "skill_usage": 0
        }
    ]
}