{
    "minimum_required": "v4.0.0",
    "stage_name": "camp_r_18",
    "actions": [
        {
            "type": "Deploy",
            "name": "先锋1",
            "location": [
                5,
                3
            ],
            "direction": "Right"
        },
        {
            "type": "Deploy",
            "name": "先锋2",
            "location": [
                5,
                5
            ],
            "direction": "Right"
        },
        {
            "type": "Deploy",
            "name": "令",
            "location": [
                8,
                6
            ],
            "direction": "Up"
        },
        {
            "type": "SkillUsage",
            "name": "令",
            "skill_usage": 1
        },
        {
            "type": "Deploy",
            "name": "“弦惊”",
            "location": [
                6,
                5
            ],
            "direction": "Right"
        },
        {
            "type": "SpeedUp"
        },
        {
            "type": "Deploy",
            "name": "“弦惊”",
            "location": [
                6,
                3
            ],
            "direction": "Right"
        },
        {
            "type": "Deploy",
            "name": "“弦惊”",
            "location": [
                11,
                1
            ],
            "direction": "Right"
        },
        {
            "type": "Deploy",
            "name": "“弦惊”",
            "location": [
                7,
                3
            ],
            "direction": "Left"
        },
        {
            "type": "Deploy",
            "name": "“弦惊”",
            "location": [
                7,
                5
            ],
            "direction": "Left"
        },
        {
            "type": "Deploy",
            "name": "“弦惊”",
            "location": [
                10,
                1
            ],
            "direction": "Right"
        },
        {
            "type": "Deploy",
            "name": "玛恩纳",
            "location": [
                7,
                3
            ],
            "direction": "Right"
        },
        {
            "type": "SkillUsage",
            "name": "令",
            "kills": 40,
            "skill_usage": 0
        },
        {
            "type": "Skill",
            "name": "玛恩纳",
            "kills": 68,
            "pre_delay": 11000,
            "rear_delay": 0
        },
        {
            "type": "Skill",
            "name": "令",
            "kills": 80
        },
        {
            "type": "Skill",
            "name": "玛恩纳",
            "kills": 94,
            "pre_delay": 8000
        },
        {
            "type": "Skill",
            "name": "令",
            "kills": 115
        },
        {
            "type": "Skill",
            "name": "玛恩纳",
            "kills": 128,
            "pre_delay": 7000
        },
        {
            "type": "Retreat",
            "name": "先锋1"
        },
        {
            "type": "Deploy",
            "name": "调香师",
            "location": [
                5,
                4
            ],
            "direction": "Right"
        },
        {
            "type": "Skill",
            "name": "令",
            "kills": 144,
            "pre_delay": 1000
        },
        {
            "type": "Skill",
            "name": "玛恩纳",
            "kills": 161
        },
        {
            "type": "Skill",
            "name": "令",
            "kills": 176,
            "pre_delay": 3
        },
        {
            "type": "Skill",
            "name": "玛恩纳",
            "kills": 193
        },
        {
            "type": "Skill",
            "name": "令",
            "kills": 211,
            "pre_delay": 5000
        },
        {
            "type": "Skill",
            "name": "玛恩纳",
            "kills": 232
        },
        {
            "type": "Skill",
            "name": "令",
            "kills": 253
        },
        {
            "type": "Skill",
            "name": "玛恩纳",
            "kills": 271
        },
        {
            "type": "Skill",
            "name": "令",
            "kills": 291,
            "rear_delay": 0
        },
        {
            "type": "Retreat",
            "name": "先锋2",
            "kills": 300
        },
        {
            "type": "Output",
            "kills": 300,
            "doc_color": "Gray",
            "doc": "300kill"
        },
        {
            "type": "Deploy",
            "name": "“弦惊”",
            "location": [
                5,
                5
            ],
            "direction": "Right"
        },
        {
            "type": "Retreat",
            "location": [
                6,
                5
            ],
            "kills": 301
        },
        {
            "type": "Deploy",
            "name": "“弦惊”",
            "location": [
                6,
                5
            ],
            "kills": 0,
            "direction": "Left"
        },
        {
            "type": "Skill",
            "name": "令",
            "kills": 302
        },
        {
            "type": "Deploy",
            "name": "“弦惊”",
            "location": [
                6,
                5
            ],
            "direction": "Right",
            "kills": 314
        },
        {
            "type": "Retreat",
            "name": "“弦惊”",
            "location": [
                5,
                5
            ],
            "kills": 317
        },
        {
            "type": "Deploy",
            "name": "“弦惊”",
            "location": [
                5,
                5
            ],
            "direction": "Right"
        },
        {
            "type": "Skill",
            "name": "玛恩纳",
            "kills": 319
        },
        {
            "type": "Skill",
            "name": "令",
            "kills": 329
        },
        {
            "type": "Deploy",
            "name": "“弦惊”",
            "location": [
                5,
                5
            ],
            "kills": 0,
            "direction": "Right"
        },
        {
            "type": "Skill",
            "name": "玛恩纳",
            "kills": 339,
            "pre_delay": 6
        },
        {
            "type": "Retreat",
            "name": "“弦惊”",
            "location": [
                6,
                5
            ],
            "kills": 0
        },
        {
            "type": "Deploy",
            "name": "“弦惊”",
            "location": [
                6,
                5
            ],
            "kills": 0,
            "direction": "Right"
        },
        {
            "type": "Skill",
            "name": "玛恩纳",
            "kills": 351
        },
        {
            "type": "Skill",
            "name": "令",
            "kills": 359,
            "pre_delay": 2000
        },
        {
            "type": "Deploy",
            "name": "“弦惊”",
            "location": [
                9,
                1
            ],
            "kills": 363,
            "direction": "Down"
        },
        {
            "type": "Retreat",
            "location": [
                11,
                1
            ],
            "kills": 370
        },
        {
            "type": "Skill",
            "name": "玛恩纳",
            "kills": 372,
            "pre_delay": 8600
        },
        {
            "type": "SkillUsage",
            "name": "玛恩纳",
            "skill_usage": 1
        },
        {
            "type": "Skill",
            "name": "令",
            "kills": 378,
            "pre_delay": 4000
        },
        {
            "type": "Deploy",
            "name": "“弦惊”",
            "location": [
                7,
                4
            ],
            "direction": "Down"
        },
        {
            "type": "Retreat",
            "name": "调香师"
        },
        {
            "type": "SkillUsage",
            "name": "令",
            "skill_usage": 1
        },
        {
            "type": "Deploy",
            "name": "“弦惊”",
            "location": [
                7,
                5
            ],
            "direction": "Right",
            "kills": 387
        },
        {
            "type": "Output",
            "kills": 388,
            "doc_color": "Gray",
            "doc": "作业很难控制boss击杀位置，开始随缘~"
        },
        {
            "type": "Deploy",
            "name": "“弦惊”",
            "location": [
                5,
                3
            ],
            "direction": "Right"
        },
        {
            "type": "Deploy",
            "name": "“弦惊”",
            "location": [
                6,
                3
            ],
            "kills": 398,
            "direction": "Left"
        },
        {
            "type": "SkillDaemon"
        }
    ],
    "doc": {
        "title": "“特制小水坑” 低配？令、玛恩纳、调香师三核",
        "details": "统计日期：2024-05-17\n好评率：81.4%  浏览量：3031\n来源：酩酊剑舞  ID：27740\nup：孤独的国哥  视频地址：https://www.bilibili.com/video/BV1Jz4y1T7FG\n令2603三模，叔叔2603，调香师必带，给大龙回血，不能用红蒂替，因为远端有个大龙也需要吃奶\n。。发现个bug，至简被击落后掉在不可部署地块，然后路径改变直接进门，这作业真是一点也写不了啦！！\n然后，由于剿灭无法对费用轴，本作业大量采用时间轴，可能由于设备或maa操作延迟导致乱轴，~~在本机已经完成了400杀的测试，最后十杀稳定性不做保证（十几分钟一把去测试最后十杀好麻烦，如果有心可以评论我如在39X杀等待多少秒开令技能）~~"
    },
    "groups": [
        {
            "name": "先锋1",
            "opers": [
                {
                    "name": "推进之王",
                    "skill": 1,
                    "skill_usage": 0
                },
                {
                    "name": "芬",
                    "skill": 1,
                    "skill_usage": 0
                },
                {
                    "name": "凛冬",
                    "skill": 1,
                    "skill_usage": 0
                },
                {
                    "name": "清道夫",
                    "skill": 1,
                    "skill_usage": 0
                }
            ]
        },
        {
            "name": "先锋2",
            "opers": [
                {
                    "name": "德克萨斯",
                    "skill": 1,
                    "skill_usage": 0
                },
                {
                    "name": "香草",
                    "skill": 1,
                    "skill_usage": 0
                },
                {
                    "name": "讯使",
                    "skill": 1,
                    "skill_usage": 0
                },
                {
                    "name": "嵯峨",
                    "skill": 1,
                    "skill_usage": 0
                }
            ]
        }
    ],
    "opers": [
        {
            "name": "令",
            "skill": 3,
            "skill_usage": 0
        },
        {
            "name": "玛恩纳",
            "skill": 3,
            "skill_usage": 0
        },
        {
            "name": "调香师",
            "skill": 2,
            "skill_usage": 1
        }
    ]
}