{
    "opers": [
        {
            "skill": 1,
            "name": "塞雷娅",
            "skill_usage": 0
        },
        {
            "skill": 2,
            "name": "伊芙利特",
            "skill_usage": 0
        }
    ],
    "doc": {
        "title": "【莱塔尼亚 休止符街道】AI-自在道爷 手动扩充干员组 剿灭",
        "details": "统计日期：2024-05-17\n好评率：100.0%  浏览量：1080\n来源：disarmedalarm28  ID：23298\n根据视频内容和评论增加干员组，优化了作业实用性。关服了闲得没事写的，大部分扩充干员未经作者验证，仅筛选评论区得出，但仍具备一定可用性。视频链接：https://www.bilibili.com/video/BV1pa4y157u8  联系QQ：2423519795"
    },
    "stage_name": "camp_r_16",
    "minimum_required": "v4.0.0",
    "actions": [
        {
            "type": "SpeedUp",
            "kills": 0
        },
        {
            "name": "先锋",
            "location": [
                6,
                7
            ],
            "kills": 0,
            "type": "Deploy",
            "direction": "Left"
        },
        {
            "name": "塞雷娅",
            "location": [
                5,
                2
            ],
            "kills": 0,
            "type": "Deploy",
            "direction": "Right"
        },
        {
            "name": "临光替换",
            "location": [
                5,
                6
            ],
            "kills": 0,
            "type": "Deploy",
            "direction": "Right"
        },
        {
            "name": "伊芙利特",
            "location": [
                6,
                1
            ],
            "kills": 0,
            "type": "Deploy",
            "direction": "Down"
        },
        {
            "name": "群狙范围",
            "location": [
                5,
                3
            ],
            "direction": "Right",
            "type": "Deploy"
        },
        {
            "name": "远卫",
            "location": [
                4,
                6
            ],
            "direction": "Right",
            "type": "Deploy"
        },
        {
            "name": "泥岩替换",
            "location": [
                5,
                4
            ],
            "type": "Deploy",
            "direction": "Left"
        },
        {
            "name": "医疗",
            "location": [
                4,
                1
            ],
            "direction": "Right",
            "type": "Deploy"
        },
        {
            "name": "群奶",
            "location": [
                5,
                7
            ],
            "direction": "Left",
            "type": "Deploy"
        },
        {
            "name": "风笛替换",
            "location": [
                6,
                2
            ],
            "direction": "Down",
            "type": "Deploy"
        },
        {
            "type": "Output",
            "doc_color": "Gray",
            "doc": "顺手评价一下，不论是赞还是踩，谢谢你。"
        },
        {
            "type": "SkillUsage",
            "name": "重岳",
            "skill_usage": 0,
            "kills": 200
        },
        {
            "type": "SkillUsage",
            "name": "先锋",
            "skill_usage": 0
        },
        {
            "type": "SkillDaemon"
        }
    ],
    "groups": [
        {
            "name": "先锋",
            "opers": [
                {
                    "name": "琴柳",
                    "skill": 1,
                    "skill_usage": 1
                },
                {
                    "name": "推进之王",
                    "skill": 1,
                    "skill_usage": 0
                },
                {
                    "skill": 1,
                    "name": "德克萨斯",
                    "skill_usage": 0
                },
                {
                    "name": "桃金娘",
                    "skill": 1,
                    "skill_usage": 1
                },
                {
                    "name": "极境",
                    "skill": 1,
                    "skill_usage": 1
                }
            ]
        },
        {
            "name": "医疗",
            "opers": [
                {
                    "skill": 2,
                    "name": "絮雨",
                    "skill_usage": 0
                },
                {
                    "name": "流明",
                    "skill": 3,
                    "skill_usage": 1
                },
                {
                    "name": "蜜莓",
                    "skill": 1,
                    "skill_usage": 0
                }
            ]
        },
        {
            "name": "群狙范围",
            "opers": [
                {
                    "name": "W",
                    "skill": 2,
                    "skill_usage": 0
                },
                {
                    "skill": 2,
                    "name": "白金",
                    "skill_usage": 0
                },
                {
                    "name": "陨星",
                    "skill": 1,
                    "skill_usage": 1
                },
                {
                    "name": "菲亚梅塔",
                    "skill": 3,
                    "skill_usage": 2
                }
            ]
        },
        {
            "name": "泥岩替换",
            "opers": [
                {
                    "skill": 2,
                    "name": "泥岩",
                    "skill_usage": 0
                },
                {
                    "name": "斥罪",
                    "skill": 3,
                    "skill_usage": 1
                }
            ]
        },
        {
            "name": "临光替换",
            "opers": [
                {
                    "name": "瑕光",
                    "skill": 1,
                    "skill_usage": 0
                },
                {
                    "name": "临光",
                    "skill": 1,
                    "skill_usage": 0
                },
                {
                    "name": "山",
                    "skill": 2,
                    "skill_usage": 2
                },
                {
                    "name": "煌",
                    "skill": 2,
                    "skill_usage": 0
                },
                {
                    "name": "星熊",
                    "skill": 2,
                    "skill_usage": 0
                }
            ]
        },
        {
            "name": "群奶",
            "opers": [
                {
                    "skill": 2,
                    "name": "夜莺",
                    "skill_usage": 0
                },
                {
                    "name": "白面鸮",
                    "skill": 2,
                    "skill_usage": 1
                }
            ]
        },
        {
            "name": "风笛替换",
            "opers": [
                {
                    "name": "风笛",
                    "skill": 2,
                    "skill_usage": 0
                },
                {
                    "name": "史尔特尔",
                    "skill": 1,
                    "skill_usage": 0
                },
                {
                    "name": "重岳",
                    "skill": 3,
                    "skill_usage": 1
                }
            ]
        },
        {
            "name": "远卫",
            "opers": [
                {
                    "skill": 2,
                    "name": "拉普兰德",
                    "skill_usage": 0
                },
                {
                    "name": "棘刺",
                    "skill": 3,
                    "skill_usage": 1
                },
                {
                    "name": "仇白",
                    "skill": 2,
                    "skill_usage": 1
                }
            ]
        }
    ]
}