{
    "actions": [
        {
            "type": "二倍速"
        },
        {
            "type": "部署",
            "name": "德克萨斯",
            "location": [
                8,
                3
            ],
            "direction": "左"
        },
        {
            "type": "部署",
            "name": "棘刺",
            "location": [
                7,
                4
            ],
            "direction": "左"
        },
        {
            "type": "部署",
            "name": "拉普兰德",
            "location": [
                7,
                3
            ],
            "direction": "左"
        },
        {
            "type": "部署",
            "name": "流明",
            "location": [
                8,
                2
            ],
            "direction": "左"
        },
        {
            "type": "部署",
            "name": "泥岩",
            "location": [
                3,
                1
            ],
            "direction": "左"
        },
        {
            "type": "部署",
            "name": "艾雅法拉",
            "location": [
                5,
                2
            ],
            "direction": "下"
        },
        {
            "type": "部署",
            "name": "伊芙利特",
            "location": [
                9,
                5
            ],
            "direction": "左"
        },
        {
            "type": "部署",
            "name": "塞雷娅",
            "location": [
                6,
                4
            ],
            "direction": "下"
        },
        {
            "type": "部署",
            "name": "煌",
            "location": [
                6,
                1
            ],
            "direction": "下"
        },
        {
            "type": "部署",
            "name": "水月",
            "location": [
                6,
                3
            ],
            "direction": "左"
        }
    ],
    "stage_name": "camp_r_12",
    "doc": {
        "title": "巧克力大街-德狗+棘刺+煌+拉狗+泥岩+塞雷娅+小羊+小火龙+流明+水月",
        "details": "统计日期：2024-05-17\n好评率：88.24%  浏览量：1455\n来源：作业代传——有问题联系原作者  ID：21030\n萧然Q\n锂/fs"
    },
    "opers": [
        {
            "name": "德克萨斯",
            "skill": 1
        },
        {
            "name": "棘刺",
            "skill": 3,
            "skill_usage": 1
        },
        {
            "name": "拉普兰德",
            "skill": 2
        },
        {
            "name": "流明",
            "skill": 3,
            "skill_usage": 2
        },
        {
            "name": "泥岩",
            "skill": 2
        },
        {
            "name": "艾雅法拉",
            "skill": 2
        },
        {
            "name": "伊芙利特",
            "skill": 2
        },
        {
            "name": "塞雷娅",
            "skill": 1
        },
        {
            "name": "煌",
            "skill": 2
        },
        {
            "name": "水月",
            "skill": 1
        }
    ],
    "minimum_required": "v4.0.0"
}