{
    "minimum_required": "v4.0.0",
    "stage_name": "main_03-04",
    "actions": [
        {
            "type": "Deploy",
            "name": "缪尔赛思",
            "location": [
                2,
                4
            ],
            "direction": "Right"
        },
        {
            "type": "Deploy",
            "name": "流形",
            "location": [
                4,
                3
            ],
            "direction": "Down"
        },
        {
            "type": "SpeedUp"
        },
        {
            "type": "Deploy",
            "name": "棘刺",
            "location": [
                5,
                2
            ],
            "direction": "Down"
        },
        {
            "type": "Deploy",
            "name": "塞or黍",
            "location": [
                4,
                2
            ],
            "direction": "Down"
        },
        {
            "type": "Deploy",
            "name": "能天使",
            "location": [
                7,
                4
            ],
            "direction": "Left"
        },
        {
            "type": "SkillDaemon"
        }
    ],
    "doc": {
        "title": "第三章 二次呼吸 - 3-4 - 龟裂【缪尔赛思模组任务】",
        "details": "统计日期：2024-05-11\n好评率：100.0%  浏览量：1047\n来源：小卡拉帕鲁灰🐖  ID：35859\n缪缪模组任务、测试通过\n任务要求：3星通关主题曲3-4；必须编入非助战缪尔赛思并上场，其他成员仅可编入4名干员"
    },
    "groups": [
        {
            "name": "塞or黍",
            "opers": [
                {
                    "name": "塞雷娅",
                    "skill": 1,
                    "skill_usage": 0
                },
                {
                    "name": "黍",
                    "skill": 1,
                    "skill_usage": 0
                }
            ]
        }
    ],
    "opers": [
        {
            "name": "缪尔赛思",
            "skill": 3,
            "skill_usage": 1
        },
        {
            "name": "能天使",
            "skill": 3,
            "skill_usage": 0
        },
        {
            "name": "棘刺",
            "skill": 3,
            "skill_usage": 1
        }
    ],
    "difficulty": 1
}