{
    "minimum_required": "v4.0",
    "doc": {
        "title": "【将进酒-萧然】IW-EX-5突袭六人",
        "details": "原视频：https://www.bilibili.com/video/av893643464?p=9\nUP：萧然Q\n有问题联系制作者QQ2586582719"
    },
    "stage_name": "IW-EX-5",
    "opers": [
        {
            "name": "煌",
            "skill": 2,
            "skill_usage": 0
        },
        {
            "name": "塞雷娅",
            "skill": 1,
            "skill_usage": 0
        },
        {
            "name": "艾雅法拉",
            "skill": 2,
            "skill_usage": 0
        },
        {
            "name": "闪灵",
            "skill": 2,
            "skill_usage": 0
        },
        {
            "name": "阿消",
            "skill": 1,
            "skill_usage": 0
        },
        {
            "name": "伊桑",
            "skill": 1,
            "skill_usage": 0
        }
    ],
    "actions": [
        {
            "type": "二倍速",
            "name": ""
        },
        {
            "type": "部署",
            "name": "煌",
            "location": [
                5,
                6
            ],
            "direction": "上"
        },
        {
            "type": "部署",
            "name": "伊桑",
            "location": [
                8,
                4
            ],
            "direction": "右"
        },
        {
            "type": "部署",
            "name": "艾雅法拉",
            "location": [
                5,
                3
            ],
            "direction": "上"
        },
        {
            "type": "部署",
            "name": "塞雷娅",
            "location": [
                7,
                1
            ],
            "direction": "左"
        },
        {
            "type": "部署",
            "name": "阿消",
            "location": [
                8,
                3
            ],
            "direction": "左"
        },
        {
            "type": "部署",
            "name": "闪灵",
            "location": [
                6,
                5
            ],
            "direction": "左"
        },
        {
            "type": "打印",
            "name": "",
            "doc": "有问题联系制作者QQ2586582719",
            "doc_color": "SpringGreen"
        }
    ]
}