{
  "minimum_required": "v4.0.0",
  "stage_name": "act29side_08",
  "actions": [
    {
      "type": "Deploy",
      "name": "重岳",
      "location": [
        1,
        3
      ],
      "direction": "Down"
    },
    {
      "type": "Deploy",
      "name": "湮灭之相",
      "location": [
        1,
        4
      ],
      "direction": "None"
    },
    {
      "type": "Deploy",
      "name": "玛恩纳",
      "location": [
        8,
        4
      ],
      "direction": "Left"
    },
    {
      "type": "Deploy",
      "name": "湮灭之相",
      "location": [
        1,
        4
      ],
      "direction": "None"
    },
    {
      "type": "Skill",
      "location": [
        4,
        4
      ],
      "kills": 4
    },
    {
      "type": "Skill",
      "name": "玛恩纳",
      "location": [
        8,
        4
      ]
    },
    {
      "type": "SpeedUp"
    },
    {
      "type": "Deploy",
      "name": "湮灭之相",
      "location": [
        1,
        4
      ],
      "direction": "None",
      "kills": 9
    },
    {
      "type": "Retreat",
      "name": "湮灭之相",
      "location": [
        1,
        4
      ],
      "pre_delay": 3000
    },
    {
      "type": "SkillUsage",
      "name": "重岳",
      "skill_usage": 0
    },
    {
      "type": "Skill",
      "name": "玛恩纳",
      "location": [
        8,
        4
      ],
      "kills": 18,
      "pre_delay": 4000
    },
    {
      "type": "Skill",
      "location": [
        5,
        4
      ],
      "pre_delay": 1000
    },
    {
      "type": "SkillDaemon"
    }
  ],
  "doc": {
    "title": "ZT-8 - 夜歌“未见的高塔” 【玛恩纳+重岳 双人速刷】",
    "details": "注意！！别用自动编队，自动编队重岳会带成2技能\n视频：【崔林特尔梅之金】ZT-8速刷（玛恩纳+重岳双人）\n视频链接：https://www.bilibili.com/video/BV1aM411Q7em/?spm_id_from=333.337.search-card.all.click&vd_source=10857a8c905c104ca2eab27415c72ffc\n为了保证大哥技能稳定开出来，前面用了1倍速，后面会自动切2倍\n测试通过，练度：精二60级专3，"
  },
  "groups": [],
  "opers": [
    {
      "name": "玛恩纳",
      "skill": 3,
      "skill_usage": 0
    },
    {
      "name": "重岳",
      "skill": 3,
      "skill_usage": 1
    }
  ]
}