{
  "minimum_required": "v4.0.0",
  "stage_name": "act29side_ex06",
  "actions": [
    {
      "type": "SpeedUp"
    },
    {
      "type": "Deploy",
      "name": "山",
      "location": [
        5,
        1
      ],
      "direction": "Down"
    },
    {
      "type": "Deploy",
      "name": "塞雷娅",
      "location": [
        7,
        3
      ],
      "direction": "Left"
    },
    {
      "type": "Skill",
      "name": "山",
      "location": [
        5,
        1
      ]
    },
    {
      "type": "Skill",
      "location": [
        5,
        2
      ]
    },
    {
      "type": "Deploy",
      "name": "焰影苇草",
      "location": [
        8,
        4
      ],
      "direction": "Left"
    },
    {
      "type": "Deploy",
      "name": "玛恩纳",
      "location": [
        5,
        3
      ],
      "direction": "Right"
    },
    {
      "type": "Deploy",
      "name": "煌",
      "location": [
        6,
        3
      ],
      "direction": "Left"
    },
    {
      "type": "Deploy",
      "name": "医疗",
      "location": [
        8,
        2
      ],
      "direction": "Left"
    },
    {
      "type": "Skill",
      "location": [
        5,
        2
      ],
      "kills": 28
    },
    {
      "type": "SkillDaemon"
    }
  ],
  "doc": {
    "title": "ZT-EX-6 术式转换 【新干员六人】",
    "details": "普通、突袭兼容\n测试平均练度：90级专3一级模组\n测试通过"
  },
  "groups": [
    {
      "name": "医疗",
      "opers": [
        {
          "name": "纯烬艾雅法拉",
          "skill": 1,
          "skill_usage": 0
        },
        {
          "name": "闪灵",
          "skill": 2,
          "skill_usage": 0
        }
      ]
    }
  ],
  "opers": [
    {
      "name": "山",
      "skill": 2,
      "skill_usage": 0
    },
    {
      "name": "煌",
      "skill": 2,
      "skill_usage": 0
    },
    {
      "name": "焰影苇草",
      "skill": 3,
      "skill_usage": 1
    },
    {
      "name": "塞雷娅",
      "skill": 1,
      "skill_usage": 0
    },
    {
      "name": "玛恩纳",
      "skill": 3,
      "skill_usage": 1
    }
  ],
  "difficulty": 3
}