{
  "minimum_required": "v4.0.0",
  "stage_name": "act29side_ex03",
  "actions": [
    {
      "type": "SpeedUp"
    },
    {
      "type": "Deploy",
      "name": "能天使",
      "location": [
        1,
        2
      ],
      "direction": "Right"
    },
    {
      "type": "Deploy",
      "name": "湮灭之相",
      "location": [
        3,
        3
      ],
      "direction": "None",
      "kills": 1
    },
    {
      "type": "Deploy",
      "name": "艾雅法拉",
      "location": [
        1,
        5
      ],
      "direction": "Up"
    },
    {
      "type": "Deploy",
      "name": "山",
      "location": [
        1,
        4
      ],
      "direction": "Left"
    },
    {
      "type": "Deploy",
      "name": "湮灭之相",
      "location": [
        2,
        3
      ],
      "direction": "None",
      "pre_delay": 7000
    },
    {
      "type": "Skill",
      "location": [
        5,
        4
      ],
      "pre_delay": 9000
    },
    {
      "type": "Deploy",
      "name": "号角",
      "location": [
        8,
        1
      ],
      "direction": "Down"
    }
  ],
  "doc": {
    "title": " ZT-EX-3 跳进 【ZC高配广义挂机流】",
    "details": "突袭普通兼容，练度：能天使精二80级专3，其余42级\nZC高配广义挂机流：BV1D84y1Q74V\n测试通过，号角尽量精二60专3及以上"
  },
  "groups": [],
  "opers": [
    {
      "name": "能天使",
      "skill": 3,
      "skill_usage": 0
    },
    {
      "name": "山",
      "skill": 2,
      "skill_usage": 2
    },
    {
      "name": "艾雅法拉",
      "skill": 2,
      "skill_usage": 0
    },
    {
      "name": "号角",
      "skill": 1,
      "skill_usage": 0
    }
  ],
  "difficulty": 3
}