{
  "minimum_required": "v4.0.0",
  "stage_name": "act29side_ex06",
  "actions": [
    {
      "type": "Deploy",
      "name": "伊桑",
      "location": [
        6,
        1
      ],
      "direction": "Left"
    },
    {
      "type": "SpeedUp"
    },
    {
      "type": "Deploy",
      "name": "山",
      "location": [
        5,
        4
      ],
      "direction": "Left"
    },
    {
      "type": "Skill",
      "location": [
        5,
        2
      ],
      "pre_delay": 4000
    },
    {
      "type": "Deploy",
      "name": "如棘刺",
      "location": [
        5,
        1
      ],
      "direction": "Left"
    },
    {
      "type": "Deploy",
      "name": "如煌",
      "location": [
        6,
        4
      ],
      "direction": "Left"
    },
    {
      "type": "Skill",
      "location": [
        5,
        2
      ]
    },
    {
      "type": "Deploy",
      "name": "如艾雅法拉",
      "location": [
        6,
        5
      ],
      "direction": "Left"
    },
    {
      "type": "Deploy",
      "name": "如夜莺",
      "location": [
        6,
        2
      ],
      "direction": "Down"
    },
    {
      "type": "Skill",
      "location": [
        5,
        2
      ],
      "kills": 7
    },
    {
      "type": "Deploy",
      "name": "如闪灵",
      "location": [
        7,
        5
      ],
      "direction": "Left"
    },
    {
      "type": "Deploy",
      "name": "塞雷娅",
      "location": [
        6,
        3
      ],
      "direction": "Left"
    },
    {
      "type": "SkillDaemon"
    }
  ],
  "doc": {
    "title": "【干员替换】ZT-EX-6 - 术式转换",
    "details": "【【崔林特尔梅之金】ZT全关卡 摆完挂机 简单好抄（持续更新中）】 https://www.bilibili.com/video/BV1xa4y1D7BE/?p=20&share_source=copy_web&vd_source=3fd5040fe25f6a00e19e6072bcccfa4e\n原JSON：萨拉托加"
  },
  "groups": [
    {
      "name": "如棘刺",
      "opers": [
        {
          "name": "棘刺",
          "skill": 3,
          "skill_usage": 1
        },
        {
          "name": "仇白",
          "skill": 3,
          "skill_usage": 1
        }
      ]
    },
    {
      "name": "如煌",
      "opers": [
        {
          "name": "煌",
          "skill": 2,
          "skill_usage": 0
        },
        {
          "name": "百炼嘉维尔",
          "skill": 2,
          "skill_usage": 1
        }
      ]
    },
    {
      "name": "如艾雅法拉",
      "opers": [
        {
          "name": "艾雅法拉",
          "skill": 2,
          "skill_usage": 0
        },
        {
          "name": "澄闪",
          "skill": 3,
          "skill_usage": 1
        }
      ]
    },
    {
      "name": "如夜莺",
      "opers": [
        {
          "name": "夜莺",
          "skill": 2,
          "skill_usage": 0
        },
        {
          "name": "白面鸮",
          "skill": 2,
          "skill_usage": 1
        }
      ]
    },
    {
      "name": "如闪灵",
      "opers": [
        {
          "name": "闪灵",
          "skill": 2,
          "skill_usage": 0
        },
        {
          "name": "纯烬艾雅法拉",
          "skill": 1,
          "skill_usage": 0
        },
        {
          "name": "流明",
          "skill": 3,
          "skill_usage": 1
        }
      ]
    }
  ],
  "opers": [
    {
      "name": "山",
      "skill": 2,
      "skill_usage": 2
    },
    {
      "name": "塞雷娅",
      "skill": 2,
      "skill_usage": 0
    },
    {
      "name": "伊桑",
      "skill": 1,
      "skill_usage": 0
    },
    {
      "name": "德克萨斯",
      "skill": 1,
      "skill_usage": 0
    }
  ],
  "difficulty": 3
}