{
  "minimum_required": "v4.0.0",
  "stage_name": "act29side_s05",
  "actions": [
    {
      "type": "Deploy",
      "name": "桃金娘",
      "location": [
        6,
        3
      ],
      "direction": "Up"
    },
    {
      "type": "Deploy",
      "name": "煌",
      "location": [
        8,
        1
      ],
      "direction": "Down",
      "costs": 24
    },
    {
      "type": "Deploy",
      "name": "浊心斯卡蒂",
      "location": [
        8,
        2
      ],
      "direction": "Left"
    },
    {
      "type": "Retreat",
      "name": "桃金娘",
      "costs": 13
    },
    {
      "type": "Deploy",
      "name": "纯烬艾雅法拉",
      "location": [
        9,
        2
      ],
      "direction": "Left"
    },
    {
      "type": "Deploy",
      "name": "能天使",
      "location": [
        7,
        2
      ],
      "kills": 1,
      "pre_delay": 3000,
      "direction": "Down"
    },
    {
      "type": "Deploy",
      "name": "重岳",
      "location": [
        7,
        3
      ],
      "direction": "Left"
    },
    {
      "type": "Deploy",
      "name": "塞雷娅",
      "location": [
        8,
        4
      ],
      "direction": "Left"
    },
    {
      "type": "Deploy",
      "name": "夜莺",
      "location": [
        6,
        1
      ],
      "direction": "Right"
    },
    {
      "type": "Deploy",
      "name": "闪灵",
      "location": [
        5,
        2
      ],
      "direction": "Right"
    },
    {
      "type": "Skill",
      "location": [
        6,
        2
      ],
      "pre_delay": 3000
    },
    {
      "type": "Deploy",
      "name": "湮灭之相",
      "location": [
        6,
        3
      ],
      "kills": 13,
      "rear_delay": 7000,
      "direction": "None"
    },
    {
      "type": "Retreat",
      "location": [
        6,
        3
      ]
    },
    {
      "type": "Deploy",
      "name": "湮灭之相",
      "location": [
        8,
        3
      ],
      "kills": 18,
      "direction": "None"
    },
    {
      "type": "Deploy",
      "name": "桃金娘",
      "location": [
        9,
        3
      ],
      "direction": "Left",
      "kills": 24
    },
    {
      "type": "SkillUsage",
      "name": "桃金娘",
      "skill_usage": 0
    },
    {
      "type": "Deploy",
      "name": "湮灭之相",
      "kills": 26,
      "location": [
        8,
        3
      ],
      "direction": "None"
    },
    {
      "type": "SpeedUp"
    },
    {
      "type": "SkillDaemon"
    }
  ],
  "doc": {
    "title": "崔林特尔梅之金 - ZT-S-5 - 王座厅 仅普通（测试）",
    "details": "ZT-S-5普通\n如果过不去最好在评论区说明一下是哪里过不去，我好进行修改\n大哥要手动选三技能\n未经过多测试，可能因练度和潜能的不同导致无法对轴"
  },
  "groups": [],
  "opers": [
    {
      "name": "桃金娘",
      "skill": 1,
      "skill_usage": 1
    },
    {
      "name": "浊心斯卡蒂",
      "skill": 2,
      "skill_usage": 0
    },
    {
      "name": "重岳",
      "skill": 3,
      "skill_usage": 1
    },
    {
      "name": "能天使",
      "skill": 3,
      "skill_usage": 0
    },
    {
      "name": "纯烬艾雅法拉",
      "skill": 1,
      "skill_usage": 0
    },
    {
      "name": "塞雷娅",
      "skill": 1,
      "skill_usage": 0
    },
    {
      "name": "闪灵",
      "skill": 2,
      "skill_usage": 0
    },
    {
      "name": "夜莺",
      "skill": 2,
      "skill_usage": 0
    },
    {
      "name": "煌",
      "skill": 2,
      "skill_usage": 0
    }
  ],
  "difficulty": 1
}