{
    "minimum_required": "v4.0.0",
    "stage_name": "mem_f12yin_1",
    "actions": [
        {
            "type": "SpeedUp"
        },
        {
            "type": "Deploy",
            "name": "山",
            "location": [
                6,
                3
            ],
            "direction": "Left"
        },
        {
            "type": "Deploy",
            "name": "白面鸮",
            "location": [
                4,
                5
            ],
            "direction": "Right"
        },
        {
            "type": "Skill",
            "name": "白面鸮",
            "location": [
                4,
                5
            ],
            "pre_delay": 59000
        },
        {
            "type": "Skill",
            "name": "禁锢装置",
            "location": [
                5,
                5
            ],
            "costs": 0,
            "cost_changes": 0
        },
        {
            "type": "Skill",
            "location": [
                5,
                1
            ],
            "costs": 0,
            "cost_changes": 0,
            "name": "禁锢装置",
            "pre_delay": 1500
        },
        {
            "type": "Skill",
            "name": "山",
            "location": [
                6,
                3
            ]
        }
    ],
    "doc": {
        "title": "近卫 - 山 - 不动如山",
        "details": "——————————\n作业更新日期: 2023-11-22T09:58:15Z\n统计更新日期: 2025-06-17\n好评率：93.18%  浏览量：1793\n来源：AA南瓜酋长  ID：30434\n——————————\nhttps://www.bilibili.com/video/BV1HB4y1c7ew/?spm_id_from=333.337.search-card.all.click&vd_source=c8b6e09bdf79a6ee5ba2f855c7253700  \n"
    },
    "groups": [],
    "opers": [
        {
            "name": "山",
            "skill": 3,
            "skill_usage": 1
        }
    ]
}