{
    "minimum_required": "v4.0.0",
    "doc": {
        "title": "声威在前-悖论模拟-惊蛰",
        "details": "作业更新日期: 2023-06-09T06:23:23Z\n统计更新日期: 2024-09-16\n好评率：98.59%  浏览量：1437\n来源：一只摆烂的42  ID：23892\n倾九_Komy\nhttps://www.bilibili.com/video/BV1N14y1Q7pM\n二技能，无需专精\n制作者：一只摆烂的42\n有问题联系QQ2586582719"
    },
    "stage_name": "mem_leizi_1",
    "opers": [
        {
            "name": "惊蛰",
            "skill": 2,
            "skill_usage": 0
        }
    ],
    "actions": [
        {
            "type": "二倍速",
            "name": ""
        },
        {
            "type": "部署",
            "name": "惊蛰",
            "location": [
                3,
                4
            ],
            "direction": "右"
        },
        {
            "type": "技能",
            "cost_changes": 86,
            "name": "惊蛰"
        }
    ]
}