{
    "actions": [
        {
            "type": "部署",
            "name": "山",
            "location": [
                6,
                3
            ],
            "direction": "左"
        },
        {
            "type": "二倍速"
        },
        {
            "type": "技能",
            "name": "山",
            "location": [
                6,
                3
            ],
            "kills": 1
        },
        {
            "type": "部署",
            "name": "白面鸮",
            "location": [
                4,
                5
            ],
            "direction": "右"
        },
        {
            "type": "技能",
            "name": "山",
            "location": [
                6,
                3
            ],
            "kills": 31,
            "pre_delay": 12500
        },
        {
            "type": "技能",
            "location": [
                5,
                1
            ],
            "pre_delay": 20000
        },
        {
            "type": "技能",
            "name": "白面鸮",
            "location": [
                4,
                5
            ]
        },
        {
            "type": "技能",
            "pre_delay": 1300,
            "location": [
                5,
                5
            ]
        },
        {
            "type": "技能",
            "name": "山",
            "location": [
                6,
                3
            ]
        }
    ],
    "stage_name": "不动如山",
    "opers": [
        {
            "name": "山",
            "skill": 3
        },
        {
            "name": "白面鸮",
            "skill": 2
        }
    ],
    "doc": {
        "title": "不动如山",
        "details": "妹有描述"
    }
}