{
    "minimum_required": "v4.0.0",
    "doc": {
        "title": "【火山旅梦】SL-2",
        "details": "作业更新日期: 2023-08-01T08:56:49Z\n统计更新日期: 2024-08-31\n好评率：90.62%  浏览量：1055\n来源：一只摆烂的42  ID：24993\n\n侬无言以对\nhttps://www.bilibili.com/video/BV1hx4y1X7Bg/\n制作者：一只摆烂的42\n有问题联系QQ2586582719"
    },
    "stage_name": "act27side_02",
    "opers": [
        {
            "name": "煌",
            "skill": 2,
            "skill_usage": 0
        },
        {
            "name": "能天使",
            "skill": 3,
            "skill_usage": 0
        },
        {
            "name": "塞雷娅",
            "skill": 2,
            "skill_usage": 0
        }
    ],
    "actions": [
        {
            "type": "二倍速",
            "name": ""
        },
        {
            "type": "部署",
            "name": "煌",
            "location": [
                3,
                4
            ],
            "direction": "上"
        },
        {
            "type": "部署",
            "name": "能天使",
            "location": [
                4,
                6
            ],
            "direction": "上"
        },
        {
            "type": "部署",
            "name": "塞雷娅",
            "location": [
                5,
                5
            ],
            "direction": "上"
        }
    ]
}