{
    "minimum_required": "v4.0.0",
    "doc": {
        "title": "【火山旅梦】SL-3",
        "details": "作业更新日期: 2023-08-01T08:58:39Z\n统计更新日期: 2024-08-31\n好评率：94.87%  浏览量：1195\n来源：一只摆烂的42  ID：24995\n\n侬无言以对\nhttps://www.bilibili.com/video/BV1Pk4y1G7rM/\n制作者：一只摆烂的42\n有问题联系QQ2586582719"
    },
    "stage_name": "act27side_03",
    "opers": [
        {
            "name": "煌",
            "skill": 2,
            "skill_usage": 0
        },
        {
            "name": "能天使",
            "skill": 3,
            "skill_usage": 0
        }
    ],
    "actions": [
        {
            "type": "二倍速",
            "name": ""
        },
        {
            "type": "部署",
            "name": "能天使",
            "location": [
                2,
                2
            ],
            "direction": "右"
        },
        {
            "type": "部署",
            "name": "煌",
            "location": [
                2,
                3
            ],
            "direction": "右"
        }
    ]
}