{
    "minimum_required": "v4.0.0",
    "stage_name": "act27side_ex01",
    "actions": [
        {
            "type": "Deploy",
            "name": "艾雅法拉",
            "location": [
                8,
                1
            ],
            "direction": "Down"
        },
        {
            "type": "Deploy",
            "name": "煌",
            "location": [
                7,
                4
            ],
            "direction": "Up"
        },
        {
            "type": "SpeedUp"
        },
        {
            "type": "Deploy",
            "name": "塞雷娅",
            "location": [
                8,
                3
            ],
            "direction": "Left"
        },
        {
            "type": "Deploy",
            "name": "拉普兰德",
            "location": [
                9,
                2
            ],
            "direction": "Left"
        },
        {
            "type": "SkillDaemon"
        }
    ],
    "doc": {
        "title": "火山旅梦 - SL-EX-1 - 黄金与玫瑰",
        "details": "作业更新日期: 2024-08-22T02:54:26Z\n统计更新日期: 2024-08-31\n好评率：99.76%  浏览量：8194\n来源：萨拉托加  ID：40510\n\n原作者自在道爷 JSON作者萨拉托加\n作业交流群群号1003478193，可蹲作业，有问题进群找我，作业站消息没提醒看不到\n【【火山旅梦】SL-EX-1至8挂机流，突袭任务都不愁！语音快乐详解，轻松解放双手 | 明日方舟攻略(含SL-EX-7突袭，SL-EX-8突袭等)】 https://www.bilibili.com/video/BV1m94y1C7kC/?share_source=copy_web&vd_source=3fd5040fe25f6a00e19e6072bcccfa4e"
    },
    "groups": [],
    "opers": [
        {
            "name": "煌",
            "skill": 2,
            "skill_usage": 0
        },
        {
            "name": "塞雷娅",
            "skill": 2,
            "skill_usage": 0
        },
        {
            "name": "艾雅法拉",
            "skill": 2,
            "skill_usage": 0
        },
        {
            "name": "拉普兰德",
            "skill": 2,
            "skill_usage": 0
        }
    ],
    "difficulty": 3
}