{
    "minimum_required": "v4.0.0",
    "stage_name": "act27side_04",
    "actions": [
        {
            "type": "SpeedUp"
        },
        {
            "type": "Deploy",
            "name": "推进之王",
            "location": [
                6,
                2
            ],
            "direction": "Down"
        },
        {
            "type": "Deploy",
            "name": "艾雅法拉",
            "location": [
                5,
                2
            ],
            "direction": "Down"
        },
        {
            "type": "Deploy",
            "name": "伊芙利特",
            "location": [
                8,
                3
            ],
            "direction": "Left"
        },
        {
            "type": "Deploy",
            "name": "泥岩",
            "location": [
                4,
                2
            ],
            "direction": "Down"
        },
        {
            "type": "SkillDaemon"
        }
    ],
    "doc": {
        "title": "火山旅梦 - SL-4 - 一个水手出海了（含任务）",
        "details": "作业更新日期: 2024-08-22T19:25:50Z\n统计更新日期: 2024-08-31\n好评率：99.35%  浏览量：1213\n来源：星之海.  ID：40590\n\n此作业全员专三且模组一级\n原作者：自在道爷\nJSON作者：星之海.\n社区评论不会提醒，有问题可以进群找我：994516079（刚建的\n原视频：【【火山旅梦·复刻】全关卡挂机流，豪华重制解放双手！ | 明日方舟攻略（含SL-8，SL-EX-8突袭，SL-S-5突袭，SL-MO-1等）】https://www.bilibili.com/video/BV1gz421q7tw?vd_source=69f0b796ff8cde9e6cb9e9f9a99f8eec"
    },
    "groups": [],
    "opers": [
        {
            "name": "推进之王",
            "skill": 2,
            "skill_usage": 0
        },
        {
            "name": "泥岩",
            "skill": 2,
            "skill_usage": 0
        },
        {
            "name": "艾雅法拉",
            "skill": 2,
            "skill_usage": 0
        },
        {
            "name": "伊芙利特",
            "skill": 2,
            "skill_usage": 0
        }
    ]
}