{
    "minimum_required": "v4.0.0",
    "stage_name": "act27side_08",
    "actions": [
        {
            "type": "SpeedUp"
        },
        {
            "type": "Deploy",
            "name": "艾雅法拉",
            "location": [
                6,
                4
            ],
            "direction": "Left"
        },
        {
            "type": "Deploy",
            "name": "能天使",
            "location": [
                5,
                2
            ],
            "direction": "Left",
            "costs": 15
        },
        {
            "type": "Deploy",
            "name": "玛恩纳",
            "location": [
                4,
                2
            ],
            "direction": "Left"
        },
        {
            "type": "Deploy",
            "name": "白面鸮",
            "location": [
                5,
                4
            ],
            "direction": "Up"
        },
        {
            "type": "Deploy",
            "name": "水汽汽水瓶",
            "location": [
                3,
                2
            ],
            "direction": "None",
            "costs": 18
        },
        {
            "type": "Skill",
            "name": "玛恩纳",
            "location": [
                4,
                2
            ],
            "costs": 22
        },
        {
            "type": "Deploy",
            "name": "煌",
            "location": [
                6,
                5
            ],
            "direction": "Left"
        },
        {
            "type": "Deploy",
            "name": "水汽汽水瓶",
            "location": [
                3,
                2
            ],
            "direction": "None"
        },
        {
            "type": "Deploy",
            "name": "水汽汽水瓶",
            "location": [
                3,
                2
            ],
            "direction": "None"
        },
        {
            "type": "Deploy",
            "name": "水汽汽水瓶",
            "location": [
                3,
                2
            ],
            "direction": "None"
        },
        {
            "type": "Skill",
            "name": "玛恩纳",
            "location": [
                4,
                2
            ],
            "kills": 23
        },
        {
            "type": "Deploy",
            "name": "水汽汽水瓶",
            "location": [
                3,
                2
            ],
            "direction": "None"
        },
        {
            "type": "Skill",
            "location": [
                4,
                2
            ],
            "kills": 44
        },
        {
            "type": "SkillDaemon",
            "doc_color": "#d63384",
            "doc": "有帮助的话 点个赞吧"
        }
    ],
    "doc": {
        "title": "火山旅梦 SL-8速刷 萧然Q攻略",
        "details": "作业更新日期: 2023-08-02T03:26:23Z\n统计更新日期: 2024-08-31\n好评率：85.71%  浏览量：12859\n来源：鱼丸不是鱼van  ID：25026\n\n攻略作者：萧然Q https://www.bilibili.com/video/BV1Wh4y1C712 记得去b站给萧然宝贝点赞三连\njson作者：鱼丸 有问题请点踩然后在评论区反馈 评论区不解决maa问题\n需要上下位替代可自行下载json进行修改\n平均练度 2603 已测试 最好别带新干员 会一直识别"
    },
    "groups": [],
    "opers": [
        {
            "name": "煌",
            "skill": 2,
            "skill_usage": 0
        },
        {
            "name": "玛恩纳",
            "skill": 3,
            "skill_usage": 0
        },
        {
            "name": "能天使",
            "skill": 3,
            "skill_usage": 0
        },
        {
            "name": "艾雅法拉",
            "skill": 2,
            "skill_usage": 0
        },
        {
            "name": "白面鸮",
            "skill": 2,
            "skill_usage": 0
        }
    ]
}