{
    "minimum_required": "v4.0.0",
    "stage_name": "act27side_ex01",
    "actions": [
        {
            "type": "Deploy",
            "name": "令",
            "location": [
                7,
                4
            ],
            "direction": "Left"
        },
        {
            "type": "SpeedUp"
        },
        {
            "type": "Deploy",
            "name": "“弦惊”",
            "location": [
                6,
                3
            ],
            "direction": "Left"
        },
        {
            "type": "Deploy",
            "name": "“弦惊”",
            "location": [
                6,
                2
            ],
            "direction": "Left"
        },
        {
            "type": "Skill",
            "costs": 9,
            "name": "令",
            "location": [
                7,
                4
            ]
        },
        {
            "type": "Deploy",
            "name": "“弦惊”",
            "location": [
                5,
                4
            ],
            "direction": "Up"
        },
        {
            "type": "Deploy",
            "name": "“弦惊”",
            "location": [
                6,
                4
            ],
            "direction": "Up"
        },
        {
            "type": "Deploy",
            "name": "“弦惊”",
            "location": [
                5,
                5
            ],
            "direction": "Up"
        },
        {
            "type": "Skill",
            "name": "令",
            "location": [
                7,
                4
            ],
            "costs": 14
        },
        {
            "type": "Deploy",
            "name": "“弦惊”",
            "location": [
                7,
                2
            ],
            "direction": "Left"
        },
        {
            "type": "Deploy",
            "name": "水汽汽水瓶",
            "location": [
                5,
                2
            ],
            "direction": "None",
            "costs": 30
        },
        {
            "type": "Deploy",
            "name": "水汽汽水瓶",
            "location": [
                5,
                4
            ],
            "direction": "None",
            "costs": 45
        },
        {
            "type": "Deploy",
            "name": "“弦惊”",
            "location": [
                7,
                3
            ],
            "direction": "Left"
        },
        {
            "type": "Skill",
            "costs": 53,
            "name": "令",
            "location": [
                7,
                4
            ]
        }
    ],
    "doc": {
        "title": "【火山旅梦】令单人合集 ： SL-EX-1【普通/突袭】",
        "details": "作业更新日期: 2023-08-09T02:36:44Z\n统计更新日期: 2024-08-31\n好评率：96.15%  浏览量：1675\n来源：iseddy  ID：25285\n\n来自b站【福哥宅】\nhttps://www.bilibili.com/video/BV1Wu4y1R7qA\n测过了，2903能过"
    },
    "groups": [],
    "opers": [
        {
            "name": "令",
            "skill": 3,
            "skill_usage": 0
        }
    ]
}