{
    "minimum_required": "v4.0.0",
    "stage_name": "act27side_ex08",
    "actions": [
        {
            "type": "SpeedUp"
        },
        {
            "type": "Deploy",
            "name": "桃金娘",
            "location": [
                10,
                1
            ],
            "direction": "Down"
        },
        {
            "type": "Deploy",
            "name": "德克萨斯",
            "location": [
                10,
                2
            ],
            "direction": "Down"
        },
        {
            "type": "Deploy",
            "name": "玛恩纳",
            "location": [
                7,
                5
            ],
            "direction": "Right"
        },
        {
            "type": "Deploy",
            "name": "棘刺",
            "location": [
                11,
                2
            ],
            "direction": "Down"
        },
        {
            "type": "Deploy",
            "name": "纯烬艾雅法拉",
            "location": [
                9,
                5
            ],
            "direction": "Up"
        },
        {
            "type": "Deploy",
            "name": "奶",
            "location": [
                4,
                5
            ],
            "direction": "Right"
        },
        {
            "type": "Deploy",
            "name": "艾雅法拉",
            "location": [
                9,
                4
            ],
            "direction": "Right"
        },
        {
            "type": "Deploy",
            "name": "澄闪",
            "location": [
                9,
                3
            ],
            "direction": "Right"
        },
        {
            "type": "Deploy",
            "name": "水汽汽水瓶",
            "location": [
                11,
                3
            ],
            "direction": "None"
        },
        {
            "type": "Deploy",
            "name": "水汽汽水瓶",
            "location": [
                10,
                3
            ],
            "direction": "None"
        },
        {
            "type": "Retreat",
            "name": "德克萨斯",
            "location": [
                10,
                2
            ]
        },
        {
            "type": "Deploy",
            "name": "煌",
            "location": [
                10,
                2
            ],
            "direction": "Down",
            "pre_delay": 500
        },
        {
            "type": "Retreat",
            "name": "桃金娘",
            "location": [
                10,
                1
            ]
        },
        {
            "type": "Deploy",
            "name": "水月",
            "location": [
                11,
                4
            ],
            "direction": "Up"
        },
        {
            "type": "Deploy",
            "name": "水汽汽水瓶",
            "location": [
                11,
                3
            ],
            "direction": "None"
        },
        {
            "type": "Deploy",
            "name": "水汽汽水瓶",
            "location": [
                10,
                3
            ],
            "direction": "None"
        },
        {
            "type": "Deploy",
            "name": "水汽汽水瓶",
            "location": [
                10,
                4
            ],
            "direction": "None"
        },
        {
            "type": "Deploy",
            "name": "水汽汽水瓶",
            "location": [
                10,
                4
            ],
            "direction": "None",
            "kills": 30
        },
        {
            "type": "Deploy",
            "name": "水汽汽水瓶",
            "location": [
                10,
                4
            ],
            "direction": "None"
        },
        {
            "type": "Deploy",
            "name": "水汽汽水瓶",
            "location": [
                10,
                4
            ],
            "direction": "None"
        },
        {
            "type": "Deploy",
            "name": "水汽汽水瓶",
            "location": [
                10,
                4
            ],
            "direction": "None"
        },
        {
            "type": "Deploy",
            "name": "水汽汽水瓶",
            "location": [
                10,
                4
            ],
            "direction": "None"
        },
        {
            "type": "Deploy",
            "name": "水汽汽水瓶",
            "location": [
                10,
                4
            ],
            "direction": "None"
        },
        {
            "type": "Deploy",
            "name": "水汽汽水瓶",
            "location": [
                10,
                4
            ],
            "direction": "None"
        },
        {
            "type": "Deploy",
            "name": "水汽汽水瓶",
            "location": [
                10,
                4
            ],
            "direction": "None"
        },
        {
            "type": "SkillDaemon",
            "doc_color": "#d63384",
            "doc": "有帮助的话 点个赞吧~"
        }
    ],
    "doc": {
        "title": "火山旅梦 SL-EX-8 无限定 突袭普通兼容 萧然Q攻略 摆完挂机",
        "details": "作业更新日期: 2024-08-22T13:07:34Z\n统计更新日期: 2024-08-31\n好评率：97.75%  浏览量：1257\n来源：桃乃木玛丽亚  ID：40555\n\n攻略作者：萧然Q https://www.bilibili.com/video/BV1Wh4y1C712 记得去b站给萧然宝贝点赞三连\njson作者：鱼丸 有问题请点踩然后在评论区反馈 评论区不解决maa问题\n需要上下位替代可自行下载json进行修改\n平均练度 2603 已测试"
    },
    "groups": [
        {
            "name": "奶",
            "opers": [
                {
                    "name": "安赛尔",
                    "skill": 1,
                    "skill_usage": 1
                },
                {
                    "name": "闪灵",
                    "skill": 2,
                    "skill_usage": 0
                },
                {
                    "name": "流明",
                    "skill": 3,
                    "skill_usage": 2
                }
            ]
        }
    ],
    "opers": [
        {
            "name": "桃金娘",
            "skill": 1,
            "skill_usage": 1
        },
        {
            "name": "德克萨斯",
            "skill": 1,
            "skill_usage": 0
        },
        {
            "name": "棘刺",
            "skill": 3,
            "skill_usage": 1
        },
        {
            "name": "玛恩纳",
            "skill": 3,
            "skill_usage": 1
        },
        {
            "name": "水月",
            "skill": 1,
            "skill_usage": 0
        },
        {
            "name": "澄闪",
            "skill": 2,
            "skill_usage": 0
        },
        {
            "name": "艾雅法拉",
            "skill": 2,
            "skill_usage": 0
        },
        {
            "name": "煌",
            "skill": 2,
            "skill_usage": 0
        },
        {
            "name": "纯烬艾雅法拉",
            "skill": 1,
            "skill_usage": 0
        }
    ],
    "difficulty": 3
}