{
    "minimum_required": "v4.0.0",
    "stage_name": "act27side_mo01",
    "actions": [
        {
            "type": "Deploy",
            "name": "德克萨斯",
            "location": [
                5,
                1
            ],
            "direction": "Down"
        },
        {
            "type": "Deploy",
            "name": "能天使",
            "location": [
                4,
                6
            ],
            "direction": "Up"
        },
        {
            "type": "Deploy",
            "name": "攻城手",
            "location": [
                6,
                3
            ],
            "direction": "Right"
        },
        {
            "type": "Deploy",
            "name": "白面鸮",
            "location": [
                6,
                2
            ],
            "direction": "Down"
        },
        {
            "type": "SpeedUp"
        },
        {
            "type": "Deploy",
            "name": "澄闪",
            "location": [
                6,
                5
            ],
            "direction": "Left"
        },
        {
            "type": "Deploy",
            "name": "行医",
            "location": [
                6,
                4
            ],
            "direction": "Left"
        },
        {
            "type": "Deploy",
            "name": "地刺",
            "location": [
                4,
                5
            ],
            "direction": "Left"
        },
        {
            "type": "Deploy",
            "name": "煌",
            "location": [
                5,
                2
            ],
            "direction": "Down"
        },
        {
            "type": "Deploy",
            "name": "水汽汽水瓶",
            "location": [
                5,
                3
            ],
            "direction": "Up"
        },
        {
            "type": "Deploy",
            "name": "水汽汽水瓶",
            "location": [
                5,
                4
            ],
            "direction": "Up"
        },
        {
            "type": "Deploy",
            "name": "歌蕾蒂娅",
            "location": [
                7,
                1
            ],
            "direction": "Right"
        },
        {
            "type": "Deploy",
            "name": "水汽汽水瓶",
            "location": [
                5,
                4
            ],
            "direction": "Up",
            "kills": 102
        },
        {
            "type": "Deploy",
            "name": "水汽汽水瓶",
            "location": [
                5,
                4
            ],
            "direction": "Up",
            "pre_delay": 2000
        },
        {
            "type": "Deploy",
            "name": "水汽汽水瓶",
            "location": [
                5,
                4
            ],
            "direction": "Up",
            "pre_delay": 2000
        },
        {
            "type": "Deploy",
            "name": "水汽汽水瓶",
            "location": [
                5,
                4
            ],
            "direction": "Up",
            "pre_delay": 2000
        },
        {
            "type": "Deploy",
            "name": "水汽汽水瓶",
            "location": [
                5,
                4
            ],
            "direction": "Up",
            "pre_delay": 2000
        },
        {
            "type": "Retreat",
            "name": "德克萨斯",
            "location": [
                5,
                1
            ],
            "costs": 130
        },
        {
            "type": "Deploy",
            "name": "艾雅法拉",
            "location": [
                4,
                2
            ],
            "direction": "Down"
        },
        {
            "type": "Deploy",
            "name": "水汽汽水瓶",
            "location": [
                5,
                4
            ],
            "direction": "Up",
            "kills": 152
        },
        {
            "type": "Deploy",
            "name": "水汽汽水瓶",
            "location": [
                5,
                4
            ],
            "direction": "Up",
            "pre_delay": 2000
        },
        {
            "type": "Deploy",
            "name": "水汽汽水瓶",
            "location": [
                5,
                4
            ],
            "direction": "Up",
            "pre_delay": 2000
        },
        {
            "type": "Deploy",
            "name": "水汽汽水瓶",
            "location": [
                5,
                4
            ],
            "direction": "Up",
            "pre_delay": 2000
        },
        {
            "type": "Deploy",
            "name": "水汽汽水瓶",
            "location": [
                5,
                4
            ],
            "direction": "Up",
            "pre_delay": 2000
        },
        {
            "type": "SkillDaemon"
        }
    ],
    "doc": {
        "title": "火山旅梦 - SL-MO-1 - 乡间路带我回家（含镀层",
        "details": "作业更新日期: 2024-08-23T06:49:21Z\n统计更新日期: 2024-08-31\n好评率：90.91%  浏览量：2824\n来源：星之海.  ID：40638\n\n此作业全员专三且模组一级\n原作者：自在道爷\nJSON作者：星之海.\n社区评论不会提醒，有问题可以进群找我：994516079（刚建的\n原视频：【【火山旅梦·复刻】全关卡挂机流，豪华重制解放双手！ | 明日方舟攻略（含SL-8，SL-EX-8突袭，SL-S-5突袭，SL-MO-1等）】https://www.bilibili.com/video/BV1gz421q7tw?vd_source=69f0b796ff8cde9e6cb9e9f9a99f8eec"
    },
    "groups": [
        {
            "name": "行医",
            "opers": [
                {
                    "name": "纯烬艾雅法拉",
                    "skill": 1,
                    "skill_usage": 0
                },
                {
                    "name": "蜜莓",
                    "skill": 1,
                    "skill_usage": 0
                }
            ]
        },
        {
            "name": "地刺",
            "opers": [
                {
                    "name": "阿斯卡纶",
                    "skill": 1,
                    "skill_usage": 0
                },
                {
                    "name": "狮蝎",
                    "skill": 1,
                    "skill_usage": 0
                }
            ]
        },
        {
            "name": "攻城手",
            "opers": [
                {
                    "name": "提丰",
                    "skill": 2,
                    "skill_usage": 1
                },
                {
                    "name": "早露",
                    "skill": 1,
                    "skill_usage": 0
                },
                {
                    "name": "埃拉托",
                    "skill": 1,
                    "skill_usage": 0
                },
                {
                    "name": "熔泉",
                    "skill": 1,
                    "skill_usage": 0
                }
            ]
        }
    ],
    "opers": [
        {
            "name": "德克萨斯",
            "skill": 1,
            "skill_usage": 0
        },
        {
            "name": "煌",
            "skill": 2,
            "skill_usage": 0
        },
        {
            "name": "能天使",
            "skill": 3,
            "skill_usage": 0
        },
        {
            "name": "澄闪",
            "skill": 2,
            "skill_usage": 0
        },
        {
            "name": "艾雅法拉",
            "skill": 2,
            "skill_usage": 0
        },
        {
            "name": "白面鸮",
            "skill": 2,
            "skill_usage": 0
        },
        {
            "name": "歌蕾蒂娅",
            "skill": 1,
            "skill_usage": 0
        }
    ]
}