{
    "minimum_required": "v4.0.0",
    "stage_name": "act27side_s01",
    "actions": [
        {
            "type": "SpeedUp"
        },
        {
            "type": "Deploy",
            "name": "桃金娘",
            "location": [
                8,
                2
            ],
            "direction": "Left"
        },
        {
            "type": "Deploy",
            "name": "能天使",
            "location": [
                5,
                5
            ],
            "direction": "Up",
            "costs": 25,
            "pre_delay": 500
        },
        {
            "type": "Deploy",
            "name": "号角",
            "location": [
                8,
                3
            ],
            "direction": "Left"
        },
        {
            "type": "Deploy",
            "name": "水汽汽水瓶",
            "location": [
                5,
                3
            ],
            "direction": "None",
            "pre_delay": 500
        },
        {
            "type": "Deploy",
            "name": "艾雅法拉",
            "location": [
                5,
                1
            ],
            "direction": "Down"
        },
        {
            "type": "Deploy",
            "name": "铃兰",
            "location": [
                4,
                1
            ],
            "direction": "Down"
        },
        {
            "type": "Deploy",
            "name": "风笛",
            "location": [
                7,
                2
            ],
            "direction": "Left"
        },
        {
            "type": "Deploy",
            "name": "随便一个奶",
            "location": [
                7,
                1
            ],
            "direction": "Left"
        },
        {
            "type": "SkillUsage",
            "name": "桃金娘",
            "skill_usage": 0
        },
        {
            "type": "Deploy",
            "name": "水汽汽水瓶",
            "location": [
                5,
                3
            ],
            "direction": "None"
        },
        {
            "type": "Deploy",
            "name": "水汽汽水瓶",
            "location": [
                5,
                3
            ],
            "direction": "None"
        },
        {
            "type": "Deploy",
            "name": "水汽汽水瓶",
            "location": [
                5,
                3
            ],
            "direction": "None"
        },
        {
            "type": "Deploy",
            "name": "水汽汽水瓶",
            "location": [
                5,
                3
            ],
            "direction": "None"
        },
        {
            "type": "Deploy",
            "name": "水汽汽水瓶",
            "location": [
                5,
                3
            ],
            "direction": "None"
        },
        {
            "type": "Deploy",
            "name": "水汽汽水瓶",
            "location": [
                5,
                3
            ],
            "direction": "None"
        },
        {
            "type": "Deploy",
            "name": "水汽汽水瓶",
            "location": [
                5,
                3
            ],
            "direction": "None"
        },
        {
            "type": "Deploy",
            "name": "水汽汽水瓶",
            "location": [
                5,
                3
            ],
            "direction": "None"
        },
        {
            "type": "Deploy",
            "name": "水汽汽水瓶",
            "location": [
                5,
                3
            ],
            "direction": "None"
        },
        {
            "type": "Deploy",
            "name": "水汽汽水瓶",
            "location": [
                5,
                3
            ],
            "direction": "None"
        },
        {
            "type": "Deploy",
            "name": "水汽汽水瓶",
            "location": [
                5,
                3
            ],
            "direction": "None"
        },
        {
            "type": "SkillDaemon",
            "doc_color": "DarkRed",
            "doc": "有帮助的话 给个好评吧~"
        }
    ],
    "doc": {
        "title": "【建议用银灰版】火山旅梦 SL-S-1 突袭普通兼容 萧然Q攻略 摆完挂机",
        "details": "作业更新日期: 2023-08-16T09:36:47Z\n统计更新日期: 2024-08-31\n好评率：90.52%  浏览量：38205\n来源：鱼丸不是鱼van  ID：25580\n\n攻略作者：萧然Q https://www.bilibili.com/video/BV1Wh4y1C712 记得去b站给萧然宝贝点赞三连\njson作者：鱼丸  评论区不解决maa问题\n平均练度 2603 已测试 建议带点防漏什么的"
    },
    "groups": [
        {
            "name": "随便一个奶",
            "opers": [
                {
                    "name": "闪灵",
                    "skill": 2,
                    "skill_usage": 0
                },
                {
                    "name": "纯烬艾雅法拉",
                    "skill": 1,
                    "skill_usage": 0
                },
                {
                    "name": "安赛尔",
                    "skill": 1,
                    "skill_usage": 1
                },
                {
                    "name": "苏苏洛",
                    "skill": 1,
                    "skill_usage": 1
                },
                {
                    "name": "华法琳",
                    "skill": 1,
                    "skill_usage": 0
                },
                {
                    "name": "嘉维尔",
                    "skill": 1,
                    "skill_usage": 0
                }
            ]
        }
    ],
    "opers": [
        {
            "name": "风笛",
            "skill": 2,
            "skill_usage": 0
        },
        {
            "name": "桃金娘",
            "skill": 1,
            "skill_usage": 1
        },
        {
            "name": "号角",
            "skill": 1,
            "skill_usage": 0
        },
        {
            "name": "能天使",
            "skill": 3,
            "skill_usage": 0
        },
        {
            "name": "艾雅法拉",
            "skill": 2,
            "skill_usage": 0
        },
        {
            "name": "铃兰",
            "skill": 2,
            "skill_usage": 0
        }
    ]
}