{
    "minimum_required": "v4.0.0",
    "stage_name": "act27side_s05",
    "actions": [
        {
            "type": "Deploy",
            "name": "琴柳",
            "location": [
                10,
                2
            ],
            "direction": "Right"
        },
        {
            "type": "Deploy",
            "name": "纯烬艾雅法拉",
            "location": [
                2,
                6
            ],
            "direction": "Up"
        },
        {
            "type": "Deploy",
            "name": "伊内丝",
            "location": [
                11,
                3
            ],
            "direction": "Down"
        },
        {
            "type": "Deploy",
            "name": "娜仁图亚",
            "location": [
                10,
                5
            ],
            "direction": "Left"
        },
        {
            "type": "Deploy",
            "name": "水汽汽水瓶",
            "location": [
                11,
                2
            ],
            "direction": "Up"
        },
        {
            "type": "Deploy",
            "name": "玛恩纳",
            "location": [
                4,
                5
            ],
            "direction": "Right"
        },
        {
            "type": "Deploy",
            "name": "阿斯卡纶",
            "location": [
                1,
                3
            ],
            "direction": "Down"
        },
        {
            "type": "Deploy",
            "name": "夜莺",
            "location": [
                10,
                3
            ],
            "direction": "Down"
        },
        {
            "type": "SpeedUp"
        },
        {
            "type": "Deploy",
            "name": "艾雅法拉",
            "location": [
                2,
                5
            ],
            "direction": "Up"
        },
        {
            "type": "Deploy",
            "name": "塑心",
            "location": [
                3,
                4
            ],
            "direction": "Right"
        },
        {
            "type": "Retreat",
            "name": "琴柳",
            "location": [
                10,
                2
            ],
            "costs": 29
        },
        {
            "type": "Deploy",
            "name": "妮芙",
            "location": [
                3,
                5
            ],
            "direction": "Right"
        },
        {
            "type": "Skill",
            "name": "塑心",
            "location": [
                3,
                4
            ],
            "kills": 10
        },
        {
            "type": "Skill",
            "name": "妮芙",
            "location": [
                3,
                5
            ],
            "pre_delay": 4000
        },
        {
            "type": "Skill",
            "name": "玛恩纳",
            "location": [
                4,
                5
            ]
        },
        {
            "type": "Skill",
            "name": "塑心",
            "location": [
                3,
                4
            ],
            "kills": 25,
            "pre_delay": 8000
        },
        {
            "type": "Skill",
            "name": "妮芙",
            "location": [
                3,
                5
            ],
            "pre_delay": 4000
        },
        {
            "type": "Skill",
            "name": "玛恩纳",
            "location": [
                4,
                5
            ]
        },
        {
            "type": "SkillDaemon"
        }
    ],
    "doc": {
        "title": "火山旅梦 - SL-S-5 - 答案在风中（豪华版",
        "details": "作业更新日期: 2024-08-23T06:49:44Z\n统计更新日期: 2024-08-31\n好评率：90.0%  浏览量：1666\n来源：星之海.  ID：40636\n\n此作业全员专三且模组一级\n娜仁图亚七级技能即可，其余专三\n原作者：自在道爷\nJSON作者：星之海.\n社区评论不会提醒，有问题可以进群找我：994516079（刚建的\n原视频：【【火山旅梦·复刻】全关卡挂机流，豪华重制解放双手！ | 明日方舟攻略（含SL-8，SL-EX-8突袭，SL-S-5突袭，SL-MO-1等）】https://www.bilibili.com/video/BV1gz421q7tw?vd_source=69f0b796ff8cde9e6cb9e9f9a99f8eec"
    },
    "groups": [],
    "opers": [
        {
            "name": "琴柳",
            "skill": 1,
            "skill_usage": 1
        },
        {
            "name": "伊内丝",
            "skill": 1,
            "skill_usage": 0
        },
        {
            "name": "玛恩纳",
            "skill": 3,
            "skill_usage": 0
        },
        {
            "name": "娜仁图亚",
            "skill": 1,
            "skill_usage": 2,
            "skill_times": 1
        },
        {
            "name": "艾雅法拉",
            "skill": 2,
            "skill_usage": 0
        },
        {
            "name": "妮芙",
            "skill": 3,
            "skill_usage": 0
        },
        {
            "name": "纯烬艾雅法拉",
            "skill": 1,
            "skill_usage": 0
        },
        {
            "name": "夜莺",
            "skill": 2,
            "skill_usage": 0
        },
        {
            "name": "塑心",
            "skill": 3,
            "skill_usage": 0
        },
        {
            "name": "阿斯卡纶",
            "skill": 1,
            "skill_usage": 0
        }
    ],
    "difficulty": 3
}