{
    "minimum_required": "v4.0.0",
    "stage_name": "act27side_s04",
    "actions": [
        {
            "type": "Deploy",
            "name": "桃金娘",
            "location": [
                1,
                6
            ],
            "direction": "Up"
        },
        {
            "type": "Deploy",
            "name": "德克萨斯",
            "location": [
                1,
                4
            ],
            "direction": "Right"
        },
        {
            "type": "Deploy",
            "name": "水汽汽水瓶",
            "location": [
                2,
                4
            ],
            "direction": "None"
        },
        {
            "type": "Deploy",
            "name": "能天使",
            "location": [
                2,
                3
            ],
            "direction": "Right"
        },
        {
            "type": "Deploy",
            "name": "白面鸮",
            "location": [
                2,
                5
            ],
            "direction": "Up"
        },
        {
            "type": "Deploy",
            "name": "风笛",
            "location": [
                10,
                1
            ],
            "direction": "Down"
        },
        {
            "type": "Deploy",
            "name": "水汽汽水瓶",
            "location": [
                10,
                2
            ],
            "direction": "None"
        },
        {
            "type": "Retreat",
            "name": "风笛",
            "pre_delay": 2000
        },
        {
            "type": "Deploy",
            "name": "澄闪",
            "location": [
                3,
                5
            ],
            "direction": "Up"
        },
        {
            "type": "Deploy",
            "name": "煌",
            "location": [
                10,
                1
            ],
            "direction": "Left"
        },
        {
            "type": "Deploy",
            "name": "异客",
            "location": [
                1,
                3
            ],
            "direction": "Right"
        },
        {
            "type": "Retreat",
            "name": "德克萨斯",
            "costs": 30
        },
        {
            "type": "Deploy",
            "name": "号角",
            "location": [
                1,
                4
            ],
            "direction": "Right"
        },
        {
            "type": "Deploy",
            "name": "夜莺",
            "location": [
                9,
                2
            ],
            "direction": "Left"
        },
        {
            "type": "Retreat",
            "name": "桃金娘",
            "costs": 20
        },
        {
            "type": "Deploy",
            "name": "艾雅法拉",
            "location": [
                10,
                2
            ],
            "direction": "Left"
        },
        {
            "type": "Deploy",
            "name": "水汽汽水瓶",
            "location": [
                4,
                3
            ],
            "direction": "None"
        },
        {
            "type": "SpeedUp"
        },
        {
            "type": "Deploy",
            "name": "水汽汽水瓶",
            "location": [
                4,
                3
            ],
            "direction": "None"
        },
        {
            "type": "Deploy",
            "name": "水汽汽水瓶",
            "location": [
                4,
                3
            ],
            "direction": "None"
        },
        {
            "type": "Deploy",
            "name": "水汽汽水瓶",
            "location": [
                4,
                3
            ],
            "direction": "None"
        },
        {
            "type": "Deploy",
            "name": "水汽汽水瓶",
            "location": [
                4,
                3
            ],
            "direction": "None"
        },
        {
            "type": "Deploy",
            "name": "水汽汽水瓶",
            "location": [
                4,
                3
            ],
            "direction": "None"
        },
        {
            "type": "Deploy",
            "name": "水汽汽水瓶",
            "location": [
                4,
                3
            ],
            "direction": "None"
        },
        {
            "type": "Deploy",
            "name": "水汽汽水瓶",
            "location": [
                4,
                3
            ],
            "direction": "None"
        },
        {
            "type": "Deploy",
            "name": "水汽汽水瓶",
            "location": [
                4,
                3
            ],
            "direction": "None"
        },
        {
            "type": "Deploy",
            "name": "水汽汽水瓶",
            "location": [
                4,
                3
            ],
            "direction": "None"
        }
    ],
    "doc": {
        "title": "火山旅梦 SL-S-4 突袭普通兼容 自在道爷·改",
        "details": "作业更新日期: 2023-08-17T04:03:56Z\n统计更新日期: 2024-08-31\n好评率：82.01%  浏览量：5067\n来源：喜多郁代  ID：25715\n\nhttps://www.bilibili.com/video/BV1JG411f7Cz?p=4"
    },
    "groups": [],
    "opers": [
        {
            "name": "桃金娘",
            "skill": 1,
            "skill_usage": 1
        },
        {
            "name": "德克萨斯",
            "skill": 2,
            "skill_usage": 1
        },
        {
            "name": "风笛",
            "skill": 2,
            "skill_usage": 0
        },
        {
            "name": "煌",
            "skill": 2,
            "skill_usage": 0
        },
        {
            "name": "能天使",
            "skill": 3,
            "skill_usage": 0
        },
        {
            "name": "艾雅法拉",
            "skill": 2,
            "skill_usage": 0
        },
        {
            "name": "澄闪",
            "skill": 2,
            "skill_usage": 0
        },
        {
            "name": "夜莺",
            "skill": 2,
            "skill_usage": 0
        },
        {
            "name": "白面鸮",
            "skill": 2,
            "skill_usage": 1
        },
        {
            "name": "号角",
            "skill": 1,
            "skill_usage": 0
        },
        {
            "name": "异客",
            "skill": 1,
            "skill_usage": 0
        }
    ],
    "difficulty": 0
}