{
    "minimum_required": "v4.0.0",
    "actions": [
        {
            "type": "SpeedUp"
        },
        {
            "type": "Deploy",
            "name": "银灰",
            "location": [
                8,
                3
            ],
            "direction": "Up"
        },
        {
            "type": "Deploy",
            "name": "能天使",
            "location": [
                4,
                4
            ],
            "direction": "Up"
        },
        {
            "type": "Deploy",
            "name": "白面鸮",
            "location": [
                8,
                4
            ],
            "direction": "Left"
        },
        {
            "type": "Deploy",
            "name": "歌蕾蒂娅",
            "location": [
                6,
                4
            ],
            "direction": "Left"
        },
        {
            "type": "Output",
            "doc_color": "#6f42c1",
            "doc": "给个好评吧，亲~"
        }
    ],
    "doc": {
        "title": "修改自用白面鸮模组摆完挂机-医疗环境分析装置",
        "details": "作业更新日期: 2024-10-07T13:18:20Z\n统计更新日期: 2025-03-28\n好评率：80.0%  浏览量：320\n来源：qingyu  ID：42172\n侬无言以对模组任务摆完挂机合集:BV1wU4y177Qu\n3星通关主题曲4-9；必须编入非助战白面鸮并上场，且不编入其他医疗和重装干员\n筱竹聽雨"
    },
    "groups": [],
    "opers": [
        {
            "name": "白面鸮",
            "skill": 1,
            "skill_usage": 0
        },
        {
            "name": "歌蕾蒂娅",
            "skill": 1,
            "skill_usage": 0
        },
        {
            "name": "能天使",
            "skill": 3,
            "skill_usage": 0
        },
        {
            "name": "银灰",
            "skill": 1,
            "skill_usage": 0
        }
    ],
    "stage_name": "main_04-09"
}