{
    "minimum_required": "v4.0.0",
    "stage_name": "mem_ccheal_1",
    "actions": [
        {
            "type": "Deploy",
            "name": "嘉维尔",
            "location": [
                3,
                2
            ],
            "direction": "Down"
        },
        {
            "type": "SkillUsage",
            "name": "嘉维尔",
            "skill_usage": 1,
            "direction": "Down",
            "location": [
                3,
                2
            ]
        },
        {
            "type": "Deploy",
            "name": "燧石",
            "location": [
                4,
                5
            ],
            "costs": 27,
            "pre_delay": 10,
            "direction": "Up"
        },
        {
            "type": "Skill",
            "name": "森蚺",
            "location": [
                3,
                4
            ],
            "direction": "Right"
        },
        {
            "type": "SkillUsage",
            "name": "燧石",
            "skill_usage": 1
        },
        {
            "type": "Deploy",
            "name": "宴",
            "location": [
                3,
                5
            ],
            "direction": "Right"
        },
        {
            "type": "SpeedUp"
        },
        {
            "type": "Deploy",
            "name": "特米米",
            "location": [
                3,
                3
            ],
            "direction": "Down",
            "skill_usage": 1
        },
        {
            "type": "Skill",
            "name": "森蚺",
            "location": [
                3,
                4
            ],
            "kills": 12,
            "skill_usage": 1
        },
        {
            "type": "Retreat",
            "name": "燧石",
            "location": [
                4,
                5
            ],
            "kills": 18
        },
        {
            "type": "Skill",
            "name": "森蚺",
            "kills": 18,
            "location": [
                3,
                4
            ],
            "skill_usage": 1
        }
    ],
    "doc": {
        "title": "医疗 - 嘉维尔 - 斧刃或是杖尖",
        "details": "——————————\n作业更新日期: 2025-05-08T02:25:26Z\n统计更新日期: 2025-07-29\n相对评分：100.0%  相对热度：100.0%\n来源：ruby  ID：52754\n——————————\n查了一下站内好像没有于是自己写了一个。\n有一个问题就是最后森蚺抗庞贝需要开一次技能，我写了但他不会自己开，最好看一眼如果没开就手动开一下，如果有人知道要怎么修改才行也可以留言"
    },
    "groups": [],
    "opers": [
        {
            "name": "嘉维尔",
            "skill": 2,
            "skill_usage": 1
        },
        {
            "name": "燧石",
            "skill": 2,
            "skill_usage": 1
        },
        {
            "name": "特米米",
            "skill": 2,
            "skill_usage": 0
        }
    ]
}