{
    "minimum_required": "v4.0.0",
    "stage_name": "mem_glacus_1",
    "actions": [
        {
            "type": "SpeedUp"
        },
        {
            "type": "Deploy",
            "name": "格劳克斯",
            "location": [
                3,
                3
            ],
            "direction": "Right"
        },
        {
            "type": "Deploy",
            "name": "蓝毒",
            "location": [
                6,
                3
            ],
            "direction": "Left"
        },
        {
            "type": "Deploy",
            "name": "机械水獭",
            "location": [
                1,
                3
            ],
            "direction": "None"
        },
        {
            "type": "Skill",
            "name": "格劳克斯",
            "costs": 55
        },
        {
            "type": "Skill",
            "name": "格劳克斯",
            "costs": 92
        },
        {
            "type": "SkillUsage",
            "name": "格劳克斯",
            "skill_usage": 1
        },
        {
            "type": "Deploy",
            "name": "机械水獭",
            "location": [
                1,
                3
            ],
            "direction": "None"
        },
        {
            "type": "Deploy",
            "name": "机械水獭",
            "location": [
                1,
                3
            ],
            "direction": "None"
        }
    ],
    "doc": {
        "title": "辅助 - 格劳克斯 - 飞行管制",
        "details": "统计日期：2024-05-05\n好评率：100.0%  浏览量：632\n来源：一只摆烂的42  ID：24391\nhttps://www.bilibili.com/video/BV1vs4y1w7UW/\n练度精二35级 7级技能\n制作者：一只摆烂的42\n有问题联系QQ2586582719"
    },
    "groups": [],
    "opers": [
        {
            "name": "格劳克斯",
            "skill": 2,
            "skill_usage": 0
        }
    ]
}