{
    "minimum_required": "v4.0.0",
    "stage_name": "act23side_07",
    "actions": [
        {
            "type": "Deploy",
            "name": "推进之王",
            "location": [
                6,
                3
            ],
            "direction": "Left"
        },
        {
            "type": "Deploy",
            "name": "仇白",
            "location": [
                7,
                4
            ],
            "direction": "Up"
        },
        {
            "type": "SpeedUp"
        },
        {
            "type": "Deploy",
            "name": "艾雅法拉",
            "location": [
                5,
                5
            ],
            "direction": "Right"
        },
        {
            "type": "Deploy",
            "name": "塞雷娅",
            "location": [
                6,
                2
            ],
            "direction": "Right"
        },
        {
            "type": "Deploy",
            "name": "克洛丝",
            "location": [
                4,
                1
            ],
            "direction": "Right"
        },
        {
            "type": "SkillDaemon"
        }
    ],
    "doc": {
        "title": "登临意 - WB-7 - “屏风卫” 仇白模组任务",
        "details": "统计日期：2024-05-11\n好评率：100.0%  浏览量：200\n来源：萨拉托加  ID：36867\n仇白模组任务\n原作者涂绘天菜 JSON作者萨拉托加\n作业交流群545928846，如果作业有问题可以加群找我，评论区不能及时回复，还可以去群里蹲我的新作业\n【【明日方舟】仇白模组任务 五人半挂机打法  极其好抄】 https://www.bilibili.com/video/BV1Jb421a792/?share_source=copy_web&vd_source=3fd5040fe25f6a00e19e6072bcccfa4e"
    },
    "groups": [],
    "opers": [
        {
            "name": "仇白",
            "skill": 3,
            "skill_usage": 1
        },
        {
            "name": "艾雅法拉",
            "skill": 2,
            "skill_usage": 0
        },
        {
            "name": "塞雷娅",
            "skill": 2,
            "skill_usage": 0
        },
        {
            "name": "推进之王",
            "skill": 2,
            "skill_usage": 0
        },
        {
            "name": "克洛丝",
            "skill": 1,
            "skill_usage": 0
        }
    ]
}