{
    "minimum_required": "v4.0.0",
    "actions": [
        {
            "type": "SpeedUp"
        },
        {
            "type": "Deploy",
            "name": "煌",
            "location": [
                5,
                2
            ],
            "direction": "Left"
        },
        {
            "type": "Deploy",
            "name": "伊桑",
            "location": [
                5,
                3
            ],
            "direction": "Down"
        },
        {
            "type": "Output",
            "doc_color": "#6f42c1",
            "doc": "给个好评吧，亲~"
        }
    ],
    "doc": {
        "title": "伊桑模组摆完挂机-超级喷漆套装",
        "details": "统计日期：2024-05-11\n好评率：100.0%  浏览量：603\n来源：作业代传——有问题联系原作者  ID：20991\n侬无言以对模组任务摆完挂机合集:BV1wU4y177Qu\n3星通关别传TW-3；必须编入非助战伊桑并上场，其他成员仅可编入4名干员\n筱竹聽雨"
    },
    "groups": [],
    "opers": [
        {
            "name": "伊桑",
            "skill": 1,
            "skill_usage": 0
        },
        {
            "name": "煌",
            "skill": 2,
            "skill_usage": 0
        }
    ],
    "stage_name": "act11d0_03"
}