{
    "minimum_required": "v4.0.0",
    "stage_name": "main_04-02",
    "actions": [
        {
            "type": "Deploy",
            "name": "历阵锐枪芬",
            "location": [
                7,
                2
            ],
            "direction": "Down"
        },
        {
            "type": "SpeedUp"
        },
        {
            "type": "Deploy",
            "name": "煌",
            "location": [
                7,
                3
            ],
            "direction": "Down"
        },
        {
            "type": "Deploy",
            "name": "塞or黍",
            "location": [
                8,
                2
            ],
            "direction": "Down"
        },
        {
            "type": "SkillDaemon"
        }
    ],
    "doc": {
        "title": "第四章 急性衰竭 - 4-2 - 雨中漫步【历阵锐枪芬模组任务】",
        "details": "统计日期：2024-05-11\n好评率：0%  浏览量：55\n来源：小卡拉帕鲁灰🐖  ID：36647\n完成5次战斗；必须编入非助战历阵锐枪芬，并确定第一位部署的干员是历阵锐枪芬\n3星通关主题曲4-2；必须编入非助战历阵锐枪芬并上场，且不编入其他先锋干员"
    },
    "groups": [
        {
            "name": "塞or黍",
            "opers": [
                {
                    "name": "塞雷娅",
                    "skill": 1,
                    "skill_usage": 0
                },
                {
                    "name": "黍",
                    "skill": 1,
                    "skill_usage": 0
                }
            ]
        }
    ],
    "opers": [
        {
            "name": "历阵锐枪芬",
            "skill": 2,
            "skill_usage": 1
        },
        {
            "name": "煌",
            "skill": 2,
            "skill_usage": 0
        }
    ],
    "difficulty": 1
}