{
    "minimum_required": "v4.0.0",
    "actions": [
        {
            "type": "SpeedUp"
        },
        {
            "type": "Deploy",
            "name": "深海色",
            "location": [
                2,
                4
            ],
            "direction": "Up"
        },
        {
            "type": "Deploy",
            "name": "触手",
            "location": [
                1,
                4
            ],
            "direction": "Up"
        },
        {
            "type": "Deploy",
            "name": "触手",
            "location": [
                7,
                4
            ],
            "direction": "Up"
        },
        {
            "type": "Deploy",
            "name": "触手",
            "location": [
                4,
                5
            ],
            "direction": "Up"
        },
        {
            "type": "Output",
            "doc_color": "#6f42c1",
            "doc": "给个好评吧，亲~"
        }
    ],
    "doc": {
        "title": "深海色模组摆完挂机-诡异的调色盘",
        "details": "统计日期：2024-05-11\n好评率：100.0%  浏览量：79\n来源：作业代传——有问题联系原作者  ID：20951\n侬无言以对模组任务摆完挂机合集:BV1wU4y177Qu\n使用至多1人的队伍3星通关主题曲2-4；队伍中仅可编入非助战深海色\n筱竹聽雨"
    },
    "groups": [],
    "opers": [
        {
            "name": "桃金娘",
            "skill": 1,
            "skill_usage": 0
        },
        {
            "name": "深海色",
            "skill": 1,
            "skill_usage": 0
        }
    ],
    "stage_name": "main_02-04"
}