{
    "minimum_required": "v4.0.0",
    "stage_name": "main_08-08",
    "actions": [
        {
            "type": "SpeedUp"
        },
        {
            "type": "Deploy",
            "name": "棘刺",
            "location": [
                10,
                7
            ],
            "direction": "Left"
        },
        {
            "type": "Deploy",
            "name": "澄闪",
            "location": [
                11,
                6
            ],
            "direction": "Left"
        },
        {
            "type": "Deploy",
            "name": "能抗住无人机的干员",
            "location": [
                9,
                5
            ],
            "direction": "Left",
            "pre_delay": 33000,
            "kills": 0
        },
        {
            "type": "Retreat",
            "name": "能抗住无人机的干员",
            "location": [
                9,
                5
            ],
            "kills": 0,
            "pre_delay": 17000
        },
        {
            "type": "Retreat",
            "name": "棘刺",
            "location": [
                10,
                7
            ],
            "kills": 0,
            "pre_delay": 0
        },
        {
            "type": "Deploy",
            "name": "解决小兵的队伍",
            "location": [
                5,
                3
            ],
            "kills": 0,
            "pre_delay": 7000,
            "direction": "Up"
        },
        {
            "type": "Retreat",
            "name": "解决小兵的队伍",
            "location": [
                5,
                3
            ],
            "kills": 0,
            "pre_delay": 7000
        },
        {
            "type": "Deploy",
            "name": "能抗住无人机的干员",
            "location": [
                2,
                1
            ],
            "direction": "Left",
            "pre_delay": 0
        },
        {
            "type": "Deploy",
            "name": "棘刺",
            "location": [
                2,
                3
            ],
            "direction": "Down",
            "pre_delay": 0
        },
        {
            "type": "SkillUsage",
            "name": "棘刺",
            "pre_delay": 0,
            "skill_usage": 0
        },
        {
            "type": "Skill",
            "name": "棘刺",
            "pre_delay": 23000,
            "location": [
                2,
                3
            ]
        },
        {
            "type": "Deploy",
            "name": "解决小兵的队伍",
            "location": [
                3,
                1
            ],
            "direction": "Right"
        },
        {
            "type": "SkillDaemon"
        }
    ],
    "doc": {
        "title": "R8-8 普通和突袭，少人版，卡时间轴版，尽量最后再手操避免代理失败(自用加黍锏)",
        "details": "统计日期：2024-05-17\n好评率：100.0%  浏览量：207\n来源：mermer  ID：37607\n作业https://www.bilibili.com/video/BV1FY4y1N7AU\n\n棘刺2703\n澄闪2603\n塞雷亚2603   or    泥岩   2603，or 换其他能抗住无人机的干员都可以\n第四人的练度可以带走俩小兵就行\n\n澄闪技能有就开\n可以多带点干员拆箱子，飞机打的剩一两个就开拆"
    },
    "groups": [
        {
            "name": "能抗住无人机的干员",
            "opers": [
                {
                    "name": "黍",
                    "skill": 1,
                    "skill_usage": 0
                },
                {
                    "name": "塞雷娅",
                    "skill": 1,
                    "skill_usage": 0
                },
                {
                    "name": "泥岩",
                    "skill": 2,
                    "skill_usage": 0
                }
            ]
        },
        {
            "name": "解决小兵的队伍",
            "opers": [
                {
                    "name": "锏",
                    "skill": 3,
                    "skill_usage": 1
                },
                {
                    "name": "缄默德克萨斯",
                    "skill": 3,
                    "skill_usage": 0
                },
                {
                    "name": "风笛",
                    "skill": 2,
                    "skill_usage": 0
                },
                {
                    "name": "麒麟X夜刀",
                    "skill": 2,
                    "skill_usage": 0
                },
                {
                    "name": "傀影",
                    "skill": 2,
                    "skill_usage": 0
                },
                {
                    "name": "山",
                    "skill": 1,
                    "skill_usage": 0
                },
                {
                    "name": "推进之王",
                    "skill": 2,
                    "skill_usage": 0
                },
                {
                    "name": "德克萨斯",
                    "skill": 1,
                    "skill_usage": 0
                },
                {
                    "name": "煌",
                    "skill": 1,
                    "skill_usage": 0
                },
                {
                    "name": "拉普兰德",
                    "skill": 2,
                    "skill_usage": 0
                }
            ]
        }
    ],
    "opers": [
        {
            "name": "棘刺",
            "skill": 3,
            "skill_usage": 1
        },
        {
            "name": "澄闪",
            "skill": 3,
            "skill_usage": 1
        }
    ],
    "difficulty": 3
}