{
    "minimum_required": "v4.0.0",
    "actions": [
        {
            "type": "SpeedUp"
        },
        {
            "type": "Deploy",
            "name": "能天使",
            "location": [
                5,
                5
            ],
            "direction": "Up"
        },
        {
            "type": "Deploy",
            "name": "远山",
            "location": [
                3,
                1
            ],
            "direction": "Down"
        },
        {
            "type": "SkillDaemon"
        },
        {
            "type": "Output",
            "doc_color": "#6f42c1",
            "doc": "给个好评吧，亲~"
        }
    ],
    "doc": {
        "title": "远山模组摆完挂机-占卜师旅行套装",
        "details": "统计日期：2024-05-17\n好评率：60.0%  浏览量：161\n来源：作业代传——有问题联系原作者  ID：20996\n侬无言以对模组任务摆完挂机合集:BV1wU4y177Qu\n3星通关主题曲1-10；必须编入非助战远山并上场，且使用远山歼灭至少10名敌人\n筱竹聽雨"
    },
    "groups": [],
    "opers": [
        {
            "name": "远山",
            "skill": 2,
            "skill_usage": 1
        },
        {
            "name": "能天使",
            "skill": 1,
            "skill_usage": 0
        }
    ],
    "stage_name": "main_01-10"
}