{
  "minimum_required": "v4.0.0",
  "stage_name": "act32side_ex06",
  "actions": [
    {
      "type": "Deploy",
      "name": "桃金娘",
      "location": [
        10,
        4
      ],
      "direction": "Left"
    },
    {
      "type": "Deploy",
      "name": "先锋",
      "location": [
        10,
        3
      ],
      "direction": "Up"
    },
    {
      "type": "SpeedUp"
    },
    {
      "type": "Deploy",
      "name": "澄闪",
      "location": [
        9,
        3
      ],
      "direction": "Left"
    },
    {
      "type": "Deploy",
      "name": "艾雅法拉",
      "location": [
        9,
        6
      ],
      "direction": "Left"
    },
    {
      "type": "Deploy",
      "name": "奶盾",
      "location": [
        8,
        6
      ],
      "direction": "Left"
    },
    {
      "type": "Deploy",
      "name": "泥岩",
      "location": [
        8,
        2
      ],
      "direction": "Left"
    },
    {
      "type": "Deploy",
      "name": "煌",
      "location": [
        7,
        6
      ],
      "direction": "Left"
    },
    {
      "type": "Deploy",
      "name": "奶",
      "location": [
        7,
        3
      ],
      "direction": "Down"
    },
    {
      "type": "SkillUsage",
      "name": "桃金娘",
      "skill_usage": 0
    },
    {
      "type": "SkillDaemon"
    }
  ],
  "doc": {
    "title": "水晶箭行动 - CR-EX-6 - 危险品仓库",
    "details": "原作者萧然Q JSON作者萨拉托加\n作业交流群545928846，如果作业有问题可以加群找我，评论区不能及时回复，还可以去群里蹲我的新作业\n【【水晶箭行动】CR-EX-1至8突袭至MO-1 摆完挂机 简单好抄】 https://www.bilibili.com/video/BV1fD421E7oQ/?share_source=copy_web&vd_source=3fd5040fe25f6a00e19e6072bcccfa4e"
  },
  "groups": [
    {
      "name": "奶盾",
      "opers": [
        {
          "name": "黍",
          "skill": 1,
          "skill_usage": 0
        },
        {
          "name": "塞雷娅",
          "skill": 1,
          "skill_usage": 0
        }
      ]
    },
    {
      "name": "先锋",
      "opers": [
        {
          "name": "推进之王",
          "skill": 2,
          "skill_usage": 0
        },
        {
          "name": "德克萨斯",
          "skill": 1,
          "skill_usage": 0
        }
      ]
    },
    {
      "name": "奶",
      "opers": [
        {
          "name": "纯烬艾雅法拉",
          "skill": 1,
          "skill_usage": 0
        },
        {
          "name": "华法琳",
          "skill": 1,
          "skill_usage": 0
        },
        {
          "name": "闪灵",
          "skill": 2,
          "skill_usage": 0
        }
      ]
    }
  ],
  "opers": [
    {
      "name": "澄闪",
      "skill": 2,
      "skill_usage": 0
    },
    {
      "name": "艾雅法拉",
      "skill": 2,
      "skill_usage": 0
    },
    {
      "name": "泥岩",
      "skill": 2,
      "skill_usage": 0
    },
    {
      "name": "煌",
      "skill": 2,
      "skill_usage": 0
    },
    {
      "name": "桃金娘",
      "skill": 1,
      "skill_usage": 1
    }
  ],
  "difficulty": 3
}