{
  "minimum_required": "v4.0.0",
  "stage_name": "act32side_02",
  "actions": [
    {
      "type": "Deploy",
      "name": "塞雷娅",
      "location": [
        9,
        4
      ],
      "direction": "Left"
    },
    {
      "type": "SpeedUp"
    },
    {
      "type": "Deploy",
      "name": "煌",
      "location": [
        8,
        2
      ],
      "direction": "Down"
    },
    {
      "type": "SkillDaemon"
    }
  ],
  "doc": {
    "title": "水晶箭行动 - CR-2 - 不对称庭园",
    "details": "原作者萧然Q JSON作者萨拉托加\n作业交流群545928846，如果作业有问题可以加群找我，评论区不能及时回复，还可以去群里蹲我的新作业\n【【水晶箭行动】CR-1至CR-8 摆完挂机 简单好抄】 https://www.bilibili.com/video/BV1Vm411Z7td/?share_source=copy_web&vd_source=3fd5040fe25f6a00e19e6072bcccfa4e"
  },
  "groups": [],
  "opers": [
    {
      "name": "煌",
      "skill": 2,
      "skill_usage": 0
    },
    {
      "name": "塞雷娅",
      "skill": 2,
      "skill_usage": 0
    }
  ]
}