{
  "minimum_required": "v4.0.0",
  "stage_name": "act32side_08",
  "actions": [
    {
      "type": "Deploy",
      "name": "拉普兰德",
      "location": [
        5,
        2
      ],
      "direction": "Right"
    },
    {
      "type": "SpeedUp"
    },
    {
      "type": "Deploy",
      "name": "煌",
      "location": [
        6,
        2
      ],
      "direction": "Right"
    },
    {
      "type": "Deploy",
      "name": "奶盾",
      "location": [
        7,
        2
      ],
      "direction": "Right"
    },
    {
      "type": "Deploy",
      "name": "山",
      "location": [
        5,
        5
      ],
      "direction": "Down"
    },
    {
      "type": "Deploy",
      "name": "封阻加固装置",
      "location": [
        4,
        3
      ],
      "direction": "Up"
    },
    {
      "type": "Deploy",
      "name": "临时掩护装置",
      "location": [
        3,
        5
      ],
      "direction": "None"
    },
    {
      "type": "Deploy",
      "name": "临时掩护装置",
      "location": [
        4,
        5
      ],
      "direction": "None"
    },
    {
      "type": "SkillDaemon"
    }
  ],
  "doc": {
    "title": "水晶箭行动 - CR-8 - 一跃而下（带装置）",
    "details": "封阻加固装置，临时掩护装置\nMAA会优先选黍，如果黍信赖低且练度低的勾补充低信赖的时候注意一下，不然会翻车\n原作者萧然Q JSON作者萨拉托加\n作业交流群545928846，如果作业有问题可以加群找我，评论区不能及时回复，还可以去群里蹲我的新作业\n【【水晶箭行动】CR-1至CR-8 摆完挂机 简单好抄】 https://www.bilibili.com/video/BV1Vm411Z7td/?share_source=copy_web&vd_source=3fd5040fe25f6a00e19e6072bcccfa4e"
  },
  "groups": [
    {
      "name": "奶盾",
      "opers": [
        {
          "name": "塞雷娅",
          "skill": 1,
          "skill_usage": 0
        },
        {
          "name": "黍",
          "skill": 1,
          "skill_usage": 0
        }
      ]
    }
  ],
  "opers": [
    {
      "name": "拉普兰德",
      "skill": 2,
      "skill_usage": 0
    },
    {
      "name": "煌",
      "skill": 2,
      "skill_usage": 0
    },
    {
      "name": "山",
      "skill": 2,
      "skill_usage": 2,
      "skill_times": 1
    }
  ]
}