{
    "minimum_required": "v4.0.0",
    "stage_name": "main_00-01",
    "actions": [
        {
            "type": "SpeedUp"
        },
        {
            "type": "Deploy",
            "name": "桃金娘",
            "location": [
                4,
                2
            ],
            "direction": "Right"
        },
        {
            "type": "Skill",
            "location": [
                4,
                2
            ],
            "kills": 1
        },
        {
            "type": "Deploy",
            "name": "令",
            "location": [
                4,
                3
            ],
            "direction": "Right"
        }
    ],
    "doc": {
        "title": "序章 黑暗时代·上 - 0-1 - 坍塌",
        "details": "统计日期：2024-06-01\n好评率：100.0%  浏览量：55\n来源：肥波那猫  ID：24801\n参考b站樱井井井井井井\nb站名肥波那猫"
    },
    "groups": [],
    "opers": [
        {
            "name": "令",
            "skill": 3,
            "skill_usage": 1
        },
        {
            "name": "桃金娘",
            "skill": 1,
            "skill_usage": 0
        }
    ],
    "difficulty": 2
}