{
    "minimum_required": "v4.0.0",
    "stage_name": "mem_blemsh_1",
    "actions": [
        {
            "type": "SpeedUp"
        },
        {
            "type": "Deploy",
            "location": [
                4,
                4
            ],
            "direction": "Right",
            "name": "瑕光"
        },
        {
            "type": "Deploy",
            "name": "临光",
            "location": [
                5,
                3
            ],
            "direction": "Down"
        },
        {
            "type": "Deploy",
            "location": [
                4,
                3
            ],
            "name": "鞭刃",
            "direction": "Down"
        },
        {
            "type": "SkillDaemon"
        },
        {
            "type": "Skill",
            "name": "瑕光",
            "location": [
                4,
                4
            ]
        },
        {
            "type": "Skill",
            "name": "鞭刃",
            "location": [
                4,
                3
            ]
        },
        {
            "type": "Skill",
            "name": "瑕光",
            "location": [
                4,
                4
            ]
        },
        {
            "type": "Skill",
            "name": "鞭刃",
            "location": [
                4,
                3
            ]
        },
        {
            "type": "Skill",
            "name": "瑕光",
            "location": [
                4,
                4
            ]
        }
    ],
    "doc": {
        "title": "悖论模拟重装 - 瑕光 - 陷阵之志",
        "details": "——————————\n作业更新日期: 2025-09-01T17:54:31Z\n统计更新日期: 2025-09-06\n相对评分：100.0%  相对热度：100.0%\n来源：2475928596@qq.com  ID：66865\n——————————\n精二50级满信赖无模组一潜（没搜到瑕光的悖论模拟自己试着弄了下）（放技能之后会进入子弹时间，不知道怎么弄的还好自动放技能就好了，有知道的可以告诉我一下怎么弄，所以如果专技能了的话就会乱轴）"
    },
    "groups": [],
    "opers": [
        {
            "skill_times": 5,
            "name": "瑕光",
            "skill": 3,
            "skill_usage": 2
        },
        {
            "name": "鞭刃",
            "skill": 2,
            "skill_usage": 1
        },
        {
            "name": "临光",
            "skill": 1,
            "skill_usage": 0
        }
    ]
}