{
    "minimum_required": "v4.0.0",
    "stage_name": "act20side_02",
    "actions": [
        {
            "type": "SpeedUp"
        },
        {
            "type": "Deploy",
            "name": "煌",
            "location": [
                3,
                2
            ],
            "direction": "Down"
        },
        {
            "type": "Deploy",
            "name": "拉普兰德",
            "location": [
                2,
                4
            ],
            "direction": "Right"
        },
        {
            "type": "Deploy",
            "name": "刺玫",
            "location": [
                2,
                3
            ],
            "direction": "Right"
        },
        {
            "type": "SkillDaemon"
        }
    ],
    "doc": {
        "title": "理想城：长夏狂欢季 - IC-2 - 下坠【刺玫模组任务】碎片",
        "details": "刺玫模组任务：碎片\n任务要求：3星通关别传IC-2;必须编入非助战刺玫并上场，且不编入其他医疗干员\n练度：2603"
    },
    "groups": [],
    "opers": [
        {
            "name": "煌",
            "skill": 2,
            "skill_usage": 0
        },
        {
            "name": "拉普兰德",
            "skill": 2,
            "skill_usage": 0
        },
        {
            "name": "刺玫",
            "skill": 2,
            "skill_usage": 1
        }
    ]
}