{
    "minimum_required": "v4.0.0",
    "stage_name": "act23side_05",
    "actions": [
        {
            "type": "Deploy",
            "name": "芬",
            "location": [
                8,
                3
            ],
            "direction": "Left"
        },
        {
            "type": "Deploy",
            "name": "左乐",
            "location": [
                6,
                3
            ],
            "direction": "Down"
        },
        {
            "type": "Deploy",
            "name": "令",
            "location": [
                7,
                2
            ],
            "direction": "Down"
        },
        {
            "type": "SpeedUp"
        },
        {
            "type": "Deploy",
            "name": "“弦惊”",
            "location": [
                7,
                3
            ],
            "direction": "Left"
        },
        {
            "type": "Deploy",
            "name": "“弦惊”",
            "location": [
                5,
                5
            ],
            "direction": "Right"
        },
        {
            "type": "Deploy",
            "name": "“弦惊”",
            "location": [
                6,
                5
            ],
            "direction": "Left"
        },
        {
            "type": "Retreat",
            "name": "芬",
            "location": [
                8,
                3
            ]
        },
        {
            "type": "Deploy",
            "name": "“弦惊”",
            "location": [
                8,
                3
            ],
            "direction": "Left"
        },
        {
            "type": "Skill",
            "name": "令",
            "location": [
                7,
                2
            ],
            "kills": 8,
            "pre_delay": 4000
        },
        {
            "type": "SkillUsage",
            "name": "令",
            "skill_usage": 1
        },
        {
            "type": "SkillDaemon"
        }
    ],
    "doc": {
        "title": "登临意 - WB-5 - 风雨欲来 【左乐模组任务】",
        "details": "任务要求：3星通关别传WB-5;必须编入非助战左乐并上场，且使用左乐至少歼灭8个敌人\nJSON作者：灰bao_\n新干员可能无法识别，建议用自动编队试试水\n开服就用，maa大概率不认识，\n要等到地图包更新后（就是可以用maa打新活动关卡的时候）才能用\n建了个q群（789724611），有啥问题可以进来问\n"
    },
    "groups": [],
    "opers": [
        {
            "name": "令",
            "skill": 3,
            "skill_usage": 0
        },
        {
            "name": "芬",
            "skill": 1,
            "skill_usage": 0
        },
        {
            "name": "左乐",
            "skill": 3,
            "skill_usage": 1
        }
    ]
}