{
    "actions": [
        {
            "type": "二倍速"
        },
        {
            "type": "部署",
            "name": "芙蓉",
            "location": [
                7,
                4
            ],
            "direction": "左"
        },
        {
            "type": "部署",
            "name": "帕拉斯",
            "location": [
                5,
                5
            ],
            "direction": "左"
        },
        {
            "kills": 4,
            "type": "技能",
            "name": "侦测器",
            "location": [
                2,
                4
            ]
        },
        {
            "type": "技能",
            "name": "帕拉斯",
            "location": [
                5,
                5
            ],
            "kills": 5
        },
        {
            "type": "技能",
            "name": "芙蓉",
            "location": [
                7,
                4
            ]
        },
        {
            "type": "技能",
            "kills": 21,
            "name": "侦测器",
            "location": [
                2,
                4
            ]
        },
        {
            "type": "技能",
            "kills": 28,
            "name": "帕拉斯",
            "location": [
                5,
                5
            ]
        },
        {
            "type": "技能",
            "kills": 33,
            "name": "侦测器",
            "location": [
                2,
                4
            ]
        },
        {
            "type": "摆完挂机",
            "kills": 39
        }
    ],
    "stage_name": "3-6",
    "doc": {
        "title": "帕拉斯模组解锁任务",
        "details": "作者：雪\n测试干员：帕拉斯 精2 60级 3技能7级 无模"
    },
    "groups": [],
    "opers": [
        {
            "name": "帕拉斯",
            "skill": 3
        },
        {
            "name": "芙蓉",
            "skill": 1,
            "skill_usage": 0
        }
    ],
    "minimum_required": "v4.0.0"
}