{
    "minimum_required": "v4.0.0",
    "actions": [
        {
            "type": "SpeedUp"
        },
        {
            "type": "Deploy",
            "name": "煌",
            "location": [
                4,
                1
            ],
            "direction": "Left"
        },
        {
            "type": "Deploy",
            "name": "塞雷娅",
            "location": [
                5,
                4
            ],
            "direction": "Up"
        },
        {
            "type": "Deploy",
            "name": "普罗旺斯",
            "location": [
                4,
                4
            ],
            "direction": "Down"
        },
        {
            "type": "Output",
            "doc_color": "#6f42c1",
            "doc": "给个好评吧，亲~"
        }
    ],
    "doc": {
        "title": "普罗旺斯模组摆完挂机-尾巴养护套装",
        "details": "侬无言以对模组任务摆完挂机合集:BV1wU4y177Qu\n3星通关主题曲S5-1；必须编入非助战普罗旺斯并上场，且使用普罗旺斯歼灭至少6名敌人，其中包括至少1个伐木老手\n筱竹聽雨"
    },
    "groups": [],
    "opers": [
        {
            "name": "煌",
            "skill": 2,
            "skill_usage": 0
        },
        {
            "name": "塞雷娅",
            "skill": 1,
            "skill_usage": 0
        },
        {
            "name": "普罗旺斯",
            "skill": 2,
            "skill_usage": 0
        }
    ],
    "stage_name": "sub_05-1-1"
}