{
    "minimum_required": "v4.0.0",
    "stage_name": "sub_04-2-3",
    "actions": [
        {
            "type": "SpeedUp"
        },
        {
            "type": "Deploy",
            "name": "火哨",
            "location": [
                4,
                6
            ],
            "direction": "Up"
        },
        {
            "type": "Deploy",
            "name": "艾雅法拉",
            "location": [
                3,
                5
            ],
            "direction": "Up"
        },
        {
            "type": "Deploy",
            "name": "闪灵",
            "location": [
                5,
                5
            ],
            "direction": "Left"
        }
    ],
    "doc": {
        "title": "【模组任务】S4-6 火哨 “成长的足迹” 摆完挂机",
        "details": "任务要求：3星通关主题曲S4-6；必须携带并部署非助战火哨，其他成员仅可编入远程位干员\n\n攻略&json作者：SkadeYYDS\n平均练度260 如果有问题请在评论区反馈"
    },
    "groups": [],
    "opers": [
        {
            "name": "火哨",
            "skill": 1,
            "skill_usage": 0
        },
        {
            "name": "艾雅法拉",
            "skill": 2,
            "skill_usage": 0
        },
        {
            "name": "闪灵",
            "skill": 2,
            "skill_usage": 0
        }
    ]
}