{
    "minimum_required": "v4.0.0",
    "actions": [
        {
            "type": "SpeedUp"
        },
        {
            "type": "Deploy",
            "name": "泥岩",
            "location": [
                3,
                4
            ],
            "direction": "Left"
        },
        {
            "type": "Deploy",
            "name": "瑕光",
            "location": [
                6,
                4
            ],
            "direction": "Right"
        },
        {
            "type": "Output",
            "doc_color": "#6f42c1",
            "doc": "给个好评吧，亲~"
        }
    ],
    "doc": {
        "title": "瑕光模组摆完挂机-工匠团的回响",
        "details": "侬无言以对模组任务摆完挂机合集:BV1wU4y177Qu\n3星通关别传MN-2；必须编入非助战瑕光并上场，其他成员仅可编入重装干员\n筱竹聽雨"
    },
    "groups": [],
    "opers": [
        {
            "name": "泥岩",
            "skill": 2,
            "skill_usage": 0
        },
        {
            "name": "瑕光",
            "skill": 1,
            "skill_usage": 0
        }
    ],
    "stage_name": "act13d5_02"
}