{
    "minimum_required": "v4.0.0",
    "stage_name": "main_04-09",
    "actions": [
        {
            "type": "Deploy",
            "name": "桃金娘",
            "location": [
                6,
                3
            ],
            "direction": "Right"
        },
        {
            "type": "Deploy",
            "name": "德克萨斯",
            "location": [
                6,
                4
            ],
            "direction": "Up"
        },
        {
            "type": "Deploy",
            "name": "白面鸮",
            "location": [
                8,
                4
            ],
            "direction": "Left"
        },
        {
            "type": "Deploy",
            "name": "棘刺",
            "location": [
                8,
                3
            ],
            "direction": "Up"
        },
        {
            "type": "SpeedUp"
        },
        {
            "type": "Deploy",
            "name": "能天使",
            "location": [
                5,
                4
            ],
            "direction": "Up"
        },
        {
            "type": "Deploy",
            "name": "山",
            "location": [
                3,
                4
            ],
            "direction": "Up"
        },
        {
            "type": "SkillUsage",
            "name": "桃金娘",
            "skill_usage": 0
        },
        {
            "type": "Skill",
            "name": "白面鸮",
            "location": [
                6,
                3
            ],
            "kills": 34,
            "pre_delay": 3000
        },
        {
            "type": "SkillDaemon"
        }
    ],
    "doc": {
        "title": "第四章 急性衰竭 - 4-9 - 彻入骨髓 白面鸮模组医疗环境分析装置解锁任务",
        "details": "白面鸮模组任务医疗环境分析装置，没练歌蒂自己写的打法\n条件：3星通关主题曲4-9；必须编入非助战白面鸮并上场，且不编入其他医疗和重装干员\n【【明日方舟】白面鸮模组任务摆完挂机】 https://www.bilibili.com/video/BV1hM4y1g7yQ/?share_source=copy_web&vd_source=3fd5040fe25f6a00e19e6072bcccfa4e"
    },
    "groups": [],
    "opers": [
        {
            "name": "山",
            "skill": 2,
            "skill_usage": 2
        },
        {
            "name": "棘刺",
            "skill": 3,
            "skill_usage": 1
        },
        {
            "name": "白面鸮",
            "skill": 2,
            "skill_usage": 0
        },
        {
            "name": "桃金娘",
            "skill": 1,
            "skill_usage": 1
        },
        {
            "name": "能天使",
            "skill": 3,
            "skill_usage": 0
        },
        {
            "name": "德克萨斯",
            "skill": 1,
            "skill_usage": 0
        }
    ]
}