{
    "minimum_required": "v4.0.0",
    "stage_name": "main_03-04",
    "actions": [
        {
            "type": "Deploy",
            "name": "克洛丝",
            "location": [
                2,
                4
            ],
            "direction": "Right"
        },
        {
            "type": "Deploy",
            "name": "安德切尔",
            "location": [
                7,
                4
            ],
            "direction": "Left"
        },
        {
            "type": "SpeedUp"
        },
        {
            "type": "Deploy",
            "name": "闪击",
            "location": [
                5,
                1
            ],
            "direction": "Down"
        },
        {
            "type": "Deploy",
            "name": "煌",
            "location": [
                4,
                1
            ],
            "direction": "Right"
        },
        {
            "type": "Deploy",
            "name": "蜜莓",
            "location": [
                3,
                2
            ],
            "direction": "Right"
        },
        {
            "type": "Skill",
            "name": "闪击",
            "location": [
                5,
                1
            ],
            "kills": 34
        },
        {
            "type": "Skill",
            "name": "闪击",
            "location": [
                5,
                1
            ],
            "kills": 56
        },
        {
            "type": "Skill",
            "kills": 68,
            "name": "闪击",
            "location": [
                5,
                1
            ]
        },
        {
            "type": "SkillDaemon"
        }
    ],
    "doc": {
        "title": "【模组任务】3-4 闪击 模组 战术盾牌维护油",
        "details": "攻略&json作者：SkadeYYDS\n如果有问题请在评论区反馈\n\n闪击模组任务 战术盾牌维护油\n3星通关主题曲3-4;必须编入非助战闪击并上场，且使用闪击歼灭至少2名屠夫"
    },
    "groups": [],
    "opers": [
        {
            "name": "克洛丝",
            "skill": 1,
            "skill_usage": 0
        },
        {
            "name": "安德切尔",
            "skill": 1,
            "skill_usage": 0
        },
        {
            "name": "煌",
            "skill": 2,
            "skill_usage": 0
        },
        {
            "name": "闪击",
            "skill": 2,
            "skill_usage": 0
        },
        {
            "name": "蜜莓",
            "skill": 1,
            "skill_usage": 0
        }
    ]
}