{
    "minimum_required": "v4.0.0",
    "stage_name": "wk_melee_6",
    "actions": [
        {
            "type": "Deploy",
            "name": "维什戴尔",
            "location": [
                3,
                2
            ],
            "direction": "Right"
        },
        {
            "type": "Deploy",
            "name": "逻各斯",
            "location": [
                4,
                4
            ],
            "direction": "Up"
        },
        {
            "type": "SpeedUp"
        },
        {
            "type": "Skill",
            "name": "维什戴尔",
            "location": [
                3,
                2
            ],
            "kills": 4
        },
        {
            "type": "Skill",
            "name": "维什戴尔",
            "location": [
                3,
                2
            ],
            "kills": 31
        },
        {
            "type": "SkillDaemon"
        }
    ],
    "doc": {
        "title": "自用",
        "details": "作业更新日期: 2024-12-26T10:42:35Z\n统计更新日期: 2024-12-29\n好评率：100.0%  浏览量：12\n来源：DJ小A  ID：44998\n【【明日方舟作业】益达小罗双人钱本CE-6】 https://www.bilibili.com/video/BV1qT42197mQ/?share_source=copy_web&vd_source=3fd5040fe25f6a00e19e6072bcccfa4e"
    },
    "groups": [],
    "opers": [
        {
            "name": "维什戴尔",
            "skill": 3,
            "skill_usage": 0
        },
        {
            "name": "逻各斯",
            "skill": 1,
            "skill_usage": 0
        }
    ]
}