{
    "minimum_required": "v4.0.0",
    "stage_name": "wk_armor_2",
    "actions": [
        {
            "type": "Deploy",
            "name": "【尖兵】精一满级及以上练度",
            "location": [
                4,
                5
            ],
            "direction": "Right"
        },
        {
            "type": "Deploy",
            "name": "【守护者】精一满级及以上练度",
            "location": [
                4,
                6
            ],
            "direction": "Right"
        },
        {
            "type": "Deploy",
            "name": "【中坚术士】精一满级及以上练度",
            "location": [
                5,
                4
            ],
            "direction": "Down"
        },
        {
            "type": "SpeedUp"
        },
        {
            "type": "Deploy",
            "name": "【速射手】精一满级及以上练度",
            "location": [
                5,
                3
            ],
            "direction": "Down"
        },
        {
            "type": "Deploy",
            "name": "【医疗】精一满级及以上",
            "location": [
                4,
                3
            ],
            "direction": "Down"
        },
        {
            "type": "Deploy",
            "name": "【扩散术士】精一满级及以上练度",
            "location": [
                4,
                4
            ],
            "direction": "Down"
        },
        {
            "type": "Retreat",
            "name": "【尖兵】精一满级及以上练度",
            "location": [
                4,
                5
            ],
            "costs": 20
        },
        {
            "type": "Deploy",
            "name": "【铁卫】精一满级及以上练度",
            "location": [
                4,
                5
            ],
            "direction": "Right"
        },
        {
            "type": "Deploy",
            "name": "【尖兵】精一满级及以上练度",
            "location": [
                3,
                6
            ],
            "direction": "Right"
        },
        {
            "type": "SkillDaemon"
        }
    ],
    "doc": {
        "title": "资源保障 - SK-2 - 窝点清剿 - 碳本 - 萌新通用",
        "details": "——————————\n作业更新日期: 2025-04-04T11:33:40Z\n统计更新日期: 2025-06-11\n好评率：100.0%  浏览量：146\n来源：小卡拉帕鲁灰  ID：49469\n——————————\n\nJSON作者小卡拉帕鲁灰\n推荐使用自动编队按开始\n持续更新中，作业交流群789724611，如果作业有问题可以加群找我，评论区不能及时回复"
    },
    "groups": [
        {
            "name": "【尖兵】精一满级及以上练度",
            "opers": [
                {
                    "name": "嵯峨",
                    "skill": 3,
                    "skill_usage": 1
                },
                {
                    "name": "推进之王",
                    "skill": 2,
                    "skill_usage": 0
                },
                {
                    "name": "焰尾",
                    "skill": 3,
                    "skill_usage": 1
                },
                {
                    "name": "德克萨斯",
                    "skill": 2,
                    "skill_usage": 1
                },
                {
                    "name": "红隼",
                    "skill": 2,
                    "skill_usage": 1
                },
                {
                    "name": "贾维",
                    "skill": 2,
                    "skill_usage": 1
                },
                {
                    "name": "凛冬",
                    "skill": 2,
                    "skill_usage": 1
                },
                {
                    "name": "青枳",
                    "skill": 2,
                    "skill_usage": 1
                },
                {
                    "name": "讯使",
                    "skill": 2,
                    "skill_usage": 1
                },
                {
                    "name": "芬",
                    "skill": 1,
                    "skill_usage": 0
                }
            ]
        },
        {
            "name": "【速射手】精一满级及以上练度",
            "opers": [
                {
                    "name": "灰烬",
                    "skill": 2,
                    "skill_usage": 1
                },
                {
                    "name": "空弦",
                    "skill": 3,
                    "skill_usage": 1
                },
                {
                    "name": "能天使",
                    "skill": 3,
                    "skill_usage": 0
                },
                {
                    "name": "白金",
                    "skill": 2,
                    "skill_usage": 0
                },
                {
                    "name": "寒芒克洛丝",
                    "skill": 2,
                    "skill_usage": 1
                },
                {
                    "name": "灰喉",
                    "skill": 2,
                    "skill_usage": 1
                },
                {
                    "name": "蓝毒",
                    "skill": 1,
                    "skill_usage": 0
                },
                {
                    "name": "隐现",
                    "skill": 2,
                    "skill_usage": 1
                },
                {
                    "name": "杰西卡",
                    "skill": 1,
                    "skill_usage": 0
                },
                {
                    "name": "流星",
                    "skill": 1,
                    "skill_usage": 0
                },
                {
                    "name": "梅",
                    "skill": 1,
                    "skill_usage": 0
                },
                {
                    "name": "安德切尔",
                    "skill": 1,
                    "skill_usage": 1
                },
                {
                    "name": "克洛丝",
                    "skill": 1,
                    "skill_usage": 0
                }
            ]
        },
        {
            "name": "【铁卫】精一满级及以上练度",
            "opers": [
                {
                    "name": "年",
                    "skill": 2,
                    "skill_usage": 1
                },
                {
                    "name": "星熊",
                    "skill": 2,
                    "skill_usage": 0
                },
                {
                    "name": "拜松",
                    "skill": 2,
                    "skill_usage": 1
                },
                {
                    "name": "暴雨",
                    "skill": 2,
                    "skill_usage": 1
                },
                {
                    "name": "可颂",
                    "skill": 1,
                    "skill_usage": 0
                },
                {
                    "name": "角峰",
                    "skill": 2,
                    "skill_usage": 1
                },
                {
                    "name": "泡泡",
                    "skill": 2,
                    "skill_usage": 1
                },
                {
                    "name": "蛇屠箱",
                    "skill": 2,
                    "skill_usage": 1
                },
                {
                    "name": "卡缇",
                    "skill": 1,
                    "skill_usage": 1
                },
                {
                    "name": "米格鲁",
                    "skill": 1,
                    "skill_usage": 1
                }
            ]
        },
        {
            "name": "【守护者】精一满级及以上练度",
            "opers": [
                {
                    "name": "塞雷娅",
                    "skill": 1,
                    "skill_usage": 0
                },
                {
                    "name": "黍",
                    "skill": 1,
                    "skill_usage": 0
                },
                {
                    "name": "瑕光",
                    "skill": 1,
                    "skill_usage": 0
                },
                {
                    "name": "吽",
                    "skill": 2,
                    "skill_usage": 1
                },
                {
                    "name": "临光",
                    "skill": 1,
                    "skill_usage": 0
                },
                {
                    "name": "深律",
                    "skill": 1,
                    "skill_usage": 0
                },
                {
                    "name": "斑点",
                    "skill": 1,
                    "skill_usage": 1
                },
                {
                    "name": "古米",
                    "skill": 1,
                    "skill_usage": 0
                }
            ]
        },
        {
            "name": "【中坚术士】精一满级及以上练度",
            "opers": [
                {
                    "name": "艾雅法拉",
                    "skill": 2,
                    "skill_usage": 0
                },
                {
                    "name": "霍尔海雅",
                    "skill": 3,
                    "skill_usage": 1
                },
                {
                    "name": "刻俄柏",
                    "skill": 2,
                    "skill_usage": 1
                },
                {
                    "name": "阿米娅",
                    "skill": 2,
                    "skill_usage": 0
                },
                {
                    "name": "苦艾",
                    "skill": 1,
                    "skill_usage": 0
                },
                {
                    "name": "夜烟",
                    "skill": 2,
                    "skill_usage": 1
                },
                {
                    "name": "史都华德",
                    "skill": 1,
                    "skill_usage": 0
                }
            ]
        },
        {
            "name": "【扩散术士】精一满级及以上练度",
            "opers": [
                {
                    "name": "莫斯提马",
                    "skill": 3,
                    "skill_usage": 1
                },
                {
                    "name": "夕",
                    "skill": 1,
                    "skill_usage": 0
                },
                {
                    "name": "寒檀",
                    "skill": 2,
                    "skill_usage": 1
                },
                {
                    "name": "莱恩哈特",
                    "skill": 2,
                    "skill_usage": 1
                },
                {
                    "name": "天火",
                    "skill": 2,
                    "skill_usage": 1
                },
                {
                    "name": "炎狱炎熔",
                    "skill": 2,
                    "skill_usage": 1
                },
                {
                    "name": "格雷伊",
                    "skill": 2,
                    "skill_usage": 1
                },
                {
                    "name": "远山",
                    "skill": 2,
                    "skill_usage": 1
                },
                {
                    "name": "炎熔",
                    "skill": 1,
                    "skill_usage": 1
                }
            ]
        },
        {
            "name": "【医疗】精一满级及以上",
            "opers": [
                {
                    "name": "闪灵",
                    "skill": 2,
                    "skill_usage": 0
                },
                {
                    "name": "纯烬艾雅法拉",
                    "skill": 1,
                    "skill_usage": 0
                },
                {
                    "name": "苏苏洛",
                    "skill": 1,
                    "skill_usage": 1
                },
                {
                    "name": "赫默",
                    "skill": 1,
                    "skill_usage": 1
                },
                {
                    "name": "亚叶",
                    "skill": 1,
                    "skill_usage": 1
                },
                {
                    "name": "流明",
                    "skill": 3,
                    "skill_usage": 1
                },
                {
                    "name": "嘉维尔",
                    "skill": 1,
                    "skill_usage": 0
                },
                {
                    "name": "华法琳",
                    "skill": 1,
                    "skill_usage": 0
                },
                {
                    "name": "芙蓉",
                    "skill": 1,
                    "skill_usage": 1
                },
                {
                    "name": "安赛尔",
                    "skill": 1,
                    "skill_usage": 1
                },
                {
                    "name": "末药",
                    "skill": 1,
                    "skill_usage": 0
                }
            ]
        }
    ],
    "opers": []
}