{
    "minimum_required": "v4.0.0",
    "stage_name": "mem_lasher_1",
    "actions": [
        {
            "type": "SpeedUp"
        },
        {
            "type": "Deploy",
            "name": "衡沙",
            "location": [
                7,
                2
            ],
            "direction": "Down"
        },
        {
            "type": "Deploy",
            "name": "发条羽兽",
            "location": [
                5,
                2
            ],
            "direction": "Down"
        },
        {
            "type": "Deploy",
            "name": "发条羽兽",
            "direction": "Up",
            "location": [
                4,
                5
            ]
        },
        {
            "type": "Deploy",
            "name": "发条羽兽",
            "direction": "Down",
            "location": [
                3,
                2
            ]
        },
        {
            "type": "Deploy",
            "location": [
                2,
                5
            ],
            "name": "发条羽兽",
            "direction": "Up"
        },
        {
            "type": "Deploy",
            "name": "发条羽兽",
            "direction": "Up",
            "location": [
                6,
                5
            ]
        },
        {
            "type": "Skill",
            "kills": 7,
            "name": "衡沙",
            "location": [
                7,
                2
            ]
        },
        {
            "type": "Skill",
            "kills": 15,
            "pre_delay": 3500,
            "name": "衡沙",
            "location": [
                7,
                2
            ]
        }
    ],
    "doc": {
        "title": "衡沙--悖论模拟",
        "details": "——————————\n作业更新日期: 2025-08-02T09:53:59Z\n统计更新日期: 2025-08-03\n相对评分：100.0%  相对热度：100.0%\n来源：童话重度依赖  ID：63909\n——————————\n1级2技能--精2--1级 自测可过\n【赠送干员满潜能】【满信赖】【无模组】\n有问题请反馈 BID：童话重度依赖症"
    },
    "groups": [],
    "opers": [
        {
            "name": "衡沙",
            "skill": 2,
            "skill_usage": 0
        }
    ]
}