{
    "minimum_required": "v4.0",
    "doc": {
        "title": "IS-2单人",
        "details": "自制\n如果b站有纯属雷同"
    },
    "stage_name": "IS-2",
    "opers": [
        {
            "name": "棘刺",
            "skill": 3,
            "skill_usage": 0
        }
    ],
    "actions": [
        {
            "type": "SpeedUp",
            "name": "",
            "doc_color": "Gray"
        },
        {
            "type": "部署",
            "name": "棘刺",
            "location": [
                3,
                1
            ],
            "direction": "右",
            "rear_delay": 5000,
            "doc_color": "Gray"
        },
        {
            "type": "技能",
            "cost_changes": 61,
            "name": "",
            "location": [
                3,
                1
            ]
        },
        {
            "type": "技能",
            "kills": 13,
            "name": "",
            "location": [
                3,
                1
            ]
        },
        {
            "type": "Output",
            "name": "",
            "doc": "制作者2586582719",
            "doc_color": "SpringGreen"
        }
    ]
}