{
    "minimum_required": "v4.0",
    "doc": {
        "title": "IS-8六人",
        "details": "https://www.bilibili.com/video/av389667883/"
    },
    "stage_name": "IS-8",
    "opers": [
        {
            "name": "伊芙利特",
            "skill": 2,
            "skill_usage": 0
        },
        {
            "name": "煌",
            "skill": 2,
            "skill_usage": 0
        },
        {
            "name": "闪灵",
            "skill": 2,
            "skill_usage": 0
        },
        {
            "name": "棘刺",
            "skill": 3,
            "skill_usage": 1
        },
        {
            "name": "桃金娘",
            "skill": 1,
            "skill_usage": 1
        },
        {
            "name": "艾雅法拉",
            "skill": 2,
            "skill_usage": 0
        }
    ],
    "actions": [
        {
            "type": "SpeedUp",
            "name": "",
            "doc_color": "Gray"
        },
        {
            "type": "部署",
            "name": "桃金娘",
            "location": [
                12,
                2
            ],
            "direction": "左"
        },
        {
            "type": "部署",
            "name": "棘刺",
            "location": [
                5,
                2
            ],
            "direction": "下"
        },
        {
            "type": "部署",
            "name": "煌",
            "location": [
                8,
                2
            ],
            "direction": "下"
        },
        {
            "type": "部署",
            "name": "伊芙利特",
            "location": [
                8,
                1
            ],
            "direction": "下"
        },
        {
            "type": "部署",
            "name": "艾雅法拉",
            "location": [
                9,
                1
            ],
            "direction": "下"
        },
        {
            "type": "部署",
            "name": "闪灵",
            "location": [
                7,
                1
            ],
            "direction": "右"
        },
        {
            "type": "Output",
            "name": "",
            "doc": "制作者2586582719",
            "doc_color": "SpringGreen"
        },
        {
            "type": "摆完挂机",
            "name": ""
        }
    ]
}