{
    "actions": [
        {
            "type": "二倍速"
        },
        {
            "type": "部署",
            "name": "白雪",
            "location": [
                5,
                5
            ],
            "direction": "上"
        },
        {
            "type": "部署",
            "name": "梅",
            "location": [
                1,
                2
            ],
            "direction": "右"
        },
        {
            "name": "红云",
            "type": "部署",
            "location": [
                9,
                2
            ],
            "direction": "左"
        },
        {
            "type": "技能",
            "kills": 9,
            "name": "白雪",
            "location": [
                5,
                5
            ]
        },
        {
            "type": "技能",
            "kills": 48,
            "name": "白雪",
            "location": [
                5,
                5
            ]
        },
        {
            "type": "技能",
            "name": "梅",
            "location": [
                1,
                2
            ]
        },
        {
            "type": "技能",
            "name": "红云",
            "location": [
                9,
                2
            ]
        }
    ],
    "stage_name": "mem_yuki_1",
    "doc": {
        "title": "白雪悖论模拟",
        "details": "作业更新日期: 2023-04-19T07:07:55Z\n统计更新日期: 2025-01-25\n好评率：91.11%  浏览量：918\n来源：作业代传——有问题联系原作者  ID：22750\n作者：snowflake\n测试干员：白雪精2 70级 7级技能 无模"
    },
    "opers": [
        {
            "name": "白雪",
            "skill": 2
        }
    ],
    "minimum_required": "v4.0.0"
}