{
    "minimum_required": "v4.0.0",
    "stage_name": "mem_bluep_1",
    "actions": [
        {
            "type": "SpeedUp",
            "costs": 0
        },
        {
            "type": "Deploy",
            "name": "克洛丝",
            "location": [
                7,
                3
            ],
            "direction": "Left"
        },
        {
            "type": "Deploy",
            "name": "蓝毒",
            "location": [
                3,
                3
            ],
            "direction": "Right",
            "costs": 12
        },
        {
            "type": "SkillDaemon"
        }
    ],
    "doc": {
        "title": "狙击 - 蓝毒 - 渗骨毒液",
        "details": "作业更新日期: 2024-05-11T07:53:20Z\n统计更新日期: 2024-11-30\n好评率：96.15%  浏览量：397\n来源：Anvnior  ID：37496\n二技能七级，先放克洛丝，蓝毒技能好了就开。\n已模拟0潜能"
    },
    "groups": [],
    "opers": [
        {
            "name": "蓝毒",
            "skill": 2,
            "skill_usage": 1
        },
        {
            "name": "克洛丝",
            "skill": 1,
            "skill_usage": 0
        }
    ]
}