{
    "minimum_required": "v4.0.0",
    "doc": {
        "title": "执行者的工作-悖论模拟-送葬人",
        "details": "作业更新日期: 2023-06-09T06:31:06Z\n统计更新日期: 2025-02-16\n好评率：80.58%  浏览量：2382\n来源：一只摆烂的42  ID：23890\n倾九_Komy\nhttps://www.bilibili.com/video/BV11L411i7Jd/\n二技能，无需专精\n制作者：一只摆烂的42\n有问题联系QQ2586582719"
    },
    "stage_name": "mem_excu_1",
    "opers": [
        {
            "name": "送葬人",
            "skill": 2,
            "skill_usage": 0
        }
    ],
    "actions": [
        {
            "type": "SpeedUp",
            "name": ""
        },
        {
            "type": "Deploy",
            "name": "见行者",
            "location": [
                5,
                3
            ],
            "direction": "Left"
        },
        {
            "type": "Deploy",
            "name": "送葬人",
            "location": [
                5,
                1
            ],
            "direction": "Down"
        },
        {
            "type": "Skill",
            "cost_changes": 56,
            "name": "送葬人"
        },
        {
            "type": "Deploy",
            "cost_changes": 19,
            "name": "雪雉的安全起重机",
            "location": [
                6,
                1
            ],
            "direction": "Left"
        },
        {
            "type": "Deploy",
            "name": "送葬人",
            "location": [
                5,
                4
            ],
            "direction": "Up"
        },
        {
            "type": "SkillUsage",
            "name": "送葬人",
            "skill_usage": 1
        },
        {
            "type": "SkillDaemon"
        }
    ],
    "groups": []
}