{
    "minimum_required": "v4.0.0",
    "stage_name": "mem_ironmn_1",
    "actions": [
        {
            "type": "Deploy",
            "name": "白铁",
            "location": [
                4,
                2
            ],
            "direction": "Right"
        },
        {
            "type": "Deploy",
            "name": "蓝毒",
            "location": [
                2,
                3
            ],
            "direction": "Right"
        },
        {
            "type": "Deploy",
            "name": "铁钳号·原型机",
            "location": [
                5,
                3
            ],
            "direction": "Right"
        },
        {
            "type": "Deploy",
            "name": "铁钳号·原型机",
            "location": [
                5,
                2
            ],
            "direction": "Right"
        },
        {
            "type": "Deploy",
            "name": "安赛尔",
            "location": [
                3,
                1
            ],
            "direction": "Down"
        },
        {
            "type": "SpeedUp"
        },
        {
            "type": "Skill",
            "name": "白铁",
            "location": [
                4,
                2
            ],
            "kills": 5
        },
        {
            "type": "Retreat",
            "name": "铁钳号·原型机",
            "location": [
                5,
                2
            ],
            "kills": 22
        },
        {
            "type": "Deploy",
            "name": "铁钳号·原型机",
            "location": [
                5,
                2
            ],
            "direction": "Down"
        },
        {
            "type": "Skill",
            "name": "白铁",
            "location": [
                4,
                2
            ],
            "kills": 22,
            "costs": 99
        },
        {
            "type": "Skill",
            "name": "米格鲁",
            "location": [
                4,
                4
            ],
            "kills": 22,
            "costs": 99
        },
        {
            "type": "Skill",
            "name": "安赛尔",
            "location": [
                3,
                1
            ],
            "kills": 22,
            "costs": 99
        }
    ],
    "doc": {
        "title": "【白铁】悖论模拟 - 远程火力",
        "details": "作业更新日期: 2024-10-09T14:28:02Z\n统计更新日期: 2024-11-30\n好评率：92.06%  浏览量：1864\n来源：LobsterJam  ID：42235\n已测试通过。\n自用lv90 三技能专三，\n50级左右的七级技能应该就够用。"
    },
    "groups": [],
    "opers": [
        {
            "name": "白铁",
            "skill": 3,
            "skill_usage": 0
        }
    ]
}