{
    "minimum_required": "v4.0.0",
    "stage_name": "tough_11-14",
    "actions": [
        {
            "type": "Deploy",
            "name": "障碍物",
            "location": [
                1,
                2
            ],
            "direction": "None"
        },
        {
            "type": "SpeedUp"
        },
        {
            "type": "Deploy",
            "cost_changes": 3,
            "name": "德克萨斯",
            "location": [
                3,
                3
            ],
            "direction": "Down"
        },
        {
            "type": "Deploy",
            "name": "塞雷娅",
            "location": [
                2,
                1
            ],
            "direction": "Right",
            "cost_changes": 21
        },
        {
            "type": "Deploy",
            "name": "煌",
            "location": [
                3,
                2
            ],
            "direction": "Up",
            "cost_changes": 23
        },
        {
            "type": "Deploy",
            "name": "能天使",
            "location": [
                4,
                5
            ],
            "direction": "Left",
            "cost_changes": 16
        },
        {
            "type": "SkillDaemon"
        }
    ],
    "doc": {
        "title": "第十一章 淬火尘霾 - 11-16（磨难） - 荣光猎场",
        "details": "统计日期：2024-05-17\n好评率：88.0%  浏览量：3464\n来源：萨拉托加  ID：28614\n11-16磨难 2603\n【【淬火尘霾】明日方舟 主线第十一章 磨难环境 摆完挂机 简单好抄】 https://www.bilibili.com/video/BV1cG411J7Mu/?p=17&share_source=copy_web&vd_source=3fd5040fe25f6a00e19e6072bcccfa4e"
    },
    "groups": [],
    "opers": [
        {
            "name": "德克萨斯",
            "skill": 1,
            "skill_usage": 0
        },
        {
            "name": "塞雷娅",
            "skill": 1,
            "skill_usage": 0
        },
        {
            "name": "煌",
            "skill": 2,
            "skill_usage": 0
        },
        {
            "name": "能天使",
            "skill": 3,
            "skill_usage": 0
        }
    ]
}