{
  "minimum_required": "v4.0.0",
  "stage_name": "sub_04-2-2",
  "actions": [
    {
      "type": "SpeedUp"
    },
    {
      "type": "Deploy",
      "name": "煌",
      "location": [
        4,
        5
      ],
      "direction": "Up"
    },
    {
      "type": "Deploy",
      "name": "克洛丝",
      "location": [
        5,
        5
      ],
      "direction": "Up"
    },
    {
      "type": "Deploy",
      "name": "速狙",
      "location": [
        3,
        5
      ],
      "direction": "Up"
    },
    {
      "type": "Deploy",
      "name": "奶",
      "location": [
        6,
        6
      ],
      "direction": "Left"
    },
    {
      "type": "SkillDaemon"
    }
  ],
  "doc": {
    "title": "第四章 急性衰竭 - S4-5 - 多足-2",
    "details": "up:_黑摸仙小月_\n配置：2603，尽量专三且三模"
  },
  "groups": [
    {
      "name": "奶",
      "opers": [
        {
          "name": "芙蓉",
          "skill": 1,
          "skill_usage": 0
        },
        {
          "name": "安赛尔",
          "skill": 1,
          "skill_usage": 0
        }
      ]
    },
    {
      "name": "速狙",
      "opers": [
        {
          "name": "能天使",
          "skill": 1,
          "skill_usage": 0
        },
        {
          "name": "蓝毒",
          "skill": 1,
          "skill_usage": 0
        }
      ]
    }
  ],
  "opers": [
    {
      "name": "煌",
      "skill": 2,
      "skill_usage": 0
    },
    {
      "name": "克洛丝",
      "skill": 1,
      "skill_usage": 0
    }
  ]
}