{
    "minimum_required": "v4.0",
    "doc": {
        "title": "IS-3单人",
        "details": "https://www.bilibili.com/video/av817234034/"
    },
    "stage_name": "IS-3",
    "opers": [
        {
            "name": "山",
            "skill": 2,
            "skill_usage": 2
        }
    ],
    "actions": [
        {
            "type": "SpeedUp",
            "name": "",
            "doc_color": "Gray"
        },
        {
            "type": "部署",
            "name": "山",
            "location": [
                3,
                3
            ],
            "direction": "右"
        },
        {
            "type": "Output",
            "name": "",
            "doc": "制作者2586582719",
            "doc_color": "SpringGreen"
        },
        {
            "type": "摆完挂机",
            "name": ""
        }
    ]
}