{
    "minimum_required": "v4.0.0",
    "stage_name": "act18d3_06",
    "actions": [
        {
            "type": "SpeedUp"
        },
        {
            "type": "Deploy",
            "name": "山",
            "location": [
                4,
                1
            ],
            "direction": "Down"
        },
        {
            "type": "Skill",
            "name": "山",
            "location": [
                4,
                1
            ],
            "costs": 12
        },
        {
            "type": "Deploy",
            "name": "推进之王",
            "location": [
                6,
                1
            ],
            "direction": "Down",
            "costs": 14
        },
        {
            "type": "Deploy",
            "name": "乌尔比安",
            "location": [
                5,
                2
            ],
            "direction": "Down",
            "costs": 25
        },
        {
            "type": "Deploy",
            "name": "能天使",
            "location": [
                3,
                1
            ],
            "direction": "Right",
            "costs": 15
        },
        {
            "type": "Deploy",
            "name": "行医",
            "location": [
                3,
                2
            ],
            "direction": "Right",
            "costs": 17
        },
        {
            "type": "Skill",
            "kills": 19,
            "name": "乌尔比安",
            "location": [
                5,
                2
            ]
        },
        {
            "type": "Skill",
            "name": "乌尔比安",
            "location": [
                5,
                2
            ],
            "kills": 54,
            "rear_delay": 1000
        }
    ],
    "doc": {
        "title": "乌尔比安模组任务 SV-6 - 厌食",
        "details": "——————————\n作业更新日期: 2025-03-05T07:29:16Z\n统计更新日期: 2025-06-28\n好评率：95.1%  浏览量：2697\n来源：256101lxr  ID：48026\n——————————\n乌尔比安模组任务 SV-6 - 厌食"
    },
    "groups": [
        {
            "name": "行医",
            "opers": [
                {
                    "name": "纯烬艾雅法拉",
                    "skill": 1,
                    "skill_usage": 0
                },
                {
                    "name": "蜜莓",
                    "skill": 1,
                    "skill_usage": 0
                }
            ]
        }
    ],
    "opers": [
        {
            "name": "乌尔比安",
            "skill": 3,
            "skill_usage": 0
        },
        {
            "name": "山",
            "skill": 2,
            "skill_usage": 0
        },
        {
            "name": "能天使",
            "skill": 1,
            "skill_usage": 0
        },
        {
            "name": "斯卡蒂",
            "skill": 1,
            "skill_usage": 0
        },
        {
            "name": "推进之王",
            "skill": 2,
            "skill_usage": 0
        }
    ]
}