{
    "minimum_required": "v4.0.0",
    "actions": [
        {
            "type": "SpeedUp"
        },
        {
            "type": "Deploy",
            "name": "术士",
            "location": [
                7,
                2
            ],
            "direction": "Left"
        },
        {
            "type": "Deploy",
            "name": "辅助",
            "location": [
                5,
                5
            ],
            "direction": "Left"
        },
        {
            "type": "Deploy",
            "name": "魔王",
            "location": [
                4,
                5
            ],
            "direction": "Left"
        },
        {
            "type": "Deploy",
            "name": "缄默德克萨斯",
            "location": [
                3,
                6
            ],
            "direction": "Left",
            "kills": 11
        },
        {
            "type": "Output",
            "doc_color": "#6f42c1",
            "doc": "给个好评吧，亲~"
        }
    ],
    "doc": {
        "title": "缄默德克萨斯模组摆完挂机-蓝莓与黑巧",
        "details": "——————————\n作业更新日期: 2025-02-04T08:24:15Z\n统计更新日期: 2025-08-30\n相对评分：95.28999999999999%  相对热度：71.11%\n来源：苍蓝残响  ID：46332\n——————————\n侬无言以对模组任务摆完挂机合集:BV1wU4y177Qu\n3星通关别传CB-8；必须编入非助战缄默德克萨斯并上场，且使用缄默德克萨斯歼灭至少2个灰尾\n筱竹聽雨"
    },
    "groups": [
        {
            "name": "术士",
            "opers": [
                {
                    "name": "艾雅法拉",
                    "skill": 2,
                    "skill_usage": 0
                },
                {
                    "skill_times": 1,
                    "name": "荒芜拉普兰德",
                    "skill": 3,
                    "skill_usage": 2
                }
            ]
        },
        {
            "name": "辅助",
            "opers": [
                {
                    "name": "铃兰",
                    "skill": 2,
                    "skill_usage": 0
                },
                {
                    "name": "塑心",
                    "skill": 1,
                    "skill_usage": 0
                }
            ]
        },
        {
            "name": "魔王",
            "opers": [
                {
                    "name": "浊心斯卡蒂",
                    "skill": 2,
                    "skill_usage": 0
                },
                {
                    "name": "魔王",
                    "skill": 1,
                    "skill_usage": 0
                }
            ]
        }
    ],
    "opers": [
        {
            "name": "缄默德克萨斯",
            "skill": 2,
            "skill_usage": 0
        }
    ],
    "stage_name": "act5d0_08"
}