{
    "minimum_required": "v4.0.0",
    "stage_name": "tough_11-05",
    "actions": [
        {
            "type": "Deploy",
            "name": "医疗",
            "location": [
                8,
                4
            ],
            "direction": "Left"
        },
        {
            "type": "Deploy",
            "name": "阿斯卡纶",
            "location": [
                6,
                3
            ],
            "direction": "Left"
        },
        {
            "type": "SpeedUp"
        },
        {
            "type": "Deploy",
            "name": "【群愈师】精一满级及以上练度",
            "location": [
                7,
                4
            ],
            "direction": "Left"
        },
        {
            "type": "Deploy",
            "name": "砾",
            "location": [
                3,
                3
            ],
            "direction": "Left",
            "kills": 3
        },
        {
            "type": "Deploy",
            "name": "斑点",
            "location": [
                8,
                3
            ],
            "direction": "Left"
        },
        {
            "type": "Deploy",
            "kills": 24,
            "name": "砾",
            "location": [
                3,
                3
            ],
            "direction": "Left"
        },
        {
            "type": "Deploy",
            "name": "砾",
            "location": [
                3,
                3
            ],
            "direction": "Left",
            "kills": 50
        },
        {
            "type": "Deploy",
            "name": "砾",
            "location": [
                3,
                3
            ],
            "direction": "Left",
            "kills": 68
        },
        {
            "type": "SkillDaemon"
        }
    ],
    "doc": {
        "title": "第十一章 淬火尘霾 - 11-6（磨难） - 演绎文明 - 单核",
        "details": "——————————\n作业更新日期: 2025-03-21T06:38:14Z\n统计更新日期: 2025-08-22\n相对评分：89.8%  相对热度：73.28%\n来源：小卡拉帕鲁灰  ID：47349\n——————————\n3 24 50 68\nJSON作者小卡拉帕鲁灰\naskl满级，专3，三级模组\n持续更新中，作业交流群789724611，如果作业有问题可以加群找我，评论区不能及时回复"
    },
    "groups": [
        {
            "name": "医疗",
            "opers": [
                {
                    "name": "闪灵",
                    "skill": 2,
                    "skill_usage": 0
                },
                {
                    "name": "纯烬艾雅法拉",
                    "skill": 1,
                    "skill_usage": 0
                },
                {
                    "name": "苏苏洛",
                    "skill": 1,
                    "skill_usage": 1
                },
                {
                    "name": "赫默",
                    "skill": 1,
                    "skill_usage": 1
                },
                {
                    "name": "亚叶",
                    "skill": 1,
                    "skill_usage": 1
                },
                {
                    "name": "流明",
                    "skill": 3,
                    "skill_usage": 1
                },
                {
                    "name": "嘉维尔",
                    "skill": 1,
                    "skill_usage": 0
                },
                {
                    "name": "华法琳",
                    "skill": 1,
                    "skill_usage": 0
                },
                {
                    "name": "芙蓉",
                    "skill": 1,
                    "skill_usage": 1
                },
                {
                    "name": "安赛尔",
                    "skill": 1,
                    "skill_usage": 1
                },
                {
                    "name": "末药",
                    "skill": 1,
                    "skill_usage": 0
                }
            ]
        },
        {
            "name": "【群愈师】精一满级及以上练度",
            "opers": [
                {
                    "name": "夜莺",
                    "skill": 2,
                    "skill_usage": 0
                },
                {
                    "name": "白面鸮",
                    "skill": 2,
                    "skill_usage": 1
                },
                {
                    "name": "微风",
                    "skill": 2,
                    "skill_usage": 1
                },
                {
                    "name": "调香师",
                    "skill": 2,
                    "skill_usage": 1
                },
                {
                    "name": "明椒",
                    "skill": 2,
                    "skill_usage": 1
                }
            ]
        }
    ],
    "opers": [
        {
            "name": "阿斯卡纶",
            "skill": 1,
            "skill_usage": 0
        },
        {
            "name": "斑点",
            "skill": 1,
            "skill_usage": 1
        },
        {
            "name": "砾",
            "skill": 2,
            "skill_usage": 0
        }
    ]
}