{
    "minimum_required": "v4.0",
    "doc": {
        "title": "【密林悍将】RI-EX-8突袭六人",
        "details": "UP：萧然Q\n原视频：https://www.bilibili.com/video/av334288246\n有问题联系制作者QQ2586582719\n版本：V3.5"
    },
    "stage_name": "act12d0_ex08",
    "opers": [
        {
            "name": "德克萨斯",
            "skill": 2,
            "skill_usage": 1
        },
        {
            "name": "煌",
            "skill": 2,
            "skill_usage": 0
        },
        {
            "name": "棘刺",
            "skill": 3,
            "skill_usage": 1
        },
        {
            "name": "塞雷娅",
            "skill": 1,
            "skill_usage": 0
        },
        {
            "name": "安洁莉娜",
            "skill": 2,
            "skill_usage": 0
        },
        {
            "name": "史尔特尔",
            "skill": 3,
            "skill_usage": 0
        }
    ],
    "actions": [
        {
            "type": "二倍速",
            "name": ""
        },
        {
            "type": "部署",
            "name": "德克萨斯",
            "location": [
                2,
                4
            ],
            "direction": "右"
        },
        {
            "type": "部署",
            "name": "煌",
            "location": [
                3,
                3
            ],
            "direction": "下"
        },
        {
            "type": "部署",
            "name": "棘刺",
            "location": [
                1,
                4
            ],
            "direction": "右"
        },
        {
            "type": "部署",
            "name": "塞雷娅",
            "location": [
                2,
                3
            ],
            "direction": "右"
        },
        {
            "type": "部署",
            "name": "史尔特尔",
            "location": [
                3,
                6
            ],
            "direction": "上"
        },
        {
            "type": "部署",
            "name": "罗德岛临时雇员",
            "location": [
                8,
                6
            ],
            "direction": "上"
        },
        {
            "type": "技能",
            "kills": 27,
            "name": "史尔特尔"
        },
        {
            "type": "部署",
            "kills": 31,
            "name": "安洁莉娜",
            "location": [
                8,
                5
            ],
            "direction": "右"
        },
        {
            "type": "技能",
            "kills": 33,
            "name": "安洁莉娜",
            "pre_delay": 500
        }
    ]
}