{
    "minimum_required": "v4.0.0",
    "stage_name": "mem_bpipe_1",
    "actions": [
        {
            "type": "Deploy",
            "name": "风笛",
            "location": [
                2,
                3
            ],
            "direction": "Right"
        },
        {
            "type": "SpeedUp"
        },
        {
            "type": "Deploy",
            "name": "黑角",
            "location": [
                1,
                3
            ],
            "direction": "Left"
        },
        {
            "type": "Skill",
            "name": "风笛",
            "location": [
                2,
                3
            ],
            "pre_delay": 19500
        },
        {
            "type": "Deploy",
            "name": "芙蓉",
            "location": [
                1,
                4
            ],
            "direction": "Right"
        },
        {
            "type": "Skill",
            "name": "芙蓉",
            "location": [
                1,
                4
            ],
            "kills": 19,
            "pre_delay": 5000
        },
        {
            "type": "SpeedUp"
        },
        {
            "type": "Skill",
            "name": "装置",
            "location": [
                3,
                5
            ],
            "pre_delay": 7000
        },
        {
            "type": "Skill",
            "name": "风笛",
            "location": [
                2,
                3
            ]
        },
        {
            "type": "SpeedUp"
        },
        {
            "type": "Skill",
            "name": "装置",
            "location": [
                7,
                5
            ],
            "pre_delay": 17000
        },
        {
            "type": "Skill",
            "name": "装置",
            "location": [
                7,
                1
            ],
            "pre_delay": 3000
        },
        {
            "type": "Skill",
            "name": "装置",
            "location": [
                5,
                5
            ],
            "pre_delay": 5000
        },
        {
            "type": "Skill",
            "name": "风笛",
            "location": [
                2,
                3
            ],
            "pre_delay": 4000
        },
        {
            "type": "SpeedUp",
            "pre_delay": 6000
        },
        {
            "type": "Skill",
            "name": "装置",
            "location": [
                3,
                5
            ],
            "pre_delay": 8000
        },
        {
            "type": "SpeedUp"
        },
        {
            "type": "Skill",
            "name": "芙蓉",
            "location": [
                1,
                4
            ],
            "pre_delay": 3000
        },
        {
            "type": "SpeedUp",
            "pre_delay": 3000
        },
        {
            "type": "Skill",
            "name": "装置",
            "location": [
                3,
                1
            ],
            "pre_delay": 3000
        },
        {
            "type": "SpeedUp"
        },
        {
            "type": "SpeedUp",
            "pre_delay": 5000
        },
        {
            "type": "Skill",
            "name": "装置",
            "location": [
                3,
                5
            ],
            "pre_delay": 1000
        },
        {
            "type": "Skill",
            "name": "风笛",
            "location": [
                2,
                3
            ]
        },
        {
            "type": "SkillDaemon"
        }
    ],
    "doc": {
        "title": "先锋 - 风笛 - 维多利亚之矛",
        "details": "——————————\n作业更新日期: 2024-12-28T14:54:52Z\n统计更新日期: 2025-09-03\n相对评分：92.21000000000001%  相对热度：89.69%\n来源：AKiSA  ID：45058\n——————————\n测试练度：70级7级三技能无模组无潜能\n视频练度：60级7级三技能无模组无潜能\n不是完美轴，晕大囚犯的轴错了点时间，有能力的自己再改改吧\n\n参考视频：https://www.bilibili.com/video/av1201299780/"
    },
    "groups": [],
    "opers": [
        {
            "name": "风笛",
            "skill": 3,
            "skill_usage": 0
        },
        {
            "name": "黑角",
            "skill": 1,
            "skill_usage": 0
        },
        {
            "name": "芙蓉",
            "skill": 1,
            "skill_usage": 0
        }
    ]
}