{
    "minimum_required": "v4.0",
    "doc": {
        "title": "双人NL-1",
        "details": "原视频：https://www.bilibili.com/video/av891424823\n制作者：2586582719"
    },
    "stage_name": "NL-1",
    "opers": [
        {
            "name": "煌",
            "skill": 2,
            "skill_usage": 0
        },
        {
            "name": "推进之王",
            "skill": 2,
            "skill_usage": 0
        }
    ],
    "actions": [
        {
            "type": "二倍速",
            "name": ""
        },
        {
            "type": "部署",
            "name": "推进之王",
            "location": [
                7,
                2
            ],
            "direction": "下"
        },
        {
            "type": "部署",
            "name": "煌",
            "location": [
                8,
                4
            ],
            "direction": "上"
        },
        {
            "type": "打印",
            "name": "",
            "doc": "制作者：2586582719",
            "doc_color": "#008000"
        }
    ]
}