{
    "minimum_required": "v4.0",
    "doc": {
        "title": "长夜临光复刻",
        "details": "萧然Q重制版作业\n突袭通用\nav303272898\n@U98de"
    },
    "stage_name": "NL-EX-7",
    "opers": [
        {
            "name": "桃金娘",
            "skill": 1,
            "skill_usage": 1
        },
        {
            "name": "推进之王",
            "skill": 2,
            "skill_usage": 0
        },
        {
            "name": "煌",
            "skill": 2,
            "skill_usage": 0
        },
        {
            "name": "拉普兰德",
            "skill": 2,
            "skill_usage": 0
        },
        {
            "name": "塞雷娅",
            "skill": 2,
            "skill_usage": 0
        },
        {
            "name": "艾雅法拉",
            "skill": 2,
            "skill_usage": 0
        },
        {
            "name": "伊芙利特",
            "skill": 2,
            "skill_usage": 0
        },
        {
            "name": "夜莺",
            "skill": 2,
            "skill_usage": 0
        },
        {
            "name": "狮蝎",
            "skill": 1,
            "skill_usage": 0
        }
    ],
    "actions": [
        {
            "type": "部署",
            "name": "桃金娘",
            "location": [
                2,
                7
            ],
            "direction": "下"
        },
        {
            "type": "部署",
            "name": "推进之王",
            "location": [
                2,
                5
            ],
            "direction": "上"
        },
        {
            "type": "部署",
            "name": "拉普兰德",
            "location": [
                3,
                7
            ],
            "direction": "右"
        },
        {
            "type": "二倍速",
            "name": ""
        },
        {
            "type": "部署",
            "name": "煌",
            "location": [
                2,
                3
            ],
            "direction": "右"
        },
        {
            "type": "部署",
            "name": "伊芙利特",
            "location": [
                3,
                2
            ],
            "direction": "右"
        },
        {
            "type": "部署",
            "name": "夜莺",
            "location": [
                3,
                6
            ],
            "direction": "上"
        },
        {
            "type": "部署",
            "name": "艾雅法拉",
            "location": [
                2,
                4
            ],
            "direction": "右"
        },
        {
            "type": "部署",
            "name": "塞雷娅",
            "location": [
                3,
                5
            ],
            "direction": "右"
        },
        {
            "type": "部署",
            "name": "狮蝎",
            "location": [
                5,
                2
            ],
            "direction": "右"
        }
    ]
}