{
  "minimum_required": "v4.0.0",
  "stage_name": "mem_glady_1",
  "actions": [
    {
      "type": "SpeedUp",
      "rear_delay": 0
    },
    {
      "type": "Deploy",
      "name": "歌蕾蒂娅",
      "location": [
        10,
        4
      ],
      "direction": "Left",
      "costs": 13,
      "rear_delay": 0
    },
    {
      "type": "Deploy",
      "costs": 25,
      "name": "幽灵鲨",
      "location": [
        7,
        3
      ],
      "direction": "Down",
      "rear_delay": 0
    },
    {
      "type": "SkillUsage",
      "name": "幽灵鲨",
      "skill_usage": 1,
      "rear_delay": 0
    },
    {
      "type": "Deploy",
      "name": "砾",
      "location": [
        7,
        5
      ],
      "direction": "Up",
      "rear_delay": 0
    },
    {
      "type": "SpeedUp",
      "rear_delay": 0
    },
    {
      "type": "Skill",
      "name": "歌蕾蒂娅",
      "location": [
        10,
        4
      ],
      "costs": 34,
      "rear_delay": 0
    },
    {
      "type": "SpeedUp",
      "rear_delay": 0
    },
    {
      "type": "SpeedUp",
      "costs": 65,
      "rear_delay": 0
    },
    {
      "type": "Deploy",
      "name": "砾",
      "location": [
        7,
        5
      ],
      "costs": 70,
      "direction": "Up",
      "rear_delay": 0
    },
    {
      "type": "Output",
      "costs": 99,
      "rear_delay": 15000
    },
    {
      "type": "Skill",
      "name": "歌蕾蒂娅",
      "location": [
        10,
        4
      ],
      "rear_delay": 0
    },
    {
      "type": "SpeedUp"
    }
  ],
  "doc": {
    "title": "歌蕾蒂娅 悖论模拟",
    "details": "BV1Ff4y1H7GP\nup：倾九_Komy\njson：BnnA（maa://22432）\n修改原作业歌蕾蒂娅的技能时机\n2907已测试"
  },
  "groups": [],
  "opers": [
    {
      "name": "歌蕾蒂娅",
      "skill": 3,
      "skill_usage": 0
    }
  ]
}