{
    "minimum_required": "v4.0.0",
    "stage_name": "sub_03-3-1",
    "actions": [
        {
            "type": "SpeedUp"
        },
        {
            "type": "Deploy",
            "name": "山",
            "location": [
                8,
                1
            ],
            "direction": "Right"
        },
        {
            "type": "Deploy",
            "name": "泥岩",
            "location": [
                7,
                4
            ],
            "direction": "Left"
        },
        {
            "type": "Deploy",
            "name": "极境",
            "location": [
                7,
                1
            ],
            "direction": "Right"
        }
    ],
    "doc": {
        "title": "极境模组任务 - 应急通讯指南",
        "details": "统计日期：2024-05-31\n好评率：100.0%  浏览量：705\n来源：一只摆烂的42  ID：24491\nhttps://www.bilibili.com/video/BV1Ys4y1676M/\n3星通关主题曲S3-6；必须编入非助战极境并上场，且不编入其他先锋干员\n"
    },
    "groups": [],
    "opers": [
        {
            "name": "极境",
            "skill": 1,
            "skill_usage": 0
        },
        {
            "name": "山",
            "skill": 2,
            "skill_usage": 2
        },
        {
            "name": "泥岩",
            "skill": 2,
            "skill_usage": 0
        }
    ]
}