{
    "minimum_required": "v4.0.0",
    "stage_name": "mem_spot_1",
    "actions": [
        {
            "type": "Deploy",
            "name": "斑点",
            "location": [
                4,
                3
            ],
            "direction": "Up"
        },
        {
            "type": "SpeedUp"
        },
        {
            "type": "Deploy",
            "name": "阿",
            "location": [
                3,
                4
            ],
            "direction": "Up"
        },
        {
            "type": "Deploy",
            "name": "芙蓉",
            "location": [
                1,
                4
            ],
            "direction": "Right"
        },
        {
            "type": "Deploy",
            "name": "槐琥",
            "location": [
                6,
                3
            ],
            "direction": "Right",
            "kills": 1
        },
        {
            "type": "Skill",
            "name": "斑点",
            "location": [
                4,
                3
            ]
        },
        {
            "type": "Retreat",
            "location": [
                6,
                3
            ],
            "kills": 2
        },
        {
            "type": "Skill",
            "name": "芙蓉",
            "location": [
                1,
                4
            ],
            "kills": 4,
            "costs": 55
        },
        {
            "type": "Deploy",
            "name": "槐琥",
            "location": [
                6,
                3
            ],
            "direction": "Right"
        },
        {
            "type": "Deploy",
            "name": "槐琥",
            "location": [
                6,
                3
            ],
            "kills": 7,
            "costs": 85,
            "direction": "Right"
        },
        {
            "type": "Skill",
            "name": "芙蓉",
            "location": [
                1,
                4
            ],
            "kills": 8,
            "costs": 85
        }
    ],
    "doc": {
        "title": "重装 - 斑点 - 吸引火力 悖论模拟",
        "details": "——————————\n作业更新日期: 2023-08-21T03:55:22Z\n统计更新日期: 2025-09-06\n相对评分：97.92%  相对热度：82.44%\n来源：和泉纱雾  ID：26245\n——————————\n作者：倾九_Komy\n视频：https://www.bilibili.com/video/BV1HK411S7Kx/"
    },
    "groups": [],
    "opers": []
}