{
    "minimum_required": "v4.0.0",
    "stage_name": "main_02-03",
    "actions": [
        {
            "type": "SpeedUp"
        },
        {
            "type": "Deploy",
            "name": "芬",
            "location": [
                3,
                4
            ],
            "direction": "Up"
        },
        {
            "type": "Deploy",
            "name": "障碍物",
            "location": [
                5,
                3
            ]
        },
        {
            "type": "Deploy",
            "name": "翎羽",
            "location": [
                2,
                3
            ],
            "direction": "Right"
        },
        {
            "type": "Deploy",
            "name": "克洛丝",
            "location": [
                9,
                1
            ],
            "direction": "Left"
        },
        {
            "type": "Deploy",
            "name": "障碍物",
            "location": [
                4,
                4
            ],
            "cost_changes": 15
        },
        {
            "type": "Deploy",
            "name": "障碍物",
            "location": [
                5,
                5
            ]
        },
        {
            "type": "Retreat",
            "name": "翎羽"
        },
        {
            "type": "Deploy",
            "name": "米格鲁",
            "location": [
                8,
                3
            ],
            "direction": "Up"
        },
        {
            "type": "Deploy",
            "name": "炎熔",
            "location": [
                9,
                2
            ],
            "direction": "Left"
        },
        {
            "type": "Deploy",
            "name": "芙蓉",
            "location": [
                9,
                4
            ],
            "direction": "Up"
        },
        {
            "type": "Deploy",
            "name": "梓兰",
            "location": [
                2,
                4
            ],
            "direction": "Down"
        },
        {
            "type": "Deploy",
            "name": "阿米娅",
            "location": [
                2,
                5
            ],
            "costs": 18,
            "direction": "Up"
        },
        {
            "type": "Deploy",
            "name": "安赛尔",
            "location": [
                9,
                3
            ],
            "direction": "Up"
        },
        {
            "type": "Skill",
            "name": "梓兰",
            "kills": 21
        },
        {
            "type": "Skill",
            "name": "阿米娅"
        },
        {
            "type": "Skill",
            "name": "炎熔",
            "kills": 28
        },
        {
            "type": "Skill",
            "name": "米格鲁",
            "kills": 29
        },
        {
            "type": "Skill",
            "name": "芙蓉"
        },
        {
            "type": "Skill",
            "name": "安赛尔"
        },
        {
            "type": "Retreat",
            "name": "芬"
        },
        {
            "type": "Deploy",
            "name": "翎羽",
            "location": [
                3,
                1
            ],
            "direction": "Right"
        },
        {
            "type": "Deploy",
            "name": "蛇屠箱",
            "location": [
                8,
                3
            ],
            "cooling": 3,
            "direction": "Up"
        },
        {
            "type": "Deploy",
            "name": "玫兰莎",
            "location": [
                8,
                6
            ],
            "kills": 36,
            "direction": "Right"
        },
        {
            "type": "Retreat",
            "name": "障碍物",
            "location": [
                5,
                5
            ],
            "kills": 42,
            "pre_delay": 2000
        },
        {
            "type": "Deploy",
            "name": "障碍物",
            "location": [
                6,
                4
            ]
        },
        {
            "type": "Retreat",
            "name": "蛇屠箱"
        },
        {
            "type": "Skill",
            "name": "梓兰"
        },
        {
            "type": "Skill",
            "name": "阿米娅"
        },
        {
            "type": "Deploy",
            "name": "芬",
            "location": [
                3,
                4
            ],
            "direction": "Up"
        },
        {
            "type": "Retreat",
            "name": "芙蓉"
        },
        {
            "type": "Deploy",
            "name": "黑角",
            "location": [
                1,
                6
            ],
            "direction": "Up"
        },
        {
            "type": "Retreat",
            "name": "玫兰莎",
            "kills": 44
        },
        {
            "type": "Deploy",
            "name": "翎羽",
            "location": [
                2,
                6
            ],
            "direction": "Left"
        },
        {
            "type": "Retreat",
            "name": "障碍物",
            "location": [
                6,
                4
            ],
            "cooling": 4
        },
        {
            "type": "Deploy",
            "name": "障碍物",
            "location": [
                5,
                5
            ]
        },
        {
            "type": "Deploy",
            "name": "米格鲁",
            "location": [
                8,
                2
            ],
            "cooling": 3,
            "direction": "Up"
        },
        {
            "type": "Skill",
            "name": "炎熔",
            "pre_delay": 2000
        },
        {
            "type": "Skill",
            "name": "安赛尔"
        }
    ],
    "doc": {
        "title": "第二章 异卵同生 - 2-3 - 无罪推定",
        "details": "统计日期：2024-05-17\n好评率：64.29%  浏览量：359\n来源：聪明的刀客塔  ID：30558\n练度0"
    },
    "groups": [],
    "opers": [
        {
            "name": "芬",
            "skill": 1,
            "skill_usage": 0
        },
        {
            "name": "翎羽",
            "skill": 1,
            "skill_usage": 0
        },
        {
            "name": "玫兰莎",
            "skill": 1,
            "skill_usage": 0
        },
        {
            "name": "黑角",
            "skill": 1,
            "skill_usage": 0
        },
        {
            "name": "米格鲁",
            "skill": 1,
            "skill_usage": 0
        },
        {
            "name": "蛇屠箱",
            "skill": 1,
            "skill_usage": 0
        },
        {
            "name": "克洛丝",
            "skill": 1,
            "skill_usage": 0
        },
        {
            "name": "炎熔",
            "skill": 1,
            "skill_usage": 0
        },
        {
            "name": "阿米娅",
            "skill": 1,
            "skill_usage": 0
        },
        {
            "name": "安赛尔",
            "skill": 1,
            "skill_usage": 0
        },
        {
            "name": "芙蓉",
            "skill": 1,
            "skill_usage": 0
        },
        {
            "name": "梓兰",
            "skill": 1,
            "skill_usage": 0
        }
    ],
    "difficulty": 1
}