{
    "minimum_required": "v4.0.0",
    "stage_name": "mem_strong_1",
    "actions": [
        {
            "type": "SpeedUp"
        },
        {
            "type": "Deploy",
            "name": "孑",
            "location": [
                6,
                3
            ],
            "direction": "Right",
            "costs": 6
        },
        {
            "type": "Skill",
            "kills": 1,
            "name": "桃金娘",
            "location": [
                4,
                2
            ]
        },
        {
            "type": "Retreat",
            "name": "孑",
            "location": [
                6,
                3
            ],
            "kills": 2
        },
        {
            "type": "Deploy",
            "name": "克洛丝",
            "location": [
                5,
                4
            ],
            "costs": 12,
            "direction": "Up"
        },
        {
            "type": "Skill",
            "name": "杰西卡",
            "location": [
                6,
                2
            ]
        },
        {
            "type": "Deploy",
            "name": "史都华德",
            "location": [
                6,
                4
            ],
            "costs": 19,
            "direction": "Up"
        },
        {
            "type": "Deploy",
            "name": "孑",
            "location": [
                4,
                1
            ],
            "direction": "Right",
            "costs": 11
        },
        {
            "type": "Retreat",
            "location": [
                4,
                1
            ],
            "kills": 5
        },
        {
            "type": "Skill",
            "name": "桃金娘",
            "location": [
                4,
                2
            ],
            "kills": 5
        },
        {
            "type": "Deploy",
            "name": "孑",
            "location": [
                8,
                3
            ],
            "kills": 7,
            "direction": "Up"
        },
        {
            "type": "Retreat",
            "location": [
                8,
                3
            ],
            "pre_delay": 1000,
            "rear_delay": 0
        },
        {
            "type": "Skill",
            "name": "杰西卡",
            "location": [
                6,
                2
            ],
            "kills": 9
        },
        {
            "type": "Deploy",
            "name": "孑",
            "location": [
                4,
                3
            ],
            "kills": 12,
            "direction": "Left"
        },
        {
            "type": "Retreat",
            "name": "克洛丝",
            "location": [
                5,
                4
            ],
            "kills": 20
        }
    ],
    "doc": {
        "title": "特种 - 孑 - 业精于勤 悖论模拟",
        "details": "作业更新日期: 2023-06-09T15:59:22Z\n统计更新日期: 2025-02-09\n好评率：65.09%  浏览量：2556\n来源：纯简拉基池得  ID：23911\n孑悖论模拟，精二1级，二技能7级无需专精"
    },
    "groups": [],
    "opers": [
        {
            "name": "孑",
            "skill": 2,
            "skill_usage": 0
        },
        {
            "name": "桃金娘",
            "skill": 1,
            "skill_usage": 0
        },
        {
            "name": "杰西卡",
            "skill": 2,
            "skill_usage": 0
        },
        {
            "name": "克洛丝",
            "skill": 1,
            "skill_usage": 0
        },
        {
            "name": "史都华德",
            "skill": 1,
            "skill_usage": 0
        }
    ]
}