{
    "minimum_required": "v4.0.0",
    "stage_name": "mem_tiger_1",
    "actions": [
        {
            "type": "Deploy",
            "name": "因陀罗",
            "location": [
                5,
                2
            ],
            "direction": "Down"
        },
        {
            "type": "Deploy",
            "name": "阿消",
            "location": [
                1,
                4
            ],
            "direction": "Right"
        },
        {
            "type": "Skill",
            "name": "阿消",
            "kills": 31,
            "pre_delay": 500
        },
        {
            "type": "Skill",
            "name": "",
            "location": [
                6,
                3
            ],
            "pre_delay": 500
        },
        {
            "type": "Skill",
            "name": "阿消",
            "kills": 46,
            "pre_delay": 500
        },
        {
            "type": "Skill",
            "name": "",
            "location": [
                6,
                3
            ],
            "pre_delay": 500
        },
        {
            "type": "Skill",
            "name": "阿消",
            "kills": 58,
            "pre_delay": 700
        },
        {
            "type": "Skill",
            "name": "",
            "location": [
                6,
                3
            ],
            "pre_delay": 500
        },
        {
            "type": "Skill",
            "name": "因陀罗",
            "kills": 59
        },
        {
            "type": "Skill",
            "name": "阿消",
            "kills": 66,
            "pre_delay": 1000
        },
        {
            "type": "Skill",
            "name": "",
            "location": [
                6,
                3
            ],
            "pre_delay": 500
        },
        {
            "type": "Skill",
            "name": "阿消",
            "kills": 82,
            "pre_delay": 500
        },
        {
            "type": "Skill",
            "name": "",
            "location": [
                6,
                3
            ],
            "pre_delay": 500
        },
        {
            "type": "Skill",
            "name": "因陀罗",
            "kills": 83
        }
    ],
    "doc": {
        "title": "近卫 - 因陀罗 - 乘风追击",
        "details": "作业更新日期: 2024-02-07T13:03:09Z\n统计更新日期: 2024-11-24\n好评率：93.75%  浏览量：253\n来源：萨拉托加  ID：32651\n因陀罗悖论模拟\n测试等级：精二一级，其余等级未测试\n可能随maa截图速度等因素影响导致乱轴，没办法\nJSON作者萨拉托加\n作业交流群545928846，如果作业有问题可以加群找我，评论区不能及时回复，还可以去群里蹲我的新作业"
    },
    "groups": [],
    "opers": [
        {
            "name": "因陀罗",
            "skill": 2,
            "skill_usage": 0
        },
        {
            "name": "阿消",
            "skill": 2,
            "skill_usage": 0
        }
    ]
}