{
    "minimum_required": "v4.0.0",
    "stage_name": "mem_ghost_1",
    "actions": [
        {
            "type": "Deploy",
            "name": "幽灵鲨",
            "location": [
                4,
                3
            ],
            "direction": "Up"
        },
        {
            "type": "Deploy",
            "name": "克洛丝",
            "location": [
                6,
                1
            ],
            "direction": "Down"
        },
        {
            "type": "Deploy",
            "name": "杰西卡",
            "location": [
                2,
                1
            ],
            "direction": "Down"
        },
        {
            "type": "SpeedUp"
        },
        {
            "type": "Skill",
            "kills": 5,
            "name": "幽灵鲨",
            "location": [
                4,
                3
            ]
        },
        {
            "type": "Deploy",
            "name": "克洛丝",
            "location": [
                6,
                1
            ],
            "direction": "Down"
        },
        {
            "type": "SpeedUp"
        },
        {
            "type": "Deploy",
            "name": "杰西卡",
            "location": [
                2,
                1
            ],
            "direction": "Down"
        },
        {
            "type": "SpeedUp"
        }
    ],
    "doc": {
        "title": "幽灵鲨悖论模拟 - 1技能",
        "details": "作业更新日期: 2023-03-26T03:57:51Z\n统计更新日期: 2024-11-24\n好评率：90.0%  浏览量：3984\n来源：TristeCow墨殇  ID：21867\n最低练度要求：精2 - 30级 - 7级1技能（信赖100%）\nUp：倾九_Komy"
    },
    "groups": [],
    "opers": [
        {
            "name": "幽灵鲨",
            "skill": 1,
            "skill_usage": 0
        }
    ]
}