{
    "minimum_required": "v4.0.0",
    "stage_name": "mem_ling_1",
    "actions": [
        {
            "type": "SpeedUp"
        },
        {
            "type": "Deploy",
            "name": "令",
            "location": [
                8,
                2
            ],
            "direction": "Left"
        },
        {
            "type": "Deploy",
            "name": "“弦惊”",
            "location": [
                7,
                5
            ],
            "direction": "Up"
        },
        {
            "type": "Deploy",
            "name": "“弦惊”",
            "location": [
                7,
                1
            ],
            "direction": "Down"
        },
        {
            "type": "Skill",
            "location": [
                8,
                2
            ],
            "kills": 10
        },
        {
            "type": "Deploy",
            "name": "“弦惊”",
            "location": [
                7,
                2
            ],
            "direction": "Left"
        },
        {
            "type": "Deploy",
            "name": "“弦惊”",
            "location": [
                7,
                4
            ],
            "direction": "Left",
            "costs": 56
        },
        {
            "type": "Deploy",
            "name": "“弦惊”",
            "location": [
                9,
                3
            ],
            "direction": "Left",
            "kills": 20
        },
        {
            "type": "Skill",
            "location": [
                8,
                2
            ]
        },
        {
            "type": "SkillDaemon"
        }
    ],
    "doc": {
        "title": "令 - 悖论模拟 辅助 - 令 - 有无",
        "details": "——————————\n作业更新日期: 2025-05-04T02:07:49Z\n统计更新日期: 2025-10-16\n相对评分：96.43%  相对热度：92.4%\n来源：焕彩gg  ID：52223\n——————————\nB站ID：焕彩GG 主页：https://space.bilibili.com/10123796\n本作业已开启截图增强\n求关注。"
    },
    "groups": [],
    "opers": [
        {
            "name": "令",
            "skill": 3,
            "skill_usage": 0
        }
    ]
}