{
    "minimum_required": "v4.0.0",
    "stage_name": "mem_cerber_1",
    "actions": [
        {
            "type": "SpeedUp"
        },
        {
            "type": "Deploy",
            "name": "刻俄柏",
            "location": [
                4,
                4
            ],
            "direction": "Up"
        },
        {
            "type": "Deploy",
            "name": "杰西卡",
            "location": [
                2,
                4
            ],
            "direction": "Up"
        },
        {
            "type": "Skill",
            "name": "刻俄柏",
            "costs": 42
        },
        {
            "type": "Deploy",
            "name": "火神",
            "location": [
                3,
                4
            ],
            "direction": "Down",
            "costs": 0
        },
        {
            "type": "Skill",
            "name": "火神",
            "kills": 11
        },
        {
            "type": "Skill",
            "name": "火神",
            "kills": 19
        },
        {
            "type": "Skill",
            "name": "刻俄柏",
            "kills": 19
        }
    ],
    "doc": {
        "title": "术师 - 刻俄柏 - 打坏人的诀窍",
        "details": "统计日期：2024-05-05\n好评率：65.96%  浏览量：1557\n来源：【古米】  ID：28648\n打法自己想的，本来想用maa给小号写作业，结果发现没人写这关，感觉是需要使用补给站，作业编辑器没加入这东西不完善所以没人写，然后写了一个不需要补给站的打法(第一次写作业，用的自己的打法，测试无漏，万一漏了看我思路随便过，最后剩火神不是代理问题，没装置回转是个问题)，许愿作业越来越多，我这样的懒鬼就不需要动脑了...\n忘了说，小刻技能7级稳过。"
    },
    "groups": [],
    "opers": [
        {
            "name": "刻俄柏",
            "skill": 3,
            "skill_usage": 0
        },
        {
            "name": "杰西卡",
            "skill": 1,
            "skill_usage": 0
        },
        {
            "name": "火神",
            "skill": 1,
            "skill_usage": 0
        }
    ]
}