{
    "minimum_required": "v4.0.0",
    "stage_name": "mem_billro_1",
    "actions": [
        {
            "type": "SpeedUp"
        },
        {
            "type": "Deploy",
            "name": "卡涅利安",
            "location": [
                5,
                4
            ],
            "direction": "Up"
        },
        {
            "type": "Skill",
            "name": "卡涅利安",
            "location": [
                5,
                4
            ],
            "cost_changes": 60
        },
        {
            "type": "Deploy",
            "name": "阿",
            "location": [
                5,
                5
            ],
            "pre_delay": 10000,
            "direction": "Up"
        },
        {
            "type": "Skill",
            "name": "阿",
            "location": [
                5,
                5
            ],
            "pre_delay": 11000
        },
        {
            "type": "Skill",
            "name": "卡涅利安",
            "location": [
                5,
                4
            ],
            "pre_delay": 1000
        }
    ],
    "doc": {
        "title": "卡涅利安悖论模拟",
        "details": "统计日期：2024-05-05\n好评率：55.1%  浏览量：1180\n来源：maoyc  ID：29765\n卡涅利安悖论模拟 by：倾九_Komy\n视频链接：https://www.bilibili.com/video/BV1E14y1a7t3/?\n需要在选技能界面手动选好二技能再开始maa\n卡涅利安精二一级，技能7级\n已测试，MAA全自动"
    },
    "groups": [],
    "opers": [
        {
            "name": "卡涅利安",
            "skill": 3,
            "skill_usage": 0
        }
    ]
}