{
    "minimum_required": "v4.0.0",
    "stage_name": "mem_iris_1",
    "actions": [
        {
            "type": "Deploy",
            "name": "爱丽丝",
            "location": [
                1,
                3
            ],
            "direction": "Right"
        },
        {
            "type": "SpeedUp"
        },
        {
            "type": "Skill",
            "kills": 1,
            "pre_delay": 7000,
            "name": "爱丽丝"
        },
        {
            "type": "Skill",
            "name": "爱丽丝",
            "kills": 3,
            "pre_delay": 2500
        },
        {
            "type": "Skill",
            "name": "爱丽丝",
            "kills": 7,
            "pre_delay": 8500
        }
    ],
    "doc": {
        "title": "术师 - 爱丽丝 - 童话愿望",
        "details": "统计日期：2024-05-05\n好评率：81.82%  浏览量：645\n来源：一只摆烂的42  ID：24387\nhttps://www.bilibili.com/video/BV1R14y1c74G/\n练度精二35级 7级技能\n制作者：一只摆烂的42\n有问题联系QQ2586582719"
    },
    "groups": [],
    "opers": [
        {
            "name": "爱丽丝",
            "skill": 2,
            "skill_usage": 0
        }
    ]
}