{
    "minimum_required": "v4.0.0",
    "stage_name": "mem_amgoat_1",
    "actions": [
        {
            "type": "Deploy",
            "name": "艾雅法拉",
            "location": [
                5,
                3
            ],
            "direction": "Left"
        },
        {
            "type": "SpeedUp"
        },
        {
            "type": "Deploy",
            "name": "苇草",
            "location": [
                8,
                4
            ],
            "direction": "Up"
        },
        {
            "type": "Deploy",
            "name": "星极",
            "location": [
                2,
                2
            ],
            "direction": "Down",
            "costs": 21
        },
        {
            "type": "Skill",
            "name": "艾雅法拉",
            "location": [
                5,
                3
            ]
        },
        {
            "type": "Skill",
            "name": "苇草",
            "location": [
                8,
                4
            ],
            "kills": 5
        },
        {
            "type": "Deploy",
            "name": "古米",
            "location": [
                1,
                2
            ],
            "direction": "Down"
        },
        {
            "type": "Deploy",
            "name": "杰西卡",
            "location": [
                8,
                5
            ],
            "direction": "Left"
        },
        {
            "type": "SkillUsage",
            "name": "杰西卡",
            "skill_usage": 1
        },
        {
            "type": "SkillUsage",
            "name": "苇草",
            "skill_usage": 1
        },
        {
            "type": "Deploy",
            "name": "蛇屠箱",
            "location": [
                9,
                4
            ],
            "direction": "Down"
        },
        {
            "type": "Deploy",
            "name": "苏苏洛",
            "location": [
                8,
                6
            ],
            "direction": "Up"
        },
        {
            "type": "Deploy",
            "name": "调香师",
            "location": [
                2,
                1
            ],
            "direction": "Down"
        },
        {
            "type": "Skill",
            "name": "星极",
            "location": [
                2,
                2
            ],
            "kills": 30
        },
        {
            "type": "Skill",
            "name": "艾雅法拉",
            "location": [
                5,
                3
            ]
        }
    ],
    "doc": {
        "title": "术师 - 艾雅法拉 - 一个人的包围圈",
        "details": "统计日期：2024-05-05\n好评率：97.3%  浏览量：1234\n来源：柚子desu  ID：22501\n专3三级模组测试成功\n作者名：ZC\n参考视频https://www.bilibili.com/video/BV1Zh411Z7KB?p=10"
    },
    "groups": [],
    "opers": [
        {
            "name": "艾雅法拉",
            "skill": 3,
            "skill_usage": 0
        }
    ]
}