{
    "minimum_required": "v4.0.0",
    "stage_name": "main_02-08",
    "actions": [
        {
            "type": "SpeedUp"
        },
        {
            "type": "Deploy",
            "name": "能天使",
            "location": [
                6,
                2
            ],
            "direction": "Left"
        },
        {
            "type": "Deploy",
            "name": "煌",
            "location": [
                9,
                3
            ],
            "direction": "Left"
        },
        {
            "type": "Deploy",
            "name": "阿消",
            "location": [
                9,
                4
            ],
            "direction": "Down"
        }
    ],
    "doc": {
        "title": "阿消模组任务",
        "details": "——————————\n作业更新日期: 2024-12-04T12:39:18Z\n统计更新日期: 2025-06-17\n好评率：100.0%  浏览量：135\n来源：wwd29  ID：44220\n——————————\nhttps://www.bilibili.com/video/BV18M411s7U5"
    },
    "groups": [],
    "opers": [
        {
            "name": "能天使",
            "skill": 1,
            "skill_usage": 0
        },
        {
            "name": "阿消",
            "skill": 1,
            "skill_usage": 0
        },
        {
            "name": "煌",
            "skill": 2,
            "skill_usage": 0
        }
    ],
    "difficulty": 1
}