{
    "stage_name": "2-10",
    "opers": [
        {
            "name": "拉普兰德",
            "skill": 2
        },
        {
            "name": "煌",
            "skill": 2
        },
        {
            "name": "闪灵",
            "skill": 2
        },
        {
            "name": "鸿雪",
            "skill": 1
        }
    ],
    "groups": [],
    "actions": [
        {
            "name": "",
            "type": "SpeedUp"
        },
        {
            "name": "拉普兰德",
            "type": "Deploy",
            "location": [
                6,
                5
            ],
            "direction": "Right"
        },
        {
            "name": "煌",
            "type": "Deploy",
            "location": [
                4,
                5
            ],
            "direction": "Right"
        },
        {
            "name": "鸿雪",
            "type": "Deploy",
            "location": [
                2,
                3
            ],
            "direction": "Right"
        },
        {
            "name": "闪灵",
            "type": "Deploy",
            "location": [
                3,
                6
            ],
            "direction": "Up"
        },
        {
            "name": "“打字机”",
            "type": "Deploy",
            "location": [
                3,
                2
            ],
            "direction": "Left",
            "kills": 22
        }
    ],
    "minimum_required": "v4.0.0",
    "doc": {
        "title": "鸿雪模组任务",
        "details": "——————————\n作业更新日期: 2023-02-18T00:53:47Z\n统计更新日期: 2025-06-19\n好评率：72.41%  浏览量：1083\n来源：作业代传——有问题联系原作者  ID：20825\n——————————\nBV18B4y157Lg\nUP主：侬无言以对\n拉煌专三"
    }
}