{
  "minimum_required": "v4.0.0",
  "stage_name": "act26side_05",
  "actions": [
    {
      "type": "SpeedUp"
    },
    {
      "type": "Deploy",
      "name": "煌",
      "location": [
        3,
        3
      ],
      "direction": "Down"
    },
    {
      "type": "Deploy",
      "name": "塞雷娅",
      "location": [
        2,
        5
      ],
      "direction": "Right"
    },
    {
      "type": "Deploy",
      "name": "备用木材",
      "location": [
        6,
        5
      ],
      "direction": "None"
    },
    {
      "type": "Deploy",
      "name": "备用木材",
      "location": [
        4,
        3
      ],
      "direction": "None"
    },
    {
      "type": "Deploy",
      "name": "山",
      "location": [
        9,
        3
      ],
      "direction": "Up",
      "costs": 15
    },
    {
      "type": "SkillDaemon",
      "doc": "有帮助的话 点个好评吧~",
      "doc_color": "DarkRed"
    }
  ],
  "doc": {
    "title": "空想花庭 HE-5 萧然Q攻略 摆完挂机",
    "details": "攻略作者：萧然Q https://www.bilibili.com/video/BV13P411Q74r/ 记得去b站给萧然宝贝点赞三连\njson作者：鱼丸 有问题请点踩然后在评论区反馈\n连接模式请使用minitouch或者maatouch，本json不兼容兼容模式:-)\n平均练度 2603 \n已测试"
  },
  "groups": [],
  "opers": [
    {
      "name": "山",
      "skill": 2,
      "skill_usage": 2
    },
    {
      "name": "塞雷娅",
      "skill": 2,
      "skill_usage": 0
    },
    {
      "name": "煌",
      "skill": 2,
      "skill_usage": 0
    }
  ]
}