{
  "minimum_required": "v4.0.0",
  "stage_name": "act26side_ex05",
  "actions": [
    {
      "type": "SpeedUp"
    },
    {
      "type": "Deploy",
      "name": "煌",
      "location": [
        6,
        5
      ],
      "direction": "Left"
    },
    {
      "type": "Deploy",
      "name": "山",
      "location": [
        5,
        3
      ],
      "direction": "Up"
    },
    {
      "type": "Deploy",
      "name": "塞雷娅",
      "location": [
        5,
        5
      ],
      "direction": "Left",
      "costs": 23
    },
    {
      "type": "Deploy",
      "name": "备用木材",
      "location": [
        4,
        3
      ],
      "direction": "None",
      "costs": 12
    },
    {
      "type": "Deploy",
      "name": "备用木材",
      "location": [
        2,
        6
      ],
      "direction": "None",
      "costs": 14
    },
    {
      "type": "SkillDaemon",
      "doc": "有帮助的话 点个好评吧~",
      "doc_color": "DarkRed"
    }
  ],
  "doc": {
    "title": "空想花庭 HE-EX-5突袭 新版 萧然Q攻略 摆完挂机",
    "details": "攻略作者：萧然Q https://www.bilibili.com/video/BV13P411Q74r/ 记得去b站给萧然宝贝点赞三连\njson作者：鱼丸 有问题请点踩然后在评论区反馈 评论区不解决maa问题 谢谢理解\n需要上下位替代可以自己下载json进行修改\n连接模式请使用minitouch或者maatouch，本json不兼容ADB Input模式:-)\n平均练度 2603 \n测了 过了"
  },
  "groups": [],
  "opers": [
    {
      "name": "山",
      "skill": 2,
      "skill_usage": 2
    },
    {
      "name": "塞雷娅",
      "skill": 1,
      "skill_usage": 0
    },
    {
      "name": "煌",
      "skill": 2,
      "skill_usage": 0
    }
  ]
}