{
  "minimum_required": "v4.0.0",
  "stage_name": "act26side_ex06",
  "actions": [
    {
      "type": "SpeedUp"
    },
    {
      "type": "Deploy",
      "name": "桃金娘",
      "location": [
        4,
        2
      ],
      "direction": "Right"
    },
    {
      "type": "Deploy",
      "name": "艾雅法拉",
      "location": [
        4,
        3
      ],
      "direction": "Right"
    },
    {
      "type": "Deploy",
      "name": "塞雷娅",
      "location": [
        6,
        2
      ],
      "direction": "Down",
      "costs": 22
    },
    {
      "type": "Deploy",
      "name": "煌",
      "location": [
        6,
        1
      ],
      "direction": "Down"
    },
    {
      "type": "Deploy",
      "name": "奶盾",
      "location": [
        10,
        2
      ],
      "direction": "Down"
    },
    {
      "type": "Deploy",
      "name": "备用木材",
      "location": [
        8,
        7
      ],
      "direction": "None"
    },
    {
      "type": "Deploy",
      "name": "泥岩",
      "location": [
        1,
        6
      ],
      "direction": "Down",
      "costs": 45
    },
    {
      "type": "Deploy",
      "name": "伊芙利特",
      "location": [
        1,
        3
      ],
      "direction": "Down"
    },
    {
      "type": "SkillUsage",
      "name": "桃金娘",
      "skill_usage": 0
    },
    {
      "type": "SkillDaemon",
      "doc": "有帮助的话 点个好评吧~",
      "doc_color": "DarkRed"
    }
  ],
  "doc": {
    "title": "空想花庭 HE-EX-6突袭 萧然Q攻略 摆完挂机",
    "details": "攻略作者：萧然Q https://www.bilibili.com/video/BV13P411Q74r/ 记得去b站给萧然宝贝点赞三连\njson作者：鱼丸 有问题请点踩然后在评论区反馈 评论区不解决maa问题 谢谢理解\n需要上下位替代可以自己下载json进行修改\n连接模式请使用minitouch或者maatouch，本json不兼容ADB Input模式:-)\n平均练度 2603 \n测了 过了"
  },
  "groups": [
    {
      "name": "奶盾",
      "opers": [
        {
          "name": "古米",
          "skill": 1,
          "skill_usage": 0
        },
        {
          "name": "临光",
          "skill": 1,
          "skill_usage": 0
        }
      ]
    }
  ],
  "opers": [
    {
      "name": "塞雷娅",
      "skill": 1,
      "skill_usage": 0
    },
    {
      "name": "煌",
      "skill": 2,
      "skill_usage": 0
    },
    {
      "name": "桃金娘",
      "skill": 1,
      "skill_usage": 1
    },
    {
      "name": "泥岩",
      "skill": 2,
      "skill_usage": 0
    },
    {
      "name": "艾雅法拉",
      "skill": 2,
      "skill_usage": 0
    },
    {
      "name": "伊芙利特",
      "skill": 2,
      "skill_usage": 0
    }
  ]
}