{
    "minimum_required": "v4.0.0",
    "stage_name": "act12d0_08",
    "actions": [
        {
            "type": "Deploy",
            "name": "令",
            "location": [
                9,
                2
            ],
            "direction": "Left"
        },
        {
            "type": "Deploy",
            "name": "“弦惊”",
            "location": [
                10,
                1
            ],
            "direction": "Left"
        },
        {
            "type": "SpeedUp"
        },
        {
            "type": "Deploy",
            "name": "“弦惊”",
            "location": [
                5,
                6
            ],
            "direction": "Left"
        },
        {
            "type": "Skill",
            "name": "令",
            "location": [
                9,
                2
            ],
            "kills": 15
        },
        {
            "type": "Deploy",
            "name": "“弦惊”",
            "location": [
                6,
                6
            ],
            "direction": "Left",
            "kills": 19
        },
        {
            "type": "Deploy",
            "name": "“弦惊”",
            "location": [
                9,
                1
            ],
            "direction": "Left"
        },
        {
            "type": "Deploy",
            "name": "“弦惊”",
            "location": [
                4,
                6
            ],
            "direction": "Left",
            "kills": 25
        },
        {
            "type": "Skill",
            "name": "令",
            "location": [
                9,
                2
            ]
        },
        {
            "type": "SkillUsage",
            "name": "令",
            "skill_usage": 1
        },
        {
            "type": "Deploy",
            "name": "“弦惊”",
            "location": [
                3,
                6
            ],
            "direction": "Right"
        },
        {
            "type": "Deploy",
            "name": "“弦惊”",
            "location": [
                8,
                2
            ],
            "direction": "Up"
        },
        {
            "type": "SkillDaemon"
        }
    ],
    "doc": {
        "title": "密林悍将归来·复刻 - RI-8 - 嘉维尔之拳",
        "details": "作业更新日期: 2024-01-31T11:32:36Z\n统计更新日期: 2024-07-24\n好评率：89.29%  浏览量：343\n来源：小卡拉帕鲁灰🐖  ID：32400\n\nRI-令"
    },
    "groups": [],
    "opers": [
        {
            "name": "令",
            "skill": 3,
            "skill_usage": 0
        }
    ]
}