{
    "minimum_required": "v4.0",
    "doc": {
        "title": "【密林悍将】RI-EX-2突袭三人",
        "details": "UP：萧然Q\n原视频：https://www.bilibili.com/video/av334288246\n有问题联系制作者QQ2586582719"
    },
    "stage_name": "act12d0_ex02",
    "opers": [
        {
            "name": "煌",
            "skill": 2,
            "skill_usage": 0
        },
        {
            "name": "塞雷娅",
            "skill": 1,
            "skill_usage": 0
        },
        {
            "name": "能天使",
            "skill": 1,
            "skill_usage": 0
        }
    ],
    "actions": [
        {
            "type": "二倍速",
            "name": ""
        },
        {
            "type": "部署",
            "name": "能天使",
            "location": [
                9,
                4
            ],
            "direction": "左"
        },
        {
            "type": "部署",
            "name": "塞雷娅",
            "location": [
                8,
                3
            ],
            "direction": "左"
        },
        {
            "type": "部署",
            "name": "煌",
            "location": [
                7,
                3
            ],
            "direction": "左"
        }
    ]
}