{
    "minimum_required": "v4.0.0",
    "doc": {
        "title": "【密林悍将】RI-EX-8突袭（优化）",
        "details": "作业更新日期: 2024-02-28T15:44:58Z\n统计更新日期: 2024-07-24\n好评率：95.83%  浏览量：570\n来源：梦游boy  ID：34077\n\nUP：萧然Q\n原视频：https://www.bilibili.com/video/av334288246\n有问题联系制作者QQ2586582719\n版本：V3.5"
    },
    "stage_name": "act12d0_ex08",
    "opers": [
        {
            "name": "德克萨斯",
            "skill": 2,
            "skill_usage": 1
        },
        {
            "name": "百炼嘉维尔",
            "skill": 2,
            "skill_usage": 1
        },
        {
            "name": "棘刺",
            "skill": 3,
            "skill_usage": 2,
            "skill_times": 2
        },
        {
            "name": "塞雷娅",
            "skill": 1,
            "skill_usage": 0
        },
        {
            "name": "铃兰",
            "skill": 3,
            "skill_usage": 0
        },
        {
            "name": "史尔特尔",
            "skill": 3,
            "skill_usage": 0
        },
        {
            "name": "黍",
            "skill": 1,
            "skill_usage": 0
        }
    ],
    "actions": [
        {
            "type": "Deploy",
            "name": "德克萨斯",
            "location": [
                2,
                3
            ],
            "direction": "Right"
        },
        {
            "type": "Deploy",
            "name": "棘刺",
            "location": [
                1,
                4
            ],
            "direction": "Right"
        },
        {
            "type": "Deploy",
            "name": "百炼嘉维尔",
            "location": [
                3,
                3
            ],
            "direction": "Down"
        },
        {
            "type": "SpeedUp",
            "name": ""
        },
        {
            "type": "Retreat",
            "name": "德克萨斯",
            "location": [
                2,
                3
            ]
        },
        {
            "type": "Deploy",
            "name": "塞雷娅",
            "location": [
                2,
                3
            ],
            "direction": "Right"
        },
        {
            "type": "Deploy",
            "name": "史尔特尔",
            "location": [
                3,
                6
            ],
            "direction": "Up"
        },
        {
            "type": "Deploy",
            "name": "罗德岛临时雇员",
            "location": [
                8,
                6
            ],
            "direction": "Up"
        },
        {
            "type": "Deploy",
            "name": "黍",
            "location": [
                2,
                4
            ],
            "direction": "Right"
        },
        {
            "type": "Skill",
            "kills": 27,
            "name": "史尔特尔"
        },
        {
            "type": "Deploy",
            "kills": 31,
            "name": "铃兰",
            "location": [
                8,
                5
            ],
            "direction": "Right"
        },
        {
            "type": "Skill",
            "kills": 33,
            "name": "铃兰",
            "pre_delay": 500
        },
        {
            "type": "Deploy",
            "name": "任意快活",
            "location": [
                9,
                5
            ],
            "direction": "Right"
        },
        {
            "type": "Retreat",
            "name": "黍",
            "location": [
                2,
                4
            ],
            "kills": 52
        },
        {
            "type": "SkillDaemon"
        }
    ],
    "groups": [
        {
            "name": "任意快活",
            "opers": [
                {
                    "name": "耀骑士临光",
                    "skill": 2,
                    "skill_usage": 0
                },
                {
                    "name": "红",
                    "skill": 2,
                    "skill_usage": 0
                }
            ]
        }
    ],
    "difficulty": 3
}