{
  "minimum_required": "v4.0.0",
  "stage_name": "act12d0_07",
  "actions": [
    {
      "type": "Deploy",
      "name": "芬",
      "location": [
        1,
        3
      ],
      "direction": "Up"
    },
    {
      "type": "Deploy",
      "name": "夜刀",
      "location": [
        2,
        6
      ],
      "direction": "Up"
    },
    {
      "type": "Deploy",
      "name": "令",
      "location": [
        4,
        2
      ],
      "direction": "Left"
    },
    {
      "type": "SpeedUp"
    },
    {
      "type": "Deploy",
      "name": "“弦惊”",
      "location": [
        1,
        5
      ],
      "direction": "Right"
    },
    {
      "type": "Deploy",
      "name": "“弦惊”",
      "location": [
        9,
        3
      ],
      "direction": "Left"
    },
    {
      "type": "Deploy",
      "name": "“弦惊”",
      "location": [
        9,
        4
      ],
      "direction": "Up"
    },
    {
      "type": "Deploy",
      "name": "“弦惊”",
      "location": [
        1,
        6
      ],
      "direction": "Up"
    },
    {
      "type": "Deploy",
      "name": "“弦惊”",
      "location": [
        2,
        4
      ],
      "direction": "Down"
    },
    {
      "type": "SkillDaemon"
    }
  ],
  "doc": {
    "title": "密林悍将归来·复刻 - RI-7 - 有客先来",
    "details": "RI-令"
  },
  "groups": [],
  "opers": [
    {
      "name": "令",
      "skill": 3,
      "skill_usage": 1
    },
    {
      "name": "芬",
      "skill": 1,
      "skill_usage": 0
    },
    {
      "name": "夜刀",
      "skill": 1,
      "skill_usage": 0
    }
  ]
}