{
  "minimum_required": "v4.0.0",
  "stage_name": "main_08-03",
  "actions": [
    {
      "type": "SpeedUp"
    },
    {
      "type": "Deploy",
      "name": "嵯峨",
      "location": [
        2,
        6
      ],
      "direction": "Right"
    },
    {
      "type": "Deploy",
      "name": "推进之王",
      "location": [
        4,
        5
      ],
      "direction": "Left"
    },
    {
      "type": "Deploy",
      "name": "煌",
      "location": [
        2,
        4
      ],
      "direction": "Right"
    },
    {
      "type": "SkillDaemon"
    }
  ],
  "doc": {
    "title": "第八章 怒号光明 - R8-3 - 麦秆，极易燃烧",
    "details": "原作者：樱夜计划\nBV1Wq4y1G7sG\n\nyc.exe"
  },
  "groups": [],
  "opers": [
    {
      "name": "煌",
      "skill": 2,
      "skill_usage": 0
    },
    {
      "name": "嵯峨",
      "skill": 2,
      "skill_usage": 1
    },
    {
      "name": "推进之王",
      "skill": 2,
      "skill_usage": 0
    }
  ]
}