{
    "minimum_required": "v4.0.0",
    "stage_name": "wk_toxic_5",
    "actions": [
        {
            "type": "SpeedUp"
        },
        {
            "type": "Deploy",
            "name": "歌蕾蒂娅",
            "location": [
                2,
                4
            ],
            "direction": "Up"
        },
        {
            "type": "Deploy",
            "name": "奶盾",
            "location": [
                7,
                1
            ],
            "direction": "Down"
        },
        {
            "type": "Deploy",
            "name": "泥岩饼干",
            "location": [
                3,
                5
            ],
            "direction": "Up"
        },
        {
            "type": "Output",
            "doc_color": "DeepSkyBlue",
            "doc": "摆完挂机，给个好评谢谢喵~"
        },
        {
            "type": "SkillDaemon"
        }
    ],
    "doc": {
        "title": "AP-5 - 3人可替刷红票",
        "details": "作业更新日期: 2024-06-28T05:56:47Z\n统计更新日期: 2024-07-06\n好评率：82.35%  浏览量：906\n来源：Li.zip  ID：24593\n【明日方舟】三人AP-5摆完挂机_哔哩哔哩bilibili_明日方舟 https://www.bilibili.com/video/av694205688?\n【明日方舟】三人AP-5摆完挂机_哔哩哔哩bilibili_明日方舟 https://www.bilibili.com/video/av991867959?\n"
    },
    "groups": [
        {
            "name": "奶盾",
            "opers": [
                {
                    "name": "归溟幽灵鲨",
                    "skill": 2,
                    "skill_usage": 0
                },
                {
                    "name": "山",
                    "skill": 2,
                    "skill_usage": 2
                },
                {
                    "name": "塞雷娅",
                    "skill": 1,
                    "skill_usage": 0
                },
                {
                    "name": "黍",
                    "skill": 1,
                    "skill_usage": 0
                }
            ]
        },
        {
            "name": "泥岩饼干",
            "opers": [
                {
                    "name": "乌尔比安",
                    "skill": 2,
                    "skill_usage": 0
                },
                {
                    "name": "泥岩",
                    "skill": 2,
                    "skill_usage": 0
                }
            ]
        }
    ],
    "opers": [
        {
            "name": "歌蕾蒂娅",
            "skill": 1,
            "skill_usage": 0
        }
    ]
}