{
    "minimum_required": "v4.0.0",
    "actions": [
        {
            "type": "SpeedUp"
        },
        {
            "type": "Deploy",
            "name": "塞雷娅",
            "location": [
                9,
                5
            ],
            "direction": "Left"
        },
        {
            "type": "Deploy",
            "name": "银灰",
            "location": [
                1,
                5
            ],
            "direction": "Up"
        },
        {
            "type": "Deploy",
            "name": "斯卡蒂",
            "location": [
                8,
                5
            ],
            "direction": "Left"
        },
        {
            "type": "Output",
            "doc_color": "#6f42c1",
            "doc": "给个好评吧，亲~"
        }
    ],
    "doc": {
        "title": "斯卡蒂模组摆完挂机-往日残梦",
        "details": "——————————\n作业更新日期: 2023-02-18T00:53:51Z\n统计更新日期: 2025-07-29\n相对评分：100.0%  相对热度：100.0%\n来源：作业代传——有问题联系原作者  ID：20958\n——————————\n侬无言以对模组任务摆完挂机合集:BV1wU4y177Qu\n3星通关别传GT-4；必须编入非助战斯卡蒂并上场，且使用斯卡蒂歼灭至少2个伐木机\n筱竹聽雨"
    },
    "groups": [],
    "opers": [
        {
            "name": "塞雷娅",
            "skill": 1,
            "skill_usage": 0
        },
        {
            "name": "银灰",
            "skill": 1,
            "skill_usage": 0
        },
        {
            "name": "斯卡蒂",
            "skill": 1,
            "skill_usage": 0
        }
    ],
    "stage_name": "a001_04"
}