{
    "minimum_required": "v4.0.0",
    "stage_name": "main_11-11",
    "actions": [
        {
            "type": "SpeedUp"
        },
        {
            "type": "Deploy",
            "name": "煌",
            "location": [
                2,
                4
            ],
            "direction": "Up"
        },
        {
            "type": "Deploy",
            "name": "黍",
            "direction": "Up",
            "location": [
                2,
                3
            ]
        },
        {
            "type": "Deploy",
            "name": "夜莺",
            "location": [
                1,
                3
            ],
            "direction": "Right"
        },
        {
            "type": "Deploy",
            "name": "艾雅法拉",
            "location": [
                1,
                2
            ],
            "direction": "Right"
        },
        {
            "type": "SkillDaemon"
        }
    ],
    "doc": {
        "title": "<模组>煌 11-13（标准）",
        "details": "——————————\n作业更新日期: 2025-07-01T00:14:34Z\n统计更新日期: 2025-07-16\n好评率：100.0%  浏览量：48\n来源：appleji100  ID：61839\n——————————\n人均精二60起步，技能专三\nBV1t841127G4"
    },
    "groups": [],
    "opers": [
        {
            "name": "煌",
            "skill": 2,
            "skill_usage": 0
        },
        {
            "name": "艾雅法拉",
            "skill": 2,
            "skill_usage": 0
        },
        {
            "name": "夜莺",
            "skill": 2,
            "skill_usage": 0
        },
        {
            "name": "黍",
            "skill": 1,
            "skill_usage": 0
        }
    ]
}