{
    "minimum_required": "v4.0.0",
    "stage_name": "main_11-09",
    "actions": [
        {
            "type": "SpeedUp",
            "cost_changes": 1
        },
        {
            "type": "Deploy",
            "name": "黍",
            "location": [
                8,
                3
            ],
            "direction": "Left",
            "costs": 22
        },
        {
            "type": "Deploy",
            "name": "煌",
            "location": [
                9,
                3
            ],
            "direction": "Left",
            "costs": 24
        },
        {
            "type": "Deploy",
            "name": "泥岩",
            "location": [
                8,
                5
            ],
            "direction": "Left",
            "costs": 36
        }
    ],
    "doc": {
        "title": "11-11 黍模组任务，3干员摆完挂机，本人亲测可用。",
        "details": "——————————\n作业更新日期: 2024-02-07T12:15:14Z\n统计更新日期: 2025-11-06\n相对评分：100.0%  相对热度：100.0%\n来源：风灵幻影  ID：32647\n——————————\n来自B站213乖乖up主，有用的话可以给个赞么。"
    },
    "groups": [],
    "opers": [
        {
            "name": "黍",
            "skill": 1,
            "skill_usage": 0
        },
        {
            "name": "煌",
            "skill": 2,
            "skill_usage": 0
        },
        {
            "name": "泥岩",
            "skill": 2,
            "skill_usage": 0
        }
    ]
}