{
    "minimum_required": "v4.0.0",
    "stage_name": "mem_f12yin_1",
    "actions": [
        {
            "type": "SpeedUp"
        },
        {
            "type": "Deploy",
            "name": "山",
            "location": [
                6,
                3
            ],
            "direction": "Left"
        },
        {
            "type": "Deploy",
            "name": "白面鸮",
            "location": [
                4,
                5
            ],
            "direction": "Right"
        },
        {
            "type": "Skill",
            "name": "白面鸮",
            "location": [
                4,
                5
            ],
            "kills": 41,
            "pre_delay": 11500
        },
        {
            "type": "Skill",
            "location": [
                5,
                5
            ],
            "pre_delay": 1000
        },
        {
            "type": "Skill",
            "location": [
                5,
                1
            ],
            "pre_delay": 1000
        },
        {
            "type": "Skill",
            "name": "山",
            "location": [
                6,
                3
            ]
        }
    ],
    "doc": {
        "title": "近卫 - 山 - 不动如山",
        "details": "——————————\n作业更新日期: 2023-08-06T06:07:21Z\n统计更新日期: 2025-09-08\n相对评分：85.71%  相对热度：90.33%\n来源：qwq1  ID：25199\n——————————\n3技能 7级技能 自己试了五次都过了"
    },
    "groups": [],
    "opers": [
        {
            "name": "山",
            "skill": 3,
            "skill_usage": 1
        }
    ]
}