{
    "minimum_required": "v4.0.0",
    "stage_name": "mem_svrash_1",
    "actions": [
        {
            "type": "Deploy",
            "name": "银灰",
            "costs": 20,
            "location": [
                5,
                1
            ],
            "direction": "Down"
        },
        {
            "type": "SpeedUp",
            "costs": 1
        },
        {
            "type": "Deploy",
            "name": "障碍物",
            "location": [
                6,
                1
            ],
            "direction": "Down",
            "costs": 5
        },
        {
            "type": "Deploy",
            "name": "梓兰",
            "location": [
                7,
                2
            ],
            "direction": "Left",
            "costs": 10
        },
        {
            "type": "Skill",
            "name": "银灰",
            "location": [
                5,
                1
            ],
            "cooling": 0,
            "costs": 16
        },
        {
            "type": "Deploy",
            "costs": 5,
            "kills": 13,
            "name": "障碍物",
            "direction": "Down",
            "location": [
                3,
                4
            ]
        },
        {
            "type": "Skill",
            "name": "梓兰",
            "location": [
                7,
                2
            ],
            "kills": 15
        },
        {
            "type": "Deploy",
            "direction": "Down",
            "costs": 5,
            "kills": 22,
            "name": "障碍物",
            "location": [
                5,
                2
            ]
        },
        {
            "type": "Skill",
            "name": "银灰",
            "pre_delay": 12000
        }
    ],
    "doc": {
        "title": "近卫 - 银灰 - 睥睨",
        "details": "——————————\n作业更新日期: 2025-08-29T15:48:25Z\n统计更新日期: 2025-09-06\n相对评分：100.0%  相对热度：100.0%\n来源：Yao__  ID：66545\n——————————\n近卫 - 银灰 - 睥睨\n银灰精二60  三技能"
    },
    "groups": [],
    "opers": [
        {
            "name": "银灰",
            "skill": 3,
            "skill_usage": 0
        },
        {
            "name": "梓兰",
            "skill": 1,
            "skill_usage": 0
        },
        {
            "name": "障碍物",
            "skill": 1,
            "skill_usage": 0
        }
    ]
}