{
  "minimum_required": "v4.0.0",
  "actions": [
    {
      "type": "Deploy",
      "name": "桃金娘",
      "location": [
        1,
        4
      ],
      "direction": "Right"
    },
    {
      "type": "SpeedUp"
    },
    {
      "type": "Deploy",
      "name": "伺夜",
      "location": [
        3,
        4
      ],
      "direction": "Down"
    },
    {
      "type": "Deploy",
      "name": "狼群",
      "location": [
        3,
        6
      ],
      "direction": "Right"
    },
    {
      "type": "Deploy",
      "name": "煌",
      "location": [
        2,
        4
      ],
      "direction": "Down"
    },
    {
      "type": "Deploy",
      "name": "元素奶",
      "location": [
        3,
        5
      ],
      "direction": "Left"
    },
    {
      "type": "Deploy",
      "name": "群奶",
      "location": [
        9,
        4
      ],
      "direction": "Right"
    },
    {
      "type": "Deploy",
      "name": "艾雅法拉",
      "location": [
        9,
        5
      ],
      "direction": "Up"
    },
    {
      "type": "Deploy",
      "name": "塞雷娅",
      "location": [
        10,
        3
      ],
      "direction": "Down"
    },
    {
      "type": "Deploy",
      "name": "Lancet-2",
      "location": [
        2,
        3
      ],
      "direction": "Down"
    },
    {
      "type": "Deploy",
      "name": "盾",
      "location": [
        11,
        4
      ],
      "direction": "Left"
    },
    {
      "type": "Deploy",
      "name": "棘刺（玛恩纳）",
      "location": [
        9,
        2
      ],
      "direction": "Down"
    },
    {
      "type": "SkillDaemon",
      "kills": 18
    }
  ],
  "doc": {
    "title": "FC-EX-8"
  },
  "groups": [
    {
      "name": "群奶",
      "opers": [
        {
          "name": "夜莺",
          "skill": 2,
          "skill_usage": 0
        }
      ]
    },
    {
      "name": "盾",
      "opers": [
        {
          "name": "年",
          "skill": 2,
          "skill_usage": 1
        },
        {
          "name": "星熊",
          "skill": 2,
          "skill_usage": 0
        },
        {
          "name": "泥岩",
          "skill": 2,
          "skill_usage": 0
        }
      ]
    },
    {
      "name": "元素奶",
      "opers": [
        {
          "name": "蜜莓",
          "skill": 1,
          "skill_usage": 0
        },
        {
          "name": "桑葚",
          "skill": 1,
          "skill_usage": 0
        }
      ]
    },
    {
      "name": "棘刺（玛恩纳）",
      "opers": [
        {
          "name": "玛恩纳",
          "skill": 3,
          "skill_usage": 1
        },
        {
          "name": "棘刺",
          "skill": 3,
          "skill_usage": 1
        }
      ]
    }
  ],
  "opers": [
    {
      "name": "煌",
      "skill": 2,
      "skill_usage": 0
    },
    {
      "name": "塞雷娅",
      "skill": 1,
      "skill_usage": 0
    },
    {
      "name": "桃金娘",
      "skill": 1,
      "skill_usage": 1
    },
    {
      "name": "艾雅法拉",
      "skill": 2,
      "skill_usage": 0
    },
    {
      "name": "伺夜",
      "skill": 1,
      "skill_usage": 0
    },
    {
      "name": "Lancet-2",
      "skill": 1,
      "skill_usage": 0
    }
  ],
  "stage_name": "FC-EX-8",
  "difficulty": 2
}