{
    "minimum_required": "v4.0.0",
    "stage_name": "act34side_06",
    "actions": [
        {
            "type": "Deploy",
            "name": "小帮手",
            "location": [
                7,
                3
            ],
            "direction": "Right"
        },
        {
            "type": "Deploy",
            "name": "小帮手",
            "location": [
                9,
                2
            ],
            "direction": "Right"
        },
        {
            "type": "Deploy",
            "name": "奶盾",
            "location": [
                7,
                4
            ],
            "direction": "Up"
        },
        {
            "type": "Deploy",
            "name": "小帮手",
            "location": [
                7,
                5
            ],
            "direction": "Right"
        },
        {
            "type": "SpeedUp"
        },
        {
            "type": "Deploy",
            "name": "小帮手",
            "location": [
                7,
                5
            ],
            "direction": "Right"
        },
        {
            "type": "Deploy",
            "name": "煌",
            "location": [
                7,
                5
            ],
            "direction": "Up"
        },
        {
            "type": "SkillDaemon"
        }
    ],
    "doc": {
        "title": "生路 - BP-6 - 阿戈尔失格",
        "details": "作业更新日期: 2024-06-05T11:33:49Z\n统计更新日期: 2024-06-28\n好评率：98.79%  浏览量：28863\n来源：萨拉托加  ID：38310\njson作者萨拉托加\n作业交流群群号216314927，有问题进群，作业站消息没提醒看不到"
    },
    "groups": [
        {
            "name": "奶盾",
            "opers": [
                {
                    "name": "塞雷娅",
                    "skill": 1,
                    "skill_usage": 0
                },
                {
                    "name": "黍",
                    "skill": 1,
                    "skill_usage": 0
                }
            ]
        }
    ],
    "opers": [
        {
            "name": "煌",
            "skill": 2,
            "skill_usage": 0
        },
        {
            "name": "德克萨斯",
            "skill": 1,
            "skill_usage": 0
        }
    ]
}