{
    "minimum_required": "v4.0.0",
    "stage_name": "act34side_07",
    "actions": [
        {
            "type": "Deploy",
            "name": "维什戴尔",
            "location": [
                9,
                4
            ],
            "direction": "Left"
        },
        {
            "type": "SpeedUp"
        },
        {
            "type": "SkillUsage",
            "kills": 18,
            "name": "维什戴尔",
            "skill_usage": 2,
            "skill_times": 1
        },
        {
            "type": "SkillDaemon"
        }
    ],
    "doc": {
        "title": "生路 - BP-7 - 从历史中来 EW单核",
        "details": "作业更新日期: 2024-06-05T11:45:51Z\n统计更新日期: 2024-06-28\n好评率：98.22%  浏览量：30152\n来源：萨拉托加  ID：38313\njson作者萨拉托加\n作业交流群群号216314927，有问题进群，作业站消息没提醒看不到"
    },
    "groups": [],
    "opers": [
        {
            "skill_times": 1,
            "name": "维什戴尔",
            "skill": 3,
            "skill_usage": 2
        }
    ]
}