{
    "minimum_required": "v4.0.0",
    "stage_name": "act34side_07",
    "actions": [
        {
            "type": "SpeedUp"
        },
        {
            "type": "Deploy",
            "name": "号角",
            "location": [
                9,
                3
            ],
            "direction": "Left"
        },
        {
            "type": "Deploy",
            "name": "逻各斯",
            "location": [
                9,
                4
            ],
            "direction": "Left"
        },
        {
            "type": "SkillDaemon"
        }
    ],
    "doc": {
        "title": "生路 - BP-7 - 从历史中来",
        "details": "作业更新日期: 2024-06-09T17:41:00Z\n统计更新日期: 2024-06-28\n好评率：98.25%  浏览量：1045\n来源：godpwp  ID：38334\n生路 - BP-7 - 从历史中来"
    },
    "groups": [],
    "opers": [
        {
            "name": "逻各斯",
            "skill": 1,
            "skill_usage": 0
        },
        {
            "name": "号角",
            "skill": 1,
            "skill_usage": 0
        }
    ]
}