{
    "minimum_required": "v4.0.0",
    "stage_name": "act34side_ex08",
    "actions": [
        {
            "type": "Deploy",
            "name": "德克萨斯",
            "location": [
                10,
                5
            ],
            "direction": "Up"
        },
        {
            "type": "Deploy",
            "name": "煌",
            "location": [
                4,
                7
            ],
            "direction": "Up"
        },
        {
            "type": "Deploy",
            "name": "逻各斯",
            "location": [
                6,
                6
            ],
            "direction": "Left"
        },
        {
            "type": "Deploy",
            "name": "地刺",
            "location": [
                4,
                6
            ],
            "direction": "Up"
        },
        {
            "type": "Deploy",
            "name": "水月",
            "location": [
                4,
                5
            ],
            "direction": "Down",
            "kills": 6,
            "pre_delay": 4000
        },
        {
            "type": "Deploy",
            "name": "闪灵",
            "location": [
                7,
                6
            ],
            "direction": "Left"
        },
        {
            "type": "SpeedUp"
        },
        {
            "type": "Deploy",
            "name": "号角",
            "location": [
                11,
                5
            ],
            "direction": "Up"
        },
        {
            "type": "Deploy",
            "name": "艾雅法拉",
            "location": [
                10,
                4
            ],
            "direction": "Right",
            "kills": 22
        },
        {
            "type": "Deploy",
            "name": "艾雅法拉",
            "location": [
                10,
                4
            ],
            "direction": "Right",
            "kills": 24
        },
        {
            "type": "Deploy",
            "name": "艾雅法拉",
            "location": [
                10,
                4
            ],
            "direction": "Right",
            "kills": 26
        },
        {
            "type": "SkillDaemon"
        }
    ],
    "doc": {
        "title": "生路 - BP-EX-8 - 玛利图斯的斗智场",
        "details": "作业更新日期: 2024-06-12T14:46:18Z\n统计更新日期: 2024-06-28\n好评率：97.43%  浏览量：42647\n来源：萨拉托加  ID：38534\n要卡两个轴，水月和艾雅法拉能摆上去，号角那边练度低会暴毙\n地刺建议用阿斯卡纶，更稳定\n原作者萧然Q json作者萨拉托加\n作业交流群群号216314927，有问题进群，作业站消息没提醒看不到"
    },
    "groups": [
        {
            "name": "地刺",
            "opers": [
                {
                    "name": "阿斯卡纶",
                    "skill": 1,
                    "skill_usage": 0
                },
                {
                    "name": "狮蝎",
                    "skill": 1,
                    "skill_usage": 0
                }
            ]
        }
    ],
    "opers": [
        {
            "name": "煌",
            "skill": 2,
            "skill_usage": 0
        },
        {
            "name": "逻各斯",
            "skill": 1,
            "skill_usage": 0
        },
        {
            "name": "闪灵",
            "skill": 2,
            "skill_usage": 0
        },
        {
            "name": "德克萨斯",
            "skill": 1,
            "skill_usage": 0
        },
        {
            "name": "号角",
            "skill": 1,
            "skill_usage": 0
        },
        {
            "name": "艾雅法拉",
            "skill": 2,
            "skill_usage": 0
        },
        {
            "name": "水月",
            "skill": 1,
            "skill_usage": 0
        }
    ],
    "difficulty": 3
}