{
    "minimum_required": "v4.0.0",
    "stage_name": "act34side_ex06",
    "actions": [
        {
            "type": "Deploy",
            "name": "棘刺",
            "location": [
                5,
                5
            ],
            "direction": "Left"
        },
        {
            "type": "Deploy",
            "name": "奶盾",
            "location": [
                5,
                4
            ],
            "direction": "Left"
        },
        {
            "type": "Deploy",
            "name": "行医",
            "location": [
                8,
                4
            ],
            "direction": "Up"
        },
        {
            "type": "SpeedUp"
        },
        {
            "type": "Deploy",
            "name": "煌",
            "location": [
                10,
                1
            ],
            "direction": "Left"
        },
        {
            "type": "Deploy",
            "name": "山",
            "location": [
                9,
                1
            ],
            "direction": "Left"
        },
        {
            "type": "SkillDaemon"
        }
    ],
    "doc": {
        "title": "生路 - BP-EX-6",
        "details": "作业更新日期: 2024-06-12T10:12:34Z\n统计更新日期: 2024-06-28\n好评率：96.3%  浏览量：6712\n来源：zocink  ID：38531\n生路 - BP-EX-6 加突袭"
    },
    "groups": [
        {
            "name": "奶盾",
            "opers": [
                {
                    "name": "塞雷娅",
                    "skill": 1,
                    "skill_usage": 0
                },
                {
                    "name": "黍",
                    "skill": 1,
                    "skill_usage": 0
                }
            ]
        },
        {
            "name": "行医",
            "opers": [
                {
                    "name": "纯烬艾雅法拉",
                    "skill": 1,
                    "skill_usage": 0
                },
                {
                    "name": "蜜莓"
                }
            ]
        }
    ],
    "opers": [
        {
            "skill_times": 1,
            "name": "山",
            "skill": 2,
            "skill_usage": 2
        },
        {
            "name": "棘刺",
            "skill": 3,
            "skill_usage": 1
        },
        {
            "name": "煌",
            "skill": 2,
            "skill_usage": 0
        }
    ],
    "difficulty": 3
}