{
    "minimum_required": "v4.0.0",
    "stage_name": "act34side_ex08",
    "actions": [
        {
            "type": "SpeedUp"
        },
        {
            "type": "Deploy",
            "name": "星熊",
            "location": [
                4,
                7
            ],
            "direction": "Up"
        },
        {
            "type": "Deploy",
            "name": "阿斯卡纶",
            "location": [
                4,
                6
            ],
            "direction": "Up"
        },
        {
            "type": "Deploy",
            "name": "逻各斯",
            "location": [
                6,
                6
            ],
            "direction": "Left"
        },
        {
            "type": "Deploy",
            "name": "纯烬艾雅法拉",
            "location": [
                7,
                6
            ],
            "direction": "Left"
        },
        {
            "type": "Deploy",
            "name": "号角",
            "location": [
                11,
                5
            ],
            "direction": "Up"
        },
        {
            "type": "Deploy",
            "name": "艾拉",
            "location": [
                10,
                5
            ],
            "direction": "Up"
        },
        {
            "type": "SkillDaemon"
        }
    ],
    "doc": {
        "title": "生路 - BP-EX-8 - 玛利图斯的斗智场",
        "details": "作业更新日期: 2024-06-12T12:21:11Z\n统计更新日期: 2024-06-28\n好评率：85.0%  浏览量：1584\n来源：陈晖洁的红高跟  ID：38572\nB站有毒的粽子https://www.bilibili.com/video/BV11J4m1M7bt/"
    },
    "groups": [],
    "opers": [
        {
            "name": "星熊",
            "skill": 2,
            "skill_usage": 0
        },
        {
            "name": "号角",
            "skill": 1,
            "skill_usage": 0
        },
        {
            "name": "逻各斯",
            "skill": 1,
            "skill_usage": 0
        },
        {
            "name": "纯烬艾雅法拉",
            "skill": 1,
            "skill_usage": 0
        },
        {
            "name": "阿斯卡纶",
            "skill": 1,
            "skill_usage": 0
        },
        {
            "name": "艾拉",
            "skill": 3,
            "skill_usage": 0
        }
    ],
    "difficulty": 2
}