{
    "minimum_required": "v4.0.0",
    "stage_name": "act34side_ex05",
    "actions": [
        {
            "type": "Deploy",
            "name": "艾雅法拉",
            "location": [
                7,
                2
            ],
            "direction": "Down"
        },
        {
            "type": "Deploy",
            "name": "棘刺",
            "location": [
                5,
                5
            ],
            "direction": "Left"
        },
        {
            "type": "Deploy",
            "name": "奶盾",
            "location": [
                5,
                4
            ],
            "direction": "Left"
        },
        {
            "type": "SpeedUp"
        },
        {
            "type": "Deploy",
            "name": "小帮手",
            "location": [
                2,
                4
            ],
            "direction": "Right",
            "kills": 12
        },
        {
            "type": "Deploy",
            "name": "山",
            "location": [
                7,
                4
            ],
            "direction": "Right",
            "pre_delay": 500
        },
        {
            "type": "Deploy",
            "name": "行医",
            "location": [
                7,
                5
            ],
            "direction": "Left"
        },
        {
            "type": "SkillDaemon"
        }
    ],
    "doc": {
        "title": "生路 - BP-EX-5 - 水脉中枢-洋流喷泉",
        "details": "作业更新日期: 2024-06-12T13:01:15Z\n统计更新日期: 2024-06-28\n好评率：99.64%  浏览量：42461\n来源：萨拉托加  ID：38514\njson作者萨拉托加\n作业交流群群号216314927，有问题进群，作业站消息没提醒看不到"
    },
    "groups": [
        {
            "name": "奶盾",
            "opers": [
                {
                    "name": "塞雷娅",
                    "skill": 1,
                    "skill_usage": 0
                },
                {
                    "name": "黍",
                    "skill": 1,
                    "skill_usage": 0
                }
            ]
        },
        {
            "name": "行医",
            "opers": [
                {
                    "name": "纯烬艾雅法拉",
                    "skill": 1,
                    "skill_usage": 0
                },
                {
                    "name": "蜜莓",
                    "skill": 1,
                    "skill_usage": 0
                }
            ]
        }
    ],
    "opers": [
        {
            "name": "艾雅法拉",
            "skill": 2,
            "skill_usage": 0
        },
        {
            "skill_times": 1,
            "name": "山",
            "skill": 2,
            "skill_usage": 2
        },
        {
            "name": "棘刺",
            "skill": 3,
            "skill_usage": 1
        }
    ],
    "difficulty": 3
}