{
    "minimum_required": "v4.0.0",
    "stage_name": "act34side_tr01",
    "actions": [
        {
            "type": "Deploy",
            "name": "克洛丝",
            "location": [
                4,
                2
            ],
            "direction": "Left",
            "kills": 4
        },
        {
            "type": "Deploy",
            "name": "芙蓉",
            "location": [
                5,
                4
            ],
            "direction": "Up",
            "kills": 9
        },
        {
            "type": "Deploy",
            "name": "安赛尔",
            "location": [
                4,
                3
            ],
            "direction": "Left"
        },
        {
            "type": "SpeedUp"
        },
        {
            "type": "SkillDaemon"
        }
    ],
    "doc": {
        "title": "生路 - BP-TR-1 - 信标投放演习",
        "details": "作业更新日期: 2024-06-05T09:19:45Z\n统计更新日期: 2024-06-28\n好评率：99.75%  浏览量：8602\n来源：萨拉托加  ID：38300\n要手动点剧情\njson作者萨拉托加\n作业交流群群号216314927，有问题进群，作业站消息没提醒看不到"
    },
    "groups": [],
    "opers": []
}