{
    "stageName": "main_03-07",
    "doc": {
        "title": "黑键X、麒麟R夜刀X、柏喙X、拜松X、乌有X、清流Y模组任务一起做",
        "title_color": "Gray",
        "details": "——————————\n作业更新日期: 2024-01-06T11:54:51Z\n统计更新日期: 2025-04-05\n好评率：87.5%  浏览量：534\n来源：Issuing2890  ID：31560\n——————————\nLuCifer大膜王，https://www.bilibili.com/video/BV1NT411a7dM\n3星通关主题曲3-7；必须编入非助战XX干员并上场\n黑键：歼灭至少1个重装防御组长\n麒麟R夜刀：歼灭至少2名炮手\n柏喙：歼灭至少1个重装防御组长\n拜松：不编入其他重装干员\n乌有：歼灭至少2个炮手\n清流：不编入其他医疗干员\n黑键精二60级技7，其余精二1级技7测试通过",
        "details_color": "Gray"
    },
    "opers": [
        {
            "name": "黑键",
            "skill": 2,
            "skill_usage": 0,
            "requirements": {
                "elite": 0,
                "level": 0,
                "skill_level": 0,
                "module": 0,
                "potentiality": 0
            }
        },
        {
            "name": "麒麟R夜刀",
            "skill": 1,
            "skill_usage": 0,
            "requirements": {
                "elite": 0,
                "level": 0,
                "skill_level": 0,
                "module": 0,
                "potentiality": 0
            }
        },
        {
            "name": "柏喙",
            "skill": 1,
            "skill_usage": 0,
            "requirements": {
                "elite": 0,
                "level": 0,
                "skill_level": 0,
                "module": 0,
                "potentiality": 0
            }
        },
        {
            "name": "乌有",
            "skill": 1,
            "skill_usage": 0,
            "requirements": {
                "elite": 0,
                "level": 0,
                "skill_level": 0,
                "module": 0,
                "potentiality": 0
            }
        },
        {
            "name": "清流",
            "skill": 1,
            "skill_usage": 0,
            "requirements": {
                "elite": 0,
                "level": 0,
                "skill_level": 0,
                "module": 0,
                "potentiality": 0
            }
        }
    ],
    "groups": [
        {
            "name": "重装",
            "opers": [
                {
                    "name": "拜松",
                    "skill": 2,
                    "skill_usage": 0
                },
                {
                    "name": "蛇屠箱",
                    "skill": 2,
                    "skill_usage": 0
                }
            ],
            "operators": null
        }
    ],
    "minimumRequired": "v4.0.0",
    "difficulty": 0
}