{
    "stageName": "a003_05",
    "doc": {
        "title": "艾雅法拉X流明Y青枳X模组任务一起做",
        "title_color": "Gray",
        "details": "——————————\n作业更新日期: 2024-01-06T10:37:35Z\n统计更新日期: 2025-04-05\n好评率：96.15%  浏览量：1136\n来源：Issuing2890  ID：31559\n——————————\nLuCifer大膜王，https://www.bilibili.com/video/BV1du411G7VX\n3星通关别传OF-5；必须编入非助战XX干员并上场，\n艾雅法拉：队伍最多4人\n流明：不编入其他医疗干员\n青枳：不编入其他先锋干员",
        "details_color": "Gray"
    },
    "opers": [
        {
            "name": "艾雅法拉",
            "skill": 2,
            "skill_usage": 0,
            "requirements": {
                "elite": 0,
                "level": 0,
                "skill_level": 0,
                "module": 0,
                "potentiality": 0
            }
        },
        {
            "name": "流明",
            "skill": 1,
            "skill_usage": 0,
            "requirements": {
                "elite": 0,
                "level": 0,
                "skill_level": 0,
                "module": 0,
                "potentiality": 0
            }
        }
    ],
    "groups": [
        {
            "name": "先锋",
            "opers": [
                {
                    "name": "青枳",
                    "skill": 1,
                    "skill_usage": 0
                },
                {
                    "name": "德克萨斯",
                    "skill": 1,
                    "skill_usage": 0
                }
            ],
            "operators": null
        }
    ],
    "minimumRequired": "v4.0.0",
    "difficulty": 0
}