{
    "stageName": "main_04-06",
    "doc": {
        "title": "波登可模组摆完挂机-“不谢的苗圃”",
        "title_color": "Gray",
        "details": "——————————\n作业更新日期: 2023-02-18T00:53:48Z\n统计更新日期: 2025-04-05\n好评率：100.0%  浏览量：159\n来源：作业代传——有问题联系原作者  ID：20856\n——————————\n侬无言以对模组任务摆完挂机合集:BV1wU4y177Qu\n3星通关主题曲4-6；必须编入非助战波登可并上场，且使用波登可歼灭至少2个高能源石虫\n筱竹聽雨",
        "details_color": "Gray"
    },
    "opers": [
        {
            "name": "能天使",
            "skill": 1,
            "skill_usage": 0,
            "requirements": {
                "elite": 0,
                "level": 0,
                "skill_level": 0,
                "module": 0,
                "potentiality": 0
            }
        },
        {
            "name": "煌",
            "skill": 2,
            "skill_usage": 0,
            "requirements": {
                "elite": 0,
                "level": 0,
                "skill_level": 0,
                "module": 0,
                "potentiality": 0
            }
        },
        {
            "name": "波登可",
            "skill": 2,
            "skill_usage": 0,
            "requirements": {
                "elite": 0,
                "level": 0,
                "skill_level": 0,
                "module": 0,
                "potentiality": 0
            }
        },
        {
            "name": "塞雷娅",
            "skill": 1,
            "skill_usage": 0,
            "requirements": {
                "elite": 0,
                "level": 0,
                "skill_level": 0,
                "module": 0,
                "potentiality": 0
            }
        }
    ],
    "groups": [],
    "minimumRequired": "v4.0.0",
    "difficulty": 0
}