{
    "minimum_required": "v4.0.0",
    "actions": [
        {
            "type": "SpeedUp"
        },
        {
            "type": "Deploy",
            "name": "塞雷娅",
            "location": [
                3,
                3
            ],
            "direction": "Left"
        },
        {
            "type": "Deploy",
            "name": "夕",
            "location": [
                4,
                2
            ],
            "direction": "Left"
        },
        {
            "type": "Output",
            "doc_color": "#6f42c1",
            "doc": "给个好评吧，亲~"
        }
    ],
    "doc": {
        "title": "夕模组摆完挂机-无题长卷",
        "details": "作业更新日期: 2023-02-18T00:53:51Z\n统计更新日期: 2024-11-30\n好评率：100.0%  浏览量：290\n来源：作业代传——有问题联系原作者  ID：20970\n侬无言以对模组任务摆完挂机合集:BV1wU4y177Qu\n使用至多2人（包含助战）的队伍3星通关主题曲1-6；必须编入非助战夕并上场，其他成员仅可编入重装干员\n筱竹聽雨"
    },
    "groups": [],
    "opers": [
        {
            "name": "塞雷娅",
            "skill": 1,
            "skill_usage": 0
        },
        {
            "name": "夕",
            "skill": 1,
            "skill_usage": 0
        }
    ],
    "stage_name": "main_01-06"
}