{
    "stageName": "main_03-06",
    "doc": {
        "title": "傀影模组摆完挂机-克里斯汀小姐的毛毡",
        "title_color": "Gray",
        "details": "——————————\n作业更新日期: 2023-02-18T00:53:50Z\n统计更新日期: 2025-04-05\n好评率：100.0%  浏览量：327\n来源：作业代传——有问题联系原作者  ID：20914\n——————————\n侬无言以对模组任务摆完挂机合集:BV1wU4y177Qu\n3星通关主题曲3-6；必须编入非助战傀影并上场，且使用傀影至少歼灭6个隐形术师\n筱竹聽雨",
        "details_color": "Gray"
    },
    "opers": [
        {
            "name": "傀影",
            "skill": 2,
            "skill_usage": 0,
            "requirements": {
                "elite": 0,
                "level": 0,
                "skill_level": 0,
                "module": 0,
                "potentiality": 0
            }
        },
        {
            "name": "煌",
            "skill": 2,
            "skill_usage": 0,
            "requirements": {
                "elite": 0,
                "level": 0,
                "skill_level": 0,
                "module": 0,
                "potentiality": 0
            }
        },
        {
            "name": "夜莺",
            "skill": 2,
            "skill_usage": 0,
            "requirements": {
                "elite": 0,
                "level": 0,
                "skill_level": 0,
                "module": 0,
                "potentiality": 0
            }
        }
    ],
    "groups": [],
    "minimumRequired": "v4.0.0",
    "difficulty": 0
}