{
    "minimum_required": "v4.0.0",
    "actions": [
        {
            "type": "SpeedUp"
        },
        {
            "type": "Deploy",
            "name": "煌",
            "location": [
                5,
                5
            ],
            "direction": "Left"
        },
        {
            "type": "Deploy",
            "name": "夜莺",
            "location": [
                7,
                4
            ],
            "direction": "Left"
        },
        {
            "type": "Output",
            "doc_color": "#6f42c1",
            "doc": "给个好评吧，亲~"
        }
    ],
    "doc": {
        "title": "夜莺模组摆完挂机-“封闭的希望”",
        "details": "作业更新日期: 2025-01-20T19:02:55Z\n统计更新日期: 2025-01-30\n好评率：100.0%  浏览量：11\n来源：莱欧斯利  ID：45606\n侬无言以对模组任务摆完挂机合集:BV1wU4y177Qu\n3星通关主题曲3-6；必须编入非助战夜莺并上场，且使用10次法术护盾\n筱竹聽雨"
    },
    "groups": [
        {
            "name": "煌",
            "opers": [
                {
                    "name": "煌",
                    "skill": 2,
                    "skill_usage": 0
                },
                {
                    "name": "乌尔比安",
                    "skill": 2,
                    "skill_usage": 0
                }
            ]
        }
    ],
    "opers": [
        {
            "name": "夜莺",
            "skill": 2,
            "skill_usage": 0
        }
    ],
    "stage_name": "main_03-06"
}