{
    "stageName": "main_04-07",
    "doc": {
        "title": "苏苏洛模组摆完挂机-医不自治",
        "title_color": "Gray",
        "details": "——————————\n作业更新日期: 2023-02-18T00:53:51Z\n统计更新日期: 2025-04-05\n好评率：100.0%  浏览量：209\n来源：作业代传——有问题联系原作者  ID：20960\n——————————\n侬无言以对模组任务摆完挂机合集:BV1wU4y177Qu\n3星通关主题曲4-7；且仅可编入非助战苏苏洛1名医疗干员并上场\n筱竹聽雨",
        "details_color": "Gray"
    },
    "opers": [
        {
            "name": "塞雷娅",
            "skill": 1,
            "skill_usage": 0,
            "requirements": {
                "elite": 0,
                "level": 0,
                "skill_level": 0,
                "module": 0,
                "potentiality": 0
            }
        },
        {
            "name": "银灰",
            "skill": 1,
            "skill_usage": 0,
            "requirements": {
                "elite": 0,
                "level": 0,
                "skill_level": 0,
                "module": 0,
                "potentiality": 0
            }
        },
        {
            "name": "拉普兰德",
            "skill": 2,
            "skill_usage": 0,
            "requirements": {
                "elite": 0,
                "level": 0,
                "skill_level": 0,
                "module": 0,
                "potentiality": 0
            }
        },
        {
            "name": "苏苏洛",
            "skill": 1,
            "skill_usage": 0,
            "requirements": {
                "elite": 0,
                "level": 0,
                "skill_level": 0,
                "module": 0,
                "potentiality": 0
            }
        }
    ],
    "groups": [],
    "minimumRequired": "v4.0.0",
    "difficulty": 0
}