{
    "minimum_required": "v4.0.0",
    "actions": [
        {
            "type": "SpeedUp"
        },
        {
            "type": "Deploy",
            "name": "格拉尼",
            "location": [
                8,
                3
            ],
            "direction": "Down"
        },
        {
            "type": "Deploy",
            "name": "推进之王",
            "location": [
                7,
                2
            ],
            "direction": "Right"
        },
        {
            "type": "Deploy",
            "name": "煌",
            "location": [
                2,
                3
            ],
            "direction": "Down"
        },
        {
            "type": "Deploy",
            "name": "伊芙利特",
            "location": [
                5,
                2
            ],
            "direction": "Down"
        },
        {
            "type": "Output",
            "doc_color": "#6f42c1",
            "doc": "给个好评吧，亲~"
        }
    ],
    "doc": {
        "title": "格拉尼模组摆完挂机-骑警套装",
        "details": "作业更新日期: 2023-02-18T00:53:48Z\n统计更新日期: 2024-11-30\n好评率：100.0%  浏览量：119\n来源：作业代传——有问题联系原作者  ID：20873\n侬无言以对模组任务摆完挂机合集:BV1wU4y177Qu\n3星通关别传GT-6；必须编入非助战格拉尼并上场，且使用格拉尼歼灭8个敌人\n筱竹聽雨"
    },
    "groups": [],
    "opers": [
        {
            "name": "煌",
            "skill": 2,
            "skill_usage": 0
        },
        {
            "name": "伊芙利特",
            "skill": 2,
            "skill_usage": 0
        },
        {
            "name": "推进之王",
            "skill": 2,
            "skill_usage": 0
        },
        {
            "name": "格拉尼",
            "skill": 2,
            "skill_usage": 0
        }
    ],
    "stage_name": "a001_06"
}