{
    "minimum_required": "v4.0.0",
    "stage_name": "act11d0_05",
    "actions": [
        {
            "type": "SpeedUp"
        },
        {
            "type": "Deploy",
            "name": "煌",
            "location": [
                4,
                2
            ],
            "direction": "Left"
        },
        {
            "type": "Deploy",
            "name": "塞雷娅",
            "location": [
                7,
                2
            ],
            "direction": "Right"
        },
        {
            "type": "Deploy",
            "name": "德克萨斯",
            "location": [
                2,
                2
            ],
            "direction": "Right"
        },
        {
            "type": "Deploy",
            "name": "奶",
            "location": [
                3,
                1
            ],
            "direction": "Right"
        },
        {
            "type": "Deploy",
            "name": "止颂",
            "location": [
                9,
                2
            ],
            "direction": "Left"
        }
    ],
    "doc": {
        "title": "止颂模组任务 - TW-5 - 苦修者的抗压训练",
        "details": "作业更新日期: 2024-11-02T16:34:40Z\n统计更新日期: 2024-11-30\n好评率：100.0%  浏览量：63\n来源：一只摆烂的42  ID：43092\n止颂「苦修者的抗压训练」模组任务\n3星通关别传TW-5；必须编入非助战止颂并上场，且使用止颂击败至少6名敌人\nUP：涂绘天菜\n原视频：https://www.bilibili.com/video/BV1P3SRYZEsF/\n制作者：一只摆烂的42\n有问题联系QQ2586582719\n修改自用请删除我的QQ"
    },
    "groups": [
        {
            "name": "奶",
            "opers": [
                {
                    "name": "白面鸮",
                    "skill": 2,
                    "skill_usage": 0
                },
                {
                    "name": "夜莺",
                    "skill": 2,
                    "skill_usage": 0
                }
            ]
        }
    ],
    "opers": [
        {
            "name": "止颂",
            "skill": 1,
            "skill_usage": 0
        },
        {
            "name": "德克萨斯",
            "skill": 1,
            "skill_usage": 0
        },
        {
            "name": "塞雷娅",
            "skill": 2,
            "skill_usage": 0
        },
        {
            "name": "煌",
            "skill": 2,
            "skill_usage": 0
        }
    ]
}