{
    "minimum_required": "v4.0.0",
    "stage_name": "main_07-07",
    "actions": [
        {
            "type": "Deploy",
            "name": "推进之王",
            "location": [
                7,
                4
            ],
            "direction": "Up"
        },
        {
            "type": "SpeedUp"
        },
        {
            "type": "Deploy",
            "name": "风笛",
            "location": [
                2,
                4
            ],
            "direction": "Up"
        },
        {
            "type": "Deploy",
            "name": "灰毫",
            "location": [
                8,
                5
            ],
            "direction": "Left"
        },
        {
            "type": "Deploy",
            "name": "拉普兰德",
            "location": [
                10,
                1
            ],
            "direction": "Left"
        }
    ],
    "doc": {
        "title": "灰毫模组任务 - 7-9 - 出门必备套装",
        "details": "作业更新日期: 2024-07-06T23:58:05Z\n统计更新日期: 2025-01-11\n好评率：66.67%  浏览量：114\n来源：一只摆烂的42  ID：39157\n灰毫「出门必备套装」模组任务\n3星通关主题曲7-9；必须编入非助战灰毫并上场，且使用灰毫歼灭至少2名游击队传令兵\n原视频：https://www.bilibili.com/video/BV16h4y1B7JH/\n制作者：一只摆烂的42\n有问题联系QQ2586582719\n修改自用请删除我的QQ"
    },
    "groups": [],
    "opers": [
        {
            "name": "灰毫",
            "skill": 2,
            "skill_usage": 0
        },
        {
            "name": "拉普兰德",
            "skill": 2,
            "skill_usage": 0
        },
        {
            "name": "风笛",
            "skill": 2,
            "skill_usage": 0
        },
        {
            "name": "推进之王",
            "skill": 2,
            "skill_usage": 0
        }
    ]
}