{
    "minimum_required": "v4.0.0",
    "stage_name": "act12d0_09",
    "actions": [
        {
            "type": "SpeedUp"
        },
        {
            "type": "Deploy",
            "name": "棘刺",
            "location": [
                1,
                3
            ],
            "direction": "Right"
        },
        {
            "type": "Deploy",
            "name": "泥岩",
            "location": [
                3,
                4
            ],
            "direction": "Up"
        },
        {
            "type": "Deploy",
            "name": "燧石",
            "location": [
                2,
                3
            ],
            "direction": "Right"
        }
    ],
    "doc": {
        "title": "燧石模组任务 - RI-9 - 这些花朵的含义",
        "details": "作业更新日期: 2024-07-06T15:36:56Z\n统计更新日期: 2024-11-30\n好评率：100.0%  浏览量：43\n来源：一只摆烂的42  ID：39148\n燧石「这些花朵的含义」模组任务\n3星通关别传RI-9；必须编入非助战燧石并上场，且使用燧石至少歼灭10个敌人\n原视频：https://www.bilibili.com/video/BV1GB42167dn/\n制作者：一只摆烂的42\n有问题联系QQ2586582719\n修改自用请删除我的QQ"
    },
    "groups": [],
    "opers": [
        {
            "name": "燧石",
            "skill": 1,
            "skill_usage": 0
        },
        {
            "name": "棘刺",
            "skill": 3,
            "skill_usage": 1
        },
        {
            "name": "泥岩",
            "skill": 2,
            "skill_usage": 0
        }
    ]
}