{
    "stageName": "main_09-04",
    "doc": {
        "title": "风笛y号角y维娜x模组任务一起做",
        "title_color": "Gray",
        "details": "——————————\n作业更新日期: 2025-01-19T02:48:43Z\n统计更新日期: 2025-04-05\n好评率：95.83%  浏览量：569\n来源：Issuing2890  ID：45570\n——————————\nLuCifer大膜王，https://www.bilibili.com/video/BV1Cg2RYmEMk",
        "details_color": "Gray"
    },
    "opers": [
        {
            "name": "风笛",
            "skill": 2,
            "skill_usage": 0,
            "requirements": {
                "elite": 0,
                "level": 0,
                "skill_level": 0,
                "module": 0,
                "potentiality": 0
            }
        },
        {
            "name": "号角",
            "skill": 1,
            "skill_usage": 0,
            "requirements": {
                "elite": 0,
                "level": 0,
                "skill_level": 0,
                "module": 0,
                "potentiality": 0
            }
        },
        {
            "name": "维娜·维多利亚",
            "skill": 1,
            "skill_usage": 0,
            "requirements": {
                "elite": 0,
                "level": 0,
                "skill_level": 0,
                "module": 0,
                "potentiality": 0
            }
        }
    ],
    "groups": [],
    "minimumRequired": "v4.0.0",
    "difficulty": 0
}