{
    "minimum_required": "v4.0.0",
    "actions": [
        {
            "type": "SpeedUp"
        },
        {
            "type": "Deploy",
            "name": "艾雅法拉",
            "location": [
                7,
                2
            ],
            "direction": "Left"
        },
        {
            "type": "Deploy",
            "name": "铃兰",
            "location": [
                5,
                5
            ],
            "direction": "Left"
        },
        {
            "type": "Deploy",
            "name": "浊心斯卡蒂",
            "location": [
                4,
                5
            ],
            "direction": "Left"
        },
        {
            "type": "Deploy",
            "name": "缄默德克萨斯",
            "location": [
                3,
                6
            ],
            "direction": "Left",
            "kills": 11
        },
        {
            "type": "Output",
            "doc_color": "#6f42c1",
            "doc": "给个好评吧，亲~"
        }
    ],
    "doc": {
        "title": "缄默德克萨斯模组摆完挂机-蓝莓与黑巧",
        "details": "作业更新日期: 2023-02-18T00:53:49Z\n统计更新日期: 2024-12-07\n好评率：89.54%  浏览量：4515\n来源：作业代传——有问题联系原作者  ID：20899\n侬无言以对模组任务摆完挂机合集:BV1wU4y177Qu\n3星通关别传CB-8；必须编入非助战缄默德克萨斯并上场，且使用缄默德克萨斯歼灭至少2个灰尾\n筱竹聽雨"
    },
    "groups": [],
    "opers": [
        {
            "name": "艾雅法拉",
            "skill": 2,
            "skill_usage": 0
        },
        {
            "name": "铃兰",
            "skill": 2,
            "skill_usage": 0
        },
        {
            "name": "浊心斯卡蒂",
            "skill": 2,
            "skill_usage": 0
        },
        {
            "name": "缄默德克萨斯",
            "skill": 2,
            "skill_usage": 0
        }
    ],
    "stage_name": "act5d0_08"
}