{
    "minimum_required": "v4.0.0",
    "stage_name": "act14side_ex02",
    "actions": [
        {
            "type": "SpeedUp"
        },
        {
            "type": "Deploy",
            "name": "阿消",
            "location": [
                4,
                4
            ],
            "direction": "Right"
        },
        {
            "type": "Deploy",
            "name": "能天使",
            "location": [
                3,
                2
            ],
            "direction": "Right"
        },
        {
            "type": "Deploy",
            "name": "罗宾",
            "location": [
                8,
                4
            ],
            "direction": "Up"
        }
    ],
    "doc": {
        "title": "罗宾模组任务 - BI-EX-2 - 限量版年历",
        "details": "作业更新日期: 2024-08-11T01:18:01Z\n统计更新日期: 2024-11-30\n好评率：100.0%  浏览量：55\n来源：一只摆烂的42  ID：39152\n罗宾「限量版年历」模组任务\n3星通关别传BI-EX-2；必须编入非助战罗宾，且本次战斗有至少6名冰原御法者坠落地穴\n原视频：https://www.bilibili.com/video/BV19j411F7yW/\n制作者：一只摆烂的42\n有问题联系QQ2586582719\n修改自用请删除我的QQ"
    },
    "groups": [],
    "opers": [
        {
            "name": "罗宾",
            "skill": 1,
            "skill_usage": 0
        },
        {
            "name": "能天使",
            "skill": 3,
            "skill_usage": 0
        },
        {
            "name": "阿消",
            "skill": 1,
            "skill_usage": 0
        }
    ],
    "difficulty": 1
}