{
    "minimum_required": "v4.0.0",
    "doc": {
        "title": "风雪过境·复刻 - BI-7 - 破冰【耶拉模组任务】以雪为线",
        "details": "作业更新日期: 2023-12-05T07:51:21Z\n统计更新日期: 2024-11-30\n好评率：100.0%  浏览量：171\n来源：小卡拉帕鲁灰  ID：30677\n耶拉模组任务：以雪为线\n任务要求：3星通关别传BI-7;必须编入非助战耶拉并上场，且至少使用2次心随意动\n练度要求：精二60级专3\n"
    },
    "stage_name": "act14side_07",
    "opers": [
        {
            "name": "山",
            "skill": 2,
            "skill_usage": 2
        },
        {
            "name": "泥岩",
            "skill": 2,
            "skill_usage": 0
        },
        {
            "name": "耶拉",
            "skill": 2,
            "skill_usage": 1
        }
    ],
    "actions": [
        {
            "type": "SpeedUp",
            "name": ""
        },
        {
            "type": "Deploy",
            "name": "山",
            "location": [
                5,
                5
            ],
            "direction": "Left"
        },
        {
            "type": "Deploy",
            "name": "泥岩",
            "location": [
                10,
                5
            ],
            "direction": "Left"
        },
        {
            "type": "Deploy",
            "name": "医疗",
            "location": [
                10,
                4
            ],
            "direction": "Left"
        },
        {
            "type": "Deploy",
            "name": "耶拉",
            "location": [
                9,
                4
            ],
            "direction": "Left"
        },
        {
            "type": "SkillDaemon",
            "name": "",
            "doc": "有问题联系制作者QQ2586582719",
            "doc_color": "SpringGreen"
        }
    ],
    "groups": [
        {
            "name": "医疗",
            "opers": [
                {
                    "name": "纯烬艾雅法拉",
                    "skill": 1,
                    "skill_usage": 0
                },
                {
                    "name": "闪灵",
                    "skill": 2,
                    "skill_usage": 0
                },
                {
                    "name": "流明",
                    "skill": 1,
                    "skill_usage": 0
                },
                {
                    "name": "夜莺",
                    "skill": 2,
                    "skill_usage": 0
                }
            ]
        }
    ]
}