{
    "minimum_required": "v4.0.0",
    "stage_name": "act9d0_ex01",
    "actions": [
        {
            "type": "Deploy",
            "name": "艾拉",
            "location": [
                8,
                2
            ],
            "direction": "Left"
        },
        {
            "type": "SpeedUp"
        },
        {
            "type": "Deploy",
            "name": "铃兰",
            "location": [
                6,
                4
            ],
            "direction": "Left"
        },
        {
            "type": "Deploy",
            "name": "嵯峨",
            "location": [
                6,
                2
            ],
            "direction": "Up"
        },
        {
            "type": "Deploy",
            "name": "老鲤",
            "location": [
                4,
                4
            ],
            "direction": "Up",
            "costs": 21
        },
        {
            "type": "Deploy",
            "name": "夜莺",
            "location": [
                5,
                4
            ],
            "direction": "Up",
            "costs": 24
        },
        {
            "type": "Output",
            "doc_color": "DarkCyan",
            "doc": "如果觉得实用，请赏个好评吧~"
        }
    ],
    "doc": {
        "title": "艾拉Δ铃兰y模组任务一起做",
        "details": "作业更新日期: 2024-12-29T03:03:08Z\n统计更新日期: 2025-02-09\n好评率：50.0%  浏览量：280\n来源：Issuing2890  ID：45066\nLuCifer大膜王，https://www.bilibili.com/video/BV1fz421X7bT"
    },
    "groups": [],
    "opers": [
        {
            "name": "艾拉",
            "skill": 1,
            "skill_usage": 0
        },
        {
            "name": "铃兰",
            "skill": 2,
            "skill_usage": 0
        },
        {
            "name": "老鲤",
            "skill": 3,
            "skill_usage": 0
        },
        {
            "name": "嵯峨",
            "skill": 1,
            "skill_usage": 0
        },
        {
            "name": "夜莺",
            "skill": 2,
            "skill_usage": 0
        }
    ]
}