{
    "minimum_required": "v4.0.0",
    "stage_name": "main_09-02",
    "actions": [
        {
            "type": "SpeedUp"
        },
        {
            "type": "Deploy",
            "name": "苍苔",
            "location": [
                4,
                5
            ],
            "direction": "Up"
        },
        {
            "type": "Deploy",
            "name": "塞雷娅",
            "location": [
                5,
                5
            ],
            "direction": "Right"
        },
        {
            "type": "Deploy",
            "name": "艾雅法拉",
            "location": [
                7,
                4
            ],
            "direction": "Left"
        },
        {
            "type": "SkillDaemon"
        }
    ],
    "doc": {
        "title": "【模组任务】9-3 苍苔 模组  餐后好时光 摆完挂机",
        "details": "作业更新日期: 2024-02-29T05:39:17Z\n统计更新日期: 2024-11-30\n好评率：100.0%  浏览量：164\n来源：SkadeYYDS  ID：28070\n攻略&json作者：SkadeYYDS\n\n容错应该还挺高的 如果有问题请在评论区反馈"
    },
    "groups": [],
    "opers": [
        {
            "name": "苍苔",
            "skill": 1,
            "skill_usage": 0
        },
        {
            "name": "塞雷娅",
            "skill": 2,
            "skill_usage": 0
        },
        {
            "name": "艾雅法拉",
            "skill": 2,
            "skill_usage": 0
        }
    ]
}