{
    "minimum_required": "v4.0.0",
    "stage_name": "act5d0_05",
    "actions": [
        {
            "type": "Deploy",
            "name": "推进之王",
            "location": [
                6,
                5
            ],
            "direction": "Right"
        },
        {
            "type": "SpeedUp"
        },
        {
            "type": "Deploy",
            "name": "德克萨斯",
            "location": [
                5,
                2
            ],
            "direction": "Right"
        },
        {
            "type": "Deploy",
            "name": "奶盾",
            "location": [
                6,
                2
            ],
            "direction": "Right"
        },
        {
            "type": "Deploy",
            "name": "莫斯提马",
            "location": [
                5,
                3
            ],
            "direction": "Right"
        },
        {
            "type": "Skill",
            "name": "莫斯提马",
            "location": [
                5,
                3
            ],
            "kills": 9
        },
        {
            "type": "Skill",
            "name": "莫斯提马",
            "kills": 28
        },
        {
            "type": "SkillDaemon"
        }
    ],
    "doc": {
        "title": "喧闹法则·复刻 - CB-5 - 8:31P.M. 莫斯提马模组锁与匙之家解锁任务",
        "details": "作业更新日期: 2023-10-10T13:07:13Z\n统计更新日期: 2025-03-28\n好评率：87.5%  浏览量：871\n来源：萨拉托加  ID：28904\n莫斯提马模组任务锁与匙之家\n七级技能即可，奶盾可以练度低点，太高会抢小莫人头\n条件：3星通关别传CB-5；必须编入非助战莫斯提马并上场，且使用莫斯提马歼灭至少8名敌人、其中包括至少1名欺凌者\n【【明日方舟】莫斯提马模组任务 CB-5 少人半挂机】 https://www.bilibili.com/video/BV1du411c77U/?share_source=copy_web&vd_source=3fd5040fe25f6a00e19e6072bcccfa4e"
    },
    "groups": [
        {
            "name": "奶盾",
            "opers": [
                {
                    "name": "塞雷娅",
                    "skill": 1,
                    "skill_usage": 0
                },
                {
                    "name": "临光",
                    "skill": 1,
                    "skill_usage": 0
                },
                {
                    "name": "古米",
                    "skill": 1,
                    "skill_usage": 0
                }
            ]
        }
    ],
    "opers": [
        {
            "name": "莫斯提马",
            "skill": 3,
            "skill_usage": 0
        },
        {
            "name": "推进之王",
            "skill": 2,
            "skill_usage": 0
        },
        {
            "name": "德克萨斯",
            "skill": 1,
            "skill_usage": 0
        }
    ]
}