{
    "minimum_required": "v4.0.0",
    "stage_name": "main_02-04",
    "actions": [
        {
            "type": "SpeedUp"
        },
        {
            "type": "Deploy",
            "name": "近卫",
            "location": [
                1,
                5
            ],
            "direction": "Up"
        },
        {
            "type": "Deploy",
            "name": "莱欧斯",
            "location": [
                1,
                4
            ],
            "direction": "Up"
        },
        {
            "type": "Deploy",
            "name": "夜莺",
            "location": [
                2,
                4
            ],
            "direction": "Up"
        },
        {
            "type": "SkillDaemon"
        }
    ],
    "doc": {
        "title": "莱欧斯模组任务 2-4 简单好抄 摆上挂机",
        "details": "作业更新日期: 2024-10-03T17:38:52Z\n统计更新日期: 2024-11-30\n好评率：100.0%  浏览量：27\n来源：容容的手机  ID：41976\n\n原作者：鬼魅ghost白\n https://www.bilibili.com/video/BV1e3HHehETY/"
    },
    "groups": [
        {
            "name": "近卫",
            "opers": [
                {
                    "name": "棘刺",
                    "skill": 3,
                    "skill_usage": 1
                },
                {
                    "name": "煌"
                },
                {
                    "name": "百炼嘉维尔",
                    "skill": 2,
                    "skill_usage": 1
                },
                {
                    "name": "乌尔比安"
                },
                {
                    "name": "山",
                    "skill": 2,
                    "skill_usage": 2,
                    "skill_times": 1
                },
                {
                    "name": "赫德雷",
                    "skill": 2,
                    "skill_usage": 1
                }
            ]
        }
    ],
    "opers": [
        {
            "skill_times": 1,
            "name": "莱欧斯",
            "skill": 2,
            "skill_usage": 2
        },
        {
            "name": "夜莺",
            "skill": 2,
            "skill_usage": 0
        }
    ],
    "difficulty": 1
}