{
    "minimum_required": "v4.0.0",
    "actions": [
        {
            "type": "SpeedUp"
        },
        {
            "type": "Deploy",
            "name": "能天使",
            "location": [
                3,
                5
            ],
            "direction": "Right"
        },
        {
            "type": "Deploy",
            "name": "棘刺",
            "location": [
                6,
                5
            ],
            "direction": "Up"
        },
        {
            "type": "Deploy",
            "name": "拉普兰德",
            "location": [
                4,
                4
            ],
            "direction": "Up"
        },
        {
            "type": "Deploy",
            "name": "蛇屠箱",
            "location": [
                4,
                2
            ],
            "direction": "Up"
        },
        {
            "type": "SkillDaemon"
        }
    ],
    "doc": {
        "title": "蛇屠箱模组摆完挂机-超强棒球套装（修改自用）",
        "details": "作业更新日期: 2023-12-10T05:25:23Z\n统计更新日期: 2024-11-30\n好评率：100.0%  浏览量：192\n来源：白羊47  ID：30844\n侬无言以对模组任务摆完挂机合集:BV1wU4y177Qu\n3星通关主题曲2-10；必须编入非助战蛇屠箱并上场，且不编入其他重装干员\n筱竹聽雨（修改自用）"
    },
    "groups": [],
    "opers": [
        {
            "name": "能天使",
            "skill": 3,
            "skill_usage": 0
        },
        {
            "name": "棘刺",
            "skill": 3,
            "skill_usage": 2,
            "skill_times": 2
        },
        {
            "name": "拉普兰德",
            "skill": 2,
            "skill_usage": 0
        },
        {
            "name": "蛇屠箱",
            "skill": 2,
            "skill_usage": 1
        },
        {
            "name": "德克萨斯",
            "skill": 1,
            "skill_usage": 0
        }
    ],
    "stage_name": "main_02-10"
}