{
    "actions": [
        {
            "type": "打印",
            "doc_color": "#FF0000",
            "doc": "代理有问题请群里@碎蜂"
        },
        {
            "type": "二倍速"
        },
        {
            "type": "部署",
            "name": "煌",
            "location": [
                4,
                3
            ],
            "direction": "右"
        },
        {
            "type": "部署",
            "name": "拉普兰德",
            "location": [
                5,
                2
            ],
            "direction": "下"
        },
        {
            "type": "部署",
            "name": "调香师",
            "location": [
                3,
                2
            ],
            "direction": "右"
        },
        {
            "type": "部署",
            "name": "银灰",
            "location": [
                4,
                2
            ],
            "direction": "下"
        },
        {
            "type": "摆完挂机"
        }
    ],
    "stage_name": "3-4",
    "doc": {
        "title": "3-4调香师模组",
        "details": "作业更新日期: 2023-02-18T00:53:47Z\n统计更新日期: 2024-11-30\n好评率：83.33%  浏览量：190\n来源：作业代传——有问题联系原作者  ID：20826\n作业 3-4"
    },
    "opers": [
        {
            "name": "调香师",
            "skill": 1
        },
        {
            "name": "银灰",
            "skill": 1
        },
        {
            "name": "煌",
            "skill": 2
        },
        {
            "name": "拉普兰德",
            "skill": 1
        }
    ],
    "minimum_required": "v4.0.0"
}