{
    "minimum_required": "v4.0.0",
    "stage_name": "main_09-05",
    "actions": [
        {
            "type": "SpeedUp"
        },
        {
            "type": "Deploy",
            "name": "煌",
            "location": [
                1,
                6
            ],
            "direction": "Up"
        },
        {
            "type": "Deploy",
            "name": "钼铅",
            "location": [
                2,
                5
            ],
            "direction": "Right"
        },
        {
            "type": "Deploy",
            "name": "奶盾",
            "location": [
                1,
                5
            ],
            "direction": "Up"
        },
        {
            "type": "Deploy",
            "name": "矿石“杀手”",
            "location": [
                2,
                6
            ],
            "direction": "None"
        },
        {
            "type": "Deploy",
            "name": "矿石“杀手”",
            "location": [
                3,
                6
            ],
            "direction": "None"
        },
        {
            "type": "Deploy",
            "name": "矿石“杀手”",
            "location": [
                4,
                6
            ],
            "direction": "None"
        }
    ],
    "doc": {
        "title": "钼铅模组任务 - 9-6（标准） - 矿石展览柜",
        "details": "作业更新日期: 2025-03-15T09:38:45Z\n统计更新日期: 2025-03-16\n好评率：100.0%  浏览量：2\n来源：一只摆烂的42  ID：48618\n钼铅「矿石展览柜」模组任务\n3星通关主题曲9-6标准实战环境；必须编入非助战钼铅并上场，且使用钼铅至少击败1名深池重甲卫士\n靠抢人头，可能不能完成任务，等我研究一下\n原视频：https://www.bilibili.com/video/BV1VHQLYvEn5/\n制作者：一只摆烂的42\n有问题联系QQ2586582719\n修改自用请删除我的QQ"
    },
    "groups": [
        {
            "name": "奶盾",
            "opers": [
                {
                    "name": "塞雷娅",
                    "skill": 1,
                    "skill_usage": 0
                },
                {
                    "name": "黍",
                    "skill": 1,
                    "skill_usage": 0
                }
            ]
        }
    ],
    "opers": [
        {
            "name": "钼铅",
            "skill": 2,
            "skill_usage": 0
        },
        {
            "name": "煌",
            "skill": 2,
            "skill_usage": 0
        }
    ],
    "difficulty": 1
}