{
    "minimum_required": "v4.0.0",
    "stage_name": "mem_sleach_1",
    "actions": [
        {
            "type": "Deploy",
            "name": "号角",
            "location": [
                2,
                2
            ],
            "direction": "Right"
        },
        {
            "type": "Deploy",
            "name": "琴柳",
            "location": [
                4,
                2
            ],
            "direction": "Right"
        },
        {
            "type": "SpeedUp"
        },
        {
            "type": "Skill",
            "pre_delay": 3500,
            "name": "琴柳"
        },
        {
            "type": "Deploy",
            "name": "风笛",
            "location": [
                3,
                2
            ],
            "direction": "Down"
        },
        {
            "type": "Skill",
            "kills": 10,
            "name": "琴柳"
        },
        {
            "type": "Skill",
            "name": "琴柳",
            "kills": 16,
            "pre_delay": 3000
        },
        {
            "type": "SkillDaemon"
        }
    ],
    "doc": {
        "title": "先锋 - 琴柳 - 队伍前列",
        "details": "统计日期：2024-05-03\n好评率：90.08%  浏览量：3800\n来源：Sirius_BK  ID：21432\n参考视频：https://www.bilibili.com/video/BV1G44y1Z7yN?vd_source=26d9d10055ae797cf34c6e2a22dd2886\nUP主：倾九\n制作人：BK\n选3技能\n注意！有时候号角暴击可能错轴！"
    },
    "groups": [],
    "opers": [
        {
            "name": "琴柳",
            "skill": 3,
            "skill_usage": 0
        }
    ]
}