{
    "minimum_required": "v4.0.0",
    "stage_name": "mem_gnosis_1",
    "actions": [
        {
            "type": "Deploy",
            "name": "灵知",
            "location": [
                3,
                2
            ],
            "direction": "Down"
        },
        {
            "type": "SpeedUp"
        },
        {
            "type": "Deploy",
            "name": "崖心",
            "location": [
                5,
                4
            ],
            "direction": "Left"
        },
        {
            "type": "Skill",
            "name": "灵知",
            "location": [
                3,
                2
            ],
            "kills": 6,
            "pre_delay": 10000
        },
        {
            "type": "Skill",
            "name": "崖心",
            "location": [
                5,
                4
            ],
            "kills": 16,
            "pre_delay": 6000
        },
        {
            "type": "Skill",
            "name": "灵知",
            "location": [
                3,
                2
            ],
            "kills": 18,
            "pre_delay": 2000
        },
        {
            "type": "SkillUsage",
            "name": "崖心",
            "skill_usage": 1
        },
        {
            "type": "SkillDaemon"
        }
    ],
    "doc": {
        "title": "辅助 - 灵知 - 俯瞰风雪【灵知悖论模拟】",
        "details": "——————————\n作业更新日期: 2024-05-01T08:38:43Z\n统计更新日期: 2025-09-08\n相对评分：75.32%  相对热度：61.47%\n来源：rihno  ID：36668\n——————————\n灵知悖论模拟：俯瞰风雪\n练度：精二1级、专1的三技能 - 测试通过\n悖论模拟需要在MAA中关闭“自动编队”，\n选好三技能后处于红色ui“开始模拟”界面，maa就可以按开始了"
    },
    "groups": [],
    "opers": [
        {
            "name": "灵知",
            "skill": 3,
            "skill_usage": 0
        },
        {
            "name": "崖心",
            "skill": 2,
            "skill_usage": 0
        }
    ]
}