{
    "minimum_required": "v4.0.0",
    "stage_name": "camp_r_25",
    "actions": [
        {
            "type": "Deploy",
            "name": "德克萨斯",
            "location": [
                6,
                1
            ],
            "direction": "Left"
        },
        {
            "type": "Deploy",
            "name": "黍",
            "location": [
                8,
                1
            ],
            "direction": "Down"
        },
        {
            "type": "SpeedUp"
        },
        {
            "type": "Deploy",
            "name": "逻各斯",
            "location": [
                9,
                2
            ],
            "direction": "Left"
        },
        {
            "type": "Deploy",
            "name": "阿斯卡纶",
            "location": [
                7,
                2
            ],
            "direction": "Down"
        },
        {
            "type": "Deploy",
            "name": "歌蕾蒂娅",
            "location": [
                7,
                1
            ],
            "direction": "Right"
        },
        {
            "type": "Deploy",
            "name": "乌尔比安",
            "location": [
                1,
                7
            ],
            "direction": "Left"
        },
        {
            "type": "SkillDaemon"
        }
    ],
    "doc": {
        "title": "哥伦比亚 - 66号航道 - 新干员版",
        "details": "作业更新日期: 2024-10-28T01:24:32Z\n统计更新日期: 2024-11-30\n好评率：89.58%  浏览量：6424\n来源：萨拉托加  ID：42827\n原作者萧然Q JSON作者萨拉托加\n作业交流群群号1003478193，可蹲作业，有问题进群找我，作业站消息没提醒看不到\n【【66号航道400杀】摆完挂机 简单好抄】 https://www.bilibili.com/video/BV1uh1gYaEjW/?share_source=copy_web&vd_source=3fd5040fe25f6a00e19e6072bcccfa4e"
    },
    "groups": [],
    "opers": [
        {
            "name": "德克萨斯",
            "skill": 1,
            "skill_usage": 0
        },
        {
            "name": "黍",
            "skill": 1,
            "skill_usage": 0
        },
        {
            "name": "阿斯卡纶",
            "skill": 1,
            "skill_usage": 0
        },
        {
            "name": "乌尔比安",
            "skill": 2,
            "skill_usage": 0
        },
        {
            "name": "歌蕾蒂娅",
            "skill": 1,
            "skill_usage": 0
        },
        {
            "name": "逻各斯",
            "skill": 1,
            "skill_usage": 0
        }
    ]
}