{
    "minimum_required": "v4.0.0",
    "stage_name": "camp_r_26",
    "actions": [
        {
            "type": "Deploy",
            "name": "伊内丝",
            "location": [
                6,
                4
            ],
            "direction": "Down"
        },
        {
            "type": "Deploy",
            "name": "Lancet-2",
            "location": [
                8,
                2
            ],
            "direction": "Down"
        },
        {
            "type": "Deploy",
            "name": "塑心",
            "location": [
                3,
                4
            ],
            "direction": "Down"
        },
        {
            "type": "SpeedUp"
        },
        {
            "type": "Deploy",
            "name": "阻流阀",
            "location": [
                4,
                6
            ],
            "direction": "None"
        },
        {
            "type": "Deploy",
            "name": "阻流阀",
            "location": [
                6,
                2
            ],
            "direction": "None"
        },
        {
            "type": "Deploy",
            "name": "泵站",
            "location": [
                5,
                7
            ],
            "direction": "Right"
        },
        {
            "type": "Deploy",
            "name": "逻各斯",
            "location": [
                7,
                3
            ],
            "direction": "Down",
            "costs": 46
        },
        {
            "type": "Deploy",
            "name": "维什戴尔",
            "location": [
                3,
                7
            ],
            "direction": "Right"
        },
        {
            "type": "Retreat",
            "name": "伊内丝",
            "location": [
                6,
                4
            ],
            "costs": 6
        },
        {
            "type": "Deploy",
            "name": "泵站",
            "location": [
                8,
                1
            ],
            "direction": "Right"
        },
        {
            "type": "Retreat",
            "location": [
                4,
                7
            ]
        },
        {
            "type": "SkillDaemon"
        }
    ],
    "doc": {
        "title": "4人1车 炎国 - 壬午号水稻田 - 壬午号水稻田",
        "details": "作业更新日期: 2025-01-05T23:14:20Z\n统计更新日期: 2025-01-07\n好评率：81.82%  浏览量：1115\n来源：晓丶梦丶仁  ID：45326\n@晓丶梦丶仁 改编\n@克洛丝攻略组 原创\n3个C，其中一个可以练度不高"
    },
    "groups": [],
    "opers": [
        {
            "name": "塑心",
            "skill": 1,
            "skill_usage": 0
        },
        {
            "name": "逻各斯",
            "skill": 1,
            "skill_usage": 0
        },
        {
            "name": "维什戴尔",
            "skill": 1,
            "skill_usage": 0
        },
        {
            "name": "伊内丝",
            "skill": 1,
            "skill_usage": 0
        },
        {
            "name": "Lancet-2",
            "skill": 1,
            "skill_usage": 0
        }
    ]
}