{
    "minimum_required": "v4.0.0",
    "doc": {
        "title": "棘刺+星熊+艾雅法拉+温蒂+桃金娘+煌+拉普兰德+伊芙利特+闪灵+水月",
        "details": "作业更新日期: 2023-11-12T00:48:52Z\n统计更新日期: 2024-11-30\n好评率：84.62%  浏览量：1057\n来源：imalone  ID：30079\n作业 盘桓蜀道"
    },
    "stage_name": "camp_r_11",
    "opers": [
        {
            "name": "棘刺",
            "skill": 3,
            "skill_usage": 1
        },
        {
            "name": "星熊",
            "skill": 2,
            "skill_usage": 0
        },
        {
            "name": "艾雅法拉",
            "skill": 2,
            "skill_usage": 0
        },
        {
            "name": "温蒂",
            "skill": 2,
            "skill_usage": 0
        },
        {
            "name": "桃金娘",
            "skill": 1,
            "skill_usage": 1
        },
        {
            "name": "煌",
            "skill": 2,
            "skill_usage": 0
        },
        {
            "name": "拉普兰德",
            "skill": 2,
            "skill_usage": 0
        },
        {
            "name": "伊芙利特",
            "skill": 2,
            "skill_usage": 0
        },
        {
            "name": "纯烬艾雅法拉",
            "skill": 1,
            "skill_usage": 0
        },
        {
            "name": "水月",
            "skill": 1,
            "skill_usage": 0
        }
    ],
    "actions": [
        {
            "type": "SpeedUp",
            "name": ""
        },
        {
            "type": "Deploy",
            "name": "拉普兰德",
            "location": [
                7,
                3
            ],
            "direction": "Right"
        },
        {
            "type": "Deploy",
            "name": "桃金娘",
            "location": [
                1,
                2
            ],
            "direction": "Down"
        },
        {
            "type": "Deploy",
            "name": "棘刺",
            "location": [
                9,
                5
            ],
            "direction": "Up"
        },
        {
            "type": "Deploy",
            "name": "水月",
            "location": [
                1,
                3
            ],
            "direction": "Down"
        },
        {
            "type": "Deploy",
            "name": "温蒂",
            "location": [
                1,
                1
            ],
            "direction": "Down"
        },
        {
            "type": "Deploy",
            "name": "纯烬艾雅法拉",
            "location": [
                7,
                1
            ],
            "direction": "Down"
        },
        {
            "type": "Deploy",
            "name": "星熊",
            "location": [
                7,
                2
            ],
            "direction": "Right"
        },
        {
            "type": "Deploy",
            "name": "伊芙利特",
            "location": [
                10,
                6
            ],
            "direction": "Up"
        },
        {
            "type": "Deploy",
            "name": "艾雅法拉",
            "location": [
                11,
                6
            ],
            "direction": "Up"
        },
        {
            "type": "Deploy",
            "name": "煌",
            "location": [
                8,
                4
            ],
            "direction": "Up"
        },
        {
            "type": "Retreat",
            "name": "桃金娘"
        },
        {
            "type": "SkillDaemon",
            "name": ""
        }
    ],
    "groups": []
}