{
    "minimum_required": "v4.0.0",
    "stage_name": "camp_r_27",
    "actions": [
        {
            "type": "Deploy",
            "name": "德克萨斯",
            "location": [
                5,
                6
            ],
            "direction": "Up"
        },
        {
            "type": "SpeedUp"
        },
        {
            "type": "Deploy",
            "name": "纯烬艾雅法拉",
            "location": [
                3,
                7
            ],
            "direction": "Up"
        },
        {
            "type": "Deploy",
            "name": "棘刺",
            "location": [
                4,
                5
            ],
            "direction": "Right"
        },
        {
            "type": "Deploy",
            "name": "重岳",
            "location": [
                5,
                4
            ],
            "direction": "Left"
        },
        {
            "type": "Deploy",
            "name": "号角",
            "location": [
                5,
                5
            ],
            "direction": "Right"
        },
        {
            "type": "Skill",
            "name": "棘刺",
            "kills": 20
        },
        {
            "type": "Skill",
            "name": "重岳"
        },
        {
            "type": "Deploy",
            "name": "煌",
            "location": [
                4,
                4
            ],
            "direction": "Right"
        },
        {
            "type": "SkillDaemon"
        }
    ],
    "doc": {
        "title": "莱塔尼亚 - 选帝侯广场 - 重岳版",
        "details": "作业更新日期: 2025-03-02T23:48:45Z\n统计更新日期: 2025-03-06\n好评率：86.54%  浏览量：3862\n来源：萨拉托加  ID：47941\nJSON作者萨拉托加\n作业交流群545928846，如果作业有问题可以加群找我，评论区不能及时回复，还可以去群里蹲我的新作业"
    },
    "groups": [],
    "opers": [
        {
            "skill_times": 4,
            "name": "重岳",
            "skill": 3,
            "skill_usage": 2
        },
        {
            "name": "德克萨斯",
            "skill": 1,
            "skill_usage": 0
        },
        {
            "name": "纯烬艾雅法拉",
            "skill": 1,
            "skill_usage": 0
        },
        {
            "name": "棘刺",
            "skill": 3,
            "skill_usage": 2,
            "skill_times": 1
        },
        {
            "name": "煌",
            "skill": 2,
            "skill_usage": 0
        },
        {
            "name": "号角",
            "skill": 1,
            "skill_usage": 0
        }
    ]
}