{
  "minimum_required": "v4.0.0",
  "stage_name": "level_crisis_v2_02-02",
  "actions": [
    {
      "type": "Deploy",
      "name": "桃金娘",
      "location": [
        7,
        4
      ],
      "direction": "Right"
    },
    {
      "type": "Deploy",
      "name": "拉普兰德",
      "location": [
        8,
        3
      ],
      "direction": "Up"
    },
    {
      "type": "Deploy",
      "name": "奶盾",
      "location": [
        8,
        2
      ],
      "direction": "Up"
    },
    {
      "type": "SpeedUp"
    },
    {
      "type": "Deploy",
      "name": "艾雅法拉",
      "location": [
        6,
        1
      ],
      "direction": "Right"
    },
    {
      "type": "Deploy",
      "name": "泥岩",
      "location": [
        8,
        1
      ],
      "direction": "Up"
    },
    {
      "type": "Deploy",
      "name": "德克萨斯",
      "location": [
        4,
        2
      ],
      "direction": "Right"
    },
    {
      "type": "SkillUsage",
      "name": "桃金娘",
      "skill_usage": 0
    },
    {
      "type": "SkillDaemon"
    }
  ],
  "doc": {
    "title": "危机合约 - 潮曦作战 - 月落环巷200分",
    "details": "tag从上往下，从左到右，一共三大串\n第一大串，全选，第一个OR选下，第二个OR选上\n第二大串，第一个OR选下\n最后一串，选20 10 10 30那行和下面的降防10\n原作者自在道爷 JSON作者萨拉托加\n【【潮曦作战】不朽厅堂620挂机流，轮换镀层都不愁！更新3.28 月落环巷200，语音快乐详解，轻松解放双手 | 明日方舟攻略-危机合约 #2】 https://www.bilibili.com/video/BV18x4y1m7NA/?p=2&share_source=copy_web&vd_source=3fd5040fe25f6a00e19e6072bcccfa4e"
  },
  "groups": [
    {
      "name": "奶盾",
      "opers": [
        {
          "name": "黍",
          "skill": 1,
          "skill_usage": 0
        },
        {
          "name": "塞雷娅",
          "skill": 2,
          "skill_usage": 0
        }
      ]
    }
  ],
  "opers": [
    {
      "name": "桃金娘",
      "skill": 1,
      "skill_usage": 1
    },
    {
      "name": "拉普兰德",
      "skill": 2,
      "skill_usage": 0
    },
    {
      "name": "泥岩",
      "skill": 2,
      "skill_usage": 0
    },
    {
      "name": "艾雅法拉",
      "skill": 2,
      "skill_usage": 0
    },
    {
      "name": "德克萨斯",
      "skill": 1,
      "skill_usage": 0
    }
  ]
}