{
  "minimum_required": "v4.0.0",
  "stage_name": "main_06-07",
  "actions": [
    {
      "type": "Deploy",
      "name": "翎羽",
      "location": [
        4,
        3
      ],
      "direction": "Left",
      "rear_delay": 0
    },
    {
      "type": "Deploy",
      "name": "月见夜",
      "location": [
        6,
        4
      ],
      "direction": "Left",
      "rear_delay": 0
    },
    {
      "type": "SpeedUp",
      "rear_delay": 0
    },
    {
      "type": "Retreat",
      "kills": 3,
      "name": "翎羽",
      "rear_delay": 0
    },
    {
      "type": "Deploy",
      "name": "棘刺",
      "location": [
        6,
        3
      ],
      "direction": "Left",
      "rear_delay": 0
    },
    {
      "type": "Deploy",
      "name": "安赛尔",
      "location": [
        6,
        1
      ],
      "direction": "Down",
      "rear_delay": 0
    },
    {
      "type": "SkillDaemon"
    }
  ],
  "doc": {
    "title": "第六章 局部坏死 - 6-8 - 只是从天而降！",
    "details": "作者：YueShen"
  },
  "groups": [],
  "opers": [
    {
      "name": "棘刺",
      "skill": 3,
      "skill_usage": 1
    },
    {
      "name": "月见夜",
      "skill": 1,
      "skill_usage": 1
    },
    {
      "name": "安赛尔",
      "skill": 1,
      "skill_usage": 1
    },
    {
      "name": "翎羽",
      "skill": 1,
      "skill_usage": 1
    }
  ]
}