{
    "minimum_required": "v4.0",
    "doc": {
        "title": "【愚人号】SN-1单人",
        "details": "UP主：萧然Q\n原视频：https://www.bilibili.com/video/av726209538/\n有问题联系制作者QQ2586582719"
    },
    "stage_name": "SN-1",
    "opers": [
        {
            "name": "煌",
            "skill": 2,
            "skill_usage": 0
        }
    ],
    "actions": [
        {
            "type": "二倍速",
            "name": ""
        },
        {
            "type": "部署",
            "name": "煌",
            "location": [
                6,
                2
            ],
            "direction": "左"
        },
        {
            "type": "打印",
            "name": "",
            "doc": "有问题联系制作者QQ2586582719",
            "doc_color": "SpringGreen"
        }
    ]
}