{
    "minimum_required": "v4.0",
    "doc": {
        "title": "【愚人号】SN-S-4-A十人",
        "details": "UP主：萧然Q\n原视频：https://www.bilibili.com/video/av683885831/\n——————\n小帮手：\n1 1\n1 2\n   2\n——————\n有问题联系制作者QQ2586582719"
    },
    "stage_name": "SN-S-4-A",
    "opers": [
        {
            "name": "桃金娘",
            "skill": 1,
            "skill_usage": 1
        },
        {
            "name": "煌",
            "skill": 2,
            "skill_usage": 0
        },
        {
            "name": "拉普兰德",
            "skill": 2,
            "skill_usage": 0
        },
        {
            "name": "塞雷娅",
            "skill": 1,
            "skill_usage": 0
        },
        {
            "name": "星熊",
            "skill": 2,
            "skill_usage": 0
        },
        {
            "name": "艾雅法拉",
            "skill": 2,
            "skill_usage": 0
        },
        {
            "name": "伊芙利特",
            "skill": 2,
            "skill_usage": 0
        },
        {
            "name": "闪灵",
            "skill": 2,
            "skill_usage": 0
        },
        {
            "name": "白面鸮",
            "skill": 2,
            "skill_usage": 0
        },
        {
            "name": "蜜莓",
            "skill": 1,
            "skill_usage": 0
        }
    ],
    "actions": [
        {
            "type": "二倍速",
            "name": ""
        },
        {
            "type": "部署",
            "name": "桃金娘",
            "location": [
                1,
                7
            ],
            "direction": "右"
        },
        {
            "type": "部署",
            "name": "煌",
            "location": [
                2,
                4
            ],
            "direction": "上"
        },
        {
            "type": "部署",
            "name": "塞雷娅",
            "location": [
                2,
                2
            ],
            "direction": "右"
        },
        {
            "type": "部署",
            "name": "星熊",
            "location": [
                2,
                7
            ],
            "direction": "右"
        },
        {
            "type": "部署",
            "name": "拉普兰德",
            "location": [
                1,
                2
            ],
            "direction": "右"
        },
        {
            "type": "部署",
            "name": "蜜莓",
            "location": [
                1,
                6
            ],
            "direction": "右"
        },
        {
            "type": "部署",
            "name": "伊芙利特",
            "location": [
                3,
                3
            ],
            "direction": "下"
        },
        {
            "type": "部署",
            "name": "白面鸮",
            "location": [
                2,
                3
            ],
            "direction": "右"
        },
        {
            "type": "部署",
            "name": "艾雅法拉",
            "location": [
                1,
                1
            ],
            "direction": "右"
        },
        {
            "type": "部署",
            "name": "闪灵",
            "location": [
                2,
                5
            ],
            "direction": "下"
        },
        {
            "type": "撤退",
            "name": "桃金娘"
        },
        {
            "type": "打印",
            "name": "",
            "doc": "有问题联系制作者QQ2586582719",
            "doc_color": "SpringGreen"
        }
    ]
}