{
  "minimum_required": "v4.0.0",
  "stage_name": "act17side_s03_b",
  "actions": [
    {
      "type": "SpeedUp",
      "name": ""
    },
    {
      "type": "Deploy",
      "name": "能天使",
      "location": [
        9,
        2
      ],
      "direction": "Left"
    },
    {
      "type": "Deploy",
      "name": "克洛丝",
      "location": [
        2,
        4
      ],
      "direction": "Up"
    },
    {
      "type": "Deploy",
      "name": "艾雅法拉",
      "location": [
        9,
        4
      ],
      "direction": "Left"
    },
    {
      "type": "Deploy",
      "name": "星熊",
      "location": [
        7,
        4
      ],
      "direction": "Down"
    },
    {
      "type": "Deploy",
      "name": "蜜莓",
      "location": [
        10,
        3
      ],
      "direction": "Left"
    },
    {
      "type": "Deploy",
      "name": "伊芙利特",
      "location": [
        9,
        3
      ],
      "direction": "Left"
    },
    {
      "type": "Deploy",
      "name": "圣徒之手",
      "location": [
        1,
        6
      ],
      "direction": "Up",
      "pre_delay": 2000
    },
    {
      "type": "Output",
      "name": "",
      "doc": "有问题联系制作者QQ2586582719",
      "doc_color": "SpringGreen"
    }
  ],
  "doc": {
    "title": "【愚人号】SN-S-3-B六人",
    "details": "UP主：萧然Q\n原视频：https://www.bilibili.com/video/av683885831/\n——————\n小帮手：\n1 2\n1 2\n   2\n——————\n有问题联系制作者QQ2586582719"
  },
  "groups": [
    {
      "name": "速狙",
      "opers": [
        {
          "name": "灰烬",
          "skill": 1,
          "skill_usage": 0
        },
        {
          "name": "空弦",
          "skill": 1,
          "skill_usage": 0
        },
        {
          "name": "蓝毒",
          "skill": 1,
          "skill_usage": 0
        },
        {
          "name": "流星",
          "skill": 1,
          "skill_usage": 0
        },
        {
          "name": "克洛丝",
          "skill": 1,
          "skill_usage": 0
        }
      ]
    }
  ],
  "opers": [
    {
      "name": "星熊",
      "skill": 2,
      "skill_usage": 0
    },
    {
      "name": "能天使",
      "skill": 1,
      "skill_usage": 0
    },
    {
      "name": "艾雅法拉",
      "skill": 2,
      "skill_usage": 0
    },
    {
      "name": "伊芙利特",
      "skill": 2,
      "skill_usage": 0
    },
    {
      "name": "蜜莓",
      "skill": 1,
      "skill_usage": 0
    }
  ]
}