{
    "minimum_required": "v4.0.0",
    "stage_name": "act23side_07",
    "actions": [
        {
            "type": "Deploy",
            "name": "重岳",
            "location": [
                6,
                3
            ],
            "direction": "Right"
        },
        {
            "type": "SpeedUp"
        },
        {
            "type": "Deploy",
            "name": "守护者",
            "location": [
                8,
                3
            ],
            "direction": "Right",
            "kills": 7
        },
        {
            "type": "Deploy",
            "name": "仇白",
            "location": [
                7,
                3
            ],
            "direction": "Right"
        },
        {
            "type": "SpeedUp",
            "kills": 19
        },
        {
            "type": "Skill",
            "name": "仇白",
            "location": [
                7,
                3
            ],
            "kills": 30
        },
        {
            "type": "SpeedUp"
        },
        {
            "type": "SkillUsage",
            "name": "仇白",
            "skill_usage": 1
        },
        {
            "type": "SkillDaemon",
            "doc_color": "#d63384",
            "doc": "如果觉得实用，请赏个好评吧~"
        }
    ],
    "doc": {
        "title": "重岳X 仇白X 模组任务一起做",
        "details": "作业更新日期: 2024-07-06T16:27:59Z\n统计更新日期: 2025-02-08\n好评率：96.15%  浏览量：391\n来源：Issuing2890  ID：39155\nLuCifer大膜王，http://b23.tv/BV17t421c7BW/\n模组任务：\n重岳以外仅可编入4名干员\n仇白至少击败3台“破坚”"
    },
    "groups": [
        {
            "name": "守护者",
            "opers": [
                {
                    "name": "塞雷娅",
                    "skill": 1,
                    "skill_usage": 0
                },
                {
                    "name": "黍",
                    "skill": 1,
                    "skill_usage": 0
                }
            ]
        }
    ],
    "opers": [
        {
            "skill_times": 5,
            "name": "重岳",
            "skill": 3,
            "skill_usage": 2
        },
        {
            "name": "仇白",
            "skill": 3,
            "skill_usage": 0
        }
    ]
}