{
    "minimum_required": "v4.0.0",
    "stage_name": "mem_mudrok_1",
    "actions": [
        {
            "type": "Deploy",
            "name": "泥岩",
            "location": [
                1,
                3
            ],
            "direction": "Right"
        },
        {
            "type": "SpeedUp"
        },
        {
            "type": "Skill",
            "name": "泥岩",
            "location": [
                1,
                3
            ],
            "kills": 2,
            "pre_delay": 4000
        },
        {
            "type": "Skill",
            "name": "泥岩",
            "location": [
                1,
                2
            ],
            "costs": 40
        },
        {
            "type": "Skill",
            "name": "泥岩",
            "location": [
                1,
                3
            ],
            "kills": 14,
            "pre_delay": 6000
        }
    ],
    "doc": {
        "title": "重装 - 泥岩 - 只此一人【泥岩悖论模拟】",
        "details": "作业更新日期: 2024-08-03T11:13:17Z\n统计更新日期: 2024-11-02\n好评率：94.34%  浏览量：1457\n来源：小卡拉帕鲁灰  ID：39875\n泥岩悖论模拟-已测试\n练度：精二90级、专二3技能（等级具体可以多低不知道）\n悖论模拟需要在MAA中关闭“自动编队”，\n选好3技能后处于红色ui“开始模拟”界面，maa就可以按开始了"
    },
    "groups": [],
    "opers": [
        {
            "name": "泥岩",
            "skill": 3,
            "skill_usage": 0
        }
    ]
}