{
    "stageName": "mem_rope_1",
    "doc": {
        "title": "特种 - 暗索 - 哎呀，人呢？",
        "title_color": "Gray",
        "details": "——————————\n作业更新日期: 2023-03-04T12:25:35Z\n统计更新日期: 2025-04-12\n好评率：75.0%  浏览量：844\n来源：xf22cn@qq.com  ID：21289\n——————————\n思路参考：猫物语  https://www.bilibili.com/video/BV1nB4y1w71h/ \n整体略有调整\n暗索    精二1级  2技能7级  未专精\n",
        "details_color": "Gray"
    },
    "opers": [
        {
            "name": "暗索",
            "skill": 2,
            "skill_usage": 1,
            "requirements": {
                "elite": 0,
                "level": 0,
                "skill_level": 0,
                "module": 0,
                "potentiality": 0
            }
        },
        {
            "name": "芙兰卡",
            "skill": 1,
            "skill_usage": 0,
            "requirements": {
                "elite": 0,
                "level": 0,
                "skill_level": 0,
                "module": 0,
                "potentiality": 0
            }
        },
        {
            "name": "缠丸",
            "skill": 1,
            "skill_usage": 0,
            "requirements": {
                "elite": 0,
                "level": 0,
                "skill_level": 0,
                "module": 0,
                "potentiality": 0
            }
        },
        {
            "name": "白面鸮",
            "skill": 1,
            "skill_usage": 0,
            "requirements": {
                "elite": 0,
                "level": 0,
                "skill_level": 0,
                "module": 0,
                "potentiality": 0
            }
        },
        {
            "name": "便携式补给站",
            "skill": 1,
            "skill_usage": 0,
            "requirements": {
                "elite": 0,
                "level": 0,
                "skill_level": 0,
                "module": 0,
                "potentiality": 0
            }
        }
    ],
    "groups": [],
    "minimumRequired": "v4.0.0",
    "difficulty": 0
}