{
    "stageName": "mem_vrdant_1",
    "doc": {
        "title": "特种 - 维荻 - 请勿踩踏",
        "title_color": "Gray",
        "details": "——————————\n作业更新日期: 2024-07-15T08:42:38Z\n统计更新日期: 2025-04-12\n好评率：90.0%  浏览量：334\n来源：一只摆烂的42  ID：39479\n——————————\nhttps://www.bilibili.com/video/BV13F4m1T7d8/\n感谢 @b服 70#2255 的测试\n练度精二1级 5级技能\n制作者：一只摆烂的42\n有问题联系QQ2586582719\n修改自用请删除我的QQ",
        "details_color": "Gray"
    },
    "opers": [
        {
            "name": "维荻",
            "skill": 2,
            "skill_usage": 0,
            "requirements": {
                "elite": 0,
                "level": 0,
                "skill_level": 0,
                "module": 0,
                "potentiality": 0
            }
        }
    ],
    "groups": [],
    "minimumRequired": "v4.0.0",
    "difficulty": 0
}