{
    "minimum_required": "v4.0.0",
    "stage_name": "wk_armor_3",
    "actions": [
        {
            "type": "SpeedUp"
        },
        {
            "type": "Deploy",
            "name": "逻各斯",
            "location": [
                4,
                4
            ],
            "direction": "Right",
            "costs": 21,
            "cost_changes": 0
        }
    ],
    "doc": {
        "title": "一步挂机 SK-3 高练度",
        "details": "作业更新日期: 2024-10-19T08:29:06Z\n统计更新日期: 2024-10-23\n好评率：100.0%  浏览量：8\n来源：Chixiaoyan  ID：42619\n一步挂机 SK-3 高练度"
    },
    "groups": [],
    "opers": [
        {
            "skill_times": 1,
            "name": "逻各斯",
            "skill": 1,
            "skill_usage": 2
        }
    ]
}