{
    "minimum_required": "v4.0",
    "doc": {
        "title": "10-12 (磨难) 三人",
        "details": "https://www.bilibili.com/video/av980684831/"
    },
    "stage_name": "obt/main/level_tough_10-11",
    "opers": [
        {
            "name": "星熊",
            "skill": 2,
            "skill_usage": 0
        },
        {
            "name": "山",
            "skill": 2,
            "skill_usage": 2
        },
        {
            "name": "闪灵",
            "skill": 2,
            "skill_usage": 0
        }
    ],
    "actions": [
        {
            "type": "SpeedUp",
            "name": ""
        },
        {
            "type": "Deploy",
            "name": "山",
            "location": [
                10,
                3
            ],
            "direction": "Left"
        },
        {
            "type": "Deploy",
            "name": "星熊",
            "location": [
                6,
                2
            ],
            "direction": "Left"
        },
        {
            "type": "部署",
            "name": "闪灵",
            "location": [
                7,
                5
            ],
            "direction": "上"
        },
        {
            "type": "Output",
            "name": "",
            "doc": "制作者2586582719",
            "doc_color": "SpringGreen"
        }
    ]
}