{
    "minimum_required": "v4.0.0",
    "stage_name": "act46side_s03",
    "actions": [
        {
            "type": "SpeedUp"
        },
        {
            "type": "Deploy",
            "name": "圣聆初雪",
            "location": [
                11,
                4
            ],
            "direction": "Up"
        },
        {
            "type": "SkillDaemon"
        }
    ],
    "doc": {
        "title": "OS-S-3 - 雪孩子 仅普通可用",
        "details": "——————————\n作业更新日期: 2025-11-15T09:47:30Z\n统计更新日期: 2025-11-22\n相对评分：93.94%  相对热度：71.71%\n来源：pppie  ID：75437\n——————————\n仅普通可用，突袭作业：maa://75435\n满配初雪，非满配可带三模羊挂件\n参考作品B站：林北菌er【【OS-S-3】初雪单人，单人一步，摆完挂机，简单好抄一遍过】 https://www.bilibili.com/video/BV1fDCkB8EDZ/"
    },
    "groups": [
        {
            "name": "术士挂件",
            "opers": [
                {
                    "name": "艾雅法拉",
                    "skill": 2,
                    "skill_usage": 0
                }
            ]
        }
    ],
    "opers": [
        {
            "name": "圣聆初雪",
            "skill": 2,
            "skill_usage": 0
        }
    ],
    "difficulty": 1
}