{
    "minimum_required": "v4.0.0",
    "stage_name": "act46side_s03",
    "actions": [
        {
            "type": "SpeedUp"
        },
        {
            "type": "Deploy",
            "name": "圣聆初雪",
            "location": [
                11,
                3
            ],
            "direction": "Up"
        },
        {
            "type": "Deploy",
            "name": "阿斯卡纶",
            "location": [
                10,
                3
            ],
            "direction": "Down"
        },
        {
            "type": "SkillDaemon"
        }
    ],
    "doc": {
        "title": "OS-S-3 - 雪孩子 仅突袭可用",
        "details": "——————————\n作业更新日期: 2025-11-15T09:42:32Z\n统计更新日期: 2025-11-22\n相对评分：95.96%  相对热度：83.37%\n来源：pppie  ID：75435\n——————————\n仅突袭可用，普通作业：maa://75436\n参考作品B站：若梦ね【【OS-S-3突袭】 2人2步挂机】 https://www.bilibili.com/video/BV1fXCkBFEUp/"
    },
    "groups": [],
    "opers": [
        {
            "name": "阿斯卡纶",
            "skill": 1,
            "skill_usage": 0
        },
        {
            "name": "圣聆初雪",
            "skill": 2,
            "skill_usage": 0
        }
    ],
    "difficulty": 2
}