{
    "minimum_required": "v4.0.0",
    "stage_name": "main_16-03",
    "actions": [
        {
            "type": "Deploy",
            "name": "煌",
            "direction": "Down",
            "location": [
                1,
                2
            ]
        },
        {
            "type": "Deploy",
            "name": "艾雅法拉",
            "direction": "Up",
            "location": [
                2,
                5
            ]
        },
        {
            "type": "Deploy",
            "name": "奶盾",
            "direction": "Down",
            "location": [
                1,
                3
            ]
        },
        {
            "type": "SpeedUp"
        },
        {
            "type": "SkillDaemon"
        }
    ],
    "doc": {
        "title": "反常光谱 - 16-4",
        "details": "——————————\n作业更新日期: 2025-10-09T13:46:16Z\n统计更新日期: 2025-11-03\n相对评分：100.00%  相对热度：100.00%\n来源：萨拉托加  ID：70703\n——————————\n沙盘推演全选左\n原作者：萧然Q json作者：萨拉托加\n作业交流群群号216314927，可蹲作业，有问题进群找我，作业站消息没提醒看不到\n【【反常光谱】16章主线磨难险地/沙盘推演全关卡 摆完挂机 简单好抄】 https://www.bilibili.com/video/BV1vnx6zHEyg/?share_source=copy_web&vd_source=3fd5040fe25f6a00e19e6072bcccfa4e"
    },
    "groups": [
        {
            "name": "奶盾",
            "opers": [
                {
                    "name": "黍",
                    "skill": 1,
                    "skill_usage": 0
                },
                {
                    "name": "塞雷娅",
                    "skill": 1,
                    "skill_usage": 0
                }
            ]
        }
    ],
    "opers": [
        {
            "name": "煌",
            "skill": 2,
            "skill_usage": 0
        },
        {
            "name": "艾雅法拉",
            "skill": 2,
            "skill_usage": 0
        }
    ]
}