{
    "minimum_required": "v4.0.0",
    "stage_name": "act1break_11",
    "actions": [
        {
            "type": "Deploy",
            "name": "伊内丝",
            "location": [
                8,
                4
            ],
            "direction": "Right"
        },
        {
            "type": "Deploy",
            "name": "塑心",
            "location": [
                4,
                4
            ],
            "direction": "Down"
        },
        {
            "type": "Deploy",
            "name": "黍",
            "location": [
                5,
                5
            ],
            "direction": "Down"
        },
        {
            "type": "Deploy",
            "name": "纯烬艾雅法拉",
            "location": [
                7,
                6
            ],
            "direction": "Up"
        },
        {
            "type": "Deploy",
            "name": "娜仁图亚",
            "location": [
                9,
                5
            ],
            "direction": "Up"
        },
        {
            "type": "Deploy",
            "name": "星熊",
            "location": [
                7,
                5
            ],
            "direction": "Right"
        },
        {
            "type": "Deploy",
            "name": "阿斯卡纶",
            "location": [
                4,
                5
            ],
            "direction": "Left"
        },
        {
            "type": "Deploy",
            "name": "维什戴尔",
            "location": [
                9,
                3
            ],
            "direction": "Down"
        },
        {
            "type": "SpeedUp"
        },
        {
            "type": "Retreat",
            "name": "伊内丝",
            "costs": 15
        },
        {
            "type": "Deploy",
            "name": "逻各斯",
            "location": [
                5,
                4
            ],
            "direction": "Right"
        },
        {
            "type": "SkillUsage",
            "name": "维什戴尔",
            "skill_usage": 1
        },
        {
            "type": "SkillDaemon"
        }
    ],
    "doc": {
        "title": "VEC-11 - 寒暑不分",
        "details": "——————————\n作业更新日期: 2025-05-16T02:09:08Z\n统计更新日期: 2025-11-03\n相对评分：100.00%  相对热度：100.00%\n来源：萨拉托加  ID：54652\n——————————\n需要完成1-5特别战线关卡拿补给\n原作者萧然Q json作者：萨拉托加\n作业交流群群号1009052305，可蹲作业，有问题进群找我，作业站消息没提醒看不到\n【【矢量突破#1 无机物】全关卡 尽量摆完挂机 简单好抄】 https://www.bilibili.com/video/BV1u7EnzTEd8/?p=8&share_source=copy_web&vd_source=3fd5040fe25f6a00e19e6072bcccfa4e"
    },
    "groups": [],
    "opers": [
        {
            "name": "伊内丝",
            "skill": 1,
            "skill_usage": 0
        },
        {
            "name": "逻各斯",
            "skill": 1,
            "skill_usage": 0
        },
        {
            "name": "阿斯卡纶",
            "skill": 1,
            "skill_usage": 0
        },
        {
            "name": "星熊",
            "skill": 2,
            "skill_usage": 0
        },
        {
            "name": "维什戴尔",
            "skill": 3,
            "skill_usage": 2,
            "skill_times": 1
        },
        {
            "name": "纯烬艾雅法拉",
            "skill": 1,
            "skill_usage": 0
        },
        {
            "name": "黍",
            "skill": 1,
            "skill_usage": 0
        },
        {
            "name": "娜仁图亚",
            "skill": 1,
            "skill_usage": 2,
            "skill_times": 1
        },
        {
            "name": "塑心",
            "skill": 1,
            "skill_usage": 0
        }
    ]
}