{
    "minimum_required": "v4.0.0",
    "stage_name": "hard_16-01",
    "actions": [
        {
            "type": "Skill",
            "location": [
                3,
                4
            ],
            "costs": 25
        },
        {
            "type": "Deploy",
            "name": "娜仁图亚",
            "location": [
                2,
                4
            ],
            "direction": "Left"
        },
        {
            "type": "Deploy",
            "name": "塞雷娅",
            "direction": "Down",
            "location": [
                1,
                4
            ]
        },
        {
            "type": "Deploy",
            "name": "遥",
            "direction": "Down",
            "location": [
                4,
                4
            ],
            "kills": 3,
            "costs": 42
        },
        {
            "type": "Deploy",
            "name": "乌尔比安",
            "direction": "Down",
            "location": [
                6,
                5
            ],
            "kills": 4,
            "costs": 42
        },
        {
            "type": "Deploy",
            "name": "黍",
            "location": [
                5,
                5
            ],
            "direction": "Down"
        },
        {
            "type": "Deploy",
            "name": "斩业星熊",
            "location": [
                5,
                6
            ],
            "direction": "Right"
        },
        {
            "type": "SpeedUp"
        },
        {
            "type": "SkillDaemon"
        }
    ],
    "doc": {
        "title": "H16-1",
        "details": "——————————\n作业更新日期: 2025-10-16T09:44:58Z\n统计更新日期: 2025-11-03\n相对评分：100.00%  相对热度：100.00%\n来源：萨拉托加  ID：71667\n——————————\n原作者：萧然Q json作者：萨拉托加\n作业交流群群号216314927，可蹲作业，有问题进群找我，作业站消息没提醒看不到\n【【反常光谱】H16-1至H16-4 摆完挂机 简单好抄 明日方舟主线15章】 https://www.bilibili.com/video/BV1FNWvzgEHf/?share_source=copy_web&vd_source=3fd5040fe25f6a00e19e6072bcccfa4e"
    },
    "groups": [],
    "opers": [
        {
            "name": "乌尔比安",
            "skill": 2,
            "skill_usage": 0
        },
        {
            "name": "黍",
            "skill": 1,
            "skill_usage": 0
        },
        {
            "name": "娜仁图亚",
            "skill_usage": 2,
            "skill_times": 1,
            "skill": 1
        },
        {
            "name": "塞雷娅",
            "skill": 1,
            "skill_usage": 0
        },
        {
            "name": "斩业星熊",
            "skill": 2,
            "skill_usage": 0
        },
        {
            "name": "遥",
            "skill_usage": 2,
            "skill_times": 2,
            "skill": 2
        }
    ]
}