{
    "minimum_required": "v4.0.0",
    "stage_name": "act25side_ex08",
    "actions": [
        {
            "type": "Deploy",
            "name": "德克萨斯",
            "location": [
                9,
                3
            ],
            "direction": "Down"
        },
        {
            "type": "Deploy",
            "name": "浊心斯卡蒂",
            "location": [
                7,
                3
            ],
            "direction": "Down"
        },
        {
            "type": "Deploy",
            "name": "桃金娘",
            "location": [
                10,
                2
            ],
            "direction": "Left"
        },
        {
            "type": "Deploy",
            "name": "澄闪",
            "location": [
                7,
                1
            ],
            "direction": "Down"
        },
        {
            "type": "Deploy",
            "name": "奶",
            "location": [
                8,
                2
            ],
            "direction": "Left"
        },
        {
            "type": "SpeedUp"
        },
        {
            "type": "Deploy",
            "name": "铃兰",
            "location": [
                6,
                3
            ],
            "direction": "Down"
        },
        {
            "type": "Deploy",
            "name": "伊芙利特",
            "location": [
                8,
                1
            ],
            "direction": "Left"
        },
        {
            "type": "Deploy",
            "name": "夜莺",
            "location": [
                8,
                3
            ],
            "direction": "Left"
        },
        {
            "type": "Deploy",
            "name": "艾雅法拉",
            "location": [
                5,
                3
            ],
            "direction": "Down"
        },
        {
            "type": "Retreat",
            "name": "桃金娘",
            "costs": 20
        },
        {
            "type": "Deploy",
            "name": "地刺",
            "location": [
                6,
                2
            ],
            "direction": "Down"
        },
        {
            "type": "Retreat",
            "name": "德克萨斯"
        },
        {
            "type": "Deploy",
            "name": "能天使",
            "location": [
                7,
                4
            ],
            "direction": "Down"
        },
        {
            "type": "Skill",
            "name": "夜莺",
            "kills": 28
        },
        {
            "type": "SkillDaemon"
        }
    ],
    "doc": {
        "title": "孤星 - CW-EX-8 - 寂寥的光",
        "details": "——————————\n作业更新日期: 2024-05-26T06:35:36Z\n统计更新日期: 2025-11-03\n相对评分：100.00%  相对热度：100.00%\n来源：萨拉托加  ID：37961\n——————————\n地刺要减速模组，夜莺要在boss二阶段前开技能，练度较低的奶羊换闪灵，不然澄闪可能扛不住\n如果有练EW可以抄maa://38099澄闪换EW，不满足上述条件也行\n原作者萧然Q json作者萨拉托加\n作业交流群群号216314927，有问题进群，作业站消息没提醒看不到\n【【孤星】CW全关卡 摆完挂机 简单好抄】 https://www.bilibili.com/video/BV1ch4y1J7x2/?share_source=copy_web&vd_source=3fd5040fe25f6a00e19e6072bcccfa4e"
    },
    "groups": [
        {
            "name": "奶",
            "opers": [
                {
                    "name": "纯烬艾雅法拉",
                    "skill": 1,
                    "skill_usage": 0
                },
                {
                    "name": "闪灵",
                    "skill": 2,
                    "skill_usage": 0
                }
            ]
        },
        {
            "name": "地刺",
            "opers": [
                {
                    "name": "水月",
                    "skill": 1,
                    "skill_usage": 0
                },
                {
                    "name": "阿斯卡纶",
                    "skill": 1,
                    "skill_usage": 0
                }
            ]
        }
    ],
    "opers": [
        {
            "name": "桃金娘",
            "skill": 1,
            "skill_usage": 1
        },
        {
            "name": "德克萨斯",
            "skill": 1,
            "skill_usage": 0
        },
        {
            "name": "能天使",
            "skill": 3,
            "skill_usage": 0
        },
        {
            "name": "艾雅法拉",
            "skill": 2,
            "skill_usage": 0
        },
        {
            "name": "澄闪",
            "skill": 2,
            "skill_usage": 0
        },
        {
            "name": "伊芙利特",
            "skill": 2,
            "skill_usage": 0
        },
        {
            "name": "夜莺",
            "skill": 3,
            "skill_usage": 0
        },
        {
            "name": "铃兰",
            "skill": 2,
            "skill_usage": 0
        },
        {
            "name": "浊心斯卡蒂",
            "skill": 2,
            "skill_usage": 0
        }
    ],
    "difficulty": 3
}