{
    "minimum_required": "v4.0.0",
    "stage_name": "act1vecb_08",
    "actions": [
        {
            "type": "Deploy",
            "name": "棘刺",
            "location": [
                11,
                4
            ],
            "direction": "Left"
        },
        {
            "type": "SpeedUp"
        },
        {
            "type": "Deploy",
            "name": "纯烬艾雅法拉",
            "location": [
                9,
                1
            ],
            "direction": "Down"
        },
        {
            "type": "Deploy",
            "name": "逻各斯",
            "location": [
                9,
                2
            ],
            "direction": "Down"
        },
        {
            "type": "Deploy",
            "name": "铃兰",
            "location": [
                10,
                3
            ],
            "direction": "Left"
        },
        {
            "type": "Deploy",
            "name": "高模组歌蒂或模组黍",
            "location": [
                10,
                4
            ],
            "direction": "Left"
        },
        {
            "type": "Deploy",
            "name": "乌尔比安",
            "location": [
                8,
                4
            ],
            "direction": "Right"
        },
        {
            "type": "SkillUsage",
            "name": "高模组歌蒂或模组黍",
            "pre_delay": 3000,
            "skill_usage": 1
        },
        {
            "type": "Deploy",
            "name": "闪灵",
            "location": [
                10,
                5
            ],
            "direction": "Left"
        },
        {
            "type": "SkillDaemon"
        }
    ],
    "doc": {
        "title": "VEC-08 - 思绪之隙 满增益",
        "details": "——————————\n作业更新日期: 2024-10-03T00:30:20Z\n统计更新日期: 2025-11-03\n相对评分：100.00%  相对热度：100.00%\n来源：萨拉托加  ID：41904\n——————————\n满增益 不是勿用\n原作者萧然Q JSON作者萨拉托加\n作业交流群群号1003478193，可蹲作业，有问题进群找我，作业站消息没提醒看不到\n【【矢量突破】摆完挂机 简单好抄】 https://www.bilibili.com/video/BV1RrsoeBEfP/?share_source=copy_web&vd_source=3fd5040fe25f6a00e19e6072bcccfa4e"
    },
    "groups": [
        {
            "name": "高模组歌蒂或模组黍",
            "opers": [
                {
                    "name": "黍",
                    "skill": 3,
                    "skill_usage": 0
                },
                {
                    "name": "歌蕾蒂娅",
                    "skill": 1,
                    "skill_usage": 0
                }
            ]
        }
    ],
    "opers": [
        {
            "name": "棘刺",
            "skill": 3,
            "skill_usage": 1
        },
        {
            "name": "乌尔比安",
            "skill": 2,
            "skill_usage": 0
        },
        {
            "name": "逻各斯",
            "skill": 1,
            "skill_usage": 0
        },
        {
            "name": "纯烬艾雅法拉",
            "skill": 1,
            "skill_usage": 0
        },
        {
            "name": "铃兰",
            "skill": 2,
            "skill_usage": 0
        },
        {
            "name": "闪灵",
            "skill": 2,
            "skill_usage": 0
        }
    ]
}