{
    "minimum_required": "v4.0.0",
    "stage_name": "act46side_07",
    "actions": [
        {
            "type": "Deploy",
            "name": "德克萨斯",
            "direction": "Down",
            "location": [
                8,
                1
            ]
        },
        {
            "type": "Deploy",
            "name": "塑心",
            "direction": "Down",
            "location": [
                3,
                2
            ]
        },
        {
            "type": "Deploy",
            "name": "阿斯卡纶",
            "direction": "Down",
            "location": [
                2,
                2
            ]
        },
        {
            "type": "Deploy",
            "name": "娜仁图亚",
            "direction": "Down",
            "location": [
                7,
                2
            ]
        },
        {
            "type": "Deploy",
            "name": "煌",
            "direction": "Right",
            "location": [
                2,
                1
            ]
        },
        {
            "type": "SpeedUp"
        },
        {
            "type": "SkillDaemon"
        }
    ],
    "doc": {
        "title": "OS-7 - 焚心灼影 初版",
        "details": "——————————\n作业更新日期: 2025-11-01T07:44:23Z\n统计更新日期: 2025-11-06\n相对评分：100.00%  相对热度：85.29%\n来源：萨拉托加  ID：73209\n——————————\njson作者：萨拉托加\n作业交流群群号216314927，可蹲作业，有问题进群找我，作业站消息没提醒看不到"
    },
    "groups": [],
    "opers": [
        {
            "name": "德克萨斯",
            "skill": 1,
            "skill_usage": 0
        },
        {
            "name": "塑心",
            "skill": 1,
            "skill_usage": 0
        },
        {
            "name": "娜仁图亚",
            "skill_usage": 2,
            "skill_times": 1,
            "skill": 1
        },
        {
            "name": "阿斯卡纶",
            "skill": 1,
            "skill_usage": 0
        },
        {
            "name": "煌",
            "skill": 2,
            "skill_usage": 0
        }
    ]
}