{
    "stage_name": "level_crisis_v2_04-01",
    "minimum_required": "v4.0.0",
    "doc": {
        "title": "危机合约弧光作战 滞空焦点 625",
        "details": "——————————\n作业更新日期: 2025-08-20T11:00:47Z\n统计更新日期: 2025-11-03\n相对评分：91.30%  相对热度：94.70%\n来源：萨拉托加  ID：65248\n——————————\n必须开截图增强！！！必须开截图增强！！！必须开截图增强！！！\nEW和逻各斯三模\nTAG评论区有图或者看视频\n恶敌上面两行\n衰退最上面一行+最下面第一个\n缺失全选or选下\n光刃合金全选\n钢甲右下不选，过热激光上面一行不选\n约束全选，上or选下，下or选上\n应变选最下一个\n原作者萧然Q JSON作者萨拉托加\n作业交流群群号216314927，可蹲作业，有问题进群找我，作业站消息没提醒看不到\n【【弧光作战】全关卡全任务 简单好抄（挂机持续更新中，更新至8.14联邦监狱）-哔哩哔哩】 https://b23.tv/x9wIPSx"
    },
    "opers": [
        {
            "name": "伊内丝",
            "skill": 2,
            "skill_usage": 1,
            "requirements": {
                "skill_level": 10,
                "module": 2
            }
        },
        {
            "name": "逻各斯",
            "skill": 3,
            "skill_usage": 1,
            "requirements": {
                "skill_level": 10,
                "module": 4
            }
        },
        {
            "name": "维什戴尔",
            "skill": 3,
            "requirements": {
                "level": 90,
                "skill_level": 10,
                "module": 1
            }
        },
        {
            "name": "艾雅法拉",
            "skill": 2,
            "requirements": {
                "skill_level": 10,
                "module": 1
            }
        },
        {
            "name": "白面鸮",
            "skill": 2,
            "requirements": {
                "level": 50,
                "skill_level": 7,
                "module": 1
            }
        },
        {
            "name": "桃金娘",
            "skill": 1,
            "skill_usage": 1,
            "requirements": {
                "elite": 2,
                "level": 40,
                "skill_level": 7
            }
        },
        {
            "name": "斩业星熊",
            "skill": 3,
            "requirements": {
                "skill_level": 10
            }
        }
    ],
    "groups": [],
    "actions": [
        {
            "name": "伊内丝",
            "location": [
                4,
                3
            ],
            "direction": "Left",
            "type": "Deploy"
        },
        {
            "name": "逻各斯",
            "location": [
                4,
                2
            ],
            "direction": "Left",
            "type": "Deploy"
        },
        {
            "name": "桃金娘",
            "location": [
                5,
                3
            ],
            "direction": "Left",
            "type": "Deploy"
        },
        {
            "name": "维什戴尔",
            "location": [
                10,
                3
            ],
            "direction": "Left",
            "type": "Deploy"
        },
        {
            "type": "Retreat",
            "name": "伊内丝",
            "kills": 6
        },
        {
            "name": "艾雅法拉",
            "location": [
                5,
                2
            ],
            "direction": "Right",
            "type": "Deploy"
        },
        {
            "type": "Retreat",
            "name": "桃金娘"
        },
        {
            "type": "Skill",
            "name": "维什戴尔",
            "pre_delay": 7000
        },
        {
            "name": "伊内丝",
            "location": [
                5,
                1
            ],
            "direction": "Left",
            "type": "Deploy"
        },
        {
            "name": "白面鸮",
            "location": [
                6,
                2
            ],
            "direction": "Left",
            "type": "Deploy"
        },
        {
            "type": "SpeedUp"
        },
        {
            "name": "伊内丝",
            "skill_usage": 0,
            "type": "SkillUsage"
        },
        {
            "type": "SkillUsage",
            "kills": 17,
            "name": "逻各斯",
            "skill_usage": 0
        },
        {
            "type": "Skill",
            "kills": 19,
            "name": "维什戴尔"
        },
        {
            "type": "Skill",
            "kills": 24,
            "name": "维什戴尔"
        },
        {
            "type": "Skill",
            "name": "逻各斯",
            "kills": 25
        },
        {
            "type": "Skill",
            "name": "伊内丝"
        },
        {
            "type": "Skill",
            "name": "白面鸮",
            "kills": 27
        },
        {
            "type": "Skill",
            "name": "维什戴尔",
            "kills": 29
        },
        {
            "type": "Skill",
            "name": "维什戴尔",
            "kills": 33
        },
        {
            "type": "Retreat",
            "name": "白面鸮"
        },
        {
            "name": "斩业星熊",
            "location": [
                3,
                3
            ],
            "direction": "Down",
            "type": "Deploy",
            "pre_delay": 1000
        },
        {
            "type": "Skill",
            "pre_delay": 13000,
            "name": "斩业星熊"
        },
        {
            "type": "Skill",
            "pre_delay": 5000,
            "name": "逻各斯"
        },
        {
            "type": "Skill",
            "name": "伊内丝"
        },
        {
            "type": "Skill",
            "name": "维什戴尔",
            "kills": 34
        },
        {
            "name": "逻各斯",
            "skill_usage": 1,
            "type": "SkillUsage"
        },
        {
            "name": "伊内丝",
            "skill_usage": 1,
            "type": "SkillUsage"
        },
        {
            "type": "Skill",
            "name": "斩业星熊",
            "kills": 38
        },
        {
            "type": "SkillDaemon"
        }
    ],
    "version": 3
}