{
    "minimum_required": "v4.0.0",
    "stage_name": "act30side_06",
    "actions": [
        {
            "type": "Deploy",
            "name": "煌",
            "location": [
                7,
                5
            ],
            "direction": "Left"
        },
        {
            "type": "SpeedUp"
        },
        {
            "type": "Deploy",
            "name": "点火石",
            "location": [
                8,
                5
            ],
            "direction": "None"
        },
        {
            "type": "Deploy",
            "name": "流明",
            "location": [
                9,
                5
            ],
            "direction": "Left"
        },
        {
            "type": "SkillDaemon"
        }
    ],
    "doc": {
        "title": "银心湖列车 - RS-6 - 补票！",
        "details": "——————————\n作业更新日期: 2023-12-05T09:03:54Z\n统计更新日期: 2025-11-03\n相对评分：100.00%  相对热度：100.00%\n来源：萨拉托加  ID：30688\n——————————\n银心湖列车 - RS-6 - 补票！\n原作者萧然Q JSON作者萨拉托加\n作业交流群545928846，如果作业有问题可以加群找我，评论区不能及时回复，还可以去群里蹲我的新作业\n【【银心湖列车】RS全关卡 摆完挂机 简单好抄（持续更新中）】 https://www.bilibili.com/video/BV13w411b7oD/?p=7&share_source=copy_web&vd_source=3fd5040fe25f6a00e19e6072bcccfa4e"
    },
    "groups": [],
    "opers": [
        {
            "name": "煌",
            "skill": 2,
            "skill_usage": 0
        },
        {
            "name": "流明",
            "skill": 1,
            "skill_usage": 0
        }
    ]
}