{
    "minimum_required": "v4.0.0",
    "stage_name": "act42side_ex08",
    "actions": [
        {
            "type": "Deploy",
            "name": "乌尔比安",
            "location": [
                3,
                2
            ],
            "direction": "Down"
        },
        {
            "type": "Deploy",
            "name": "黍",
            "location": [
                6,
                4
            ],
            "direction": "Right"
        },
        {
            "type": "SpeedUp"
        },
        {
            "type": "Deploy",
            "name": "歌蕾蒂娅",
            "location": [
                7,
                4
            ],
            "direction": "Up"
        },
        {
            "type": "Deploy",
            "name": "棘刺",
            "location": [
                7,
                3
            ],
            "direction": "Right"
        },
        {
            "type": "Deploy",
            "name": "维什戴尔",
            "location": [
                6,
                3
            ],
            "direction": "Right"
        },
        {
            "type": "SkillDaemon"
        }
    ],
    "doc": {
        "title": "MT-EX-8 - “拉特兰拼图” 初版",
        "details": "——————————\n作业更新日期: 2025-05-08T13:34:25Z\n统计更新日期: 2025-11-03\n相对评分：98.99%  相对热度：92.16%\n来源：萨拉托加  ID：52823\n——————————\n歌蒂3级X模歌蒂3级X模歌蒂3级X模，重要的事情说三遍，就那么喜欢默认Y模？平时用得到吗？\njson作者：萨拉托加\n作业交流群群号1009052305，可蹲作业，有问题进群找我，作业站消息没提醒看不到"
    },
    "groups": [],
    "opers": [
        {
            "name": "棘刺",
            "skill": 3,
            "skill_usage": 1
        },
        {
            "name": "黍",
            "skill": 1,
            "skill_usage": 0
        },
        {
            "name": "乌尔比安",
            "skill": 2,
            "skill_usage": 0
        },
        {
            "name": "歌蕾蒂娅",
            "skill": 1,
            "skill_usage": 0
        },
        {
            "name": "维什戴尔",
            "skill": 3,
            "skill_usage": 1
        }
    ],
    "difficulty": 3
}