{
    "minimum_required": "v4.0.0",
    "stage_name": "act33side_ex02",
    "actions": [
        {
            "type": "Deploy",
            "name": "塞雷娅",
            "location": [
                7,
                1
            ],
            "direction": "Down"
        },
        {
            "type": "Deploy",
            "name": "煌",
            "location": [
                7,
                2
            ],
            "direction": "Left"
        },
        {
            "type": "SpeedUp"
        },
        {
            "type": "Deploy",
            "name": "艾雅法拉",
            "location": [
                6,
                1
            ],
            "direction": "Right"
        },
        {
            "type": "Deploy",
            "name": "奶",
            "location": [
                8,
                3
            ],
            "direction": "Up"
        },
        {
            "type": "SkillDaemon"
        }
    ],
    "doc": {
        "title": "巴别塔 - BB-EX-2 - 屏息凝神",
        "details": "——————————\n作业更新日期: 2024-04-25T08:21:04Z\n统计更新日期: 2025-11-03\n相对评分：100.00%  相对热度：100.00%\n来源：萨拉托加  ID：36056\n——————————\n原作者萧然Q JSON作者萨拉托加\n作业交流群545928846，如果作业有问题可以加群找我，评论区不能及时回复，还可以去群里蹲我的新作业\n【【巴别塔】BB-EX-1至8突袭 摆完挂机 简单好抄】 https://www.bilibili.com/video/BV1Bz421k74u/?share_source=copy_web&vd_source=3fd5040fe25f6a00e19e6072bcccfa4e"
    },
    "groups": [
        {
            "name": "奶",
            "opers": [
                {
                    "name": "纯烬艾雅法拉",
                    "skill": 1,
                    "skill_usage": 0
                },
                {
                    "name": "闪灵",
                    "skill": 2,
                    "skill_usage": 0
                }
            ]
        }
    ],
    "opers": [
        {
            "name": "煌",
            "skill": 2,
            "skill_usage": 0
        },
        {
            "name": "塞雷娅",
            "skill": 1,
            "skill_usage": 0
        },
        {
            "name": "艾雅法拉",
            "skill": 2,
            "skill_usage": 0
        }
    ],
    "difficulty": 3
}