{
    "minimum_required": "v4.0.0",
    "stage_name": "level_rune_01-03",
    "actions": [
        {
            "type": "SpeedUp"
        },
        {
            "type": "Deploy",
            "name": "桃金娘",
            "location": [
                6,
                6
            ],
            "direction": "Left"
        },
        {
            "type": "Deploy",
            "name": "德克萨斯",
            "location": [
                7,
                6
            ],
            "direction": "Left"
        },
        {
            "type": "Deploy",
            "name": "浊心斯卡蒂",
            "location": [
                4,
                3
            ],
            "direction": "Left"
        },
        {
            "type": "Deploy",
            "name": "群奶",
            "location": [
                4,
                2
            ],
            "direction": "Down",
            "costs": 43
        },
        {
            "type": "Deploy",
            "name": "提丰",
            "location": [
                6,
                3
            ],
            "direction": "Left"
        },
        {
            "type": "Deploy",
            "name": "行医",
            "location": [
                2,
                3
            ],
            "direction": "Right"
        },
        {
            "type": "Deploy",
            "name": "星熊",
            "location": [
                3,
                4
            ],
            "direction": "Up"
        },
        {
            "type": "Deploy",
            "name": "艾雅法拉",
            "location": [
                4,
                5
            ],
            "cost_changes": 4,
            "direction": "Up"
        },
        {
            "type": "Retreat",
            "name": "德克萨斯",
            "location": [
                7,
                6
            ]
        },
        {
            "type": "Deploy",
            "name": "澄闪",
            "location": [
                4,
                4
            ],
            "direction": "Up"
        },
        {
            "type": "Retreat",
            "name": "桃金娘",
            "location": [
                6,
                6
            ]
        },
        {
            "type": "Deploy",
            "name": "塞雷娅",
            "location": [
                3,
                1
            ],
            "direction": "Right"
        },
        {
            "type": "Deploy",
            "name": "小车",
            "location": [
                9,
                6
            ],
            "direction": "Left",
            "costs": 99,
            "pre_delay": 20000
        },
        {
            "type": "SkillDaemon"
        }
    ],
    "doc": {
        "title": "纷争演绎 A-3",
        "details": "——————————\n作业更新日期: 2023-10-04T05:14:57Z\n统计更新日期: 2025-11-03\n相对评分：100.00%  相对热度：100.00%\n来源：萨拉托加  ID：28390\n——————————\n练度要求 六星等级精二60级以上，除夜莺德狗全员专三，模组能开就开（最好都有至少一级模组），下面必看：\n①boss转阶段之前右下角必须有小车或鸟笼，否则会暴毙，我设置了自动下小车，但根据练度的不同时机不一定对，如果时机不对，当boss一阶段剩百分之30血手动下鸟笼或小车\n②如果BOSS二阶段飞过星熊没挡住就是输出不够，需要开模组或升等级和技能\n③有时候可能出现部分干员漏下的情况，这是maa自己的问题和作业没关系，只能重开\n④如果本作业对你有帮助请点个赞吧，谢谢\n（S-3作业测试版已出，欢迎各位测试一下能不能过）\n【【纷争演绎】全关卡 摆完挂机 简单好抄（持续更新中）】 https://www.bilibili.com/video/BV1zF411m79L/?p=3&share_source=copy_web&vd_source=3fd5040fe25f6a00e19e6072bcccfa4e UP萧然Q"
    },
    "groups": [
        {
            "name": "群奶",
            "opers": [
                {
                    "name": "夜莺",
                    "skill": 2,
                    "skill_usage": 0
                },
                {
                    "name": "白面鸮",
                    "skill": 2,
                    "skill_usage": 0
                }
            ]
        },
        {
            "name": "行医",
            "opers": [
                {
                    "name": "纯烬艾雅法拉",
                    "skill": 1,
                    "skill_usage": 0
                },
                {
                    "name": "蜜莓",
                    "skill": 1,
                    "skill_usage": 0
                }
            ]
        },
        {
            "name": "小车",
            "opers": [
                {
                    "name": "Castle-3",
                    "skill": 1,
                    "skill_usage": 0
                },
                {
                    "name": "Friston-3",
                    "skill": 1,
                    "skill_usage": 0
                }
            ]
        }
    ],
    "opers": [
        {
            "name": "桃金娘",
            "skill": 1,
            "skill_usage": 1
        },
        {
            "name": "德克萨斯",
            "skill": 1,
            "skill_usage": 0
        },
        {
            "name": "星熊",
            "skill": 2,
            "skill_usage": 0
        },
        {
            "name": "塞雷娅",
            "skill": 1,
            "skill_usage": 0
        },
        {
            "name": "提丰",
            "skill": 2,
            "skill_usage": 1
        },
        {
            "name": "艾雅法拉",
            "skill": 2,
            "skill_usage": 0
        },
        {
            "name": "澄闪",
            "skill": 2,
            "skill_usage": 0
        },
        {
            "name": "浊心斯卡蒂",
            "skill": 2,
            "skill_usage": 0
        }
    ]
}