{
    "minimum_required": "v4.0.0",
    "stage_name": "act29side_s05",
    "actions": [
        {
            "type": "Deploy",
            "name": "桃金娘",
            "location": [
                6,
                3
            ],
            "direction": "Up"
        },
        {
            "type": "Deploy",
            "name": "煌",
            "location": [
                8,
                1
            ],
            "direction": "Down",
            "costs": 24
        },
        {
            "type": "Deploy",
            "name": "浊心斯卡蒂",
            "location": [
                8,
                2
            ],
            "direction": "Left"
        },
        {
            "type": "Retreat",
            "name": "桃金娘",
            "costs": 12
        },
        {
            "type": "Deploy",
            "name": "奶",
            "location": [
                9,
                2
            ],
            "direction": "Left",
            "cost_changes": 5
        },
        {
            "type": "Deploy",
            "name": "能天使",
            "location": [
                7,
                2
            ],
            "direction": "Down",
            "cost_changes": 30
        },
        {
            "type": "Deploy",
            "name": "重岳",
            "location": [
                7,
                3
            ],
            "direction": "Left"
        },
        {
            "type": "Deploy",
            "name": "砾",
            "location": [
                9,
                1
            ],
            "direction": "Right"
        },
        {
            "type": "Skill",
            "location": [
                6,
                2
            ]
        },
        {
            "type": "Deploy",
            "name": "奶盾",
            "location": [
                8,
                4
            ],
            "direction": "Left"
        },
        {
            "type": "Deploy",
            "name": "湮灭之相",
            "location": [
                6,
                3
            ],
            "kills": 8,
            "direction": "None"
        },
        {
            "type": "Retreat",
            "name": "砾"
        },
        {
            "type": "Retreat",
            "location": [
                6,
                3
            ],
            "cost_changes": 6
        },
        {
            "type": "SkillUsage",
            "name": "重岳",
            "skill_usage": 0
        },
        {
            "type": "Skill",
            "location": [
                6,
                2
            ],
            "kills": 11
        },
        {
            "type": "Deploy",
            "name": "桃金娘",
            "location": [
                9,
                3
            ],
            "direction": "Up"
        },
        {
            "type": "Deploy",
            "name": "砾",
            "location": [
                9,
                1
            ],
            "direction": "Right"
        },
        {
            "type": "Retreat",
            "name": "桃金娘",
            "kills": 15,
            "pre_delay": 4000
        },
        {
            "type": "Retreat",
            "name": "砾"
        },
        {
            "type": "Deploy",
            "name": "Castle-3",
            "kills": 18,
            "pre_delay": 5000,
            "location": [
                2,
                1
            ],
            "direction": "Right"
        },
        {
            "type": "Deploy",
            "name": "Friston-3",
            "location": [
                3,
                1
            ],
            "direction": "Right"
        },
        {
            "type": "Deploy",
            "name": "湮灭之相",
            "location": [
                8,
                3
            ],
            "direction": "None",
            "pre_delay": 46500
        },
        {
            "type": "Deploy",
            "name": "桃金娘",
            "location": [
                9,
                3
            ],
            "direction": "Left",
            "kills": 24
        },
        {
            "type": "SkillUsage",
            "name": "桃金娘",
            "skill_usage": 0
        },
        {
            "type": "Deploy",
            "name": "砾",
            "location": [
                9,
                5
            ],
            "direction": "Up",
            "kills": 24
        },
        {
            "type": "Deploy",
            "name": "湮灭之相",
            "location": [
                8,
                3
            ],
            "direction": "None"
        },
        {
            "type": "SpeedUp"
        },
        {
            "type": "Deploy",
            "name": "湮灭之相",
            "location": [
                8,
                3
            ],
            "direction": "None"
        },
        {
            "type": "Deploy",
            "name": "防漏",
            "location": [
                9,
                1
            ],
            "direction": "Right",
            "kills": 80
        },
        {
            "type": "SkillDaemon"
        }
    ],
    "doc": {
        "title": "崔林特尔梅之金 - ZT-S-5 - 王座厅 仅突袭 重岳注意换三技能",
        "details": "——————————\n作业更新日期: 2024-11-26T13:45:04Z\n统计更新日期: 2025-11-03\n相对评分：89.69%  相对热度：95.02%\n来源：萨拉托加  ID：30198\n——————————\n经过测试最后80杀精二60煌会漏怪，加了几个防漏的干员，也可以自己上点别的\n击杀轴很难卡轴，未经过多测试，可能练度不同无法对轴\n大哥要手动选三技能\nJSON作者：萨拉托加\n建了个群545928846，如果作业有问题可以加群找我，评论区不能及时回复"
    },
    "groups": [
        {
            "name": "防漏",
            "opers": [
                {
                    "name": "星熊",
                    "skill": 2,
                    "skill_usage": 0
                },
                {
                    "name": "史尔特尔",
                    "skill": 3,
                    "skill_usage": 1
                },
                {
                    "name": "泥岩",
                    "skill": 2,
                    "skill_usage": 0
                }
            ]
        },
        {
            "name": "奶",
            "opers": [
                {
                    "name": "纯烬艾雅法拉",
                    "skill": 1,
                    "skill_usage": 0
                },
                {
                    "name": "流明",
                    "skill": 3,
                    "skill_usage": 2
                }
            ]
        },
        {
            "name": "奶盾",
            "opers": [
                {
                    "name": "黍",
                    "skill": 1,
                    "skill_usage": 0
                },
                {
                    "name": "塞雷娅",
                    "skill": 1,
                    "skill_usage": 0
                }
            ]
        }
    ],
    "opers": [
        {
            "name": "桃金娘",
            "skill": 1,
            "skill_usage": 1
        },
        {
            "name": "浊心斯卡蒂",
            "skill": 2,
            "skill_usage": 0
        },
        {
            "name": "重岳",
            "skill": 3,
            "skill_usage": 1
        },
        {
            "name": "能天使",
            "skill": 3,
            "skill_usage": 0
        },
        {
            "name": "Castle-3",
            "skill": 1,
            "skill_usage": 0
        },
        {
            "name": "煌",
            "skill": 2,
            "skill_usage": 0
        },
        {
            "name": "砾",
            "skill": 2,
            "skill_usage": 0
        },
        {
            "name": "Friston-3",
            "skill": 1,
            "skill_usage": 0
        }
    ],
    "difficulty": 2
}