{
    "minimum_required": "v4.0.0",
    "stage_name": "act34side_ex03",
    "actions": [
        {
            "type": "Deploy",
            "name": "奶盾",
            "location": [
                9,
                3
            ],
            "direction": "Left"
        },
        {
            "type": "Deploy",
            "name": "艾雅法拉",
            "location": [
                8,
                4
            ],
            "direction": "Up"
        },
        {
            "type": "SpeedUp"
        },
        {
            "type": "Deploy",
            "name": "煌",
            "location": [
                8,
                2
            ],
            "direction": "Down"
        },
        {
            "type": "Deploy",
            "name": "Lancet-2",
            "location": [
                7,
                2
            ],
            "direction": "Down",
            "kills": 4
        },
        {
            "type": "Deploy",
            "name": "正义骑士号",
            "location": [
                7,
                5
            ],
            "direction": "Right",
            "kills": 8
        },
        {
            "type": "Deploy",
            "name": "PhonoR-0",
            "location": [
                7,
                1
            ],
            "direction": "Down",
            "kills": 16
        },
        {
            "type": "Deploy",
            "name": "PhonoR-0",
            "location": [
                7,
                3
            ],
            "direction": "Down",
            "kills": 22
        },
        {
            "type": "SkillDaemon"
        }
    ],
    "doc": {
        "title": "生路 - BP-EX-3 - 大浴场-智识交会处",
        "details": "——————————\n作业更新日期: 2024-06-12T13:44:10Z\n统计更新日期: 2025-11-03\n相对评分：100.00%  相对热度：100.00%\n来源：萨拉托加  ID：38512\n——————————\n如果小车没放下去手动放一下拿刻章\njson作者萨拉托加\n作业交流群群号216314927，有问题进群，作业站消息没提醒看不到"
    },
    "groups": [
        {
            "name": "奶盾",
            "opers": [
                {
                    "name": "塞雷娅",
                    "skill": 1,
                    "skill_usage": 0
                },
                {
                    "name": "黍",
                    "skill": 1,
                    "skill_usage": 0
                }
            ]
        }
    ],
    "opers": [
        {
            "name": "煌",
            "skill": 2,
            "skill_usage": 0
        },
        {
            "name": "艾雅法拉",
            "skill": 2,
            "skill_usage": 0
        },
        {
            "name": "Lancet-2",
            "skill": 1,
            "skill_usage": 0
        },
        {
            "name": "正义骑士号",
            "skill": 1,
            "skill_usage": 0
        },
        {
            "name": "PhonoR-0",
            "skill": 1,
            "skill_usage": 0
        }
    ],
    "difficulty": 3
}