{
    "minimum_required": "v4.0.0",
    "stage_name": "16-16",
    "actions": [
        {
            "type": "SpeedUp"
        },
        {
            "type": "Deploy",
            "name": "纯烬艾雅法拉",
            "direction": "Left",
            "location": [
                10,
                3
            ]
        },
        {
            "type": "Deploy",
            "name": "梓兰",
            "direction": "Left",
            "location": [
                10,
                2
            ]
        },
        {
            "type": "Deploy",
            "costs": 37,
            "name": "艾雅法拉",
            "direction": "Left",
            "location": [
                9,
                5
            ]
        },
        {
            "type": "Deploy",
            "name": "煌",
            "direction": "Right",
            "location": [
                8,
                1
            ]
        },
        {
            "type": "Deploy",
            "pre_delay": 100,
            "name": "2号盾",
            "direction": "Left",
            "location": [
                8,
                4
            ]
        },
        {
            "type": "Deploy",
            "name": "黍",
            "direction": "Left",
            "location": [
                9,
                1
            ]
        },
        {
            "type": "Deploy",
            "name": "阿斯卡纶",
            "direction": "Left",
            "location": [
                10,
                1
            ]
        },
        {
            "type": "Deploy",
            "pre_delay": 4000,
            "name": "砾",
            "direction": "Left",
            "location": [
                9,
                4
            ]
        },
        {
            "type": "Deploy",
            "name": "孑",
            "direction": "Left",
            "location": [
                9,
                4
            ]
        },
        {
            "type": "Deploy",
            "name": "砾",
            "direction": "Left",
            "location": [
                9,
                4
            ]
        },
        {
            "type": "Deploy",
            "name": "孑",
            "direction": "Left",
            "location": [
                9,
                4
            ]
        },
        {
            "type": "Deploy",
            "name": "砾",
            "direction": "Left",
            "location": [
                9,
                4
            ]
        },
        {
            "type": "Deploy",
            "name": "孑",
            "direction": "Left",
            "location": [
                9,
                4
            ]
        },
        {
            "type": "Deploy",
            "name": "砾",
            "direction": "Left",
            "location": [
                9,
                4
            ]
        },
        {
            "type": "Deploy",
            "name": "孑",
            "direction": "Left",
            "location": [
                9,
                4
            ]
        },
        {
            "type": "Deploy",
            "name": "砾",
            "direction": "Left",
            "location": [
                9,
                4
            ]
        },
        {
            "type": "Deploy",
            "name": "孑",
            "direction": "Left",
            "location": [
                9,
                4
            ]
        },
        {
            "type": "Deploy",
            "pre_delay": 4000,
            "name": "纯烬艾雅法拉",
            "direction": "Up",
            "location": [
                7,
                6
            ],
            "kills": 29
        },
        {
            "type": "Deploy",
            "name": "煌",
            "direction": "Left",
            "location": [
                6,
                5
            ]
        },
        {
            "type": "Deploy",
            "name": "维什戴尔",
            "direction": "Up",
            "location": [
                7,
                4
            ]
        },
        {
            "type": "Deploy",
            "name": "伊内丝",
            "direction": "Down",
            "location": [
                9,
                3
            ]
        },
        {
            "type": "Deploy",
            "pre_delay": 3000,
            "name": "黍",
            "direction": "Left",
            "location": [
                5,
                5
            ]
        },
        {
            "type": "Deploy",
            "name": "阿斯卡纶",
            "direction": "Right",
            "location": [
                4,
                5
            ]
        },
        {
            "type": "Deploy",
            "name": "艾雅法拉",
            "direction": "Right",
            "location": [
                7,
                3
            ],
            "pre_delay": 5000
        },
        {
            "type": "Deploy",
            "name": "伊内丝",
            "direction": "Down",
            "location": [
                9,
                3
            ],
            "pre_delay": 10000
        },
        {
            "type": "Deploy",
            "name": "2号盾",
            "direction": "Down",
            "location": [
                5,
                4
            ]
        },
        {
            "type": "Deploy",
            "kills": 49,
            "name": "艾雅法拉",
            "direction": "Right",
            "location": [
                7,
                3
            ]
        },
        {
            "type": "SkillDaemon"
        }
    ],
    "doc": {
        "title": "16-16 险地，全自动挂机。",
        "details": "——————————\n作业更新日期: 2025-10-19T14:26:55Z\n统计更新日期: 2025-11-03\n相对评分：100.00%  相对热度：100.00%\n来源：焕彩gg  ID：71370\n——————————\n由于地图特殊性无法手动开技能，因此练度要求较高，要求全部都有模组。满练砾把模组下掉，不然可能触发bug导致砾死不，孑的练度精1 60级。\nB站ID：焕彩GG 主页：https://space.bilibili.com/10123796\n本作业已开启截图增强\n求关注"
    },
    "groups": [
        {
            "name": "2号盾",
            "opers": [
                {
                    "name": "余",
                    "skill": 2,
                    "skill_usage": 0
                },
                {
                    "name": "斩业星熊",
                    "skill": 2,
                    "skill_usage": 0
                }
            ]
        },
        {
            "name": "梓兰",
            "opers": [
                {
                    "name": "铃兰",
                    "skill": 2,
                    "skill_usage": 0
                },
                {
                    "name": "梓兰",
                    "skill": 1,
                    "skill_usage": 0
                }
            ]
        }
    ],
    "opers": [
        {
            "name": "纯烬艾雅法拉",
            "skill": 1,
            "skill_usage": 0
        },
        {
            "name": "艾雅法拉",
            "skill": 2,
            "skill_usage": 0
        },
        {
            "name": "砾",
            "skill": 2,
            "skill_usage": 0
        },
        {
            "name": "孑",
            "skill": 1,
            "skill_usage": 0
        },
        {
            "name": "阿斯卡纶",
            "skill": 1,
            "skill_usage": 0
        },
        {
            "name": "煌",
            "skill": 2,
            "skill_usage": 0
        },
        {
            "name": "维什戴尔",
            "requirements": {
                "level": 90,
                "skill_level": 10,
                "module": 1
            },
            "skill": 1,
            "skill_usage": 0
        },
        {
            "name": "伊内丝",
            "skill": 1,
            "skill_usage": 0
        },
        {
            "name": "黍",
            "skill": 1,
            "skill_usage": 0
        }
    ]
}