{
    "minimum_required": "v4.0.0",
    "stage_name": "act15mini_s01",
    "actions": [
        {
            "type": "Deploy",
            "name": "提丰",
            "location": [
                5,
                1
            ],
            "direction": "Down"
        },
        {
            "type": "Skill",
            "name": "提丰",
            "location": [
                5,
                1
            ],
            "costs": 12
        },
        {
            "type": "Deploy",
            "name": "讯使",
            "location": [
                3,
                3
            ],
            "direction": "Right"
        },
        {
            "type": "SpeedUp"
        },
        {
            "type": "Deploy",
            "name": "亚叶",
            "location": [
                6,
                2
            ],
            "direction": "Left",
            "kills": 2
        },
        {
            "type": "Deploy",
            "name": "极光",
            "location": [
                4,
                3
            ],
            "direction": "Down"
        },
        {
            "type": "Deploy",
            "name": "角峰",
            "location": [
                6,
                3
            ],
            "direction": "Left"
        },
        {
            "type": "Deploy",
            "name": "麦哲伦",
            "location": [
                9,
                2
            ],
            "direction": "Down"
        },
        {
            "type": "Deploy",
            "name": "龙腾.L",
            "location": [
                4,
                4
            ],
            "direction": "None"
        },
        {
            "type": "Deploy",
            "name": "龙腾.L",
            "location": [
                5,
                3
            ],
            "direction": "None"
        },
        {
            "type": "Skill",
            "name": "提丰",
            "location": [
                5,
                1
            ],
            "pre_delay": 1000
        },
        {
            "type": "SkillDaemon",
            "doc_color": "DarkRed",
            "doc": "给个好评吧~"
        }
    ],
    "doc": {
        "title": "眠于树影之中 FD-S-1 萧然Q攻略 摆完挂机",
        "details": "——————————\n作业更新日期: 2023-07-07T06:03:59Z\n统计更新日期: 2025-11-03\n相对评分：100.00%  相对热度：100.00%\n来源：鱼丸不是鱼van  ID：24434\n——————————\n攻略作者：萧然Q https://www.bilibili.com/video/BV1xs4y167d6 记得去b站给萧然宝贝点赞三连\njson作者：鱼丸 有问题请点踩然后在评论区反馈 看心情解决\n评论区不解决maa问题 评论区不解决maa问题 谢谢理解\n需要上下位替代可以自己下载json进行修改\n连接模式请使用minitouch或者maatouch 不兼容ADB Input模式:-)\n平均练度 2603\n已测试 不需要编队 手动点一下确认开始"
    },
    "groups": [],
    "opers": []
}