{
    "minimum_required": "v4.0.0",
    "stage_name": "TN-1",
    "actions": [
        {
            "type": "Deploy",
            "name": "桃金娘",
            "location": [
                9,
                7
            ],
            "direction": "Left"
        },
        {
            "type": "SpeedUp"
        },
        {
            "type": "Deploy",
            "name": "琴柳",
            "location": [
                8,
                7
            ],
            "direction": "Left"
        },
        {
            "type": "Skill",
            "name": "桃金娘",
            "location": [
                9,
                7
            ],
            "pre_delay": 3000
        },
        {
            "type": "Skill",
            "name": "琴柳",
            "location": [
                8,
                7
            ],
            "pre_delay": 1500
        },
        {
            "type": "Deploy",
            "name": "极境",
            "location": [
                9,
                3
            ],
            "direction": "Left",
            "costs": 30,
            "rear_delay": 1000
        },
        {
            "type": "Deploy",
            "name": "煌",
            "location": [
                8,
                5
            ],
            "direction": "Left"
        },
        {
            "type": "Skill",
            "name": "桃金娘",
            "location": [
                9,
                7
            ],
            "pre_delay": 9200
        },
        {
            "type": "Skill",
            "name": "琴柳",
            "location": [
                8,
                7
            ],
            "pre_delay": 1500
        },
        {
            "type": "Deploy",
            "name": "特制水上平台",
            "location": [
                4,
                5
            ],
            "direction": "None"
        },
        {
            "type": "Deploy",
            "name": "史尔特尔",
            "location": [
                4,
                5
            ],
            "direction": "Left",
            "pre_delay": 1000
        },
        {
            "type": "Skill",
            "name": "史尔特尔",
            "location": [
                4,
                5
            ],
            "pre_delay": 1000
        },
        {
            "type": "Skill",
            "name": "桃金娘",
            "location": [
                9,
                7
            ],
            "pre_delay": 3000
        },
        {
            "type": "Skill",
            "name": "琴柳",
            "location": [
                8,
                7
            ],
            "pre_delay": 1800
        },
        {
            "type": "Deploy",
            "name": "闪灵",
            "location": [
                8,
                2
            ],
            "direction": "Down"
        },
        {
            "type": "Skill",
            "name": "极境",
            "location": [
                9,
                3
            ],
            "pre_delay": 1000
        },
        {
            "type": "Deploy",
            "name": "特制水上平台",
            "location": [
                7,
                4
            ],
            "direction": "None"
        },
        {
            "type": "Deploy",
            "name": "星熊",
            "location": [
                7,
                4
            ],
            "direction": "Down"
        },
        {
            "type": "Deploy",
            "name": "医疗",
            "location": [
                9,
                6
            ],
            "cost_changes": 5,
            "direction": "Up"
        },
        {
            "type": "Skill",
            "name": "桃金娘",
            "location": [
                9,
                7
            ],
            "pre_delay": 7000
        },
        {
            "type": "Deploy",
            "name": "艾雅法拉",
            "location": [
                9,
                4
            ],
            "pre_delay": 500,
            "direction": "Left"
        },
        {
            "type": "Skill",
            "name": "极境",
            "location": [
                9,
                3
            ],
            "pre_delay": 10000
        },
        {
            "type": "Deploy",
            "name": "史尔特尔",
            "location": [
                9,
                4
            ],
            "direction": "Down",
            "pre_delay": 15000
        },
        {
            "type": "SpeedUp",
            "pre_delay": 100
        },
        {
            "type": "Skill",
            "name": "史尔特尔",
            "location": [
                9,
                4
            ],
            "pre_delay": 1000
        },
        {
            "type": "SkillDaemon"
        }
    ],
    "doc": {
        "title": "引航者试炼#03 TN-1 普通定向恢弘试炼（萧然攻略 修改版",
        "details": "——————————\n作业更新日期: 2023-08-19T07:46:44Z\n统计更新日期: 2025-11-03\n相对评分：100.00%  相对热度：100.00%\n来源：翻滚的鸡宝宝  ID：25917\n——————————\n之前内位yaoyao老哥的修改版，我的0潜能70级42老是开技能慢被船长打出余烬，第二波下得慢，修改了一下，自己测试的没啥问题\n70级42会把他打的剩一丝丝血了，升点级应该能解决，不过打不死也不影响，甚至提前余烬了也不影响，只不过我看着很难受\n另外 煌有一点点几率部署慢了挡不住第一个小兵，不知道是什么原理，不过几把可能才有一把"
    },
    "groups": [
        {
            "name": "医疗",
            "opers": [
                {
                    "name": "纯烬艾雅法拉",
                    "skill": 1,
                    "skill_usage": 0
                },
                {
                    "name": "蜜莓",
                    "skill": 1,
                    "skill_usage": 0
                }
            ]
        }
    ],
    "opers": [
        {
            "name": "桃金娘",
            "skill": 1,
            "skill_usage": 0
        },
        {
            "name": "极境",
            "skill": 1,
            "skill_usage": 0
        },
        {
            "name": "琴柳",
            "skill": 1,
            "skill_usage": 0
        },
        {
            "name": "煌",
            "skill": 2,
            "skill_usage": 0
        },
        {
            "name": "史尔特尔",
            "skill": 3,
            "skill_usage": 0
        },
        {
            "name": "星熊",
            "skill": 2,
            "skill_usage": 0
        },
        {
            "name": "艾雅法拉",
            "skill": 2,
            "skill_usage": 0
        },
        {
            "name": "闪灵",
            "skill": 1,
            "skill_usage": 0
        }
    ]
}