{
    "minimum_required": "v4.0.0",
    "stage_name": "act20side_ex08",
    "actions": [
        {
            "type": "Deploy",
            "name": "桃金娘",
            "location": [
                8,
                7
            ],
            "direction": "Up"
        },
        {
            "type": "SpeedUp"
        },
        {
            "type": "Deploy",
            "name": "德克萨斯",
            "location": [
                4,
                7
            ],
            "direction": "Up"
        },
        {
            "type": "Deploy",
            "name": "浊心斯卡蒂",
            "location": [
                6,
                5
            ],
            "direction": "Down"
        },
        {
            "type": "Deploy",
            "name": "棘刺",
            "location": [
                4,
                5
            ],
            "direction": "Left"
        },
        {
            "type": "Deploy",
            "name": "艾雅法拉",
            "location": [
                5,
                5
            ],
            "direction": "Left"
        },
        {
            "type": "Deploy",
            "name": "澄闪",
            "location": [
                7,
                4
            ],
            "direction": "Up"
        },
        {
            "type": "Deploy",
            "name": "拉普兰德",
            "location": [
                8,
                5
            ],
            "direction": "Up"
        },
        {
            "type": "Deploy",
            "name": "夜莺",
            "location": [
                7,
                5
            ],
            "direction": "Left"
        },
        {
            "type": "Deploy",
            "name": "自走车单行道",
            "location": [
                1,
                7
            ],
            "direction": "Right"
        },
        {
            "type": "Deploy",
            "name": "自走车单行道",
            "location": [
                11,
                7
            ],
            "direction": "Left"
        },
        {
            "type": "Deploy",
            "name": "自走车单行道",
            "location": [
                4,
                3
            ],
            "direction": "Down"
        },
        {
            "type": "Deploy",
            "name": "自走车单行道",
            "location": [
                8,
                3
            ],
            "direction": "Left"
        },
        {
            "type": "Skill",
            "name": "自走车出发点",
            "location": [
                1,
                1
            ]
        },
        {
            "type": "Skill",
            "name": "自走车出发点",
            "location": [
                11,
                1
            ]
        },
        {
            "type": "SkillDaemon"
        }
    ],
    "doc": {
        "title": "理想城：长夏狂欢季 - IC-EX-8 - 理想之城【突袭/普通】",
        "details": "——————————\n作业更新日期: 2023-08-31T13:59:51Z\n统计更新日期: 2025-11-03\n相对评分：88.51%  相对热度：84.66%\n来源：姑蓥....  ID：27419\n——————————\n攻略作者 https://www.bilibili.com/video/BV1Ze4y1f7v3/?spm_id_from=333.337.search-card.all.click&vd_source=a2596108ea931a5c93dc1e95cea42db6\njson 作者 姑蓥 \n这关压力大的话可以多带个群奶在小羊上面～\n夜莺需要模组 可以无专\n德克萨斯精一70 推荐带风笛\n车车的配件分别是穿甲-伤害-双攻速-爆炸-解手\n一九九七年~我学会了开（泥头）车，上坡下坡轧死了一千多~"
    },
    "groups": [],
    "opers": [
        {
            "name": "艾雅法拉",
            "skill": 2,
            "skill_usage": 0
        },
        {
            "name": "德克萨斯",
            "skill": 2,
            "skill_usage": 1
        },
        {
            "name": "夜莺",
            "skill": 2,
            "skill_usage": 0
        },
        {
            "name": "澄闪",
            "skill": 2,
            "skill_usage": 0
        },
        {
            "name": "浊心斯卡蒂",
            "skill": 2,
            "skill_usage": 0
        },
        {
            "name": "桃金娘",
            "skill": 1,
            "skill_usage": 1
        },
        {
            "name": "棘刺",
            "skill": 3,
            "skill_usage": 1
        },
        {
            "name": "拉普兰德",
            "skill": 2,
            "skill_usage": 0
        }
    ],
    "difficulty": 3
}