{
    "minimum_required": "v4.0.0",
    "stage_name": "act22side_05",
    "actions": [
        {
            "type": "Deploy",
            "name": "煌",
            "location": [
                1,
                4
            ],
            "direction": "Right"
        },
        {
            "type": "SpeedUp"
        },
        {
            "type": "Deploy",
            "name": "纯烬艾雅法拉",
            "location": [
                1,
                3
            ],
            "direction": "Right"
        },
        {
            "type": "Deploy",
            "name": "奶盾",
            "location": [
                2,
                4
            ],
            "direction": "Right"
        },
        {
            "type": "SkillDaemon"
        }
    ],
    "doc": {
        "title": "照我以火 - FC-5 - 祝福的歌谣 【纯烬艾雅法拉模组任务】",
        "details": "——————————\n作业更新日期: 2024-08-01T05:07:52Z\n统计更新日期: 2025-11-03\n相对评分：100.00%  相对热度：100.00%\n来源：小卡拉帕鲁灰  ID：39692\n——————————\n奶羊模组任务\n完成5次战斗；必须编入非助战纯烬艾雅法拉并上场，且每次战斗至少释放1次火山回响 \n3星通关别传FC-5；必须编入非助战纯烬艾雅法拉并上场，且不编入其他医疗干员"
    },
    "groups": [
        {
            "name": "奶盾",
            "opers": [
                {
                    "name": "塞雷娅",
                    "skill": 1,
                    "skill_usage": 0
                },
                {
                    "name": "黍",
                    "skill": 1,
                    "skill_usage": 0
                },
                {
                    "name": "古米",
                    "skill": 1,
                    "skill_usage": 0
                }
            ]
        }
    ],
    "opers": [
        {
            "name": "纯烬艾雅法拉",
            "skill": 3,
            "skill_usage": 1
        },
        {
            "name": "煌",
            "skill": 2,
            "skill_usage": 0
        }
    ]
}