{
    "minimum_required": "v4.0.0",
    "stage_name": "act27side_07",
    "actions": [
        {
            "type": "SpeedUp"
        },
        {
            "type": "Deploy",
            "name": "煌",
            "location": [
                2,
                3
            ],
            "direction": "Right"
        },
        {
            "type": "Deploy",
            "name": "伊芙利特",
            "location": [
                1,
                3
            ],
            "direction": "Right"
        },
        {
            "type": "Deploy",
            "name": "夜莺",
            "location": [
                1,
                2
            ],
            "direction": "Down"
        },
        {
            "type": "SkillDaemon",
            "doc": "有帮助的话 点个赞吧~",
            "doc_color": "#d63384"
        }
    ],
    "doc": {
        "title": "火山旅梦 SL-7 萧然Q攻略 摆完挂机",
        "details": "——————————\n作业更新日期: 2023-08-02T02:46:05Z\n统计更新日期: 2025-11-03\n相对评分：100.00%  相对热度：100.00%\n来源：鱼丸不是鱼van  ID：25008\n——————————\n攻略作者：萧然Q https://www.bilibili.com/video/BV1Wh4y1C712 记得去b站给萧然宝贝点赞三连\njson作者：鱼丸 有问题请点踩然后在评论区反馈 评论区不解决maa问题\n需要上下位替代可自行下载json进行修改\n平均练度 2603 已测试"
    },
    "groups": [],
    "opers": [
        {
            "name": "夜莺",
            "skill": 2,
            "skill_usage": 0
        },
        {
            "name": "煌",
            "skill": 2,
            "skill_usage": 0
        },
        {
            "name": "伊芙利特",
            "skill": 2,
            "skill_usage": 0
        }
    ]
}