{
    "minimum_required": "v4.0.0",
    "stage_name": "act25side_s04",
    "actions": [
        {
            "type": "Deploy",
            "name": "执棋手",
            "location": [
                1,
                1
            ],
            "direction": "Right"
        },
        {
            "type": "SpeedUp"
        },
        {
            "type": "Deploy",
            "name": "史尔特尔",
            "location": [
                10,
                3
            ],
            "direction": "Left"
        },
        {
            "type": "Deploy",
            "name": "白面鸮",
            "location": [
                1,
                4
            ],
            "direction": "Right"
        },
        {
            "type": "Retreat",
            "name": "史尔特尔",
            "kills": 1
        },
        {
            "type": "SkillUsage",
            "name": "史尔特尔",
            "skill_usage": 0
        },
        {
            "type": "Deploy",
            "name": "温蒂",
            "location": [
                11,
                5
            ],
            "direction": "Left"
        },
        {
            "type": "Deploy",
            "name": "玛恩纳",
            "location": [
                4,
                4
            ],
            "direction": "Down",
            "doc_color": "Gold",
            "doc": "部署 玛恩纳 到（ 4，4  朝下 ）\n这里可能部署失败，请注意一下手动补上"
        },
        {
            "type": "Deploy",
            "name": "治疗 [闪灵]",
            "location": [
                11,
                4
            ],
            "direction": "Left"
        },
        {
            "type": "Deploy",
            "name": "艾雅法拉",
            "location": [
                8,
                5
            ],
            "direction": "Down",
            "costs": 25
        },
        {
            "type": "SkillUsage",
            "name": "执棋手",
            "skill_usage": 0
        },
        {
            "type": "Deploy",
            "name": "推人干员",
            "location": [
                1,
                3
            ],
            "direction": "Right"
        },
        {
            "type": "Skill",
            "name": "艾雅法拉",
            "pre_delay": 4500
        },
        {
            "type": "Retreat",
            "name": "艾雅法拉",
            "pre_delay": 7500
        },
        {
            "type": "Output",
            "doc_color": "DarkRed",
            "doc": "标记#1"
        },
        {
            "type": "Deploy",
            "name": "能天使",
            "location": [
                11,
                6
            ],
            "direction": "Left",
            "pre_delay": 1000
        },
        {
            "type": "Deploy",
            "name": "史尔特尔",
            "location": [
                4,
                1
            ],
            "direction": "Down"
        },
        {
            "type": "Skill",
            "name": "史尔特尔",
            "pre_delay": 2000
        },
        {
            "type": "Output",
            "doc_color": "DarkRed",
            "doc": "标记#2"
        },
        {
            "type": "Skill",
            "doc": "",
            "name": "白面鸮"
        },
        {
            "type": "Skill",
            "kills": 10,
            "name": "玛恩纳"
        },
        {
            "type": "Retreat",
            "name": "史尔特尔"
        },
        {
            "type": "Retreat",
            "name": "能天使",
            "location": [
                11,
                6
            ],
            "pre_delay": 1000
        },
        {
            "type": "Retreat",
            "name": "玛恩纳",
            "pre_delay": 7500,
            "location": [
                4,
                4
            ],
            "doc_color": "#6f42c1",
            "doc": "这里的轴实在不好卡\n最后决定放弃优化低等级的叔叔的轴\n如果这里没打掉克里斯滕，请提升叔叔和小羊的练度（包括模组！）"
        },
        {
            "type": "Output",
            "doc_color": "DarkRed",
            "doc": "标记#3"
        },
        {
            "type": "Deploy",
            "name": "艾雅法拉",
            "location": [
                11,
                6
            ],
            "direction": "Left"
        },
        {
            "type": "Skill",
            "name": "艾雅法拉",
            "pre_delay": 6000
        },
        {
            "type": "Retreat",
            "name": "艾雅法拉",
            "pre_delay": 7700
        },
        {
            "type": "SpeedUp"
        },
        {
            "type": "Deploy",
            "name": "史尔特尔",
            "location": [
                3,
                2
            ],
            "direction": "Down"
        },
        {
            "type": "Skill",
            "name": "史尔特尔",
            "pre_delay": 1600
        },
        {
            "type": "Deploy",
            "name": "工程蓄水炮",
            "location": [
                5,
                2
            ],
            "direction": "Up"
        },
        {
            "type": "SpeedUp"
        },
        {
            "type": "Deploy",
            "name": "玛恩纳",
            "location": [
                2,
                4
            ],
            "direction": "Right",
            "pre_delay": 7000
        },
        {
            "type": "Retreat",
            "name": "史尔特尔"
        },
        {
            "type": "Output",
            "doc_color": "DarkRed",
            "doc": "标记#4"
        },
        {
            "type": "Deploy",
            "name": "能天使",
            "location": [
                8,
                1
            ],
            "direction": "Down",
            "pre_delay": 2000
        },
        {
            "type": "Retreat",
            "pre_delay": 13000,
            "name": "能天使"
        },
        {
            "type": "Deploy",
            "name": "工程蓄水炮",
            "location": [
                9,
                3
            ],
            "direction": "Left"
        },
        {
            "type": "Deploy",
            "name": "艾雅法拉",
            "location": [
                2,
                5
            ],
            "direction": "Right",
            "pre_delay": 3000
        },
        {
            "type": "Skill",
            "name": "玛恩纳",
            "pre_delay": 1000
        },
        {
            "type": "SkillUsage",
            "name": "艾雅法拉",
            "skill_usage": 1
        },
        {
            "type": "Output",
            "doc_color": "DarkRed",
            "doc": "标记#5"
        },
        {
            "type": "Deploy",
            "name": "塞雷娅",
            "location": [
                2,
                3
            ],
            "direction": "Down",
            "kills": 23
        },
        {
            "type": "SkillUsage",
            "name": "艾雅法拉",
            "skill_usage": 0
        },
        {
            "type": "Skill",
            "name": "白面鸮"
        },
        {
            "type": "Deploy",
            "name": "史尔特尔",
            "location": [
                6,
                2
            ],
            "direction": "Down"
        },
        {
            "type": "Skill",
            "name": "史尔特尔",
            "pre_delay": 1500
        },
        {
            "type": "Retreat",
            "name": "史尔特尔",
            "kills": 24
        },
        {
            "type": "Deploy",
            "name": "能天使",
            "location": [
                6,
                2
            ],
            "direction": "Down"
        },
        {
            "type": "Retreat",
            "name": "能天使",
            "pre_delay": 8000,
            "location": [
                4,
                4
            ]
        },
        {
            "type": "Output",
            "doc_color": "DarkRed",
            "doc": "标记#6"
        },
        {
            "type": "Skill",
            "pre_delay": 3000,
            "name": "玛恩纳"
        },
        {
            "type": "Skill",
            "name": "艾雅法拉"
        },
        {
            "type": "Deploy",
            "name": "史尔特尔",
            "location": [
                3,
                2
            ],
            "direction": "Down"
        },
        {
            "type": "Skill",
            "name": "史尔特尔",
            "rear_delay": 1500
        },
        {
            "type": "Output",
            "doc_color": "DarkRed",
            "doc": "标记#7"
        },
        {
            "type": "Deploy",
            "name": "能天使",
            "location": [
                10,
                7
            ],
            "direction": "Up"
        },
        {
            "type": "Skill",
            "kills": 28,
            "name": "玛恩纳"
        },
        {
            "type": "SkillUsage",
            "name": "史尔特尔",
            "skill_usage": 0
        },
        {
            "type": "SkillUsage",
            "name": "玛恩纳",
            "skill_usage": 1
        },
        {
            "type": "Skill",
            "name": "艾雅法拉",
            "kills": 30,
            "pre_delay": 22500,
            "location": [
                2,
                5
            ]
        },
        {
            "type": "Deploy",
            "name": "史尔特尔",
            "location": [
                3,
                2
            ],
            "kills": 31,
            "direction": "Down",
            "pre_delay": 1000
        },
        {
            "type": "Skill",
            "name": "史尔特尔",
            "pre_delay": 1800
        },
        {
            "type": "SkillUsage",
            "name": "艾雅法拉",
            "skill_usage": 1
        },
        {
            "type": "SkillDaemon"
        }
    ],
    "doc": {
        "title": "[优化中，欢迎讨论🎉]【萧然Q】孤星 - CW-S-4 普通/突袭 - 新星爆发",
        "details": "——————————\n作业更新日期: 2023-05-18T00:34:56Z\n统计更新日期: 2025-11-03\n相对评分：82.35%  相对热度：86.25%\n来源：yc.exe  ID：23460\n——————————\n原视频 BV1ch4y1J7x2?p\n白面鸮、能天使、塞雷娅、艾雅法拉 带x模组\n\n仍在测试中，有问题请在评论区提交\n\n终于明白为什么部分人会出现问题了......\n1.MAA和地图的问题：本次活动地图放置干员可能失败，导致前面正常后面出问题。\n2.干员练度的问题：我测试时突袭关卡使用2903小羊（一级模组）和2903玛恩纳刚刚好打死克丽斯滕（很极限）。\n而我写作业的号为2803叔叔+2603小羊（三级模组），小羊的伤害比一级模组多了一些。\nso，去升一下干员吧，拉拉模组之类的\n\n有可替换干员请在作业站评论区里提出，谢谢\n（最好是与原先干员同练度同专精下可替换的）\n\nyc.exe"
    },
    "groups": [
        {
            "name": "推人干员",
            "opers": [
                {
                    "name": "阿消",
                    "skill": 1,
                    "skill_usage": 0
                },
                {
                    "name": "食铁兽",
                    "skill": 1,
                    "skill_usage": 0
                },
                {
                    "name": "见行者",
                    "skill": 1,
                    "skill_usage": 0
                }
            ]
        },
        {
            "name": "治疗 [闪灵]",
            "opers": [
                {
                    "name": "闪灵",
                    "skill": 2,
                    "skill_usage": 0
                },
                {
                    "name": "流明",
                    "skill": 1,
                    "skill_usage": 0
                },
                {
                    "name": "华法琳",
                    "skill": 1,
                    "skill_usage": 0
                }
            ]
        },
        {
            "name": "执棋手",
            "opers": [
                {
                    "name": "桃金娘",
                    "skill": 1,
                    "skill_usage": 1
                },
                {
                    "name": "极境",
                    "skill": 1,
                    "skill_usage": 1
                },
                {
                    "name": "琴柳",
                    "skill": 1,
                    "skill_usage": 1
                }
            ]
        }
    ],
    "opers": [
        {
            "name": "能天使",
            "skill": 3,
            "skill_usage": 0
        },
        {
            "name": "白面鸮",
            "skill": 2,
            "skill_usage": 0
        },
        {
            "name": "史尔特尔",
            "skill": 3,
            "skill_usage": 1
        },
        {
            "name": "玛恩纳",
            "skill": 3,
            "skill_usage": 0
        },
        {
            "name": "温蒂",
            "skill": 2,
            "skill_usage": 0
        },
        {
            "name": "塞雷娅",
            "skill": 1,
            "skill_usage": 0
        },
        {
            "name": "艾雅法拉",
            "skill": 3,
            "skill_usage": 0
        }
    ],
    "difficulty": 3
}