{
    "minimum_required": "v4.0.0",
    "stage_name": "act35side_s02",
    "actions": [
        {
            "type": "Deploy",
            "name": "维什戴尔",
            "location": [
                3,
                4
            ],
            "direction": "Up",
            "doc_color": "Gray",
            "doc": "EW向日葵"
        },
        {
            "type": "SpeedUp"
        },
        {
            "type": "Deploy",
            "name": "法c",
            "location": [
                9,
                5
            ],
            "direction": "Down"
        },
        {
            "type": "Deploy",
            "name": "控制",
            "location": [
                9,
                6
            ],
            "direction": "Up"
        },
        {
            "type": "Deploy",
            "name": "德克萨斯",
            "location": [
                6,
                3
            ],
            "direction": "Left"
        },
        {
            "type": "Deploy",
            "name": "梓兰",
            "location": [
                9,
                4
            ],
            "direction": "Down"
        },
        {
            "type": "Deploy",
            "name": "群奶",
            "location": [
                5,
                4
            ],
            "direction": "Left"
        },
        {
            "type": "Deploy",
            "name": "奶盾",
            "location": [
                5,
                3
            ],
            "direction": "Left"
        },
        {
            "type": "Skill",
            "name": "群奶",
            "location": [
                5,
                4
            ],
            "kills": 12
        },
        {
            "type": "SkillDaemon"
        }
    ],
    "doc": {
        "title": "太阳甩在身后 - AS-S-2 - 精神在富饶中绽放",
        "details": "——————————\n作业更新日期: 2024-08-16T06:31:43Z\n统计更新日期: 2025-11-03\n相对评分：98.99%  相对热度：89.11%\n来源：pppie  ID：40351\n——————————\n参考作品B站 萧然Q：【【太阳甩在身后】AS-S-1突袭至AS-MO-1 摆完挂机 简单好抄】 https://www.bilibili.com/video/BV1uE421A7jm\n若夜莺奶不住且EW回转跟不上则换白面\n有问题可留言"
    },
    "groups": [
        {
            "name": "奶盾",
            "opers": [
                {
                    "name": "黍",
                    "skill": 1,
                    "skill_usage": 0
                },
                {
                    "name": "塞雷娅",
                    "skill": 1,
                    "skill_usage": 0
                }
            ]
        },
        {
            "name": "群奶",
            "opers": [
                {
                    "name": "白面鸮",
                    "skill": 2,
                    "skill_usage": 0
                },
                {
                    "name": "夜莺",
                    "skill": 1,
                    "skill_usage": 0
                }
            ]
        },
        {
            "name": "控制",
            "opers": [
                {
                    "name": "铃兰",
                    "skill": 2,
                    "skill_usage": 0
                },
                {
                    "name": "塑心",
                    "skill": 1,
                    "skill_usage": 0
                },
                {
                    "name": "灵知",
                    "skill": 1,
                    "skill_usage": 0
                }
            ]
        },
        {
            "name": "法c",
            "opers": [
                {
                    "name": "艾雅法拉",
                    "skill": 2,
                    "skill_usage": 0
                },
                {
                    "name": "逻各斯",
                    "skill": 1,
                    "skill_usage": 0
                },
                {
                    "name": "澄闪",
                    "skill": 2,
                    "skill_usage": 0
                }
            ]
        }
    ],
    "opers": [
        {
            "name": "维什戴尔",
            "skill": 3,
            "skill_usage": 1
        },
        {
            "name": "德克萨斯",
            "skill": 1,
            "skill_usage": 0
        },
        {
            "name": "梓兰",
            "skill": 1,
            "skill_usage": 1
        }
    ],
    "difficulty": 3
}