{
    "stage_name": "level_crisis_v2_04-01",
    "minimum_required": "v4.0.0",
    "doc": {
        "title": "【危机合约】弧光作战 滞空焦点 不对等作战 【皮肤任务】",
        "details": "——————————\n作业更新日期: 2025-08-15T12:18:13Z\n统计更新日期: 2025-11-03\n相对评分：90.22%  相对热度：84.10%\n来源：小卡拉帕鲁灰  ID：65178\n——————————\n选满 恶敌 与 衰退 ，220分进图\n参考视频：https://www.bilibili.com/video/BV19ubrzbEpB/?spm_id_from=333.1007.top_right_bar_window_history.content.click&vd_source=10857a8c905c104ca2eab27415c72ffc"
    },
    "opers": [
        {
            "name": "史尔特尔",
            "skill": 3,
            "skill_usage": 0,
            "requirements": {
                "elite": 2,
                "level": 90,
                "module": 1
            }
        },
        {
            "name": "乌尔比安",
            "skill": 2,
            "skill_usage": 0,
            "requirements": {
                "elite": 2,
                "level": 90,
                "module": 1
            }
        },
        {
            "name": "歌蕾蒂娅",
            "skill": 1,
            "skill_usage": 0,
            "requirements": {
                "elite": 2,
                "level": 90,
                "module": 1
            }
        },
        {
            "name": "塑心",
            "skill": 1,
            "requirements": {
                "elite": 2,
                "level": 90,
                "skill_level": 10,
                "module": 1
            }
        },
        {
            "name": "黍",
            "skill": 1,
            "skill_usage": 0,
            "requirements": {
                "elite": 2,
                "level": 90,
                "skill_level": 10,
                "module": 1
            }
        },
        {
            "name": "纯烬艾雅法拉",
            "skill": 1,
            "skill_usage": 0,
            "requirements": {
                "elite": 2,
                "level": 90,
                "module": 1
            }
        },
        {
            "name": "拉普兰德",
            "skill": 2,
            "skill_usage": 0,
            "requirements": {
                "elite": 2,
                "level": 80,
                "module": 1
            }
        },
        {
            "name": "德克萨斯",
            "skill": 1,
            "requirements": {
                "skill_level": 10,
                "module": 2
            }
        },
        {
            "name": "桃金娘",
            "skill": 1,
            "skill_usage": 1,
            "requirements": {
                "elite": 2,
                "level": 1,
                "skill_level": 10,
                "module": -1
            }
        }
    ],
    "groups": [],
    "actions": [
        {
            "name": "桃金娘",
            "location": [
                9,
                1
            ],
            "direction": "Left",
            "type": "Deploy"
        },
        {
            "name": "歌蕾蒂娅",
            "location": [
                8,
                1
            ],
            "direction": "Down",
            "type": "Deploy"
        },
        {
            "name": "拉普兰德",
            "location": [
                9,
                2
            ],
            "direction": "Left",
            "type": "Deploy"
        },
        {
            "type": "SpeedUp"
        },
        {
            "name": "塑心",
            "location": [
                9,
                4
            ],
            "direction": "Down",
            "type": "Deploy"
        },
        {
            "name": "乌尔比安",
            "location": [
                8,
                2
            ],
            "direction": "Down",
            "type": "Deploy"
        },
        {
            "name": "纯烬艾雅法拉",
            "location": [
                10,
                3
            ],
            "direction": "Left",
            "type": "Deploy"
        },
        {
            "name": "黍",
            "location": [
                8,
                5
            ],
            "direction": "Down",
            "type": "Deploy"
        },
        {
            "name": "史尔特尔",
            "location": [
                5,
                1
            ],
            "direction": "Left",
            "type": "Deploy"
        },
        {
            "name": "德克萨斯",
            "location": [
                4,
                1
            ],
            "direction": "Left",
            "type": "Deploy"
        },
        {
            "type": "Skill",
            "name": "史尔特尔",
            "kills": 9,
            "pre_delay": 2900
        },
        {
            "type": "SkillDaemon"
        }
    ],
    "version": 3
}