{
    "minimum_required": "v4.0.0",
    "stage_name": "mem_siege_1",
    "actions": [
        {
            "type": "Deploy",
            "name": "推进之王",
            "location": [
                8,
                3
            ],
            "direction": "Left"
        },
        {
            "type": "Deploy",
            "name": "香草",
            "location": [
                9,
                2
            ],
            "direction": "Left"
        },
        {
            "type": "SpeedUp"
        },
        {
            "type": "Deploy",
            "name": "讯使",
            "location": [
                9,
                4
            ],
            "direction": "Left"
        },
        {
            "type": "Deploy",
            "name": "图耶",
            "location": [
                8,
                5
            ],
            "direction": "Up"
        },
        {
            "type": "Deploy",
            "name": "清道夫",
            "location": [
                9,
                3
            ],
            "direction": "Left"
        },
        {
            "type": "SkillUsage",
            "name": "图耶",
            "kills": 55,
            "skill_usage": 1
        },
        {
            "type": "SkillDaemon"
        }
    ],
    "doc": {
        "title": "先锋 - 推进之王 - 头阵冲锋【推进之王悖论模拟】",
        "details": "——————————\n作业更新日期: 2024-05-01T09:34:25Z\n统计更新日期: 2025-11-03\n相对评分：100.00%  相对热度：100.00%\n来源：小卡拉帕鲁灰  ID：36707\n——————————\n王维娜翻跟斗真强\n练度：精二60级、专一2技能（等级具体可以多低不知道）\n悖论模拟需要在MAA中关闭“自动编队”，\n选好2技能后处于红色ui“开始模拟”界面，maa就可以按开始了"
    },
    "groups": [],
    "opers": [
        {
            "name": "推进之王",
            "skill": 2,
            "skill_usage": 0
        },
        {
            "name": "香草",
            "skill": 1,
            "skill_usage": 1
        },
        {
            "name": "清道夫",
            "skill": 2,
            "skill_usage": 1
        },
        {
            "name": "讯使",
            "skill": 2,
            "skill_usage": 1
        },
        {
            "name": "图耶",
            "skill": 2,
            "skill_usage": 0
        }
    ]
}