{
    "minimum_required": "v4.0.0",
    "stage_name": "act46side_01",
    "actions": [
        {
            "type": "SpeedUp"
        },
        {
            "type": "Deploy",
            "name": "斑点",
            "location": [
                7,
                3
            ],
            "direction": "Left"
        },
        {
            "type": "Deploy",
            "name": "古米",
            "direction": "Left",
            "location": [
                7,
                4
            ]
        },
        {
            "type": "Deploy",
            "name": "维什戴尔",
            "direction": "Left",
            "location": [
                8,
                5
            ]
        },
        {
            "type": "Skill",
            "pre_delay": 4800,
            "name": "维什戴尔"
        },
        {
            "type": "Skill",
            "pre_delay": 1000,
            "name": "维什戴尔"
        },
        {
            "type": "Skill",
            "pre_delay": 24800,
            "name": "维什戴尔"
        },
        {
            "type": "SkillDaemon"
        }
    ],
    "doc": {
        "title": "OS-1 - 呼号声中",
        "details": "——————————\n作业更新日期: 2025-11-01T04:44:23Z\n统计更新日期: 2025-11-06\n相对评分：98.00%  相对热度：75.91%\n来源：焕彩gg  ID：73198\n——————————\nB站ID：焕彩GG 主页：https://space.bilibili.com/10123796\n本作业已开启截图增强\n求关注"
    },
    "groups": [],
    "opers": [
        {
            "name": "斑点",
            "skill": 1,
            "skill_usage": 0
        },
        {
            "name": "古米",
            "skill": 1,
            "skill_usage": 0
        },
        {
            "name": "维什戴尔",
            "requirements": {
                "level": 90,
                "skill_level": 10,
                "module": 1
            },
            "skill": 3
        }
    ]
}