{
    "minimum_required": "v4.0.0",
    "stage_name": "act46side_07",
    "actions": [
        {
            "type": "SpeedUp"
        },
        {
            "type": "Deploy",
            "name": "乌尔比安",
            "location": [
                2,
                1
            ],
            "direction": "Right"
        },
        {
            "type": "Deploy",
            "name": "艾雅法拉",
            "location": [
                3,
                2
            ],
            "direction": "Down"
        },
        {
            "type": "Deploy",
            "location": [
                8,
                2
            ],
            "direction": "Down",
            "name": "歌蕾蒂娅"
        }
    ],
    "doc": {
        "title": "OS-7 - 焚心灼影",
        "details": "——————————\n作业更新日期: 2025-11-01T05:37:22Z\n统计更新日期: 2025-11-06\n相对评分：96.97%  相对热度：71.03%\n来源：浮沉若梦丿  ID：73253\n——————————\n2903\nMAA地图上显示不可部署的高台地块在局内可以部署，不知道是哪家的bug"
    },
    "groups": [],
    "opers": [
        {
            "name": "歌蕾蒂娅",
            "skill": 1,
            "skill_usage": 0
        },
        {
            "name": "乌尔比安",
            "skill": 2,
            "skill_usage": 0
        },
        {
            "name": "艾雅法拉",
            "skill": 2,
            "skill_usage": 0
        }
    ]
}