{
    "minimum_required": "v4.0.0",
    "stage_name": "act46side_ex08",
    "actions": [
        {
            "type": "Deploy",
            "name": "桃金娘",
            "location": [
                3,
                2
            ],
            "direction": "Up"
        },
        {
            "type": "SpeedUp"
        },
        {
            "type": "Deploy",
            "name": "芬",
            "location": [
                3,
                1
            ],
            "direction": "Left"
        },
        {
            "type": "Deploy",
            "name": "玛恩纳",
            "location": [
                2,
                1
            ],
            "direction": "Down"
        },
        {
            "type": "Deploy",
            "name": "山/煌/新熊",
            "direction": "Up",
            "location": [
                1,
                4
            ]
        },
        {
            "type": "Deploy",
            "name": "艾雅法拉",
            "location": [
                10,
                2
            ],
            "direction": "Down"
        },
        {
            "type": "Deploy",
            "name": "夜莺",
            "location": [
                10,
                3
            ],
            "direction": "Down"
        },
        {
            "type": "Deploy",
            "name": "拉普兰德",
            "location": [
                11,
                4
            ],
            "direction": "Up"
        },
        {
            "type": "Deploy",
            "name": "塞雷娅",
            "location": [
                3,
                3
            ],
            "direction": "Left"
        },
        {
            "type": "Retreat",
            "name": "桃金娘",
            "costs": 20
        },
        {
            "type": "Deploy",
            "name": "维什戴尔",
            "location": [
                9,
                2
            ],
            "direction": "Down"
        },
        {
            "type": "Skill",
            "name": "维什戴尔",
            "pre_delay": 4800
        },
        {
            "type": "Skill",
            "kills": 20,
            "name": "维什戴尔"
        },
        {
            "type": "Deploy",
            "direction": "Down",
            "pre_delay": 15000,
            "name": "幻影",
            "location": [
                2,
                7
            ]
        },
        {
            "type": "Retreat",
            "pre_delay": 7800,
            "name": "芬"
        },
        {
            "type": "Retreat",
            "pre_delay": 100,
            "name": "祖宗",
            "location": [
                9,
                6
            ]
        },
        {
            "type": "Deploy",
            "name": "玫兰莎",
            "location": [
                6,
                6
            ],
            "direction": "Up"
        },
        {
            "type": "Skill",
            "pre_delay": 100,
            "name": "维什戴尔"
        },
        {
            "type": "Skill",
            "pre_delay": 6500,
            "name": "夜莺"
        },
        {
            "type": "Skill",
            "name": "维什戴尔",
            "pre_delay": 5500
        },
        {
            "type": "Deploy",
            "pre_delay": 11000,
            "name": "幻影",
            "direction": "Down",
            "location": [
                2,
                7
            ]
        },
        {
            "type": "Retreat",
            "pre_delay": 8000,
            "name": "玫兰莎",
            "location": [
                6,
                6
            ]
        },
        {
            "type": "Deploy",
            "location": [
                11,
                5
            ],
            "name": "古米",
            "direction": "Up"
        },
        {
            "type": "Skill",
            "pre_delay": 3500,
            "name": "维什戴尔"
        },
        {
            "type": "Retreat",
            "pre_delay": 500,
            "name": "祖宗",
            "location": [
                9,
                6
            ]
        },
        {
            "type": "Retreat",
            "name": "祖宗",
            "location": [
                9,
                4
            ],
            "kills": 70
        },
        {
            "type": "SkillDaemon"
        }
    ],
    "doc": {
        "title": "OS-EX-8 - 以人的名",
        "details": "——————————\n作业更新日期: 2025-11-11T04:23:45Z\n统计更新日期: 2025-11-13\n相对评分：98.00%  相对热度：80.41%\n来源：焕彩gg  ID：74738\n——————————\n带雪崩触发装置\n由于BOSS全屏随机攻击，可能会有倒霉蛋被连续攻击致死，倒霉失败了就重开。\nB站ID：焕彩GG 主页：https://space.bilibili.com/10123796\n本作业已开启截图增强\n求关注"
    },
    "groups": [
        {
            "name": "山/煌/新熊",
            "opers": [
                {
                    "name": "斩业星熊",
                    "skill": 2,
                    "skill_usage": 0
                },
                {
                    "name": "煌",
                    "skill": 2,
                    "skill_usage": 0
                },
                {
                    "name": "山",
                    "skill": 2,
                    "skill_usage": 2,
                    "skill_times": 1
                }
            ]
        },
        {
            "name": "艾雅法拉",
            "opers": [
                {
                    "name": "圣聆初雪",
                    "skill": 2,
                    "skill_usage": 0
                },
                {
                    "name": "艾雅法拉",
                    "skill": 2,
                    "skill_usage": 0
                },
                {
                    "name": "逻各斯",
                    "skill": 1,
                    "skill_usage": 0
                }
            ]
        }
    ],
    "opers": [
        {
            "name": "桃金娘",
            "skill": 1,
            "skill_usage": 1
        },
        {
            "name": "芬",
            "skill": 1,
            "skill_usage": 0
        },
        {
            "name": "玛恩纳",
            "skill": 3,
            "skill_usage": 1
        },
        {
            "name": "维什戴尔",
            "requirements": {
                "level": 90,
                "skill_level": 10,
                "module": 1
            },
            "skill": 3
        },
        {
            "name": "夜莺",
            "skill": 3,
            "skill_usage": 0
        },
        {
            "name": "塞雷娅",
            "skill": 2,
            "skill_usage": 0
        },
        {
            "name": "拉普兰德",
            "skill": 2,
            "skill_usage": 0
        },
        {
            "name": "玫兰莎",
            "skill": 1,
            "skill_usage": 0
        },
        {
            "name": "古米",
            "skill": 1,
            "skill_usage": 0
        }
    ],
    "difficulty": 3
}