{
    "stage_name": "act46side_ex07",
    "minimum_required": "v4.0.0",
    "doc": {
        "title": "OS-EX-7 - 以石取石",
        "details": "——————————\n作业更新日期: 2025-11-09T00:55:34Z\n统计更新日期: 2025-11-10\n相对评分：98.00%  相对热度：78.40%\n来源：月夜晓梦  ID：74620\n——————————\n摆完挂机\n已测试，测试练度拉满，可能存在问题\n原作者：自在道爷\n【【雪山降临1101】OS-EX-1至OS-EX-8挂机流，突袭也不愁！语音快乐详解，轻松解放双手 | 明日方舟攻略(含EX-8突袭，EX-6突袭等)】 https://www.bilibili.com/video/BV1S81XBkEuc/?share_source=copy_web&vd_source=ef41bea63edf52b106f9a61b9aa78aeb"
    },
    "opers": [
        {
            "name": "风笛",
            "skill": 2,
            "skill_usage": 0,
            "requirements": {
                "skill_level": 10,
                "module": 1
            }
        },
        {
            "name": "塞雷娅",
            "skill": 1,
            "skill_usage": 0,
            "requirements": {
                "skill_level": 10,
                "module": 2
            }
        },
        {
            "name": "艾雅法拉",
            "skill": 2,
            "skill_usage": 0,
            "requirements": {
                "skill_level": 10,
                "module": 1
            }
        },
        {
            "name": "塑心",
            "skill": 1,
            "skill_usage": 0,
            "requirements": {
                "skill_level": 10,
                "module": 1
            }
        },
        {
            "name": "灵知",
            "skill": 1,
            "requirements": {
                "skill_level": 7,
                "module": -1
            }
        }
    ],
    "groups": [],
    "actions": [
        {
            "type": "SpeedUp"
        },
        {
            "name": "风笛",
            "location": [
                3,
                4
            ],
            "direction": "Up",
            "type": "Deploy"
        },
        {
            "name": "艾雅法拉",
            "location": [
                2,
                4
            ],
            "direction": "Right",
            "type": "Deploy"
        },
        {
            "name": "塑心",
            "location": [
                7,
                2
            ],
            "direction": "Left",
            "type": "Deploy"
        },
        {
            "name": "灵知",
            "location": [
                6,
                3
            ],
            "direction": "Left",
            "type": "Deploy",
            "kills": 13
        },
        {
            "name": "塞雷娅",
            "location": [
                6,
                4
            ],
            "direction": "Left",
            "type": "Deploy"
        },
        {
            "name": "塑心",
            "location": [
                6,
                5
            ],
            "direction": "Left",
            "type": "Deploy"
        },
        {
            "type": "SkillDaemon"
        }
    ],
    "version": 3,
    "difficulty": 3
}