{
    "stage_name": "act46side_ex01",
    "minimum_required": "v4.0.0",
    "doc": {
        "title": "OS-EX-1 - 饮净水",
        "details": "——————————\n作业更新日期: 2025-11-09T08:35:19Z\n统计更新日期: 2025-11-22\n相对评分：98.00%  相对热度：63.62%\n来源：MA_DA_O  ID：74633\n——————————\nOS-EX-1 - 饮净水,还没有测试"
    },
    "opers": [
        {
            "name": "维什戴尔",
            "skill": 3,
            "skill_usage": 1,
            "requirements": {
                "level": 90,
                "skill_level": 10
            }
        },
        {
            "name": "逻各斯",
            "skill": 3,
            "skill_usage": 1,
            "requirements": {
                "level": 90,
                "skill_level": 10
            }
        },
        {
            "name": "德克萨斯",
            "skill": 1,
            "requirements": {
                "skill_level": 7
            }
        }
    ],
    "groups": [
        {
            "name": "重装",
            "opers": [
                {
                    "name": "斩业星熊",
                    "skill": 2,
                    "requirements": {
                        "level": 90,
                        "skill_level": 10
                    }
                },
                {
                    "name": "临光",
                    "skill": 1,
                    "requirements": {
                        "skill_level": 7
                    }
                },
                {
                    "name": "塞雷娅",
                    "skill": 1,
                    "requirements": {
                        "skill_level": 10
                    }
                }
            ]
        }
    ],
    "actions": [
        {
            "type": "SpeedUp"
        },
        {
            "name": "德克萨斯",
            "location": [
                7,
                1
            ],
            "direction": "Down",
            "type": "Deploy"
        },
        {
            "name": "重装",
            "location": [
                9,
                2
            ],
            "direction": "Left",
            "type": "Deploy"
        },
        {
            "name": "维什戴尔",
            "location": [
                8,
                1
            ],
            "direction": "Down",
            "type": "Deploy"
        },
        {
            "name": "逻各斯",
            "location": [
                4,
                6
            ],
            "direction": "Right",
            "type": "Deploy"
        },
        {
            "type": "Skill",
            "name": "维什戴尔",
            "location": [
                8,
                1
            ],
            "kills": 18,
            "pre_delay": 2000
        },
        {
            "type": "Retreat",
            "name": "逻各斯",
            "location": [
                4,
                6
            ],
            "kills": 24
        },
        {
            "name": "逻各斯",
            "location": [
                12,
                6
            ],
            "direction": "Left",
            "type": "Deploy"
        },
        {
            "type": "Skill",
            "name": "维什戴尔",
            "location": [
                8,
                1
            ],
            "pre_delay": 30000
        },
        {
            "type": "SkillDaemon"
        }
    ],
    "version": 3,
    "difficulty": 3
}