{
    "minimum_required": "v4.0.0",
    "stage_name": "act46side_ex08",
    "actions": [
        {
            "type": "Deploy",
            "name": "桃金娘",
            "direction": "Down",
            "location": [
                6,
                6
            ]
        },
        {
            "type": "SpeedUp"
        },
        {
            "type": "Deploy",
            "name": "近卫",
            "direction": "Left",
            "location": [
                2,
                1
            ]
        },
        {
            "type": "Deploy",
            "name": "乌尔比安",
            "direction": "Up",
            "location": [
                1,
                4
            ]
        },
        {
            "type": "Deploy",
            "name": "圣聆初雪",
            "direction": "Left",
            "location": [
                10,
                3
            ]
        },
        {
            "type": "Deploy",
            "name": "纯烬艾雅法拉",
            "direction": "Down",
            "location": [
                10,
                2
            ]
        },
        {
            "type": "Deploy",
            "name": "娜仁图亚",
            "direction": "Left",
            "location": [
                9,
                2
            ]
        },
        {
            "type": "Deploy",
            "name": "歌蕾蒂娅",
            "direction": "Up",
            "location": [
                11,
                5
            ]
        },
        {
            "type": "Retreat",
            "name": "桃金娘"
        },
        {
            "type": "SkillDaemon"
        }
    ],
    "doc": {
        "title": "OS-EX-8",
        "details": "——————————\n作业更新日期: 2025-11-08T12:22:44Z\n统计更新日期: 2025-11-22\n相对评分：80.00%  相对热度：58.01%\n来源：Elio  ID：74513\n——————————\nOS-EX-8"
    },
    "groups": [
        {
            "name": "近卫",
            "opers": [
                {
                    "skill_times": 1,
                    "name": "山",
                    "skill": 2,
                    "skill_usage": 2
                },
                {
                    "name": "左乐",
                    "skill": 2,
                    "skill_usage": 1
                }
            ]
        }
    ],
    "opers": [
        {
            "name": "歌蕾蒂娅",
            "skill": 1,
            "skill_usage": 0
        },
        {
            "name": "乌尔比安",
            "skill": 2,
            "skill_usage": 0
        },
        {
            "name": "圣聆初雪",
            "skill": 2,
            "skill_usage": 0
        },
        {
            "name": "桃金娘",
            "skill_usage": 1,
            "skill": 1
        },
        {
            "name": "纯烬艾雅法拉",
            "skill": 1,
            "skill_usage": 0
        },
        {
            "name": "娜仁图亚",
            "skill_usage": 2,
            "skill_times": 1,
            "skill": 1
        }
    ],
    "difficulty": 3
}