{
    "stage_name": "act46side_ex03",
    "minimum_required": "v4.0.0",
    "doc": {
        "title": "OS-EX-3 - 御外敌",
        "details": "——————————\n作业更新日期: 2025-11-09T19:40:05Z\n统计更新日期: 2025-11-10\n相对评分：99.00%  相对热度：79.08%\n来源：.02.  ID：74522\n——————————\n一队通关 不节省干员\njson作者：02\n【【雪山降临1101】OS-EX-1至OS-EX8突袭 一队通关 摆完挂机】 \nhttps://www.bilibili.com/video/BV1GB1QBEEmb/?share_source=copy_web&vd_source=412c317895f1eae662d47fa0729b2e39"
    },
    "opers": [
        {
            "name": "斩业星熊",
            "skill": 2,
            "skill_usage": 0
        },
        {
            "name": "艾雅法拉",
            "skill": 2,
            "skill_usage": 0
        },
        {
            "name": "逻各斯",
            "skill": 1,
            "skill_usage": 0
        },
        {
            "name": "荒芜拉普兰德",
            "skill": 3,
            "skill_usage": 1,
            "requirements": {
                "skill_level": 10,
                "module": 1
            }
        },
        {
            "name": "阿斯卡纶",
            "skill": 1,
            "skill_usage": 0
        },
        {
            "name": "遥",
            "skill": 2,
            "skill_usage": 1
        },
        {
            "name": "风笛",
            "skill": 2,
            "requirements": {
                "skill_level": 10
            }
        }
    ],
    "groups": [
        {
            "name": "先锋",
            "opers": [
                {
                    "name": "贾维",
                    "skill": 1,
                    "skill_usage": 0
                },
                {
                    "name": "德克萨斯",
                    "skill": 1,
                    "skill_usage": 0,
                    "requirements": {
                        "module": 2
                    }
                }
            ]
        },
        {
            "name": "重装",
            "opers": [
                {
                    "name": "黍",
                    "skill": 1,
                    "skill_usage": 0
                }
            ]
        },
        {
            "name": "巫役",
            "opers": [
                {
                    "name": "塑心",
                    "skill": 1,
                    "skill_usage": 0
                },
                {
                    "name": "酒神",
                    "skill": 1,
                    "skill_usage": 0
                }
            ]
        },
        {
            "name": "近卫",
            "opers": [
                {
                    "name": "丰川祥子",
                    "skill": 2,
                    "skill_usage": 0
                },
                {
                    "name": "棘刺",
                    "skill": 3,
                    "skill_usage": 1
                }
            ]
        }
    ],
    "actions": [
        {
            "name": "逻各斯",
            "location": [
                3,
                2
            ],
            "direction": "Right",
            "type": "Deploy"
        },
        {
            "type": "SpeedUp"
        },
        {
            "name": "巫役",
            "location": [
                3,
                6
            ],
            "direction": "Up",
            "type": "Deploy",
            "pre_delay": 100
        },
        {
            "name": "阿斯卡纶",
            "location": [
                8,
                2
            ],
            "direction": "Left",
            "type": "Deploy",
            "pre_delay": 100
        },
        {
            "type": "SkillDaemon"
        }
    ],
    "version": 3,
    "difficulty": 3
}