{
    "minimum_required": "v4.0.0",
    "stage_name": "act46side_ex02",
    "actions": [
        {
            "type": "SpeedUp"
        },
        {
            "type": "Deploy",
            "name": "维什戴尔",
            "direction": "Up",
            "location": [
                4,
                5
            ],
            "costs": 25
        },
        {
            "type": "Skill",
            "name": "维什戴尔",
            "pre_delay": 4800
        },
        {
            "type": "Deploy",
            "name": "雪崩触发装置",
            "direction": "None",
            "location": [
                5,
                3
            ]
        },
        {
            "type": "SpeedUp",
            "name": "古米",
            "direction": "Right",
            "location": [
                1,
                4
            ],
            "pre_delay": 28500
        },
        {
            "type": "Deploy",
            "name": "古米",
            "location": [
                1,
                4
            ],
            "direction": "Right"
        },
        {
            "type": "Deploy",
            "location": [
                1,
                5
            ],
            "name": "安赛尔",
            "direction": "Right"
        },
        {
            "type": "Deploy",
            "name": "米格鲁",
            "location": [
                2,
                4
            ],
            "direction": "Right"
        },
        {
            "type": "SpeedUp",
            "name": "古米",
            "direction": "Right",
            "location": [
                1,
                4
            ]
        },
        {
            "type": "Skill",
            "pre_delay": 38000,
            "name": "维什戴尔"
        },
        {
            "type": "Deploy",
            "pre_delay": 9000,
            "name": "雪崩触发装置",
            "direction": "None",
            "location": [
                5,
                3
            ]
        },
        {
            "type": "Deploy",
            "pre_delay": 4000,
            "name": "雪崩触发装置",
            "direction": "None",
            "location": [
                5,
                3
            ]
        },
        {
            "type": "Skill",
            "name": "米格鲁",
            "pre_delay": 9000
        },
        {
            "type": "Skill",
            "pre_delay": 4500,
            "name": "维什戴尔"
        },
        {
            "type": "SkillDaemon"
        }
    ],
    "doc": {
        "title": "OS-EX-2 - 敬友邻",
        "details": "——————————\n作业更新日期: 2025-11-09T06:47:48Z\n统计更新日期: 2025-11-13\n相对评分：99.00%  相对热度：78.31%\n来源：焕彩gg  ID：74655\n——————————\n带雪崩触发装置\nB站ID：焕彩GG 主页：https://space.bilibili.com/10123796\n本作业已开启截图增强\n求关注"
    },
    "groups": [
        {
            "name": "安赛尔",
            "opers": [
                {
                    "name": "纯烬艾雅法拉",
                    "skill": 1,
                    "skill_usage": 0
                },
                {
                    "name": "安赛尔",
                    "skill": 1,
                    "skill_usage": 0
                }
            ]
        }
    ],
    "opers": [
        {
            "name": "维什戴尔",
            "requirements": {
                "level": 90,
                "skill_level": 10,
                "module": 1
            },
            "skill": 3
        },
        {
            "name": "米格鲁",
            "skill": 1,
            "skill_usage": 0
        },
        {
            "name": "古米",
            "skill": 1,
            "skill_usage": 0
        }
    ],
    "difficulty": 3
}