{
    "stage_name": "act46side_ex08",
    "minimum_required": "v4.0.0",
    "doc": {
        "title": "OS-EX-8 - 以人的名",
        "details": "——————————\n作业更新日期: 2025-11-08T12:59:14Z\n统计更新日期: 2025-11-10\n相对评分：98.00%  相对热度：91.32%\n来源：Chiho  ID：74542\n——————————\nup:祈星_Estrella\nlink:【【雪山降临】OS-EX-8突袭摆完半挂机简单好抄明日方舟osex8】 https://www.bilibili.com/video/BV1cH1QBFELD/?share_source=copy_web&vd_source=dcc7ddeba31e59bccd51d29a07ff1565\n视频练度精二60  练度高点好  "
    },
    "opers": [
        {
            "name": "维什戴尔",
            "skill": 3,
            "skill_usage": 1,
            "requirements": {
                "skill_level": 10,
                "module": 1
            }
        },
        {
            "name": "塞雷娅",
            "skill": 2,
            "requirements": {
                "skill_level": 10,
                "module": 2
            }
        },
        {
            "name": "逻各斯",
            "skill": 1,
            "requirements": {
                "skill_level": 10,
                "module": 4
            }
        },
        {
            "name": "流明",
            "skill": 3,
            "skill_usage": 1,
            "requirements": {
                "skill_level": 10
            }
        },
        {
            "name": "山",
            "skill": 2,
            "skill_usage": 2,
            "requirements": {
                "skill_level": 10,
                "module": 2
            }
        },
        {
            "name": "阿斯卡纶",
            "skill": 1,
            "requirements": {
                "skill_level": 10,
                "module": 1
            }
        },
        {
            "name": "棘刺",
            "skill": 3,
            "skill_usage": 1,
            "requirements": {
                "skill_level": 10,
                "module": 1
            }
        }
    ],
    "groups": [],
    "actions": [
        {
            "type": "Deploy",
            "name": "棘刺",
            "direction": "Right",
            "location": [
                3,
                4
            ]
        },
        {
            "type": "SpeedUp"
        },
        {
            "name": "山",
            "location": [
                1,
                4
            ],
            "direction": "Up",
            "type": "Deploy"
        },
        {
            "type": "Deploy",
            "name": "维什戴尔",
            "direction": "Down",
            "location": [
                10,
                2
            ]
        },
        {
            "name": "流明",
            "location": [
                2,
                3
            ],
            "direction": "Down",
            "type": "Deploy"
        },
        {
            "name": "逻各斯",
            "location": [
                10,
                6
            ],
            "direction": "Up",
            "type": "Deploy",
            "costs": 40
        },
        {
            "name": "塞雷娅",
            "location": [
                11,
                7
            ],
            "direction": "Up",
            "type": "Deploy"
        },
        {
            "name": "阿斯卡纶",
            "location": [
                11,
                5
            ],
            "direction": "Up",
            "type": "Deploy"
        },
        {
            "type": "SkillDaemon"
        }
    ],
    "version": 3,
    "difficulty": 3
}