{
    "stage_name": "act46side_s05",
    "minimum_required": "v4.0.0",
    "doc": {
        "title": "OS-S-5 - 雪与我与雪【老干员】",
        "details": "——————————\n作业更新日期: 2025-11-16T11:41:43Z\n统计更新日期: 2025-11-22\n相对评分：92.86%  相对热度：72.89%\n来源：小卡拉帕鲁灰  ID：75592\n——————————\n兼容突袭（普通突袭都能用）\n练度查看详情（如果带的是塞，练度要求高一点）\nJSON作者：小卡拉帕鲁灰，B站同名求关注\n本作业已开启截图增强"
    },
    "opers": [
        {
            "name": "伊内丝",
            "skill": 1,
            "requirements": {
                "skill_level": 7
            }
        },
        {
            "name": "逻各斯",
            "skill": 3,
            "skill_usage": 2,
            "requirements": {
                "elite": 2,
                "level": 90,
                "skill_level": 10,
                "module": 4
            }
        },
        {
            "name": "拉普兰德",
            "skill": 2,
            "requirements": {
                "elite": 2,
                "level": 50,
                "skill_level": 10,
                "module": -1
            }
        },
        {
            "name": "桃金娘",
            "skill": 1,
            "skill_usage": 1,
            "requirements": {
                "elite": 2,
                "level": 50,
                "skill_level": 10
            }
        },
        {
            "name": "歌蕾蒂娅",
            "skill": 1,
            "requirements": {
                "elite": 2,
                "level": 60,
                "skill_level": 10,
                "module": 1
            }
        }
    ],
    "groups": [
        {
            "name": "棘刺or祥子",
            "opers": [
                {
                    "name": "棘刺",
                    "skill": 3,
                    "skill_usage": 2,
                    "skill_times": 2,
                    "requirements": {
                        "skill_level": 10
                    }
                },
                {
                    "name": "丰川祥子",
                    "skill": 2,
                    "skill_usage": 0,
                    "requirements": {
                        "skill_level": 10
                    }
                }
            ]
        },
        {
            "name": "琴柳or极境",
            "opers": [
                {
                    "name": "琴柳",
                    "skill": 1,
                    "skill_usage": 1,
                    "requirements": {
                        "skill_level": 10
                    }
                },
                {
                    "name": "极境",
                    "skill": 1,
                    "skill_usage": 1,
                    "requirements": {
                        "skill_level": 10
                    }
                }
            ]
        },
        {
            "name": "塞or黍",
            "opers": [
                {
                    "name": "塞雷娅",
                    "skill": 1,
                    "requirements": {
                        "elite": 2,
                        "level": 90,
                        "skill_level": 10,
                        "module": -1
                    }
                },
                {
                    "name": "黍",
                    "skill": 1,
                    "requirements": {
                        "skill_level": 10,
                        "module": 1
                    }
                }
            ]
        },
        {
            "name": "奶羊or夜莺",
            "opers": [
                {
                    "name": "纯烬艾雅法拉",
                    "skill": 1,
                    "requirements": {
                        "elite": 2,
                        "level": 90,
                        "skill_level": 10
                    }
                },
                {
                    "name": "夜莺",
                    "skill": 2,
                    "requirements": {
                        "skill_level": 10
                    }
                }
            ]
        }
    ],
    "actions": [
        {
            "name": "桃金娘",
            "location": [
                9,
                2
            ],
            "direction": "Left",
            "type": "Deploy"
        },
        {
            "name": "伊内丝",
            "location": [
                1,
                4
            ],
            "direction": "Up",
            "type": "Deploy"
        },
        {
            "name": "琴柳or极境",
            "location": [
                8,
                2
            ],
            "direction": "Up",
            "type": "Deploy"
        },
        {
            "type": "SpeedUp"
        },
        {
            "name": "歌蕾蒂娅",
            "location": [
                10,
                2
            ],
            "direction": "Down",
            "type": "Deploy"
        },
        {
            "name": "塞or黍",
            "location": [
                5,
                1
            ],
            "direction": "Up",
            "type": "Deploy"
        },
        {
            "name": "逻各斯",
            "location": [
                6,
                2
            ],
            "direction": "Up",
            "type": "Deploy"
        },
        {
            "name": "奶羊or夜莺",
            "location": [
                6,
                3
            ],
            "direction": "Up",
            "type": "Deploy"
        },
        {
            "name": "拉普兰德",
            "location": [
                5,
                2
            ],
            "direction": "Up",
            "type": "Deploy"
        },
        {
            "type": "Retreat",
            "name": "琴柳or极境",
            "location": [
                8,
                2
            ],
            "costs": 31
        },
        {
            "name": "棘刺or祥子",
            "location": [
                1,
                5
            ],
            "direction": "Up",
            "type": "Deploy"
        },
        {
            "name": "桃金娘",
            "skill_usage": 0,
            "type": "SkillUsage"
        },
        {
            "type": "Skill",
            "name": "逻各斯",
            "kills": 33
        },
        {
            "type": "SkillDaemon"
        }
    ],
    "version": 3,
    "difficulty": 3
}