{
    "minimum_required": "v4.0.0",
    "stage_name": "tough_14-14",
    "actions": [
        {
            "type": "Deploy",
            "name": "澄闪",
            "location": [
                7,
                6
            ],
            "direction": "Up"
        },
        {
            "type": "Deploy",
            "name": "玛恩纳",
            "location": [
                8,
                5
            ],
            "direction": "Up"
        },
        {
            "type": "SpeedUp"
        },
        {
            "type": "SkillDaemon"
        }
    ],
    "doc": {
        "title": "第十四章 慈悲灯塔 - 14-16（磨难） - 抢占舷侧区域",
        "details": "——————————\n作业更新日期: 2024-05-01T11:08:51Z\n统计更新日期: 2025-11-03\n相对评分：96.94%  相对热度：88.00%\n来源：早见秋岚  ID：36742\n——————————\n第十四章 慈悲灯塔 - 14-16（磨难） - 抢占舷侧区域"
    },
    "groups": [],
    "opers": [
        {
            "name": "澄闪",
            "skill": 3,
            "skill_usage": 1
        },
        {
            "name": "玛恩纳",
            "skill": 3,
            "skill_usage": 1
        }
    ]
}