{
    "type": "SSS",
    "stage_name": "交战荒野",
    "minimum_required": "v5.5.11453",
    "doc": {
        "title": "【保全】交战荒野——澄闪+塞雷娅+纯烬艾雅法拉or流明+重岳or水月or阿斯卡纶_皇家科学院望远镜",
        "title_color": "dark",
        "details": "——————————\n作业更新日期: 2024-08-18T08:52:57Z\n统计更新日期: 2025-11-03\n相对评分：89.25%  相对热度：90.70%\n来源：DL_君逸寒  ID：40391\n——————————\n作者：DL_君逸寒\n演示视频：BV1rJeGe7EVA\n如果觉得脚本还可以的话，请点进视频链接给个三连支持一波\n\n该脚本可完成皇家科学院望远镜任务、招募15术士任务\n\n该脚本适合坐拥黄金大队不缺核心干员的博士\n该脚本对术士池子深度要求很高，除满足编队要求的澄闪+6个工具人术士，还需在道中抓2个以上术士，如无法达到要求，建议使用其他脚本\n\n关卡中的注意事项：\n3关要拿到至少一个战备激活阀，没有就重开（高练也不可无视）\n\n【重点】\n如果中途明日方舟app闪退或想要手动停止maa再重新点开始，务必按照如下方法操作：\n关闭maa——打开任务管理器并结束adb.exe进程——重启maa并载入脚本——点击开始\n如若不然，容易出现坐标混乱、胡乱放人的问题，如不听劝告，出现任何问题不要找我反馈\n\n截止到我写完脚本这一刻，地图站仍未更新地图，所有坐标都是数格子数出来的\n如打完第5关之后，在第6关卡住不动，不要管，一段时间之后（约5min），maa会重新识别并运行\n\n纯烬艾雅法拉1可以换成流明3（或许流明反而效果更好）\n重岳3可以换成阿斯卡纶1或水月1\n\n脚本标题写的XXorXX，但是脚本里实际使用的都是XXorXX中最前面的干员，如果需要用其他干员，全选文本，ctrl+h替换成你想用的干员就好\n\n工具人（不包括核心）：\n先锋：5  5星以上，尖兵分支（推荐）（且推荐开减费用模组）（推进之王用1技能），应急6前期压力有点大，建议高练度\n重装：3  5星以上，防御力高的守护者或铁卫，但是不要选决战者分支和不屈者分支\n术士：6  5星以上，本身有群攻或决战技有群攻的术士，扩散术士分支要上减费用模组\n辅助：2  塑心3>>铃兰3>>其余5星以上带决战技或自动触发技能的辅助\n\n所有工具人的练度都建议精二30级起步，选能打的！\n不要多带辅助！！！\n不要带小车！！！\n另外，注意一下干员们的默认技能！\n详情可以打开视频链接观看并更改必要的设置\n\n导能原件：皇家科学院望远镜\n战术装备：狙击B医疗B特种B，其余A\n开局策略：优选策略\n\n请手动编队，阵容确认后，在有具体的关卡名字的界面，再点击开始，如第一关：LT-1 术法冲锋\n\n脚本参考：\n自己打的\n\n连接模式请使用minitouch或者maatouch，不建议使用ADB Input模式\n\n温馨提示：保全有三个蚀刻章，获得条件分别是通过任意难度、不重开通过普通难度、通过应急难度\n\n刷材料不建议在应急模式刷，也不建议使用专门用来完成任务的脚本刷\n\n作者支持按照个人需求自行修改，但不支持修改后上传到作业站等平台，使用此脚本视为认同并将履行该协议",
        "details_color": "dark"
    },
    "buff": "皇家科学院望远镜",
    "equipment": [
        "A",
        "A",
        "A",
        "A",
        "A",
        "B",
        "B",
        "B"
    ],
    "strategy": "优选策略",
    "opers": [
        {
            "name": "澄闪",
            "skill": 3,
            "skill_usage": 1
        },
        {
            "name": "塞雷娅",
            "skill": 2,
            "skill_usage": 1
        },
        {
            "name": "纯烬艾雅法拉",
            "skill": 1,
            "skill_usage": 1
        },
        {
            "name": "重岳",
            "skill": 3,
            "skill_usage": 2,
            "skill_times": 7
        }
    ],
    "tool_men": {
        "pioneer": 5,
        "tank": 3,
        "caster": 6,
        "support": 2
    },
    "drops": [
        "无需增调干员",
        "术士",
        "辅助",
        "先锋",
        "重装",
        "狙击",
        "医疗",
        "近卫",
        "特种",
        "战备激活阀",
        "专业显示模块",
        "临时任命条款",
        "机密联络存储"
    ],
    "blacklist": [
        "缪尔赛思",
        "伺夜",
        "夜半",
        "渡桥",
        "豆苗",
        "琴柳",
        "极境",
        "万顷",
        "桃金娘",
        "风笛",
        "伊内丝",
        "晓歌",
        "谜图",
        "野鬃",
        "苇草",
        "格拉尼",
        "历阵锐枪芬",
        "红豆",
        "讯使",
        "清道夫",
        "芬",
        "香草",
        "翎羽",
        "夜刀",
        "山",
        "重岳",
        "玛恩纳",
        "龙舌兰",
        "斯卡蒂",
        "赫拉格",
        "耀骑士临光",
        "史尔特尔",
        "薇薇安娜",
        "止颂",
        "左乐",
        "圣约送葬人",
        "阿米娅",
        "因陀罗",
        "星极",
        "芙兰卡",
        "赤冬",
        "达格达",
        "海沫",
        "火龙S黑角",
        "摩根",
        "燧石",
        "炎客",
        "羽毛笔",
        "铸铁",
        "断罪者",
        "宴",
        "缠丸",
        "杰克",
        "猎蜂",
        "慕斯",
        "休谟斯",
        "罗小黑",
        "玫兰莎",
        "月见夜",
        "泡普卡",
        "Castle-3",
        "森蚺",
        "斥罪",
        "泥岩",
        "极光",
        "洋灰",
        "火神",
        "露托",
        "斑点",
        "卡缇",
        "米格鲁",
        "黑角",
        "Friston-3",
        "假日威龙陈",
        "维什戴尔",
        "W",
        "菲亚梅塔",
        "莱伊",
        "冰酿",
        "克洛斯",
        "安德切尔",
        "巡林者",
        "正义骑士号",
        "泰拉大陆调查团",
        "伊芙利特",
        "蚀清",
        "阿罗玛",
        "布丁",
        "深靛",
        "卡达",
        "格雷伊",
        "远山",
        "夜烟",
        "史都华德",
        "炎熔",
        "杜林",
        "12F",
        "凯尔希",
        "焰影苇草",
        "濯尘芙蓉",
        "刺玫",
        "安赛尔",
        "芙蓉",
        "Lancet-2",
        "白铁",
        "掠风",
        "罗比菈塔",
        "海蒂",
        "梓兰",
        "U-Official",
        "PhonoR-0",
        "傀影",
        "缄默德克萨斯",
        "麒麟R夜刀",
        "琳琅诗怀雅",
        "老鲤",
        "多萝西",
        "艾拉",
        "阿",
        "阿斯卡纶",
        "水月",
        "狮蝎",
        "绮良",
        "伊桑",
        "锡人",
        "空构",
        "乌有",
        "红",
        "槐琥",
        "卡夫卡",
        "霜华",
        "罗宾",
        "砾",
        "孑",
        "THRM-EX"
    ],
    "stages": [
        {
            "stage_name": "术法冲锋",
            "strategies": [
                {
                    "tool_men": {
                        "pioneer": 1
                    },
                    "location": [
                        1,
                        2
                    ],
                    "direction": "Up"
                },
                {
                    "tool_men": {
                        "pioneer": 1
                    },
                    "location": [
                        1,
                        3
                    ],
                    "direction": "Down"
                },
                {
                    "tool_men": {
                        "caster": 1
                    },
                    "location": [
                        3,
                        4
                    ],
                    "direction": "Up"
                },
                {
                    "core": "重岳",
                    "tool_men": {
                        "pioneer": 2
                    },
                    "location": [
                        1,
                        2
                    ],
                    "direction": "Up"
                },
                {
                    "core": "皇家科学院望远镜",
                    "tool_men": {
                        "caster": 0
                    },
                    "location": [
                        7,
                        4
                    ],
                    "direction": "None"
                },
                {
                    "tool_men": {
                        "tank": 1
                    },
                    "location": [
                        1,
                        3
                    ],
                    "direction": "Down"
                },
                {
                    "tool_men": {
                        "caster": 2
                    },
                    "location": [
                        3,
                        4
                    ],
                    "direction": "Up"
                },
                {
                    "core": "塞雷娅",
                    "tool_men": {
                        "tank": 1
                    },
                    "location": [
                        1,
                        3
                    ],
                    "direction": "Down"
                },
                {
                    "core": "澄闪",
                    "tool_men": {
                        "caster": 1
                    },
                    "location": [
                        3,
                        4
                    ],
                    "direction": "Up"
                },
                {
                    "tool_men": {
                        "caster": 6,
                        "support": 3
                    },
                    "location": [
                        6,
                        4
                    ],
                    "direction": "Up"
                }
            ],
            "draw_as_possible": true,
            "actions": [
                {
                    "type": "二倍速"
                }
            ],
            "retry_times": 9
        },
        {
            "stage_name": "精锐与光荣",
            "strategies": [
                {
                    "tool_men": {
                        "pioneer": 1
                    },
                    "location": [
                        7,
                        3
                    ],
                    "direction": "Left"
                },
                {
                    "tool_men": {
                        "pioneer": 1
                    },
                    "location": [
                        6,
                        2
                    ],
                    "direction": "Down"
                },
                {
                    "tool_men": {
                        "caster": 1
                    },
                    "location": [
                        8,
                        2
                    ],
                    "direction": "Left"
                },
                {
                    "tool_men": {
                        "tank": 1
                    },
                    "location": [
                        7,
                        3
                    ],
                    "direction": "Left"
                },
                {
                    "core": "皇家科学院望远镜",
                    "tool_men": {
                        "caster": 0
                    },
                    "location": [
                        7,
                        5
                    ],
                    "direction": "None"
                },
                {
                    "tool_men": {
                        "caster": 1
                    },
                    "location": [
                        8,
                        4
                    ],
                    "direction": "Left"
                },
                {
                    "core": "塞雷娅",
                    "tool_men": {
                        "tank": 1
                    },
                    "location": [
                        7,
                        3
                    ],
                    "direction": "Left"
                },
                {
                    "core": "重岳",
                    "tool_men": {
                        "pioneer": 2
                    },
                    "location": [
                        6,
                        2
                    ],
                    "direction": "Down"
                },
                {
                    "core": "澄闪",
                    "tool_men": {
                        "caster": 2
                    },
                    "location": [
                        8,
                        4
                    ],
                    "direction": "Left"
                },
                {
                    "core": "纯烬艾雅法拉",
                    "tool_men": {
                        "caster": 1
                    },
                    "location": [
                        8,
                        1
                    ],
                    "direction": "Down"
                },
                {
                    "tool_men": {
                        "caster": 6,
                        "sniper": 2,
                        "support": 3
                    },
                    "location": [
                        8,
                        2
                    ],
                    "direction": "Left"
                }
            ],
            "draw_as_possible": true,
            "actions": [
                {
                    "type": "二倍速"
                },
                {
                    "type": "Skill",
                    "name": "炸弹载荷点",
                    "location": [
                        1,
                        5
                    ],
                    "kills": 15
                }
            ],
            "retry_times": 9
        },
        {
            "stage_name": "主要推进通道",
            "strategies": [
                {
                    "tool_men": {
                        "pioneer": 1
                    },
                    "location": [
                        2,
                        2
                    ],
                    "direction": "Right"
                },
                {
                    "tool_men": {
                        "pioneer": 1
                    },
                    "location": [
                        3,
                        2
                    ],
                    "direction": "Right"
                },
                {
                    "tool_men": {
                        "caster": 1
                    },
                    "location": [
                        3,
                        3
                    ],
                    "direction": "Right"
                },
                {
                    "tool_men": {
                        "tank": 1
                    },
                    "location": [
                        3,
                        2
                    ],
                    "direction": "Right"
                },
                {
                    "core": "皇家科学院望远镜",
                    "tool_men": {
                        "caster": 0
                    },
                    "location": [
                        4,
                        1
                    ],
                    "direction": "None"
                },
                {
                    "core": "澄闪",
                    "tool_men": {
                        "caster": 2
                    },
                    "location": [
                        3,
                        3
                    ],
                    "direction": "Right"
                },
                {
                    "core": "重岳",
                    "tool_men": {
                        "pioneer": 2
                    },
                    "location": [
                        2,
                        2
                    ],
                    "direction": "Right"
                },
                {
                    "core": "纯烬艾雅法拉",
                    "tool_men": {
                        "caster": 1
                    },
                    "location": [
                        3,
                        4
                    ],
                    "direction": "Up"
                },
                {
                    "core": "塞雷娅",
                    "tool_men": {
                        "tank": 1
                    },
                    "location": [
                        3,
                        2
                    ],
                    "direction": "Right"
                },
                {
                    "tool_men": {
                        "caster": 6,
                        "sniper": 1,
                        "support": 6
                    },
                    "location": [
                        3,
                        5
                    ],
                    "direction": "Right"
                },
                {
                    "core": "战备激活阀",
                    "tool_men": {
                        "caster": 0
                    },
                    "location": [
                        2,
                        3
                    ],
                    "direction": "Right",
                    "kills": 15
                }
            ],
            "draw_as_possible": true,
            "actions": [
                {
                    "type": "二倍速"
                }
            ],
            "retry_times": 9
        },
        {
            "stage_name": "虫潮涌流",
            "strategies": [
                {
                    "tool_men": {
                        "pioneer": 1
                    },
                    "location": [
                        2,
                        3
                    ],
                    "direction": "Right"
                },
                {
                    "tool_men": {
                        "pioneer": 1
                    },
                    "location": [
                        3,
                        3
                    ],
                    "direction": "Right"
                },
                {
                    "tool_men": {
                        "caster": 1
                    },
                    "location": [
                        2,
                        4
                    ],
                    "direction": "Right"
                },
                {
                    "tool_men": {
                        "tank": 1
                    },
                    "location": [
                        3,
                        3
                    ],
                    "direction": "Right"
                },
                {
                    "core": "专业显示模块",
                    "tool_men": {
                        "caster": 0
                    },
                    "location": [
                        4,
                        3
                    ],
                    "direction": "None"
                },
                {
                    "core": "纯烬艾雅法拉",
                    "tool_men": {
                        "caster": 1
                    },
                    "location": [
                        3,
                        1
                    ],
                    "direction": "Down"
                },
                {
                    "core": "重岳",
                    "tool_men": {
                        "pioneer": 2
                    },
                    "location": [
                        2,
                        3
                    ],
                    "direction": "Right"
                },
                {
                    "core": "澄闪",
                    "tool_men": {
                        "caster": 2
                    },
                    "location": [
                        2,
                        4
                    ],
                    "direction": "Right"
                },
                {
                    "tool_men": {
                        "pioneer": 2,
                        "tank": 2
                    },
                    "location": [
                        3,
                        3
                    ],
                    "direction": "Right"
                },
                {
                    "tool_men": {
                        "caster": 3
                    },
                    "location": [
                        2,
                        5
                    ],
                    "direction": "Right"
                },
                {
                    "tool_men": {
                        "pioneer": 2,
                        "tank": 2
                    },
                    "location": [
                        3,
                        3
                    ],
                    "direction": "Right"
                },
                {
                    "tool_men": {
                        "caster": 6,
                        "support": 6
                    },
                    "location": [
                        3,
                        2
                    ],
                    "direction": "Right"
                },
                {
                    "tool_men": {
                        "tank": 2
                    },
                    "location": [
                        3,
                        3
                    ],
                    "direction": "Right"
                },
                {
                    "core": "战备激活阀",
                    "tool_men": {
                        "caster": 0
                    },
                    "location": [
                        1,
                        4
                    ],
                    "direction": "Right"
                }
            ],
            "draw_as_possible": true,
            "actions": [
                {
                    "type": "二倍速"
                }
            ],
            "retry_times": 18
        },
        {
            "stage_name": "血肉长驱",
            "strategies": [
                {
                    "tool_men": {
                        "pioneer": 1
                    },
                    "location": [
                        2,
                        5
                    ],
                    "direction": "Right"
                },
                {
                    "tool_men": {
                        "pioneer": 1
                    },
                    "location": [
                        3,
                        4
                    ],
                    "direction": "Down"
                },
                {
                    "core": "纯烬艾雅法拉",
                    "tool_men": {
                        "caster": 1
                    },
                    "location": [
                        3,
                        6
                    ],
                    "direction": "Up"
                },
                {
                    "tool_men": {
                        "tank": 1
                    },
                    "location": [
                        2,
                        5
                    ],
                    "direction": "Right"
                },
                {
                    "tool_men": {
                        "caster": 1
                    },
                    "location": [
                        5,
                        5
                    ],
                    "direction": "Right"
                },
                {
                    "core": "专业显示模块",
                    "tool_men": {
                        "caster": 0
                    },
                    "location": [
                        4,
                        4
                    ],
                    "direction": "None"
                },
                {
                    "tool_men": {
                        "caster": 1
                    },
                    "location": [
                        1,
                        5
                    ],
                    "direction": "Right"
                },
                {
                    "tool_men": {
                        "support": 1
                    },
                    "location": [
                        5,
                        3
                    ],
                    "direction": "Left"
                },
                {
                    "core": "澄闪",
                    "tool_men": {
                        "caster": 2
                    },
                    "location": [
                        5,
                        5
                    ],
                    "direction": "Right"
                },
                {
                    "core": "塞雷娅",
                    "tool_men": {
                        "tank": 2
                    },
                    "location": [
                        2,
                        5
                    ],
                    "direction": "Right"
                },
                {
                    "tool_men": {
                        "support": 2
                    },
                    "location": [
                        5,
                        3
                    ],
                    "direction": "Left"
                },
                {
                    "core": "重岳",
                    "tool_men": {
                        "pioneer": 2
                    },
                    "location": [
                        3,
                        4
                    ],
                    "direction": "Down"
                },
                {
                    "tool_men": {
                        "caster": 5
                    },
                    "location": [
                        1,
                        5
                    ],
                    "direction": "Right"
                },
                {
                    "tool_men": {
                        "support": 9,
                        "caster": 6
                    },
                    "location": [
                        5,
                        3
                    ],
                    "direction": "Left"
                },
                {
                    "core": "战备激活阀",
                    "tool_men": {
                        "caster": 0
                    },
                    "location": [
                        2,
                        4
                    ],
                    "direction": "Right",
                    "kills": 20
                }
            ],
            "draw_as_possible": true,
            "actions": [
                {
                    "type": "二倍速"
                },
                {
                    "type": "Skill",
                    "name": "炸弹载荷点",
                    "location": [
                        5,
                        6
                    ],
                    "kills": 5
                },
                {
                    "type": "Skill",
                    "name": "炸弹载荷点",
                    "location": [
                        11,
                        4
                    ],
                    "kills": 25
                },
                {
                    "type": "二倍速",
                    "kills": 49
                },
                {
                    "type": "二倍速"
                },
                {
                    "type": "Skill",
                    "name": "炸弹载荷点",
                    "location": [
                        6,
                        0
                    ],
                    "kills": 49,
                    "pre_delay": 40000
                },
                {
                    "type": "Skill",
                    "name": "炸弹载荷点",
                    "location": [
                        4,
                        3
                    ],
                    "kills": 49,
                    "pre_delay": 90000
                }
            ],
            "retry_times": 18
        },
        {
            "stage_name": "遗忘与声张",
            "strategies": [
                {
                    "tool_men": {
                        "pioneer": 1
                    },
                    "location": [
                        3,
                        6
                    ],
                    "direction": "Right"
                },
                {
                    "tool_men": {
                        "pioneer": 1
                    },
                    "location": [
                        3,
                        3
                    ],
                    "direction": "Right"
                },
                {
                    "tool_men": {
                        "caster": 1
                    },
                    "location": [
                        2,
                        4
                    ],
                    "direction": "Right"
                },
                {
                    "core": "纯烬艾雅法拉",
                    "tool_men": {
                        "caster": 1
                    },
                    "location": [
                        2,
                        5
                    ],
                    "direction": "Right"
                },
                {
                    "tool_men": {
                        "tank": 1
                    },
                    "location": [
                        3,
                        3
                    ],
                    "direction": "Right"
                },
                {
                    "tool_men": {
                        "tank": 1
                    },
                    "location": [
                        3,
                        6
                    ],
                    "direction": "Right"
                },
                {
                    "core": "战备激活阀",
                    "tool_men": {
                        "caster": 1
                    },
                    "location": [
                        1,
                        4
                    ],
                    "direction": "Right"
                },
                {
                    "core": "专业显示模块",
                    "tool_men": {
                        "caster": 0
                    },
                    "location": [
                        1,
                        1
                    ],
                    "direction": "None"
                },
                {
                    "core": "澄闪",
                    "tool_men": {
                        "caster": 2
                    },
                    "location": [
                        2,
                        4
                    ],
                    "direction": "Right"
                },
                {
                    "core": "重岳",
                    "tool_men": {
                        "pioneer": 2
                    },
                    "location": [
                        2,
                        6
                    ],
                    "direction": "Right"
                },
                {
                    "tool_men": {
                        "caster": 3
                    },
                    "location": [
                        2,
                        2
                    ],
                    "direction": "Right"
                },
                {
                    "tool_men": {
                        "tank": 1
                    },
                    "location": [
                        3,
                        3
                    ],
                    "direction": "Right"
                },
                {
                    "tool_men": {
                        "tank": 1
                    },
                    "location": [
                        3,
                        6
                    ],
                    "direction": "Right"
                },
                {
                    "tool_men": {
                        "caster": 3
                    },
                    "location": [
                        2,
                        2
                    ],
                    "direction": "Right"
                },
                {
                    "tool_men": {
                        "pioneer": 3,
                        "tank": 4
                    },
                    "location": [
                        2,
                        3
                    ],
                    "direction": "Right"
                },
                {
                    "tool_men": {
                        "support": 13,
                        "caster": 13
                    },
                    "location": [
                        2,
                        7
                    ],
                    "direction": "Right"
                }
            ],
            "draw_as_possible": true,
            "actions": [
                {
                    "type": "二倍速",
                    "kills": 15
                }
            ],
            "retry_times": 27
        }
    ]
}