{
    "type": "SSS",
    "stage_name": "荒废灯塔",
    "minimum_required": "v4.22.0-beta.1.d176.g8ca76de6f",
    "doc": {
        "title": "保全荒废灯塔-重岳核v2.0（兼容应急）",
        "title_color": "dark",
        "details": "——————————\n作业更新日期: 2023-08-21T09:21:19Z\n统计更新日期: 2025-11-03\n相对评分：94.62%  相对热度：89.01%\n来源：碳烤沙虫腿  ID：26102\n——————————\n基于MAA v4.22.0-beta.1.d176.g8ca76de6f制作，如果发现用不了请更新最新内测版，该版本修复了反复点击重岳的bug\n\n应急模式前五层没啥问题，第六层比较看运气，想拿蚀刻章的手动操作一下吧\n目前只能手动编队，请尽量选择练度高费用低的干员\n工具人里医疗最好是流明，狙击最好是速狙，先锋要求能站场\n请在确认导能原件选择了第三个、战术装备除了狙击全选A、手动编队并阵容确认后，再点击开始\n\n原作者：丨转瞬即逝丨\nBV1dP411W74g\n修改自：作业搬运工/碳烤沙虫腿",
        "details_color": "dark"
    },
    "buff": "战地援护无人机",
    "equipment": [
        "A",
        "A",
        "A",
        "A",
        "A",
        "B",
        "A",
        "A"
    ],
    "strategy": "优选策略",
    "opers": [
        {
            "name": "重岳",
            "skill": 3,
            "skill_usage": 2,
            "skill_times": 5
        },
        {
            "name": "纯烬艾雅法拉",
            "skill": 1,
            "skill_usage": 0
        },
        {
            "name": "塞雷娅",
            "skill": 2,
            "skill_usage": 0
        },
        {
            "name": "拉普兰德",
            "skill": 2,
            "skill_usage": 0
        }
    ],
    "tool_men": {
        "pioneer": 5,
        "guard": 5,
        "defender": 1,
        "medic": 1,
        "supporter": 2,
        "sniper": 2
    },
    "drops": [
        "无需增调干员",
        "辅助",
        "先锋",
        "战备激活阀",
        "靶向修复制剂",
        "近卫",
        "重装",
        "医疗"
    ],
    "blacklist": [
        "罗比菈塔",
        "掠风",
        "白铁",
        "桃金娘",
        "极境",
        "琴柳",
        "伺夜",
        "豆苗",
        "夜半",
        "缪尔赛思",
        "森蚺",
        "极光",
        "梅尔",
        "U-Official",
        "玛恩纳",
        "龙舌兰",
        "耀骑士临光",
        "幽灵鲨",
        "海蒂"
    ],
    "stages": [
        {
            "stage_name": "海涎",
            "strategies": [
                {
                    "tool_men": {
                        "pioneer": 1
                    },
                    "location": [
                        3,
                        3
                    ],
                    "direction": "Left"
                },
                {
                    "core": "重岳",
                    "tool_men": {
                        "pioneer": 2,
                        "guard": 2
                    },
                    "location": [
                        2,
                        3
                    ],
                    "direction": "Up"
                },
                {
                    "core": "纯烬艾雅法拉",
                    "tool_men": {
                        "medic": 0
                    },
                    "location": [
                        1,
                        3
                    ],
                    "direction": "Right"
                },
                {
                    "core": "塞雷娅",
                    "tool_men": {
                        "pioneer": 1,
                        "guard": 1,
                        "defender": 1
                    },
                    "location": [
                        3,
                        3
                    ],
                    "direction": "Left"
                },
                {
                    "tool_men": {
                        "sniper": 2
                    },
                    "location": [
                        3,
                        2
                    ],
                    "direction": "Down"
                }
            ],
            "draw_as_possible": true,
            "actions": [
                {
                    "type": "二倍速"
                },
                {
                    "type": "Deploy",
                    "kills": 10,
                    "name": "战地援护无人机",
                    "location": [
                        2,
                        2
                    ],
                    "direction": "None"
                }
            ],
            "retry_times": 3
        },
        {
            "stage_name": "走肉",
            "strategies": [
                {
                    "tool_men": {
                        "pioneer": 1
                    },
                    "location": [
                        4,
                        4
                    ],
                    "direction": "Right"
                },
                {
                    "tool_men": {
                        "pioneer": 1
                    },
                    "location": [
                        4,
                        5
                    ],
                    "direction": "Up"
                },
                {
                    "core": "重岳",
                    "tool_men": {
                        "pioneer": 1,
                        "guard": 2
                    },
                    "location": [
                        4,
                        4
                    ],
                    "direction": "Right"
                },
                {
                    "core": "塞雷娅",
                    "tool_men": {
                        "defender": 1
                    },
                    "location": [
                        4,
                        5
                    ],
                    "direction": "Up"
                },
                {
                    "core": "纯烬艾雅法拉",
                    "tool_men": {
                        "sniper": 1
                    },
                    "location": [
                        5,
                        5
                    ],
                    "direction": "Left"
                },
                {
                    "tool_men": {
                        "supporter": 100
                    },
                    "location": [
                        3,
                        5
                    ],
                    "direction": "Up"
                },
                {
                    "tool_men": {
                        "guard": 100
                    },
                    "location": [
                        3,
                        4
                    ],
                    "direction": "Up"
                }
            ],
            "draw_as_possible": true,
            "actions": [
                {
                    "type": "二倍速"
                },
                {
                    "type": "Deploy",
                    "kills": 10,
                    "name": "战地援护无人机",
                    "location": [
                        5,
                        4
                    ],
                    "direction": "None"
                }
            ],
            "retry_times": 3
        },
        {
            "stage_name": "驱逐",
            "strategies": [
                {
                    "tool_men": {
                        "pioneer": 1
                    },
                    "location": [
                        3,
                        6
                    ],
                    "direction": "Up"
                },
                {
                    "tool_men": {
                        "pioneer": 1
                    },
                    "location": [
                        4,
                        6
                    ],
                    "direction": "Left"
                },
                {
                    "core": "重岳",
                    "tool_men": {
                        "pioneer": 1,
                        "guard": 3
                    },
                    "location": [
                        3,
                        6
                    ],
                    "direction": "Up"
                },
                {
                    "core": "塞雷娅",
                    "tool_men": {
                        "pioneer": 1,
                        "defender": 1
                    },
                    "location": [
                        4,
                        6
                    ],
                    "direction": "Left"
                },
                {
                    "core": "纯烬艾雅法拉",
                    "tool_men": {
                        "medic": 1
                    },
                    "location": [
                        6,
                        5
                    ],
                    "direction": "Left"
                },
                {
                    "tool_men": {
                        "sniper": 2
                    },
                    "location": [
                        5,
                        5
                    ],
                    "direction": "Left"
                },
                {
                    "tool_men": {
                        "supporter": 100
                    },
                    "location": [
                        4,
                        5
                    ],
                    "direction": "Left"
                }
            ],
            "draw_as_possible": true,
            "actions": [
                {
                    "type": "二倍速"
                },
                {
                    "type": "Deploy",
                    "kills": 9,
                    "name": "战地援护无人机",
                    "location": [
                        5,
                        6
                    ],
                    "direction": "None"
                },
                {
                    "type": "Deploy",
                    "name": "战备激活阀",
                    "location": [
                        6,
                        6
                    ],
                    "direction": "Up"
                },
                {
                    "type": "Deploy",
                    "name": "战备激活阀",
                    "location": [
                        6,
                        6
                    ],
                    "direction": "Up"
                }
            ],
            "retry_times": 3
        },
        {
            "stage_name": "幻景",
            "strategies": [
                {
                    "tool_men": {
                        "pioneer": 1
                    },
                    "location": [
                        5,
                        3
                    ],
                    "direction": "Right"
                },
                {
                    "core": "纯烬艾雅法拉",
                    "tool_men": {
                        "medic": 1
                    },
                    "location": [
                        3,
                        2
                    ],
                    "direction": "Right"
                },
                {
                    "core": "塞雷娅",
                    "tool_men": {
                        "pioneer": 1,
                        "guard": 1,
                        "defender": 1
                    },
                    "location": [
                        5,
                        3
                    ],
                    "direction": "Right"
                },
                {
                    "core": "重岳",
                    "tool_men": {
                        "pioneer": 2,
                        "guard": 3
                    },
                    "location": [
                        6,
                        3
                    ],
                    "direction": "Right"
                },
                {
                    "tool_men": {
                        "sniper": 2
                    },
                    "location": [
                        4,
                        2
                    ],
                    "direction": "Right"
                },
                {
                    "tool_men": {
                        "supporter": 100
                    },
                    "location": [
                        5,
                        2
                    ],
                    "direction": "Right"
                }
            ],
            "draw_as_possible": true,
            "actions": [
                {
                    "type": "二倍速"
                },
                {
                    "type": "Deploy",
                    "name": "战地援护无人机",
                    "location": [
                        4,
                        3
                    ],
                    "direction": "None"
                },
                {
                    "type": "Deploy",
                    "kills": 10,
                    "name": "战备激活阀",
                    "location": [
                        3,
                        3
                    ],
                    "direction": "Up"
                },
                {
                    "type": "Deploy",
                    "kills": 15,
                    "name": "战备激活阀",
                    "location": [
                        3,
                        3
                    ],
                    "direction": "Up"
                }
            ],
            "retry_times": 3
        },
        {
            "stage_name": "裂流",
            "strategies": [
                {
                    "tool_men": {
                        "pioneer": 1
                    },
                    "location": [
                        7,
                        5
                    ],
                    "direction": "Right"
                },
                {
                    "tool_men": {
                        "guard": 1
                    },
                    "location": [
                        6,
                        5
                    ],
                    "direction": "Down"
                },
                {
                    "tool_men": {
                        "pioneer": 1
                    },
                    "location": [
                        5,
                        6
                    ],
                    "direction": "Right"
                },
                {
                    "core": "纯烬艾雅法拉",
                    "tool_men": {
                        "medic": 1
                    },
                    "location": [
                        5,
                        3
                    ],
                    "direction": "Down"
                },
                {
                    "core": "塞雷娅",
                    "tool_men": {
                        "pioneer": 1,
                        "defender": 1
                    },
                    "location": [
                        6,
                        6
                    ],
                    "direction": "Right"
                },
                {
                    "core": "重岳",
                    "tool_men": {
                        "pioneer": 2,
                        "guard": 2
                    },
                    "location": [
                        6,
                        5
                    ],
                    "direction": "Down"
                },
                {
                    "core": "拉普兰德",
                    "tool_men": {
                        "guard": 1
                    },
                    "location": [
                        5,
                        6
                    ],
                    "direction": "Right"
                },
                {
                    "tool_men": {
                        "defender": 100
                    },
                    "location": [
                        7,
                        5
                    ],
                    "direction": "Down"
                },
                {
                    "tool_men": {
                        "sniper": 2,
                        "supporter": 100
                    },
                    "location": [
                        7,
                        4
                    ],
                    "direction": "Down"
                }
            ],
            "draw_as_possible": true,
            "actions": [
                {
                    "type": "二倍速"
                },
                {
                    "type": "Deploy",
                    "kills": 5,
                    "name": "战地援护无人机",
                    "location": [
                        5,
                        5
                    ],
                    "direction": "None"
                },
                {
                    "type": "Deploy",
                    "name": "战备激活阀",
                    "location": [
                        4,
                        3
                    ],
                    "direction": "Right"
                },
                {
                    "type": "Deploy",
                    "name": "战备激活阀",
                    "location": [
                        7,
                        6
                    ],
                    "direction": "Left"
                }
            ],
            "retry_times": 3
        },
        {
            "stage_name": "落潮",
            "strategies": [
                {
                    "tool_men": {
                        "pioneer": 1
                    },
                    "location": [
                        10,
                        1
                    ],
                    "direction": "Left"
                },
                {
                    "tool_men": {
                        "pioneer": 1
                    },
                    "location": [
                        9,
                        1
                    ],
                    "direction": "Left"
                },
                {
                    "core": "纯烬艾雅法拉",
                    "tool_men": {
                        "medic": 0
                    },
                    "location": [
                        8,
                        4
                    ],
                    "direction": "Up"
                },
                {
                    "tool_men": {
                        "medic": 1
                    },
                    "location": [
                        9,
                        4
                    ],
                    "direction": "Up"
                },
                {
                    "core": "重岳",
                    "tool_men": {
                        "pioneer": 1,
                        "guard": 3
                    },
                    "location": [
                        9,
                        1
                    ],
                    "direction": "Left"
                },
                {
                    "core": "塞雷娅",
                    "tool_men": {
                        "pioneer": 1,
                        "guard": 2,
                        "defender": 1
                    },
                    "location": [
                        10,
                        1
                    ],
                    "direction": "Left"
                },
                {
                    "tool_men": {
                        "sniper": 5
                    },
                    "location": [
                        7,
                        4
                    ],
                    "direction": "Right"
                },
                {
                    "tool_men": {
                        "medic": 100
                    },
                    "location": [
                        9,
                        4
                    ],
                    "direction": "Up"
                },
                {
                    "tool_men": {
                        "pioneer": 2,
                        "guard": 8,
                        "defender": 8
                    },
                    "location": [
                        10,
                        3
                    ],
                    "direction": "Left"
                },
                {
                    "tool_men": {
                        "supporter": 100
                    },
                    "location": [
                        8,
                        2
                    ],
                    "direction": "Left"
                }
            ],
            "draw_as_possible": true,
            "actions": [
                {
                    "type": "二倍速"
                },
                {
                    "type": "Deploy",
                    "kills": 7,
                    "name": "战地援护无人机",
                    "location": [
                        9,
                        3
                    ],
                    "direction": "None"
                },
                {
                    "type": "Deploy",
                    "name": "汲取体",
                    "location": [
                        8,
                        1
                    ],
                    "direction": "None"
                },
                {
                    "type": "Deploy",
                    "name": "神经再生",
                    "location": [
                        8,
                        3
                    ],
                    "direction": "None"
                },
                {
                    "type": "Deploy",
                    "name": "汲取体",
                    "location": [
                        7,
                        3
                    ],
                    "direction": "None"
                },
                {
                    "type": "Deploy",
                    "name": "神经再生",
                    "location": [
                        9,
                        2
                    ],
                    "direction": "None"
                },
                {
                    "type": "Deploy",
                    "name": "汲取体",
                    "location": [
                        9,
                        4
                    ],
                    "direction": "None"
                },
                {
                    "type": "Deploy",
                    "name": "战备激活阀",
                    "location": [
                        8,
                        3
                    ],
                    "direction": "Down"
                },
                {
                    "type": "Deploy",
                    "name": "神经再生",
                    "location": [
                        8,
                        3
                    ],
                    "direction": "None"
                },
                {
                    "type": "Deploy",
                    "name": "汲取体",
                    "location": [
                        8,
                        1
                    ],
                    "direction": "None"
                },
                {
                    "type": "Deploy",
                    "name": "神经再生",
                    "location": [
                        9,
                        2
                    ],
                    "direction": "None"
                },
                {
                    "type": "Deploy",
                    "name": "汲取体",
                    "location": [
                        7,
                        3
                    ],
                    "direction": "None"
                },
                {
                    "type": "Deploy",
                    "name": "战备激活阀",
                    "location": [
                        8,
                        3
                    ],
                    "direction": "Down"
                },
                {
                    "type": "Deploy",
                    "name": "神经再生",
                    "location": [
                        8,
                        3
                    ],
                    "direction": "None"
                },
                {
                    "type": "Deploy",
                    "name": "汲取体",
                    "location": [
                        9,
                        4
                    ],
                    "direction": "None"
                },
                {
                    "type": "Deploy",
                    "name": "神经再生",
                    "location": [
                        9,
                        2
                    ],
                    "direction": "None"
                },
                {
                    "type": "Deploy",
                    "name": "汲取体",
                    "location": [
                        8,
                        1
                    ],
                    "direction": "None"
                },
                {
                    "type": "Deploy",
                    "name": "神经再生",
                    "location": [
                        8,
                        3
                    ],
                    "direction": "None"
                },
                {
                    "type": "Deploy",
                    "name": "汲取体",
                    "location": [
                        7,
                        3
                    ],
                    "direction": "None"
                },
                {
                    "type": "Deploy",
                    "name": "神经再生",
                    "location": [
                        9,
                        2
                    ],
                    "direction": "None"
                },
                {
                    "type": "Deploy",
                    "name": "汲取体",
                    "location": [
                        9,
                        4
                    ],
                    "direction": "None"
                }
            ],
            "retry_times": 3
        }
    ]
}