{
    "minimum_required": "v4.0.0",
    "stage_name": "main_11-09",
    "actions": [
        {
            "type": "Deploy",
            "name": "黍",
            "location": [
                6,
                3
            ],
            "direction": "Left"
        },
        {
            "type": "Deploy",
            "name": "山",
            "location": [
                6,
                1
            ],
            "direction": "Left"
        },
        {
            "type": "Skill",
            "name": "山",
            "pre_delay": 1500
        },
        {
            "type": "Deploy",
            "name": "煌",
            "location": [
                5,
                5
            ],
            "direction": "Up"
        },
        {
            "type": "SpeedUp"
        },
        {
            "type": "Deploy",
            "name": "白面鸮",
            "location": [
                6,
                4
            ],
            "direction": "Up"
        },
        {
            "type": "SkillDaemon"
        }
    ],
    "doc": {
        "title": "第十一章 淬火尘霾 - 11-11（标准） - 立场不同 黍模组“钦天司时”解锁任务",
        "details": "作业更新日期: 2024-03-06T13:11:46Z\n统计更新日期: 2024-11-30\n好评率：100.0%  浏览量：975\n来源：萨拉托加  ID：34677\n黍模组任务“钦天司时”\n完成5次战斗；必须编入非助战黍并上场，且每次战斗至少释放1次离离枯荣\n3星通关主题曲11-11标准实战环境；必须编入非助战黍并上场，且所有干员不被击倒\n原作者涂绘天菜 JSON作者萨拉托加\n作业交流群545928846，如果作业有问题可以加群找我，评论区不能及时回复，还可以去群里蹲我的新作业\n【【明日方舟】“黍”模组任务 四人半挂机打法 极其好抄】 https://www.bilibili.com/video/BV1bF4m1u7hC/?share_source=copy_web&vd_source=3fd5040fe25f6a00e19e6072bcccfa4e"
    },
    "groups": [],
    "opers": [
        {
            "name": "黍",
            "skill": 3,
            "skill_usage": 1
        },
        {
            "name": "山",
            "skill": 2,
            "skill_usage": 0
        },
        {
            "name": "煌",
            "skill": 2,
            "skill_usage": 0
        },
        {
            "name": "白面鸮",
            "skill": 2,
            "skill_usage": 0
        }
    ]
}