{
    "minimum_required": "v4.0.0",
    "stage_name": "camp_r_22",
    "actions": [
        {
            "type": "Deploy",
            "name": "先锋",
            "location": [
                7,
                2
            ],
            "direction": "Down"
        },
        {
            "type": "Deploy",
            "name": "重岳",
            "location": [
                6,
                3
            ],
            "direction": "Right"
        },
        {
            "type": "Deploy",
            "name": "治疗",
            "location": [
                6,
                2
            ],
            "direction": "Right"
        },
        {
            "type": "SpeedUp"
        },
        {
            "type": "Deploy",
            "name": "领主",
            "location": [
                5,
                2
            ],
            "direction": "Left"
        },
        {
            "type": "Deploy",
            "name": "法术输出",
            "location": [
                9,
                2
            ],
            "direction": "Down"
        },
        {
            "type": "Deploy",
            "name": "远程输出",
            "location": [
                6,
                1
            ],
            "direction": "Down"
        },
        {
            "type": "SkillDaemon",
            "doc_color": "#d63384",
            "doc": "如果觉得实用，请赏个好评吧~"
        }
    ],
    "doc": {
        "title": "剿灭作战 - “离心率”实验室 6人挂机",
        "details": "统计日期：2024-05-25\n好评率：88.68%  浏览量：1789\n来源：Issuing2890  ID：36869\n小昼SEVEN，http://b23.tv/BV1ts421K7HS\n如果希望更稳，可以多带上号角，在最后手动把先锋替换下"
    },
    "groups": [
        {
            "name": "领主",
            "opers": [
                {
                    "name": "拉普兰德",
                    "skill": 2,
                    "skill_usage": 0
                },
                {
                    "name": "棘刺",
                    "skill": 3,
                    "skill_usage": 1
                }
            ]
        },
        {
            "name": "远程输出",
            "opers": [
                {
                    "name": "菲亚梅塔",
                    "skill": 3,
                    "skill_usage": 2,
                    "skill_times": 1
                },
                {
                    "name": "提丰",
                    "skill": 2,
                    "skill_usage": 1
                },
                {
                    "name": "伊芙利特",
                    "skill": 2,
                    "skill_usage": 0
                }
            ]
        },
        {
            "name": "法术输出",
            "opers": [
                {
                    "name": "澄闪",
                    "skill": 2,
                    "skill_usage": 0
                },
                {
                    "name": "艾雅法拉",
                    "skill": 2,
                    "skill_usage": 0
                },
                {
                    "name": "塑心",
                    "skill": 1,
                    "skill_usage": 0
                }
            ]
        },
        {
            "name": "治疗",
            "opers": [
                {
                    "name": "浊心斯卡蒂",
                    "skill": 2,
                    "skill_usage": 0
                },
                {
                    "name": "夜莺",
                    "skill": 2,
                    "skill_usage": 0
                },
                {
                    "name": "白面鸮",
                    "skill": 2,
                    "skill_usage": 0
                }
            ]
        },
        {
            "name": "先锋",
            "opers": [
                {
                    "name": "德克萨斯",
                    "skill": 1,
                    "skill_usage": 0
                },
                {
                    "name": "凛冬",
                    "skill": 1,
                    "skill_usage": 0
                },
                {
                    "name": "讯使",
                    "skill": 1,
                    "skill_usage": 0
                },
                {
                    "name": "清道夫",
                    "skill": 1,
                    "skill_usage": 0
                },
                {
                    "name": "推进之王",
                    "skill": 1,
                    "skill_usage": 0
                },
                {
                    "name": "焰尾",
                    "skill": 1,
                    "skill_usage": 0
                },
                {
                    "name": "嵯峨",
                    "skill": 2,
                    "skill_usage": 1
                }
            ]
        }
    ],
    "opers": [
        {
            "name": "重岳",
            "skill": 3,
            "skill_usage": 2,
            "skill_times": 5
        }
    ]
}