{
    "minimum_required": "v4.0.0",
    "stage_name": "camp_r_20",
    "actions": [
        {
            "type": "Deploy",
            "name": "桃金娘",
            "location": [
                1,
                3
            ],
            "direction": "Up"
        },
        {
            "type": "Deploy",
            "name": "菲亚梅塔",
            "location": [
                6,
                6
            ],
            "direction": "Right"
        },
        {
            "type": "Deploy",
            "name": "提丰",
            "location": [
                7,
                7
            ],
            "direction": "Right"
        },
        {
            "type": "SpeedUp"
        },
        {
            "type": "Deploy",
            "name": "浊心斯卡蒂",
            "location": [
                6,
                7
            ],
            "direction": "Left"
        },
        {
            "type": "Deploy",
            "name": "号角",
            "location": [
                7,
                6
            ],
            "direction": "Right"
        },
        {
            "type": "Deploy",
            "name": "歌蕾蒂娅",
            "location": [
                1,
                4
            ],
            "direction": "Down"
        },
        {
            "type": "Deploy",
            "name": "泥岩",
            "location": [
                1,
                2
            ],
            "direction": "Up"
        },
        {
            "type": "SkillUsage",
            "costs": 99,
            "name": "桃金娘",
            "skill_usage": 0
        },
        {
            "type": "SkillDaemon"
        }
    ],
    "doc": {
        "title": "炎国 - 千嶂边城 - 千嶂边城 - 七人挂机",
        "details": "统计日期：2024-05-25\n好评率：96.3%  浏览量：1622\n来源：小卡拉帕鲁灰🐖  ID：31585\n作业作者：灰bao_\n作业链接：https://www.bilibili.com/video/BV16G411B7nm/?spm_id_from=333.1365.list.card_archive.click&vd_source=10857a8c905c104ca2eab27415c72ffc\n歌蒂7级一技能即可\n提丰、肥鸭、号角、浊蒂：精二90级专3，有模组的1级模组\n"
    },
    "groups": [],
    "opers": [
        {
            "name": "菲亚梅塔",
            "skill": 3,
            "skill_usage": 1
        },
        {
            "name": "提丰",
            "skill": 2,
            "skill_usage": 2,
            "skill_times": 2
        },
        {
            "name": "号角",
            "skill": 1,
            "skill_usage": 0
        },
        {
            "name": "泥岩",
            "skill": 2,
            "skill_usage": 0
        },
        {
            "name": "浊心斯卡蒂",
            "skill": 2,
            "skill_usage": 0
        },
        {
            "name": "歌蕾蒂娅",
            "skill": 1,
            "skill_usage": 0
        },
        {
            "name": "桃金娘",
            "skill": 1,
            "skill_usage": 1
        }
    ]
}