{
    "actions": [
        {
            "type": "部署",
            "name": "风笛",
            "location": [
                7,
                2
            ],
            "direction": "右"
        },
        {
            "type": "部署",
            "name": "塞雷娅",
            "location": [
                7,
                3
            ],
            "direction": "右"
        },
        {
            "type": "部署",
            "name": "德克萨斯",
            "location": [
                9,
                5
            ],
            "direction": "右"
        },
        {
            "type": "二倍速"
        },
        {
            "type": "部署",
            "location": [
                7,
                1
            ],
            "direction": "下",
            "name": "艾雅法拉"
        },
        {
            "type": "部署",
            "name": "伊桑",
            "location": [
                1,
                3
            ],
            "direction": "下"
        },
        {
            "type": "部署",
            "name": "狮蝎",
            "location": [
                2,
                4
            ],
            "direction": "上"
        },
        {
            "type": "部署",
            "name": "伊芙利特",
            "location": [
                10,
                6
            ],
            "direction": "上"
        },
        {
            "name": "异客",
            "type": "部署",
            "location": [
                11,
                6
            ],
            "direction": "上"
        },
        {
            "type": "部署",
            "name": "闪灵",
            "location": [
                6,
                4
            ],
            "direction": "右"
        },
        {
            "type": "部署",
            "location": [
                8,
                4
            ],
            "name": "煌",
            "direction": "上"
        },
        {
            "type": "撤退",
            "name": "风笛",
            "location": [
                7,
                2
            ],
            "kills": 66
        },
        {
            "type": "摆完挂机",
            "name": "泥岩",
            "location": [
                7,
                2
            ],
            "direction": "右"
        }
    ],
    "stage_name": "camp_r_11",
    "doc": {
        "title": "道爷盘桓蜀道挂机剿灭",
        "details": "统计日期：2024-05-25\n好评率：100.0%  浏览量：1117\n来源：作业代传——有问题联系原作者  ID：21025\n根据B站自在道爷剿灭挂机流制作BV1gf4y1o7Ch\n所有干员都使用自动技能"
    },
    "opers": [
        {
            "name": "德克萨斯",
            "skill": 1
        },
        {
            "name": "风笛",
            "skill": 2
        },
        {
            "name": "泥岩",
            "skill": 2
        },
        {
            "name": "塞雷娅",
            "skill": 2
        },
        {
            "name": "煌",
            "skill": 2
        },
        {
            "name": "闪灵",
            "skill": 2
        },
        {
            "name": "伊桑",
            "skill": 1
        },
        {
            "name": "狮蝎",
            "skill": 1
        },
        {
            "name": "异客",
            "skill": 1
        },
        {
            "name": "伊芙利特",
            "skill": 2
        },
        {
            "name": "艾雅法拉",
            "skill": 2
        }
    ],
    "minimum_required": "v4.0.0"
}