{
    "minimum_required": "v4.0.0",
    "stage_name": "hard_12-04",
    "actions": [
        {
            "type": "Deploy",
            "name": "桃金娘",
            "location": [
                7,
                2
            ],
            "direction": "Down"
        },
        {
            "type": "Deploy",
            "name": "能天使",
            "location": [
                8,
                3
            ],
            "direction": "Down"
        },
        {
            "type": "Deploy",
            "name": "风笛",
            "location": [
                4,
                1
            ],
            "direction": "Left"
        },
        {
            "type": "Deploy",
            "name": "浊心斯卡蒂",
            "location": [
                8,
                4
            ],
            "direction": "Left"
        },
        {
            "type": "Deploy",
            "name": "塞雷娅",
            "location": [
                9,
                5
            ],
            "direction": "Left",
            "kills": 3
        },
        {
            "type": "BulletTime",
            "name": "塞雷娅",
            "costs": 20
        },
        {
            "type": "Deploy",
            "name": "煌",
            "location": [
                8,
                6
            ],
            "direction": "Up"
        },
        {
            "type": "Retreat",
            "name": "风笛"
        },
        {
            "type": "Deploy",
            "name": "奶盾",
            "location": [
                5,
                1
            ],
            "direction": "Left",
            "costs": 25
        },
        {
            "type": "Deploy",
            "name": "耀骑士临光",
            "location": [
                6,
                1
            ],
            "direction": "Left",
            "costs": 22
        },
        {
            "type": "Deploy",
            "name": "纯烬艾雅法拉",
            "location": [
                11,
                5
            ],
            "direction": "Left"
        },
        {
            "type": "Deploy",
            "name": "闪灵",
            "location": [
                8,
                2
            ],
            "direction": "Left"
        },
        {
            "type": "Retreat",
            "name": "桃金娘"
        },
        {
            "type": "Deploy",
            "name": "星熊",
            "location": [
                7,
                3
            ],
            "direction": "Down"
        },
        {
            "type": "SpeedUp"
        },
        {
            "type": "SpeedUp",
            "kills": 37
        },
        {
            "type": "Retreat",
            "name": "能天使",
            "kills": 37
        },
        {
            "type": "Deploy",
            "name": "水月",
            "location": [
                7,
                5
            ],
            "direction": "Left"
        },
        {
            "type": "Retreat",
            "name": "星熊"
        },
        {
            "type": "Deploy",
            "name": "风笛",
            "location": [
                10,
                3
            ],
            "direction": "Left"
        },
        {
            "type": "Retreat",
            "name": "风笛",
            "kills": 58
        },
        {
            "type": "Deploy",
            "name": "星熊",
            "location": [
                10,
                3
            ],
            "direction": "Left"
        },
        {
            "type": "Deploy",
            "name": "号角",
            "location": [
                7,
                3
            ],
            "direction": "Down"
        },
        {
            "type": "Deploy",
            "name": "斯卡蒂的海嗣",
            "location": [
                5,
                2
            ],
            "direction": "None"
        },
        {
            "type": "SpeedUp"
        },
        {
            "type": "SkillDaemon"
        }
    ],
    "doc": {
        "title": "第十二章 惊霆无声 - H12-4（标准） - 惊霆行动-4 关注安可谢谢喵自用",
        "details": "作业更新日期: 2024-05-13T08:26:49Z\n统计更新日期: 2024-09-07\n好评率：55.56%  浏览量：1010\n来源：关注安可谢谢喵  ID：37591\n注意：由于本关存在扣费怪，maa正准备放人的时候可能会扣费用导致干员被憋回去放不下去\n练度至少全员60级专三一级模组练度以上，最好更高，两个奶盾减伤模组，否则过不去！练度低就别抄了！！！\n由于是十三人需要一个助战位，不能自动编队\nJSON作者：萨拉托加，原作者自在道爷\n建了个群545928846，如果作业有问题可以加群找我，评论区不能及时回复\n【【惊霆无声】H12-1至4挂机流，绝境作战不用愁！语音快乐详解，轻松解放双手|明日方舟-第12章惊霆行动（含H12-3，H12-2，H12-1，H12-4）】 https://www.bilibili.com/video/BV1oL411f7gv/?p=4&share_source=copy_web&vd_source=3fd5040fe25f6a00e19e6072bcccfa4e UP自在道爷"
    },
    "groups": [
        {
            "name": "奶盾",
            "opers": [
                {
                    "name": "黍",
                    "skill": 1,
                    "skill_usage": 0
                },
                {
                    "name": "瑕光",
                    "skill": 1,
                    "skill_usage": 0
                }
            ]
        }
    ],
    "opers": [
        {
            "name": "桃金娘",
            "skill": 1,
            "skill_usage": 1
        },
        {
            "name": "煌",
            "skill": 2,
            "skill_usage": 0
        },
        {
            "name": "号角",
            "skill": 1,
            "skill_usage": 0
        },
        {
            "name": "闪灵",
            "skill": 2,
            "skill_usage": 0
        },
        {
            "name": "纯烬艾雅法拉",
            "skill": 1,
            "skill_usage": 0
        },
        {
            "name": "风笛",
            "skill": 2,
            "skill_usage": 0
        },
        {
            "name": "塞雷娅",
            "skill": 1,
            "skill_usage": 0
        },
        {
            "name": "星熊",
            "skill": 2,
            "skill_usage": 0
        },
        {
            "name": "能天使",
            "skill": 3,
            "skill_usage": 0
        },
        {
            "name": "水月",
            "skill": 1,
            "skill_usage": 0
        },
        {
            "name": "耀骑士临光",
            "skill": 1,
            "skill_usage": 0
        },
        {
            "name": "浊心斯卡蒂",
            "skill": 2,
            "skill_usage": 0
        }
    ]
}