{
    "minimum_required": "v4.0.0",
    "stage_name": "mem_amgoat_1",
    "actions": [
        {
            "type": "SpeedUp"
        },
        {
            "type": "Deploy",
            "name": "苇草",
            "location": [
                8,
                4
            ],
            "direction": "Up"
        },
        {
            "type": "Deploy",
            "name": "星极",
            "location": [
                2,
                2
            ],
            "direction": "Down"
        },
        {
            "type": "Deploy",
            "name": "艾雅法拉",
            "location": [
                5,
                3
            ],
            "direction": "Down"
        },
        {
            "type": "Deploy",
            "name": "调香师",
            "location": [
                8,
                5
            ],
            "direction": "Up"
        },
        {
            "type": "Deploy",
            "name": "杰西卡",
            "location": [
                8,
                6
            ],
            "direction": "Up"
        },
        {
            "type": "Deploy",
            "name": "苏苏洛",
            "location": [
                2,
                1
            ],
            "direction": "Down"
        },
        {
            "type": "Deploy",
            "name": "蛇屠箱",
            "location": [
                9,
                4
            ],
            "direction": "Left"
        },
        {
            "type": "Deploy",
            "name": "古米",
            "location": [
                1,
                2
            ],
            "direction": "Right"
        },
        {
            "type": "Skill",
            "name": "艾雅法拉",
            "location": [
                5,
                3
            ],
            "kills": 27
        }
    ],
    "doc": {
        "title": "术师 - 艾雅法拉 - 一个人的包围圈",
        "details": "——————————\n作业更新日期: 2025-08-10T19:03:48Z\n统计更新日期: 2025-09-06\n相对评分：96.91%  相对热度：73.72999999999999%\n来源：心电拉直  ID：64808\n——————————\n原作者https://www.bilibili.com/video/BV1pW4y1h7BA/?spm_id_from=333.337.search-card.all.click&vd_source=5ba31c254d8549c54971dc884cf5b26f"
    },
    "groups": [],
    "opers": [
        {
            "name": "艾雅法拉",
            "skill": 3,
            "skill_usage": 0
        },
        {
            "name": "杰西卡",
            "skill": 2,
            "skill_usage": 0
        },
        {
            "name": "苇草",
            "skill": 2,
            "skill_usage": 0
        },
        {
            "name": "调香师",
            "skill_usage": 1,
            "skill": 1
        },
        {
            "name": "苏苏洛",
            "skill": 2,
            "skill_usage": 0
        },
        {
            "name": "古米",
            "skill": 1,
            "skill_usage": 0
        },
        {
            "name": "星极",
            "skill": 2,
            "skill_usage": 1
        },
        {
            "name": "蛇屠箱",
            "skill": 2,
            "skill_usage": 0
        }
    ]
}