{
    "minimum_required": "v4.0.0",
    "doc": {
        "title": "AP-5四人挂机",
        "details": "作业更新日期: 2023-07-02T01:28:44Z\n统计更新日期: 2024-11-30\n好评率：100.0%  浏览量：538\n来源：一只摆烂的42  ID：24367\nhttps://www.bilibili.com/video/BV1SA4y1U7Mv\n制作者：一只摆烂的42\n有问题联系QQ2586582719"
    },
    "stage_name": "wk_toxic_5",
    "opers": [
        {
            "name": "煌",
            "skill": 2,
            "skill_usage": 0
        },
        {
            "name": "棘刺",
            "skill": 3,
            "skill_usage": 1
        },
        {
            "name": "山",
            "skill": 2,
            "skill_usage": 2
        },
        {
            "name": "塞雷娅",
            "skill": 1,
            "skill_usage": 0
        }
    ],
    "actions": [
        {
            "type": "二倍速",
            "name": ""
        },
        {
            "type": "部署",
            "name": "棘刺",
            "location": [
                7,
                1
            ],
            "direction": "右"
        },
        {
            "type": "部署",
            "name": "煌",
            "location": [
                4,
                4
            ],
            "direction": "下"
        },
        {
            "type": "部署",
            "name": "塞雷娅",
            "location": [
                3,
                5
            ],
            "direction": "右"
        },
        {
            "type": "部署",
            "name": "山",
            "location": [
                2,
                1
            ],
            "direction": "左"
        },
        {
            "type": "摆完挂机",
            "name": ""
        }
    ],
    "groups": []
}