{
    "minimum_required": "v4.0.0",
    "stage_name": "wk_fly_5",
    "actions": [
        {
            "type": "Deploy",
            "name": "娜仁图亚",
            "location": [
                3,
                5
            ],
            "direction": "Right"
        },
        {
            "type": "SpeedUp"
        },
        {
            "type": "SkillDaemon"
        }
    ],
    "doc": {
        "title": "CA-5 - 大姨单人技能书 信赖自用",
        "details": "作业更新日期: 2024-08-06T01:13:45Z\n统计更新日期: 2024-11-30\n好评率：100.0%  浏览量：126\n来源：Li.zip  ID：39856\n260 7级技能（已测试）"
    },
    "groups": [],
    "opers": [
        {
            "skill_times": 1,
            "name": "娜仁图亚",
            "skill": 1,
            "skill_usage": 2
        }
    ]
}