{
    "minimum_required": "v4.0.0",
    "stage_name": "wk_kc_4",
    "actions": [
        {
            "type": "Deploy",
            "name": "克洛丝",
            "location": [
                7,
                3
            ],
            "direction": "Left"
        },
        {
            "type": "Deploy",
            "name": "巡林者",
            "location": [
                6,
                5
            ],
            "direction": "Up"
        },
        {
            "type": "Deploy",
            "name": "山",
            "location": [
                6,
                4
            ],
            "direction": "Left"
        },
        {
            "type": "Deploy",
            "name": "远山",
            "location": [
                5,
                3
            ],
            "direction": "Right"
        },
        {
            "type": "SpeedUp"
        },
        {
            "type": "Deploy",
            "name": "炎熔",
            "location": [
                5,
                5
            ],
            "direction": "Up"
        },
        {
            "type": "Deploy",
            "name": "黑角",
            "location": [
                6,
                3
            ],
            "direction": "Up"
        },
        {
            "type": "Deploy",
            "name": "医疗",
            "location": [
                7,
                5
            ],
            "direction": "Left"
        },
        {
            "type": "SkillDaemon"
        }
    ],
    "doc": {
        "title": "战术演习 - LS-4 - 特种战演习",
        "details": "作业更新日期: 2023-10-03T13:09:53Z\n统计更新日期: 2024-11-30\n好评率：100.0%  浏览量：182\n来源：素心先生  ID：28580\n自用"
    },
    "groups": [
        {
            "name": "医疗",
            "opers": [
                {
                    "name": "Lancet-2",
                    "skill": 1,
                    "skill_usage": 0
                },
                {
                    "name": "安赛尔",
                    "skill": 1,
                    "skill_usage": 1
                }
            ]
        }
    ],
    "opers": [
        {
            "name": "山",
            "skill": 2,
            "skill_usage": 2
        },
        {
            "name": "炎熔",
            "skill": 1,
            "skill_usage": 1
        },
        {
            "name": "远山",
            "skill": 1,
            "skill_usage": 1
        },
        {
            "name": "克洛丝",
            "skill": 1,
            "skill_usage": 0
        },
        {
            "name": "黑角",
            "skill": 1,
            "skill_usage": 0
        },
        {
            "name": "巡林者",
            "skill": 1,
            "skill_usage": 0
        }
    ]
}