{
    "minimum_required": "v4.0.0",
    "stage_name": "wk_kc_6",
    "actions": [
        {
            "type": "Deploy",
            "name": "德克萨斯",
            "location": [
                3,
                4
            ],
            "direction": "Left"
        },
        {
            "type": "Deploy",
            "name": "讯使",
            "location": [
                3,
                2
            ],
            "direction": "Left"
        },
        {
            "type": "Deploy",
            "name": "能天使",
            "location": [
                3,
                3
            ],
            "direction": "Left"
        },
        {
            "type": "Deploy",
            "name": "夕",
            "location": [
                6,
                2
            ],
            "direction": "Right"
        },
        {
            "type": "Deploy",
            "name": "异客",
            "location": [
                6,
                4
            ],
            "direction": "Right"
        },
        {
            "type": "Deploy",
            "name": "古米",
            "location": [
                5,
                3
            ],
            "direction": "Right"
        },
        {
            "type": "Deploy",
            "name": "瑕光",
            "location": [
                5,
                5
            ],
            "direction": "Right"
        },
        {
            "type": "Deploy",
            "name": "白面鸮",
            "location": [
                5,
                4
            ],
            "direction": "None"
        }
    ],
    "doc": {
        "title": "战术演习 - LS-6 - 运动战演习",
        "details": "作业更新日期: 2023-06-30T15:25:44Z\n统计更新日期: 2024-11-30\n好评率：100.0%  浏览量：110\n来源：小羊爱吃薯条  ID：24357\n战术演习 - LS-6 - 运动战演习"
    },
    "groups": [],
    "opers": [
        {
            "name": "德克萨斯",
            "skill": 2,
            "skill_usage": 1
        },
        {
            "name": "讯使",
            "skill": 1,
            "skill_usage": 0
        },
        {
            "name": "能天使",
            "skill": 3,
            "skill_usage": 0
        },
        {
            "name": "夕",
            "skill": 1,
            "skill_usage": 0
        },
        {
            "name": "古米",
            "skill": 1,
            "skill_usage": 0
        },
        {
            "name": "异客",
            "skill": 3,
            "skill_usage": 1
        },
        {
            "name": "瑕光",
            "skill": 1,
            "skill_usage": 0
        },
        {
            "name": "白面鸮",
            "skill": 1,
            "skill_usage": 1
        }
    ]
}