{
    "minimum_required": "v4.0.0",
    "stage_name": "pro_b_2",
    "actions": [
        {
            "type": "SpeedUp"
        },
        {
            "type": "Deploy",
            "name": "逻各斯",
            "location": [
                3,
                5
            ],
            "direction": "Right"
        },
        {
            "type": "Deploy",
            "name": "安赛尔",
            "location": [
                1,
                5
            ],
            "direction": "Right"
        },
        {
            "type": "Deploy",
            "name": "芙蓉",
            "location": [
                2,
                6
            ],
            "direction": "Up"
        },
        {
            "type": "Deploy",
            "name": "克洛丝",
            "location": [
                3,
                6
            ],
            "direction": "Up"
        }
    ],
    "doc": {
        "title": "摧枯拉朽 - PR-B-2 - 打击",
        "details": "作业更新日期: 2024-07-15T06:30:23Z\n统计更新日期: 2024-11-30\n好评率：100.0%  浏览量：140\n来源：adamcoussins  ID：39474\n单核 罗各斯"
    },
    "groups": [],
    "opers": [
        {
            "name": "逻各斯",
            "skill": 1,
            "skill_usage": 0
        },
        {
            "name": "芙蓉",
            "skill": 1,
            "skill_usage": 0
        },
        {
            "name": "安赛尔",
            "skill": 1,
            "skill_usage": 0
        },
        {
            "name": "克洛丝",
            "skill": 1,
            "skill_usage": 0
        }
    ]
}