{
    "minimum_required": "v4.0.0",
    "stage_name": "wk_armor_4",
    "actions": [
        {
            "type": "Deploy",
            "name": "讯使",
            "location": [
                2,
                5
            ],
            "direction": "Right"
        },
        {
            "type": "Deploy",
            "name": "芬",
            "location": [
                1,
                1
            ],
            "direction": "Down"
        },
        {
            "type": "Deploy",
            "name": "阿米娅",
            "location": [
                1,
                4
            ],
            "direction": "Right"
        },
        {
            "type": "SpeedUp"
        },
        {
            "type": "Deploy",
            "name": "史都华德",
            "location": [
                2,
                3
            ],
            "direction": "Down"
        },
        {
            "type": "Deploy",
            "name": "芙蓉",
            "location": [
                1,
                3
            ],
            "direction": "Down"
        },
        {
            "type": "Deploy",
            "name": "翎羽",
            "location": [
                7,
                1
            ],
            "direction": "Right",
            "cost_changes": 8
        },
        {
            "type": "Retreat",
            "name": "翎羽",
            "location": [
                7,
                1
            ]
        },
        {
            "type": "Deploy",
            "name": "嘉维尔",
            "location": [
                2,
                1
            ],
            "direction": "Right"
        },
        {
            "type": "Retreat",
            "name": "芬",
            "location": [
                1,
                1
            ]
        },
        {
            "type": "Deploy",
            "name": "阿消",
            "location": [
                5,
                1
            ],
            "direction": "Down"
        },
        {
            "type": "Deploy",
            "name": "炎熔",
            "location": [
                2,
                4
            ],
            "direction": "Right",
            "cost_changes": 30
        },
        {
            "type": "Retreat",
            "name": "讯使",
            "location": [
                2,
                5
            ]
        },
        {
            "type": "Deploy",
            "name": "米格鲁",
            "location": [
                2,
                5
            ],
            "direction": "Right"
        },
        {
            "type": "SkillDaemon"
        }
    ],
    "doc": {
        "title": "SK-4 基建材料本 小狼XF低配",
        "details": "作业更新日期: 2024-11-25T09:22:32Z\n统计更新日期: 2024-12-19\n好评率：100.0%  浏览量：28\n来源：W木木.  ID：43922\n依照小狼XF的低配视频进行制作"
    },
    "groups": [],
    "opers": [
        {
            "name": "讯使",
            "skill": 1,
            "skill_usage": 0
        },
        {
            "name": "翎羽",
            "skill": 1,
            "skill_usage": 0
        },
        {
            "name": "米格鲁",
            "skill": 1,
            "skill_usage": 0
        },
        {
            "name": "黑角",
            "skill": 1,
            "skill_usage": 0
        },
        {
            "name": "芙蓉",
            "skill": 1,
            "skill_usage": 0
        },
        {
            "name": "芬",
            "skill": 1,
            "skill_usage": 0
        },
        {
            "name": "阿米娅",
            "skill": 1,
            "skill_usage": 0
        },
        {
            "name": "史都华德",
            "skill": 1,
            "skill_usage": 0
        },
        {
            "name": "炎熔",
            "skill": 1,
            "skill_usage": 0
        },
        {
            "name": "阿消",
            "skill": 1,
            "skill_usage": 0
        },
        {
            "name": "山",
            "skill": 2,
            "skill_usage": 0
        },
        {
            "name": "嘉维尔",
            "skill": 2,
            "skill_usage": 0
        }
    ]
}