{
    "minimum_required": "v4.0.0",
    "stage_name": "mem_vvana_1",
    "actions": [
        {
            "type": "SpeedUp"
        },
        {
            "type": "Deploy",
            "name": "薇薇安娜",
            "location": [
                3,
                4
            ],
            "direction": "Right"
        },
        {
            "type": "Skill",
            "name": "薇薇安娜",
            "kills": 3
        },
        {
            "type": "Skill",
            "name": "薇薇安娜",
            "kills": 16
        }
    ],
    "doc": {
        "title": " 悖论模拟 薇薇安娜",
        "details": "——————————\n作业更新日期: 2025-06-07T15:59:40Z\n统计更新日期: 2025-10-31\n相对评分：93.94%  相对热度：66.5%\n来源：suriis  ID：59413\n——————————\n 悖论模拟 薇薇安娜 自测精二一级七级技能"
    },
    "groups": [],
    "opers": [
        {
            "name": "薇薇安娜",
            "skill": 3,
            "skill_usage": 0
        }
    ]
}