{
    "minimum_required": "v4.0.0",
    "stage_name": "mem_puzzle_1",
    "actions": [
        {
            "type": "Deploy",
            "name": "谜图",
            "location": [
                3,
                1
            ],
            "direction": "Down"
        },
        {
            "type": "SpeedUp"
        },
        {
            "type": "Deploy",
            "name": "蛇屠箱",
            "location": [
                2,
                3
            ],
            "direction": "Right"
        },
        {
            "type": "Deploy",
            "name": "克洛丝",
            "location": [
                2,
                2
            ],
            "direction": "Right"
        },
        {
            "type": "Skill",
            "name": "蛇屠箱",
            "location": [
                2,
                3
            ],
            "kills": 5,
            "direction": "Right"
        },
        {
            "type": "SpeedUp",
            "kills": 5
        },
        {
            "type": "Retreat",
            "name": "谜图",
            "location": [
                3,
                1
            ],
            "kills": 6,
            "direction": "Down"
        },
        {
            "type": "SpeedUp"
        },
        {
            "type": "SpeedUp",
            "cooling": 0
        },
        {
            "type": "Deploy",
            "name": "谜图",
            "location": [
                5,
                5
            ],
            "direction": "Right",
            "cooling": 0
        },
        {
            "type": "Skill",
            "name": "谜图",
            "location": [
                5,
                5
            ],
            "kills": 5,
            "pre_delay": 10000
        },
        {
            "type": "SpeedUp"
        }
    ],
    "doc": {
        "title": "谜图--悖论模拟",
        "details": "——————————\n作业更新日期: 2025-05-20T17:16:08Z\n统计更新日期: 2025-06-17\n好评率：100.0%  浏览量：66\n来源：童话重度依赖  ID：56374\n——————————\n7级2技能--精2--50级   自测可过\n【赠送干员默认满潜能】【默认无模组】\n有问题请反馈    BID：童话重度依赖症"
    },
    "groups": [],
    "opers": [
        {
            "name": "谜图",
            "skill": 2,
            "skill_usage": 1
        },
        {
            "name": "克洛丝",
            "skill": 1,
            "skill_usage": 0
        },
        {
            "name": "蛇屠箱",
            "skill": 2,
            "skill_usage": 0
        }
    ]
}