{
    "minimum_required": "v4.0.0",
    "stage_name": "act31side_ex03",
    "actions": [
        {
            "type": "Deploy",
            "name": "令",
            "location": [
                10,
                2
            ],
            "direction": "Left"
        },
        {
            "type": "SpeedUp"
        },
        {
            "type": "Deploy",
            "name": "“弦惊”",
            "location": [
                8,
                4
            ],
            "direction": "Left"
        },
        {
            "type": "Deploy",
            "name": "“弦惊”",
            "location": [
                7,
                5
            ],
            "direction": "Up"
        },
        {
            "type": "Deploy",
            "name": "“弦惊”",
            "location": [
                6,
                5
            ],
            "direction": "Right"
        },
        {
            "type": "Deploy",
            "name": "“弦惊”",
            "location": [
                7,
                4
            ],
            "direction": "Right"
        },
        {
            "type": "Deploy",
            "name": "“弦惊”",
            "location": [
                7,
                1
            ],
            "direction": "Left",
            "kills": 13
        },
        {
            "type": "Skill",
            "name": "令",
            "location": [
                10,
                2
            ],
            "kills": 17,
            "pre_delay": 1000
        },
        {
            "type": "Deploy",
            "name": "“弦惊”",
            "location": [
                9,
                1
            ],
            "pre_delay": 19000,
            "direction": "Left"
        },
        {
            "type": "Deploy",
            "name": "“弦惊”",
            "location": [
                3,
                1
            ],
            "direction": "Left",
            "kills": 34
        },
        {
            "type": "Skill",
            "name": "令",
            "location": [
                10,
                2
            ],
            "pre_delay": 2000
        },
        {
            "type": "SkillDaemon"
        }
    ],
    "doc": {
        "title": "HS-EX-3 - 育苗 - 令【普通】",
        "details": "作业更新日期: 2024-02-08T12:17:24Z\n统计更新日期: 2025-02-27\n好评率：97.59%  浏览量：1897\n来源：小卡拉帕鲁灰  ID：32716\nHS-令，这是普通，突袭不能用，得换核\n令：精二90级专3，三级模组\n延迟太高的人建议用挂机\nhttps://www.bilibili.com/video/BV1rH4y1h7DY?p=3&vd_source=10857a8c905c104ca2eab27415c72ffc"
    },
    "groups": [],
    "opers": [
        {
            "name": "令",
            "skill": 3,
            "skill_usage": 0
        }
    ],
    "difficulty": 1
}