{
    "minimum_required": "v4.0.0",
    "stage_name": "act31side_s01",
    "actions": [
        {
            "type": "Deploy",
            "name": "打蚊子",
            "location": [
                7,
                2
            ],
            "direction": "Left"
        },
        {
            "type": "Deploy",
            "name": "艾雅法拉",
            "location": [
                2,
                2
            ],
            "direction": "Down"
        },
        {
            "type": "Deploy",
            "name": "奶盾",
            "location": [
                1,
                1
            ],
            "direction": "Down"
        },
        {
            "type": "Deploy",
            "name": "星熊",
            "location": [
                9,
                1
            ],
            "direction": "Down"
        },
        {
            "type": "SpeedUp"
        },
        {
            "type": "Deploy",
            "name": "奶",
            "location": [
                6,
                1
            ],
            "direction": "Right",
            "kills": 5
        },
        {
            "type": "SkillDaemon"
        }
    ],
    "doc": {
        "title": "HS-S-1 - 作物种质库",
        "details": "作业更新日期: 2025-02-24T10:40:14Z\n统计更新日期: 2025-02-27\n好评率：98.97%  浏览量：65734\n来源：萨拉托加  ID：32941\n原作者萧然Q JSON作者萨拉托加\n作业交流群545928846，如果作业有问题可以加群找我，评论区不能及时回复，还可以去群里蹲我的新作业\n【【怀黍离】HS-S-1突袭至HS-MO-1 摆完挂机 简单好抄】 https://www.bilibili.com/video/BV1nZ421m7o3/?share_source=copy_web&vd_source=3fd5040fe25f6a00e19e6072bcccfa4e"
    },
    "groups": [
        {
            "name": "奶",
            "opers": [
                {
                    "name": "纯烬艾雅法拉",
                    "skill": 1,
                    "skill_usage": 0
                },
                {
                    "name": "闪灵",
                    "skill": 2,
                    "skill_usage": 0
                },
                {
                    "name": "华法琳",
                    "skill": 1,
                    "skill_usage": 0
                }
            ]
        },
        {
            "name": "打蚊子",
            "opers": [
                {
                    "skill_times": 1,
                    "name": "林",
                    "skill": 1,
                    "skill_usage": 2
                },
                {
                    "name": "塑心",
                    "skill": 1,
                    "skill_usage": 0
                }
            ]
        },
        {
            "name": "奶盾",
            "opers": [
                {
                    "name": "黍",
                    "skill": 1,
                    "skill_usage": 0
                },
                {
                    "name": "塞雷娅",
                    "skill": 1,
                    "skill_usage": 0
                }
            ]
        }
    ],
    "opers": [
        {
            "name": "艾雅法拉",
            "skill": 2,
            "skill_usage": 0
        },
        {
            "name": "星熊",
            "skill": 2,
            "skill_usage": 0
        },
        {
            "name": "德克萨斯",
            "skill": 1,
            "skill_usage": 0
        }
    ],
    "difficulty": 3
}