{
    "minimum_required": "v4.0.0",
    "stage_name": "act31side_ex02",
    "actions": [
        {
            "type": "Deploy",
            "name": "煌",
            "location": [
                4,
                3
            ],
            "direction": "Right"
        },
        {
            "type": "Deploy",
            "name": "山",
            "location": [
                7,
                3
            ],
            "direction": "Right"
        },
        {
            "type": "Deploy",
            "name": "奶盾",
            "location": [
                5,
                3
            ],
            "direction": "Right"
        },
        {
            "type": "Deploy",
            "name": "夜莺",
            "location": [
                6,
                4
            ],
            "direction": "Left"
        },
        {
            "type": "SpeedUp"
        },
        {
            "type": "SkillDaemon"
        }
    ],
    "doc": {
        "title": "HS-EX-2 - 催芽",
        "details": "作业更新日期: 2025-02-24T10:35:09Z\n统计更新日期: 2025-02-27\n好评率：99.6%  浏览量：46759\n来源：萨拉托加  ID：32692\n原作者萧然Q JSON作者萨拉托加\n作业交流群545928846，如果作业有问题可以加群找我，评论区不能及时回复，还可以去群里蹲我的新作业\n【【怀黍离】HS-EX-1至EX-8突袭 摆完挂机 简单好抄（持续更新中）】 https://www.bilibili.com/video/BV1aC411z7nB/?share_source=copy_web&vd_source=3fd5040fe25f6a00e19e6072bcccfa4e"
    },
    "groups": [
        {
            "name": "奶盾",
            "opers": [
                {
                    "name": "黍",
                    "skill": 1,
                    "skill_usage": 0
                },
                {
                    "name": "塞雷娅",
                    "skill": 1,
                    "skill_usage": 0
                }
            ]
        }
    ],
    "opers": [
        {
            "name": "煌",
            "skill": 2,
            "skill_usage": 0
        },
        {
            "name": "山",
            "skill": 2,
            "skill_usage": 2,
            "skill_times": 1
        },
        {
            "name": "夜莺",
            "skill": 2,
            "skill_usage": 0
        }
    ],
    "difficulty": 3
}