{
    "minimum_required": "v4.0.0",
    "stage_name": "act31side_tr02",
    "actions": [
        {
            "type": "Deploy",
            "name": "泵站",
            "location": [
                6,
                3
            ],
            "direction": "Down",
            "costs": 57
        },
        {
            "type": "Deploy",
            "name": "芙蓉",
            "location": [
                5,
                1
            ],
            "direction": "Down"
        },
        {
            "type": "Deploy",
            "name": "炎熔",
            "location": [
                4,
                3
            ],
            "direction": "Right"
        },
        {
            "type": "SkillDaemon"
        }
    ],
    "doc": {
        "title": "HS-TR-2 - 引水疏浚",
        "details": "作业更新日期: 2024-02-02T05:29:41Z\n统计更新日期: 2025-02-27\n好评率：97.5%  浏览量：11062\n来源：萨拉托加  ID：32436\n本关位置，第四关后，第五关前\n原作者萧然Q JSON作者萨拉托加\n作业交流群545928846，如果作业有问题可以加群找我，评论区不能及时回复，还可以去群里蹲我的新作业\n【【怀黍离】HS-1至HS-9 摆完挂机 简单好抄】 https://www.bilibili.com/video/BV1Pv421i7KL/?p=5&share_source=copy_web&vd_source=3fd5040fe25f6a00e19e6072bcccfa4e"
    },
    "groups": [],
    "opers": [
        {
            "name": "芙蓉",
            "skill": 1,
            "skill_usage": 0
        },
        {
            "name": "炎熔",
            "skill": 1,
            "skill_usage": 0
        }
    ]
}