{
    "minimum_required": "v4.0.0",
    "stage_name": "act31side_s02",
    "actions": [
        {
            "type": "Deploy",
            "name": "桃金娘",
            "location": [
                3,
                3
            ],
            "direction": "Left"
        },
        {
            "type": "Deploy",
            "name": "煌",
            "location": [
                4,
                6
            ],
            "direction": "Left"
        },
        {
            "type": "Deploy",
            "name": "山",
            "location": [
                3,
                2
            ],
            "direction": "Up"
        },
        {
            "type": "Deploy",
            "name": "阻流阀",
            "location": [
                5,
                6
            ],
            "direction": "None"
        },
        {
            "type": "Deploy",
            "name": "纯烬艾雅法拉",
            "location": [
                6,
                4
            ],
            "direction": "Left"
        },
        {
            "type": "Deploy",
            "name": "阻流阀",
            "location": [
                4,
                2
            ],
            "direction": "None"
        },
        {
            "type": "Deploy",
            "name": "阻流阀",
            "location": [
                4,
                4
            ],
            "direction": "None"
        },
        {
            "type": "Deploy",
            "name": "艾雅法拉",
            "location": [
                5,
                4
            ],
            "direction": "Left"
        },
        {
            "type": "Deploy",
            "name": "奶盾",
            "location": [
                3,
                4
            ],
            "direction": "Left"
        },
        {
            "type": "Retreat",
            "name": "桃金娘"
        },
        {
            "type": "Deploy",
            "name": "阻流阀",
            "location": [
                3,
                6
            ],
            "direction": "None"
        },
        {
            "type": "Deploy",
            "name": "阻流阀",
            "location": [
                2,
                2
            ],
            "direction": "None"
        },
        {
            "type": "SpeedUp"
        },
        {
            "type": "SkillDaemon"
        }
    ],
    "doc": {
        "title": "HS-S-2 - 园圃工程所",
        "details": "作业更新日期: 2025-02-24T10:40:55Z\n统计更新日期: 2025-02-27\n好评率：99.56%  浏览量：45975\n来源：萨拉托加  ID：32955\nY模塞雷娅\n原作者萧然Q JSON作者萨拉托加\n作业交流群545928846，如果作业有问题可以加群找我，评论区不能及时回复，还可以去群里蹲我的新作业\n【【怀黍离】HS-S-1突袭至HS-MO-1 摆完挂机 简单好抄】 https://www.bilibili.com/video/BV1nZ421m7o3/?share_source=copy_web&vd_source=3fd5040fe25f6a00e19e6072bcccfa4e"
    },
    "groups": [
        {
            "name": "奶盾",
            "opers": [
                {
                    "name": "黍",
                    "skill": 1,
                    "skill_usage": 0
                },
                {
                    "name": "塞雷娅",
                    "skill": 1,
                    "skill_usage": 0
                }
            ]
        }
    ],
    "opers": [
        {
            "name": "桃金娘",
            "skill": 1,
            "skill_usage": 1
        },
        {
            "name": "山",
            "skill": 2,
            "skill_usage": 2,
            "skill_times": 1
        },
        {
            "name": "煌",
            "skill": 2,
            "skill_usage": 0
        },
        {
            "name": "纯烬艾雅法拉",
            "skill": 1,
            "skill_usage": 0
        },
        {
            "name": "艾雅法拉",
            "skill": 2,
            "skill_usage": 0
        }
    ],
    "difficulty": 3
}