{
    "minimum_required": "v4.0.0",
    "stage_name": "act31side_02",
    "actions": [
        {
            "type": "Deploy",
            "name": "桃金娘",
            "location": [
                9,
                3
            ],
            "direction": "Left"
        },
        {
            "type": "SpeedUp"
        },
        {
            "type": "Deploy",
            "name": "煌",
            "location": [
                7,
                3
            ],
            "direction": "Left"
        },
        {
            "type": "Deploy",
            "name": "医疗",
            "location": [
                8,
                3
            ],
            "direction": "Left"
        },
        {
            "type": "Deploy",
            "name": "能天使",
            "location": [
                8,
                4
            ],
            "direction": "Left"
        },
        {
            "type": "Retreat",
            "name": "桃金娘",
            "location": [
                9,
                3
            ]
        },
        {
            "type": "SkillDaemon"
        }
    ],
    "doc": {
        "title": "HS-2 -祭神农-不换干员看简介",
        "details": "作业更新日期: 2024-02-01T13:26:09Z\n统计更新日期: 2025-02-27\n好评率：91.11%  浏览量：1561\n来源：.02.  ID：32468\nHS-1 -的时候编辑好队伍 全程不用换干员\n塞雷娅X模组二级\n夜莺模组\n看简介"
    },
    "groups": [
        {
            "name": "医疗",
            "opers": [
                {
                    "name": "夜莺",
                    "skill": 2,
                    "skill_usage": 0
                },
                {
                    "name": "白面鸮",
                    "skill": 1,
                    "skill_usage": 1
                }
            ]
        }
    ],
    "opers": [
        {
            "name": "桃金娘",
            "skill": 1,
            "skill_usage": 1
        },
        {
            "name": "风笛",
            "skill": 2,
            "skill_usage": 0
        },
        {
            "name": "塞雷娅",
            "skill": 1,
            "skill_usage": 0
        },
        {
            "name": "艾雅法拉",
            "skill": 2,
            "skill_usage": 0
        },
        {
            "name": "能天使",
            "skill": 3,
            "skill_usage": 0
        },
        {
            "name": "煌",
            "skill": 2,
            "skill_usage": 0
        }
    ]
}