{
    "minimum_required": "v4.0.0",
    "stage_name": "act31side_04",
    "actions": [
        {
            "type": "SpeedUp"
        },
        {
            "type": "Deploy",
            "name": "群卫",
            "location": [
                8,
                3
            ],
            "direction": "Left"
        },
        {
            "type": "Deploy",
            "name": "术师",
            "location": [
                5,
                3
            ],
            "direction": "Left"
        },
        {
            "type": "SkillDaemon"
        }
    ],
    "doc": {
        "title": "HS-4 - 话桑麻",
        "details": "作业更新日期: 2025-02-24T08:08:15Z\n统计更新日期: 2025-02-27\n好评率：100.0%  浏览量：2201\n来源：星之海.  ID：47509\n原作者：自在道爷\nJSON作者：星之海.\n社区评论不会提醒，有问题可以进群找我：994516079\n原视频：【【怀黍离】HS-1至9挂机流，镀层不用愁！语音快乐详解，轻松解放双手 | 明日方舟攻略(含HS-9镀层，HS-8，HS-7刻章等)】https://www.bilibili.com/video/BV1iT4m1S7fH?vd_source=69f0b796ff8cde9e6cb9e9f9a99f8eec"
    },
    "groups": [
        {
            "name": "群卫",
            "opers": [
                {
                    "name": "煌",
                    "skill": 2,
                    "skill_usage": 0
                },
                {
                    "name": "乌尔比安",
                    "skill": 2,
                    "skill_usage": 0
                }
            ]
        },
        {
            "name": "术师",
            "opers": [
                {
                    "name": "艾雅法拉",
                    "skill": 2,
                    "skill_usage": 0
                },
                {
                    "name": "逻各斯",
                    "skill": 1,
                    "skill_usage": 0
                }
            ]
        }
    ],
    "opers": []
}