{
    "minimum_required": "v4.0.0",
    "stage_name": "act31side_ex08",
    "actions": [
        {
            "type": "SpeedUp"
        },
        {
            "type": "Deploy",
            "name": "浊心斯卡蒂",
            "location": [
                10,
                3
            ],
            "direction": "Right"
        },
        {
            "type": "Deploy",
            "name": "塞雷娅",
            "location": [
                11,
                1
            ],
            "direction": "Down"
        },
        {
            "type": "Deploy",
            "name": "纯烬艾雅法拉",
            "location": [
                10,
                1
            ],
            "direction": "Down"
        },
        {
            "type": "Deploy",
            "name": "艾雅法拉",
            "location": [
                9,
                3
            ],
            "direction": "Right"
        },
        {
            "type": "Deploy",
            "name": "星熊",
            "location": [
                11,
                2
            ],
            "direction": "Down"
        }
    ],
    "doc": {
        "title": "HS-EX-8 - 收割 HS-EX-8突袭摆完挂机（怀黍离） 原作者 哔站 侬无言以对",
        "details": "作业更新日期: 2024-02-09T09:09:00Z\n统计更新日期: 2025-02-27\n好评率：94.63%  浏览量：2893\n来源：imfasd  ID：32805\nHS-EX-8 - 收割 HS-EX-8突袭摆完挂机（怀黍离） 原作者 哔站 侬无言以对 https://www.bilibili.com/video/BV1z4421c79M/?spm_id_from=333.788&vd_source=7e544ddb32149453b959eaecb13d8c30"
    },
    "groups": [],
    "opers": [
        {
            "name": "艾雅法拉",
            "skill": 2,
            "skill_usage": 0
        },
        {
            "name": "纯烬艾雅法拉",
            "skill": 1,
            "skill_usage": 0
        },
        {
            "name": "星熊",
            "skill": 2,
            "skill_usage": 0
        },
        {
            "name": "浊心斯卡蒂",
            "skill": 2,
            "skill_usage": 0
        },
        {
            "name": "塞雷娅",
            "skill": 1,
            "skill_usage": 0
        }
    ],
    "difficulty": 3
}