{
    "minimum_required": "v4.0.0",
    "stage_name": "act31side_ex05",
    "actions": [
        {
            "type": "Deploy",
            "name": "阻流阀",
            "location": [
                7,
                2
            ],
            "direction": "None"
        },
        {
            "type": "Deploy",
            "name": "阻流阀",
            "location": [
                5,
                4
            ],
            "direction": "None"
        },
        {
            "type": "Deploy",
            "name": "阻流阀",
            "location": [
                6,
                5
            ],
            "direction": "None"
        },
        {
            "type": "Deploy",
            "name": "奶",
            "location": [
                5,
                1
            ],
            "direction": "Down",
            "pre_delay": 6
        },
        {
            "type": "Deploy",
            "name": "强攻手",
            "location": [
                6,
                2
            ],
            "direction": "Down"
        },
        {
            "type": "Deploy",
            "name": "拉普兰德",
            "location": [
                6,
                4
            ],
            "direction": "Right"
        },
        {
            "type": "Deploy",
            "name": "塞雷娅",
            "location": [
                5,
                3
            ],
            "direction": "Right"
        },
        {
            "type": "SpeedUp"
        },
        {
            "type": "SkillDaemon"
        }
    ],
    "doc": {
        "title": "HS-EX-5 - 灌溉",
        "details": "作业更新日期: 2024-02-14T16:41:33Z\n统计更新日期: 2025-02-27\n好评率：97.41%  浏览量：7360\n来源：烽火戏诸侯  ID：32738\n原作者萧然Q 原JSON作者萨拉托加 本人修改自用 若用百嘉的话百嘉和拉狗练度要高点，不然最后一波有可能会漏\n【【怀黍离】HS-EX-1至EX-8突袭 摆完挂机 简单好抄（持续更新中）】 https://www.bilibili.com/video/BV1aC411z7nB/?share_source=copy_web&vd_source=3fd5040fe25f6a00e19e6072bcccfa4e"
    },
    "groups": [
        {
            "name": "奶",
            "opers": [
                {
                    "name": "流明",
                    "skill": 3,
                    "skill_usage": 2,
                    "skill_times": 1
                },
                {
                    "name": "纯烬艾雅法拉",
                    "skill": 1,
                    "skill_usage": 0
                }
            ]
        },
        {
            "name": "强攻手",
            "opers": [
                {
                    "name": "煌",
                    "skill": 2,
                    "skill_usage": 0
                },
                {
                    "name": "百炼嘉维尔",
                    "skill": 2,
                    "skill_usage": 1
                }
            ]
        }
    ],
    "opers": [
        {
            "name": "拉普兰德",
            "skill": 2,
            "skill_usage": 0
        },
        {
            "name": "塞雷娅",
            "skill": 1,
            "skill_usage": 0
        }
    ],
    "difficulty": 3
}