{
    "minimum_required": "v4.0.0",
    "stage_name": "act31side_ex03",
    "actions": [
        {
            "type": "SpeedUp"
        },
        {
            "type": "Deploy",
            "name": "奶盾",
            "location": [
                8,
                5
            ],
            "direction": "Left"
        },
        {
            "type": "Deploy",
            "name": "乌尔比安",
            "location": [
                7,
                4
            ],
            "direction": "Down"
        },
        {
            "type": "Deploy",
            "name": "奶",
            "location": [
                8,
                2
            ],
            "direction": "Down"
        },
        {
            "type": "Deploy",
            "name": "术士",
            "location": [
                7,
                6
            ],
            "direction": "Up"
        },
        {
            "type": "Deploy",
            "name": "安赛尔",
            "location": [
                8,
                6
            ],
            "direction": "Up"
        },
        {
            "type": "Deploy",
            "name": "芙蓉",
            "location": [
                9,
                6
            ],
            "direction": "Up"
        },
        {
            "type": "Deploy",
            "name": "史尔特尔",
            "location": [
                9,
                1
            ],
            "direction": "Left",
            "kills": 19
        },
        {
            "type": "Retreat",
            "name": "史尔特尔",
            "location": [
                9,
                1
            ],
            "kills": 34
        },
        {
            "type": "Deploy",
            "name": "史尔特尔",
            "location": [
                9,
                1
            ],
            "direction": "Left"
        },
        {
            "type": "SkillDaemon"
        }
    ],
    "doc": {
        "title": "HS-EX-3 - 育苗",
        "details": "作业更新日期: 2025-02-26T03:11:34Z\n统计更新日期: 2025-03-06\n好评率：99.55%  浏览量：1072\n来源：焕彩gg  ID：47650\nB站ID：焕彩GG 主页：https://space.bilibili.com/10123796\n\n求关注。"
    },
    "groups": [
        {
            "name": "奶",
            "opers": [
                {
                    "name": "夜莺",
                    "skill": 2,
                    "skill_usage": 0
                },
                {
                    "name": "纯烬艾雅法拉",
                    "skill": 1,
                    "skill_usage": 0
                }
            ]
        },
        {
            "name": "奶盾",
            "opers": [
                {
                    "name": "塞雷娅",
                    "skill": 1,
                    "skill_usage": 0
                },
                {
                    "name": "古米",
                    "skill": 1,
                    "skill_usage": 0
                },
                {
                    "name": "黍",
                    "skill": 1,
                    "skill_usage": 0
                }
            ]
        },
        {
            "name": "术士",
            "opers": [
                {
                    "name": "艾雅法拉",
                    "skill": 2,
                    "skill_usage": 0
                },
                {
                    "name": "史都华德",
                    "skill": 1,
                    "skill_usage": 0
                },
                {
                    "name": "逻各斯",
                    "skill": 1,
                    "skill_usage": 0
                }
            ]
        }
    ],
    "opers": [
        {
            "name": "乌尔比安",
            "skill": 2,
            "skill_usage": 0
        },
        {
            "name": "史尔特尔",
            "skill": 3,
            "skill_usage": 1
        },
        {
            "name": "安赛尔",
            "skill": 1,
            "skill_usage": 0
        },
        {
            "name": "芙蓉",
            "skill": 1,
            "skill_usage": 0
        }
    ],
    "difficulty": 3
}