{
    "minimum_required": "v4.0.0",
    "stage_name": "act31side_s02",
    "actions": [
        {
            "type": "Deploy",
            "name": "山",
            "location": [
                8,
                6
            ],
            "direction": "Left"
        },
        {
            "type": "Deploy",
            "name": "煌",
            "location": [
                7,
                2
            ],
            "direction": "Down"
        },
        {
            "type": "SpeedUp"
        },
        {
            "type": "Deploy",
            "name": "阻流阀",
            "location": [
                9,
                6
            ],
            "direction": "None"
        },
        {
            "type": "Deploy",
            "name": "阻流阀",
            "location": [
                9,
                4
            ],
            "direction": "None"
        },
        {
            "type": "Deploy",
            "name": "阻流阀",
            "location": [
                8,
                2
            ],
            "direction": "None"
        },
        {
            "type": "Deploy",
            "name": "六星奶盾",
            "location": [
                8,
                4
            ],
            "direction": "Down"
        },
        {
            "type": "Deploy",
            "name": "玛恩纳",
            "location": [
                7,
                4
            ],
            "direction": "Left"
        },
        {
            "type": "Deploy",
            "name": "群奶",
            "location": [
                9,
                3
            ],
            "direction": "Left"
        },
        {
            "type": "Deploy",
            "name": "单奶1",
            "location": [
                10,
                5
            ],
            "direction": "Left"
        },
        {
            "type": "Deploy",
            "name": "单奶2",
            "location": [
                10,
                3
            ],
            "direction": "Left"
        },
        {
            "type": "Retreat",
            "name": "山",
            "location": [
                8,
                6
            ],
            "kills": 58
        },
        {
            "type": "SkillDaemon"
        }
    ],
    "doc": {
        "title": "HS-S-2 - 园圃工程所",
        "details": "作业更新日期: 2024-02-15T09:41:31Z\n统计更新日期: 2025-02-27\n好评率：98.09%  浏览量：7485\n来源：小卡拉帕鲁灰  ID：32950\n突袭最好用奶羊，不然血量蹦迪警告\n平均练度：精二90级专3，有模组的1级模组\n测试通过\n"
    },
    "groups": [
        {
            "name": "群奶",
            "opers": [
                {
                    "name": "白面鸮",
                    "skill": 2,
                    "skill_usage": 1
                },
                {
                    "name": "夜莺",
                    "skill": 2,
                    "skill_usage": 0
                }
            ]
        },
        {
            "name": "单奶1",
            "opers": [
                {
                    "name": "纯烬艾雅法拉",
                    "skill": 1,
                    "skill_usage": 0
                },
                {
                    "name": "闪灵",
                    "skill": 2,
                    "skill_usage": 0
                }
            ]
        },
        {
            "name": "单奶2",
            "opers": [
                {
                    "name": "流明",
                    "skill": 3,
                    "skill_usage": 1
                },
                {
                    "name": "华法琳",
                    "skill": 1,
                    "skill_usage": 0
                },
                {
                    "name": "赫默",
                    "skill": 1,
                    "skill_usage": 1
                }
            ]
        },
        {
            "name": "六星奶盾",
            "opers": [
                {
                    "name": "塞雷娅",
                    "skill": 2,
                    "skill_usage": 0
                },
                {
                    "name": "黍",
                    "skill": 3,
                    "skill_usage": 1
                }
            ]
        }
    ],
    "opers": [
        {
            "name": "玛恩纳",
            "skill": 3,
            "skill_usage": 1
        },
        {
            "name": "煌",
            "skill": 2,
            "skill_usage": 0
        },
        {
            "skill_times": 1,
            "name": "山",
            "skill": 2,
            "skill_usage": 2
        }
    ],
    "difficulty": 3
}