{
    "minimum_required": "v4.0.0",
    "stage_name": "act31side_s04",
    "actions": [
        {
            "type": "SpeedUp"
        },
        {
            "type": "Deploy",
            "name": "乌尔比安",
            "location": [
                5,
                4
            ],
            "direction": "Right"
        },
        {
            "type": "Deploy",
            "name": "歌蕾蒂娅",
            "location": [
                6,
                1
            ],
            "direction": "Left"
        },
        {
            "type": "Deploy",
            "name": "煌",
            "location": [
                7,
                6
            ],
            "direction": "Up"
        },
        {
            "type": "Deploy",
            "name": "絮雨",
            "location": [
                5,
                6
            ],
            "direction": "Right"
        },
        {
            "type": "Deploy",
            "name": "荒芜拉普兰德",
            "location": [
                2,
                4
            ],
            "direction": "Up"
        },
        {
            "type": "Deploy",
            "name": "泵站",
            "location": [
                10,
                5
            ],
            "direction": "Down"
        },
        {
            "type": "Deploy",
            "name": "泵站",
            "location": [
                8,
                3
            ],
            "direction": "Left"
        },
        {
            "type": "Deploy",
            "name": "泵站",
            "location": [
                8,
                2
            ],
            "direction": "Left"
        },
        {
            "type": "SkillDaemon"
        }
    ],
    "doc": {
        "title": "HS-S-4 - 育种实验室（豪华限定版",
        "details": "作业更新日期: 2025-02-24T14:43:50Z\n统计更新日期: 2025-03-02\n好评率：100.0%  浏览量：1035\n来源：星之海.  ID：47611\n原作者：自在道爷\nJSON作者：星之海.\n社区评论不会提醒，有问题可以进群找我：994516079\n原视频：【【怀黍离·复刻】HS全关卡挂机流，豪华重制解放双手！  | 明日方舟攻略（含HS-9，EX-8突袭，S-4突袭，HS-MO-1等）】https://www.bilibili.com/video/BV1c2PxeGEH8?p=17&vd_source=69f0b796ff8cde9e6cb9e9f9a99f8eec"
    },
    "groups": [],
    "opers": [
        {
            "skill_times": 1,
            "name": "荒芜拉普兰德",
            "skill": 1,
            "skill_usage": 2
        },
        {
            "name": "乌尔比安",
            "skill": 2,
            "skill_usage": 0
        },
        {
            "name": "歌蕾蒂娅",
            "skill": 1,
            "skill_usage": 0
        },
        {
            "name": "煌",
            "skill": 2,
            "skill_usage": 0
        },
        {
            "name": "絮雨",
            "skill": 2,
            "skill_usage": 0
        }
    ],
    "difficulty": 3
}