{
    "minimum_required": "v4.0.0",
    "stage_name": "act31side_s02",
    "actions": [
        {
            "type": "Deploy",
            "name": "桃金娘",
            "location": [
                7,
                6
            ],
            "direction": "Left"
        },
        {
            "type": "SpeedUp"
        },
        {
            "type": "Deploy",
            "name": "维什戴尔",
            "location": [
                5,
                4
            ],
            "direction": "Left"
        },
        {
            "type": "Deploy",
            "name": "阻流阀",
            "location": [
                4,
                6
            ],
            "direction": "None"
        },
        {
            "type": "Deploy",
            "name": "阻流阀",
            "location": [
                4,
                2
            ],
            "direction": "None"
        },
        {
            "type": "Retreat",
            "location": [
                3,
                4
            ],
            "pre_delay": 4000
        },
        {
            "type": "Retreat",
            "location": [
                4,
                4
            ]
        },
        {
            "type": "Deploy",
            "name": "玛恩纳",
            "location": [
                3,
                4
            ],
            "direction": "Left"
        },
        {
            "type": "Deploy",
            "name": "阻流阀",
            "location": [
                4,
                4
            ],
            "direction": "None"
        },
        {
            "type": "Deploy",
            "name": "阻流阀",
            "location": [
                6,
                2
            ],
            "direction": "None"
        },
        {
            "type": "Deploy",
            "name": "阻流阀",
            "location": [
                6,
                6
            ],
            "direction": "None"
        },
        {
            "type": "Retreat",
            "location": [
                5,
                6
            ]
        },
        {
            "type": "Deploy",
            "name": "盾1",
            "location": [
                5,
                6
            ],
            "direction": "Left"
        },
        {
            "type": "Skill",
            "name": "维什戴尔",
            "location": [
                5,
                4
            ],
            "kills": 6
        },
        {
            "type": "Deploy",
            "name": "盾2",
            "location": [
                5,
                2
            ],
            "direction": "Left"
        },
        {
            "type": "Deploy",
            "name": "奶1",
            "location": [
                6,
                5
            ],
            "direction": "Left"
        },
        {
            "type": "Deploy",
            "name": "奶2",
            "location": [
                6,
                3
            ],
            "direction": "Left"
        },
        {
            "type": "SkillUsage",
            "name": "维什戴尔",
            "skill_usage": 2,
            "kills": 18,
            "skill_times": 1
        },
        {
            "type": "SkillUsage",
            "name": "维什戴尔",
            "skill_usage": 2,
            "kills": 50,
            "skill_times": 1
        },
        {
            "type": "SkillDaemon"
        }
    ],
    "doc": {
        "title": "HS-S-2 - 园圃工程所",
        "details": "作业更新日期: 2025-02-26T05:24:28Z\n统计更新日期: 2025-03-02\n好评率：99.5%  浏览量：1171\n来源：焕彩gg  ID：47663\nB站ID：焕彩GG 主页：https://space.bilibili.com/10123796\n\n求关注。"
    },
    "groups": [
        {
            "name": "奶1",
            "opers": [
                {
                    "name": "安赛尔",
                    "skill": 1,
                    "skill_usage": 1
                },
                {
                    "name": "闪灵",
                    "skill": 2,
                    "skill_usage": 0
                }
            ]
        },
        {
            "name": "奶2",
            "opers": [
                {
                    "name": "芙蓉",
                    "skill": 1,
                    "skill_usage": 1
                },
                {
                    "name": "纯烬艾雅法拉",
                    "skill": 1,
                    "skill_usage": 0
                }
            ]
        },
        {
            "name": "盾1",
            "opers": [
                {
                    "name": "斑点",
                    "skill": 1,
                    "skill_usage": 1
                },
                {
                    "name": "黍",
                    "skill": 1,
                    "skill_usage": 0
                }
            ]
        },
        {
            "name": "盾2",
            "opers": [
                {
                    "name": "米格鲁",
                    "skill": 1,
                    "skill_usage": 1
                },
                {
                    "name": "塞雷娅",
                    "skill": 1,
                    "skill_usage": 0
                }
            ]
        }
    ],
    "opers": [
        {
            "name": "玛恩纳",
            "skill": 3,
            "skill_usage": 1
        },
        {
            "name": "维什戴尔",
            "skill": 3,
            "skill_usage": 2,
            "skill_times": 1
        },
        {
            "name": "桃金娘",
            "skill": 1,
            "skill_usage": 1
        }
    ],
    "difficulty": 3
}