{
    "minimum_required": "v4.0.0",
    "stage_name": "mem_erato_1",
    "actions": [
        {
            "type": "Deploy",
            "name": "埃拉托",
            "location": [
                6,
                2
            ],
            "direction": "Left"
        },
        {
            "type": "SpeedUp"
        },
        {
            "type": "Deploy",
            "name": "夜半",
            "location": [
                5,
                2
            ],
            "direction": "Left"
        },
        {
            "type": "Deploy",
            "name": "眠兽",
            "location": [
                4,
                2
            ],
            "direction": "None"
        },
        {
            "type": "Skill",
            "name": "夜半",
            "costs": 16
        },
        {
            "type": "Deploy",
            "name": "瑕光",
            "location": [
                4,
                3
            ],
            "direction": "Up"
        },
        {
            "type": "Skill",
            "name": "夜半",
            "costs": 29
        },
        {
            "type": "Skill",
            "name": "夜半",
            "pre_delay": 500
        },
        {
            "type": "Skill",
            "name": "瑕光",
            "costs": 62
        },
        {
            "type": "Deploy",
            "name": "卡夫卡",
            "location": [
                1,
                4
            ],
            "costs": 76,
            "direction": "Right"
        },
        {
            "type": "Retreat",
            "name": "卡夫卡",
            "pre_delay": 500
        },
        {
            "type": "SkillUsage",
            "name": "瑕光",
            "skill_usage": 1
        },
        {
            "type": "Deploy",
            "name": "卡夫卡",
            "kills": 13,
            "pre_delay": 5000,
            "location": [
                4,
                4
            ],
            "direction": "Up"
        },
        {
            "type": "Retreat",
            "name": "卡夫卡",
            "kills": 14
        },
        {
            "type": "Deploy",
            "name": "卡夫卡",
            "location": [
                8,
                2
            ],
            "direction": "Up"
        }
    ],
    "doc": {
        "title": "狙击 - 埃拉托 - 沉渊美梦",
        "details": "作业更新日期: 2023-07-02T03:53:42Z\n统计更新日期: 2024-11-24\n好评率：68.42%  浏览量：1643\n来源：一只摆烂的42  ID：24383\nhttps://www.bilibili.com/video/BV1yh4y1x7HE/\n练度精二1级 7级技能\n制作者：一只摆烂的42\n有问题联系QQ2586582719"
    },
    "groups": [],
    "opers": [
        {
            "name": "埃拉托",
            "skill": 2,
            "skill_usage": 0
        }
    ]
}