{
    "minimum_required": "v4.0.0",
    "stage_name": "mem_glaze_1",
    "actions": [
        {
            "type": "SpeedUp"
        },
        {
            "type": "Deploy",
            "name": "香草",
            "location": [
                7,
                3
            ],
            "direction": "Left"
        },
        {
            "type": "Deploy",
            "name": "清道夫",
            "location": [
                7,
                5
            ],
            "direction": "Left"
        },
        {
            "type": "Deploy",
            "name": "安比尔",
            "location": [
                8,
                3
            ],
            "direction": "Left"
        },
        {
            "type": "Deploy",
            "name": "调香师",
            "location": [
                9,
                4
            ],
            "direction": "Left"
        },
        {
            "type": "Skill",
            "name": "调香师",
            "kills": 22,
            "location": [
                9,
                4
            ]
        },
        {
            "type": "SkillDaemon"
        }
    ],
    "doc": {
        "title": "狙击 - 安比尔 - 全域静默",
        "details": "作业更新日期: 2024-07-13T07:45:18Z\n统计更新日期: 2024-11-24\n好评率：100.0%  浏览量：1077\n来源：SBOO  ID：39433\nhttps://www.bilibili.com/video/BV1KS411P7Fz/?spm_id_from=333.337.search-card.all.click&vd_source=9b30c16902a1961fdb5b36016cd2bb3a\n焦炭_Coke\n我2507过了"
    },
    "groups": [],
    "opers": [
        {
            "name": "安比尔",
            "skill": 2,
            "skill_usage": 1
        },
        {
            "name": "香草",
            "skill": 1,
            "skill_usage": 1
        },
        {
            "name": "清道夫",
            "skill": 1,
            "skill_usage": 1
        },
        {
            "name": "调香师",
            "skill": 1,
            "skill_usage": 0
        }
    ]
}