{
    "minimum_required": "v4.0.0",
    "stage_name": "mem_poca_1",
    "actions": [
        {
            "type": "SpeedUp"
        },
        {
            "type": "Deploy",
            "name": "早露",
            "location": [
                4,
                5
            ],
            "direction": "Up"
        },
        {
            "type": "Deploy",
            "name": "真理",
            "location": [
                4,
                4
            ],
            "direction": "Down",
            "costs": 45
        },
        {
            "type": "SpeedUp",
            "costs": 60
        },
        {
            "type": "Skill",
            "name": "早露",
            "location": [
                4,
                5
            ],
            "costs": 66
        },
        {
            "type": "SpeedUp"
        },
        {
            "type": "SpeedUp",
            "kills": 14
        },
        {
            "type": "Skill",
            "name": "真理",
            "location": [
                4,
                4
            ]
        },
        {
            "type": "Skill",
            "name": "早露",
            "location": [
                4,
                5
            ],
            "pre_delay": 1000
        },
        {
            "type": "SkillDaemon"
        }
    ],
    "doc": {
        "title": "悖论模拟 - 狙击 - 【早露悖论模拟】",
        "details": "作业更新日期: 2023-12-06T10:00:13Z\n统计更新日期: 2024-11-24\n好评率：91.67%  浏览量：5654\n来源：小卡拉帕鲁灰  ID：30587\n练度：精二1级、7级3技能（顶配有问题）\n（配置太高可能会出问题，轴无法照顾所有玩家，2903建议用其他人作业）\n悖论模拟需要在MAA中关闭“自动编队”，\n选好三技能后处于红色ui“开始模拟”界面，maa就可以按开始了\n"
    },
    "groups": [],
    "opers": [
        {
            "name": "早露",
            "skill": 3,
            "skill_usage": 2
        },
        {
            "name": "真理",
            "skill": 1,
            "skill_usage": 0
        },
        {
            "name": "凛冬",
            "skill": 1,
            "skill_usage": 0
        }
    ]
}