{
    "minimum_required": "v4.0.0",
    "stage_name": "mem_almond_1",
    "actions": [
        {
            "type": "SpeedUp"
        },
        {
            "type": "Deploy",
            "name": "杏仁",
            "location": [
                6,
                4
            ],
            "direction": "Right"
        },
        {
            "type": "Skill",
            "name": "杏仁",
            "location": [
                6,
                4
            ],
            "costs": 20
        },
        {
            "type": "Skill",
            "name": "杏仁",
            "location": [
                6,
                4
            ],
            "costs": 45
        },
        {
            "type": "Skill",
            "name": "白面鸮",
            "location": [
                7,
                5
            ],
            "costs": 46
        },
        {
            "type": "Skill",
            "name": "芙兰卡",
            "location": [
                9,
                5
            ],
            "costs": 46
        },
        {
            "type": "Skill",
            "name": "杏仁",
            "location": [
                6,
                4
            ],
            "costs": 87
        }
    ],
    "doc": {
        "title": "特种 - 杏仁 - “见缝插针”【杏仁悖论模拟】",
        "details": "统计日期：2024-05-11\n好评率：71.43%  浏览量：187\n来源：landgranf  ID：32650\n杏仁悖论模拟\n练度：精二1级、7级技能\n原作者：倾九_Komy   JSON作者landgranf\n悖论模拟需要在MAA中关闭“自动编队”，\n选好二技能后处于红色ui“开始模拟”界面，maa就可以按开始了\n【明日方舟】杏仁 悖论模拟/无需专精/看一遍就过/简单操作/倾九/恶兆湍流\nhttps://www.bilibili.com/video/BV1fN411t7DQ"
    },
    "groups": [],
    "opers": [
        {
            "name": "杏仁",
            "skill": 2,
            "skill_usage": 0
        }
    ]
}