{
    "minimum_required": "v4.0.0",
    "stage_name": "mem_ray_1",
    "actions": [
        {
            "type": "SpeedUp"
        },
        {
            "type": "Deploy",
            "name": "莱伊",
            "direction": "Right",
            "costs": 24,
            "pre_delay": 400,
            "location": [
                3,
                4
            ]
        },
        {
            "type": "SpeedUp",
            "costs": 21
        },
        {
            "type": "Skill",
            "name": "莱伊",
            "costs": 23,
            "pre_delay": 400
        },
        {
            "type": "Deploy",
            "name": "沙地兽",
            "direction": "None",
            "location": [
                7,
                4
            ]
        },
        {
            "type": "SpeedUp"
        },
        {
            "type": "Retreat",
            "location": [
                7,
                4
            ],
            "kills": 3
        },
        {
            "type": "Deploy",
            "direction": "None",
            "name": "沙地兽",
            "location": [
                3,
                5
            ],
            "costs": 68,
            "pre_delay": 100
        },
        {
            "type": "SpeedUp",
            "costs": 71
        },
        {
            "type": "Deploy",
            "costs": 74,
            "name": "红",
            "direction": "Up",
            "location": [
                2,
                4
            ]
        },
        {
            "type": "Retreat",
            "location": [
                3,
                5
            ],
            "kills": 6
        },
        {
            "type": "Retreat",
            "pre_delay": 200,
            "location": [
                2,
                4
            ]
        },
        {
            "type": "SpeedUp"
        },
        {
            "type": "Deploy",
            "name": "宴",
            "location": [
                6,
                4
            ],
            "direction": "Right",
            "costs": 79
        },
        {
            "type": "Retreat",
            "location": [
                6,
                4
            ],
            "kills": 9
        },
        {
            "type": "Deploy",
            "costs": 94,
            "pre_delay": 200,
            "name": "红",
            "direction": "Right",
            "location": [
                7,
                4
            ]
        },
        {
            "type": "Retreat",
            "kills": 13,
            "location": [
                7,
                4
            ]
        },
        {
            "type": "SpeedUp"
        },
        {
            "type": "Skill",
            "name": "莱伊",
            "pre_delay": 4400
        },
        {
            "type": "Deploy",
            "name": "沙地兽",
            "direction": "None",
            "location": [
                6,
                3
            ]
        },
        {
            "type": "SpeedUp"
        },
        {
            "type": "Retreat",
            "location": [
                6,
                3
            ],
            "pre_delay": 8900
        },
        {
            "type": "Deploy",
            "pre_delay": 8000,
            "name": "红",
            "direction": "Left",
            "location": [
                7,
                2
            ]
        },
        {
            "type": "Deploy",
            "name": "轰隆隆先生",
            "direction": "None",
            "location": [
                6,
                2
            ]
        },
        {
            "type": "Retreat",
            "pre_delay": 1000,
            "location": [
                7,
                2
            ]
        },
        {
            "type": "Deploy",
            "name": "宴",
            "direction": "Left",
            "location": [
                7,
                2
            ]
        },
        {
            "type": "Deploy",
            "name": "沙地兽",
            "direction": "None",
            "location": [
                3,
                5
            ]
        },
        {
            "type": "Skill",
            "name": "莱伊",
            "pre_delay": 50
        },
        {
            "type": "Deploy",
            "direction": "None",
            "pre_delay": 7500,
            "name": "轰隆隆先生",
            "location": [
                2,
                5
            ]
        },
        {
            "type": "Retreat",
            "location": [
                3,
                5
            ],
            "pre_delay": 50
        },
        {
            "type": "Deploy",
            "pre_delay": 400,
            "name": "红",
            "direction": "Up",
            "location": [
                2,
                6
            ]
        },
        {
            "type": "Deploy",
            "name": "轰隆隆先生",
            "direction": "None",
            "location": [
                2,
                5
            ],
            "pre_delay": 5750
        },
        {
            "type": "Deploy",
            "pre_delay": 5750,
            "name": "轰隆隆先生",
            "direction": "None",
            "location": [
                2,
                5
            ]
        },
        {
            "type": "Deploy",
            "name": "沙地兽",
            "direction": "None",
            "location": [
                3,
                5
            ]
        },
        {
            "type": "Skill",
            "name": "莱伊",
            "pre_delay": 50
        },
        {
            "type": "SkillDaemon"
        }
    ],
    "doc": {
        "title": "狙击 - 莱伊 - 沙地兽与弩",
        "details": "——————————\n作业更新日期: 2025-11-02T12:32:03Z\n统计更新日期: 2025-11-13\n相对评分：100.0%  相对热度：72.18%\n来源：焕彩gg  ID：73565\n——————————\nB站ID：焕彩GG 主页：https://space.bilibili.com/10123796\n本作业已开启截图增强\n求关注\n作业来源：https://www.bilibili.com/video/BV1gwGnzdEpe/?spm_id_from=333.337.search-card.all.click&vd_source=e1c35ba84af40f6e26ba29e2228661f2"
    },
    "groups": [],
    "opers": [
        {
            "name": "莱伊",
            "skill": 3,
            "skill_usage": 0
        }
    ]
}