{
    "stage_name": "camp_r_30",
    "minimum_required": "v4.0.0",
    "doc": {
        "title": "阿戈尔 - 暗流巢窟  - 暗流巢窟 ",
        "details": "——————————\n作业更新日期: 2025-10-27T23:01:13Z\n统计更新日期: 2025-11-06\n相对评分：80.43%  相对热度：57.38%\n来源：咸鱼超进化  ID：72597\n——————————\n原作者：B站-晴蓝雨梦   原地址：https://www.bilibili.com/video/BV1UbsCzUE9d/?spm_id_from=333.337.search-card.all.click&vd_source=5f0fbb0d610d5c0c5dd9a0f5a54a2c21\n\n参考原视频自己摆的\n\n想遥单核请参考原视频"
    },
    "opers": [
        {
            "name": "泡普卡",
            "skill": 1,
            "skill_usage": 1,
            "requirements": {
                "skill_level": 7
            }
        },
        {
            "name": "米格鲁",
            "skill": 1,
            "skill_usage": 1,
            "requirements": {
                "skill_level": 7
            }
        },
        {
            "name": "遥",
            "skill": 2,
            "skill_usage": 1,
            "requirements": {
                "skill_level": 10,
                "module": 2
            }
        },
        {
            "name": "克洛丝",
            "skill": 1,
            "requirements": {
                "skill_level": 7
            }
        },
        {
            "name": "丰川祥子",
            "skill": 1,
            "requirements": {
                "skill_level": 10,
                "module": 2
            }
        },
        {
            "name": "八幡海铃",
            "skill": 1,
            "requirements": {
                "level": 60,
                "skill_level": 7,
                "module": 2
            }
        },
        {
            "name": "桃金娘",
            "skill": 2,
            "skill_usage": 1,
            "requirements": {
                "skill_level": 7
            }
        },
        {
            "name": "月见夜",
            "skill": 1,
            "skill_usage": 1,
            "requirements": {
                "skill_level": 7
            }
        }
    ],
    "groups": [
        {
            "name": "奶盾选一",
            "opers": [
                {
                    "name": "斑点",
                    "skill": 1,
                    "skill_usage": 1,
                    "requirements": {
                        "skill_level": 7
                    }
                },
                {
                    "name": "古米",
                    "skill": 1,
                    "skill_usage": 1,
                    "requirements": {
                        "skill_level": 7
                    }
                },
                {
                    "name": "卡缇",
                    "skill": 1,
                    "skill_usage": 1,
                    "requirements": {
                        "skill_level": 7
                    }
                }
            ]
        },
        {
            "name": "盾选一",
            "opers": [
                {
                    "name": "角峰",
                    "skill": 1,
                    "skill_usage": 1,
                    "requirements": {
                        "skill_level": 7
                    }
                },
                {
                    "name": "蛇屠箱",
                    "skill": 2,
                    "skill_usage": 1,
                    "requirements": {
                        "skill_level": 7
                    }
                }
            ]
        },
        {
            "name": "元素奶选一",
            "opers": [
                {
                    "name": "蜜莓",
                    "skill": 1,
                    "requirements": {
                        "skill_level": 7
                    }
                },
                {
                    "name": "纯烬艾雅法拉",
                    "skill": 1,
                    "skill_usage": 1,
                    "requirements": {
                        "skill_level": 10,
                        "module": 1
                    }
                }
            ]
        }
    ],
    "actions": [
        {
            "type": "SpeedUp"
        },
        {
            "name": "桃金娘",
            "location": [
                1,
                1
            ],
            "direction": "Right",
            "type": "Deploy"
        },
        {
            "name": "遥",
            "location": [
                7,
                5
            ],
            "direction": "Up",
            "type": "Deploy"
        },
        {
            "name": "克洛丝",
            "location": [
                10,
                5
            ],
            "direction": "Up",
            "type": "Deploy"
        },
        {
            "name": "月见夜",
            "location": [
                2,
                1
            ],
            "direction": "Right",
            "type": "Deploy"
        },
        {
            "name": "奶盾选一",
            "location": [
                7,
                4
            ],
            "direction": "Left",
            "type": "Deploy"
        },
        {
            "name": "丰川祥子",
            "location": [
                5,
                3
            ],
            "direction": "Up",
            "type": "Deploy"
        },
        {
            "name": "八幡海铃",
            "location": [
                6,
                3
            ],
            "direction": "Down",
            "type": "Deploy"
        },
        {
            "type": "Retreat",
            "name": "克洛丝",
            "kills": 30
        },
        {
            "name": "元素奶选一",
            "location": [
                8,
                3
            ],
            "direction": "Left",
            "type": "Deploy"
        },
        {
            "name": "克洛丝",
            "location": [
                8,
                5
            ],
            "direction": "Left",
            "type": "Deploy"
        },
        {
            "name": "盾选一",
            "location": [
                5,
                4
            ],
            "direction": "Down",
            "type": "Deploy",
            "costs": 20
        },
        {
            "name": "泡普卡",
            "location": [
                6,
                5
            ],
            "direction": "Left",
            "type": "Deploy"
        },
        {
            "type": "Retreat",
            "name": "桃金娘",
            "costs": 20
        },
        {
            "name": "米格鲁",
            "location": [
                7,
                3
            ],
            "direction": "Up",
            "type": "Deploy"
        },
        {
            "type": "SkillDaemon"
        }
    ],
    "version": 3
}