{
    "actions": [
        {
            "type": "部署",
            "name": "克洛丝",
            "location": [
                4,
                4
            ],
            "direction": "右"
        },
        {
            "type": "二倍速"
        },
        {
            "type": "部署",
            "name": "黑角",
            "location": [
                6,
                3
            ],
            "direction": "左"
        },
        {
            "type": "部署",
            "location": [
                7,
                2
            ],
            "name": "梓兰",
            "direction": "下"
        },
        {
            "type": "部署",
            "location": [
                3,
                2
            ],
            "name": "絮雨",
            "direction": "右",
            "kills": 4
        },
        {
            "type": "部署",
            "name": "杜林",
            "location": [
                6,
                2
            ],
            "direction": "下"
        },
        {
            "type": "摆完挂机"
        }
    ],
    "stage_name": "mem_whispr_1",
    "doc": {
        "title": "抚慰伤痛",
        "details": "作业更新日期: 2023-04-19T07:07:55Z\n统计更新日期: 2024-10-07\n好评率：83.33%  浏览量：215\n来源：作业代传——有问题联系原作者  ID：22741\n干员等级：絮雨精二40，二技能专7级\n测试版本：395b2\n注意：本作业需要修复絮语干员名字读取bug"
    },
    "opers": [
        {
            "name": "絮雨"
        },
        {
            "name": "梓兰",
            "skill_usage": 1,
            "skill": 1
        }
    ],
    "groups": [],
    "minimum_required": "v4.0.0"
}