{
    "minimum_required": "v4.0.0",
    "stage_name": "mem_lava_1",
    "actions": [
        {
            "type": "SpeedUp"
        },
        {
            "type": "Deploy",
            "name": "炎熔",
            "location": [
                5,
                3
            ],
            "direction": "Right"
        },
        {
            "type": "Deploy",
            "kills": 74,
            "name": "夜刀",
            "location": [
                7,
                3
            ],
            "direction": "Right"
        },
        {
            "type": "Skill",
            "name": "炎熔",
            "kills": 90
        },
        {
            "type": "BulletTime",
            "name": "炎熔",
            "location": [
                5,
                3
            ],
            "kills": 97
        },
        {
            "type": "Retreat",
            "name": "炎熔",
            "kills": 99
        },
        {
            "type": "Deploy",
            "name": "夜刀",
            "location": [
                3,
                3
            ],
            "direction": "Right"
        },
        {
            "type": "Skill",
            "location": [
                3,
                5
            ]
        }
    ],
    "doc": {
        "title": "炎熔悖论模拟- 不过是几只小虫子！（头都打歪的小虫子）",
        "details": "——————————\n作业更新日期: 2024-02-01T14:43:26Z\n统计更新日期: 2025-06-17\n好评率：93.98%  浏览量：4211\n来源：Wled  ID：32509\n——————————\n实测1557没满信赖能过\n记得先选择技能再挂MAA"
    },
    "groups": [],
    "opers": [
        {
            "name": "炎熔",
            "skill": 1,
            "skill_usage": 0
        },
        {
            "name": "夜刀",
            "skill": 1,
            "skill_usage": 0
        }
    ]
}