{
    "minimum_required": "v4.0.0",
    "stage_name": "main_01-05",
    "actions": [
        {
            "type": "SpeedUp"
        },
        {
            "type": "Deploy",
            "name": "银灰",
            "location": [
                4,
                3
            ],
            "direction": "Right"
        },
        {
            "type": "Deploy",
            "name": "煌",
            "location": [
                5,
                5
            ],
            "direction": "Up"
        },
        {
            "type": "Deploy",
            "name": "伊芙利特",
            "location": [
                5,
                1
            ],
            "direction": "Down"
        }
    ],
    "doc": {
        "title": "第一章 黑暗时代·下 - 1-5 - 麻痹（伊芙利特模组）",
        "details": "作业更新日期: 2024-09-06T05:39:48Z\n统计更新日期: 2024-11-30\n好评率：100.0%  浏览量：124\n来源：qingyu  ID：41118\nup:侬无言以对\nlink:【【明日方舟】伊芙利特模组任务摆完挂机】 https://www.bilibili.com/video/BV1XL411C7TR/?share_source=copy_web&vd_source=dcc7ddeba31e59bccd51d29a07ff1565\n精二60"
    },
    "groups": [],
    "opers": [
        {
            "name": "伊芙利特",
            "skill": 2,
            "skill_usage": 0
        },
        {
            "name": "煌",
            "skill": 2,
            "skill_usage": 0
        },
        {
            "name": "银灰",
            "skill": 1,
            "skill_usage": 0
        }
    ]
}