{
    "minimum_required": "v4.0.0",
    "stage_name": "main_04-07",
    "actions": [
        {
            "type": "SpeedUp"
        },
        {
            "type": "Deploy",
            "name": "拉普兰德",
            "location": [
                3,
                3
            ],
            "direction": "Right"
        },
        {
            "type": "Deploy",
            "name": "角峰",
            "location": [
                2,
                4
            ],
            "direction": "Right"
        },
        {
            "type": "Deploy",
            "name": "安比尔",
            "location": [
                3,
                2
            ],
            "direction": "Down"
        },
        {
            "type": "Deploy",
            "name": "流明",
            "location": [
                1,
                5
            ],
            "direction": "Right"
        },
        {
            "type": "Deploy",
            "name": "狙击",
            "location": [
                1,
                5
            ],
            "direction": "Up",
            "kills": 17
        },
        {
            "type": "Skill",
            "name": "安比尔",
            "kills": 29
        },
        {
            "type": "SkillDaemon"
        },
        {
            "type": "Output"
        }
    ],
    "doc": {
        "title": "安比尔模组任务-便携雷达的辅助器材",
        "details": "统计日期：2024-05-31\n好评率：50.0%  浏览量：71\n来源：Ambriel  ID：24483\n3星通关主题曲4-7；必须编入非助战安比尔并上场，且使用安比尔至少歼灭6只高能源石虫"
    },
    "groups": [
        {
            "name": "狙击",
            "opers": [
                {
                    "name": "空弦",
                    "skill": 1,
                    "skill_usage": 0
                },
                {
                    "name": "寒芒克洛丝",
                    "skill": 1,
                    "skill_usage": 0
                },
                {
                    "name": "克洛丝",
                    "skill": 1,
                    "skill_usage": 0
                },
                {
                    "name": "灰喉",
                    "skill": 1,
                    "skill_usage": 0
                },
                {
                    "name": "灰烬",
                    "skill": 1,
                    "skill_usage": 0
                },
                {
                    "name": "安德切尔",
                    "skill": 1,
                    "skill_usage": 0
                },
                {
                    "name": "蓝毒",
                    "skill": 1,
                    "skill_usage": 0
                },
                {
                    "name": "杰西卡",
                    "skill": 1,
                    "skill_usage": 0
                },
                {
                    "name": "能天使",
                    "skill": 1,
                    "skill_usage": 0
                },
                {
                    "name": "梅",
                    "skill": 1,
                    "skill_usage": 0
                },
                {
                    "name": "流星",
                    "skill": 1,
                    "skill_usage": 0
                },
                {
                    "name": "红云",
                    "skill": 1,
                    "skill_usage": 0
                },
                {
                    "name": "白金",
                    "skill": 1,
                    "skill_usage": 0
                }
            ]
        }
    ],
    "opers": [
        {
            "name": "安比尔",
            "skill": 2,
            "skill_usage": 0
        },
        {
            "name": "拉普兰德",
            "skill": 1,
            "skill_usage": 0
        },
        {
            "name": "角峰",
            "skill": 1,
            "skill_usage": 1
        },
        {
            "name": "流明",
            "skill": 3,
            "skill_usage": 2
        }
    ],
    "difficulty": 0
}