{
    "minimum_required": "v4.0.0",
    "stage_name": "act18side_04",
    "actions": [
        {
            "type": "Deploy",
            "name": "深律",
            "location": [
                8,
                5
            ],
            "direction": "Right"
        },
        {
            "type": "SpeedUp"
        },
        {
            "type": "Deploy",
            "name": "煌",
            "location": [
                7,
                5
            ],
            "direction": "Right"
        }
    ],
    "doc": {
        "title": "深律模组任务 - LE-4 - 受赐玩物",
        "details": "作业更新日期: 2024-07-07T01:42:40Z\n统计更新日期: 2024-11-30\n好评率：50.0%  浏览量：55\n来源：一只摆烂的42  ID：39178\n深律「受赐玩物」模组任务\n3星通关别传LE-4；必须编入非助战深律并上场，且所有干员不被击倒\n原视频：https://www.bilibili.com/video/BV1iN4y1Y7tL/\n制作者：一只摆烂的42\n有问题联系QQ2586582719\n修改自用请删除我的QQ"
    },
    "groups": [],
    "opers": [
        {
            "name": "煌",
            "skill": 2,
            "skill_usage": 0
        },
        {
            "name": "深律",
            "skill": 1,
            "skill_usage": 0
        },
        {
            "name": "德克萨斯",
            "skill": 1,
            "skill_usage": 0
        }
    ]
}