{
    "minimum_required": "v4.0.0",
    "stage_name": "main_09-05",
    "actions": [
        {
            "type": "SpeedUp"
        },
        {
            "type": "Deploy",
            "name": "白铁",
            "location": [
                1,
                5
            ],
            "direction": "Up"
        },
        {
            "type": "Deploy",
            "name": "煌",
            "location": [
                1,
                6
            ],
            "direction": "Right"
        },
        {
            "type": "Deploy",
            "name": "铁钳号·原型机",
            "location": [
                1,
                4
            ],
            "direction": "Up"
        },
        {
            "type": "Deploy",
            "name": "奶",
            "location": [
                2,
                5
            ],
            "direction": "Left"
        },
        {
            "type": "Deploy",
            "name": "铁钳号·原型机",
            "location": [
                2,
                6
            ],
            "direction": "Up"
        },
        {
            "type": "Skill",
            "name": "白铁",
            "kills": 41
        },
        {
            "type": "Deploy",
            "name": "铁钳号·原型机",
            "location": [
                2,
                6
            ],
            "direction": "Up"
        }
    ],
    "doc": {
        "title": "白铁模组任务 - 9-6（标准） - 海布里印记",
        "details": "作业更新日期: 2024-10-09T13:58:22Z\n统计更新日期: 2024-10-09\n好评率：100.0%  浏览量：5\n来源：一只摆烂的42  ID：42311\n白铁「海布里印记」模组任务\n3星通关主题曲9-6标准实战环境；必须编入非助战白铁并上场，且使用白铁至少歼灭10个敌人\nUP：涂绘天菜\n原视频：https://www.bilibili.com/video/BV1592AY4Eac/\n制作者：一只摆烂的42\n有问题联系QQ2586582719\n修改自用请删除我的QQ"
    },
    "groups": [
        {
            "name": "奶",
            "opers": [
                {
                    "name": "纯烬艾雅法拉",
                    "skill": 1,
                    "skill_usage": 0
                },
                {
                    "name": "闪灵",
                    "skill": 2,
                    "skill_usage": 0
                },
                {
                    "name": "夜莺",
                    "skill": 2,
                    "skill_usage": 0
                }
            ]
        }
    ],
    "opers": [
        {
            "name": "白铁",
            "skill": 3,
            "skill_usage": 0
        },
        {
            "name": "煌",
            "skill": 2,
            "skill_usage": 0
        }
    ],
    "difficulty": 1
}