{
    "minimum_required": "v4.0.0",
    "stage_name": "mem_mizuki_1",
    "actions": [
        {
            "type": "SpeedUp"
        },
        {
            "type": "Deploy",
            "name": "水月",
            "location": [
                5,
                3
            ],
            "direction": "Right"
        },
        {
            "type": "Deploy",
            "name": "斑点",
            "location": [
                3,
                2
            ],
            "direction": "Right"
        },
        {
            "type": "Deploy",
            "name": "卡缇",
            "location": [
                8,
                3
            ],
            "direction": "Left"
        },
        {
            "type": "Deploy",
            "name": "米格鲁",
            "location": [
                3,
                4
            ],
            "direction": "Right"
        },
        {
            "type": "Skill",
            "name": "水月",
            "location": [
                5,
                3
            ],
            "costs": 56
        },
        {
            "type": "Skill",
            "name": "水月",
            "location": [
                5,
                3
            ],
            "kills": 62,
            "pre_delay": 1000
        },
        {
            "type": "SkillDaemon"
        }
    ],
    "doc": {
        "title": "特种 - 水月 - 进化的佯谬",
        "details": "——————————\n作业更新日期: 2025-01-24T14:55:37Z\n统计更新日期: 2025-07-29\n好评率：90.0%  浏览量：831\n来源：紫水晶的辅助  ID：45831\n——————————\n水月精二一级。七级三技能)"
    },
    "groups": [],
    "opers": [
        {
            "name": "水月",
            "skill": 3,
            "skill_usage": 0
        },
        {
            "name": "斑点",
            "skill": 1,
            "skill_usage": 0
        },
        {
            "name": "米格鲁",
            "skill": 1,
            "skill_usage": 0
        },
        {
            "name": "卡缇",
            "skill": 1,
            "skill_usage": 0
        }
    ]
}