{
    "actions": [
        {
            "type": "二倍速"
        },
        {
            "type": "部署",
            "name": "推进之王",
            "location": [
                7,
                4
            ],
            "direction": "上"
        },
        {
            "type": "部署",
            "name": "煌",
            "location": [
                6,
                3
            ],
            "direction": "右"
        },
        {
            "type": "部署",
            "name": "塞雷娅",
            "location": [
                6,
                4
            ],
            "direction": "右"
        },
        {
            "type": "摆完挂机"
        }
    ],
    "opers": [
        {
            "name": "煌",
            "skill": 2,
            "skill_usage": 1
        },
        {
            "name": "塞雷娅",
            "skill": 1,
            "skill_usage": 1
        },
        {
            "name": "推进之王",
            "skill": 2,
            "skill_usage": 1
        }
    ],
    "stage_name": "WR-4",
    "doc": {
        "title": "WR-4",
        "details": "推荐练度精二60级以上\n参考b站up主侬无言以对所做视频"
    },
    "groups": [],
    "minimum_required": "v4.0"
}