{
    "actions": [
        {
            "type": "二倍速"
        },
        {
            "type": "部署",
            "name": "煌",
            "location": [
                6,
                4
            ],
            "direction": "上"
        },
        {
            "type": "部署",
            "name": "塞雷娅",
            "location": [
                5,
                2
            ],
            "direction": "右"
        },
        {
            "type": "部署",
            "name": "艾雅法拉",
            "location": [
                6,
                3
            ],
            "direction": "右"
        },
        {
            "type": "摆完挂机"
        }
    ],
    "opers": [
        {
            "name": "煌",
            "skill": 2,
            "skill_usage": 1
        },
        {
            "name": "艾雅法拉",
            "skill": 2,
            "skill_usage": 1
        },
        {
            "name": "塞雷娅",
            "skill": 2,
            "skill_usage": 1
        }
    ],
    "stage_name": "act16d5_09",
    "doc": {
        "title": "WR-9",
        "details": "推荐练度精二60\n参考b站up主侬无言以对的视频"
    }
}