{
    "minimum_required": "v4.0",
    "doc": {
        "title": "WR-EX-8突袭十人",
        "details": "UP：萧然Q\n原视频：https://www.bilibili.com/video/av680605405?p=21\n有问题联系制作者QQ2586582719"
    },
    "stage_name": "WR-EX-8",
    "opers": [
        {
            "name": "德克萨斯",
            "skill": 1,
            "skill_usage": 1
        },
        {
            "name": "推进之王",
            "skill": 2,
            "skill_usage": 0
        },
        {
            "name": "拉普兰德",
            "skill": 2,
            "skill_usage": 1
        },
        {
            "name": "史尔特尔",
            "skill": 3,
            "skill_usage": 0
        },
        {
            "name": "塞雷娅",
            "skill": 3,
            "skill_usage": 0
        },
        {
            "name": "艾雅法拉",
            "skill": 2,
            "skill_usage": 0
        },
        {
            "name": "伊芙利特",
            "skill": 3,
            "skill_usage": 0
        },
        {
            "name": "夜莺",
            "skill": 2,
            "skill_usage": 0
        },
        {
            "name": "闪灵",
            "skill": 2,
            "skill_usage": 0
        },
        {
            "name": "砾",
            "skill": 2,
            "skill_usage": 0
        }
    ],
    "actions": [
        {
            "type": "二倍速",
            "name": ""
        },
        {
            "type": "部署",
            "name": "推进之王",
            "location": [
                4,
                3
            ],
            "direction": "右"
        },
        {
            "type": "部署",
            "name": "德克萨斯",
            "location": [
                6,
                3
            ],
            "direction": "左"
        },
        {
            "type": "部署",
            "name": "塞雷娅",
            "location": [
                2,
                5
            ],
            "direction": "左"
        },
        {
            "type": "部署",
            "name": "史尔特尔",
            "location": [
                1,
                4
            ],
            "direction": "下"
        },
        {
            "type": "技能",
            "kills": 11,
            "name": "史尔特尔"
        },
        {
            "type": "技能",
            "name": "塞雷娅"
        },
        {
            "type": "部署",
            "name": "伊芙利特",
            "location": [
                5,
                2
            ],
            "direction": "下"
        },
        {
            "type": "部署",
            "name": "夜莺",
            "location": [
                5,
                4
            ],
            "direction": "左"
        },
        {
            "type": "部署",
            "name": "艾雅法拉",
            "location": [
                7,
                6
            ],
            "direction": "左"
        },
        {
            "type": "撤退",
            "kills": 15,
            "name": "塞雷娅",
            "location": [
                2,
                5
            ]
        },
        {
            "type": "撤退",
            "name": "史尔特尔",
            "location": [
                1,
                4
            ]
        },
        {
            "type": "部署",
            "name": "砾",
            "location": [
                9,
                4
            ],
            "direction": "左"
        },
        {
            "type": "部署",
            "name": "拉普兰德",
            "location": [
                6,
                5
            ],
            "direction": "左"
        },
        {
            "type": "部署",
            "name": "闪灵",
            "location": [
                7,
                4
            ],
            "direction": "下"
        },
        {
            "type": "技能",
            "kills": 19,
            "name": "伊芙利特"
        },
        {
            "type": "部署",
            "name": "塞雷娅",
            "location": [
                4,
                5
            ],
            "direction": "右"
        },
        {
            "type": "撤退",
            "name": "砾",
            "location": [
                9,
                4
            ]
        },
        {
            "type": "部署",
            "name": "史尔特尔",
            "location": [
                3,
                5
            ],
            "direction": "左"
        }
    ]
}