{
    "minimum_required": "v4.0.0",
    "stage_name": "main_07-06",
    "actions": [
        {
            "type": "SpeedUp"
        },
        {
            "type": "Deploy",
            "name": "煌",
            "location": [
                5,
                2
            ],
            "direction": "Down"
        },
        {
            "type": "Deploy",
            "name": "山",
            "location": [
                6,
                4
            ],
            "direction": "Left"
        },
        {
            "type": "Deploy",
            "name": "布洛卡",
            "location": [
                8,
                2
            ],
            "direction": "Left"
        },
        {
            "type": "SkillDaemon"
        }
    ],
    "doc": {
        "title": "布洛卡模组任务 - 7-8 - “兄弟”",
        "details": "作业更新日期: 2024-07-06T11:48:05Z\n统计更新日期: 2024-11-30\n好评率：100.0%  浏览量：57\n来源：一只摆烂的42  ID：39143\n布洛卡「“兄弟”」模组任务\n3星通关主题曲7-8；必须编入非助战布洛卡并上场，且至少使用2次高压电流\n思路BY：一只摆烂的42\nhttps://www.bilibili.com/video/BV1keaMeeE1o/\n制作者：一只摆烂的42\n有问题联系QQ2586582719\n修改自用请删除我的QQ"
    },
    "groups": [],
    "opers": [
        {
            "name": "布洛卡",
            "skill": 2,
            "skill_usage": 1
        },
        {
            "name": "煌",
            "skill": 2,
            "skill_usage": 0
        },
        {
            "skill_times": 1,
            "name": "山",
            "skill": 2,
            "skill_usage": 2
        }
    ],
    "difficulty": 1
}