{
    "minimum_required": "v4.0.0",
    "stage_name": "main_01-03",
    "actions": [
        {
            "type": "SpeedUp"
        },
        {
            "type": "Deploy",
            "name": "先锋1",
            "location": [
                4,
                1
            ],
            "direction": "Right"
        },
        {
            "type": "Deploy",
            "name": "先锋2",
            "location": [
                4,
                5
            ],
            "direction": "Right"
        },
        {
            "type": "Deploy",
            "name": "承曦格雷伊",
            "location": [
                4,
                3
            ],
            "direction": "Right"
        }
    ],
    "doc": {
        "title": "承曦格雷伊模组任务 - 1-3 - 新型电控设备技术原型",
        "details": "作业更新日期: 2024-07-07T02:07:09Z\n统计更新日期: 2024-11-30\n好评率：100.0%  浏览量：231\n来源：一只摆烂的42  ID：39162\n承曦格雷伊「新型电控设备技术原型」模组任务\n3星通关主题曲1-3；必须编入非助战承曦格雷伊并上场，其他成员仅可编入先锋干员\n原视频：https://www.bilibili.com/video/BV1Pa4y1G7Rr/\n制作者：一只摆烂的42\n有问题联系QQ2586582719\n修改自用请删除我的QQ"
    },
    "groups": [
        {
            "name": "先锋1",
            "opers": [
                {
                    "name": "风笛",
                    "skill": 2,
                    "skill_usage": 0
                },
                {
                    "name": "推进之王",
                    "skill": 2,
                    "skill_usage": 0
                },
                {
                    "name": "焰尾",
                    "skill": 1,
                    "skill_usage": 0
                },
                {
                    "name": "德克萨斯",
                    "skill": 1,
                    "skill_usage": 0
                },
                {
                    "name": "嵯峨",
                    "skill": 1,
                    "skill_usage": 0
                },
                {
                    "name": "伊内丝",
                    "skill": 1,
                    "skill_usage": 0
                },
                {
                    "name": "晓歌",
                    "skill": 1,
                    "skill_usage": 0
                }
            ]
        },
        {
            "name": "先锋2",
            "opers": [
                {
                    "name": "风笛",
                    "skill": 2,
                    "skill_usage": 0
                },
                {
                    "name": "推进之王",
                    "skill": 2,
                    "skill_usage": 0
                },
                {
                    "name": "焰尾",
                    "skill": 1,
                    "skill_usage": 0
                },
                {
                    "name": "德克萨斯",
                    "skill": 1,
                    "skill_usage": 0
                },
                {
                    "name": "嵯峨",
                    "skill": 1,
                    "skill_usage": 0
                },
                {
                    "name": "伊内丝",
                    "skill": 1,
                    "skill_usage": 0
                },
                {
                    "name": "晓歌",
                    "skill": 1,
                    "skill_usage": 0
                }
            ]
        }
    ],
    "opers": [
        {
            "name": "承曦格雷伊",
            "skill": 2,
            "skill_usage": 0
        }
    ]
}