{
    "minimum_required": "v4.0.0",
    "stage_name": "act21side_07",
    "actions": [
        {
            "type": "Deploy",
            "name": "艾雅法拉",
            "location": [
                1,
                3
            ],
            "direction": "Right"
        },
        {
            "type": "Deploy",
            "name": "斥罪",
            "location": [
                2,
                2
            ],
            "direction": "Down"
        },
        {
            "type": "SpeedUp"
        },
        {
            "type": "SkillDaemon"
        }
    ],
    "doc": {
        "title": "叙拉古人 - IS-7 - 何以忘却【斥罪模组任务（二模）】",
        "details": "作业更新日期: 2024-06-07T09:47:30Z\n统计更新日期: 2024-11-30\n好评率：80.0%  浏览量：494\n来源：小卡拉帕鲁灰  ID：38296\n战斗中非助战斥罪累计使用披荆斩棘5次\n3星通关别传IS-7；必须编入非助战斥罪并上场，且不编入其他医疗干员"
    },
    "groups": [],
    "opers": [
        {
            "name": "斥罪",
            "skill": 3,
            "skill_usage": 1
        },
        {
            "name": "艾雅法拉",
            "skill": 2,
            "skill_usage": 0
        }
    ]
}