{
    "minimum_required": "v4.0.0",
    "stage_name": "act18d3_06",
    "actions": [
        {
            "type": "Deploy",
            "name": "棘刺",
            "location": [
                4,
                2
            ],
            "direction": "Right"
        },
        {
            "type": "Deploy",
            "name": "【尖兵】",
            "location": [
                6,
                1
            ],
            "direction": "Down"
        },
        {
            "type": "SpeedUp"
        },
        {
            "type": "Deploy",
            "name": "泥岩",
            "location": [
                1,
                2
            ],
            "direction": "Up"
        },
        {
            "type": "Deploy",
            "name": "行医",
            "location": [
                3,
                2
            ],
            "direction": "Right"
        },
        {
            "type": "Deploy",
            "name": "能天使",
            "location": [
                3,
                1
            ],
            "direction": "Right"
        },
        {
            "type": "Deploy",
            "name": "号角",
            "location": [
                5,
                2
            ],
            "direction": "Right"
        },
        {
            "type": "Retreat",
            "name": "能天使",
            "location": [
                3,
                1
            ],
            "kills": 30
        },
        {
            "type": "SkillDaemon"
        }
    ],
    "doc": {
        "title": "覆潮之下·复刻 - SV-6 - 厌食【棘刺模组任务】",
        "details": "作业更新日期: 2024-10-30T13:59:26Z\n统计更新日期: 2024-11-30\n好评率：100.0%  浏览量：694\n来源：XinMo  ID：42918\n由非助战棘刺累计造成100000点伤害 \n3星通关插曲SV-6；必须编入非助战棘刺并上场，且使用棘刺至少歼灭20个敌人\n"
    },
    "groups": [
        {
            "name": "行医",
            "opers": [
                {
                    "name": "桑葚",
                    "skill": 1,
                    "skill_usage": 0
                },
                {
                    "name": "蜜莓",
                    "skill": 1,
                    "skill_usage": 0
                }
            ]
        },
        {
            "name": "【尖兵】",
            "opers": [
                {
                    "name": "嵯峨",
                    "skill": 1,
                    "skill_usage": 1
                },
                {
                    "name": "推进之王",
                    "skill": 2,
                    "skill_usage": 0
                },
                {
                    "name": "德克萨斯",
                    "skill": 1,
                    "skill_usage": 1
                }
            ]
        }
    ],
    "opers": [
        {
            "name": "棘刺",
            "skill": 3,
            "skill_usage": 1
        },
        {
            "name": "泥岩",
            "skill": 2,
            "skill_usage": 0
        },
        {
            "name": "号角",
            "skill": 1,
            "skill_usage": 0
        },
        {
            "name": "能天使",
            "skill": 3,
            "skill_usage": 0
        }
    ]
}