{
    "minimum_required": "v4.0.0",
    "actions": [
        {
            "type": "SpeedUp"
        },
        {
            "type": "Deploy",
            "name": "煌",
            "location": [
                8,
                5
            ],
            "direction": "Left"
        },
        {
            "type": "Deploy",
            "name": "闪灵",
            "location": [
                7,
                4
            ],
            "direction": "Right"
        },
        {
            "type": "Deploy",
            "name": "森蚺",
            "location": [
                10,
                3
            ],
            "direction": "Up"
        },
        {
            "type": "Output",
            "doc_color": "#6f42c1",
            "doc": "给个好评吧，亲~"
        }
    ],
    "doc": {
        "title": "森蚺模组摆完挂机-祖玛玛的工具箱",
        "details": "作业更新日期: 2023-02-18T00:53:51Z\n统计更新日期: 2024-11-30\n好评率：100.0%  浏览量：392\n来源：作业代传——有问题联系原作者  ID：20946\n侬无言以对模组任务摆完挂机合集:BV1wU4y177Qu\n3星通关别传RI-EX-4；必须编入非助战森蚺并上场，且使用森蚺歼灭至少1个提亚卡乌冠军\n筱竹聽雨"
    },
    "groups": [],
    "opers": [
        {
            "name": "煌",
            "skill": 2,
            "skill_usage": 0
        },
        {
            "name": "闪灵",
            "skill": 2,
            "skill_usage": 0
        },
        {
            "name": "森蚺",
            "skill": 1,
            "skill_usage": 0
        }
    ],
    "stage_name": "act12d0_ex04"
}