{
    "minimum_required": "v4.0.0",
    "actions": [
        {
            "type": "SpeedUp"
        },
        {
            "type": "Deploy",
            "name": "蓝毒",
            "location": [
                3,
                4
            ],
            "direction": "Right"
        },
        {
            "type": "Deploy",
            "name": "流星",
            "location": [
                8,
                6
            ],
            "direction": "Up"
        },
        {
            "type": "Deploy",
            "name": "推进之王",
            "location": [
                8,
                5
            ],
            "direction": "Left"
        },
        {
            "type": "Output",
            "doc_color": "#6f42c1",
            "doc": "给个好评吧，亲~"
        }
    ],
    "doc": {
        "title": "流星模组摆完挂机-猎刀",
        "details": "作业更新日期: 2023-02-18T00:53:50Z\n统计更新日期: 2024-11-30\n好评率：85.71%  浏览量：118\n来源：作业代传——有问题联系原作者  ID：20925\n侬无言以对模组任务摆完挂机合集:BV1wU4y177Qu\n3星通关主题曲2-7；必须编入非助战流星并上场，且使用流星歼灭至少2个御4\n筱竹聽雨"
    },
    "groups": [],
    "opers": [
        {
            "name": "蓝毒",
            "skill": 1,
            "skill_usage": 0
        },
        {
            "name": "推进之王",
            "skill": 2,
            "skill_usage": 0
        },
        {
            "name": "流星",
            "skill": 1,
            "skill_usage": 0
        }
    ],
    "stage_name": "main_02-07"
}