{
    "minimum_required": "v4.0.0",
    "stage_name": "act9d0_ex01",
    "actions": [
        {
            "type": "Deploy",
            "name": "煌",
            "location": [
                4,
                3
            ],
            "direction": "Down"
        },
        {
            "type": "Deploy",
            "name": "塞or黍",
            "location": [
                4,
                1
            ],
            "direction": "Down"
        },
        {
            "type": "SpeedUp"
        },
        {
            "type": "Deploy",
            "name": "艾拉",
            "location": [
                4,
                2
            ],
            "direction": "Left"
        },
        {
            "type": "Deploy",
            "name": "雷鸣地雷",
            "location": [
                3,
                4
            ],
            "direction": "None"
        },
        {
            "type": "Deploy",
            "name": "医疗",
            "location": [
                5,
                2
            ],
            "direction": "Left"
        },
        {
            "type": "Deploy",
            "name": "雷鸣地雷",
            "location": [
                4,
                4
            ],
            "direction": "None"
        },
        {
            "type": "Deploy",
            "name": "骗捆工具人",
            "location": [
                3,
                2
            ],
            "direction": "Left"
        },
        {
            "type": "Deploy",
            "name": "雷鸣地雷",
            "location": [
                5,
                1
            ],
            "direction": "None"
        },
        {
            "type": "Deploy",
            "name": "雷鸣地雷",
            "location": [
                3,
                1
            ],
            "direction": "None"
        },
        {
            "type": "Deploy",
            "name": "雷鸣地雷",
            "location": [
                3,
                1
            ],
            "direction": "None"
        },
        {
            "type": "Deploy",
            "name": "雷鸣地雷",
            "location": [
                3,
                1
            ],
            "direction": "None"
        },
        {
            "type": "Deploy",
            "name": "雷鸣地雷",
            "location": [
                3,
                1
            ],
            "direction": "None"
        },
        {
            "type": "Deploy",
            "name": "雷鸣地雷",
            "location": [
                3,
                1
            ],
            "direction": "None"
        },
        {
            "type": "Deploy",
            "name": "雷鸣地雷",
            "location": [
                3,
                1
            ],
            "direction": "None"
        },
        {
            "type": "Deploy",
            "name": "雷鸣地雷",
            "location": [
                3,
                1
            ],
            "direction": "None"
        },
        {
            "type": "Deploy",
            "name": "雷鸣地雷",
            "location": [
                3,
                1
            ],
            "direction": "None"
        },
        {
            "type": "SkillDaemon"
        }
    ],
    "doc": {
        "title": "生于黑夜·复刻 - DM-EX-1 - 交锋【艾拉模组任务】",
        "details": "作业更新日期: 2024-03-08T12:11:33Z\n统计更新日期: 2024-11-30\n好评率：92.98%  浏览量：2216\n来源：小卡拉帕鲁灰  ID：34717\n任务要求：艾拉击杀两个冲刺哥\n新干员可能无法识别，可以用自动编队试水，不推荐开服就用\n已测试"
    },
    "groups": [
        {
            "name": "塞or黍",
            "opers": [
                {
                    "name": "塞雷娅"
                },
                {
                    "name": "黍"
                }
            ]
        },
        {
            "name": "骗捆工具人",
            "opers": [
                {
                    "name": "卡涅利安",
                    "skill": 3,
                    "skill_usage": 0
                },
                {
                    "name": "薄绿"
                },
                {
                    "name": "蜜蜡"
                },
                {
                    "name": "林",
                    "skill": 3,
                    "skill_usage": 0
                }
            ]
        },
        {
            "name": "医疗",
            "opers": [
                {
                    "name": "纯烬艾雅法拉",
                    "skill": 1,
                    "skill_usage": 0
                },
                {
                    "name": "闪灵",
                    "skill": 2,
                    "skill_usage": 0
                },
                {
                    "name": "流明",
                    "skill": 3,
                    "skill_usage": 1
                }
            ]
        }
    ],
    "opers": [
        {
            "name": "艾拉",
            "skill": 3,
            "skill_usage": 1
        },
        {
            "name": "煌",
            "skill": 2,
            "skill_usage": 0
        }
    ],
    "difficulty": 1
}