{
    "minimum_required": "v4.0.0",
    "stage_name": "a003_05",
    "actions": [
        {
            "type": "SpeedUp"
        },
        {
            "type": "Deploy",
            "name": "塞雷娅",
            "location": [
                9,
                3
            ],
            "direction": "Left"
        },
        {
            "type": "Deploy",
            "name": "艾雅法拉",
            "location": [
                8,
                2
            ],
            "direction": "Left"
        },
        {
            "type": "Output",
            "doc_color": "#6f42c1",
            "doc": "给个好评吧，亲~"
        }
    ],
    "doc": {
        "title": "艾雅法拉模组摆完挂机-“错过的声音”",
        "details": "作业更新日期: 2023-02-18T00:53:48Z\n统计更新日期: 2024-11-30\n好评率：100.0%  浏览量：1931\n来源：作业代传——有问题联系原作者  ID：20841\n侬无言以对模组任务摆完挂机合集:BV1wU4y177Qu\n3星通关别传OF-5；必须编入非助战艾雅法拉并上场，其他成员仅可编入3名干员\n筱竹聽雨"
    },
    "groups": [],
    "opers": [
        {
            "name": "塞雷娅",
            "skill": 1,
            "skill_usage": 0
        },
        {
            "name": "艾雅法拉",
            "skill": 2,
            "skill_usage": 0
        }
    ]
}