{
    "minimum_required": "v4.0.0",
    "stage_name": "act15side_08",
    "actions": [
        {
            "type": "SpeedUp"
        },
        {
            "type": "Deploy",
            "name": "黑角",
            "location": [
                2,
                6
            ],
            "direction": "Up"
        },
        {
            "type": "Deploy",
            "name": "伊桑",
            "location": [
                3,
                6
            ],
            "direction": "Left"
        },
        {
            "type": "Deploy",
            "name": "送葬人",
            "location": [
                4,
                5
            ],
            "direction": "Left"
        },
        {
            "type": "Deploy",
            "name": "山",
            "location": [
                3,
                4
            ],
            "direction": "Up"
        },
        {
            "type": "SkillDaemon"
        }
    ],
    "doc": {
        "title": "送葬人模组任务 - IW-8 - 执行者随身包",
        "details": "作业更新日期: 2024-08-11T00:43:10Z\n统计更新日期: 2024-11-30\n好评率：80.0%  浏览量：61\n来源：一只摆烂的42  ID：40157\n送葬人「执行者随身包」模组任务\n3星通关别传IW-8；必须编入非助战送葬人并上场，且使用送葬人至少歼灭30个敌人\n原视频：https://www.bilibili.com/video/BV1joaveeEPJ/\n制作者：一只摆烂的42\n有问题联系QQ2586582719\n修改自用请删除我的QQ"
    },
    "groups": [],
    "opers": [
        {
            "name": "送葬人",
            "skill": 2,
            "skill_usage": 1
        },
        {
            "skill_times": 1,
            "name": "山",
            "skill": 2,
            "skill_usage": 2
        },
        {
            "name": "伊桑",
            "skill": 1,
            "skill_usage": 0
        },
        {
            "name": "黑角",
            "skill": 1,
            "skill_usage": 0
        }
    ]
}