{
    "minimum_required": "v4.0.0",
    "stage_name": "main_03-08",
    "actions": [
        {
            "type": "Deploy",
            "name": "能天使",
            "location": [
                6,
                3
            ],
            "direction": "Left"
        },
        {
            "type": "SpeedUp"
        },
        {
            "type": "Deploy",
            "name": "煌",
            "location": [
                8,
                3
            ],
            "direction": "Down"
        },
        {
            "type": "Deploy",
            "name": "重装",
            "location": [
                9,
                4
            ],
            "direction": "Left"
        },
        {
            "type": "Deploy",
            "name": "阿米娅",
            "location": [
                9,
                1
            ],
            "direction": "Down"
        }
    ],
    "doc": {
        "title": "阿米娅(医疗)模组任务 - 3-8 - 带有灼痕的裙子",
        "details": "作业更新日期: 2024-10-20T00:27:39Z\n统计更新日期: 2024-11-30\n好评率：75.0%  浏览量：171\n来源：一只摆烂的42  ID：42635\n阿米娅(医疗)「带有灼痕的裙子」模组任务\n3星通关主题曲3-8；必须编入非助战医疗职业的阿米娅并上场，且不编入其他医疗干员\n需关闭自动编队并手动编入医疗阿米娅\n原视频：https://www.bilibili.com/video/BV1zw4m1i72D/\n制作者：一只摆烂的42\n有问题联系QQ2586582719\n修改自用请删除我的QQ"
    },
    "groups": [
        {
            "name": "重装",
            "opers": [
                {
                    "name": "塞雷娅",
                    "skill": 1,
                    "skill_usage": 0
                },
                {
                    "name": "黍",
                    "skill": 1,
                    "skill_usage": 0
                },
                {
                    "name": "星熊",
                    "skill": 2,
                    "skill_usage": 0
                },
                {
                    "name": "年",
                    "skill": 1,
                    "skill_usage": 0
                },
                {
                    "name": "蛇屠箱",
                    "skill": 1,
                    "skill_usage": 0
                },
                {
                    "name": "黑角",
                    "skill": 1,
                    "skill_usage": 0
                }
            ]
        }
    ],
    "opers": [
        {
            "name": "能天使",
            "skill": 3,
            "skill_usage": 0
        },
        {
            "name": "煌",
            "skill": 2,
            "skill_usage": 0
        },
        {
            "name": "阿米娅",
            "skill": 2,
            "skill_usage": 0
        }
    ],
    "difficulty": 1
}