{
    "minimum_required": "v4.0.0",
    "actions": [
        {
            "type": "SpeedUp"
        },
        {
            "type": "Deploy",
            "name": "煌",
            "location": [
                3,
                5
            ],
            "direction": "Up"
        },
        {
            "type": "Deploy",
            "name": "陈",
            "location": [
                7,
                1
            ],
            "direction": "Right"
        },
        {
            "type": "Deploy",
            "name": "塞雷娅",
            "location": [
                2,
                4
            ],
            "direction": "Right"
        },
        {
            "type": "Output",
            "doc_color": "#6f42c1",
            "doc": "给个好评吧，亲~"
        }
    ],
    "doc": {
        "title": "陈模组摆完挂机-罗德岛制式剑",
        "details": "作业更新日期: 2023-02-18T00:53:48Z\n统计更新日期: 2024-11-30\n好评率：100.0%  浏览量：411\n来源：作业代传——有问题联系原作者  ID：20859\n侬无言以对模组任务摆完挂机合集:BV1wU4y177Qu\n3星通关主题曲5-8；必须编入非助战陈并上场，且使用陈至少歼灭16名敌人\n筱竹聽雨"
    },
    "groups": [],
    "opers": [
        {
            "name": "煌",
            "skill": 2,
            "skill_usage": 0
        },
        {
            "name": "塞雷娅",
            "skill": 1,
            "skill_usage": 0
        },
        {
            "name": "陈",
            "skill": 1,
            "skill_usage": 0
        }
    ],
    "stage_name": "main_05-08"
}