{
    "minimum_required": "v4.0.0",
    "actions": [
        {
            "type": "SpeedUp"
        },
        {
            "type": "Deploy",
            "name": "塞雷娅",
            "location": [
                8,
                4
            ],
            "direction": "Left"
        },
        {
            "type": "Deploy",
            "name": "黑键",
            "location": [
                6,
                5
            ],
            "direction": "Up"
        },
        {
            "type": "Deploy",
            "name": "银灰",
            "location": [
                9,
                4
            ],
            "direction": "Right"
        },
        {
            "type": "Output",
            "doc_color": "#6f42c1",
            "doc": "给个好评吧，亲~"
        }
    ],
    "doc": {
        "title": "黑键模组摆完挂机-源石骰子收纳盒",
        "details": "作业更新日期: 2023-02-18T00:53:49Z\n统计更新日期: 2024-11-30\n好评率：93.33%  浏览量：352\n来源：作业代传——有问题联系原作者  ID：20884\n侬无言以对模组任务摆完挂机合集:BV1wU4y177Qu\n3星通关主题曲3-7；必须编入非助战黑键并上场，且使用黑键歼灭至少1个重装防御组长\n筱竹聽雨"
    },
    "groups": [],
    "opers": [
        {
            "name": "塞雷娅",
            "skill": 2,
            "skill_usage": 0
        },
        {
            "name": "银灰",
            "skill": 1,
            "skill_usage": 0
        },
        {
            "name": "黑键",
            "skill": 1,
            "skill_usage": 0
        }
    ],
    "stage_name": "main_03-07"
}