{
    "minimum_required": "v4.0.0",
    "stage_name": "mem_hibisc_1",
    "actions": [
        {
            "type": "SpeedUp"
        },
        {
            "type": "Deploy",
            "name": "米格鲁",
            "location": [
                2,
                3
            ],
            "direction": "Right"
        },
        {
            "type": "Deploy",
            "name": "芙蓉",
            "location": [
                1,
                2
            ],
            "direction": "Right"
        },
        {
            "type": "Skill",
            "name": "芙蓉",
            "location": [
                1,
                2
            ],
            "kills": 17
        },
        {
            "type": "Skill",
            "location": [
                5,
                3
            ],
            "kills": 23,
            "doc": "引爆柱子",
            "doc_color": "DarkRed"
        },
        {
            "type": "SkillDaemon"
        }
    ],
    "doc": {
        "title": "芙蓉-悖论模拟-“持续关注”",
        "details": "——————————\n作业更新日期: 2023-09-01T09:02:58Z\n统计更新日期: 2025-11-10\n相对评分：94.95%  相对热度：99.51%\n来源：VisualMod  ID：27396\n——————————\nMAA内测版已更新。\n芙蓉悖论模拟，6级技能。悖论模拟需要在MAA中关闭“自动编队”，在游戏中选好芙蓉一技能后处于“开始模拟”界面。\n参考：BV1gp4y1N7GP（努力摆烂的小嘉）；制作：VisualMod"
    },
    "groups": [],
    "opers": [
        {
            "name": "芙蓉",
            "skill": 1,
            "skill_usage": 0
        },
        {
            "name": "米格鲁",
            "skill": 1,
            "skill_usage": 0
        }
    ]
}