{
    "minimum_required": "v4.0.0",
    "stage_name": "mem_nowell_1",
    "actions": [
        {
            "type": "SpeedUp"
        },
        {
            "type": "Deploy",
            "name": "诺威尔",
            "location": [
                4,
                5
            ],
            "direction": "Up"
        },
        {
            "type": "Deploy",
            "name": "灰喉",
            "location": [
                4,
                4
            ],
            "direction": "Up"
        },
        {
            "type": "Skill",
            "name": "诺威尔",
            "location": [
                4,
                5
            ],
            "kills": 4,
            "pre_delay": 8000
        },
        {
            "type": "SkillUsage",
            "name": "诺威尔",
            "skill_usage": 1
        },
        {
            "type": "SkillUsage",
            "name": "灰喉",
            "skill_usage": 1
        },
        {
            "type": "SkillDaemon"
        }
    ],
    "doc": {
        "title": "医疗 - 诺威尔 - 背后援手",
        "details": "——————————\n作业更新日期: 2025-11-03T14:40:31Z\n统计更新日期: 2025-11-06\n相对评分：100.0%  相对热度：100.0%\n来源：apricotoil  ID：74001\n——————————\n医疗 - 诺威尔 - 背后援手"
    },
    "groups": [],
    "opers": [
        {
            "name": "诺威尔",
            "skill": 2,
            "skill_usage": 0
        },
        {
            "name": "灰喉",
            "skill": 2,
            "skill_usage": 0
        }
    ]
}