{
    "minimum_required": "v4.0.0",
    "stage_name": "mem_vigna_1",
    "actions": [
        {
            "type": "Deploy",
            "name": "红豆",
            "location": [
                4,
                5
            ],
            "direction": "Up"
        },
        {
            "type": "Deploy",
            "name": "安赛尔",
            "location": [
                3,
                3
            ],
            "direction": "Down"
        },
        {
            "type": "Deploy",
            "name": "夜刀",
            "location": [
                3,
                5
            ],
            "costs": 5,
            "direction": "Left"
        },
        {
            "type": "Deploy",
            "name": "芙蓉",
            "location": [
                5,
                3
            ],
            "direction": "Down",
            "costs": 15
        },
        {
            "type": "Skill",
            "name": "红豆",
            "location": [
                4,
                5
            ],
            "cost_changes": 12
        },
        {
            "type": "Deploy",
            "name": "轰隆隆先生",
            "location": [
                4,
                4
            ],
            "direction": "Up",
            "cost_changes": 0
        },
        {
            "type": "Skill",
            "name": "安赛尔",
            "location": [
                3,
                3
            ],
            "cost_changes": 4
        },
        {
            "type": "Skill",
            "name": "芙蓉",
            "location": [
                5,
                3
            ],
            "cost_changes": 0
        },
        {
            "type": "Deploy",
            "name": "黑角",
            "location": [
                4,
                3
            ],
            "costs": 12,
            "direction": "Up"
        },
        {
            "type": "Skill",
            "name": "红豆",
            "location": [
                4,
                5
            ],
            "cost_changes": 7
        },
        {
            "type": "Skill",
            "name": "芙蓉",
            "location": [
                5,
                3
            ]
        },
        {
            "type": "Skill",
            "name": "安赛尔",
            "location": [
                3,
                3
            ]
        },
        {
            "type": "Deploy",
            "name": "轰隆隆先生",
            "location": [
                4,
                4
            ],
            "direction": "Up",
            "cost_changes": 0
        },
        {
            "type": "Deploy",
            "name": "轰隆隆先生",
            "location": [
                4,
                4
            ],
            "direction": "None"
        },
        {
            "type": "Retreat",
            "name": "黑角",
            "location": [
                4,
                3
            ],
            "cost_changes": 2
        }
    ],
    "doc": {
        "title": "先锋 - 红豆 - 热情",
        "details": "——————————\n作业更新日期: 2024-07-13T07:45:00Z\n统计更新日期: 2025-08-30\n相对评分：51.519999999999996%  相对热度：46.01%\n来源：SBOO  ID：39431\n——————————\n修改自minglang\n我2507过了"
    },
    "groups": [],
    "opers": [
        {
            "name": "红豆",
            "skill": 2,
            "skill_usage": 0
        },
        {
            "name": "安赛尔",
            "skill": 1,
            "skill_usage": 0
        },
        {
            "name": "芙蓉",
            "skill": 1,
            "skill_usage": 0
        },
        {
            "name": "黑角",
            "skill": 1,
            "skill_usage": 0
        },
        {
            "name": "夜刀",
            "skill": 1,
            "skill_usage": 0
        },
        {
            "name": "轰隆隆先生",
            "skill": 1,
            "skill_usage": 0
        }
    ]
}