{
    "minimum_required": "v4.0.0",
    "stage_name": "wk_toxic_5",
    "actions": [
        {
            "type": "SpeedUp"
        },
        {
            "type": "Deploy",
            "name": "山",
            "location": [
                4,
                4
            ],
            "direction": "Right"
        },
        {
            "type": "Deploy",
            "name": "缄默德克萨斯",
            "location": [
                7,
                1
            ],
            "direction": "Down"
        },
        {
            "type": "Retreat",
            "name": "缄默德克萨斯",
            "location": [
                7,
                1
            ],
            "kills": 1
        },
        {
            "type": "Deploy",
            "name": "缄默德克萨斯",
            "location": [
                8,
                6
            ],
            "direction": "Right",
            "kills": 4,
            "cost_changes": 0,
            "pre_delay": 3500,
            "rear_delay": 0
        },
        {
            "type": "Retreat",
            "name": "缄默德克萨斯",
            "location": [
                8,
                6
            ],
            "kills": 9
        },
        {
            "type": "Deploy",
            "name": "缄默德克萨斯",
            "location": [
                7,
                1
            ],
            "direction": "Down"
        },
        {
            "type": "Retreat",
            "name": "缄默德克萨斯",
            "location": [
                7,
                1
            ],
            "kills": 11
        },
        {
            "type": "Deploy",
            "name": "缄默德克萨斯",
            "location": [
                8,
                6
            ],
            "direction": "Right",
            "kills": 15,
            "pre_delay": 1000,
            "rear_delay": 0
        },
        {
            "type": "Retreat",
            "name": "缄默德克萨斯",
            "location": [
                8,
                6
            ],
            "kills": 24
        },
        {
            "type": "Deploy",
            "name": "缄默德克萨斯",
            "location": [
                1,
                1
            ],
            "direction": "Left",
            "pre_delay": 4500,
            "rear_delay": 0
        },
        {
            "type": "Retreat",
            "name": "缄默德克萨斯",
            "location": [
                1,
                1
            ],
            "kills": 32
        },
        {
            "type": "Deploy",
            "name": "缄默德克萨斯",
            "location": [
                7,
                1
            ],
            "direction": "Down",
            "kills": 36,
            "pre_delay": 1200,
            "rear_delay": 0
        },
        {
            "type": "Retreat",
            "name": "缄默德克萨斯",
            "location": [
                7,
                1
            ],
            "kills": 37
        },
        {
            "type": "Deploy",
            "name": "缄默德克萨斯",
            "location": [
                3,
                5
            ],
            "direction": "Left"
        }
    ],
    "doc": {
        "title": "AP-5",
        "details": "作业更新日期: 2025-02-07T07:43:36Z\n统计更新日期: 2025-02-08\n好评率：100.0%  浏览量：7\n来源：lzfwuxing  ID：46557\nAP-5"
    },
    "groups": [],
    "opers": [
        {
            "name": "缄默德克萨斯",
            "skill": 3,
            "skill_usage": 0
        },
        {
            "name": "山",
            "skill": 2,
            "skill_usage": 2,
            "skill_times": 1
        }
    ]
}