{
    "minimum_required": "v4.0.0",
    "stage_name": "main_06-03",
    "actions": [
        {
            "type": "Deploy",
            "name": "桃金娘",
            "location": [
                9,
                2
            ],
            "direction": "Down"
        },
        {
            "type": "SpeedUp"
        },
        {
            "type": "Deploy",
            "name": "能天使",
            "location": [
                7,
                4
            ],
            "direction": "Left"
        },
        {
            "type": "Deploy",
            "name": "术士",
            "location": [
                6,
                4
            ],
            "direction": "Left"
        },
        {
            "type": "Output",
            "doc_color": "Gray",
            "doc": "可以的话给个好评~"
        },
        {
            "type": "SkillDaemon"
        }
    ],
    "doc": {
        "title": "桃金娘模组任务【私人收藏】摆完挂机 6-3 - 同时走失",
        "details": "统计日期：2024-05-11\n好评率：84.62%  浏览量：4096\n来源：Filmy  ID：24472\n练度2603\n有问题评论留言\n已测"
    },
    "groups": [
        {
            "name": "术士",
            "opers": [
                {
                    "name": "艾雅法拉",
                    "skill": 2,
                    "skill_usage": 0
                },
                {
                    "name": "澄闪",
                    "skill": 2,
                    "skill_usage": 0
                }
            ]
        }
    ],
    "opers": [
        {
            "name": "桃金娘",
            "skill": 1,
            "skill_usage": 2
        },
        {
            "name": "能天使",
            "skill": 3,
            "skill_usage": 0
        }
    ]
}