{
    "minimum_required": "v4.0.0",
    "stage_name": "hard_08-02",
    "actions": [
        {
            "type": "SpeedUp"
        },
        {
            "type": "Deploy",
            "costs": 30,
            "name": "煌",
            "location": [
                1,
                3
            ],
            "direction": "Up"
        },
        {
            "type": "Deploy",
            "name": "夜莺",
            "location": [
                2,
                5
            ],
            "direction": "Up"
        },
        {
            "type": "Deploy",
            "name": "奶盾",
            "location": [
                1,
                4
            ],
            "direction": "Right"
        },
        {
            "type": "Deploy",
            "name": "艾雅法拉",
            "location": [
                8,
                1
            ],
            "direction": "Down",
            "costs": 43
        },
        {
            "type": "Deploy",
            "name": "流明",
            "location": [
                2,
                3
            ],
            "direction": "Down"
        }
    ],
    "doc": {
        "title": "第八章 怒号光明 - H8-2 - 狂夜行动-2",
        "details": "统计日期：2024-06-01\n好评率：95.96%  浏览量：2007\n来源：Chiho  ID：28121\nUP:侬无言以对\nLINK：【【明日方舟】h8-2摆完挂机（替代思路）】 https://www.bilibili.com/video/BV1cR4y1n7sH/?share_source=copy_web&vd_source=dcc7ddeba31e59bccd51d29a07ff1565\n精二603"
    },
    "groups": [
        {
            "name": "奶盾",
            "opers": [
                {
                    "name": "塞雷娅",
                    "skill": 1,
                    "skill_usage": 0
                },
                {
                    "name": "临光",
                    "skill": 1,
                    "skill_usage": 0
                }
            ]
        }
    ],
    "opers": [
        {
            "name": "煌",
            "skill": 2,
            "skill_usage": 0
        },
        {
            "name": "流明",
            "skill": 1,
            "skill_usage": 0
        },
        {
            "name": "夜莺",
            "skill": 2,
            "skill_usage": 0
        },
        {
            "name": "艾雅法拉",
            "skill": 2,
            "skill_usage": 0
        }
    ]
}