{
    "minimum_required": "v4.0.0",
    "stage_name": "main_08-17",
    "actions": [
        {
            "type": "SpeedUp"
        },
        {
            "type": "Deploy",
            "name": "棘刺",
            "location": [
                5,
                2
            ],
            "direction": "Down"
        },
        {
            "type": "Deploy",
            "name": "山",
            "location": [
                10,
                7
            ],
            "direction": "Left"
        },
        {
            "type": "Deploy",
            "name": "夜莺",
            "location": [
                8,
                2
            ],
            "direction": "Left"
        },
        {
            "type": "Deploy",
            "name": "纯烬艾雅法拉",
            "location": [
                6,
                2
            ],
            "direction": "Down"
        },
        {
            "type": "Deploy",
            "name": "塞雷娅",
            "location": [
                7,
                3
            ],
            "direction": "Left"
        },
        {
            "type": "SpeedUp",
            "kills": 19
        },
        {
            "type": "Deploy",
            "name": "幻影",
            "location": [
                4,
                2
            ],
            "direction": "None"
        },
        {
            "type": "SpeedUp"
        },
        {
            "type": "Deploy",
            "name": "闪灵",
            "location": [
                10,
                4
            ],
            "direction": "Left",
            "doc": "",
            "cooling": 0
        },
        {
            "type": "Output",
            "cooling": 1,
            "rear_delay": 4000
        },
        {
            "type": "Skill",
            "name": "夜莺",
            "location": [
                8,
                2
            ]
        },
        {
            "type": "SpeedUp",
            "kills": 23
        },
        {
            "type": "Deploy",
            "name": "幻影",
            "location": [
                4,
                2
            ],
            "direction": "None"
        },
        {
            "type": "SpeedUp"
        },
        {
            "type": "Deploy",
            "name": "山",
            "location": [
                6,
                5
            ],
            "direction": "Left",
            "kills": 26
        },
        {
            "type": "Skill",
            "cost_changes": 5,
            "name": "山",
            "location": [
                6,
                5
            ]
        },
        {
            "type": "SkillDaemon"
        }
    ],
    "doc": {
        "title": "第八章 怒号光明 - JT8-3 - 昂首，足践烈焰 - 突袭",
        "details": "——————————\n作业更新日期: 2025-03-27T12:33:05Z\n统计更新日期: 2025-06-11\n好评率：91.18%  浏览量：1130\n来源：阿能一时的神  ID：49180\n——————————\n\nBV1Rv4y137UT\nup：是是是城啊\n一定要先演习！夜莺要X模组！\n棘刺和夜莺练度要高！整体练度也要高！只适用突袭！\n（尝试挑战下高难论文）"
    },
    "groups": [],
    "opers": [
        {
            "name": "棘刺",
            "skill": 3,
            "skill_usage": 1
        },
        {
            "name": "塞雷娅",
            "skill": 1,
            "skill_usage": 0
        },
        {
            "name": "夜莺",
            "skill": 3,
            "skill_usage": 0
        },
        {
            "name": "闪灵",
            "skill": 2,
            "skill_usage": 0
        },
        {
            "name": "山",
            "skill": 2,
            "skill_usage": 2
        },
        {
            "name": "纯烬艾雅法拉",
            "skill": 1,
            "skill_usage": 0
        }
    ],
    "difficulty": 2
}