{
    "minimum_required": "v4.0.0",
    "stage_name": "main_08-17",
    "actions": [
        {
            "type": "SpeedUp"
        },
        {
            "type": "Deploy",
            "name": "奶盾",
            "location": [
                5,
                4
            ],
            "direction": "Left"
        },
        {
            "type": "Deploy",
            "name": "棘刺",
            "location": [
                5,
                2
            ],
            "direction": "Down"
        },
        {
            "type": "Deploy",
            "name": "纯烬艾雅法拉",
            "location": [
                8,
                2
            ],
            "direction": "Left"
        },
        {
            "type": "Deploy",
            "name": "1",
            "location": [
                6,
                2
            ],
            "direction": "Down"
        },
        {
            "type": "Deploy",
            "name": "群奶",
            "location": [
                6,
                4
            ],
            "direction": "Up"
        },
        {
            "type": "Deploy",
            "name": "地面",
            "location": [
                8,
                3
            ],
            "direction": "Left"
        },
        {
            "type": "Deploy",
            "name": "号角",
            "location": [
                7,
                3
            ],
            "direction": "Left"
        },
        {
            "type": "Deploy",
            "name": "补伤害",
            "location": [
                4,
                3
            ],
            "direction": "Right",
            "kills": 22,
            "rear_delay": 8000
        },
        {
            "type": "Skill",
            "name": "补伤害"
        },
        {
            "type": "Retreat",
            "name": "补伤害",
            "kills": 23
        },
        {
            "type": "Skill",
            "name": "白面鸮"
        },
        {
            "type": "SkillDaemon"
        }
    ],
    "doc": {
        "title": "第八章 怒号光明 - JT8-3 - 昂首，足践烈焰",
        "details": "统计日期：2024-06-01\n好评率：96.49%  浏览量：1650\n来源：#邶风#  ID：36786\n参考视频【【明日方舟】突袭JT8-3 六人八步 摆完挂机】 https://www.bilibili.com/video/BV1gu411P7uJ/?share_source=copy_web&vd_source=3fd5040fe25f6a00e19e6072bcccfa4e\nUP刻俄柏_\n六星平均精二60级以上，亲测流明夜莺无需专精，能开模组开模组\n提供了部分替代方案，突袭练度低的话二阶段打得慢能量体爆炸会翻车（推荐用42补伤害，带其他的需要手动操作，只要能在第一次火雨结束后下开技能就行）\n本关隐藏条件：携带近卫阿米娅通关"
    },
    "groups": [
        {
            "name": "奶盾",
            "opers": [
                {
                    "name": "塞雷娅",
                    "skill": 1,
                    "skill_usage": 0
                },
                {
                    "name": "临光",
                    "skill": 1,
                    "skill_usage": 0
                }
            ]
        },
        {
            "name": "群奶",
            "opers": [
                {
                    "name": "夜莺",
                    "skill": 2,
                    "skill_usage": 0
                },
                {
                    "name": "白面鸮",
                    "skill": 2,
                    "skill_usage": 0
                }
            ]
        },
        {
            "name": "补伤害",
            "opers": [
                {
                    "name": "史尔特尔",
                    "skill": 3,
                    "skill_usage": 0
                }
            ]
        },
        {
            "name": "1",
            "opers": [
                {
                    "name": "流明",
                    "skill": 1,
                    "skill_usage": 0
                },
                {
                    "name": "闪灵",
                    "skill": 3,
                    "skill_usage": 0
                },
                {
                    "name": "絮雨",
                    "skill": 2,
                    "skill_usage": 0
                }
            ]
        },
        {
            "name": "地面",
            "opers": [
                {
                    "name": "煌",
                    "skill": 2,
                    "skill_usage": 0
                },
                {
                    "name": "拉普兰德",
                    "skill": 2,
                    "skill_usage": 0
                }
            ]
        },
        {
            "name": "近卫阿米娅开隐藏",
            "opers": [
                {
                    "name": "阿米娅",
                    "skill": 2,
                    "skill_usage": 0
                }
            ]
        }
    ],
    "opers": [
        {
            "name": "棘刺",
            "skill": 3,
            "skill_usage": 1
        },
        {
            "name": "纯烬艾雅法拉",
            "skill": 1,
            "skill_usage": 0
        },
        {
            "name": "号角",
            "skill": 1,
            "skill_usage": 0
        }
    ],
    "difficulty": 3
}