{
    "minimum_required": "v4.0.0",
    "stage_name": "main_08-16",
    "actions": [
        {
            "type": "BulletTime",
            "costs": 27,
            "name": "艾雅法拉"
        },
        {
            "type": "Deploy",
            "costs": 30,
            "name": "推进之王",
            "location": [
                8,
                3
            ],
            "direction": "Right"
        },
        {
            "type": "Deploy",
            "name": "德克萨斯",
            "location": [
                8,
                4
            ],
            "direction": "Right",
            "cost_changes": 7
        },
        {
            "type": "Deploy",
            "name": "白面鸮",
            "location": [
                8,
                5
            ],
            "direction": "Up"
        },
        {
            "type": "SpeedUp"
        },
        {
            "type": "Deploy",
            "name": "塞雷娅",
            "location": [
                7,
                4
            ],
            "direction": "Right"
        },
        {
            "type": "Deploy",
            "name": "闪灵",
            "location": [
                6,
                2
            ],
            "direction": "Down",
            "kills": 7
        },
        {
            "type": "Deploy",
            "name": "煌",
            "location": [
                7,
                3
            ],
            "direction": "Down"
        },
        {
            "type": "Skill",
            "name": "白面鸮",
            "location": [
                8,
                5
            ],
            "kills": 12
        },
        {
            "type": "Retreat",
            "name": "德克萨斯",
            "location": [
                8,
                4
            ]
        },
        {
            "type": "Deploy",
            "name": "夜莺",
            "location": [
                6,
                5
            ],
            "kills": 22,
            "direction": "Right"
        },
        {
            "type": "Deploy",
            "name": "伊芙利特",
            "location": [
                6,
                6
            ],
            "direction": "Left"
        },
        {
            "type": "Deploy",
            "name": "艾雅法拉",
            "location": [
                5,
                5
            ],
            "direction": "Left"
        },
        {
            "type": "SpeedUp"
        },
        {
            "type": "Deploy",
            "cost_changes": 16,
            "name": "夜刀",
            "location": [
                1,
                5
            ],
            "direction": "Down"
        },
        {
            "type": "Deploy",
            "name": "耀骑士临光",
            "location": [
                1,
                5
            ],
            "direction": "Down",
            "cooling": 1
        },
        {
            "type": "SpeedUp"
        },
        {
            "type": "Retreat",
            "name": "推进之王",
            "location": [
                8,
                3
            ]
        },
        {
            "type": "Deploy",
            "name": "耀骑士临光",
            "location": [
                8,
                4
            ],
            "direction": "Up",
            "kills": 27
        }
    ],
    "doc": {
        "title": "第八章 怒号光明 - JT8-2 - 睁眼，便是日暮 - 突袭",
        "details": "统计日期：2024-06-01\n好评率：80.18%  浏览量：4486\n来源：_ 蘿卜卜  ID：22410\nBV1HZ4y1r75K\nup：侬无言以对\n视频练度：260(?)\n已测试"
    },
    "groups": [],
    "opers": [
        {
            "name": "塞雷娅",
            "skill": 1,
            "skill_usage": 0
        },
        {
            "name": "煌",
            "skill": 2,
            "skill_usage": 0
        },
        {
            "name": "德克萨斯",
            "skill": 1,
            "skill_usage": 0
        },
        {
            "name": "耀骑士临光",
            "skill": 2,
            "skill_usage": 0
        },
        {
            "name": "推进之王",
            "skill": 2,
            "skill_usage": 0
        },
        {
            "name": "闪灵",
            "skill": 2,
            "skill_usage": 0
        },
        {
            "name": "夜莺",
            "skill": 2,
            "skill_usage": 0
        },
        {
            "name": "白面鸮",
            "skill": 2,
            "skill_usage": 0
        },
        {
            "name": "艾雅法拉",
            "skill": 2,
            "skill_usage": 0
        },
        {
            "name": "伊芙利特",
            "skill": 2,
            "skill_usage": 0
        },
        {
            "name": "夜刀",
            "skill": 1,
            "skill_usage": 0
        }
    ],
    "difficulty": 2
}