{
    "minimum_required": "v4.0.0",
    "stage_name": "main_08-09",
    "actions": [
        {
            "type": "Deploy",
            "name": "桃金娘",
            "location": [
                3,
                6
            ],
            "direction": "Right"
        },
        {
            "type": "SpeedUp"
        },
        {
            "type": "Deploy",
            "name": "山",
            "location": [
                8,
                6
            ],
            "direction": "Right"
        },
        {
            "type": "Deploy",
            "name": "星熊",
            "location": [
                7,
                1
            ],
            "direction": "Right"
        },
        {
            "type": "Deploy",
            "name": "塞雷娅",
            "location": [
                8,
                2
            ],
            "direction": "Left"
        },
        {
            "type": "Deploy",
            "name": "号角",
            "location": [
                6,
                6
            ],
            "direction": "Up"
        },
        {
            "type": "Deploy",
            "name": "煌",
            "location": [
                9,
                4
            ],
            "direction": "Down"
        },
        {
            "type": "Deploy",
            "name": "闪灵",
            "location": [
                8,
                5
            ],
            "direction": "Up"
        }
    ],
    "doc": {
        "title": "第八章 怒号光明 - M8-6 - 再见，只为再见【M8-6隐藏高配7人挂机打法（无调香无安洁）】",
        "details": "统计日期：2024-05-31\n好评率：87.88%  浏览量：1264\n来源：流云星痕  ID：28203\n作者：爱吃糖的白糖\n视频链接：https://www.bilibili.com/video/BV1SL411U75J/\n视频干员参考等级：桃金娘240，山、号角270，煌、塞雷娅、闪灵：260。（星熊290三级X模组）\n视频干员技能等级：闪灵七级，其他全部专三。"
    },
    "groups": [],
    "opers": [
        {
            "name": "桃金娘",
            "skill": 1,
            "skill_usage": 1
        },
        {
            "name": "山",
            "skill": 2,
            "skill_usage": 2
        },
        {
            "name": "煌",
            "skill": 2,
            "skill_usage": 0
        },
        {
            "name": "号角",
            "skill": 1,
            "skill_usage": 0
        },
        {
            "name": "塞雷娅",
            "skill": 1,
            "skill_usage": 0
        },
        {
            "name": "闪灵",
            "skill": 2,
            "skill_usage": 0
        },
        {
            "name": "星熊",
            "skill": 2,
            "skill_usage": 0
        }
    ],
    "difficulty": 1
}