{
    "minimum_required": "v4.0.0",
    "stage_name": "main_08-14",
    "actions": [
        {
            "type": "SpeedUp"
        },
        {
            "type": "Deploy",
            "name": "棘刺",
            "location": [
                8,
                5
            ],
            "direction": "Left"
        },
        {
            "type": "Deploy",
            "name": "星熊",
            "location": [
                7,
                4
            ],
            "direction": "Left"
        },
        {
            "type": "Deploy",
            "name": "群奶",
            "location": [
                7,
                2
            ],
            "direction": "Down"
        },
        {
            "type": "Deploy",
            "name": "伊芙利特",
            "location": [
                6,
                1
            ],
            "direction": "Down"
        },
        {
            "type": "Deploy",
            "name": "塞雷娅",
            "location": [
                7,
                3
            ],
            "direction": "Left"
        }
    ],
    "doc": {
        "title": "第八章 怒号光明 - M8-8 - 苏醒，浮出梦乡(解锁隐藏用）",
        "details": "统计日期：2024-05-25\n好评率：92.0%  浏览量：1002\n来源：Chiho  ID：28107\nup:功课姬\nlink:【【明日方舟】M8-8挂机流带隐藏，隐藏开启条件为放走梅妃并通关】 https://www.bilibili.com/video/BV1rV411H7WA/?share_source=copy_web&vd_source=dcc7ddeba31e59bccd51d29a07ff1565\n精2603"
    },
    "groups": [
        {
            "name": "群奶",
            "opers": [
                {
                    "name": "白面鸮",
                    "skill": 2,
                    "skill_usage": 0
                },
                {
                    "name": "夜莺",
                    "skill": 2,
                    "skill_usage": 0
                }
            ]
        }
    ],
    "opers": [
        {
            "name": "塞雷娅",
            "skill": 2,
            "skill_usage": 0
        },
        {
            "name": "星熊",
            "skill": 2,
            "skill_usage": 0
        },
        {
            "name": "伊芙利特",
            "skill": 2,
            "skill_usage": 0
        },
        {
            "name": "棘刺",
            "skill": 3,
            "skill_usage": 1
        }
    ],
    "difficulty": 1
}