{
    "minimum_required": "v4.0.0",
    "stage_name": "main_08-01",
    "actions": [
        {
            "type": "SpeedUp"
        },
        {
            "type": "Deploy",
            "name": "煌",
            "location": [
                7,
                5
            ],
            "direction": "Left"
        }
    ],
    "doc": {
        "title": "第八章 怒号光明 - R8-1 - 昨日，谷壳将裂",
        "details": "作业更新日期: 2023-08-29T11:47:08Z\n统计更新日期: 2024-10-07\n好评率：100.0%  浏览量：3928\n来源：Chiho  ID：27235\nup:侬无言以对\nlink:【【明日方舟】R8-1突袭摆完挂机】 https://www.bilibili.com/video/BV12M4y1K73E/?share_source=copy_web&vd_source=dcc7ddeba31e59bccd51d29a07ff1565\n精二60"
    },
    "groups": [],
    "opers": [
        {
            "name": "煌",
            "skill": 2,
            "skill_usage": 0
        }
    ],
    "difficulty": 3
}