{
    "minimum_required": "v4.0.0",
    "stage_name": "main_08-11",
    "actions": [
        {
            "type": "SpeedUp"
        },
        {
            "type": "Deploy",
            "name": "煌",
            "location": [
                5,
                5
            ],
            "direction": "Up"
        },
        {
            "type": "SpeedUp"
        },
        {
            "type": "Deploy",
            "name": "障碍物",
            "location": [
                7,
                3
            ],
            "direction": "None"
        },
        {
            "type": "SpeedUp"
        },
        {
            "type": "Deploy",
            "name": "奶盾",
            "location": [
                5,
                4
            ],
            "direction": "Left"
        }
    ],
    "doc": {
        "title": "第八章 怒号光明 - R8-10 - 沉默的屠夫",
        "details": "统计日期：2024-05-25\n好评率：96.09%  浏览量：4019\n来源：Chiho  ID：27296\nup:侬无言以对\nlink:【【明日方舟】R8-10突袭摆完挂机】 https://www.bilibili.com/video/BV1EU4y1H7Nb/?share_source=copy_web&vd_source=dcc7ddeba31e59bccd51d29a07ff1565\n平均精二60"
    },
    "groups": [
        {
            "name": "奶盾",
            "opers": [
                {
                    "name": "塞雷娅",
                    "skill": 1,
                    "skill_usage": 0
                },
                {
                    "name": "临光",
                    "skill": 1,
                    "skill_usage": 0
                },
                {
                    "name": "黍",
                    "skill": 1,
                    "skill_usage": 0
                }
            ]
        }
    ],
    "opers": [
        {
            "name": "煌",
            "skill": 2,
            "skill_usage": 0
        }
    ],
    "difficulty": 3
}