{
    "minimum_required": "v4.0.0",
    "stage_name": "main_08-02",
    "actions": [
        {
            "type": "SpeedUp"
        },
        {
            "type": "Deploy",
            "name": "桃金娘",
            "location": [
                7,
                4
            ],
            "direction": "Up"
        },
        {
            "type": "Deploy",
            "name": "棘刺",
            "location": [
                4,
                6
            ],
            "direction": "Up"
        },
        {
            "type": "Deploy",
            "name": "塞雷娅",
            "location": [
                3,
                3
            ],
            "direction": "Right"
        },
        {
            "type": "SkillDaemon"
        }
    ],
    "doc": {
        "title": "第八章 怒号光明 - R8-2 - 无辜的血肉",
        "details": "作业更新日期: 2023-03-29T10:39:40Z\n统计更新日期: 2024-10-07\n好评率：85.0%  浏览量：1795\n来源：Shigure  ID：21933\nBV1b341177PU 作者：祈星_Estrellayc"
    },
    "groups": [],
    "opers": [
        {
            "name": "棘刺",
            "skill": 3,
            "skill_usage": 1
        },
        {
            "name": "塞雷娅",
            "skill": 1,
            "skill_usage": 0
        },
        {
            "name": "桃金娘",
            "skill": 1,
            "skill_usage": 2
        }
    ],
    "difficulty": 3
}