{
    "minimum_required": "v4.0.0",
    "stage_name": "main_08-02",
    "actions": [
        {
            "type": "SpeedUp"
        },
        {
            "type": "Deploy",
            "name": "蓝毒",
            "location": [
                4,
                2
            ],
            "direction": "Right"
        },
        {
            "type": "Deploy",
            "name": "煌",
            "location": [
                4,
                6
            ],
            "direction": "Right"
        },
        {
            "type": "Deploy",
            "name": "拉普兰德",
            "location": [
                5,
                4
            ],
            "direction": "Right"
        }
    ],
    "doc": {
        "title": "第八章 怒号光明 - R8-2 - 无辜的血肉",
        "details": "作业更新日期: 2023-08-29T11:49:08Z\n统计更新日期: 2024-11-30\n好评率：96.45%  浏览量：1749\n来源：Chiho  ID：27237\nup:侬无言以对\nlink:【【明日方舟】R8-2突袭摆完挂机（替代思路）】 https://www.bilibili.com/video/BV1464y1t7Pq/?share_source=copy_web&vd_source=dcc7ddeba31e59bccd51d29a07ff1565\n精二60"
    },
    "groups": [],
    "opers": [
        {
            "name": "煌",
            "skill": 2,
            "skill_usage": 0
        },
        {
            "name": "拉普兰德",
            "skill": 2,
            "skill_usage": 0
        },
        {
            "name": "蓝毒",
            "skill": 1,
            "skill_usage": 0
        }
    ],
    "difficulty": 3
}