{
    "minimum_required": "v4.0.0",
    "stage_name": "main_08-02",
    "actions": [
        {
            "type": "SpeedUp"
        },
        {
            "type": "Deploy",
            "name": "棘刺",
            "location": [
                4,
                3
            ],
            "direction": "Right"
        },
        {
            "type": "Deploy",
            "name": "泥岩",
            "location": [
                4,
                6
            ],
            "direction": "Right"
        },
        {
            "type": "SkillDaemon"
        }
    ],
    "doc": {
        "title": "第八章 怒号光明 - R8-2 - 无辜的血肉摆挂",
        "details": "作业更新日期: 2023-04-10T07:38:03Z\n统计更新日期: 2024-11-30\n好评率：98.78%  浏览量：3586\n来源：燕人张异德  ID：22478\n【R8-2双人摆完挂机包括突袭】 https://www.bilibili.com/video/BV1Xb4y1m7nQ/?share_source=copy_web&vd_source=66d70a220f916613ca952f3fa0deca15"
    },
    "groups": [],
    "opers": [
        {
            "name": "棘刺",
            "skill": 3,
            "skill_usage": 1
        },
        {
            "name": "泥岩",
            "skill": 2,
            "skill_usage": 0
        }
    ],
    "difficulty": 2
}