{
    "minimum_required": "v4.0.0",
    "stage_name": "main_08-07#f#",
    "actions": [
        {
            "type": "Deploy",
            "name": "点燃先锋",
            "location": [
                5,
                4
            ],
            "direction": "Up"
        },
        {
            "type": "Deploy",
            "name": "桃金娘",
            "location": [
                5,
                6
            ],
            "direction": "Right"
        },
        {
            "type": "Deploy",
            "name": "撤回C先锋",
            "location": [
                5,
                3
            ],
            "direction": "Right"
        },
        {
            "type": "Retreat",
            "name": "撤回C先锋",
            "location": [
                5,
                3
            ],
            "costs": 20
        },
        {
            "type": "Deploy",
            "name": "煌",
            "location": [
                5,
                3
            ],
            "direction": "Right"
        },
        {
            "type": "SpeedUp"
        },
        {
            "type": "Deploy",
            "name": "银灰",
            "location": [
                4,
                1
            ],
            "direction": "Down"
        },
        {
            "type": "Deploy",
            "name": "夜莺",
            "location": [
                5,
                2
            ],
            "direction": "Down"
        },
        {
            "type": "Skill",
            "name": "银灰"
        },
        {
            "type": "Deploy",
            "name": "快活",
            "location": [
                3,
                6
            ],
            "direction": "Left"
        },
        {
            "type": "SkillDaemon"
        }
    ],
    "doc": {
        "title": "【干员替换】R8-7",
        "details": "统计日期：2024-05-25\n好评率：95.65%  浏览量：2306\n来源：Dayheart  ID：31131\n已通过，十分甚至九分完美\nBV1b341177PU 作者：祈星_Estrellayc"
    },
    "groups": [
        {
            "name": "点燃先锋",
            "opers": [
                {
                    "name": "风笛",
                    "skill": 2,
                    "skill_usage": 0
                },
                {
                    "name": "推进之王",
                    "skill": 2,
                    "skill_usage": 0
                }
            ]
        },
        {
            "name": "撤回C先锋",
            "opers": [
                {
                    "name": "红豆",
                    "skill": 2,
                    "skill_usage": 1
                },
                {
                    "name": "翎羽",
                    "skill": 1,
                    "skill_usage": 1
                },
                {
                    "name": "格拉尼",
                    "skill": 1,
                    "skill_usage": 1
                },
                {
                    "name": "伊内丝",
                    "skill": 2,
                    "skill_usage": 1
                },
                {
                    "name": "晓歌",
                    "skill": 1,
                    "skill_usage": 0
                }
            ]
        },
        {
            "name": "快活",
            "opers": [
                {
                    "name": "砾",
                    "skill": 1,
                    "skill_usage": 0
                },
                {
                    "name": "麒麟R夜刀",
                    "skill": 2,
                    "skill_usage": 0
                },
                {
                    "name": "缄默德克萨斯",
                    "skill": 2,
                    "skill_usage": 0
                }
            ]
        }
    ],
    "opers": [
        {
            "name": "银灰",
            "skill": 3,
            "skill_usage": 0
        },
        {
            "name": "夜莺",
            "skill": 2,
            "skill_usage": 0
        },
        {
            "name": "煌",
            "skill": 2,
            "skill_usage": 0
        },
        {
            "name": "桃金娘",
            "skill": 1,
            "skill_usage": 1
        }
    ],
    "difficulty": 3
}