{
    "minimum_required": "v4.0.0",
    "stage_name": "main_08-07",
    "actions": [
        {
            "type": "Deploy",
            "name": "维什戴尔",
            "location": [
                5,
                2
            ],
            "direction": "Left"
        },
        {
            "type": "SpeedUp"
        },
        {
            "type": "Retreat",
            "name": "魂灵之影",
            "location": [
                4,
                2
            ],
            "kills": 3
        },
        {
            "type": "Retreat",
            "name": "魂灵之影",
            "location": [
                5,
                1
            ],
            "pre_delay": 500
        },
        {
            "type": "Deploy",
            "name": "砾",
            "location": [
                5,
                1
            ],
            "direction": "Right",
            "kills": 4
        },
        {
            "type": "Deploy",
            "name": "玫兰莎",
            "location": [
                3,
                6
            ],
            "direction": "Left"
        },
        {
            "type": "Deploy",
            "name": "安赛尔",
            "location": [
                5,
                5
            ],
            "direction": "Left"
        },
        {
            "type": "SkillDaemon"
        }
    ],
    "doc": {
        "title": "第八章 怒号光明 - R8-7 - 牵引的炮火 - 单核",
        "details": "——————————\n作业更新日期: 2025-01-21T01:15:36Z\n统计更新日期: 2025-06-11\n好评率：86.44%  浏览量：1055\n来源：小卡拉帕鲁灰  ID：45573\n——————————\n\new顶配\n突袭需要开局凹一下第一只怪的暴击"
    },
    "groups": [],
    "opers": [
        {
            "name": "维什戴尔",
            "skill": 3,
            "skill_usage": 1
        },
        {
            "name": "德克萨斯",
            "skill": 1,
            "skill_usage": 0
        },
        {
            "name": "玫兰莎",
            "skill": 1,
            "skill_usage": 1
        },
        {
            "name": "砾",
            "skill": 2,
            "skill_usage": 0
        },
        {
            "name": "安赛尔",
            "skill": 1,
            "skill_usage": 1
        }
    ],
    "difficulty": 3
}