{
    "minimum_required": "v4.0.0",
    "stage_name": "mem_shu_1",
    "actions": [
        {
            "type": "SpeedUp"
        },
        {
            "type": "Deploy",
            "name": "黍",
            "location": [
                4,
                3
            ],
            "direction": "Right",
            "kills": 0
        },
        {
            "type": "Skill",
            "name": "黍",
            "location": [
                4,
                3
            ],
            "kills": 9,
            "direction": "Right"
        },
        {
            "type": "SpeedUp",
            "kills": 45
        },
        {
            "type": "Skill",
            "name": "黍",
            "location": [
                4,
                3
            ],
            "pre_delay": 18000,
            "direction": "Right"
        },
        {
            "type": "SpeedUp"
        }
    ],
    "doc": {
        "title": "黍--悖论模拟",
        "details": "——————————\n作业更新日期: 2025-08-15T14:02:05Z\n统计更新日期: 2025-08-22\n相对评分：68.04%  相对热度：48.35%\n来源：童话重度依赖  ID：56336\n——————————\n专三3技能--精2--60级   自测可过\n【赠送干员满潜能】【满信赖】【无模组】\n有问题请反馈    BID：童话重度依赖症"
    },
    "groups": [],
    "opers": [
        {
            "name": "黍",
            "skill": 3,
            "skill_usage": 0
        }
    ]
}