{
    "minimum_required": "v4.0.0",
    "stage_name": "mem_mostma_1",
    "actions": [
        {
            "type": "Deploy",
            "name": "莫斯提马",
            "location": [
                5,
                5
            ],
            "costs": 50,
            "doc_color": "DeepSkyBlue",
            "doc": "小莫小莫我们喜欢你",
            "direction": "Up"
        },
        {
            "type": "SpeedUp"
        },
        {
            "type": "Deploy",
            "name": "可颂",
            "location": [
                4,
                6
            ],
            "direction": "Up",
            "costs": 26,
            "doc_color": "Gold",
            "doc": "可颂可爱捏~部署费用为满潜小莫情况，亲测无潜也来得及"
        },
        {
            "type": "Deploy",
            "name": "拜松",
            "location": [
                6,
                6
            ],
            "direction": "Up",
            "costs": 22,
            "doc_color": "DarkGoldenrod",
            "doc": "拜松！堂堂登场！"
        },
        {
            "type": "Skill",
            "name": "莫斯提马",
            "location": [
                5,
                5
            ],
            "costs": 34,
            "doc_color": "DeepSkyBlue",
            "doc": "就你小子是爆炸虫是吧.jpg"
        },
        {
            "type": "Deploy",
            "name": "天火",
            "location": [
                7,
                6
            ],
            "direction": "Up",
            "costs": 55,
            "doc_color": "DarkRed",
            "doc": "欢迎天火小姐加入战场——"
        },
        {
            "type": "Deploy",
            "name": "莱恩哈特",
            "location": [
                3,
                6
            ],
            "direction": "Up",
            "costs": 33,
            "doc_color": "Gold",
            "doc": "小兔可爱捏~"
        },
        {
            "type": "Skill",
            "name": "天火",
            "location": [
                7,
                6
            ],
            "costs": 38,
            "doc_color": "DarkRed",
            "doc": "烧烧烧！"
        },
        {
            "type": "Skill",
            "name": "莱恩哈特",
            "location": [
                3,
                6
            ],
            "costs": 39,
            "doc_color": "Gold",
            "doc": "小兔子可爱捏"
        },
        {
            "type": "Skill",
            "name": "莫斯提马",
            "location": [
                5,
                5
            ],
            "costs": 74,
            "doc_color": "DeepSkyBlue",
            "doc": "完结撒花~感谢各位配合！"
        }
    ],
    "doc": {
        "title": "术师 - 莫斯提马 - 钥与匙的守护者",
        "details": "——————————\n作业更新日期: 2024-10-26T04:40:18Z\n统计更新日期: 2025-08-03\n相对评分：92.22%  相对热度：75.32%\n来源：2817065120@qq.com  ID：42751\n——————————\n练度2603，y模组一级，更低练度测试中"
    },
    "groups": [],
    "opers": [
        {
            "name": "莫斯提马",
            "skill": 3,
            "skill_usage": 0
        },
        {
            "name": "可颂",
            "skill": 1,
            "skill_usage": 1
        },
        {
            "name": "拜松",
            "skill": 1,
            "skill_usage": 1
        },
        {
            "name": "天火",
            "skill": 1,
            "skill_usage": 0
        },
        {
            "name": "莱恩哈特",
            "skill": 1,
            "skill_usage": 0
        }
    ]
}