{
    "minimum_required": "v4.0",
    "doc": {
        "title": "11-19零人",
        "details": "制作者：一只摆烂的42\n有问题联系QQ2586582719\n"
    },
    "stage_name": "obt/main/level_main_11-17",
    "opers": [],
    "actions": [
        {
            "type": "打印",
            "name": "",
            "doc": "自行跳过剧情及开启二倍速，技能可以开可以不开"
        },
        {
            "type": "打印",
            "name": "",
            "doc": "这关boss直接漏即可，全关不需开技能"
        },
        {
            "type": "SpeedUp",
            "name": "",
            "doc_color": "Gray"
        },
        {
            "type": "Output",
            "name": "",
            "doc": "制作者2586582719",
            "doc_color": "SpringGreen"
        }
    ]
}