{
    "minimum_required": "v4.0.0",
    "doc": {
        "title": "摆完挂机-昏黑造船厂",
        "details": "作业更新日期: 2023-02-18T00:54:25Z\n统计更新日期: 2024-11-30\n好评率：89.83%  浏览量：3262\n来源：作业代传——有问题联系原作者  ID：21014\n萧然Q:av902116315\n筱竹聽雨"
    },
    "stage_name": "camp_r_13",
    "opers": [
        {
            "name": "塞雷娅",
            "skill": 1,
            "skill_usage": 0
        },
        {
            "name": "煌",
            "skill": 2,
            "skill_usage": 0
        },
        {
            "name": "拉普兰德",
            "skill": 2,
            "skill_usage": 0
        },
        {
            "name": "桃金娘",
            "skill": 1,
            "skill_usage": 1
        },
        {
            "name": "艾雅法拉",
            "skill": 2,
            "skill_usage": 0
        },
        {
            "name": "白面鸮",
            "skill": 2,
            "skill_usage": 0
        },
        {
            "name": "蜜莓",
            "skill": 1,
            "skill_usage": 0
        },
        {
            "name": "德克萨斯",
            "skill": 1,
            "skill_usage": 0
        },
        {
            "name": "棘刺",
            "skill": 3,
            "skill_usage": 1
        }
    ],
    "actions": [
        {
            "type": "部署",
            "name": "桃金娘",
            "location": [
                7,
                3
            ],
            "direction": "左"
        },
        {
            "type": "部署",
            "name": "棘刺",
            "location": [
                6,
                4
            ],
            "direction": "左"
        },
        {
            "type": "部署",
            "name": "德克萨斯",
            "location": [
                6,
                3
            ],
            "direction": "左"
        },
        {
            "type": "二倍速",
            "name": ""
        },
        {
            "type": "部署",
            "name": "煌",
            "location": [
                6,
                1
            ],
            "direction": "左"
        },
        {
            "type": "部署",
            "name": "白面鸮",
            "location": [
                5,
                2
            ],
            "direction": "下"
        },
        {
            "type": "部署",
            "name": "蜜莓",
            "location": [
                6,
                2
            ],
            "direction": "左"
        },
        {
            "type": "部署",
            "name": "拉普兰德",
            "location": [
                5,
                4
            ],
            "direction": "左"
        },
        {
            "type": "部署",
            "name": "艾雅法拉",
            "location": [
                3,
                2
            ],
            "direction": "左"
        },
        {
            "type": "部署",
            "name": "塞雷娅",
            "location": [
                4,
                4
            ],
            "direction": "左"
        },
        {
            "type": "摆完挂机",
            "name": ""
        }
    ]
}