{
    "stage_name": "camp_r_05",
    "doc": {
        "title": "生于黑暗。",
        "details": "作业更新日期: 2023-02-18T00:54:25Z\n统计更新日期: 2024-11-30\n好评率：80.95%  浏览量：1092\n来源：作业代传——有问题联系原作者  ID：21017\n抄自萧然q BV1464y1X7wg"
    },
    "groups": [
        {
            "name": "单奶",
            "opers": [
                {
                    "name": "闪灵",
                    "skill": 2
                },
                {
                    "name": "赫默",
                    "skill": 1,
                    "skill_usage": 1
                },
                {
                    "name": "流明",
                    "skill": 3,
                    "skill_usage": 1
                },
                {
                    "name": "华法琳",
                    "skill": 1
                },
                {
                    "name": "苏苏洛",
                    "skill": 1,
                    "skill_usage": 1
                },
                {
                    "name": "嘉维尔",
                    "skill": 1
                },
                {
                    "name": "末药",
                    "skill": 1
                }
            ]
        },
        {
            "name": "奶盾",
            "opers": [
                {
                    "name": "古米",
                    "skill": 1
                },
                {
                    "name": "塞雷娅",
                    "skill": 2
                },
                {
                    "name": "临光",
                    "skill": 1
                }
            ]
        },
        {
            "name": "防盾",
            "opers": [
                {
                    "name": "蛇屠箱",
                    "skill": 2,
                    "skill_usage": 1
                },
                {
                    "name": "星熊",
                    "skill": 2
                },
                {
                    "name": "泡泡",
                    "skill": 1,
                    "skill_usage": 1
                },
                {
                    "name": "可颂",
                    "skill": 1
                }
            ]
        },
        {
            "name": "单狙",
            "opers": [
                {
                    "name": "克洛丝",
                    "skill": 1
                },
                {
                    "name": "灰烬",
                    "skill": 1
                },
                {
                    "name": "空弦",
                    "skill": 1
                },
                {
                    "name": "蓝毒",
                    "skill": 1
                },
                {
                    "name": "红云",
                    "skill": 1
                },
                {
                    "name": "杰西卡",
                    "skill": 1
                },
                {
                    "name": "流星",
                    "skill": 1
                }
            ]
        }
    ],
    "opers": [
        {
            "name": "棘刺",
            "skill": 3,
            "skill_usage": 1
        },
        {
            "name": "能天使",
            "skill": 3
        },
        {
            "name": "伊芙利特",
            "skill": 2
        },
        {
            "name": "浊心斯卡蒂",
            "skill": 2
        },
        {
            "name": "煌",
            "skill": 2
        },
        {
            "name": "德克萨斯",
            "skill": 1
        }
    ],
    "actions": [
        {
            "type": "二倍速"
        },
        {
            "type": "部署",
            "name": "德克萨斯",
            "location": [
                5,
                1
            ],
            "direction": "左"
        },
        {
            "type": "部署",
            "name": "棘刺",
            "location": [
                4,
                2
            ],
            "direction": "左"
        },
        {
            "type": "部署",
            "name": "浊心斯卡蒂",
            "location": [
                8,
                6
            ],
            "direction": "右"
        },
        {
            "type": "部署",
            "kills": 4,
            "name": "能天使",
            "location": [
                8,
                4
            ],
            "direction": "右",
            "pre_delay": 3000
        },
        {
            "type": "部署",
            "name": "煌",
            "location": [
                7,
                3
            ],
            "direction": "右"
        },
        {
            "type": "部署",
            "name": "奶盾",
            "location": [
                2,
                7
            ],
            "direction": "左"
        },
        {
            "type": "部署",
            "name": "单狙",
            "location": [
                6,
                6
            ],
            "direction": "左"
        },
        {
            "type": "部署",
            "name": "伊芙利特",
            "location": [
                6,
                1
            ],
            "direction": "右"
        },
        {
            "type": "部署",
            "name": "单奶",
            "location": [
                7,
                1
            ],
            "direction": "下"
        },
        {
            "type": "部署",
            "name": "防盾",
            "location": [
                9,
                7
            ],
            "direction": "左"
        },
        {
            "type": "二倍速",
            "kills": 413
        }
    ],
    "minimum_required": "v4.0.0"
}