{
    "minimum_required": "v4.0.0",
    "doc": {
        "title": "【将进酒】IW-2三人",
        "details": "作业更新日期: 2023-04-30T00:38:38Z\n统计更新日期: 2024-07-27\n好评率：100.0%  浏览量：81\n来源：一只摆烂的42  ID：22986\n\n原视频：https://www.bilibili.com/video/av210932063?p=2\nUP：制杖流水线\n有问题联系制作者QQ2586582719"
    },
    "stage_name": "act15side_02",
    "opers": [
        {
            "name": "煌",
            "skill": 2,
            "skill_usage": 0
        },
        {
            "name": "山",
            "skill": 2,
            "skill_usage": 2
        },
        {
            "name": "芬",
            "skill": 1,
            "skill_usage": 0
        }
    ],
    "actions": [
        {
            "type": "二倍速",
            "name": ""
        },
        {
            "type": "部署",
            "name": "山",
            "location": [
                2,
                2
            ],
            "direction": "下"
        },
        {
            "type": "部署",
            "name": "煌",
            "location": [
                2,
                1
            ],
            "direction": "下"
        },
        {
            "type": "部署",
            "name": "芬",
            "location": [
                1,
                1
            ],
            "direction": "右"
        },
        {
            "type": "打印",
            "name": "",
            "doc": "有问题联系制作者QQ2586582719",
            "doc_color": "SpringGreen"
        }
    ]
}