{
    "minimum_required": "v4.0.0",
    "stage_name": "act15side_04",
    "actions": [
        {
            "type": "Deploy",
            "name": "令",
            "location": [
                5,
                4
            ],
            "direction": "Left"
        },
        {
            "type": "Deploy",
            "name": "“弦惊”",
            "location": [
                6,
                2
            ],
            "direction": "Down"
        },
        {
            "type": "SpeedUp"
        },
        {
            "type": "Deploy",
            "name": "“弦惊”",
            "location": [
                4,
                2
            ],
            "direction": "Down"
        },
        {
            "type": "Deploy",
            "name": "“弦惊”",
            "location": [
                8,
                3
            ],
            "direction": "Right"
        },
        {
            "type": "Deploy",
            "name": "“弦惊”",
            "location": [
                7,
                3
            ],
            "direction": "Right"
        },
        {
            "type": "Skill",
            "name": "令",
            "location": [
                5,
                4
            ],
            "kills": 7
        },
        {
            "type": "Deploy",
            "name": "“弦惊”",
            "location": [
                8,
                5
            ],
            "direction": "Right"
        },
        {
            "type": "Deploy",
            "name": "克洛丝",
            "location": [
                3,
                2
            ],
            "direction": "Left"
        },
        {
            "type": "Skill",
            "name": "令",
            "location": [
                5,
                4
            ],
            "kills": 14
        }
    ],
    "doc": {
        "title": "将进酒·复刻 - IW-4 - 秉烛",
        "details": "作业更新日期: 2024-01-21T06:34:15Z\n统计更新日期: 2024-07-27\n好评率：100.0%  浏览量：155\n来源：小卡拉帕鲁灰🐖  ID：32176\n\nhttps://www.bilibili.com/video/BV1NY411m7w9?p=4&vd_source=10857a8c905c104ca2eab27415c72ffc"
    },
    "groups": [],
    "opers": [
        {
            "name": "令",
            "skill": 3,
            "skill_usage": 0
        },
        {
            "name": "克洛丝",
            "skill": 1,
            "skill_usage": 0
        }
    ]
}