{
    "minimum_required": "v4.0",
    "doc": {
        "title": "【将进酒】IW-6四人",
        "details": "原视频：https://www.bilibili.com/video/av210932063?p=6\nUP：制杖流水线\n有问题联系制作者QQ2586582719"
    },
    "stage_name": "act15side_06",
    "opers": [
        {
            "name": "煌",
            "skill": 2,
            "skill_usage": 0
        },
        {
            "name": "蓝毒",
            "skill": 1,
            "skill_usage": 0
        },
        {
            "name": "伊桑",
            "skill": 1,
            "skill_usage": 0
        },
        {
            "name": "调香师",
            "skill": 1,
            "skill_usage": 0
        }
    ],
    "actions": [
        {
            "type": "二倍速",
            "name": ""
        },
        {
            "type": "部署",
            "name": "煌",
            "location": [
                9,
                1
            ],
            "direction": "下"
        },
        {
            "type": "部署",
            "name": "伊桑",
            "location": [
                9,
                2
            ],
            "direction": "下"
        },
        {
            "type": "部署",
            "name": "蓝毒",
            "location": [
                10,
                4
            ],
            "direction": "上"
        },
        {
            "type": "部署",
            "name": "调香师",
            "location": [
                10,
                3
            ],
            "direction": "上"
        },
        {
            "type": "打印",
            "name": "",
            "doc": "有问题联系制作者QQ2586582719",
            "doc_color": "SpringGreen"
        }
    ]
}