{
    "minimum_required": "v4.0.0",
    "doc": {
        "title": "【将进酒-萧然】IW-9九人",
        "details": "作业更新日期: 2023-05-27T08:57:27Z\n统计更新日期: 2024-07-27\n好评率：66.67%  浏览量：468\n来源：一只摆烂的42  ID：23005\n\n原视频：https://www.bilibili.com/video/av295975180?p=9\nUP：萧然Q\n有问题联系制作者QQ2586582719"
    },
    "stage_name": "act15side_09",
    "opers": [
        {
            "name": "桃金娘",
            "skill": 1,
            "skill_usage": 1
        },
        {
            "name": "艾雅法拉",
            "skill": 2,
            "skill_usage": 0
        },
        {
            "name": "伊芙利特",
            "skill": 2,
            "skill_usage": 0
        },
        {
            "name": "塞雷娅",
            "skill": 1,
            "skill_usage": 0
        },
        {
            "name": "星熊",
            "skill": 2,
            "skill_usage": 0
        },
        {
            "name": "临光",
            "skill": 1,
            "skill_usage": 0
        },
        {
            "name": "闪灵",
            "skill": 2,
            "skill_usage": 0
        },
        {
            "name": "夜莺",
            "skill": 2,
            "skill_usage": 0
        }
    ],
    "actions": [
        {
            "type": "二倍速",
            "name": ""
        },
        {
            "type": "部署",
            "name": "桃金娘",
            "location": [
                9,
                2
            ],
            "direction": "左"
        },
        {
            "type": "Deploy",
            "name": "速狙",
            "location": [
                8,
                2
            ],
            "direction": "左"
        },
        {
            "type": "部署",
            "name": "艾雅法拉",
            "location": [
                8,
                4
            ],
            "direction": "左"
        },
        {
            "type": "部署",
            "name": "伊芙利特",
            "location": [
                9,
                3
            ],
            "direction": "左"
        },
        {
            "type": "部署",
            "name": "夜莺",
            "location": [
                10,
                3
            ],
            "direction": "左"
        },
        {
            "type": "部署",
            "name": "塞雷娅",
            "location": [
                7,
                3
            ],
            "direction": "左"
        },
        {
            "type": "部署",
            "name": "闪灵",
            "location": [
                9,
                4
            ],
            "direction": "左"
        },
        {
            "type": "撤退",
            "name": "桃金娘",
            "pre_delay": 1500
        },
        {
            "type": "部署",
            "name": "临光",
            "location": [
                7,
                2
            ],
            "direction": "左"
        },
        {
            "type": "部署",
            "name": "星熊",
            "location": [
                7,
                4
            ],
            "direction": "左"
        },
        {
            "type": "打印",
            "name": "",
            "doc": "有问题联系制作者QQ2586582719",
            "doc_color": "SpringGreen"
        }
    ],
    "groups": [
        {
            "name": "速狙",
            "opers": [
                {
                    "name": "蓝毒",
                    "skill": 1,
                    "skill_usage": 0
                },
                {
                    "name": "能天使",
                    "skill": 1,
                    "skill_usage": 0
                }
            ]
        }
    ]
}