{
    "minimum_required": "v4.0",
    "doc": {
        "title": "【将进酒-萧然】IW-EX-3突袭四人",
        "details": "原视频：https://www.bilibili.com/video/av893643464?p=5\nUP：萧然Q\n有问题联系制作者QQ2586582719"
    },
    "stage_name": "act15side_ex03",
    "opers": [
        {
            "name": "煌",
            "skill": 2,
            "skill_usage": 0
        },
        {
            "name": "山",
            "skill": 2,
            "skill_usage": 2
        },
        {
            "name": "艾雅法拉",
            "skill": 2,
            "skill_usage": 0
        },
        {
            "name": "伊桑",
            "skill": 1,
            "skill_usage": 0
        }
    ],
    "actions": [
        {
            "type": "二倍速",
            "name": ""
        },
        {
            "type": "部署",
            "name": "煌",
            "location": [
                4,
                4
            ],
            "direction": "右"
        },
        {
            "type": "部署",
            "name": "伊桑",
            "location": [
                5,
                4
            ],
            "direction": "右"
        },
        {
            "type": "部署",
            "name": "山",
            "location": [
                6,
                5
            ],
            "direction": "右"
        },
        {
            "type": "部署",
            "name": "艾雅法拉",
            "location": [
                3,
                2
            ],
            "direction": "下"
        },
        {
            "type": "打印",
            "name": "",
            "doc": "有问题联系制作者QQ2586582719",
            "doc_color": "SpringGreen"
        }
    ]
}