{
    "minimum_required": "v4.0.0",
    "stage_name": "hard_06-01",
    "actions": [
        {
            "type": "SpeedUp"
        },
        {
            "type": "Deploy",
            "name": "煌",
            "location": [
                5,
                5
            ],
            "direction": "Up"
        },
        {
            "type": "Deploy",
            "name": "塞雷娅",
            "location": [
                5,
                4
            ],
            "direction": "Up"
        },
        {
            "type": "Deploy",
            "name": "浊心斯卡蒂",
            "location": [
                6,
                4
            ],
            "direction": "Down"
        },
        {
            "type": "Deploy",
            "name": "艾雅法拉",
            "location": [
                6,
                5
            ],
            "direction": "Left"
        },
        {
            "type": "Deploy",
            "name": "能天使",
            "location": [
                6,
                3
            ],
            "direction": "Right"
        }
    ],
    "doc": {
        "title": "H6-1 摆完挂机",
        "details": "统计日期：2024-05-11\n好评率：88.24%  浏览量：1717\n来源：Abelia  ID：24943\n2 60 3\n侬无言以对\nhttps://www.bilibili.com/video/BV1zy4y137UE/?spm_id_from=333.788&vd_source=6faa29886ed87abe38fa3d2cf8f7ae11"
    },
    "groups": [],
    "opers": [
        {
            "name": "浊心斯卡蒂",
            "skill": 2,
            "skill_usage": 0
        },
        {
            "name": "艾雅法拉",
            "skill": 2,
            "skill_usage": 0
        },
        {
            "name": "塞雷娅",
            "skill": 1,
            "skill_usage": 0
        },
        {
            "name": "煌",
            "skill": 2,
            "skill_usage": 0
        },
        {
            "name": "能天使",
            "skill": 3,
            "skill_usage": 0
        }
    ]
}