{
    "minimum_required": "v4.0.0",
    "stage_name": "main_14-14",
    "actions": [
        {
            "type": "Deploy",
            "name": "令",
            "location": [
                7,
                6
            ],
            "direction": "Up"
        },
        {
            "type": "BulletTime",
            "name": "令",
            "costs": 17
        },
        {
            "type": "Deploy",
            "name": "“弦惊”",
            "location": [
                8,
                3
            ],
            "direction": "Right"
        },
        {
            "type": "BulletTime",
            "name": "令",
            "costs": 19
        },
        {
            "type": "Deploy",
            "name": "“弦惊”",
            "location": [
                8,
                4
            ],
            "direction": "Right"
        },
        {
            "type": "BulletTime",
            "name": "令",
            "costs": 21
        },
        {
            "type": "Deploy",
            "name": "“弦惊”",
            "location": [
                7,
                2
            ],
            "direction": "Right"
        },
        {
            "type": "Skill",
            "name": "令",
            "kills": 16,
            "pre_delay": 1000
        },
        {
            "type": "BulletTime",
            "name": "令",
            "costs": 23
        },
        {
            "type": "Deploy",
            "name": "“弦惊”",
            "location": [
                7,
                5
            ],
            "direction": "Right"
        },
        {
            "type": "SpeedUp"
        },
        {
            "type": "Skill",
            "name": "令",
            "kills": 35
        },
        {
            "type": "SkillDaemon"
        }
    ],
    "doc": {
        "title": "第十四章 慈悲灯塔 - 14-16（标准） - 抢占舷侧区域 单令速刷",
        "details": "统计日期：2024-05-25\n好评率：87.5%  浏览量：1079\n来源：萨拉托加  ID：36976\n标准难度，令90专三三模\n原作者碱性香菜 JSON作者萨拉托加\n作业交流群545928846，如果作业有问题可以加群找我，评论区不能及时回复，还可以去群里蹲我的新作业\n【【慈悲灯塔】14-16 令单人信赖队堵门速刷装置】 https://www.bilibili.com/video/BV1dm421p7qK/?share_source=copy_web&vd_source=3fd5040fe25f6a00e19e6072bcccfa4e"
    },
    "groups": [],
    "opers": [
        {
            "name": "令",
            "skill": 3,
            "skill_usage": 0
        }
    ]
}