{
    "minimum_required": "v4.0.0",
    "stage_name": "tough_14-05",
    "actions": [
        {
            "type": "SpeedUp"
        },
        {
            "type": "Deploy",
            "name": "煌",
            "location": [
                7,
                5
            ],
            "direction": "Right"
        },
        {
            "type": "Deploy",
            "name": "伊芙利特",
            "location": [
                1,
                4
            ],
            "direction": "Up"
        },
        {
            "type": "Deploy",
            "name": "艾雅法拉",
            "location": [
                7,
                4
            ],
            "direction": "Up"
        },
        {
            "type": "Deploy",
            "name": "闪灵",
            "location": [
                6,
                4
            ],
            "direction": "Right"
        }
    ],
    "doc": {
        "title": "第十四章 慈悲灯塔 - 14-6（磨难） - 确认交战视界 测试",
        "details": "统计日期：2024-06-01\n好评率：83.53%  浏览量：1915\n来源：5959  ID：36699\n第十四章 慈悲灯塔 - 14-6（磨难） - 确认交战视界"
    },
    "groups": [],
    "opers": [
        {
            "name": "伊芙利特",
            "skill": 2,
            "skill_usage": 0
        },
        {
            "name": "煌",
            "skill": 2,
            "skill_usage": 0
        },
        {
            "name": "艾雅法拉",
            "skill": 2,
            "skill_usage": 0
        },
        {
            "name": "闪灵",
            "skill": 2,
            "skill_usage": 0
        }
    ]
}