{
    "minimum_required": "v4.0.0",
    "stage_name": "tough_14-08",
    "actions": [
        {
            "type": "SpeedUp"
        },
        {
            "type": "Deploy",
            "name": "术师-中坚术师",
            "location": [
                4,
                5
            ],
            "direction": "Right"
        },
        {
            "type": "Deploy",
            "name": "先锋-情报官",
            "location": [
                1,
                5
            ],
            "direction": "Up"
        },
        {
            "type": "Deploy",
            "name": "近卫-强攻手",
            "location": [
                1,
                4
            ],
            "direction": "Up"
        },
        {
            "type": "Deploy",
            "name": "能天使",
            "location": [
                4,
                2
            ],
            "direction": "Left"
        },
        {
            "type": "Deploy",
            "name": "重装-守护者",
            "location": [
                3,
                3
            ],
            "direction": "Down"
        },
        {
            "type": "Deploy",
            "name": "术师-轰击术师",
            "location": [
                4,
                4
            ],
            "direction": "Left"
        },
        {
            "type": "Deploy",
            "name": "特种-伏击客",
            "location": [
                9,
                2
            ],
            "direction": "Down"
        },
        {
            "type": "SkillDaemon"
        }
    ],
    "doc": {
        "title": "第十四章 慈悲灯塔 - 14-9（磨难） - 应对饱和打击",
        "details": "统计日期：2024-06-01\n好评率：99.32%  浏览量：1459\n来源：备胎拯救方舟  ID：37005\n萧然Q"
    },
    "groups": [
        {
            "name": "先锋-情报官",
            "opers": [
                {
                    "name": "伊内丝",
                    "skill": 1,
                    "skill_usage": 1
                },
                {
                    "name": "晓歌",
                    "skill": 2,
                    "skill_usage": 1
                },
                {
                    "name": "风笛",
                    "skill": 2,
                    "skill_usage": 0
                }
            ]
        },
        {
            "name": "近卫-强攻手",
            "opers": [
                {
                    "name": "煌",
                    "skill": 2,
                    "skill_usage": 0
                },
                {
                    "name": "棘刺",
                    "skill": 3,
                    "skill_usage": 1
                },
                {
                    "name": "仇白",
                    "skill": 2,
                    "skill_usage": 1
                },
                {
                    "name": "帕拉斯"
                }
            ]
        },
        {
            "name": "重装-守护者",
            "opers": [
                {
                    "name": "塞雷娅",
                    "skill": 1,
                    "skill_usage": 0
                },
                {
                    "name": "黍",
                    "skill": 1,
                    "skill_usage": 0
                }
            ]
        },
        {
            "name": "术师-中坚术师",
            "opers": [
                {
                    "name": "艾雅法拉",
                    "skill": 2,
                    "skill_usage": 0
                },
                {
                    "name": "塑心",
                    "skill": 1,
                    "skill_usage": 0
                }
            ]
        },
        {
            "name": "术师-轰击术师",
            "opers": [
                {
                    "name": "伊芙利特",
                    "skill": 2,
                    "skill_usage": 0
                },
                {
                    "name": "莱伊",
                    "skill": 3,
                    "skill_usage": 1
                },
                {
                    "name": "维什戴尔",
                    "skill": 3,
                    "skill_usage": 1
                }
            ]
        },
        {
            "name": "特种-伏击客",
            "opers": [
                {
                    "name": "水月",
                    "skill": 1,
                    "skill_usage": 0
                },
                {
                    "name": "银灰"
                },
                {
                    "name": "史尔特尔"
                },
                {
                    "name": "赫拉格"
                },
                {
                    "name": "赫德雷",
                    "skill": 1,
                    "skill_usage": 0
                },
                {
                    "name": "山",
                    "skill": 1,
                    "skill_usage": 0
                },
                {
                    "name": "推进之王",
                    "skill": 2,
                    "skill_usage": 0
                },
                {
                    "name": "艾丽妮"
                },
                {
                    "name": "锏"
                },
                {
                    "name": "止颂"
                },
                {
                    "name": "暴行"
                },
                {
                    "name": "斯卡蒂"
                },
                {
                    "name": "阿斯卡伦",
                    "skill": 1,
                    "skill_usage": 0
                }
            ]
        }
    ],
    "opers": [
        {
            "name": "能天使",
            "skill": 3,
            "skill_usage": 0
        }
    ]
}