{
    "minimum_required": "v4.0.0",
    "stage_name": "hard_14-03",
    "actions": [
        {
            "type": "Deploy",
            "name": "桃金娘",
            "location": [
                9,
                1
            ],
            "direction": "Left"
        },
        {
            "type": "Deploy",
            "name": "能天使",
            "location": [
                7,
                1
            ],
            "direction": "Down"
        },
        {
            "type": "Deploy",
            "name": "澄闪",
            "location": [
                8,
                5
            ],
            "direction": "Up"
        },
        {
            "type": "Deploy",
            "name": "黍",
            "location": [
                8,
                3
            ],
            "direction": "Left"
        },
        {
            "type": "Deploy",
            "name": "纯烬艾雅法拉",
            "location": [
                7,
                5
            ],
            "direction": "Up"
        },
        {
            "type": "Deploy",
            "name": "塑心",
            "location": [
                8,
                2
            ],
            "direction": "Right"
        },
        {
            "type": "SpeedUp"
        },
        {
            "type": "Deploy",
            "name": "浊心斯卡蒂",
            "location": [
                7,
                4
            ],
            "direction": "Right"
        },
        {
            "type": "Deploy",
            "name": "夜莺",
            "location": [
                8,
                4
            ],
            "direction": "Up"
        },
        {
            "type": "Deploy",
            "name": "艾雅法拉",
            "location": [
                8,
                1
            ],
            "direction": "Down"
        },
        {
            "type": "Deploy",
            "name": "伊桑",
            "location": [
                7,
                2
            ],
            "direction": "Right"
        },
        {
            "type": "Retreat",
            "name": "桃金娘"
        },
        {
            "type": "Deploy",
            "name": "幻影",
            "location": [
                6,
                5
            ],
            "direction": "None"
        },
        {
            "type": "Deploy",
            "name": "斯卡蒂的海嗣",
            "location": [
                9,
                2
            ],
            "direction": "None"
        },
        {
            "type": "SkillUsage",
            "name": "幻影",
            "skill_usage": 1
        },
        {
            "type": "SkillUsage",
            "name": "斯卡蒂的海嗣",
            "skill_usage": 1
        },
        {
            "type": "Deploy",
            "name": "Lancet-2",
            "location": [
                6,
                1
            ],
            "direction": "Down"
        },
        {
            "type": "Deploy",
            "name": "Castle-3",
            "location": [
                9,
                4
            ],
            "direction": "Down"
        },
        {
            "type": "SkillDaemon"
        }
    ],
    "doc": {
        "title": "第十四章 慈悲灯塔 - H14-3（标准） - 灯塔行动-3",
        "details": "统计日期：2024-05-25\n好评率：99.15%  浏览量：20748\n来源：萨拉托加  ID：37322\n原作者萧然Q json作者萨拉托加\n作业交流群群号216314927，有问题进群，作业站消息没提醒看不到\n【【灯塔行动】H14-1至H14-4 摆完挂机 简单好抄】 https://www.bilibili.com/video/BV1ef42127uN/?share_source=copy_web&vd_source=3fd5040fe25f6a00e19e6072bcccfa4e"
    },
    "groups": [],
    "opers": [
        {
            "name": "桃金娘",
            "skill": 1,
            "skill_usage": 1
        },
        {
            "name": "能天使",
            "skill": 3,
            "skill_usage": 0
        },
        {
            "name": "澄闪",
            "skill": 2,
            "skill_usage": 0
        },
        {
            "name": "夜莺",
            "skill": 2,
            "skill_usage": 0
        },
        {
            "name": "浊心斯卡蒂",
            "skill": 2,
            "skill_usage": 0
        },
        {
            "name": "黍",
            "skill": 1,
            "skill_usage": 0
        },
        {
            "name": "艾雅法拉",
            "skill": 2,
            "skill_usage": 0
        },
        {
            "name": "纯烬艾雅法拉",
            "skill": 1,
            "skill_usage": 0
        },
        {
            "name": "塑心",
            "skill": 1,
            "skill_usage": 0
        },
        {
            "name": "伊桑",
            "skill": 1,
            "skill_usage": 0
        },
        {
            "name": "Lancet-2",
            "skill": 1,
            "skill_usage": 1
        },
        {
            "name": "Castle-3",
            "skill": 1,
            "skill_usage": 1
        }
    ]
}