{
  "minimum_required": "v4.0.0",
  "actions": [
    {
      "type": "SpeedUp"
    },
    {
      "type": "Deploy",
      "name": "拉普兰德",
      "location": [
        5,
        4
      ],
      "direction": "Right"
    },
    {
      "type": "Deploy",
      "name": "异客",
      "location": [
        5,
        3
      ],
      "direction": "Right"
    },
    {
      "type": "Deploy",
      "name": "闪灵",
      "location": [
        5,
        1
      ],
      "direction": "Down"
    },
    {
      "type": "Deploy",
      "name": "煌",
      "location": [
        6,
        2
      ],
      "direction": "Down"
    },
    {
      "type": "Output",
      "doc_color": "#6f42c1",
      "doc": "给个好评吧，亲~"
    }
  ],
  "doc": {
    "title": "异客模组摆完挂机-王权金币",
    "details": "侬无言以对模组任务摆完挂机合集:BV1wU4y177Qu\n3星通关主题曲5-10；必须编入非助战异客并上场，且使用异客歼灭至少2个粉碎攻坚手\n筱竹聽雨"
  },
  "groups": [],
  "opers": [
    {
      "name": "闪灵",
      "skill": 2,
      "skill_usage": 0
    },
    {
      "name": "拉普兰德",
      "skill": 2,
      "skill_usage": 0
    },
    {
      "name": "煌",
      "skill": 2,
      "skill_usage": 0
    },
    {
      "name": "异客",
      "skill": 1,
      "skill_usage": 0
    }
  ],
  "stage_name": "obt/main/level_main_05-10"
}