{
  "minimum_required": "v4.0.0",
  "actions": [
    {
      "type": "SpeedUp"
    },
    {
      "type": "Deploy",
      "name": "耀骑士临光",
      "location": [
        8,
        3
      ],
      "direction": "Up"
    },
    {
      "type": "Deploy",
      "name": "推进之王",
      "location": [
        7,
        4
      ],
      "direction": "Up"
    },
    {
      "type": "Deploy",
      "name": "塞雷娅",
      "location": [
        9,
        1
      ],
      "direction": "Left"
    },
    {
      "type": "Deploy",
      "name": "艾雅法拉",
      "location": [
        4,
        2
      ],
      "direction": "Right"
    },
    {
      "type": "Deploy",
      "name": "泥岩",
      "location": [
        5,
        1
      ],
      "direction": "Right"
    },
    {
      "type": "Deploy",
      "name": "煌",
      "location": [
        3,
        1
      ],
      "direction": "Right"
    },
    {
      "type": "Output",
      "doc_color": "#6f42c1",
      "doc": "给个好评吧，亲~"
    }
  ],
  "doc": {
    "title": "耀骑士临光模组摆完挂机-耀阳锋刃",
    "details": "侬无言以对模组任务摆完挂机合集:BV1wU4y177Qu\n3星通关别传MN-8；必须编入非助战耀骑士临光并上场，且使用耀骑士临光歼灭至少1个腐败骑士或凋零骑士\n筱竹聽雨"
  },
  "groups": [],
  "opers": [
    {
      "name": "塞雷娅",
      "skill": 2,
      "skill_usage": 0
    },
    {
      "name": "耀骑士临光",
      "skill": 1,
      "skill_usage": 0
    },
    {
      "name": "推进之王",
      "skill": 2,
      "skill_usage": 0
    },
    {
      "name": "艾雅法拉",
      "skill": 2,
      "skill_usage": 0
    },
    {
      "name": "泥岩",
      "skill": 2,
      "skill_usage": 0
    },
    {
      "name": "煌",
      "skill": 2,
      "skill_usage": 0
    }
  ],
  "stage_name": "activities/act13d5/level_act13d5_08"
}