{
    "minimum_required": "v4.0.0",
    "stage_name": "mem_aglina_1",
    "actions": [
        {
            "type": "Deploy",
            "name": "暗索",
            "location": [
                10,
                4
            ],
            "direction": "Left"
        },
        {
            "type": "Deploy",
            "name": "安洁莉娜",
            "location": [
                3,
                5
            ],
            "direction": "Up"
        },
        {
            "type": "SpeedUp"
        },
        {
            "type": "Deploy",
            "name": "食铁兽",
            "location": [
                7,
                3
            ],
            "direction": "Right",
            "costs": 20
        },
        {
            "type": "Skill",
            "name": "安洁莉娜",
            "location": [
                3,
                5
            ],
            "kills": 1,
            "pre_delay": 1000,
            "rear_delay": 0
        },
        {
            "type": "Skill",
            "name": "安洁莉娜",
            "location": [
                3,
                5
            ],
            "kills": 33,
            "pre_delay": 2000
        },
        {
            "type": "Skill",
            "name": "安洁莉娜",
            "location": [
                3,
                5
            ],
            "kills": 44,
            "pre_delay": 5000,
            "rear_delay": 0
        },
        {
            "type": "Deploy",
            "name": "砾",
            "location": [
                8,
                3
            ],
            "rear_delay": 1,
            "direction": "Down"
        },
        {
            "type": "Retreat",
            "name": "砾",
            "location": [
                8,
                3
            ],
            "kills": 50
        },
        {
            "type": "Skill",
            "name": "安洁莉娜",
            "location": [
                3,
                5
            ]
        },
        {
            "type": "Deploy",
            "name": "砾",
            "location": [
                8,
                3
            ],
            "rear_delay": 1,
            "direction": "Down"
        },
        {
            "type": "SkillDaemon"
        }
    ],
    "doc": {
        "title": "悖论模拟-辅助 - 安洁莉娜 - 超越重力",
        "details": "作业更新日期: 2024-08-05T15:29:15Z\n统计更新日期: 2024-10-09\n好评率：50.0%  浏览量：383\n来源：野王一代目  ID：39938\n亲测十次  安洁莉娜精2 60级 7级3技能  稳过"
    },
    "groups": [],
    "opers": [
        {
            "name": "安洁莉娜",
            "skill": 3,
            "skill_usage": 0
        },
        {
            "name": "暗索"
        },
        {
            "name": "食铁兽",
            "skill": 1,
            "skill_usage": 0
        },
        {
            "name": "砾",
            "skill": 2,
            "skill_usage": 0
        }
    ]
}