{
  "minimum_required": "v4.0.0",
  "stage_name": "main_09-01",
  "actions": [
    {
      "type": "SpeedUp",
      "rear_delay": 0
    },
    {
      "type": "Deploy",
      "name": "推进之王",
      "location": [
        5,
        3
      ],
      "direction": "Left",
      "rear_delay": 0
    },
    {
      "type": "Deploy",
      "name": "能天使",
      "location": [
        5,
        5
      ],
      "direction": "Up",
      "rear_delay": 0
    },
    {
      "type": "Deploy",
      "name": "泥岩",
      "location": [
        3,
        4
      ],
      "direction": "Left",
      "rear_delay": 0
    },
    {
      "type": "SkillDaemon"
    }
  ],
  "doc": {
    "title": "第九章 风暴瞭望 - 9-2（标准） - 鬼魂危机",
    "details": "https://www.bilibili.com/video/BV1QL411x78C/?spm_id_from=333.337.search-card.all.click\n突袭"
  },
  "groups": [],
  "opers": [
    {
      "name": "推进之王",
      "skill": 2,
      "skill_usage": 0
    },
    {
      "name": "能天使",
      "skill": 3,
      "skill_usage": 0
    },
    {
      "name": "泥岩",
      "skill": 2,
      "skill_usage": 0
    }
  ],
  "difficulty": 2
}