{
    "minimum_required": "v4.0.0",
    "stage_name": "main_11-06",
    "actions": [
        {
            "type": "Deploy",
            "name": "煌",
            "location": [
                5,
                4
            ],
            "direction": "Up"
        },
        {
            "type": "SpeedUp"
        },
        {
            "type": "Deploy",
            "name": "奶盾",
            "location": [
                5,
                5
            ],
            "direction": "Right"
        },
        {
            "type": "Deploy",
            "name": "奶",
            "location": [
                6,
                4
            ],
            "direction": "Left"
        },
        {
            "type": "Deploy",
            "name": "卡达",
            "location": [
                4,
                4
            ],
            "direction": "Right"
        },
        {
            "type": "SkillDaemon"
        }
    ],
    "doc": {
        "title": "卡达模组任务 - 11-7（标准） - 大菲林脱敏实验",
        "details": "——————————\n作业更新日期: 2025-01-04T00:16:35Z\n统计更新日期: 2025-07-29\n好评率：88.89%  浏览量：499\n来源：一只摆烂的42  ID：45258\n——————————\n卡达「大菲林脱敏实验」模组任务\n3星通关主题曲11-7标准实战环境；必须编入非助战卡达并上场，且使用卡达歼灭至少1名食腐使徒\nUP：雷欧奇卡斯\n原视频：https://www.bilibili.com/video/BV17Q4y1V7VW/\n制作者：一只摆烂的42\n有问题联系QQ2586582719\n修改自用请删除我的QQ"
    },
    "groups": [
        {
            "name": "奶",
            "opers": [
                {
                    "name": "纯烬艾雅法拉",
                    "skill": 1,
                    "skill_usage": 0
                },
                {
                    "name": "闪灵",
                    "skill": 2,
                    "skill_usage": 0
                }
            ]
        },
        {
            "name": "奶盾",
            "opers": [
                {
                    "name": "黍",
                    "skill": 1,
                    "skill_usage": 0
                },
                {
                    "name": "塞雷娅",
                    "skill": 1,
                    "skill_usage": 0
                }
            ]
        }
    ],
    "opers": [
        {
            "name": "煌",
            "skill": 2,
            "skill_usage": 0
        },
        {
            "name": "卡达",
            "skill": 2,
            "skill_usage": 1
        }
    ]
}