{
    "minimum_required": "v4.0.0",
    "stage_name": "main_05-10",
    "actions": [
        {
            "type": "SpeedUp"
        },
        {
            "type": "Deploy",
            "name": "煌",
            "location": [
                5,
                4
            ],
            "direction": "Up",
            "costs": 24
        },
        {
            "type": "Deploy",
            "name": "玛露西尔",
            "location": [
                5,
                3
            ],
            "direction": "Right",
            "costs": 34
        },
        {
            "type": "Deploy",
            "name": "奶妈",
            "location": [
                4,
                3
            ],
            "direction": "Right"
        },
        {
            "type": "Deploy",
            "name": "奶盾",
            "location": [
                4,
                2
            ],
            "direction": "Right",
            "doc_color": "Gray",
            "doc": "游戏结束，开始挂机"
        }
    ],
    "doc": {
        "title": "第五章 靶向药物 - 5-10 - 长夜终尽（玛露西尔模组施工完成）",
        "details": "——————————\n作业更新日期: 2025-01-20T18:55:05Z\n统计更新日期: 2025-07-29\n好评率：88.89%  浏览量：365\n来源：莱欧斯利  ID：45605\n——————————\njson作者喵师傅，攻略原作者涂绘天菜\nbv号BV1NUHCe1EsA，链接：http://b23.tv/5jjOGXZ\n马鹿专三"
    },
    "groups": [
        {
            "name": "奶盾",
            "opers": [
                {
                    "name": "黍",
                    "skill": 1,
                    "skill_usage": 0
                },
                {
                    "name": "塞雷娅",
                    "skill": 1,
                    "skill_usage": 0
                }
            ]
        },
        {
            "name": "奶妈",
            "opers": [
                {
                    "name": "流明",
                    "skill": 3,
                    "skill_usage": 2,
                    "skill_times": 1
                },
                {
                    "name": "闪灵",
                    "skill": 2,
                    "skill_usage": 0
                },
                {
                    "name": "纯烬艾雅法拉",
                    "skill": 1,
                    "skill_usage": 0
                }
            ]
        },
        {
            "name": "煌",
            "opers": [
                {
                    "name": "煌",
                    "skill": 2,
                    "skill_usage": 0
                },
                {
                    "name": "乌尔比安",
                    "skill": 2,
                    "skill_usage": 0
                }
            ]
        }
    ],
    "opers": [
        {
            "name": "玛露西尔",
            "skill": 2,
            "skill_usage": 0
        }
    ],
    "difficulty": 1
}