{
    "minimum_required": "v4.0.0",
    "stage_name": "mem_angel_1",
    "actions": [
        {
            "type": "SpeedUp"
        },
        {
            "type": "Deploy",
            "name": "极境",
            "location": [
                6,
                6
            ],
            "direction": "Up"
        },
        {
            "type": "Deploy",
            "name": "古米",
            "location": [
                6,
                5
            ],
            "direction": "Up"
        },
        {
            "type": "Deploy",
            "name": "能天使",
            "location": [
                5,
                5
            ],
            "direction": "Up"
        },
        {
            "type": "Skill",
            "costs": 60,
            "name": "能天使"
        },
        {
            "type": "Skill",
            "name": "能天使",
            "kills": 18,
            "pre_delay": 3200
        },
        {
            "type": "SpeedUp",
            "kills": 32
        },
        {
            "type": "Skill",
            "name": "能天使",
            "kills": 33
        },
        {
            "type": "Deploy",
            "name": "轰隆隆先生",
            "location": [
                4,
                4
            ],
            "direction": "Up"
        },
        {
            "type": "SpeedUp"
        }
    ],
    "doc": {
        "title": "狙击 - 能天使 - 拉特兰风格 - 悖论模拟",
        "details": "——————————\n作业更新日期: 2023-04-15T16:58:35Z\n统计更新日期: 2025-10-01\n相对评分：85.42%  相对热度：75.73%\n来源：喜多郁代  ID：22583\n——————————\nhttps://www.bilibili.com/video/BV1UZ4y1w7T4/\n倾九_Komy"
    },
    "groups": [],
    "opers": [
        {
            "name": "极境",
            "skill": 2,
            "skill_usage": 2
        },
        {
            "name": "古米",
            "skill": 1,
            "skill_usage": 0
        },
        {
            "name": "能天使",
            "skill": 2,
            "skill_usage": 0
        }
    ]
}