{
    "minimum_required": "v4.0.0",
    "stage_name": "tough_13-11",
    "actions": [
        {
            "type": "Deploy",
            "name": "艾雅法拉",
            "location": [
                6,
                1
            ],
            "direction": "Down"
        },
        {
            "type": "SpeedUp"
        },
        {
            "type": "Deploy",
            "name": "能天使",
            "location": [
                5,
                1
            ],
            "direction": "Down"
        },
        {
            "type": "Deploy",
            "name": "刻俄柏",
            "location": [
                5,
                5
            ],
            "direction": "Up"
        },
        {
            "type": "Deploy",
            "name": "伊芙利特",
            "location": [
                7,
                1
            ],
            "direction": "Down"
        },
        {
            "type": "SkillDaemon"
        }
    ],
    "doc": {
        "title": "第十三章 恶兆湍流 - 13-13（磨难） - 骸骨之中",
        "details": "统计日期：2024-05-24\n好评率：93.78%  浏览量：4797\n来源：萨拉托加  ID：28815\n13-13磨难，2603，小刻七级技能也能过\n【【明日方舟】13-13摆完挂机（磨难险地环境/恶兆湍流）】 https://www.bilibili.com/video/BV1Qm4y1u7qH/?share_source=copy_web&vd_source=3fd5040fe25f6a00e19e6072bcccfa4e UP侬无言以对\n"
    },
    "groups": [],
    "opers": [
        {
            "name": "伊芙利特",
            "skill": 2,
            "skill_usage": 0
        },
        {
            "name": "艾雅法拉",
            "skill": 2,
            "skill_usage": 0
        },
        {
            "name": "能天使",
            "skill": 3,
            "skill_usage": 0
        },
        {
            "name": "刻俄柏",
            "skill": 1,
            "skill_usage": 0
        }
    ]
}