{
    "minimum_required": "v4.0.0",
    "stage_name": "tough_13-07",
    "actions": [
        {
            "type": "Deploy",
            "name": "桃金娘",
            "location": [
                3,
                4
            ],
            "direction": "Right"
        },
        {
            "type": "Deploy",
            "name": "山",
            "location": [
                6,
                2
            ],
            "direction": "Right"
        },
        {
            "type": "Deploy",
            "name": "棘刺",
            "location": [
                5,
                4
            ],
            "direction": "Right"
        },
        {
            "type": "Deploy",
            "name": "闪灵",
            "location": [
                5,
                5
            ],
            "direction": "Up"
        },
        {
            "type": "SpeedUp"
        },
        {
            "type": "Deploy",
            "name": "能天使",
            "location": [
                10,
                5
            ],
            "direction": "Up"
        },
        {
            "type": "Skill",
            "name": "炸弹载荷点",
            "location": [
                11,
                1
            ],
            "costs": 10
        },
        {
            "type": "Deploy",
            "name": "塞雷娅",
            "location": [
                4,
                4
            ],
            "direction": "Right"
        },
        {
            "type": "Deploy",
            "name": "速狙",
            "location": [
                7,
                5
            ],
            "direction": "Right"
        },
        {
            "type": "SkillUsage",
            "name": "桃金娘",
            "skill_usage": 0
        },
        {
            "type": "SkillDaemon"
        }
    ],
    "doc": {
        "title": "第十三章 恶兆湍流 - 13-8（磨难） - 不虞之会",
        "details": "统计日期：2024-05-24\n好评率：95.28%  浏览量：5100\n来源：萨拉托加  ID：28801\n10.12重新修改，原作业不好抄我换了个作业，这次应该能稳过\n13-8磨难，2603\n【【恶兆湍流】主线十三章13-8磨难险地摆完挂机简单好抄明日方舟】 https://www.bilibili.com/video/BV1xN4y1Z7fL/?share_source=copy_web&vd_source=3fd5040fe25f6a00e19e6072bcccfa4e UP祈星_Estrella"
    },
    "groups": [
        {
            "name": "速狙",
            "opers": [
                {
                    "name": "克洛丝",
                    "skill": 1,
                    "skill_usage": 0
                },
                {
                    "name": "蓝毒",
                    "skill": 1,
                    "skill_usage": 0
                }
            ]
        }
    ],
    "opers": [
        {
            "name": "棘刺",
            "skill": 3,
            "skill_usage": 1
        },
        {
            "name": "塞雷娅",
            "skill": 1,
            "skill_usage": 0
        },
        {
            "name": "山",
            "skill": 2,
            "skill_usage": 2
        },
        {
            "name": "闪灵",
            "skill": 2,
            "skill_usage": 0
        },
        {
            "name": "能天使",
            "skill": 3,
            "skill_usage": 0
        },
        {
            "name": "桃金娘",
            "skill": 1,
            "skill_usage": 1
        }
    ]
}