{
    "minimum_required": "v4.0.0",
    "stage_name": "mem_pinecn_1",
    "actions": [
        {
            "type": "SpeedUp",
            "kills": 0
        },
        {
            "type": "Deploy",
            "name": "松果",
            "location": [
                4,
                5
            ],
            "direction": "Up"
        },
        {
            "type": "Skill",
            "name": "松果",
            "location": [
                4,
                5
            ],
            "costs": 32
        },
        {
            "type": "Deploy",
            "name": "米格鲁",
            "location": [
                2,
                3
            ],
            "kills": 2,
            "direction": "Right"
        },
        {
            "type": "Deploy",
            "name": "斑点",
            "location": [
                2,
                4
            ],
            "costs": 19,
            "direction": "Right"
        },
        {
            "type": "Deploy",
            "name": "蛇屠箱",
            "location": [
                8,
                2
            ],
            "costs": 23,
            "direction": "Left"
        },
        {
            "type": "Skill",
            "name": "松果",
            "location": [
                4,
                5
            ],
            "costs": 17
        },
        {
            "type": "Skill",
            "name": "斑点",
            "location": [
                2,
                4
            ]
        },
        {
            "type": "Skill",
            "name": "松果",
            "location": [
                4,
                5
            ],
            "costs": 37
        },
        {
            "type": "Skill",
            "name": "松果",
            "location": [
                4,
                5
            ],
            "costs": 39
        },
        {
            "type": "Skill",
            "name": "松果",
            "location": [
                4,
                5
            ],
            "costs": 41
        },
        {
            "type": "Deploy",
            "name": "古米",
            "location": [
                8,
                3
            ],
            "direction": "Left",
            "costs": 43
        },
        {
            "type": "Deploy",
            "name": "雪雉的安全起重机",
            "location": [
                4,
                4
            ],
            "costs": 26,
            "direction": "Down"
        },
        {
            "type": "Deploy",
            "name": "松果",
            "location": [
                7,
                1
            ],
            "direction": "Down"
        },
        {
            "type": "Skill",
            "name": "松果",
            "location": [
                7,
                1
            ],
            "costs": 45
        },
        {
            "type": "Skill",
            "name": "松果",
            "location": [
                7,
                1
            ],
            "costs": 67
        },
        {
            "type": "Skill",
            "name": "松果",
            "location": [
                7,
                1
            ],
            "costs": 69
        },
        {
            "type": "Skill",
            "name": "松果",
            "location": [
                7,
                1
            ],
            "costs": 71
        },
        {
            "type": "Skill",
            "name": "松果",
            "location": [
                7,
                1
            ],
            "costs": 90
        },
        {
            "type": "Skill",
            "name": "松果",
            "location": [
                7,
                1
            ],
            "costs": 92
        },
        {
            "type": "Skill",
            "name": "松果",
            "location": [
                7,
                1
            ]
        }
    ],
    "doc": {
        "title": "狙击 - 松果 - 小憩",
        "details": "作业更新日期: 2023-11-11T02:25:59Z\n统计更新日期: 2024-12-12\n好评率：51.85%  浏览量：751\n来源：human  ID：30050\n在原作业的基础上，松果提前用技能\n原作业：maa://23168\n\n目前2023年5月3日05:18:39 正在检查中，请稍等\n截止2023年5月3日05:48:07 检查完毕，请注意：\n本人实录 “精二50“ “一技能Lv7” 能过，低于以上暂时未知成功与否。\n代理可能三把里面有一把会有漏怪风险，但刚好能挡住或歼灭敌人。\n如果代理有误，请自行按照代理思路手动操作，本人咸鱼请谅解，谢谢。\n最后，祝小伙伴使用愉快~\n--\n哔哩哔哩：请叫我毛线哦\n有问题可以到B站私信我，或者看我动态顶置加入QQ频道反馈。"
    },
    "groups": [],
    "opers": [
        {
            "name": "松果",
            "skill": 1,
            "skill_usage": 0
        },
        {
            "name": "斑点",
            "skill": 1,
            "skill_usage": 0
        },
        {
            "name": "米格鲁",
            "skill": 1,
            "skill_usage": 0
        },
        {
            "name": "蛇屠箱",
            "skill": 2,
            "skill_usage": 0
        },
        {
            "name": "古米",
            "skill": 1,
            "skill_usage": 0
        },
        {
            "name": "雪雉的安全起重机",
            "skill": 1,
            "skill_usage": 0
        }
    ]
}