{
    "minimum_required": "v4.0.0",
    "stage_name": "mem_provs_1",
    "actions": [
        {
            "type": "SpeedUp"
        },
        {
            "type": "Deploy",
            "cost_changes": 0,
            "name": "但书",
            "location": [
                3,
                3
            ],
            "direction": "Up"
        },
        {
            "type": "Deploy",
            "name": "白金",
            "location": [
                8,
                5
            ],
            "direction": "Up",
            "costs": 0,
            "rear_delay": 0
        },
        {
            "type": "Deploy",
            "name": "莱恩哈特",
            "location": [
                1,
                3
            ],
            "direction": "Right"
        },
        {
            "type": "Skill",
            "name": "莱恩哈特",
            "location": [
                1,
                3
            ],
            "pre_delay": 6500
        },
        {
            "type": "Skill",
            "name": "但书",
            "location": [
                3,
                3
            ],
            "pre_delay": 6500
        },
        {
            "type": "Skill",
            "name": "莱恩哈特",
            "location": [
                1,
                3
            ]
        },
        {
            "type": "Skill",
            "name": "莱恩哈特",
            "location": [
                1,
                3
            ],
            "kills": 24
        },
        {
            "type": "Skill",
            "name": "但书",
            "location": [
                3,
                3
            ]
        },
        {
            "type": "Skill",
            "name": "莱恩哈特",
            "location": [
                1,
                3
            ]
        },
        {
            "type": "Skill",
            "name": "但书",
            "location": [
                3,
                3
            ],
            "pre_delay": 18000
        },
        {
            "type": "Skill",
            "name": "莱恩哈特",
            "location": [
                1,
                3
            ]
        },
        {
            "type": "Skill",
            "name": "莱恩哈特",
            "location": [
                1,
                3
            ],
            "pre_delay": 2000
        }
    ],
    "doc": {
        "title": "辅助 - 但书 - “雄辩是金” 悖论模拟（自用）",
        "details": "作业更新日期: 2023-12-21T08:08:33Z\n统计更新日期: 2024-11-09\n好评率：85.06%  浏览量：1760\n来源：|若笙|  ID：31215\n原作者：FredEdie\n调轴自用\n练度2011测试通过"
    },
    "groups": [],
    "opers": [
        {
            "name": "但书",
            "skill": 2,
            "skill_usage": 0
        }
    ]
}