{
    "minimum_required": "v4.0.0",
    "stage_name": "mem_tknogi_1",
    "actions": [
        {
            "type": "Deploy",
            "name": "月禾",
            "location": [
                4,
                4
            ],
            "direction": "Up"
        },
        {
            "type": "SpeedUp"
        },
        {
            "type": "Deploy",
            "name": "赤冬",
            "location": [
                2,
                3
            ],
            "direction": "Left"
        },
        {
            "type": "Deploy",
            "name": "宴",
            "location": [
                6,
                3
            ],
            "direction": "Right"
        },
        {
            "type": "Skill",
            "name": "月禾",
            "costs": 13
        },
        {
            "type": "Skill",
            "name": "赤冬",
            "kills": 7
        },
        {
            "type": "Skill",
            "name": "宴",
            "kills": 22
        },
        {
            "type": "Skill",
            "name": "赤冬",
            "costs": 85
        },
        {
            "type": "Skill",
            "name": "月禾"
        }
    ],
    "doc": {
        "title": "辅助 - 月禾 - 御护",
        "details": "统计日期：2024-05-31\n好评率：100.0%  浏览量：322\n来源：一只摆烂的42  ID：24392\nhttps://www.bilibili.com/video/BV1zs4y1V7au/\n练度精二20级 7级技能\n制作者：一只摆烂的42\n有问题联系QQ2586582719"
    },
    "groups": [],
    "opers": [
        {
            "name": "月禾",
            "skill": 2,
            "skill_usage": 0
        }
    ]
}