{
    "minimum_required": "v4.0.0",
    "stage_name": "mem_orchid_1",
    "actions": [
        {
            "type": "Deploy",
            "name": "梓兰",
            "location": [
                3,
                2
            ],
            "direction": "Down",
            "cost_changes": 8
        },
        {
            "type": "Deploy",
            "name": "芙蓉",
            "location": [
                2,
                2
            ],
            "direction": "Down"
        },
        {
            "type": "SpeedUp"
        },
        {
            "type": "Skill",
            "name": "月见夜",
            "location": [
                1,
                4
            ],
            "kills": 1
        },
        {
            "type": "Skill",
            "name": "梓兰",
            "location": [
                3,
                2
            ],
            "kills": 1
        },
        {
            "type": "Skill",
            "kills": 2,
            "name": "芙蓉",
            "location": [
                2,
                2
            ],
            "pre_delay": 0
        },
        {
            "type": "Skill",
            "location": [
                3,
                2
            ],
            "name": "梓兰",
            "kills": 10,
            "pre_delay": 3000
        },
        {
            "type": "Skill",
            "name": "月见夜",
            "location": [
                1,
                4
            ],
            "kills": 11
        }
    ],
    "doc": {
        "title": "梓兰 悖论模拟 心态平和",
        "details": "作业更新日期: 2024-05-01T08:38:43Z\n统计更新日期: 2024-11-09\n好评率：97.53%  浏览量：3108\n来源：rihno  ID：36684\n干员等级：梓兰精一55级，一技能7级\n自动战斗作业作者：winwinyang"
    },
    "groups": [],
    "opers": [
        {
            "name": "梓兰",
            "skill": 1,
            "skill_usage": 0
        }
    ]
}