{
    "minimum_required": "v4.0.0",
    "stage_name": "mem_folivo_1",
    "actions": [
        {
            "type": "Deploy",
            "name": "稀音",
            "location": [
                6,
                5
            ],
            "direction": "Up"
        },
        {
            "type": "SpeedUp"
        },
        {
            "type": "Deploy",
            "name": "移动摄影器",
            "location": [
                2,
                3
            ],
            "direction": "Up",
            "costs": 13
        },
        {
            "type": "Deploy",
            "name": "移动摄影器",
            "location": [
                10,
                3
            ],
            "direction": "Up",
            "costs": 20
        },
        {
            "type": "Deploy",
            "name": "卡达",
            "location": [
                9,
                2
            ],
            "direction": "Left",
            "costs": 21
        },
        {
            "type": "Deploy",
            "name": "移动摄影器",
            "location": [
                7,
                4
            ],
            "direction": "Right",
            "costs": 10
        },
        {
            "type": "Deploy",
            "name": "移动摄影器",
            "location": [
                8,
                5
            ],
            "direction": "Left",
            "costs": 17
        },
        {
            "type": "Skill",
            "name": "卡达",
            "location": [
                9,
                2
            ],
            "costs": 32
        },
        {
            "type": "Deploy",
            "name": "阿消",
            "location": [
                5,
                4
            ],
            "costs": 35,
            "direction": "Up"
        },
        {
            "type": "Deploy",
            "name": "移动摄影器",
            "location": [
                4,
                5
            ],
            "direction": "Up"
        },
        {
            "type": "Retreat",
            "location": [
                4,
                5
            ],
            "costs": 25
        },
        {
            "type": "Skill",
            "name": "稀音",
            "location": [
                6,
                5
            ]
        },
        {
            "type": "Deploy",
            "name": "移动摄影器",
            "location": [
                4,
                5
            ],
            "direction": "Right"
        }
    ],
    "doc": {
        "title": "辅助 - 稀音 - 直面",
        "details": "作业更新日期: 2023-08-21T00:58:11Z\n统计更新日期: 2024-11-02\n好评率：95.06%  浏览量：1447\n来源：摸鱼月月子  ID：26228\nBV1eL411A7j5 已测试二技能无需专三"
    },
    "groups": [],
    "opers": [
        {
            "name": "稀音",
            "skill": 2,
            "skill_usage": 0
        }
    ]
}