{
    "minimum_required": "v4.0.0",
    "stage_name": "act33side_10",
    "actions": [
        {
            "type": "Deploy",
            "name": "泥岩",
            "location": [
                9,
                5
            ],
            "direction": "Down"
        },
        {
            "type": "Deploy",
            "name": "奶盾",
            "location": [
                5,
                5
            ],
            "direction": "Down"
        },
        {
            "type": "Deploy",
            "name": "棘刺",
            "location": [
                4,
                6
            ],
            "direction": "Right"
        },
        {
            "type": "Deploy",
            "name": "塞雷娅",
            "location": [
                5,
                3
            ],
            "direction": "Down"
        },
        {
            "type": "Deploy",
            "name": "水月",
            "location": [
                4,
                2
            ],
            "direction": "Left"
        },
        {
            "type": "SpeedUp"
        },
        {
            "type": "Deploy",
            "name": "星熊",
            "location": [
                7,
                3
            ],
            "direction": "Right"
        },
        {
            "type": "Deploy",
            "name": "艾雅法拉",
            "location": [
                10,
                4
            ],
            "direction": "Down"
        },
        {
            "type": "SkillDaemon"
        }
    ],
    "doc": {
        "title": "巴别塔 - BB-10 - 再见，再见",
        "details": "统计日期：2024-05-03\n好评率：99.0%  浏览量：31451\n来源：萨拉托加  ID：35918\n原作者萧然Q JSON作者萨拉托加\n作业交流群545928846，如果作业有问题可以加群找我，评论区不能及时回复，还可以去群里蹲我的新作业\n【【巴别塔】BB-1至BB-10 摆完挂机 简单好抄】 https://www.bilibili.com/video/BV1u1421m7Uj/?share_source=copy_web&vd_source=3fd5040fe25f6a00e19e6072bcccfa4e"
    },
    "groups": [
        {
            "name": "奶盾",
            "opers": [
                {
                    "name": "黍",
                    "skill": 1,
                    "skill_usage": 0
                },
                {
                    "name": "临光",
                    "skill": 1,
                    "skill_usage": 0
                }
            ]
        }
    ],
    "opers": [
        {
            "name": "棘刺",
            "skill": 3,
            "skill_usage": 1
        },
        {
            "name": "塞雷娅",
            "skill": 2,
            "skill_usage": 0
        },
        {
            "name": "星熊",
            "skill": 2,
            "skill_usage": 0
        },
        {
            "name": "艾雅法拉",
            "skill": 2,
            "skill_usage": 0
        },
        {
            "name": "泥岩",
            "skill": 2,
            "skill_usage": 0
        },
        {
            "name": "水月",
            "skill": 1,
            "skill_usage": 0
        }
    ]
}