{
    "minimum_required": "v4.0.0",
    "stage_name": "act33side_07",
    "actions": [
        {
            "type": "SpeedUp"
        },
        {
            "type": "Deploy",
            "name": "棘刺",
            "location": [
                2,
                4
            ],
            "direction": "Up"
        },
        {
            "type": "Deploy",
            "name": "银灰",
            "location": [
                4,
                5
            ],
            "direction": "Right"
        },
        {
            "type": "SpeedUp",
            "costs": 15
        },
        {
            "type": "Deploy",
            "name": "玛恩纳",
            "location": [
                6,
                4
            ],
            "direction": "Right",
            "costs": 17
        },
        {
            "type": "SpeedUp"
        },
        {
            "type": "Skill",
            "name": "银灰",
            "location": [
                4,
                5
            ]
        },
        {
            "type": "SpeedUp",
            "costs": 37
        },
        {
            "type": "Skill",
            "name": "玛恩纳",
            "location": [
                6,
                4
            ],
            "costs": 40
        },
        {
            "type": "SpeedUp"
        },
        {
            "type": "Output",
            "kills": 25,
            "pre_delay": 10000
        },
        {
            "type": "Skill",
            "name": "银灰",
            "location": [
                4,
                5
            ]
        },
        {
            "type": "Skill",
            "name": "玛恩纳",
            "location": [
                6,
                4
            ]
        },
        {
            "type": "Output",
            "doc_color": "DarkCyan",
            "doc": "如果觉得实用，请赏个好评吧~"
        }
    ],
    "doc": {
        "title": "【速刷异铁组】巴别塔 - BB-7",
        "details": "统计日期：2024-05-03\n好评率：90.0%  浏览量：3031\n来源：Issuing2890  ID：35932\n半禺心，http://b23.tv/BV1mp42197cP"
    },
    "groups": [],
    "opers": [
        {
            "name": "棘刺",
            "skill": 3,
            "skill_usage": 1
        },
        {
            "name": "玛恩纳",
            "skill": 3,
            "skill_usage": 0
        },
        {
            "name": "银灰",
            "skill": 3,
            "skill_usage": 0
        }
    ]
}