{
    "minimum_required": "v4.0.0",
    "stage_name": "act33side_ex04#f#",
    "difficulty": 3,
    "actions": [
        {
            "type": "Deploy",
            "name": "执旗手",
            "location": [
                7,
                2
            ],
            "direction": "Left"
        },
        {
            "type": "Deploy",
            "name": "障碍物",
            "location": [
                5,
                2
            ],
            "direction": "None"
        },
        {
            "type": "Deploy",
            "name": "障碍物",
            "location": [
                7,
                4
            ],
            "direction": "None"
        },
        {
            "type": "Deploy",
            "name": "障碍物",
            "location": [
                7,
                6
            ],
            "direction": "None"
        },
        {
            "type": "Deploy",
            "name": "强攻手",
            "location": [
                6,
                2
            ],
            "direction": "Down"
        },
        {
            "type": "SpeedUp"
        },
        {
            "type": "Deploy",
            "name": "群愈师",
            "location": [
                5,
                3
            ],
            "direction": "Down"
        },
        {
            "type": "Deploy",
            "name": "守护者",
            "location": [
                6,
                3
            ],
            "direction": "Down"
        },
        {
            "type": "Deploy",
            "name": "障碍物",
            "location": [
                5,
                4
            ],
            "direction": "None"
        },
        {
            "type": "Deploy",
            "name": "术师",
            "location": [
                5,
                5
            ],
            "direction": "Up"
        },
        {
            "type": "Deploy",
            "name": "伏击客",
            "location": [
                6,
                6
            ],
            "direction": "Up"
        },
        {
            "type": "SkillUsage",
            "name": "执旗手",
            "skill_usage": 0
        },
        {
            "type": "SkillDaemon"
        }
    ],
    "doc": {
        "title": "BB-EX-4（替换干员）",
        "details": "统计日期：2024-05-03\n好评率：98.0%  浏览量：4557\n来源：Reverse  ID：36103\n干员替换未经测试，不保证能过，请尽量使用原作业干员\n原作者萧然Q JSON作者萨拉托加\n作业交流群545928846，如果作业有问题可以加群找我，评论区不能及时回复，还可以去群里蹲我的新作业\n【【巴别塔】BB-EX-1至8突袭 摆完挂机 简单好抄】 https://www.bilibili.com/video/BV1Bz421k74u/?share_source=copy_web&vd_source=3fd5040fe25f6a00e19e6072bcccfa4e"
    },
    "groups": [
        {
            "name": "术师",
            "opers": [
                {
                    "name": "艾雅法拉",
                    "skill": 2,
                    "skill_usage": 0
                },
                {
                    "name": "澄闪",
                    "skill": 2,
                    "skill_usage": 0
                }
            ]
        },
        {
            "name": "强攻手",
            "opers": [
                {
                    "name": "煌",
                    "skill": 2,
                    "skill_usage": 0
                },
                {
                    "name": "百炼嘉维尔",
                    "skill": 2,
                    "skill_usage": 1
                }
            ]
        },
        {
            "name": "守护者",
            "opers": [
                {
                    "name": "塞雷娅",
                    "skill": 1,
                    "skill_usage": 0
                },
                {
                    "name": "黍",
                    "skill": 1,
                    "skill_usage": 0
                },
                {
                    "name": "临光",
                    "skill": 1,
                    "skill_usage": 0
                },
                {
                    "name": "深律",
                    "skill": 1,
                    "skill_usage": 0
                }
            ]
        },
        {
            "name": "群愈师",
            "opers": [
                {
                    "name": "夜莺",
                    "skill": 2,
                    "skill_usage": 0
                },
                {
                    "name": "白面鸮",
                    "skill": 2,
                    "skill_usage": 1
                },
                {
                    "name": "调香师",
                    "skill": 2,
                    "skill_usage": 1
                }
            ]
        },
        {
            "name": "执旗手",
            "opers": [
                {
                    "name": "桃金娘",
                    "skill": 1,
                    "skill_usage": 1
                },
                {
                    "name": "琴柳",
                    "skill": 1,
                    "skill_usage": 1
                },
                {
                    "name": "极境",
                    "skill": 1,
                    "skill_usage": 1
                },
                {
                    "name": "万顷",
                    "skill": 1,
                    "skill_usage": 1
                }
            ]
        },
        {
            "name": "伏击客",
            "opers": [
                {
                    "name": "水月",
                    "skill": 1,
                    "skill_usage": 0
                },
                {
                    "name": "阿斯卡纶",
                    "skill": 1,
                    "skill_usage": 0
                },
                {
                    "name": "狮蝎",
                    "skill": 1,
                    "skill_usage": 0
                },
                {
                    "name": "伊桑",
                    "skill": 1,
                    "skill_usage": 0
                }
            ]
        }
    ],
    "opers": []
}