{
  "minimum_required": "v4.0.0",
  "stage_name": "act33side_s04",
  "actions": [
    {
      "type": "Deploy",
      "name": "桃金娘",
      "location": [
        3,
        6
      ],
      "direction": "Up"
    },
    {
      "type": "Deploy",
      "name": "德克萨斯",
      "location": [
        4,
        7
      ],
      "direction": "Up"
    },
    {
      "type": "Deploy",
      "name": "风笛",
      "location": [
        1,
        6
      ],
      "direction": "Left"
    },
    {
      "type": "Deploy",
      "name": "泥岩",
      "location": [
        4,
        6
      ],
      "direction": "Left"
    },
    {
      "type": "Deploy",
      "name": "提丰",
      "location": [
        7,
        6
      ],
      "direction": "Left"
    },
    {
      "type": "Retreat",
      "name": "风笛"
    },
    {
      "type": "SpeedUp"
    },
    {
      "type": "Deploy",
      "name": "号角",
      "location": [
        6,
        7
      ],
      "direction": "Up"
    },
    {
      "type": "Deploy",
      "name": "煌",
      "location": [
        10,
        6
      ],
      "direction": "Up"
    },
    {
      "type": "Deploy",
      "name": "奶",
      "location": [
        11,
        6
      ],
      "direction": "Left"
    },
    {
      "type": "Deploy",
      "name": "塑心",
      "location": [
        9,
        4
      ],
      "direction": "Left"
    },
    {
      "type": "Retreat",
      "name": "桃金娘"
    },
    {
      "type": "Deploy",
      "name": "艾雅法拉",
      "location": [
        5,
        6
      ],
      "direction": "Left"
    },
    {
      "type": "Retreat",
      "name": "德克萨斯",
      "costs": 18
    },
    {
      "type": "Deploy",
      "name": "黍",
      "location": [
        10,
        5
      ],
      "direction": "Up"
    },
    {
      "type": "SkillDaemon"
    }
  ],
  "doc": {
    "title": "BB-S-4 打法2",
    "details": "原作者萧然Q JSON作者萨拉托加\n作业交流群545928846，如果作业有问题可以加群找我，评论区不能及时回复，还可以去群里蹲我的新作业\n【【巴别塔】BB-S-1突袭至BB-MO-1 摆完挂机 简单好抄】 https://www.bilibili.com/video/BV16142197xS/?share_source=copy_web&vd_source=3fd5040fe25f6a00e19e6072bcccfa4e"
  },
  "groups": [
    {
      "name": "奶",
      "opers": [
        {
          "name": "纯烬艾雅法拉",
          "skill": 1,
          "skill_usage": 0
        },
        {
          "name": "流明",
          "skill": 3,
          "skill_usage": 2,
          "skill_times": 1
        }
      ]
    }
  ],
  "opers": [
    {
      "name": "桃金娘",
      "skill": 1,
      "skill_usage": 1
    },
    {
      "name": "风笛",
      "skill": 2,
      "skill_usage": 0
    },
    {
      "name": "提丰",
      "skill": 2,
      "skill_usage": 1
    },
    {
      "name": "号角",
      "skill": 1,
      "skill_usage": 0
    },
    {
      "name": "煌",
      "skill": 2,
      "skill_usage": 0
    },
    {
      "name": "德克萨斯",
      "skill": 1,
      "skill_usage": 0
    },
    {
      "name": "泥岩",
      "skill": 2,
      "skill_usage": 0
    },
    {
      "name": "黍",
      "skill": 1,
      "skill_usage": 0
    },
    {
      "name": "艾雅法拉",
      "skill": 2,
      "skill_usage": 0
    },
    {
      "name": "塑心",
      "skill": 1,
      "skill_usage": 0
    }
  ],
  "difficulty": 3
}