{
    "minimum_required": "v4.0.0",
    "stage_name": "act33side_s01",
    "actions": [
        {
            "type": "Deploy",
            "name": "德克萨斯",
            "location": [
                7,
                5
            ],
            "direction": "Left"
        },
        {
            "type": "Deploy",
            "name": "煌",
            "location": [
                6,
                5
            ],
            "direction": "Right"
        },
        {
            "type": "Deploy",
            "name": "浊心斯卡蒂",
            "location": [
                7,
                4
            ],
            "direction": "Left"
        },
        {
            "type": "Deploy",
            "name": "棘刺",
            "location": [
                7,
                3
            ],
            "direction": "Left"
        },
        {
            "type": "Deploy",
            "name": "纯烬艾雅法拉",
            "location": [
                9,
                4
            ],
            "direction": "Left"
        },
        {
            "type": "SpeedUp"
        },
        {
            "type": "Deploy",
            "name": "澄闪",
            "location": [
                7,
                2
            ],
            "direction": "Left"
        },
        {
            "type": "Deploy",
            "name": "星熊",
            "location": [
                6,
                3
            ],
            "direction": "Down"
        },
        {
            "type": "Retreat",
            "name": "德克萨斯",
            "location": [
                7,
                5
            ]
        },
        {
            "type": "Deploy",
            "name": "塞雷娅",
            "location": [
                7,
                5
            ],
            "direction": "Left"
        },
        {
            "type": "Deploy",
            "name": "地刺",
            "location": [
                8,
                4
            ],
            "direction": "Down"
        }
    ],
    "doc": {
        "title": "巴别塔 - BB-S-1 - 模拟刺杀作战-1",
        "details": "统计日期：2024-05-03\n好评率：96.0%  浏览量：2741\n来源：奥斯曼帝国第一太极宗师  ID：36329\n巴别塔 - BB-S-1 - 模拟刺杀作战-1\n塞雷娅 Y模组 \n棘刺手动第二次技能  不知道为什么开不了第二次"
    },
    "groups": [
        {
            "name": "地刺",
            "opers": [
                {
                    "name": "水月",
                    "skill": 1,
                    "skill_usage": 0
                },
                {
                    "name": "伊桑"
                },
                {
                    "name": "狮蝎"
                },
                {
                    "name": "绮良"
                }
            ]
        }
    ],
    "opers": [
        {
            "name": "塞雷娅",
            "skill": 1,
            "skill_usage": 0
        },
        {
            "name": "星熊",
            "skill": 2,
            "skill_usage": 0
        },
        {
            "name": "棘刺",
            "skill": 3,
            "skill_usage": 2,
            "skill_times": 2
        },
        {
            "name": "煌",
            "skill": 2,
            "skill_usage": 0
        },
        {
            "name": "德克萨斯"
        },
        {
            "name": "风笛"
        },
        {
            "name": "澄闪",
            "skill": 2,
            "skill_usage": 1
        },
        {
            "name": "浊心斯卡蒂",
            "skill": 2,
            "skill_usage": 0
        },
        {
            "name": "纯烬艾雅法拉",
            "skill": 1,
            "skill_usage": 0
        }
    ],
    "difficulty": 3
}