{
  "minimum_required": "v4.0.0",
  "stage_name": "act33side_s02",
  "actions": [
    {
      "type": "Deploy",
      "name": "Lancet-2",
      "location": [
        9,
        6
      ],
      "direction": "Up"
    },
    {
      "type": "Deploy",
      "name": "桃金娘",
      "location": [
        9,
        4
      ],
      "direction": "Left"
    },
    {
      "type": "Deploy",
      "name": "风笛",
      "location": [
        8,
        3
      ],
      "direction": "Down"
    },
    {
      "type": "Deploy",
      "name": "能天使",
      "location": [
        7,
        1
      ],
      "direction": "Down"
    },
    {
      "type": "Deploy",
      "name": "提丰",
      "location": [
        6,
        1
      ],
      "direction": "Down"
    },
    {
      "type": "Deploy",
      "name": "艾雅法拉",
      "location": [
        8,
        1
      ],
      "direction": "Down"
    },
    {
      "type": "Deploy",
      "name": "奶",
      "location": [
        8,
        6
      ],
      "direction": "Up"
    },
    {
      "type": "SpeedUp"
    },
    {
      "type": "Deploy",
      "name": "地刺",
      "location": [
        7,
        4
      ],
      "direction": "Left"
    },
    {
      "type": "Deploy",
      "name": "克洛丝",
      "location": [
        9,
        1
      ],
      "direction": "Left"
    },
    {
      "type": "SkillUsage",
      "name": "桃金娘",
      "skill_usage": 0
    },
    {
      "type": "SkillDaemon"
    }
  ],
  "doc": {
    "title": "BB-S-2",
    "details": "原作者萧然Q JSON作者萨拉托加\n作业交流群545928846，如果作业有问题可以加群找我，评论区不能及时回复，还可以去群里蹲我的新作业\n【【巴别塔】BB-S-1突袭至BB-MO-1 摆完挂机 简单好抄】 https://www.bilibili.com/video/BV16142197xS/?share_source=copy_web&vd_source=3fd5040fe25f6a00e19e6072bcccfa4e"
  },
  "groups": [
    {
      "name": "奶",
      "opers": [
        {
          "name": "纯烬艾雅法拉",
          "skill": 1,
          "skill_usage": 0
        },
        {
          "name": "蜜莓",
          "skill": 1,
          "skill_usage": 0
        }
      ]
    },
    {
      "name": "地刺",
      "opers": [
        {
          "name": "阿斯卡纶",
          "skill": 1,
          "skill_usage": 0
        },
        {
          "name": "水月",
          "skill": 1,
          "skill_usage": 0
        }
      ]
    }
  ],
  "opers": [
    {
      "name": "桃金娘",
      "skill": 1,
      "skill_usage": 1
    },
    {
      "name": "能天使",
      "skill": 3,
      "skill_usage": 0
    },
    {
      "name": "提丰",
      "skill": 2,
      "skill_usage": 1
    },
    {
      "name": "风笛",
      "skill": 2,
      "skill_usage": 0
    },
    {
      "name": "艾雅法拉",
      "skill": 2,
      "skill_usage": 0
    },
    {
      "name": "Lancet-2",
      "skill": 1,
      "skill_usage": 0
    },
    {
      "name": "克洛丝",
      "skill": 1,
      "skill_usage": 0
    }
  ],
  "difficulty": 3
}