{
    "minimum_required": "v4.0.0",
    "stage_name": "wk_kc_4",
    "actions": [
        {
            "type": "Deploy",
            "name": "讯使",
            "location": [
                7,
                4
            ],
            "direction": "Left"
        },
        {
            "type": "Deploy",
            "name": "克洛丝",
            "location": [
                4,
                3
            ],
            "direction": "Left"
        },
        {
            "type": "Deploy",
            "name": "巡林者",
            "location": [
                1,
                3
            ],
            "direction": "Right"
        },
        {
            "type": "SpeedUp"
        },
        {
            "type": "Deploy",
            "name": "羽毛笔",
            "location": [
                5,
                4
            ],
            "direction": "Right"
        },
        {
            "type": "Deploy",
            "name": "远山",
            "location": [
                5,
                3
            ],
            "direction": "Left"
        },
        {
            "type": "Deploy",
            "name": "米格鲁",
            "location": [
                6,
                4
            ],
            "direction": "Up"
        },
        {
            "type": "Deploy",
            "name": "阿米娅",
            "location": [
                4,
                5
            ],
            "direction": "Up"
        },
        {
            "type": "Deploy",
            "name": "赫默",
            "location": [
                7,
                3
            ],
            "direction": "Left"
        },
        {
            "type": "Retreat",
            "name": "巡林者",
            "location": [
                1,
                3
            ],
            "kills": 50
        },
        {
            "type": "Deploy",
            "name": "铃兰",
            "location": [
                6,
                1
            ],
            "direction": "Left"
        },
        {
            "type": "Retreat",
            "name": "讯使",
            "location": [
                7,
                4
            ]
        },
        {
            "type": "Deploy",
            "name": "玫兰莎",
            "location": [
                7,
                4
            ],
            "direction": "Left"
        },
        {
            "type": "Skill",
            "name": "远山",
            "location": [
                5,
                3
            ]
        },
        {
            "type": "Skill",
            "name": "羽毛笔",
            "location": [
                5,
                4
            ]
        },
        {
            "type": "Skill",
            "name": "赫默",
            "location": [
                7,
                3
            ]
        },
        {
            "type": "Skill",
            "name": "阿米娅",
            "location": [
                4,
                5
            ]
        }
    ],
    "doc": {
        "title": "战术演习 - LS-4 - 特种战演习",
        "details": "作业更新日期: 2023-12-01T09:13:09Z\n统计更新日期: 2024-07-14\n好评率：100.0%  浏览量：196\n来源：时雨Sy  ID：30586\n战术演习 - LS-4 - 特种战演习"
    },
    "groups": [],
    "opers": [
        {
            "name": "羽毛笔",
            "skill": 2,
            "skill_usage": 1
        },
        {
            "name": "讯使",
            "skill": 1,
            "skill_usage": 1
        },
        {
            "name": "玫兰莎",
            "skill": 1,
            "skill_usage": 0
        },
        {
            "name": "巡林者",
            "skill": 1,
            "skill_usage": 0
        },
        {
            "name": "克洛丝",
            "skill": 1,
            "skill_usage": 0
        },
        {
            "name": "米格鲁",
            "skill": 1,
            "skill_usage": 0
        },
        {
            "name": "赫默",
            "skill": 1,
            "skill_usage": 0
        },
        {
            "name": "远山",
            "skill": 1,
            "skill_usage": 0
        },
        {
            "name": "阿米娅",
            "skill": 1,
            "skill_usage": 0
        },
        {
            "name": "铃兰",
            "skill": 1,
            "skill_usage": 0
        }
    ]
}