{
    "minimum_required": "v4.0.0",
    "stage_name": "mem_horn_1",
    "actions": [
        {
            "type": "Deploy",
            "name": "华法琳",
            "location": [
                1,
                3
            ],
            "direction": "Right"
        },
        {
            "type": "Deploy",
            "name": "号角",
            "location": [
                4,
                3
            ],
            "direction": "Right"
        },
        {
            "type": "SpeedUp"
        },
        {
            "type": "Skill",
            "name": "华法琳",
            "costs": 22
        },
        {
            "type": "Skill",
            "name": "号角",
            "costs": 24
        },
        {
            "type": "Skill",
            "name": "号角",
            "costs": 38
        },
        {
            "type": "Skill",
            "name": "华法琳",
            "costs": 80
        },
        {
            "type": "Skill",
            "name": "号角",
            "costs": 81
        },
        {
            "type": "Skill",
            "name": "华法琳",
            "pre_delay": 31000
        },
        {
            "type": "Skill",
            "name": "号角"
        }
    ],
    "doc": {
        "title": "号角悖论",
        "details": "——————————\n作业更新日期: 2023-12-29T13:51:57Z\n统计更新日期: 2025-11-03\n相对评分：98.97%  相对热度：83.91999999999999%\n来源：政委同志  ID：31400\n——————————\n三技能\n我的是2651的号角，2010也是没问题的\n这次操作没有流明那集多，MAA99.9%一次过\n"
    },
    "groups": [],
    "opers": [
        {
            "name": "号角",
            "skill": 3,
            "skill_usage": 0
        }
    ]
}