{
    "minimum_required": "v4.0.0",
    "stage_name": "wk_fly_5",
    "actions": [
        {
            "type": "SpeedUp"
        },
        {
            "type": "Deploy",
            "name": "浊心斯卡蒂",
            "location": [
                5,
                4
            ],
            "direction": "Right"
        },
        {
            "type": "Deploy",
            "name": "能天使",
            "location": [
                3,
                3
            ],
            "direction": "Right"
        },
        {
            "type": "Deploy",
            "name": "远牙",
            "location": [
                5,
                3
            ],
            "direction": "Right"
        },
        {
            "type": "Deploy",
            "name": "空弦",
            "location": [
                3,
                5
            ],
            "direction": "Up"
        },
        {
            "type": "Deploy",
            "name": "白面鸮",
            "location": [
                3,
                4
            ],
            "direction": "Right"
        },
        {
            "type": "Deploy",
            "name": "菲亚梅塔",
            "location": [
                5,
                5
            ],
            "direction": "Right"
        },
        {
            "type": "Deploy",
            "name": "提丰",
            "location": [
                7,
                4
            ],
            "direction": "Right"
        },
        {
            "type": "Skill",
            "name": "空弦",
            "location": [
                3,
                5
            ],
            "kills": 57
        },
        {
            "type": "SkillDaemon"
        }
    ],
    "doc": {
        "title": "空中威胁 - CA-5 - 战略要道净空",
        "details": "作业更新日期: 2024-05-05T02:34:30Z\n统计更新日期: 2024-11-30\n好评率：100.0%  浏览量：45\n来源：幻月葬魂  ID：37109\n自用"
    },
    "groups": [],
    "opers": [
        {
            "name": "浊心斯卡蒂",
            "skill": 2,
            "skill_usage": 0
        },
        {
            "name": "菲亚梅塔",
            "skill": 3,
            "skill_usage": 2,
            "skill_times": 1
        },
        {
            "name": "空弦",
            "skill": 3,
            "skill_usage": 0
        },
        {
            "name": "提丰",
            "skill": 2,
            "skill_usage": 2,
            "skill_times": 2
        },
        {
            "name": "能天使",
            "skill": 1,
            "skill_usage": 0
        },
        {
            "name": "远牙",
            "skill": 2,
            "skill_usage": 1
        },
        {
            "name": "白面鸮",
            "skill": 2,
            "skill_usage": 0
        }
    ]
}