{
    "minimum_required": "v4.0",
    "doc": {
        "title": "IS-9三人",
        "details": "制作者：一只摆烂的42\n有问题联系QQ2586582719\nhttps://www.bilibili.com/video/av944676320/"
    },
    "stage_name": "act21side_09",
    "opers": [
        {
            "name": "艾雅法拉",
            "skill": 2,
            "skill_usage": 0
        },
        {
            "name": "伊芙利特",
            "skill": 2,
            "skill_usage": 0
        },
        {
            "name": "塞雷娅",
            "skill": 1,
            "skill_usage": 0
        }
    ],
    "actions": [
        {
            "type": "SpeedUp",
            "name": "",
            "doc_color": "Gray"
        },
        {
            "type": "部署",
            "name": "塞雷娅",
            "location": [
                4,
                4
            ],
            "direction": "左"
        },
        {
            "type": "部署",
            "name": "艾雅法拉",
            "location": [
                5,
                5
            ],
            "direction": "左",
            "doc_color": "Gray"
        },
        {
            "type": "部署",
            "name": "伊芙利特",
            "location": [
                6,
                6
            ],
            "direction": "右"
        },
        {
            "type": "Output",
            "name": "",
            "doc": "制作者2586582719",
            "doc_color": "SpringGreen"
        }
    ]
}