{
    "minimum_required": "v4.0",
    "doc": {
        "title": "IS-EX-1突袭 5人",
        "details": "https://www.bilibili.com/video/av817482354/"
    },
    "stage_name": "IS-EX-1",
    "opers": [
        {
            "name": "能天使",
            "skill": 3,
            "skill_usage": 0
        },
        {
            "name": "浊心斯卡蒂",
            "skill": 2,
            "skill_usage": 0
        },
        {
            "name": "拉普兰德",
            "skill": 2,
            "skill_usage": 0
        },
        {
            "name": "塞雷娅",
            "skill": 1,
            "skill_usage": 0
        },
        {
            "name": "艾雅法拉",
            "skill": 2,
            "skill_usage": 0
        }
    ],
    "actions": [
        {
            "type": "二倍速",
            "name": ""
        },
        {
            "type": "部署",
            "cost_changes": 8,
            "name": "能天使",
            "location": [
                5,
                1
            ],
            "direction": "下"
        },
        {
            "type": "部署",
            "name": "浊心斯卡蒂",
            "location": [
                6,
                1
            ],
            "direction": "右"
        },
        {
            "type": "部署",
            "name": "艾雅法拉",
            "location": [
                4,
                1
            ],
            "direction": "下"
        },
        {
            "type": "部署",
            "name": "拉普兰德",
            "location": [
                6,
                2
            ],
            "direction": "下"
        },
        {
            "type": "部署",
            "name": "塞雷娅",
            "location": [
                6,
                3
            ],
            "direction": "下"
        },
        {
            "type": "打印",
            "name": "",
            "doc": "制作者2586582719",
            "doc_color": "SpringGreen"
        }
    ]
}