{"minimum_required":"v4.0.0","actions":[{"type":"SpeedUp"},{"type":"Deploy","name":"令","location":[6,3],"direction":"Left"},{"type":"Deploy","name":"“弦惊”","location":[4,3],"direction":"Down","rear_delay":4000},{"type":"Skill","name":"令"},{"type":"Deploy","name":"“弦惊”","location":[2,5],"direction":"Left"},{"type":"Deploy","name":"“弦惊”","location":[5,2],"direction":"Left"},{"type":"Deploy","name":"“弦惊”","location":[4,2],"direction":"Down"},{"type":"Deploy","name":"“弦惊”","location":[2,4],"direction":"Down"},{"type":"Deploy","name":"“弦惊”","location":[4,2],"direction":"Right","pre_delay":1000},{"type":"Skill","name":"令","kills":30},{"type":"Deploy","name":"“弦惊”","location":[7,1],"direction":"Right"},{"type":"Deploy","name":"“弦惊”","location":[4,2],"direction":"Up"},{"type":"Output","doc_color":"SpringGreen","doc":"制作者2586582719"},{"type":"Output","doc_color":"DeepSkyBlue","doc":"单令作业制作不易，如果觉得好的话烦请您点个小赞支持一波﻿\nε≡٩(๑>₃<)۶ "}],"doc":{"title":"IS-EX-2突袭 令单人","details":"https://www.bilibili.com/video/av562436422/\n【高练警告】：原视频内干员均为精二90级专3，请确保自己练度足够，失败请更换作业！\n【卡费警告】：由于maa延迟，需要高潜/德狗以保证不卡费，请自行配队！\n单令作业制作不易，如果觉得好的话烦请您点个小赞支持一波﻿\nε≡٩(๑>₃<)۶ \n"},"groups":[],"opers":[{"name":"令","skill":3}],"stage_name":"activities/act21side/level_act21side_ex02","difficulty":3}