{"minimum_required":"v4.0.0","actions":[{"type":"SpeedUp"},{"type":"Deploy","name":"令","location":[7,4],"direction":"Down"},{"type":"Deploy","name":"“弦惊”","location":[8,5],"direction":"Left","rear_delay":2000},{"type":"Skill","name":"令"},{"type":"Deploy","name":"“弦惊”","location":[5,5],"direction":"Right"},{"type":"Deploy","name":"“弦惊”","location":[4,5],"direction":"Right"},{"type":"Deploy","name":"先锋","location":[7,2],"direction":"Up"},{"type":"Deploy","name":"“弦惊”","location":[8,6],"direction":"Up","rear_delay":2000},{"type":"Skill","name":"令"},{"type":"Deploy","name":"“弦惊”","location":[8,3],"direction":"Up"},{"type":"Deploy","name":"古米","location":[4,1],"direction":"Left","kills":19},{"type":"Deploy","name":"“弦惊”","location":[8,2],"direction":"Down"},{"type":"Deploy","name":"“弦惊”","location":[8,6],"direction":"Up","rear_delay":4000},{"type":"Skill","name":"令","rear_delay":4000},{"type":"SpeedUp"},{"type":"Retreat","location":[8,5]},{"type":"Deploy","name":"“弦惊”","location":[8,5],"direction":"Left"},{"type":"SpeedUp"},{"type":"Deploy","name":"“弦惊”","location":[7,2],"direction":"Right","pre_delay":2000},{"type":"Deploy","name":"先锋","location":[8,5],"direction":"Left"},{"type":"Deploy","name":"“弦惊”","location":[8,3],"direction":"Up"},{"type":"Skill","name":"令"},{"type":"Output","doc_color":"SpringGreen","doc":"制作者2586582719"},{"type":"Output","doc_color":"DeepSkyBlue","doc":"单令作业制作不易，如果觉得好的话烦请您点个小赞支持一波﻿\nε≡٩(๑>₃<)۶ "}],"doc":{"title":"IS-EX-3突袭 令单核_V2","details":"https://www.bilibili.com/video/av774971274/\n【高练警告】：原视频内干员均为精二90级专3，请确保自己练度足够，失败请更换作业！\n【卡费警告】：由于maa延迟，需要高潜/德狗以保证不卡费，请自行配队！\n令作业制作不易，如果觉得好的话烦请您点个小赞支持一波﻿\nε≡٩(๑>₃<)۶ \nV2：支持3个先锋（不知道会不会寄）"},"groups":[{"name":"先锋","opers":[{"name":"讯使","skill":1},{"name":"推进之王","skill":1},{"name":"德克萨斯","skill":1}]}],"opers":[{"name":"令","skill":3},{"name":"古米","skill":1}],"stage_name":"activities/act21side/level_act21side_ex03","difficulty":3}