{
  "minimum_required": "v4.0.0",
  "actions": [
    {
      "type": "Deploy",
      "name": "桃金娘",
      "location": [
        5,
        3
      ],
      "direction": "Left"
    },
    {
      "type": "SpeedUp"
    },
    {
      "type": "Deploy",
      "name": "棘刺",
      "location": [
        4,
        2
      ],
      "direction": "Left"
    },
    {
      "type": "Deploy",
      "name": "塞雷娅",
      "location": [
        4,
        3
      ],
      "direction": "Left"
    },
    {
      "type": "Deploy",
      "name": "夜莺",
      "location": [
        4,
        4
      ],
      "direction": "Up"
    },
    {
      "type": "Deploy",
      "name": "伊芙利特",
      "location": [
        3,
        6
      ],
      "direction": "Up"
    },
    {
      "type": "Deploy",
      "name": "煌",
      "location": [
        3,
        4
      ],
      "direction": "Up"
    },
    {
      "type": "Deploy",
      "name": "艾雅法拉",
      "location": [
        8,
        3
      ],
      "direction": "Up"
    },
    {
      "type": "Deploy",
      "name": "闪灵",
      "location": [
        4,
        6
      ],
      "direction": "Up"
    },
    {
      "type": "Deploy",
      "name": "奶",
      "location": [
        10,
        2
      ],
      "direction": "Left"
    },
    {
      "type": "Retreat",
      "name": "桃金娘",
      "location": [
        5,
        3
      ],
      "cost_changes": 18
    },
    {
      "type": "Deploy",
      "name": "星熊",
      "location": [
        8,
        1
      ],
      "direction": "Up"
    },
    {
      "type": "SkillDaemon"
    }
  ],
  "doc": {
    "title": "IS-S-2 星熊  闪灵 夜莺"
  },
  "groups": [
    {
      "name": "奶",
      "opers": [
        {
          "name": "流明",
          "skill": 3,
          "skill_usage": 2
        },
        {
          "name": "华法琳"
        }
      ]
    }
  ],
  "opers": [
    {
      "name": "塞雷娅",
      "skill": 1,
      "skill_usage": 0
    },
    {
      "name": "星熊",
      "skill": 2
    },
    {
      "name": "艾雅法拉",
      "skill": 2
    },
    {
      "name": "伊芙利特",
      "skill": 2
    },
    {
      "name": "煌",
      "skill": 2
    },
    {
      "name": "棘刺",
      "skill": 3,
      "skill_usage": 1
    },
    {
      "name": "闪灵",
      "skill": 2
    },
    {
      "name": "夜莺",
      "skill": 2
    },
    {
      "name": "桃金娘",
      "skill": 1,
      "skill_usage": 1
    }
  ],
  "stage_name": "activities/act21side/level_act21side_sub-1-2",
  "difficulty": 3
}