{
  "minimum_required": "v4.0.0",
  "actions": [
    {
      "type": "SpeedUp",
      "doc_color": "DarkCyan",
      "doc": "up：侬无言以对\n代理有问题请先自查练度，然后在群/频道@碎蜂\n星熊够硬（三级模组）可以不用号角"
    },
    {
      "type": "Deploy",
      "name": "德克萨斯",
      "location": [
        9,
        6
      ],
      "direction": "Left"
    },
    {
      "type": "Deploy",
      "name": "拉普兰德",
      "location": [
        10,
        2
      ],
      "direction": "Left"
    },
    {
      "type": "Deploy",
      "name": "煌",
      "location": [
        9,
        3
      ],
      "direction": "Left"
    },
    {
      "type": "Deploy",
      "name": "浊心斯卡蒂",
      "location": [
        9,
        4
      ],
      "direction": "Right"
    },
    {
      "type": "Deploy",
      "name": "伊芙利特",
      "location": [
        8,
        5
      ],
      "direction": "Up"
    },
    {
      "type": "Deploy",
      "name": "塞雷娅",
      "location": [
        9,
        2
      ],
      "direction": "Left"
    },
    {
      "type": "Deploy",
      "name": "闪灵",
      "location": [
        10,
        5
      ],
      "direction": "Left"
    },
    {
      "type": "Deploy",
      "name": "星熊",
      "location": [
        8,
        4
      ],
      "direction": "Left"
    },
    {
      "type": "Deploy",
      "name": "耀骑士临光",
      "location": [
        3,
        6
      ],
      "direction": "Right",
      "kills": 27
    },
    {
      "type": "Retreat",
      "name": "德克萨斯"
    },
    {
      "type": "Deploy",
      "name": "号角",
      "location": [
        9,
        6
      ],
      "direction": "Up"
    }
  ],
  "doc": {
    "title": "is-s-2 普通+突袭",
    "details": "up：侬无言以对\n代理有问题请先自查练度，然后在群/频道@碎蜂\n星熊够硬（三级模组）可以不用号角\nhttps://www.bilibili.com/video/BV17e4y1s7rr/?spm_id_from=333.788&vd_source=de25aa473a440a003168902e0348a8c8"
  },
  "groups": [],
  "opers": [
    {
      "name": "塞雷娅",
      "skill": 1
    },
    {
      "name": "闪灵",
      "skill": 2
    },
    {
      "name": "星熊",
      "skill": 2
    },
    {
      "name": "煌",
      "skill": 2
    },
    {
      "name": "浊心斯卡蒂",
      "skill": 2
    },
    {
      "name": "拉普兰德",
      "skill": 2
    },
    {
      "name": "伊芙利特",
      "skill": 2
    },
    {
      "name": "德克萨斯",
      "skill": 1
    },
    {
      "name": "耀骑士临光",
      "skill": 2
    },
    {
      "name": "号角",
      "skill": 1
    }
  ],
  "stage_name": "IS-S-2",
  "difficulty": 3
}