{
  "minimum_required": "v4.0.0",
  "actions": [
    {
      "type": "SpeedUp",
      "doc_color": "DarkCyan",
      "doc": "up：侬无言以对\n代理有问题请先自查练度，然后在群/频道@碎蜂"
    },
    {
      "type": "Deploy",
      "name": "风笛",
      "location": [
        2,
        2
      ],
      "direction": "Right"
    },
    {
      "type": "Deploy",
      "name": "煌",
      "location": [
        2,
        6
      ],
      "direction": "Right"
    },
    {
      "type": "Deploy",
      "name": "白面鸮",
      "location": [
        2,
        1
      ],
      "direction": "Down"
    },
    {
      "type": "Deploy",
      "name": "拉普兰德",
      "location": [
        2,
        3
      ],
      "direction": "Right"
    },
    {
      "type": "Deploy",
      "name": "伊芙利特",
      "location": [
        3,
        7
      ],
      "direction": "Up"
    },
    {
      "type": "Deploy",
      "name": "塞雷娅",
      "location": [
        3,
        6
      ],
      "direction": "Right"
    },
    {
      "type": "Deploy",
      "name": "闪灵",
      "location": [
        1,
        7
      ],
      "direction": "Right"
    }
  ],
  "doc": {
    "title": "is-s-3 普通+突袭",
    "details": "up：侬无言以对\n代理有问题请先自查练度，然后在群/频道@碎蜂\nhttps://www.bilibili.com/video/BV1ND4y147HS/?vd_source=de25aa473a440a003168902e0348a8c8"
  },
  "groups": [],
  "opers": [
    {
      "name": "闪灵",
      "skill": 2
    },
    {
      "name": "拉普兰德",
      "skill": 2
    },
    {
      "name": "伊芙利特",
      "skill": 2
    },
    {
      "name": "塞雷娅",
      "skill": 1
    },
    {
      "name": "风笛",
      "skill": 2
    },
    {
      "name": "白面鸮",
      "skill": 2
    },
    {
      "name": "煌",
      "skill": 2
    }
  ],
  "stage_name": "IS-S-3",
  "difficulty": 3
}