{
  "minimum_required": "v4.0.0",
  "actions": [
    {
      "type": "Deploy",
      "name": "桃金娘",
      "location": [
        1,
        5
      ],
      "direction": "Right"
    },
    {
      "type": "SpeedUp"
    },
    {
      "type": "Deploy",
      "name": "推进之王",
      "location": [
        2,
        2
      ],
      "direction": "Right"
    },
    {
      "type": "Deploy",
      "name": "煌",
      "location": [
        2,
        6
      ],
      "direction": "Right"
    },
    {
      "type": "Deploy",
      "name": "夜莺",
      "location": [
        1,
        1
      ],
      "direction": "Down"
    },
    {
      "type": "Deploy",
      "name": "近卫",
      "location": [
        2,
        3
      ],
      "direction": "Right"
    },
    {
      "type": "Deploy",
      "name": "闪灵",
      "location": [
        1,
        7
      ],
      "direction": "Right"
    },
    {
      "type": "Deploy",
      "name": "伊芙利特",
      "location": [
        3,
        7
      ],
      "direction": "Up"
    },
    {
      "type": "Deploy",
      "name": "艾雅法拉",
      "location": [
        2,
        7
      ],
      "direction": "Right"
    },
    {
      "type": "Retreat",
      "name": "桃金娘",
      "location": [
        1,
        5
      ],
      "cost_changes": 20,
      "pre_delay": 0,
      "rear_delay": 100
    },
    {
      "type": "Deploy",
      "name": "塞雷娅",
      "location": [
        3,
        6
      ],
      "direction": "Right"
    },
    {
      "type": "SkillDaemon"
    }
  ],
  "doc": {
    "title": "IS-S-3 星熊  闪灵 夜莺"
  },
  "groups": [
    {
      "name": "近卫",
      "opers": [
        {
          "name": "棘刺",
          "skill": 3,
          "skill_usage": 1
        },
        {
          "name": "拉普兰德",
          "skill": 2
        }
      ]
    }
  ],
  "opers": [
    {
      "name": "塞雷娅",
      "skill": 1,
      "skill_usage": 0
    },
    {
      "name": "艾雅法拉",
      "skill": 2
    },
    {
      "name": "伊芙利特",
      "skill": 2
    },
    {
      "name": "煌",
      "skill": 2
    },
    {
      "name": "闪灵",
      "skill": 2
    },
    {
      "name": "夜莺",
      "skill": 2
    },
    {
      "name": "桃金娘",
      "skill": 1,
      "skill_usage": 1
    },
    {
      "name": "推进之王",
      "skill": 2
    }
  ],
  "stage_name": "activities/act21side/level_act21side_sub-1-3",
  "difficulty": 3
}