{
    "minimum_required": "v4.0.0",
    "stage_name": "main_01-02",
    "actions": [
        {
            "type": "SpeedUp"
        },
        {
            "type": "SkillUsage",
            "name": "翎羽",
            "skill_usage": 1
        },
        {
            "type": "SkillUsage",
            "name": "炎熔",
            "skill_usage": 1
        },
        {
            "type": "Deploy",
            "name": "翎羽",
            "location": [
                7,
                4
            ],
            "direction": "Left"
        },
        {
            "type": "Deploy",
            "name": "芬",
            "location": [
                6,
                1
            ],
            "direction": "Left"
        },
        {
            "type": "Deploy",
            "name": "杰西卡",
            "location": [
                5,
                2
            ],
            "direction": "Left"
        },
        {
            "type": "Deploy",
            "name": "安赛尔",
            "location": [
                8,
                3
            ],
            "direction": "Left"
        },
        {
            "type": "Deploy",
            "name": "米格鲁",
            "location": [
                8,
                4
            ],
            "direction": "Left"
        },
        {
            "type": "Deploy",
            "name": "史都华德",
            "location": [
                7,
                3
            ],
            "direction": "Left"
        },
        {
            "type": "Deploy",
            "name": "芙蓉",
            "location": [
                8,
                2
            ],
            "direction": "Left"
        },
        {
            "type": "Deploy",
            "name": "炎熔",
            "location": [
                6,
                3
            ],
            "direction": "Down"
        },
        {
            "type": "Skill",
            "name": "安赛尔",
            "location": [
                8,
                3
            ],
            "kills": 36
        },
        {
            "type": "Skill",
            "name": "米格鲁",
            "location": [
                8,
                4
            ]
        }
    ],
    "doc": {
        "title": "第一章 黑暗时代·下 - 1-2 - 蔓延",
        "details": "统计日期：2024-05-02\n好评率：60.0%  浏览量：196\nBV1v8411Y7ed\nup：AnJek\n视频练度：全员10级\n后续作业搜索建议：标题“第一章”，关卡“1-X”"
    },
    "groups": [],
    "opers": []
}