{
    "minimum_required": "v4.0.0",
    "stage_name": "act30side_01",
    "actions": [
        {
            "type": "Deploy",
            "name": "桃金娘",
            "location": [
                8,
                4
            ],
            "direction": "Up"
        },
        {
            "type": "Deploy",
            "name": "泥岩",
            "location": [
                5,
                4
            ],
            "direction": "Down"
        },
        {
            "type": "Retreat",
            "name": "桃金娘",
            "location": [
                8,
                4
            ]
        }
    ],
    "doc": {
        "title": "银心湖列车 - RS-1 - 注意事项 2人",
        "details": "作业更新日期: 2023-12-05T10:53:33Z\n统计更新日期: 2024-12-20\n好评率：96.83%  浏览量：3431\n来源：斯卡蒂自用小触手  ID：30705\n银心湖列车 - RS-1 - 注意事项 2人"
    },
    "groups": [],
    "opers": [
        {
            "name": "泥岩",
            "skill": 2,
            "skill_usage": 0
        },
        {
            "name": "桃金娘",
            "skill": 1,
            "skill_usage": 1
        }
    ]
}