{
    "minimum_required": "v4.0.0",
    "stage_name": "act30side_07",
    "actions": [
        {
            "type": "Deploy",
            "name": "煌",
            "location": [
                3,
                3
            ],
            "direction": "Right"
        },
        {
            "type": "SpeedUp"
        },
        {
            "type": "Deploy",
            "name": "点火石",
            "location": [
                2,
                3
            ],
            "direction": "None"
        },
        {
            "type": "Deploy",
            "name": "纯烬艾雅法拉",
            "location": [
                1,
                2
            ],
            "direction": "Right",
            "costs": 17
        },
        {
            "type": "Deploy",
            "name": "塞雷娅",
            "location": [
                3,
                2
            ],
            "direction": "Right"
        },
        {
            "type": "Deploy",
            "name": "伊芙利特",
            "location": [
                1,
                3
            ],
            "direction": "Right"
        },
        {
            "type": "Deploy",
            "name": "点火石",
            "location": [
                8,
                4
            ],
            "direction": "None"
        },
        {
            "type": "SkillDaemon"
        }
    ],
    "doc": {
        "title": "银心湖列车 - RS-7 - 制动失灵 （没流明改了个纯艾）",
        "details": "作业更新日期: 2023-12-05T14:01:41Z\n统计更新日期: 2024-12-20\n好评率：94.44%  浏览量：1167\n来源：Shadow逸  ID：30727\n银心湖列车 - RS-7 - 制动失灵\n原作者萧然Q 原JSON作者萨拉托加\n作业交流群545928846，如果作业有问题可以加群找我，评论区不能及时回复，还可以去群里蹲我的新作业\n【【银心湖列车】RS全关卡 摆完挂机 简单好抄（持续更新中）】 https://www.bilibili.com/video/BV13w411b7oD/?p=8&share_source=copy_web&vd_source=3fd5040fe25f6a00e19e6072bcccfa4e"
    },
    "groups": [],
    "opers": [
        {
            "name": "煌",
            "skill": 2,
            "skill_usage": 0
        },
        {
            "name": "塞雷娅",
            "skill": 1,
            "skill_usage": 0
        },
        {
            "name": "纯烬艾雅法拉",
            "skill": 1,
            "skill_usage": 0
        },
        {
            "name": "伊芙利特",
            "skill": 2,
            "skill_usage": 0
        }
    ]
}