{
    "minimum_required": "v4.0.0",
    "stage_name": "wk_fly_5",
    "actions": [
        {
            "type": "Deploy",
            "name": "逻各斯",
            "location": [
                3,
                3
            ],
            "direction": "Down"
        },
        {
            "type": "SpeedUp"
        },
        {
            "type": "Deploy",
            "name": "维什戴尔",
            "location": [
                5,
                4
            ],
            "direction": "Right"
        },
        {
            "type": "SkillDaemon"
        }
    ],
    "doc": {
        "title": "空中威胁 - CA-5 - 战略要道净空",
        "details": "作业更新日期: 2024-07-17T04:48:39Z\n统计更新日期: 2024-07-19\n好评率：100.0%  浏览量：13\n来源：鹏的奇妙冒险  ID：39516\n鹏鹏自用"
    },
    "groups": [],
    "opers": [
        {
            "name": "逻各斯",
            "skill": 1,
            "skill_usage": 0
        },
        {
            "name": "维什戴尔",
            "skill": 3,
            "skill_usage": 1
        }
    ]
}