{
    "minimum_required": "v4.0.0",
    "stage_name": "wk_kc_3",
    "actions": [
        {
            "type": "SpeedUp"
        },
        {
            "type": "Deploy",
            "name": "讯使",
            "location": [
                7,
                4
            ],
            "direction": "Left"
        },
        {
            "type": "Deploy",
            "name": "翎羽",
            "location": [
                6,
                4
            ],
            "direction": "Up"
        },
        {
            "type": "Deploy",
            "name": "杰西卡",
            "location": [
                5,
                3
            ],
            "direction": "Left"
        },
        {
            "type": "Deploy",
            "name": "炎熔",
            "location": [
                6,
                5
            ],
            "direction": "Up"
        },
        {
            "type": "Deploy",
            "name": "白雪",
            "location": [
                7,
                3
            ],
            "direction": "Left"
        },
        {
            "type": "Retreat",
            "name": "翎羽",
            "location": [
                6,
                4
            ]
        },
        {
            "type": "Deploy",
            "name": "蛇屠箱",
            "location": [
                6,
                4
            ],
            "direction": "Left"
        },
        {
            "type": "Deploy",
            "name": "阿米娅",
            "location": [
                5,
                5
            ],
            "direction": "Up"
        },
        {
            "type": "Deploy",
            "name": "芙蓉",
            "location": [
                7,
                5
            ],
            "direction": "Up"
        },
        {
            "type": "Deploy",
            "name": "米格鲁",
            "location": [
                6,
                3
            ],
            "direction": "Up"
        }
    ],
    "doc": {
        "title": "战术演习 - LS-3 - 阵地战演习（自用-复刻自小狼）",
        "details": "作业更新日期: 2024-02-03T15:58:38Z\n统计更新日期: 2024-07-14\n好评率：100.0%  浏览量：224\n来源：Gn1jio  ID：32567\n复刻自小狼XF  https://www.bilibili.com/video/BV1z4411v7CB?p=3&vd_source=84403aca4d61311bc8ed30a313b790ee"
    },
    "groups": [],
    "opers": [
        {
            "name": "杰西卡",
            "skill": 1,
            "skill_usage": 0
        },
        {
            "name": "白雪",
            "skill": 1,
            "skill_usage": 0
        },
        {
            "name": "蛇屠箱",
            "skill": 1,
            "skill_usage": 0
        },
        {
            "name": "米格鲁",
            "skill": 1,
            "skill_usage": 0
        },
        {
            "name": "翎羽",
            "skill": 1,
            "skill_usage": 0
        },
        {
            "name": "讯使",
            "skill": 1,
            "skill_usage": 0
        },
        {
            "name": "阿米娅",
            "skill": 1,
            "skill_usage": 0
        },
        {
            "name": "炎熔",
            "skill": 1,
            "skill_usage": 0
        },
        {
            "name": "芙蓉",
            "skill": 1,
            "skill_usage": 0
        }
    ]
}