{
    "minimum_required": "v4.0.0",
    "stage_name": "mem_sora_1",
    "actions": [
        {
            "type": "SpeedUp"
        },
        {
            "type": "Deploy",
            "name": "空",
            "location": [
                4,
                2
            ],
            "direction": "Left"
        },
        {
            "type": "Deploy",
            "name": "猎蜂",
            "location": [
                4,
                1
            ],
            "direction": "Left"
        },
        {
            "type": "Deploy",
            "name": "缠丸",
            "location": [
                3,
                1
            ],
            "direction": "Left"
        },
        {
            "type": "Deploy",
            "name": "玫兰莎",
            "location": [
                5,
                1
            ],
            "direction": "Left"
        },
        {
            "type": "Skill",
            "costs": 15,
            "location": [
                4,
                2
            ],
            "name": "空"
        },
        {
            "type": "Skill",
            "name": "空",
            "kills": 30,
            "location": [
                4,
                2
            ]
        },
        {
            "type": "Skill",
            "name": "缠丸",
            "location": [
                3,
                1
            ]
        },
        {
            "type": "Skill",
            "name": "玫兰莎",
            "location": [
                5,
                1
            ]
        }
    ],
    "doc": {
        "title": "悖论模拟 - 空 - 准备好了，一起上吧",
        "details": "作业更新日期: 2023-08-10T02:47:04Z\n统计更新日期: 2024-11-30\n好评率：87.1%  浏览量：682\n来源：1740005689@qq.com  ID：25389\n无需专精 如专精需提前放空技能"
    },
    "groups": [],
    "opers": [
        {
            "name": "空",
            "skill": 2,
            "skill_usage": 0
        },
        {
            "name": "缠丸",
            "skill": 1,
            "skill_usage": 0
        },
        {
            "name": "玫兰莎",
            "skill": 1,
            "skill_usage": 0
        },
        {
            "name": "猎蜂",
            "skill": 1,
            "skill_usage": 0
        }
    ]
}