{
    "minimum_required": "v4.0.0",
    "stage_name": "mem_ifrit_1",
    "actions": [
        {
            "type": "SpeedUp"
        },
        {
            "type": "Deploy",
            "name": "伊芙利特",
            "location": [
                1,
                3
            ],
            "direction": "Right",
            "costs": 39
        },
        {
            "type": "Deploy",
            "name": "塞雷娅",
            "location": [
                3,
                2
            ],
            "direction": "Right"
        },
        {
            "type": "Deploy",
            "name": "爆破装置",
            "location": [
                6,
                1
            ],
            "direction": "Down",
            "kills": 17
        },
        {
            "type": "Skill",
            "name": "伊芙利特",
            "costs": 72
        },
        {
            "type": "SkillUsage",
            "name": "伊芙利特",
            "skill_usage": 1
        },
        {
            "type": "Skill",
            "name": "塞雷娅",
            "kills": 28
        },
        {
            "type": "Retreat",
            "name": "伊芙利特",
            "kills": 40
        },
        {
            "type": "Deploy",
            "name": "爆破装置",
            "location": [
                3,
                5
            ],
            "pre_delay": 17000,
            "direction": "Up"
        }
    ],
    "doc": {
        "title": "术师 - 伊芙利特 - 互为后盾",
        "details": "作业更新日期: 2023-08-31T08:35:10Z\n统计更新日期: 2024-09-16\n好评率：97.2%  浏览量：3970\n来源：qiyi123  ID：27395\nbilibili.com/video/BV1834y1p7Zb\n260 7级三技能\n测试过了，结尾留了一点时间理论上来说没问题的\njson作者：七一"
    },
    "groups": [],
    "opers": [
        {
            "name": "伊芙利特",
            "skill": 3,
            "skill_usage": 0
        }
    ]
}