{
    "actions": [
        {
            "type": "部署",
            "name": "艾雅法拉",
            "location": [
                5,
                3
            ],
            "direction": "下"
        },
        {
            "type": "部署",
            "name": "苇草",
            "location": [
                8,
                4
            ],
            "direction": "上"
        },
        {
            "type": "二倍速"
        },
        {
            "type": "部署",
            "name": "星极",
            "location": [
                2,
                2
            ],
            "direction": "下"
        },
        {
            "type": "部署",
            "name": "古米",
            "location": [
                1,
                2
            ],
            "direction": "右"
        },
        {
            "type": "部署",
            "name": "苏苏洛",
            "location": [
                8,
                6
            ],
            "direction": "上"
        },
        {
            "type": "技能",
            "name": "苇草",
            "location": [
                8,
                4
            ]
        },
        {
            "type": "部署",
            "name": "蛇屠箱",
            "location": [
                9,
                4
            ],
            "direction": "左"
        },
        {
            "type": "部署",
            "name": "杰西卡",
            "location": [
                8,
                5
            ],
            "direction": "上"
        },
        {
            "type": "技能",
            "name": "星极",
            "kills": 14,
            "location": [
                2,
                2
            ]
        },
        {
            "type": "技能",
            "kills": 21,
            "name": "蛇屠箱",
            "location": [
                9,
                4
            ]
        },
        {
            "type": "技能",
            "kills": 25,
            "name": "艾雅法拉",
            "location": [
                5,
                3
            ]
        },
        {
            "type": "技能",
            "kills": 41,
            "name": "星极",
            "location": [
                2,
                2
            ]
        }
    ],
    "stage_name": "mem_amgoat_1",
    "doc": {
        "title": "艾雅法拉悖论模拟",
        "details": "作业更新日期: 2023-04-19T07:07:55Z\n统计更新日期: 2024-09-17\n好评率：94.93%  浏览量：3767\n来源：作业代传——有问题联系原作者  ID：22747\n作者：snowflake\n测试干员：艾雅法拉 精2 80级 三技能专三 2潜"
    },
    "opers": [
        {
            "name": "艾雅法拉",
            "skill": 3
        }
    ],
    "groups": [
        {
            "opers": [
                {
                    "name": "苇草"
                },
                {
                    "name": "草"
                }
            ],
            "name": "苇草"
        }
    ],
    "minimum_required": "v4.0.0"
}