{
    "minimum_required": "v4.0.0",
    "stage_name": "mem_phatom_1",
    "actions": [
        {
            "type": "SpeedUp"
        },
        {
            "type": "Deploy",
            "name": "白面鸮",
            "location": [
                8,
                5
            ],
            "direction": "Left",
            "costs": 17
        },
        {
            "type": "Deploy",
            "name": "蓝毒",
            "location": [
                4,
                2
            ],
            "direction": "Right",
            "costs": 13
        },
        {
            "type": "Skill",
            "name": "凛冬",
            "costs": 5,
            "location": [
                9,
                4
            ]
        },
        {
            "type": "Skill",
            "name": "清道夫",
            "location": [
                9,
                6
            ],
            "costs": 0
        },
        {
            "type": "Deploy",
            "name": "傀影",
            "location": [
                2,
                6
            ],
            "direction": "Up",
            "kills": 2
        },
        {
            "type": "Retreat",
            "name": "傀影",
            "location": [
                2,
                6
            ],
            "pre_delay": 100
        },
        {
            "type": "Output",
            "doc_color": "Gold",
            "doc": "这里轴可能对不上，那么请你使用默认证章，关掉模组"
        },
        {
            "type": "Deploy",
            "name": "傀影",
            "location": [
                10,
                2
            ],
            "direction": "Left",
            "costs": 70,
            "doc_color": "Gold",
            "doc": "这里轴可能对不上，那么请你使用默认证章，关掉模组"
        },
        {
            "type": "Deploy",
            "name": "镜中虚影",
            "location": [
                9,
                2
            ],
            "direction": "Left",
            "pre_delay": 100
        },
        {
            "type": "Retreat",
            "name": "傀影",
            "location": [
                10,
                2
            ],
            "pre_delay": 100
        },
        {
            "type": "Output",
            "doc_color": "Gold",
            "doc": "这里轴可能对不上，那么请你使用默认证章，关掉模组"
        },
        {
            "type": "Deploy",
            "name": "傀影",
            "location": [
                2,
                1
            ],
            "direction": "Left",
            "costs": 86
        },
        {
            "type": "Retreat",
            "name": "傀影",
            "location": [
                2,
                1
            ],
            "pre_delay": 401
        },
        {
            "type": "Skill",
            "name": "蓝毒",
            "kills": 33
        },
        {
            "type": "Skill",
            "name": "凛冬",
            "location": [
                9,
                4
            ]
        },
        {
            "type": "Skill",
            "name": "清道夫",
            "location": [
                9,
                6
            ]
        },
        {
            "type": "Deploy",
            "name": "傀影",
            "location": [
                2,
                1
            ],
            "direction": "Down",
            "pre_delay": 26000
        },
        {
            "type": "Deploy",
            "name": "镜中虚影",
            "location": [
                2,
                2
            ],
            "direction": "Down",
            "pre_delay": 100
        },
        {
            "type": "Skill",
            "name": "蓝毒",
            "kills": 52
        },
        {
            "type": "Output",
            "doc_color": "DeepSkyBlue",
            "doc": "求各位 DOCTOR 给我一点反馈吧 (*σ´∀`)σ"
        }
    ],
    "doc": {
        "title": "【打开截图增强】低练二倍速    傀影悖论模拟 - 控局",
        "details": "作业更新日期: 2024-08-13T02:06:07Z\n统计更新日期: 2024-09-21\n好评率：89.47%  浏览量：521\n来源：542B  ID：39883\n没好作业用所以自己摸的\n这关不需要练度，只用推开就行，本人七级无专\n请打开截图增强，延迟20毫秒（因为确实要点操作）\n关掉模组否则轴对不上，估计失败率不会低的，希望对你有帮助"
    },
    "groups": [],
    "opers": [
        {
            "name": "傀影",
            "skill": 3,
            "skill_usage": 0
        },
        {
            "name": "作者 542B",
            "skill": 1,
            "skill_usage": 0
        },
        {
            "name": "求反馈",
            "skill": 2,
            "skill_usage": 0
        },
        {
            "name": "o(〃＾▽＾〃)o",
            "skill": 3,
            "skill_usage": 0
        }
    ]
}