{
    "minimum_required": "v4.0.0",
    "stage_name": "act18d3_06",
    "actions": [
        {
            "type": "SpeedUp"
        },
        {
            "type": "Deploy",
            "name": "山",
            "location": [
                4,
                1
            ],
            "direction": "Down"
        },
        {
            "type": "Skill",
            "name": "山",
            "location": [
                4,
                1
            ],
            "costs": 12
        },
        {
            "type": "Deploy",
            "name": "德克萨斯",
            "location": [
                6,
                1
            ],
            "costs": 14,
            "direction": "Down"
        },
        {
            "type": "Deploy",
            "name": "乌尔比安",
            "location": [
                5,
                2
            ],
            "direction": "Down",
            "costs": 25
        },
        {
            "type": "Deploy",
            "name": "能天使",
            "location": [
                3,
                1
            ],
            "direction": "Right",
            "costs": 15
        },
        {
            "type": "Deploy",
            "name": "纯烬艾雅法拉",
            "location": [
                3,
                2
            ],
            "direction": "Right",
            "costs": 17
        },
        {
            "type": "Skill",
            "kills": 19,
            "name": "乌尔比安",
            "location": [
                5,
                2
            ]
        },
        {
            "type": "Skill",
            "name": "乌尔比安",
            "location": [
                5,
                2
            ],
            "kills": 54,
            "rear_delay": 1000
        }
    ],
    "doc": {
        "title": "乌尔比安模组任务 SV-6 - 厌食",
        "details": "作业更新日期: 2024-09-02T16:15:55Z\n统计更新日期: 2024-10-19\n好评率：80.0%  浏览量：377\n来源：流浪歌手凯尔希  ID：41035\n自测通过 \n纯艾和乌尔比安需专三 其余2607"
    },
    "groups": [],
    "opers": [
        {
            "name": "乌尔比安",
            "skill": 3,
            "skill_usage": 0
        },
        {
            "name": "山",
            "skill": 2,
            "skill_usage": 0
        },
        {
            "name": "能天使",
            "skill": 1,
            "skill_usage": 0
        },
        {
            "name": "德克萨斯",
            "skill": 1,
            "skill_usage": 0
        },
        {
            "name": "纯烬艾雅法拉",
            "skill": 1,
            "skill_usage": 0
        }
    ]
}