{
    "minimum_required": "v4.0.0",
    "stage_name": "act14side_07",
    "actions": [
        {
            "type": "SpeedUp"
        },
        {
            "type": "Deploy",
            "name": "守护者",
            "location": [
                10,
                5
            ],
            "direction": "Left"
        },
        {
            "type": "Deploy",
            "name": "灵知",
            "location": [
                10,
                4
            ],
            "direction": "Down"
        },
        {
            "type": "Deploy",
            "name": "银灰",
            "location": [
                9,
                3
            ],
            "direction": "Left"
        },
        {
            "type": "Skill",
            "name": "银灰",
            "location": [
                9,
                3
            ],
            "kills": 7
        },
        {
            "type": "Deploy",
            "name": "术师",
            "location": [
                9,
                4
            ],
            "direction": "Left",
            "kills": 11
        },
        {
            "type": "SkillDaemon",
            "doc_color": "#d63384",
            "doc": "如果觉得实用，请赏个好评吧~"
        }
    ],
    "doc": {
        "title": "银灰X 灵知X 耶拉Y 模组任务一起做",
        "details": "作业更新日期: 2024-07-06T15:17:13Z\n统计更新日期: 2024-07-09\n好评率：100.0%  浏览量：22\n来源：Issuing2890  ID：39140\nLuCifer大膜王，http://b23.tv/BV1Vm421W7EW\n模组任务：\n银灰至少击败1名山雪鬼\n灵知以外不编入其他辅助干员\n耶拉使用2次心随意动"
    },
    "groups": [
        {
            "name": "术师",
            "opers": [
                {
                    "name": "耶拉",
                    "skill": 2,
                    "skill_usage": 1
                },
                {
                    "name": "卡达",
                    "skill": 2,
                    "skill_usage": 1
                },
                {
                    "name": "澄闪",
                    "skill": 3,
                    "skill_usage": 1
                }
            ]
        },
        {
            "name": "守护者",
            "opers": [
                {
                    "name": "黍",
                    "skill": 1,
                    "skill_usage": 0
                },
                {
                    "name": "塞雷娅",
                    "skill": 1,
                    "skill_usage": 0
                }
            ]
        }
    ],
    "opers": [
        {
            "name": "银灰",
            "skill": 3,
            "skill_usage": 0
        },
        {
            "name": "灵知",
            "skill": 1,
            "skill_usage": 0
        }
    ]
}