{
    "actions": [
        {
            "type": "二倍速"
        },
        {
            "type": "部署",
            "name": "铃兰",
            "direction": "左",
            "location": [
                3,
                4
            ]
        },
        {
            "type": "部署",
            "name": "伊桑",
            "location": [
                1,
                3
            ],
            "direction": "下"
        },
        {
            "name": "风笛",
            "type": "部署",
            "location": [
                5,
                4
            ],
            "direction": "上"
        },
        {
            "type": "部署",
            "name": "棘刺",
            "location": [
                9,
                5
            ],
            "direction": "上"
        },
        {
            "type": "部署",
            "name": "塞雷娅",
            "location": [
                7,
                3
            ],
            "direction": "右"
        },
        {
            "type": "部署",
            "name": "伊芙利特",
            "location": [
                10,
                6
            ],
            "direction": "上"
        },
        {
            "type": "部署",
            "name": "煌",
            "location": [
                8,
                4
            ],
            "direction": "上"
        },
        {
            "type": "部署",
            "name": "艾雅法拉",
            "location": [
                11,
                6
            ],
            "direction": "上"
        },
        {
            "type": "部署",
            "name": "泥岩",
            "location": [
                7,
                2
            ],
            "direction": "右"
        },
        {
            "type": "部署",
            "name": "猫猫",
            "location": [
                3,
                1
            ],
            "direction": "左"
        },
        {
            "type": "打印",
            "doc": "□□□■■■□□□□□■■□□□□□■■■■■□□□□□□□□□□□ \n□□■□□□□□□□■□□■□□□□□□■□□□□□■□□□□□□□ \n□□□■■■□□□□□■■□■■□□□□■□□□■■■■□□□□□□ \n□□□□□□□□□□□□□□□□□□□□□□□■■■■■■□□□□□ \n■■□□□□□□□□□□□□□□□□□□□□■■■■■■■■□□□□ \n■■■■□□□□□□□□□□□□□□□□□■■■■■■■■■□□□□ \n■■■■■■■■■□□□□□□□□■■■■■■■■■■■■■■□□□ \n□■■■■■■■■■■■■■■■■■■■■■■■■■■■■■■□□□ \n□□■■■■■■■■■■■■■■■■■■■■■■■■■■■■■■■□ \n□□□■■■■■■■■■■□□□□■■■■■□□□□□□■■■■■□ \n□□□□■■■■■■■■□□■■□□■■■■□□■■□□■■■■■■ \n□□□□□■■■■■■■□□■■□□■■■■■□□□□■■■■■■■ \n□□□□□□■■■■■■■□□□□■■■■■■■■■■■■■■■■■ \n□□□□□□□■■■■■■■■■■■■■■■■■■■■■■■■■■■ \n□□□□□□□□■■■■■■■■■■■■■■■■■■■■■■■■■■ \n□□□□□□□□□□□■■■■■■■■■■■■■■■■■■■■■■■"
        }
    ],
    "stage_name": "盘桓蜀道",
    "doc": {
        "details": "风笛要求开模组提高费用回复\n建议狙击带蓝毒，用以提供法伤\n伊桑理论精一即可，技能等级7\n会漏分裂物，有无漏要求的换作业\n射手理论可以不带，但是有概率漏分裂物失败\n作业有问题去群里找猫猫人",
        "title": "挂机作业，高练度要求"
    },
    "opers": [
        {
            "name": "棘刺",
            "skill": 3,
            "skill_usage": 1
        },
        {
            "name": "煌",
            "skill": 2
        },
        {
            "name": "铃兰",
            "skill": 2
        },
        {
            "name": "塞雷娅",
            "skill": 1
        },
        {
            "name": "艾雅法拉",
            "skill": 2
        },
        {
            "name": "伊芙利特",
            "skill": 2
        },
        {
            "name": "伊桑",
            "skill": 1
        },
        {
            "name": "风笛",
            "skill": 2
        },
        {
            "name": "泥岩",
            "skill": 2
        }
    ],
    "groups": [
        {
            "name": "猫猫",
            "opers": [
                {
                    "name": "蓝毒",
                    "skill": 1
                },
                {
                    "name": "灰烬",
                    "skill": 1
                },
                {
                    "name": "能天使",
                    "skill": 1
                },
                {
                    "name": "白金",
                    "skill": 1
                },
                {
                    "name": "假日威龙陈",
                    "skill": 1
                },
                {
                    "name": "迷迭香",
                    "skill": 1
                },
                {
                    "name": "送葬人",
                    "skill": 1
                },
                {
                    "name": "杰西卡",
                    "skill": 1
                },
                {
                    "name": "流星",
                    "skill": 1
                },
                {
                    "name": "克洛丝",
                    "skill": 1
                },
                {
                    "name": "安德切尔",
                    "skill": 1
                },
                {
                    "name": "蓝毒",
                    "skill": 1
                },
                {
                    "name": "灰喉",
                    "skill": 1
                },
                {
                    "name": "梅",
                    "skill": 1
                },
                {
                    "name": "红云",
                    "skill": 1
                },
                {
                    "name": "巡林者"
                }
            ]
        }
    ]
}