{
    "minimum_required": "v4.0.0",
    "stage_name": "mem_ceylon_1",
    "actions": [
        {
            "type": "SpeedUp"
        },
        {
            "type": "Deploy",
            "name": "锡兰",
            "location": [
                4,
                3
            ],
            "direction": "Right"
        },
        {
            "type": "Deploy",
            "name": "幽灵鲨",
            "location": [
                4,
                5
            ],
            "direction": "Right"
        },
        {
            "type": "Deploy",
            "name": "蓝毒",
            "location": [
                6,
                2
            ],
            "direction": "Right"
        },
        {
            "type": "Deploy",
            "name": "远山",
            "location": [
                5,
                2
            ],
            "direction": "Right"
        },
        {
            "type": "Deploy",
            "name": "雷蛇",
            "location": [
                5,
                1
            ],
            "direction": "Right"
        },
        {
            "type": "Deploy",
            "name": "障碍物",
            "location": [
                1,
                2
            ],
            "direction": "None"
        },
        {
            "type": "SkillUsage",
            "name": "蓝毒",
            "skill_usage": 1,
            "kills": 21
        },
        {
            "type": "SkillUsage",
            "skill_times": 1,
            "name": "远山",
            "kills": 23,
            "skill_usage": 2
        },
        {
            "type": "SkillUsage",
            "name": "锡兰",
            "skill_usage": 1,
            "kills": 23
        },
        {
            "type": "SkillUsage",
            "skill_times": 1,
            "name": "雷蛇",
            "kills": 50,
            "skill_usage": 2
        },
        {
            "type": "Skill",
            "name": "石棉",
            "kills": 50,
            "location": [
                6,
                1
            ]
        },
        {
            "type": "SkillUsage",
            "name": "蓝毒",
            "kills": 52,
            "pre_delay": 200,
            "skill_usage": 1
        },
        {
            "type": "SkillUsage",
            "skill_times": 1,
            "name": "远山",
            "skill_usage": 2,
            "kills": 80
        }
    ],
    "doc": {
        "title": "锡兰-静水流深",
        "details": "作业更新日期: 2024-05-10T14:58:22Z\n统计更新日期: 2024-12-12\n好评率：89.47%  浏览量：385\n来源：月半殇璃  ID：37468\n锡兰精二，7级二技能"
    },
    "groups": [],
    "opers": [
        {
            "name": "锡兰",
            "skill": 2,
            "skill_usage": 0
        },
        {
            "name": "蓝毒",
            "skill": 2,
            "skill_usage": 0
        },
        {
            "name": "雷蛇",
            "skill": 2,
            "skill_usage": 0
        },
        {
            "name": "远山",
            "skill": 2,
            "skill_usage": 0
        }
    ]
}