{
  "minimum_required": "v4.0.0",
  "stage_name": "tough_11-13",
  "actions": [
    {
      "type": "Deploy",
      "name": "桃金娘",
      "location": [
        4,
        3
      ],
      "direction": "Right"
    },
    {
      "type": "SpeedUp"
    },
    {
      "type": "Deploy",
      "name": "银灰",
      "location": [
        7,
        4
      ],
      "direction": "Up"
    },
    {
      "type": "Deploy",
      "name": "夜莺",
      "location": [
        6,
        2
      ],
      "direction": "Down"
    },
    {
      "type": "Deploy",
      "name": "铃兰",
      "location": [
        7,
        2
      ],
      "direction": "Down"
    },
    {
      "type": "Deploy",
      "name": "浊心斯卡蒂",
      "location": [
        5,
        2
      ],
      "direction": "Right"
    },
    {
      "type": "Deploy",
      "name": "棘刺",
      "location": [
        5,
        3
      ],
      "direction": "Right"
    },
    {
      "type": "Retreat",
      "name": "银灰",
      "kills": 2,
      "pre_delay": 1000
    },
    {
      "type": "Deploy",
      "name": "艾雅法拉",
      "location": [
        4,
        2
      ],
      "direction": "Right"
    },
    {
      "type": "Deploy",
      "name": "塞雷娅",
      "location": [
        5,
        4
      ],
      "direction": "Right"
    },
    {
      "type": "Deploy",
      "name": "银灰",
      "location": [
        6,
        4
      ],
      "direction": "Right",
      "kills": 12
    },
    {
      "type": "SkillDaemon"
    }
  ],
  "doc": {
    "title": "第十一章 淬火尘霾 - 11-15（磨难） - 土地震颤",
    "details": "11-15磨难 2603\n【【淬火尘霾】明日方舟 主线第十一章 磨难环境 摆完挂机 简单好抄】 https://www.bilibili.com/video/BV1cG411J7Mu/?p=16&share_source=copy_web&vd_source=3fd5040fe25f6a00e19e6072bcccfa4e"
  },
  "groups": [],
  "opers": [
    {
      "name": "银灰",
      "skill": 3,
      "skill_usage": 2
    },
    {
      "name": "桃金娘",
      "skill": 1,
      "skill_usage": 1
    },
    {
      "name": "棘刺",
      "skill": 3,
      "skill_usage": 1
    },
    {
      "name": "塞雷娅",
      "skill": 2,
      "skill_usage": 0
    },
    {
      "name": "艾雅法拉",
      "skill": 2,
      "skill_usage": 0
    },
    {
      "name": "夜莺",
      "skill": 2,
      "skill_usage": 0
    },
    {
      "name": "浊心斯卡蒂",
      "skill": 2,
      "skill_usage": 0
    },
    {
      "name": "铃兰",
      "skill": 2,
      "skill_usage": 0
    }
  ]
}