{
    "minimum_required": "v4.0.0",
    "stage_name": "mem_gvial2_1",
    "actions": [
        {
            "type": "SpeedUp"
        },
        {
            "type": "Deploy",
            "name": "百炼嘉维尔",
            "location": [
                5,
                3
            ],
            "direction": "Left"
        },
        {
            "type": "Deploy",
            "name": "清流",
            "location": [
                5,
                1
            ],
            "direction": "Down"
        },
        {
            "type": "Skill",
            "pre_delay": 9000,
            "name": "百炼嘉维尔",
            "location": [
                5,
                3
            ]
        },
        {
            "type": "Skill",
            "name": "清流",
            "location": [
                5,
                1
            ],
            "kills": 14
        },
        {
            "type": "Skill",
            "name": "百炼嘉维尔",
            "location": [
                5,
                3
            ],
            "pre_delay": 20000
        },
        {
            "type": "Skill",
            "location": [
                5,
                3
            ],
            "kills": 51
        },
        {
            "type": "SkillDaemon"
        }
    ],
    "doc": {
        "title": "悖论模拟 - 近卫 - 百炼嘉维尔",
        "details": "作业更新日期: 2023-11-02T10:21:19Z\n统计更新日期: 2024-11-24\n好评率：97.78%  浏览量：4687\n来源：PPZS  ID：29661\n测试 精二66级0专0潜45信赖无模 \nMaaTouch触控模式 已过\n做完才发现已经有俩了╥﹏╥"
    },
    "groups": [],
    "opers": [
        {
            "name": "百炼嘉维尔",
            "skill": 3,
            "skill_usage": 0
        },
        {
            "name": "清流",
            "skill": 2,
            "skill_usage": 0
        }
    ]
}