{
    "minimum_required": "v4.0.0",
    "stage_name": "mem_kafka_1",
    "actions": [
        {
            "type": "SpeedUp"
        },
        {
            "type": "Deploy",
            "name": "卡夫卡",
            "location": [
                8,
                3
            ],
            "direction": "Left",
            "pre_delay": 1000
        },
        {
            "type": "Retreat",
            "name": "卡夫卡",
            "location": [
                8,
                3
            ],
            "pre_delay": 3000
        },
        {
            "type": "Deploy",
            "name": "塞雷娅",
            "location": [
                2,
                5
            ],
            "direction": "Right"
        },
        {
            "type": "Deploy",
            "name": "卡夫卡",
            "location": [
                5,
                3
            ],
            "direction": "Left"
        },
        {
            "type": "Retreat",
            "location": [
                5,
                3
            ],
            "pre_delay": 3000
        },
        {
            "type": "Deploy",
            "name": "特制水上平台",
            "location": [
                6,
                3
            ],
            "direction": "None"
        },
        {
            "type": "Deploy",
            "name": "卡夫卡",
            "location": [
                6,
                3
            ],
            "direction": "Right"
        },
        {
            "type": "Retreat",
            "location": [
                6,
                3
            ],
            "pre_delay": 3000
        },
        {
            "type": "Deploy",
            "name": "特制水上平台",
            "location": [
                6,
                3
            ],
            "direction": "None"
        },
        {
            "type": "Deploy",
            "name": "卡夫卡",
            "location": [
                6,
                3
            ],
            "direction": "Right"
        },
        {
            "type": "Retreat",
            "location": [
                6,
                3
            ],
            "pre_delay": 3000
        },
        {
            "type": "Deploy",
            "name": "特制水上平台",
            "location": [
                3,
                2
            ],
            "direction": "None"
        },
        {
            "type": "Skill",
            "name": "塞雷娅",
            "location": [
                2,
                5
            ],
            "pre_delay": 14000
        },
        {
            "type": "Deploy",
            "name": "卡夫卡",
            "location": [
                3,
                2
            ],
            "direction": "Down"
        }
    ],
    "doc": {
        "title": "卡夫卡悖论模拟",
        "details": "——————————\n作业更新日期: 2024-01-14T18:22:38Z\n统计更新日期: 2025-08-12\n相对评分：57.89%  相对热度：52.43%\n来源：maoyc  ID：29784\n——————————\n需要在选技能界面手动选好二技能再开始maa，精二60级7级技能"
    },
    "groups": [],
    "opers": [
        {
            "name": "卡夫卡",
            "skill": 2,
            "skill_usage": 0
        }
    ]
}