{
    "minimum_required": "v4.0.0",
    "stage_name": "mem_mantic_1",
    "actions": [
        {
            "type": "SpeedUp"
        },
        {
            "type": "Deploy",
            "name": "狮蝎",
            "location": [
                7,
                4
            ],
            "direction": "Left"
        },
        {
            "type": "Deploy",
            "name": "夜烟",
            "location": [
                7,
                5
            ],
            "direction": "Up"
        },
        {
            "type": "Deploy",
            "name": "阿米娅",
            "location": [
                6,
                2
            ],
            "direction": "Down",
            "kills": 5
        },
        {
            "type": "SkillUsage",
            "name": "狮蝎",
            "skill_usage": 0,
            "costs": 90
        },
        {
            "type": "SkillUsage",
            "name": "阿米娅",
            "skill_usage": 0,
            "costs": 99
        },
        {
            "type": "Skill",
            "name": "狮蝎",
            "location": [
                7,
                4
            ],
            "pre_delay": 8888
        },
        {
            "type": "Skill",
            "name": "阿米娅",
            "location": [
                6,
                2
            ],
            "pre_delay": 2222
        },
        {
            "type": "Skill",
            "name": "蛇屠箱",
            "location": [
                6,
                4
            ],
            "pre_delay": 2222
        },
        {
            "type": "SkillUsage",
            "name": "阿米娅",
            "skill_usage": 1
        },
        {
            "type": "SkillUsage",
            "name": "狮蝎",
            "skill_usage": 1
        },
        {
            "type": "Skill",
            "name": "震撼装置",
            "location": [
                6,
                5
            ],
            "pre_delay": 14444
        },
        {
            "type": "SkillDaemon"
        }
    ],
    "doc": {
        "title": "悖论模拟 - 特种 - 狮蝎 - 看见她",
        "details": "——————————\n作业更新日期: 2025-01-04T13:30:15Z\n统计更新日期: 2025-07-29\n相对评分：100.0%  相对热度：100.0%\n来源：PPZS  ID：45272\n——————————\n测试 精二66级0专3潜59信赖技能7级无模\nMaaTouch触控模式 已过\n低练度未测试"
    },
    "groups": [],
    "opers": [
        {
            "name": "狮蝎",
            "skill": 2,
            "skill_usage": 1
        },
        {
            "name": "夜烟",
            "skill": 1,
            "skill_usage": 1
        },
        {
            "name": "阿米娅",
            "skill": 1,
            "skill_usage": 1
        }
    ]
}