{
    "stage_name": "mem_noirc_1",
    "minimum_required": "v4.0.0",
    "doc": {
        "title": "重装 - 黑角 - 最速防线-【黑角悖论模拟】",
        "details": "——————————\n作业更新日期: 2025-05-31T03:22:14Z\n统计更新日期: 2025-08-03\n相对评分：89.89%  相对热度：71.34%\n来源：Rebellice  ID：58660\n——————————\n-- 参考视频【黑角悖论模拟 无再部署 简单好抄 无需潜能】 https://www.bilibili.com/video/BV1nK4y1S7V9/?share_source=copy_web&vd_source=9c6ee7e6f26c05ce5dcc4b56bef58548\n-- 作业模板：maa://34787\n\n黑角悖论模拟\n悖论模拟需要在MAA中关闭“自动编队”，\n处于红色ui的“开始模拟”界面，maa就可以按开始了\n子弹时间期间，不要碰屏幕不然会翻车\n修复了夜刀撤离时间过早导致史都华德退场漏怪的问题\n修复了安德切尔第一次技能开启时机不对导致漏怪的问题"
    },
    "opers": [
        {
            "name": "黑角",
            "skill": 1,
            "skill_usage": 0
        },
        {
            "name": "夜刀",
            "skill": 1,
            "skill_usage": 0
        },
        {
            "name": "克洛丝",
            "skill": 1,
            "skill_usage": 0
        },
        {
            "name": "安德切尔",
            "skill": 1,
            "skill_usage": 0
        },
        {
            "name": "杜林",
            "skill": 1,
            "skill_usage": 0
        },
        {
            "name": "史都华德",
            "skill": 1,
            "skill_usage": 0
        }
    ],
    "groups": [],
    "actions": [
        {
            "type": "Output",
            "doc": "子弹时间期间请勿操作",
            "doc_color": "Gold"
        },
        {
            "name": "克洛丝",
            "location": [
                2,
                2
            ],
            "direction": "Right",
            "type": "Deploy"
        },
        {
            "name": "安德切尔",
            "location": [
                2,
                4
            ],
            "direction": "Right",
            "type": "Deploy"
        },
        {
            "type": "BulletTime",
            "name": "克洛丝",
            "location": [
                2,
                2
            ],
            "costs": 23
        },
        {
            "name": "杜林",
            "location": [
                4,
                2
            ],
            "direction": "Left",
            "type": "Deploy",
            "costs": 26
        },
        {
            "type": "BulletTime",
            "name": "杜林",
            "location": [
                4,
                2
            ],
            "costs": 15
        },
        {
            "name": "史都华德",
            "location": [
                4,
                4
            ],
            "direction": "Left",
            "type": "Deploy",
            "costs": 19
        },
        {
            "type": "BulletTime",
            "name": "杜林",
            "location": [
                4,
                2
            ],
            "pre_delay": 2000
        },
        {
            "name": "夜刀",
            "location": [
                6,
                3
            ],
            "direction": "Right",
            "type": "Deploy"
        },
        {
            "type": "BulletTime",
            "name": "夜刀",
            "location": [
                6,
                3
            ],
            "pre_delay": 10000
        },
        {
            "type": "Retreat",
            "name": "夜刀",
            "location": [
                6,
                3
            ],
            "costs": 14
        },
        {
            "name": "黑角",
            "location": [
                8,
                3
            ],
            "direction": "Left",
            "type": "Deploy"
        },
        {
            "type": "SpeedUp",
            "pre_delay": 2000
        },
        {
            "type": "Skill",
            "name": "安德切尔",
            "location": [
                2,
                4
            ],
            "kills": 14
        },
        {
            "name": "安德切尔",
            "skill_usage": 1,
            "type": "SkillUsage"
        },
        {
            "type": "SkillDaemon"
        }
    ]
}