{
    "minimum_required": "v4.0",
    "doc": {
        "title": "长夜临光",
        "details": "侬无言以对:BV18Q4y1m79W\n突袭通用，血骑士不吃刀\n筱竹聽雨"
    },
    "stage_name": "NL-EX-8",
    "opers": [
        {
            "name": "浊心斯卡蒂",
            "skill": 2,
            "skill_usage": 0
        },
        {
            "name": "煌",
            "skill": 2,
            "skill_usage": 0
        },
        {
            "name": "夜莺",
            "skill": 2,
            "skill_usage": 0
        },
        {
            "name": "艾雅法拉",
            "skill": 2,
            "skill_usage": 0
        },
        {
            "name": "塞雷娅",
            "skill": 2,
            "skill_usage": 0
        },
        {
            "name": "泥岩",
            "skill": 2,
            "skill_usage": 0
        },
        {
            "name": "星熊",
            "skill": 2,
            "skill_usage": 0
        },
        {
            "name": "伊芙利特",
            "skill": 2,
            "skill_usage": 0
        }
    ],
    "actions": [
        {
            "type": "部署",
            "name": "艾雅法拉",
            "location": [
                6,
                2
            ],
            "direction": "右"
        },
        {
            "type": "部署",
            "kills": 1,
            "name": "浊心斯卡蒂",
            "location": [
                8,
                2
            ],
            "direction": "上"
        },
        {
            "type": "部署",
            "name": "泥岩",
            "location": [
                8,
                1
            ],
            "direction": "下"
        },
        {
            "type": "部署",
            "name": "夜莺",
            "location": [
                8,
                3
            ],
            "direction": "上"
        },
        {
            "type": "部署",
            "name": "塞雷娅",
            "location": [
                9,
                2
            ],
            "direction": "下"
        },
        {
            "type": "部署",
            "name": "星熊",
            "location": [
                9,
                1
            ],
            "direction": "下"
        },
        {
            "type": "部署",
            "kills": 18,
            "name": "煌",
            "location": [
                9,
                3
            ],
            "direction": "上"
        },
        {
            "type": "部署",
            "name": "伊芙利特",
            "location": [
                8,
                4
            ],
            "direction": "右"
        },
        {
            "type": "二倍速",
            "name": ""
        }
    ]
}