{
    "minimum_required": "v4.0.0",
    "stage_name": "act17mini_01",
    "actions": [
        {
            "type": "Deploy",
            "name": "维什戴尔",
            "location": [
                1,
                4
            ],
            "direction": "Right"
        },
        {
            "type": "SpeedUp"
        },
        {
            "type": "SkillDaemon"
        }
    ],
    "doc": {
        "title": "熔炉“还魂”记 - KR-1 - 玉门：沙丘狂欢 - 单核",
        "details": "作业更新日期: 2024-07-09T11:35:14Z\n统计更新日期: 2024-07-14\n好评率：98.1%  浏览量：1373\n来源：小卡拉帕鲁灰🐖  ID：39287\n\n兼容突袭\n维什戴尔单核"
    },
    "groups": [],
    "opers": [
        {
            "name": "维什戴尔",
            "skill": 3,
            "skill_usage": 1
        }
    ],
    "difficulty": 3
}