{
    "minimum_required": "v4.0.0",
    "stage_name": "act17mini_02",
    "actions": [
        {
            "type": "Deploy",
            "name": "维什戴尔",
            "location": [
                6,
                4
            ],
            "direction": "Left"
        },
        {
            "type": "Deploy",
            "name": "克洛丝",
            "location": [
                6,
                2
            ],
            "direction": "Left"
        },
        {
            "type": "SpeedUp"
        },
        {
            "type": "Skill",
            "kills": 17,
            "name": "维什戴尔",
            "location": [
                6,
                4
            ]
        },
        {
            "type": "SkillDaemon"
        }
    ],
    "doc": {
        "title": "熔炉“还魂”记 - KR-2 - 天际城：地下奇旅 - 单核",
        "details": "作业更新日期: 2024-07-09T14:28:57Z\n统计更新日期: 2024-07-14\n好评率：95.03%  浏览量：1590\n来源：小卡拉帕鲁灰🐖  ID：39289\n\n兼容突袭\n维什戴尔单核"
    },
    "groups": [],
    "opers": [
        {
            "name": "维什戴尔",
            "skill": 3,
            "skill_usage": 1
        },
        {
            "name": "克洛丝",
            "skill": 1,
            "skill_usage": 0
        }
    ],
    "difficulty": 3
}