{
    "minimum_required": "v4.0.0",
    "stage_name": "act17mini_04",
    "actions": [
        {
            "type": "SpeedUp"
        },
        {
            "type": "Deploy",
            "name": "维什戴尔",
            "location": [
                5,
                4
            ],
            "direction": "Left"
        },
        {
            "type": "Skill",
            "name": "维什戴尔",
            "location": [
                5,
                4
            ],
            "kills": 4
        },
        {
            "type": "Skill",
            "name": "维什戴尔",
            "location": [
                5,
                4
            ],
            "kills": 10
        },
        {
            "type": "Skill",
            "name": "维什戴尔",
            "location": [
                5,
                4
            ],
            "kills": 17
        }
    ],
    "doc": {
        "title": "熔炉“还魂”记 - KR-4 - 多索雷斯：沙滩寻宝",
        "details": "作业更新日期: 2024-07-09T09:24:52Z\n统计更新日期: 2024-07-14\n好评率：95.61%  浏览量：4875\n来源：Dr_MO  ID：39255\n\n熔炉“还魂”记 - KR-4 - 多索雷斯：沙滩寻宝"
    },
    "groups": [],
    "opers": [
        {
            "name": "维什戴尔",
            "skill": 3,
            "skill_usage": 0
        }
    ],
    "difficulty": 3
}