{
    "minimum_required": "v4.0.0",
    "stage_name": "act17mini_s02",
    "actions": [
        {
            "type": "Deploy",
            "name": "德克萨斯",
            "location": [
                8,
                2
            ],
            "direction": "Left"
        },
        {
            "type": "SkillUsage",
            "name": "德克萨斯",
            "skill_usage": 1
        },
        {
            "type": "SpeedUp"
        },
        {
            "type": "Deploy",
            "name": "塑心",
            "location": [
                6,
                3
            ],
            "direction": "Left"
        },
        {
            "type": "Deploy",
            "name": "妮芙",
            "location": [
                7,
                3
            ],
            "direction": "Left"
        },
        {
            "type": "Deploy",
            "name": "米格鲁",
            "location": [
                8,
                4
            ],
            "direction": "Left"
        },
        {
            "type": "Deploy",
            "name": "白面鸮",
            "location": [
                8,
                3
            ],
            "direction": "Left"
        },
        {
            "type": "Deploy",
            "name": "蛇屠箱",
            "location": [
                7,
                2
            ],
            "direction": "Left"
        },
        {
            "type": "Deploy",
            "name": "拜松",
            "location": [
                7,
                4
            ],
            "direction": "Left"
        },
        {
            "type": "Retreat",
            "name": "德克萨斯",
            "costs": 12
        },
        {
            "type": "Deploy",
            "name": "临光",
            "location": [
                8,
                2
            ],
            "direction": "Left"
        },
        {
            "type": "Skill",
            "name": "塑心",
            "kills": 10,
            "costs": 16
        },
        {
            "type": "Skill",
            "name": "妮芙"
        },
        {
            "type": "Skill",
            "name": "白面鸮"
        },
        {
            "type": "Skill",
            "name": "蛇屠箱"
        },
        {
            "type": "Deploy",
            "name": "德克萨斯",
            "location": [
                5,
                1
            ],
            "kills": 35,
            "direction": "Left"
        },
        {
            "type": "Skill",
            "name": "拜松",
            "kills": 51,
            "pre_delay": 500
        },
        {
            "type": "Skill",
            "name": "蛇屠箱"
        },
        {
            "type": "Skill",
            "name": "妮芙"
        },
        {
            "type": "Skill",
            "name": "塑心"
        },
        {
            "type": "Skill",
            "name": "白面鸮"
        },
        {
            "type": "SkillDaemon"
        }
    ],
    "doc": {
        "title": "熔炉“还魂”记 - KR-S-2 - 卡兹戴尔：精神建设",
        "details": "作业更新日期: 2024-07-09T14:32:08Z\n统计更新日期: 2024-07-14\n好评率：92.24%  浏览量：33221\n来源：萨拉托加  ID：39278\n\n不用改技能\njson作者萨拉托加\n作业交流群群号216314927，有问题进群找我，作业站消息没提醒看不到"
    },
    "groups": [],
    "opers": []
}