{
    "minimum_required": "v4.0.0",
    "stage_name": "act17mini_s01",
    "actions": [
        {
            "type": "SpeedUp"
        },
        {
            "type": "Deploy",
            "name": "德克萨斯",
            "location": [
                3,
                3
            ],
            "direction": "Right"
        },
        {
            "type": "Deploy",
            "name": "克洛丝",
            "location": [
                2,
                2
            ],
            "direction": "Right"
        },
        {
            "type": "Deploy",
            "name": "星熊",
            "location": [
                4,
                3
            ],
            "direction": "Right"
        },
        {
            "type": "Deploy",
            "name": "调香师",
            "location": [
                4,
                2
            ],
            "direction": "Left"
        },
        {
            "type": "Deploy",
            "name": "妮芙",
            "location": [
                7,
                2
            ],
            "direction": "Left"
        },
        {
            "type": "Deploy",
            "name": "红",
            "location": [
                5,
                3
            ],
            "direction": "Left",
            "kills": 5,
            "costs": 30
        },
        {
            "type": "Skill",
            "name": "调香师",
            "location": [
                4,
                2
            ],
            "kills": 25
        },
        {
            "type": "SkillDaemon"
        }
    ],
    "doc": {
        "title": "熔炉“还魂”记 - KR-S-1 - 卡兹戴尔：温饱之后",
        "details": "作业更新日期: 2024-07-10T05:47:27Z\n统计更新日期: 2024-07-14\n好评率：95.04%  浏览量：4221\n来源：星之海.  ID：39320\n\n此作业全员专三且模组一级\n（已对此前的自动作业进行修改，添加容错步骤，目前可稳定过关）\n原作者：自在道爷\nJSON作者：星之海.\n原视频：【【熔炉\"还魂\"记】KR-1至8挂机流，突袭不用愁！语音快乐详解，轻松解放双手 | 明日方舟攻略(分p更新中)】https://www.bilibili.com/video/BV1oz421z7qf?vd_source=69f0b796ff8cde9e6cb9e9f9a99f8eec"
    },
    "groups": [],
    "opers": [
        {
            "name": "调香师",
            "skill": 2,
            "skill_usage": 0
        },
        {
            "name": "德克萨斯",
            "skill": 1,
            "skill_usage": 0
        },
        {
            "name": "妮芙",
            "skill": 2,
            "skill_usage": 1
        },
        {
            "name": "星熊",
            "skill": 2,
            "skill_usage": 0
        },
        {
            "name": "红",
            "skill": 2,
            "skill_usage": 0
        },
        {
            "name": "克洛丝",
            "skill": 1,
            "skill_usage": 0
        }
    ]
}