{
    "minimum_required": "v4.0.0",
    "stage_name": "mem_aprl_1",
    "actions": [
        {
            "type": "Deploy",
            "name": "临光",
            "location": [
                5,
                5
            ],
            "direction": "Left",
            "kills": 0
        },
        {
            "type": "Deploy",
            "name": "蓝毒",
            "location": [
                5,
                3
            ],
            "direction": "Down",
            "kills": 0
        },
        {
            "type": "Deploy",
            "costs": 11,
            "name": "四月",
            "location": [
                5,
                1
            ],
            "direction": "Right"
        },
        {
            "type": "SpeedUp"
        },
        {
            "type": "Retreat",
            "name": "四月",
            "location": [
                5,
                1
            ],
            "costs": 25
        },
        {
            "type": "Deploy",
            "name": "四月",
            "location": [
                5,
                1
            ],
            "kills": 15,
            "direction": "Left"
        }
    ],
    "doc": {
        "title": "狙击 - 四月 - 狩猎的节拍",
        "details": "——————————\n作业更新日期: 2024-08-03T09:07:18Z\n统计更新日期: 2025-06-17\n好评率：92.86%  浏览量：334\n来源：Oct2  ID：39870\n——————————\n2303，专三二技能，无模组。二倍速可能导致蓝毒掉帧进而失败，卡的话可以点回一倍速。"
    },
    "groups": [],
    "opers": [
        {
            "name": "四月",
            "skill": 2,
            "skill_usage": 0
        }
    ]
}