{
    "minimum_required": "v4.0.0",
    "stage_name": "a003_05",
    "actions": [
        {
            "type": "SpeedUp"
        },
        {
            "type": "Deploy",
            "name": "煌",
            "location": [
                8,
                3
            ],
            "direction": "Left"
        },
        {
            "type": "Deploy",
            "name": "流明",
            "location": [
                6,
                4
            ],
            "direction": "Up"
        },
        {
            "type": "Deploy",
            "name": "艾雅法拉",
            "location": [
                8,
                2
            ],
            "direction": "Left"
        },
        {
            "type": "Output",
            "doc_color": "#6f42c1",
            "doc": "给个好评吧，亲~"
        }
    ],
    "doc": {
        "title": "流明模组摆完挂机-“幸运”",
        "details": "统计日期：2024-05-31\n好评率：90.91%  浏览量：574\n来源：作业代传——有问题联系原作者  ID：20924\n侬无言以对模组任务摆完挂机合集:BV1wU4y177Qu\n3星通关别传OF-5；必须编入非助战流明并上场，且不编入其他医疗干员\n筱竹聽雨"
    },
    "groups": [],
    "opers": [
        {
            "name": "煌",
            "skill": 2,
            "skill_usage": 0
        },
        {
            "name": "艾雅法拉",
            "skill": 2,
            "skill_usage": 0
        },
        {
            "name": "流明",
            "skill": 1,
            "skill_usage": 0
        }
    ]
}