{
    "minimum_required": "v4.0.0",
    "stage_name": "mem_asbest_1",
    "actions": [
        {
            "type": "Deploy",
            "name": "石棉",
            "location": [
                8,
                2
            ],
            "direction": "Down"
        },
        {
            "type": "SpeedUp"
        },
        {
            "type": "Deploy",
            "name": "Lancet-2",
            "location": [
                8,
                5
            ],
            "direction": "Up"
        },
        {
            "type": "Deploy",
            "name": "夜刀",
            "location": [
                5,
                2
            ],
            "direction": "Right",
            "kills": 55
        },
        {
            "type": "Retreat",
            "name": "夜刀",
            "location": [
                5,
                2
            ],
            "kills": 80,
            "direction": "Right"
        },
        {
            "type": "Deploy",
            "name": "夜刀",
            "location": [
                5,
                2
            ],
            "kills": 90,
            "direction": "Right"
        }
    ],
    "doc": {
        "title": "石棉--悖论模拟",
        "details": "——————————\n作业更新日期: 2025-08-15T14:00:25Z\n统计更新日期: 2025-10-31\n相对评分：74.72999999999999%  相对热度：47.63%\n来源：童话重度依赖  ID：56392\n——————————\n7级2技能--精2--50级 自测可过\n【赠送干员满潜能】【满信赖】【无模组】\n有问题请反馈    BID：童话重度依赖症"
    },
    "groups": [],
    "opers": [
        {
            "name": "石棉",
            "skill": 2,
            "skill_usage": 1
        },
        {
            "name": "夜刀",
            "skill": 1,
            "skill_usage": 0
        },
        {
            "name": "Lancet-2",
            "skill": 1,
            "skill_usage": 0
        }
    ]
}