{
    "minimum_required": "v4.0.0",
    "stage_name": "act30side_ex08",
    "actions": [
        {
            "type": "Deploy",
            "name": "桃金娘",
            "location": [
                9,
                1
            ],
            "direction": "Left"
        },
        {
            "type": "Skill",
            "name": "桃金娘",
            "location": [
                9,
                1
            ],
            "pre_delay": 7000
        },
        {
            "type": "Deploy",
            "name": "提丰",
            "location": [
                11,
                2
            ],
            "direction": "Left"
        },
        {
            "type": "SpeedUp"
        },
        {
            "type": "Deploy",
            "name": "棘刺",
            "location": [
                8,
                1
            ],
            "direction": "Down"
        },
        {
            "type": "Deploy",
            "name": "纯烬艾雅法拉",
            "location": [
                11,
                3
            ],
            "direction": "Left"
        },
        {
            "type": "Deploy",
            "name": "澄闪",
            "location": [
                10,
                3
            ],
            "direction": "Left"
        },
        {
            "type": "SpeedUp"
        },
        {
            "type": "Deploy",
            "name": "夜莺",
            "location": [
                9,
                3
            ],
            "direction": "Right"
        },
        {
            "type": "SpeedUp"
        },
        {
            "type": "Deploy",
            "name": "塞雷娅",
            "location": [
                8,
                2
            ],
            "direction": "Right"
        },
        {
            "type": "Deploy",
            "name": "星熊",
            "location": [
                8,
                3
            ],
            "direction": "Down"
        },
        {
            "type": "Retreat",
            "name": "桃金娘",
            "location": [
                9,
                1
            ]
        },
        {
            "type": "Deploy",
            "name": "点火石",
            "location": [
                10,
                2
            ],
            "direction": "None",
            "kills": 11,
            "pre_delay": 5000
        },
        {
            "type": "Deploy",
            "name": "点火石",
            "location": [
                2,
                4
            ],
            "direction": "None",
            "kills": 27
        },
        {
            "type": "Deploy",
            "name": "点火石",
            "location": [
                10,
                2
            ],
            "direction": "None",
            "kills": 31
        },
        {
            "type": "Skill",
            "name": "夜莺",
            "location": [
                9,
                3
            ],
            "kills": 31,
            "pre_delay": 10000
        },
        {
            "type": "Deploy",
            "name": "幻影",
            "location": [
                5,
                2
            ],
            "kills": 32,
            "direction": "None"
        },
        {
            "type": "Deploy",
            "name": "点火石",
            "location": [
                2,
                4
            ],
            "direction": "None",
            "kills": 38
        },
        {
            "type": "Deploy",
            "name": "点火石",
            "location": [
                10,
                2
            ],
            "direction": "None",
            "kills": 40
        },
        {
            "type": "Deploy",
            "name": "点火石",
            "location": [
                10,
                2
            ],
            "direction": "None",
            "kills": 41
        },
        {
            "type": "Deploy",
            "name": "点火石",
            "location": [
                10,
                2
            ],
            "direction": "None",
            "kills": 42
        },
        {
            "type": "Deploy",
            "name": "点火石",
            "location": [
                10,
                2
            ],
            "direction": "None",
            "kills": 43
        },
        {
            "type": "Deploy",
            "name": "点火石",
            "location": [
                10,
                2
            ],
            "direction": "None",
            "kills": 44
        },
        {
            "type": "Deploy",
            "name": "点火石",
            "location": [
                10,
                2
            ],
            "direction": "None",
            "pre_delay": 1000
        },
        {
            "type": "Deploy",
            "name": "点火石",
            "location": [
                10,
                2
            ],
            "direction": "None",
            "pre_delay": 1000,
            "kills": 45
        },
        {
            "type": "Deploy",
            "name": "点火石",
            "location": [
                10,
                2
            ],
            "direction": "None",
            "pre_delay": 1000,
            "kills": 46
        },
        {
            "type": "SkillDaemon"
        }
    ],
    "doc": {
        "title": "RS-EX-8 环形回车道 半挂机【普通】",
        "details": "作业更新日期: 2024-12-19T14:08:45Z\n统计更新日期: 2024-12-20\n好评率：89.08%  浏览量：6621\n来源：小卡拉帕鲁灰  ID：30898\n建议直接用：maa://30902\n上面那个普通与突袭兼容，不是刚需奶羊\n\n这是普通，包括镀层任务，不兼容突袭，突袭别用（boss死亡时间和突袭不一样）\n作业作者：灰bao_；JSON作者：灰bao_\nhttps://www.bilibili.com/video/BV1Dw411t7Lz/?vd_source=10857a8c905c104ca2eab27415c72ffc"
    },
    "groups": [],
    "opers": [
        {
            "name": "棘刺",
            "skill": 3,
            "skill_usage": 1
        },
        {
            "name": "桃金娘",
            "skill": 1,
            "skill_usage": 1
        },
        {
            "name": "塞雷娅",
            "skill": 1,
            "skill_usage": 0
        },
        {
            "name": "星熊",
            "skill": 2,
            "skill_usage": 0
        },
        {
            "name": "夜莺",
            "skill": 3,
            "skill_usage": 0
        },
        {
            "name": "纯烬艾雅法拉",
            "skill": 1,
            "skill_usage": 0
        },
        {
            "name": "澄闪",
            "skill": 2,
            "skill_usage": 0
        },
        {
            "name": "提丰",
            "skill": 2,
            "skill_usage": 1
        }
    ],
    "difficulty": 1
}