{
    "minimum_required": "v4.0.0",
    "stage_name": "act30side_ex02",
    "actions": [
        {
            "type": "Deploy",
            "name": "塞雷娅",
            "location": [
                7,
                6
            ],
            "direction": "Right"
        },
        {
            "type": "SpeedUp"
        },
        {
            "type": "Deploy",
            "name": "煌",
            "location": [
                2,
                1
            ],
            "direction": "Down"
        },
        {
            "type": "Deploy",
            "name": "德克萨斯",
            "location": [
                1,
                1
            ],
            "direction": "Right"
        },
        {
            "type": "Deploy",
            "name": "艾雅法拉",
            "location": [
                5,
                6
            ],
            "direction": "Right"
        },
        {
            "type": "SkillDaemon"
        }
    ],
    "doc": {
        "title": "银心湖列车 - RS-EX-2 - 信号灯",
        "details": "作业更新日期: 2023-12-12T13:38:42Z\n统计更新日期: 2024-12-20\n好评率：99.05%  浏览量：41116\n来源：萨拉托加  ID：30887\n因未知bug塞雷娅可能放不下去\n原作者萧然Q JSON作者萨拉托加\n作业交流群545928846，如果作业有问题可以加群找我，评论区不能及时回复，还可以去群里蹲我的新作业\n【【银心湖列车】RS全关卡 摆完挂机 简单好抄（持续更新中）】 https://www.bilibili.com/video/BV13w411b7oD/?p=11&share_source=copy_web&vd_source=3fd5040fe25f6a00e19e6072bcccfa4e"
    },
    "groups": [],
    "opers": [
        {
            "name": "煌",
            "skill": 2,
            "skill_usage": 0
        },
        {
            "name": "德克萨斯",
            "skill": 1,
            "skill_usage": 0
        },
        {
            "name": "艾雅法拉",
            "skill": 2,
            "skill_usage": 0
        },
        {
            "name": "塞雷娅",
            "skill": 2,
            "skill_usage": 0
        }
    ],
    "difficulty": 3
}