{
    "minimum_required": "v4.0.0",
    "stage_name": "act30side_03",
    "actions": [
        {
            "type": "Deploy",
            "name": "煌",
            "location": [
                2,
                2
            ],
            "direction": "Right"
        },
        {
            "type": "SpeedUp"
        },
        {
            "type": "SkillDaemon"
        }
    ],
    "doc": {
        "title": "银心湖列车 - RS-3 - 临时停车",
        "details": "作业更新日期: 2023-12-05T10:04:33Z\n统计更新日期: 2024-12-20\n好评率：82.93%  浏览量：1679\n来源：1263745813@qq.com  ID：30696\n银心湖列车 - RS-3 - 临时停车\n原作者萧然Q JSON作者萨拉托加\n作业交流群545928846，如果作业有问题可以加群找我，评论区不能及时回复，还可以去群里蹲我的新作业\n【【银心湖列车】RS全关卡 摆完挂机 简单好抄（持续更新中）】 https://www.bilibili.com/video/BV13w411b7oD/?p=4&share_source=copy_web&vd_source=3fd5040fe25f6a00e19e6072bcccfa4e"
    },
    "groups": [],
    "opers": [
        {
            "name": "煌",
            "skill": 2,
            "skill_usage": 0
        }
    ]
}