{
    "minimum_required": "v4.0.0",
    "stage_name": "act30side_ex03",
    "actions": [
        {
            "type": "Deploy",
            "name": "塑心",
            "location": [
                7,
                5
            ],
            "direction": "Up"
        },
        {
            "type": "SpeedUp"
        },
        {
            "type": "Deploy",
            "name": "医疗",
            "location": [
                7,
                6
            ],
            "direction": "Right"
        },
        {
            "type": "Deploy",
            "name": "重装",
            "location": [
                9,
                6
            ],
            "direction": "Up"
        },
        {
            "type": "Skill",
            "name": "塑心",
            "location": [
                7,
                5
            ],
            "kills": 10,
            "pre_delay": 7500
        },
        {
            "type": "Skill",
            "name": "医疗",
            "location": [
                7,
                6
            ],
            "kills": 19
        },
        {
            "type": "Deploy",
            "name": "保护主角",
            "location": [
                5,
                5
            ],
            "direction": "Up"
        },
        {
            "type": "SkillUsage",
            "name": "塑心",
            "skill_usage": 1
        },
        {
            "type": "SkillUsage",
            "name": "医疗",
            "skill_usage": 1
        },
        {
            "type": "Skill",
            "name": "重装",
            "location": [
                9,
                6
            ],
            "kills": 26,
            "pre_delay": 15000
        },
        {
            "type": "SkillDaemon"
        }
    ],
    "doc": {
        "title": "银心湖列车 - RS-EX-3 - 待避 - 塑心单核",
        "details": "作业更新日期: 2023-12-13T12:44:11Z\n统计更新日期: 2024-12-21\n好评率：95.77%  浏览量：1033\n来源：小卡拉帕鲁灰  ID：30961\n作业作者：冰海孤魂\nJSON作者：灰bao_\n塑心精二60级专3，三星满配\nhttps://www.bilibili.com/video/BV11c41127so/?spm_id_from=333.337.search-card.all.click&vd_source=10857a8c905c104ca2eab27415c72ffc"
    },
    "groups": [
        {
            "name": "医疗",
            "opers": [
                {
                    "name": "安赛尔",
                    "skill": 1,
                    "skill_usage": 0
                },
                {
                    "name": "纯烬艾雅法拉",
                    "skill": 3,
                    "skill_usage": 0
                },
                {
                    "name": "流明",
                    "skill": 3,
                    "skill_usage": 0
                }
            ]
        },
        {
            "name": "重装",
            "opers": [
                {
                    "name": "米格鲁",
                    "skill": 1,
                    "skill_usage": 0
                },
                {
                    "name": "星熊",
                    "skill": 3,
                    "skill_usage": 0
                },
                {
                    "name": "塞雷娅",
                    "skill": 3,
                    "skill_usage": 0
                }
            ]
        },
        {
            "name": "保护主角",
            "opers": [
                {
                    "name": "黑角",
                    "skill": 1,
                    "skill_usage": 0
                },
                {
                    "name": "砾",
                    "skill": 2,
                    "skill_usage": 0
                }
            ]
        }
    ],
    "opers": [
        {
            "name": "塑心",
            "skill": 3,
            "skill_usage": 0
        }
    ],
    "difficulty": 3
}