{
    "minimum_required": "v4.0.0",
    "stage_name": "act30side_ex08",
    "actions": [
        {
            "type": "Deploy",
            "name": "桃金娘",
            "location": [
                10,
                1
            ],
            "direction": "Left"
        },
        {
            "type": "Deploy",
            "name": "芬",
            "location": [
                9,
                1
            ],
            "direction": "Left"
        },
        {
            "type": "SpeedUp"
        },
        {
            "type": "Deploy",
            "name": "奶",
            "location": [
                11,
                2
            ],
            "direction": "Left"
        },
        {
            "type": "Deploy",
            "name": "银灰",
            "location": [
                8,
                1
            ],
            "direction": "Down"
        },
        {
            "type": "Deploy",
            "name": "维什戴尔",
            "location": [
                10,
                3
            ],
            "direction": "Left"
        },
        {
            "type": "Deploy",
            "name": "玛恩纳",
            "location": [
                8,
                2
            ],
            "direction": "Down"
        },
        {
            "type": "Deploy",
            "name": "夜莺",
            "location": [
                9,
                3
            ],
            "direction": "Right"
        },
        {
            "type": "Deploy",
            "name": "点火石",
            "location": [
                7,
                1
            ],
            "direction": "Right"
        },
        {
            "type": "Retreat",
            "name": "桃金娘",
            "location": [
                10,
                1
            ]
        },
        {
            "type": "Retreat",
            "name": "斑点",
            "location": [
                11,
                1
            ]
        },
        {
            "type": "Skill",
            "name": "玛恩纳",
            "location": [
                8,
                2
            ],
            "kills": 8,
            "pre_delay": 6000
        },
        {
            "type": "Skill",
            "name": "维什戴尔",
            "location": [
                10,
                3
            ]
        },
        {
            "type": "Deploy",
            "name": "点火石",
            "location": [
                10,
                2
            ],
            "kills": 22,
            "direction": "Right"
        },
        {
            "type": "Deploy",
            "name": "伊桑",
            "location": [
                8,
                3
            ],
            "direction": "Up"
        },
        {
            "type": "Skill",
            "name": "维什戴尔",
            "location": [
                10,
                3
            ],
            "kills": 27,
            "pre_delay": 10000
        },
        {
            "type": "Deploy",
            "name": "点火石",
            "location": [
                10,
                2
            ],
            "direction": "Right",
            "kills": 32
        },
        {
            "type": "Deploy",
            "name": "点火石",
            "location": [
                2,
                4
            ],
            "direction": "Right"
        },
        {
            "type": "Skill",
            "name": "玛恩纳",
            "location": [
                8,
                2
            ],
            "kills": 33,
            "pre_delay": 0
        },
        {
            "type": "SkillUsage",
            "name": "伊桑",
            "skill_usage": 1
        },
        {
            "type": "Skill",
            "name": "夜莺",
            "location": [
                9,
                3
            ],
            "pre_delay": 0
        },
        {
            "type": "Deploy",
            "name": "点火石",
            "location": [
                10,
                2
            ],
            "direction": "Right"
        },
        {
            "type": "Skill",
            "name": "银灰",
            "location": [
                8,
                1
            ],
            "pre_delay": 0
        },
        {
            "type": "SkillUsage",
            "name": "维什戴尔",
            "skill_usage": 1
        },
        {
            "type": "SkillUsage",
            "name": "玛恩纳",
            "skill_usage": 1
        },
        {
            "type": "Deploy",
            "name": "点火石",
            "location": [
                10,
                2
            ],
            "direction": "Right"
        },
        {
            "type": "Deploy",
            "name": "点火石",
            "location": [
                2,
                4
            ],
            "direction": "Right"
        },
        {
            "type": "Deploy",
            "name": "点火石",
            "location": [
                7,
                1
            ],
            "kills": 40,
            "direction": "Right"
        },
        {
            "type": "Deploy",
            "name": "斑点",
            "location": [
                10,
                1
            ],
            "direction": "Right",
            "kills": 45
        },
        {
            "type": "Deploy",
            "name": "点火石",
            "location": [
                7,
                1
            ],
            "direction": "Right"
        },
        {
            "type": "SkillDaemon"
        }
    ],
    "doc": {
        "title": "银心湖列车 - RS-EX-8 - 环形回车道",
        "details": "作业更新日期: 2024-12-22T09:12:51Z\n统计更新日期: 2024-12-23\n好评率：95.0%  浏览量：3107\n来源：焕彩gg  ID：44752\n已可用，过不了是因为夜莺圣域运气特别差连续不闪避。"
    },
    "groups": [
        {
            "name": "奶",
            "opers": [
                {
                    "name": "纯烬艾雅法拉",
                    "skill": 1,
                    "skill_usage": 0
                },
                {
                    "name": "闪灵",
                    "skill": 2,
                    "skill_usage": 0
                }
            ]
        }
    ],
    "opers": [
        {
            "name": "夜莺",
            "skill": 3,
            "skill_usage": 0
        },
        {
            "name": "玛恩纳",
            "skill": 3,
            "skill_usage": 0
        },
        {
            "name": "芬",
            "skill": 1,
            "skill_usage": 0
        },
        {
            "name": "伊桑",
            "skill": 2,
            "skill_usage": 0
        },
        {
            "name": "维什戴尔",
            "skill": 3,
            "skill_usage": 0
        },
        {
            "name": "斑点",
            "skill": 1,
            "skill_usage": 1
        },
        {
            "name": "桃金娘",
            "skill": 1,
            "skill_usage": 1
        },
        {
            "name": "银灰",
            "skill": 3,
            "skill_usage": 0
        }
    ],
    "difficulty": 3
}