{
    "minimum_required": "v4.0.0",
    "stage_name": "act30side_ex06",
    "actions": [
        {
            "type": "Deploy",
            "name": "煌",
            "location": [
                4,
                1
            ],
            "direction": "Left"
        },
        {
            "type": "SpeedUp"
        },
        {
            "type": "Deploy",
            "name": "夜莺",
            "location": [
                5,
                2
            ],
            "direction": "Right"
        },
        {
            "type": "Deploy",
            "name": "艾雅法拉",
            "location": [
                7,
                2
            ],
            "direction": "Right"
        },
        {
            "type": "Deploy",
            "name": "能天使",
            "location": [
                3,
                2
            ],
            "direction": "Right"
        },
        {
            "type": "Deploy",
            "name": "星熊",
            "location": [
                7,
                1
            ],
            "direction": "Right"
        },
        {
            "type": "Deploy",
            "name": "黍",
            "location": [
                6,
                1
            ],
            "direction": "Right"
        },
        {
            "type": "Retreat",
            "name": "能天使"
        },
        {
            "type": "Deploy",
            "name": "闪灵",
            "location": [
                3,
                2
            ],
            "direction": "Right"
        },
        {
            "type": "Deploy",
            "name": "点火石",
            "location": [
                6,
                5
            ],
            "direction": "None"
        },
        {
            "type": "SkillDaemon"
        }
    ],
    "doc": {
        "title": "银心湖列车 - RS-EX-6 - 道口",
        "details": "作业更新日期: 2024-12-19T13:45:28Z\n统计更新日期: 2024-12-21\n好评率：100.0%  浏览量：1218\n来源：缘起笙箫  ID：44763\n原作者萧然Q JSON作者萨拉托加\n作业交流群545928846，如果作业有问题可以加群找我，评论区不能及时回复，还可以去群里蹲我的新作业\n【【银心湖列车】RS全关卡 摆完挂机 简单好抄（持续更新中）】 https://www.bilibili.com/video/BV13w411b7oD/?p=15&share_source=copy_web&vd_source=3fd5040fe25f6a00e19e6072bcccfa4e"
    },
    "groups": [],
    "opers": [
        {
            "name": "煌",
            "skill": 2,
            "skill_usage": 0
        },
        {
            "name": "星熊",
            "skill": 2,
            "skill_usage": 0
        },
        {
            "name": "能天使",
            "skill": 3,
            "skill_usage": 0
        },
        {
            "name": "闪灵",
            "skill": 2,
            "skill_usage": 0
        },
        {
            "name": "夜莺",
            "skill": 2,
            "skill_usage": 0
        },
        {
            "name": "艾雅法拉",
            "skill": 2,
            "skill_usage": 0
        },
        {
            "name": "黍",
            "skill": 1,
            "skill_usage": 0
        }
    ],
    "difficulty": 3
}