{
    "minimum_required": "v4.0.0",
    "stage_name": "act30side_ex03",
    "actions": [
        {
            "type": "SpeedUp"
        },
        {
            "type": "Deploy",
            "name": "艾雅法拉",
            "location": [
                7,
                5
            ],
            "direction": "Right"
        },
        {
            "type": "Deploy",
            "name": "塞雷娅",
            "location": [
                9,
                6
            ],
            "direction": "Left"
        },
        {
            "type": "Deploy",
            "name": "伊芙利特",
            "location": [
                6,
                6
            ],
            "direction": "Right"
        },
        {
            "type": "Deploy",
            "name": "给两口奶",
            "location": [
                7,
                6
            ],
            "direction": "Right"
        },
        {
            "type": "Deploy",
            "name": "煌",
            "location": [
                10,
                6
            ],
            "direction": "Left"
        },
        {
            "type": "SkillDaemon"
        }
    ],
    "doc": {
        "title": "银心湖列车 - RS-EX-3 - 待避",
        "details": "作业更新日期: 2023-12-12T13:19:08Z\n统计更新日期: 2024-12-20\n好评率：98.19%  浏览量：6838\n来源：我怎么借不到干员啊  ID：30906\n攻略作者：祈星_Estrella\n视频链接：【【银心湖列车】RS-EX-3突袭摆完挂机简单好抄明日方舟rsex3】 https://www.bilibili.com/video/BV12e411y7M8/?share_source=copy_web&vd_source=6505e26bc3ab2a3047a492d5d3214e54\njson作者：怎么借不到干员啊\n"
    },
    "groups": [
        {
            "name": "给两口奶",
            "opers": [
                {
                    "name": "夜莺",
                    "skill": 2,
                    "skill_usage": 0
                },
                {
                    "name": "白面鸮",
                    "skill": 1,
                    "skill_usage": 0
                }
            ]
        }
    ],
    "opers": [
        {
            "name": "煌",
            "skill": 2,
            "skill_usage": 0
        },
        {
            "name": "塞雷娅",
            "skill": 1,
            "skill_usage": 0
        },
        {
            "name": "艾雅法拉",
            "skill": 2,
            "skill_usage": 0
        },
        {
            "name": "伊芙利特",
            "skill": 2,
            "skill_usage": 0
        }
    ],
    "difficulty": 3
}