{
    "minimum_required": "v4.0.0",
    "stage_name": "mem_haak_1",
    "actions": [
        {
            "type": "Deploy",
            "name": "阿",
            "location": [
                5,
                5
            ],
            "direction": "Left",
            "costs": 34
        },
        {
            "type": "BulletTime",
            "name": "阿",
            "location": [
                5,
                5
            ],
            "cost_changes": 15
        },
        {
            "type": "Skill",
            "name": "阿",
            "location": [
                2,
                5
            ],
            "cost_changes": 2
        },
        {
            "type": "Skill",
            "name": "卡涅利安",
            "location": [
                2,
                5
            ],
            "cost_changes": 2
        },
        {
            "type": "Deploy",
            "name": "雪雉的安全起重机",
            "location": [
                6,
                5
            ],
            "pre_delay": 1000,
            "direction": "Left"
        },
        {
            "type": "Deploy",
            "name": "闪灵",
            "location": [
                5,
                3
            ],
            "direction": "Left"
        },
        {
            "type": "Deploy",
            "name": "阿",
            "location": [
                5,
                5
            ],
            "direction": "Right",
            "kills": 33,
            "pre_delay": 1000
        },
        {
            "type": "Skill",
            "name": "斯卡蒂",
            "location": [
                7,
                6
            ],
            "cost_changes": 15
        },
        {
            "type": "Skill",
            "name": "阿"
        },
        {
            "type": "Deploy",
            "name": "雪雉的安全起重机",
            "location": [
                6,
                5
            ],
            "direction": "Left",
            "pre_delay": 1000
        },
        {
            "type": "Deploy",
            "name": "阿",
            "location": [
                5,
                2
            ],
            "direction": "Up"
        },
        {
            "type": "Skill",
            "name": "闪灵",
            "location": [
                5,
                3
            ],
            "kills": 49,
            "pre_delay": 20000
        },
        {
            "type": "Skill",
            "name": "阿"
        },
        {
            "type": "Skill",
            "name": "黑",
            "location": [
                4,
                2
            ],
            "pre_delay": 1000
        },
        {
            "type": "Skill",
            "name": "卡涅利安",
            "location": [
                2,
                5
            ],
            "kills": 52,
            "pre_delay": 6000
        },
        {
            "type": "SkillDaemon"
        }
    ],
    "doc": {
        "title": "特种 - 阿 - \t别问了，快吃",
        "details": "作业更新日期: 2023-10-11T07:38:00Z\n统计更新日期: 2024-11-15\n好评率：78.12%  浏览量：4081\n来源：萨拉托加  ID：28932\n阿悖论模拟，我的阿是专三测试可过，原作者说7级也行\n【【明日方舟】阿 悖论模拟/无需专精/看一遍就过/简单操作/倾九】 https://www.bilibili.com/video/BV1e24y1h7ca/?share_source=copy_web&vd_source=3fd5040fe25f6a00e19e6072bcccfa4e"
    },
    "groups": [],
    "opers": [
        {
            "name": "阿",
            "skill": 3,
            "skill_usage": 0
        }
    ]
}