{
    "minimum_required": "v4.0.0",
    "stage_name": "sub_03-2-1",
    "actions": [
        {
            "type": "SpeedUp"
        },
        {
            "type": "Deploy",
            "name": "芬",
            "location": [
                4,
                1
            ],
            "direction": "Left"
        },
        {
            "type": "Deploy",
            "name": "讯使",
            "location": [
                8,
                1
            ],
            "direction": "Left"
        },
        {
            "type": "Deploy",
            "name": "翎羽",
            "location": [
                6,
                1
            ],
            "direction": "Right"
        },
        {
            "type": "Deploy",
            "name": "杰西卡",
            "location": [
                2,
                2
            ],
            "direction": "Right"
        },
        {
            "type": "Deploy",
            "name": "阿米娅",
            "location": [
                3,
                2
            ],
            "direction": "Right"
        },
        {
            "type": "Deploy",
            "name": "安赛尔",
            "location": [
                9,
                2
            ],
            "direction": "Left"
        },
        {
            "type": "Deploy",
            "name": "芙蓉",
            "location": [
                4,
                4
            ],
            "direction": "Up"
        },
        {
            "type": "Deploy",
            "name": "对空单体狙",
            "location": [
                8,
                2
            ],
            "direction": "Left"
        },
        {
            "type": "Retreat",
            "location": [
                6,
                1
            ]
        },
        {
            "type": "Deploy",
            "name": "黑角",
            "location": [
                7,
                1
            ],
            "direction": "Down"
        },
        {
            "type": "Retreat",
            "location": [
                4,
                1
            ]
        },
        {
            "type": "Deploy",
            "name": "米格鲁",
            "location": [
                4,
                1
            ],
            "direction": "Left"
        },
        {
            "type": "Skill",
            "location": [
                3,
                4
            ]
        },
        {
            "type": "Skill",
            "location": [
                6,
                4
            ]
        },
        {
            "type": "Skill",
            "location": [
                3,
                4
            ],
            "kills": 50
        },
        {
            "type": "Skill",
            "location": [
                6,
                4
            ]
        },
        {
            "type": "SkillDaemon"
        }
    ],
    "doc": {
        "title": "第三章 二次呼吸 - S3-3 - 侦察-1",
        "details": "统计日期：2024-05-17\n好评率：66.67%  浏览量：229\n来源：AnswersKK  ID：27297\n攻略来自UP主: 小狼XF\nhttps://www.bilibili.com/video/BV1g4411V7hi\n改了改自用\n要用本攻略,请先在演习中尝试,能过不漏怪后再用"
    },
    "groups": [
        {
            "name": "对空单体狙",
            "opers": [
                {
                    "name": "克洛丝",
                    "skill": 1,
                    "skill_usage": 0
                },
                {
                    "name": "流星",
                    "skill": 1,
                    "skill_usage": 0
                }
            ]
        }
    ],
    "opers": [
        {
            "name": "杰西卡",
            "skill": 1,
            "skill_usage": 0
        },
        {
            "name": "芬",
            "skill": 1,
            "skill_usage": 0
        },
        {
            "name": "讯使",
            "skill": 1,
            "skill_usage": 0
        },
        {
            "name": "翎羽",
            "skill": 1,
            "skill_usage": 1
        },
        {
            "name": "芙蓉",
            "skill": 1,
            "skill_usage": 1
        },
        {
            "name": "安赛尔",
            "skill": 1,
            "skill_usage": 1
        },
        {
            "name": "米格鲁",
            "skill": 1,
            "skill_usage": 1
        },
        {
            "name": "黑角",
            "skill": 1,
            "skill_usage": 0
        },
        {
            "name": "阿米娅",
            "skill": 1,
            "skill_usage": 1
        }
    ]
}