{
    "minimum_required": "v4.0.0",
    "stage_name": "mem_angel_1",
    "actions": [
        {
            "type": "Deploy",
            "name": "极境",
            "location": [
                6,
                3
            ],
            "direction": "Right",
            "costs": 0
        },
        {
            "type": "SpeedUp"
        },
        {
            "type": "Deploy",
            "name": "古米",
            "location": [
                6,
                4
            ],
            "direction": "Up",
            "costs": 18
        },
        {
            "type": "Deploy",
            "name": "能天使",
            "location": [
                5,
                3
            ],
            "direction": "Right",
            "costs": 20
        },
        {
            "type": "Skill",
            "name": "极境",
            "location": [
                6,
                3
            ],
            "cost_changes": 74
        },
        {
            "type": "SpeedUp",
            "kills": 33,
            "pre_delay": 10000
        },
        {
            "type": "Deploy",
            "name": "轰隆隆先生",
            "location": [
                7,
                3
            ],
            "direction": "None"
        },
        {
            "type": "Skill",
            "name": "极境",
            "location": [
                6,
                3
            ]
        }
    ],
    "doc": {
        "title": "悖论模拟 - 能天使 - 拉特兰风格",
        "details": "——————————\n作业更新日期: 2025-03-11T10:02:46Z\n统计更新日期: 2025-08-10\n相对评分：58.89%  相对热度：48.94%\n来源：艾露艾露  ID：48321\n——————————\n阿能三技能专三轴，测试用的2603无潜满信赖，7级技能不确定\n老漏怪所以自己写了个轴，延后能天使部署和增加极境技能提高容错\n流程：下极境→下古米→20费下能天使→紫刀波次最后一个紫刀进射程开极境技能→33杀后最后一个怪进射程下轰隆隆先生并开极境技能"
    },
    "groups": [],
    "opers": [
        {
            "name": "能天使",
            "skill": 3,
            "skill_usage": 0
        },
        {
            "name": "极境",
            "skill": 2,
            "skill_usage": 0
        },
        {
            "name": "古米",
            "skill": 1,
            "skill_usage": 0
        }
    ]
}