{
    "minimum_required": "v4.0.0",
    "stage_name": "mem_fartth_1",
    "actions": [
        {
            "type": "SpeedUp"
        },
        {
            "type": "Deploy",
            "name": "远牙",
            "location": [
                10,
                3
            ],
            "direction": "Left"
        },
        {
            "type": "Deploy",
            "name": "临光",
            "location": [
                9,
                4
            ],
            "direction": "Left"
        },
        {
            "type": "Skill",
            "name": "远牙",
            "location": [
                10,
                3
            ],
            "kills": 2
        },
        {
            "type": "Skill",
            "name": "远牙",
            "location": [
                10,
                3
            ],
            "kills": 8
        },
        {
            "type": "Skill",
            "name": "远牙",
            "location": [
                10,
                3
            ],
            "kills": 13
        }
    ],
    "doc": {
        "title": "远牙--悖论模拟",
        "details": "——————————\n作业更新日期: 2025-08-15T14:04:09Z\n统计更新日期: 2025-08-16\n相对评分：61.96%  相对热度：43.47%\n来源：童话重度依赖  ID：56235\n——————————\n专二3技能--精2--70级   自测可过\n【赠送干员满潜能】【满信赖】【无模组】\n有问题请反馈    BID：童话重度依赖症"
    },
    "groups": [],
    "opers": [
        {
            "name": "远牙",
            "skill": 3,
            "skill_usage": 0
        },
        {
            "name": "临光",
            "skill": 1,
            "skill_usage": 0
        }
    ]
}