{
    "minimum_required": "v4.0.0",
    "stage_name": "mem_excu_1",
    "actions": [
        {
            "type": "Deploy",
            "name": "见行者",
            "location": [
                5,
                3
            ],
            "direction": "Left"
        },
        {
            "type": "SpeedUp"
        },
        {
            "type": "Deploy",
            "costs": 31,
            "name": "送葬人",
            "location": [
                5,
                1
            ],
            "direction": "Down"
        },
        {
            "type": "Skill",
            "name": "送葬人",
            "location": [
                5,
                1
            ],
            "kills": 10
        },
        {
            "type": "Deploy",
            "name": "雪雉的安全起重机",
            "location": [
                6,
                1
            ],
            "direction": "Left",
            "kills": 19
        },
        {
            "type": "Deploy",
            "costs": 98,
            "name": "送葬人",
            "location": [
                5,
                4
            ],
            "direction": "Up"
        },
        {
            "type": "Skill",
            "name": "送葬人",
            "location": [
                5,
                4
            ],
            "costs": 80
        }
    ],
    "doc": {
        "title": "狙击 - 送葬人 - 执行者的工作",
        "details": "——————————\n作业更新日期: 2023-07-29T06:22:26Z\n统计更新日期: 2025-08-16\n相对评分：67.12%  相对热度：53.15%\n来源：兔角とかく  ID：24940\n——————————\n精2 1级 7级技能  自测可过"
    },
    "groups": [],
    "opers": [
        {
            "name": "送葬人",
            "skill": 2,
            "skill_usage": 1
        }
    ]
}