{
    "minimum_required": "v4.0.0",
    "stage_name": "mem_acdrop_1",
    "actions": [
        {
            "type": "Deploy",
            "name": "障碍物",
            "location": [
                2,
                3
            ],
            "direction": "None",
            "costs": 10
        },
        {
            "type": "SpeedUp"
        },
        {
            "type": "Deploy",
            "name": "讯使",
            "location": [
                4,
                3
            ],
            "direction": "Right"
        },
        {
            "type": "Deploy",
            "name": "酸糖",
            "location": [
                6,
                2
            ],
            "direction": "Right"
        },
        {
            "type": "Skill",
            "name": "讯使",
            "pre_delay": 2000
        },
        {
            "type": "Deploy",
            "name": "安德切尔",
            "location": [
                4,
                4
            ],
            "direction": "Right"
        },
        {
            "type": "Deploy",
            "name": "障碍物",
            "location": [
                5,
                4
            ],
            "direction": "None"
        },
        {
            "type": "Deploy",
            "name": "障碍物",
            "location": [
                6,
                3
            ],
            "direction": "None"
        },
        {
            "type": "Deploy",
            "name": "障碍物",
            "location": [
                1,
                4
            ],
            "direction": "None"
        },
        {
            "type": "Skill",
            "name": "安德切尔",
            "costs": 36
        },
        {
            "type": "Skill",
            "name": "酸糖"
        }
    ],
    "doc": {
        "title": "狙击 - 酸糖 - 射术传承",
        "details": "——————————\n作业更新日期: 2023-07-02T03:46:01Z\n统计更新日期: 2025-07-29\n相对评分：100.0%  相对热度：100.0%\n来源：一只摆烂的42  ID：24382\n——————————\nhttps://www.bilibili.com/video/BV1nD4y1M7Z4/\n练度精二1级 7级技能\n制作者：一只摆烂的42\n有问题联系QQ2586582719"
    },
    "groups": [],
    "opers": [
        {
            "name": "酸糖",
            "skill": 2,
            "skill_usage": 0
        }
    ]
}