{
    "actions": [
        {
            "type": "部署",
            "name": "布丁",
            "location": [
                4,
                3
            ],
            "direction": "右"
        },
        {
            "type": "部署",
            "name": "克洛丝",
            "location": [
                4,
                4
            ],
            "direction": "右"
        },
        {
            "type": "部署",
            "name": "槐琥",
            "location": [
                5,
                3
            ],
            "direction": "上"
        },
        {
            "type": "二倍速"
        },
        {
            "type": "撤退",
            "kills": 5,
            "name": "槐琥"
        },
        {
            "type": "部署",
            "name": "米格鲁",
            "location": [
                5,
                4
            ],
            "direction": "上"
        },
        {
            "type": "部署",
            "kills": 11,
            "name": "槐琥",
            "location": [
                7,
                3
            ],
            "direction": "下",
            "pre_delay": 3900
        },
        {
            "type": "技能",
            "name": "布丁"
        },
        {
            "type": "撤退",
            "name": "槐琥"
        },
        {
            "type": "部署",
            "name": "槐琥",
            "location": [
                8,
                3
            ],
            "direction": "右"
        },
        {
            "type": "撤退",
            "name": "槐琥",
            "location": [
                8,
                3
            ]
        },
        {
            "type": "部署",
            "name": "槐琥",
            "location": [
                8,
                3
            ],
            "direction": "下"
        },
        {
            "type": "撤退",
            "name": "槐琥",
            "location": [
                8,
                3
            ]
        },
        {
            "type": "部署",
            "name": "槐琥",
            "location": [
                8,
                3
            ],
            "direction": "上"
        },
        {
            "type": "撤退",
            "name": "槐琥"
        }
    ],
    "stage_name": "mem_waaifu_1",
    "doc": {
        "title": "诛邪义举",
        "details": "统计日期：2024-05-03\n好评率：66.67%  浏览量：335\n来源：作业代传——有问题联系原作者  ID：22733\n干员等级：槐琥精二40，二技能7级\n测试版本：395b2\n"
    },
    "opers": [
        {
            "name": "槐琥"
        }
    ],
    "groups": [],
    "minimum_required": "v4.0.0"
}