{
    "minimum_required": "v4.0.0",
    "actions": [
        {
            "type": "SpeedUp"
        },
        {
            "type": "Deploy",
            "name": "桃金娘",
            "location": [
                5,
                3
            ],
            "direction": "Left"
        },
        {
            "type": "Deploy",
            "name": "风笛",
            "location": [
                4,
                3
            ],
            "direction": "Left"
        },
        {
            "type": "Deploy",
            "name": "红云",
            "location": [
                4,
                4
            ],
            "direction": "Up"
        },
        {
            "type": "Output",
            "doc_color": "#6f42c1",
            "doc": "给个好评吧，亲~"
        }
    ],
    "doc": {
        "title": "红云模组摆完挂机-“不落”",
        "details": "作业更新日期: 2023-02-18T00:53:49Z\n统计更新日期: 2024-11-30\n好评率：100.0%  浏览量：57\n来源：作业代传——有问题联系原作者  ID：20890\n侬无言以对模组任务摆完挂机合集:BV1wU4y177Qu\n3星通关主题曲3-1；必须编入非助战红云并上场，其他成员仅可编入先锋干员\n筱竹聽雨"
    },
    "groups": [],
    "opers": [
        {
            "name": "红云",
            "skill": 1,
            "skill_usage": 0
        },
        {
            "name": "桃金娘",
            "skill": 1,
            "skill_usage": 0
        },
        {
            "name": "风笛",
            "skill": 2,
            "skill_usage": 0
        }
    ],
    "stage_name": "main_03-01"
}