{
    "actions": [
        {
            "type": "部署",
            "name": "猎蜂",
            "location": [
                5,
                4
            ],
            "direction": "上"
        },
        {
            "type": "部署",
            "name": "华法琳",
            "location": [
                4,
                4
            ],
            "direction": "上"
        },
        {
            "type": "二倍速"
        },
        {
            "type": "部署",
            "name": "炎熔",
            "location": [
                1,
                3
            ],
            "direction": "右"
        },
        {
            "type": "部署",
            "name": "米格鲁",
            "location": [
                5,
                5
            ],
            "direction": "上"
        },
        {
            "type": "技能",
            "location": [
                4,
                4
            ],
            "name": "华法琳",
            "pre_delay": 26001
        },
        {
            "type": "技能",
            "location": [
                5,
                4
            ],
            "name": "猎蜂"
        },
        {
            "type": "技能",
            "location": [
                5,
                4
            ],
            "name": "猎蜂",
            "pre_delay": 23000
        },
        {
            "type": "技能",
            "location": [
                4,
                4
            ],
            "name": "华法琳"
        }
    ],
    "stage_name": "mem_bldsk_1",
    "opers": [
        {
            "name": "华法琳"
        },
        {
            "name": "猎蜂"
        },
        {
            "name": "炎熔"
        },
        {
            "name": "米格鲁"
        }
    ],
    "doc": {
        "details": "作业更新日期: 2023-04-19T07:07:55Z\n统计更新日期: 2024-11-24\n好评率：100.0%  浏览量：407\n来源：作业代传——有问题联系原作者  ID：22726\n测试等级：华法林精二79级技能二专三\n测试版本：394b1\n注意！：本作业有概率翻车，大概是7到8把一次",
        "title": "战力增强剂"
    },
    "minimum_required": "v4.0.0"
}