{
    "minimum_required": "v4.0.0",
    "stage_name": "mem_lumen_1",
    "actions": [
        {
            "type": "SpeedUp"
        },
        {
            "type": "Deploy",
            "name": "艾丽妮",
            "location": [
                5,
                3
            ],
            "direction": "Left"
        },
        {
            "type": "Deploy",
            "name": "流明",
            "location": [
                7,
                3
            ],
            "direction": "Left"
        },
        {
            "type": "Skill",
            "name": "艾丽妮",
            "costs": 27
        },
        {
            "type": "Deploy",
            "name": "圣徒之手",
            "location": [
                1,
                3
            ],
            "costs": 41,
            "direction": "Right"
        },
        {
            "type": "Deploy",
            "name": "圣徒之手",
            "location": [
                1,
                3
            ],
            "direction": "Right",
            "costs": 58
        },
        {
            "type": "BulletTime",
            "name": "艾丽妮"
        },
        {
            "type": "Skill",
            "name": "艾丽妮",
            "location": [
                5,
                3
            ],
            "cooling": 1
        },
        {
            "type": "Deploy",
            "name": "圣徒之手",
            "location": [
                1,
                3
            ],
            "costs": 81,
            "direction": "Right"
        },
        {
            "type": "Skill",
            "name": "流明",
            "location": [
                7,
                3
            ],
            "costs": 84
        },
        {
            "type": "Deploy",
            "name": "圣徒之手",
            "location": [
                1,
                3
            ],
            "costs": 99,
            "direction": "Right"
        },
        {
            "type": "BulletTime",
            "location": [
                5,
                3
            ]
        },
        {
            "type": "Skill",
            "name": "艾丽妮",
            "location": [
                5,
                3
            ],
            "pre_delay": 10
        }
    ],
    "doc": {
        "title": "【满潜60无专精】2x 流明二技能 - 悖论模拟-风浪微光",
        "details": "作业更新日期: 2024-05-01T08:38:43Z\n统计更新日期: 2024-11-30\n好评率：80.95%  浏览量：2644\n来源：rihno  ID：36663\n我自己摸的，MAA没有二技能无专精作业\n改了好多版本参数终于过了，感动（\n由于蜜汁延迟和概率可能会失败\n希望对你有帮助"
    },
    "groups": [],
    "opers": [
        {
            "name": "流明",
            "skill": 2,
            "skill_usage": 0
        }
    ]
}