{
    "minimum_required": "v4.0.0",
    "stage_name": "mem_whispr_1",
    "actions": [
        {
            "type": "Deploy",
            "name": "黑角",
            "location": [
                6,
                3
            ],
            "direction": "Left"
        },
        {
            "type": "Deploy",
            "name": "絮雨",
            "location": [
                7,
                2
            ],
            "direction": "Left"
        },
        {
            "type": "Deploy",
            "name": "克洛丝",
            "location": [
                4,
                4
            ],
            "direction": "Right"
        },
        {
            "type": "Deploy",
            "name": "梓兰",
            "location": [
                3,
                2
            ],
            "direction": "Right"
        },
        {
            "type": "Deploy",
            "name": "杜林",
            "location": [
                6,
                2
            ],
            "direction": "Down"
        },
        {
            "type": "Deploy",
            "name": "夜刀",
            "location": [
                5,
                3
            ],
            "direction": "Left",
            "kills": 10
        }
    ],
    "doc": {
        "title": "医疗 - 絮雨 - 抚慰伤痛 悖论模拟",
        "details": "作业更新日期: 2023-03-28T12:20:13Z\n统计更新日期: 2024-11-24\n好评率：97.7%  浏览量：2713\n来源：beku  ID：21917\nhttps://www.bilibili.com/video/BV1Co4y1Q7wj?p=18 up主：孑诺sang"
    },
    "groups": [],
    "opers": [
        {
            "name": "絮雨",
            "skill": 2,
            "skill_usage": 0
        },
        {
            "name": "黑角",
            "skill": 1,
            "skill_usage": 0
        },
        {
            "name": "克洛丝",
            "skill": 1,
            "skill_usage": 0
        },
        {
            "name": "梓兰",
            "skill": 1,
            "skill_usage": 0
        },
        {
            "name": "夜刀",
            "skill": 1,
            "skill_usage": 0
        },
        {
            "name": "杜林",
            "skill": 1,
            "skill_usage": 0
        }
    ]
}