{
    "minimum_required": "v4.0.0",
    "doc": {
        "title": "急救-苏苏洛",
        "details": "作业更新日期: 2023-04-19T07:07:55Z\n统计更新日期: 2024-11-24\n好评率：51.61%  浏览量：748\n来源：作业代传——有问题联系原作者  ID：22768\n精二40级专3即可"
    },
    "stage_name": "mem_susuro_1",
    "opers": [],
    "actions": [
        {
            "type": "部署",
            "kills": 0,
            "name": "翎羽",
            "location": [
                3,
                2
            ]
        },
        {
            "type": "部署",
            "kills": 0,
            "name": "苏苏洛",
            "location": [
                2,
                1
            ],
            "direction": "下"
        },
        {
            "type": "二倍速",
            "name": ""
        },
        {
            "type": "技能",
            "kills": 4,
            "name": "苏苏洛"
        },
        {
            "type": "技能",
            "kills": 4,
            "name": "翎羽",
            "pre_delay": 1000
        },
        {
            "type": "部署",
            "kills": 15,
            "name": "夜刀",
            "location": [
                1,
                4
            ]
        },
        {
            "type": "技能",
            "kills": 16,
            "name": "苏苏洛",
            "pre_delay": 15000
        },
        {
            "type": "技能",
            "kills": 16,
            "name": "翎羽",
            "pre_delay": 20000
        },
        {
            "type": "摆完挂机",
            "name": "",
            "doc": "屑"
        }
    ]
}