{
    "minimum_required": "v4.0.0",
    "stage_name": "act36side_01",
    "actions": [
        {
            "type": "Deploy",
            "name": "山",
            "location": [
                3,
                2
            ],
            "direction": "Right"
        },
        {
            "type": "SpeedUp"
        },
        {
            "type": "Deploy",
            "name": "艾雅法拉",
            "location": [
                6,
                2
            ],
            "direction": "Up"
        },
        {
            "type": "Skill",
            "location": [
                5,
                2
            ],
            "kills": 40
        },
        {
            "type": "SkillDaemon"
        }
    ],
    "doc": {
        "title": "泰拉饭 - DT-1 - 源石虫农家乐",
        "details": "作业更新日期: 2024-09-02T08:46:25Z\n统计更新日期: 2024-09-14\n好评率：100.0%  浏览量：1094\n来源：Dou_Bi_0  ID：40971\n\n自己做着玩的\n参考Zc攻略制作\n原视频：https://www.bilibili.com/video/BV1d74y127hN/?spm_id_from=333.999.0.0&vd_source=8aeb25678986e855a53d3f63293d3d57"
    },
    "groups": [],
    "opers": [
        {
            "skill_times": 1,
            "name": "山",
            "skill": 2,
            "skill_usage": 2
        },
        {
            "name": "艾雅法拉",
            "skill": 2,
            "skill_usage": 0
        }
    ]
}