{
    "minimum_required": "v4.0.0",
    "stage_name": "act36side_03",
    "actions": [
        {
            "type": "SpeedUp"
        },
        {
            "type": "Deploy",
            "name": "能天使",
            "location": [
                7,
                3
            ],
            "direction": "Down"
        },
        {
            "type": "Deploy",
            "name": "煌",
            "location": [
                5,
                1
            ],
            "direction": "Down"
        },
        {
            "type": "Deploy",
            "name": "艾雅法拉",
            "location": [
                3,
                3
            ],
            "direction": "Left"
        },
        {
            "type": "Deploy",
            "name": "群奶",
            "location": [
                6,
                2
            ],
            "direction": "Left"
        },
        {
            "type": "Deploy",
            "name": "重装",
            "location": [
                4,
                2
            ],
            "direction": "Down"
        },
        {
            "type": "Skill",
            "name": "很大的锅",
            "location": [
                7,
                2
            ]
        },
        {
            "type": "SkillDaemon"
        }
    ],
    "doc": {
        "title": "泰拉饭 - DT-3 - 黄金萝卜",
        "details": "作业更新日期: 2024-09-02T22:09:48Z\n统计更新日期: 2024-09-14\n好评率：99.1%  浏览量：3594\n来源：星之海.  ID：40983\n\n此作业全员专三且模组一级\n原作者：自在道爷\nJSON作者：星之海.\n社区评论不会提醒，有问题可以进群找我：994516079（刚建的\n原视频：【【泰拉饭】DT-1至DT-8挂机流，刻章也不愁！语音快乐详解，轻松解放双手 | 明日方舟攻略(含DT-7，小刻的吃吃涂写本等)】https://www.bilibili.com/video/BV1jE421c7Fv?p=5&vd_source=69f0b796ff8cde9e6cb9e9f9a99f8eec"
    },
    "groups": [
        {
            "name": "群奶",
            "opers": [
                {
                    "name": "夜莺",
                    "skill": 2,
                    "skill_usage": 0
                },
                {
                    "name": "白面鸮",
                    "skill": 2,
                    "skill_usage": 0
                }
            ]
        },
        {
            "name": "重装",
            "opers": [
                {
                    "name": "号角",
                    "skill": 1,
                    "skill_usage": 0
                },
                {
                    "name": "星熊",
                    "skill": 2,
                    "skill_usage": 0
                },
                {
                    "name": "塞雷娅",
                    "skill": 1,
                    "skill_usage": 0
                },
                {
                    "name": "黍",
                    "skill": 1,
                    "skill_usage": 0
                },
                {
                    "name": "临光",
                    "skill": 1,
                    "skill_usage": 0
                },
                {
                    "name": "火哨",
                    "skill": 1,
                    "skill_usage": 0
                },
                {
                    "name": "蛇屠箱",
                    "skill": 2,
                    "skill_usage": 0
                }
            ]
        }
    ],
    "opers": [
        {
            "name": "煌",
            "skill": 2,
            "skill_usage": 0
        },
        {
            "name": "能天使",
            "skill": 3,
            "skill_usage": 0
        },
        {
            "name": "艾雅法拉",
            "skill": 2,
            "skill_usage": 0
        }
    ]
}