{
    "minimum_required": "v4.0.0",
    "stage_name": "act36side_ex03",
    "actions": [
        {
            "type": "SpeedUp"
        },
        {
            "type": "Deploy",
            "name": "艾雅法拉",
            "location": [
                8,
                5
            ],
            "direction": "Up"
        },
        {
            "type": "Deploy",
            "name": "白面鸮",
            "location": [
                10,
                5
            ],
            "direction": "Left"
        },
        {
            "type": "Deploy",
            "name": "煌",
            "location": [
                9,
                4
            ],
            "direction": "Up"
        },
        {
            "type": "Deploy",
            "name": "拉普兰德",
            "location": [
                9,
                5
            ],
            "direction": "Up"
        },
        {
            "type": "Deploy",
            "name": "伊芙利特",
            "location": [
                8,
                6
            ],
            "direction": "Left"
        },
        {
            "type": "Skill",
            "location": [
                10,
                4
            ],
            "kills": 115
        },
        {
            "type": "SkillDaemon"
        }
    ],
    "doc": {
        "title": "DT-EX-3 - 什锦软糖",
        "details": "作业更新日期: 2024-09-10T01:45:29Z\n统计更新日期: 2024-09-15\n好评率：96.52%  浏览量：2514\n来源：bestjenny  ID：41200\n老干员自用\n开锅的技能的时候可能会卡住 需要手动开一下"
    },
    "groups": [],
    "opers": [
        {
            "name": "艾雅法拉",
            "skill": 2,
            "skill_usage": 0
        },
        {
            "name": "煌",
            "skill": 2,
            "skill_usage": 0
        },
        {
            "name": "拉普兰德",
            "skill": 2,
            "skill_usage": 0
        },
        {
            "name": "伊芙利特",
            "skill": 2,
            "skill_usage": 0
        },
        {
            "name": "白面鸮",
            "skill": 2,
            "skill_usage": 0
        }
    ],
    "difficulty": 3
}