{
    "actions": [
        {
            "type": "Deploy",
            "name": "安洁莉娜",
            "location": [
                3,
                5
            ],
            "direction": "Up"
        },
        {
            "type": "Deploy",
            "name": "食铁兽",
            "location": [
                2,
                2
            ],
            "direction": "Down"
        },
        {
            "type": "SpeedUp"
        },
        {
            "type": "Deploy",
            "name": "暗索",
            "location": [
                10,
                4
            ],
            "direction": "Left",
            "costs": 14
        },
        {
            "type": "Skill",
            "name": "安洁莉娜",
            "location": [
                3,
                5
            ],
            "cost_changes": 27
        },
        {
            "type": "Deploy",
            "name": "砾",
            "location": [
                3,
                3
            ],
            "direction": "Right",
            "doc": "部署砾",
            "doc_color": "Gray",
            "kills": 32,
            "pre_delay": 4500
        },
        {
            "type": "Skill",
            "name": "安洁莉娜",
            "location": [
                3,
                5
            ],
            "cost_changes": 6
        },
        {
            "type": "Skill",
            "name": "安洁莉娜",
            "location": [
                3,
                5
            ],
            "kills": 45,
            "pre_delay": 2000
        },
        {
            "type": "Deploy",
            "kills": 49,
            "name": "砾",
            "location": [
                8,
                3
            ],
            "direction": "Down",
            "doc": "部署砾",
            "doc_color": "Gray"
        },
        {
            "type": "Retreat",
            "kills": 50,
            "name": "砾",
            "location": [
                8,
                3
            ],
            "doc": ""
        },
        {
            "type": "Retreat",
            "name": "食铁兽",
            "pre_delay": 4000
        },
        {
            "type": "Skill",
            "name": "安洁莉娜",
            "location": [
                3,
                5
            ],
            "pre_delay": 10000
        },
        {
            "type": "Deploy",
            "kills": 51,
            "name": "砾",
            "location": [
                8,
                3
            ],
            "direction": "Down",
            "doc": "部署砾",
            "doc_color": "Gray"
        },
        {
            "type": "SkillDaemon"
        }
    ],
    "stage_name": "mem_aglina_1",
    "doc": {
        "title": "辅助 - 安洁莉娜 - 超越重力",
        "details": "作业更新日期: 2023-10-12T10:41:06Z\n统计更新日期: 2025-03-06\n好评率：87.1%  浏览量：3790\n来源：萨拉托加  ID：28711\n安洁莉娜悖论模拟，专一以下技能不要抄这个作业\n精二60级专二无模组零潜已测试\n精二60级专三一级Y模组满潜已测试\n有问题请评论\n【干员悖论杰哥5级到专三轴包教包会（确信）】 https://www.bilibili.com/video/BV1wy4y1H7U3/?p=2&share_source=copy_web&vd_source=3fd5040fe25f6a00e19e6072bcccfa4e"
    },
    "opers": [
        {
            "name": "安洁莉娜",
            "skill": 3,
            "skill_usage": 0
        }
    ],
    "minimum_required": "v1.0.1",
    "groups": []
}