{
    "minimum_required": "v4.0.0",
    "stage_name": "main_04-07",
    "actions": [
        {
            "type": "SpeedUp"
        },
        {
            "type": "Deploy",
            "name": "拉普兰德",
            "location": [
                3,
                3
            ],
            "direction": "Right"
        },
        {
            "type": "Deploy",
            "name": "凝滞师",
            "location": [
                2,
                5
            ],
            "direction": "Up"
        },
        {
            "type": "Deploy",
            "name": "安比尔",
            "location": [
                1,
                5
            ],
            "direction": "Up",
            "kills": 15
        },
        {
            "type": "Deploy",
            "name": "苏苏洛",
            "location": [
                3,
                2
            ],
            "direction": "Down"
        },
        {
            "type": "Deploy",
            "name": "槐琥",
            "location": [
                3,
                4
            ],
            "kills": 3,
            "direction": "Right"
        },
        {
            "type": "Skill",
            "name": "安比尔",
            "kills": 20,
            "pre_delay": 1000,
            "location": [
                1,
                5
            ]
        },
        {
            "type": "Skill",
            "name": "苏苏洛",
            "location": [
                3,
                2
            ],
            "kills": 49
        },
        {
            "type": "SkillUsage",
            "name": "安比尔",
            "skill_usage": 1
        },
        {
            "type": "SkillDaemon"
        }
    ],
    "doc": {
        "title": "拉普兰德X槐琥X但书X安比尔X苏苏洛X模组任务一起做",
        "details": "作业更新日期: 2025-01-19T03:16:50Z\n统计更新日期: 2025-01-30\n好评率：100.0%  浏览量：46\n来源：Issuing2890  ID：45572\nLuCifer大膜王，https://www.bilibili.com/video/BV1rZ421E7id\n模组任务：3星通关主题曲4-7、必须编入非助战XX干员并上场，\n拉普兰德：至少击败10名高能源石虫\n槐琥：编队不超过7人\n但书：至少歼灭3只高能源石虫\n安比尔：至少歼灭6只高能源石虫\n苏苏洛：不编入其他医疗干员\n"
    },
    "groups": [
        {
            "name": "凝滞师",
            "opers": [
                {
                    "name": "但书",
                    "skill": 1,
                    "skill_usage": 0
                },
                {
                    "name": "波登可",
                    "skill": 2,
                    "skill_usage": 2
                }
            ]
        }
    ],
    "opers": [
        {
            "name": "拉普兰德",
            "skill": 2,
            "skill_usage": 0
        },
        {
            "name": "槐琥",
            "skill": 2,
            "skill_usage": 0
        },
        {
            "name": "安比尔",
            "skill": 2,
            "skill_usage": 0
        },
        {
            "name": "苏苏洛",
            "skill": 2,
            "skill_usage": 0
        }
    ],
    "difficulty": 1
}