{
    "minimum_required": "v4.0.0",
    "actions": [
        {
            "type": "SpeedUp"
        },
        {
            "type": "Deploy",
            "name": "深海色",
            "location": [
                2,
                4
            ],
            "direction": "Up"
        },
        {
            "type": "Deploy",
            "name": "触手",
            "location": [
                1,
                4
            ],
            "direction": "None"
        },
        {
            "type": "Deploy",
            "name": "触手",
            "location": [
                7,
                4
            ],
            "direction": "None"
        },
        {
            "type": "Deploy",
            "name": "触手",
            "location": [
                4,
                5
            ],
            "direction": "None"
        }
    ],
    "doc": {
        "title": "深海色模组任务 - 2-4 - 诡异的调色盘",
        "details": "作业更新日期: 2025-01-04T00:27:15Z\n统计更新日期: 2025-01-04\n好评率：100.0%  浏览量：2\n来源：一只摆烂的42  ID：45260\n深海色「诡异的调色盘」模组任务\n使用至多1人的队伍3星通关主题曲2-4；队伍中仅可编入非助战深海色\n原视频：https://www.bilibili.com/video/BV1wU4y177Qu\n制作者：一只摆烂的42\n有问题联系QQ2586582719\n修改自用请删除我的QQ"
    },
    "groups": [],
    "opers": [
        {
            "name": "深海色",
            "skill": 1,
            "skill_usage": 0
        }
    ],
    "stage_name": "main_02-04",
    "difficulty": 1
}