{
    "minimum_required": "v4.0.0",
    "actions": [
        {
            "type": "SpeedUp"
        },
        {
            "type": "Deploy",
            "name": "银灰",
            "location": [
                3,
                1
            ],
            "direction": "Left"
        },
        {
            "type": "Deploy",
            "name": "煌",
            "location": [
                7,
                6
            ],
            "direction": "Right"
        },
        {
            "type": "Deploy",
            "name": "真理",
            "location": [
                4,
                2
            ],
            "direction": "Left"
        },
        {
            "type": "Output",
            "doc_color": "#6f42c1",
            "doc": "给个好评吧，亲~"
        }
    ],
    "doc": {
        "title": "真理模组摆完挂机-读书笔记",
        "details": "作业更新日期: 2023-02-18T00:53:52Z\n统计更新日期: 2024-11-30\n好评率：100.0%  浏览量：132\n来源：作业代传——有问题联系原作者  ID：21001\n侬无言以对模组任务摆完挂机合集:BV1wU4y177Qu\n3星通关主题曲2-3；必须编入非助战真理并上场，其他成员仅可编入6名干员\n筱竹聽雨"
    },
    "groups": [],
    "opers": [
        {
            "name": "煌",
            "skill": 2,
            "skill_usage": 0
        },
        {
            "name": "银灰",
            "skill": 1,
            "skill_usage": 0
        },
        {
            "name": "真理",
            "skill": 1,
            "skill_usage": 0
        }
    ],
    "stage_name": "main_02-03"
}