{
    "minimum_required": "v4.0.0",
    "stage_name": "act5d0_07",
    "actions": [
        {
            "type": "SpeedUp"
        },
        {
            "type": "Deploy",
            "name": "山",
            "location": [
                1,
                3
            ],
            "direction": "Right"
        },
        {
            "type": "Skill",
            "name": "山",
            "pre_delay": 4000
        },
        {
            "type": "Deploy",
            "name": "艾雅法拉",
            "location": [
                7,
                4
            ],
            "direction": "Right"
        },
        {
            "type": "Deploy",
            "name": "空",
            "location": [
                6,
                4
            ],
            "direction": "Right"
        },
        {
            "type": "Deploy",
            "name": "奶盾",
            "location": [
                8,
                3
            ],
            "direction": "Right"
        }
    ],
    "doc": {
        "title": "空模组任务 - CB-7 - “齐唱”",
        "details": "作业更新日期: 2024-10-09T13:32:16Z\n统计更新日期: 2024-11-30\n好评率：100.0%  浏览量：41\n来源：一只摆烂的42  ID：42295\n空「“齐唱”」模组任务\n3星通关别传CB-7；必须编入非助战空并上场，且不编入其他辅助干员\nUP：鬼魅ghost白\n原视频：https://www.bilibili.com/video/BV1yL2PYGEMG/\n制作者：一只摆烂的42\n有问题联系QQ2586582719\n修改自用请删除我的QQ"
    },
    "groups": [
        {
            "name": "奶盾",
            "opers": [
                {
                    "name": "塞雷娅",
                    "skill": 1,
                    "skill_usage": 0
                },
                {
                    "name": "黍",
                    "skill": 1,
                    "skill_usage": 0
                },
                {
                    "name": "临光",
                    "skill": 1,
                    "skill_usage": 0
                },
                {
                    "name": "古米",
                    "skill": 1,
                    "skill_usage": 0
                }
            ]
        }
    ],
    "opers": [
        {
            "name": "空",
            "skill": 1,
            "skill_usage": 0
        },
        {
            "name": "艾雅法拉",
            "skill": 2,
            "skill_usage": 0
        },
        {
            "name": "山",
            "skill": 2,
            "skill_usage": 0
        }
    ]
}