{
    "minimum_required": "v4.0.0",
    "stage_name": "a003_07",
    "actions": [
        {
            "type": "SpeedUp"
        },
        {
            "type": "Deploy",
            "name": "煌",
            "location": [
                6,
                3
            ],
            "direction": "Down"
        },
        {
            "type": "Deploy",
            "name": "塞雷娅",
            "location": [
                7,
                5
            ],
            "direction": "Left"
        },
        {
            "type": "Deploy",
            "name": "霍尔海雅",
            "location": [
                8,
                6
            ],
            "direction": "Right"
        },
        {
            "type": "Deploy",
            "name": "白面鸮",
            "location": [
                7,
                4
            ],
            "direction": "Down"
        },
        {
            "type": "SkillDaemon"
        }
    ],
    "doc": {
        "title": "火蓝之心·复刻 - OF-7 - 一锤定音 霍尔海雅模组“图书馆”解锁任务",
        "details": "作业更新日期: 2023-10-17T06:55:04Z\n统计更新日期: 2024-11-30\n好评率：100.0%  浏览量：419\n来源：萨拉托加  ID：29129\n霍尔海雅模组任务“图书馆”\n条件：3星通关别传OF-7；必须编入非助战霍尔海雅并上场，且至少使用2次博览者的狂语\n【【明日方舟】霍尔海雅模组任务摆完挂机】 https://www.bilibili.com/video/BV1Aa4y1G7VK/?share_source=copy_web&vd_source=3fd5040fe25f6a00e19e6072bcccfa4e"
    },
    "groups": [],
    "opers": [
        {
            "name": "霍尔海雅",
            "skill": 3,
            "skill_usage": 1
        },
        {
            "name": "煌",
            "skill": 2,
            "skill_usage": 0
        },
        {
            "name": "塞雷娅",
            "skill": 1,
            "skill_usage": 0
        },
        {
            "name": "白面鸮",
            "skill": 2,
            "skill_usage": 0
        }
    ]
}