{
    "minimum_required": "v4.0.0",
    "doc": {
        "title": "【孤岛风云】MB-1三人",
        "details": "作业更新日期: 2023-02-18T07:44:11Z\n统计更新日期: 2025-02-08\n好评率：100.0%  浏览量：766\n来源：一只摆烂的42  ID：21047\n\nUP：萧然Q\n原视频：https://www.bilibili.com/video/av849683238/\n有问题联系制作者QQ2586582719"
    },
    "stage_name": "act15d0_01",
    "opers": [
        {
            "name": "德克萨斯",
            "skill": 1,
            "skill_usage": 0
        },
        {
            "name": "煌",
            "skill": 2,
            "skill_usage": 0
        },
        {
            "name": "塞雷娅",
            "skill": 2,
            "skill_usage": 0
        }
    ],
    "actions": [
        {
            "type": "二倍速",
            "name": ""
        },
        {
            "type": "部署",
            "name": "德克萨斯",
            "location": [
                2,
                3
            ],
            "direction": "上"
        },
        {
            "type": "部署",
            "name": "煌",
            "location": [
                6,
                3
            ],
            "direction": "左"
        },
        {
            "type": "部署",
            "name": "塞雷娅",
            "location": [
                4,
                2
            ],
            "direction": "下"
        }
    ]
}