{
    "minimum_required": "v4.0.0",
    "doc": {
        "title": "【孤岛风云】MB-6三人",
        "details": "作业更新日期: 2023-02-18T09:29:47Z\n统计更新日期: 2025-02-08\n好评率：100.0%  浏览量：202\n来源：一只摆烂的42  ID：21054\n\nUP：萧然Q\n原视频：https://www.bilibili.com/video/av849683238/\n有问题联系制作者QQ2586582719"
    },
    "stage_name": "act15d0_06",
    "opers": [
        {
            "name": "棘刺",
            "skill": 3,
            "skill_usage": 1
        },
        {
            "name": "银灰",
            "skill": 3,
            "skill_usage": 1
        },
        {
            "name": "W",
            "skill": 3,
            "skill_usage": 1
        }
    ],
    "actions": [
        {
            "type": "二倍速",
            "name": ""
        },
        {
            "type": "部署",
            "name": "棘刺",
            "location": [
                5,
                4
            ],
            "direction": "上"
        },
        {
            "type": "部署",
            "name": "W",
            "location": [
                2,
                5
            ],
            "direction": "上"
        },
        {
            "type": "部署",
            "name": "银灰",
            "location": [
                8,
                3
            ],
            "direction": "上"
        },
        {
            "type": "摆完挂机",
            "name": ""
        }
    ]
}