{
    "minimum_required": "v4.0.0",
    "doc": {
        "title": "【孤岛风云】MB-6三人",
        "details": "作业更新日期: 2024-07-25T05:57:36Z\n统计更新日期: 2025-02-08\n好评率：98.88%  浏览量：1697\n来源：一只摆烂的42  ID：22945\n\nUP：侬无言以对\n原视频：https://www.bilibili.com/video/BV1b34y1X7b5/\n制作者：一只摆烂的42\n有问题联系QQ2586582719"
    },
    "stage_name": "act15d0_06",
    "opers": [
        {
            "name": "煌",
            "skill": 2,
            "skill_usage": 0
        },
        {
            "name": "拉普兰德",
            "skill": 2,
            "skill_usage": 0
        }
    ],
    "actions": [
        {
            "type": "二倍速",
            "name": ""
        },
        {
            "type": "部署",
            "name": "拉普兰德",
            "location": [
                5,
                5
            ],
            "direction": "上"
        },
        {
            "type": "部署",
            "name": "煌",
            "location": [
                6,
                5
            ],
            "direction": "上"
        },
        {
            "type": "Deploy",
            "name": "奶盾",
            "direction": "Up",
            "location": [
                4,
                5
            ]
        }
    ],
    "groups": [
        {
            "name": "奶盾",
            "opers": [
                {
                    "name": "塞雷娅",
                    "skill": 1,
                    "skill_usage": 0
                },
                {
                    "name": "黍",
                    "skill": 1,
                    "skill_usage": 0
                }
            ]
        }
    ]
}