{
    "minimum_required": "v4.0.0",
    "doc": {
        "title": "【孤岛风云】MB-EX-1突袭五人",
        "details": "作业更新日期: 2025-02-08T15:48:43Z\n统计更新日期: 2025-02-08\n好评率：99.33%  浏览量：1539\n来源：一只摆烂的42  ID：21057\n\nUP：萧然Q\n原视频：https://www.bilibili.com/video/av849683238/\n制作者：一只摆烂的42\n有问题联系QQ2586582719\n修改自用请删除我的QQ"
    },
    "stage_name": "act15d0_ex01",
    "opers": [
        {
            "name": "推进之王",
            "skill": 2,
            "skill_usage": 0
        },
        {
            "name": "煌",
            "skill": 2,
            "skill_usage": 0
        },
        {
            "name": "塞雷娅",
            "skill": 2,
            "skill_usage": 0
        },
        {
            "name": "艾雅法拉",
            "skill": 2,
            "skill_usage": 0
        }
    ],
    "actions": [
        {
            "type": "SpeedUp",
            "name": ""
        },
        {
            "type": "Deploy",
            "name": "煌",
            "location": [
                3,
                3
            ],
            "direction": "Up"
        },
        {
            "type": "Deploy",
            "name": "推进之王",
            "location": [
                3,
                4
            ],
            "direction": "Left"
        },
        {
            "type": "Deploy",
            "name": "塞雷娅",
            "location": [
                4,
                1
            ],
            "direction": "Left"
        },
        {
            "type": "Deploy",
            "name": "艾雅法拉",
            "location": [
                4,
                4
            ],
            "direction": "Down"
        },
        {
            "type": "Deploy",
            "name": "单奶",
            "location": [
                4,
                6
            ],
            "direction": "Up"
        },
        {
            "type": "SkillDaemon"
        }
    ],
    "difficulty": 3,
    "groups": [
        {
            "name": "单奶",
            "opers": [
                {
                    "name": "闪灵",
                    "skill": 2,
                    "skill_usage": 0
                },
                {
                    "name": "流明",
                    "skill": 3,
                    "skill_usage": 1
                },
                {
                    "name": "纯烬艾雅法拉",
                    "skill": 1,
                    "skill_usage": 0
                }
            ]
        }
    ]
}