{
    "minimum_required": "v4.0.0",
    "doc": {
        "title": "【孤岛风云】MB-2三人",
        "details": "作业更新日期: 2023-02-18T09:29:47Z\n统计更新日期: 2024-07-25\n好评率：100.0%  浏览量：475\n来源：一只摆烂的42  ID：21049\n\nUP：萧然Q\n原视频：https://www.bilibili.com/video/av849683238/\n有问题联系制作者QQ2586582719"
    },
    "stage_name": "act15d0_02",
    "opers": [
        {
            "name": "推进之王",
            "skill": 2,
            "skill_usage": 0
        },
        {
            "name": "煌",
            "skill": 2,
            "skill_usage": 0
        },
        {
            "name": "能天使",
            "skill": 3,
            "skill_usage": 0
        }
    ],
    "actions": [
        {
            "type": "二倍速",
            "name": ""
        },
        {
            "type": "部署",
            "name": "煌",
            "location": [
                2,
                2
            ],
            "direction": "右"
        },
        {
            "type": "部署",
            "name": "推进之王",
            "location": [
                7,
                2
            ],
            "direction": "下"
        },
        {
            "type": "部署",
            "name": "能天使",
            "location": [
                6,
                1
            ],
            "direction": "下"
        }
    ]
}