{
    "minimum_required": "v4.0.0",
    "stage_name": "act15d0_03",
    "actions": [
        {
            "type": "Deploy",
            "name": "芬",
            "location": [
                7,
                3
            ],
            "direction": "Left"
        },
        {
            "type": "Deploy",
            "name": "令",
            "location": [
                6,
                4
            ],
            "direction": "Left"
        },
        {
            "type": "Skill",
            "name": "山",
            "location": [
                3,
                5
            ]
        },
        {
            "type": "SpeedUp"
        },
        {
            "type": "Deploy",
            "name": "“弦惊”",
            "location": [
                2,
                1
            ],
            "direction": "Left"
        },
        {
            "type": "Deploy",
            "name": "“弦惊”",
            "location": [
                2,
                3
            ],
            "direction": "Left"
        },
        {
            "type": "Deploy",
            "name": "“弦惊”",
            "location": [
                3,
                1
            ],
            "direction": "Left"
        },
        {
            "type": "Deploy",
            "name": "“弦惊”",
            "location": [
                3,
                3
            ],
            "direction": "Left"
        },
        {
            "type": "Deploy",
            "name": "“弦惊”",
            "location": [
                2,
                5
            ],
            "direction": "Left"
        },
        {
            "type": "SkillDaemon"
        }
    ],
    "doc": {
        "title": "孤岛风云·复刻 - MB-3 - 首次遇袭 令",
        "details": "作业更新日期: 2024-02-25T13:22:59Z\n统计更新日期: 2025-02-08\n好评率：100.0%  浏览量：278\n来源：小卡拉帕鲁灰  ID：33748\n\nMB-令"
    },
    "groups": [],
    "opers": [
        {
            "name": "令",
            "skill": 3,
            "skill_usage": 1
        },
        {
            "name": "芬",
            "skill": 1,
            "skill_usage": 0
        }
    ]
}