{
    "minimum_required": "v4.0.0",
    "stage_name": "act15d0_03",
    "actions": [
        {
            "type": "SpeedUp"
        },
        {
            "type": "Deploy",
            "name": "煌",
            "location": [
                6,
                3
            ],
            "direction": "Left"
        },
        {
            "type": "Deploy",
            "name": "塞雷娅",
            "location": [
                3,
                4
            ],
            "direction": "Up"
        },
        {
            "type": "Deploy",
            "name": "风笛",
            "location": [
                2,
                1
            ],
            "direction": "Left"
        },
        {
            "type": "Output",
            "doc_color": "#6f42c1",
            "doc": "给个好评吧，亲~"
        }
    ],
    "doc": {
        "title": "塞雷娅模组摆完挂机-闲置的拳击手套（修改自用）",
        "details": "作业更新日期: 2024-03-24T07:29:05Z\n统计更新日期: 2025-02-08\n好评率：100.0%  浏览量：574\n来源：GoMo_Ning  ID：35393\n\n侬无言以对模组任务摆完挂机合集:BV1wU4y177Qu\n3星通关别传MB-3；必须编入非助战塞雷娅并上场，且所有干员不被击倒\n筱竹聽雨\n推王换风笛"
    },
    "groups": [],
    "opers": [
        {
            "name": "煌",
            "skill": 2,
            "skill_usage": 0
        },
        {
            "name": "塞雷娅",
            "skill": 1,
            "skill_usage": 0
        },
        {
            "name": "风笛",
            "skill": 2,
            "skill_usage": 0
        }
    ]
}