{
    "minimum_required": "v4.0.0",
    "stage_name": "act15d0_05",
    "actions": [
        {
            "type": "Deploy",
            "name": "芬",
            "location": [
                7,
                3
            ],
            "direction": "Up"
        },
        {
            "type": "Deploy",
            "name": "令",
            "location": [
                6,
                2
            ],
            "direction": "Right"
        },
        {
            "type": "SpeedUp"
        },
        {
            "type": "Deploy",
            "name": "“弦惊”",
            "location": [
                1,
                3
            ],
            "direction": "Up"
        },
        {
            "type": "Deploy",
            "name": "“弦惊”",
            "location": [
                7,
                1
            ],
            "direction": "Right"
        },
        {
            "type": "Deploy",
            "name": "“弦惊”",
            "location": [
                8,
                4
            ],
            "direction": "Right"
        },
        {
            "type": "Deploy",
            "name": "“弦惊”",
            "location": [
                1,
                4
            ],
            "direction": "Up"
        },
        {
            "type": "Deploy",
            "name": "“弦惊”",
            "location": [
                7,
                2
            ],
            "direction": "Up"
        },
        {
            "type": "Deploy",
            "name": "“弦惊”",
            "location": [
                7,
                4
            ],
            "direction": "Right"
        },
        {
            "type": "SkillDaemon"
        }
    ],
    "doc": {
        "title": "孤岛风云·复刻 - MB-5 - 危险交易 - 令",
        "details": "作业更新日期: 2024-02-29T08:53:18Z\n统计更新日期: 2024-07-25\n好评率：100.0%  浏览量：137\n来源：小卡拉帕鲁灰🐖  ID：34135\n\nMB-令"
    },
    "groups": [],
    "opers": [
        {
            "name": "令",
            "skill": 3,
            "skill_usage": 1
        },
        {
            "name": "芬",
            "skill": 1,
            "skill_usage": 0
        }
    ]
}