{
    "minimum_required": "v4.0",
    "doc": {
        "title": "【孤岛风云】MB-6三人",
        "details": "UP：侬无言以对\n原视频：https://www.bilibili.com/video/BV1b34y1X7b5/\n制作者：一只摆烂的42\n有问题联系QQ2586582719"
    },
    "stage_name": "act15d0_06",
    "opers": [
        {
            "name": "煌",
            "skill": 2,
            "skill_usage": 0
        },
        {
            "name": "拉普兰德",
            "skill": 2,
            "skill_usage": 0
        },
        {
            "name": "塞雷娅",
            "skill": 1,
            "skill_usage": 0
        }
    ],
    "actions": [
        {
            "type": "二倍速",
            "name": ""
        },
        {
            "type": "部署",
            "name": "拉普兰德",
            "location": [
                5,
                5
            ],
            "direction": "上"
        },
        {
            "type": "部署",
            "name": "煌",
            "location": [
                6,
                5
            ],
            "direction": "上"
        },
        {
            "type": "部署",
            "name": "塞雷娅",
            "location": [
                4,
                5
            ],
            "direction": "上"
        }
    ]
}