{
    "minimum_required": "v4.0",
    "doc": {
        "title": "【孤岛风云】MB-7双人",
        "details": "UP：萧然Q\n原视频：https://www.bilibili.com/video/av849683238/\n有问题联系制作者QQ2586582719"
    },
    "stage_name": "act15d0_07",
    "opers": [
        {
            "name": "棘刺",
            "skill": 3,
            "skill_usage": 1
        },
        {
            "name": "史尔特尔",
            "skill": 3,
            "skill_usage": 0
        }
    ],
    "actions": [
        {
            "type": "二倍速",
            "name": ""
        },
        {
            "type": "部署",
            "name": "棘刺",
            "location": [
                5,
                2
            ],
            "direction": "左"
        },
        {
            "type": "部署",
            "name": "史尔特尔",
            "location": [
                1,
                2
            ],
            "direction": "下"
        },
        {
            "type": "技能",
            "name": "史尔特尔",
            "pre_delay": 5000
        },
        {
            "type": "技能",
            "kills": 6,
            "name": "",
            "location": [
                2,
                3
            ],
            "pre_delay": 2000
        },
        {
            "type": "部署",
            "name": "史尔特尔",
            "location": [
                1,
                2
            ],
            "direction": "下"
        },
        {
            "type": "技能",
            "kills": 16,
            "name": "史尔特尔",
            "pre_delay": 2000
        }
    ]
}