{
    "minimum_required": "v4.0.0",
    "doc": {
        "title": "【孤岛风云】MB-8三人",
        "details": "作业更新日期: 2023-02-18T09:29:47Z\n统计更新日期: 2024-07-25\n好评率：54.55%  浏览量：775\n来源：一只摆烂的42  ID：21055\n\nUP：萧然Q\n原视频：https://www.bilibili.com/video/av849683238/\n有问题联系制作者QQ2586582719\n版本：V4.0"
    },
    "stage_name": "act15d0_08",
    "opers": [
        {
            "name": "棘刺",
            "skill": 3,
            "skill_usage": 1
        },
        {
            "name": "山",
            "skill": 2,
            "skill_usage": 2
        },
        {
            "name": "史尔特尔",
            "skill": 3,
            "skill_usage": 0
        }
    ],
    "actions": [
        {
            "type": "二倍速",
            "name": ""
        },
        {
            "type": "部署",
            "name": "山",
            "location": [
                4,
                5
            ],
            "direction": "左"
        },
        {
            "type": "部署",
            "name": "史尔特尔",
            "location": [
                4,
                2
            ],
            "direction": "下"
        },
        {
            "type": "技能",
            "cost_changes": 20,
            "name": "史尔特尔"
        },
        {
            "type": "部署",
            "name": "棘刺",
            "location": [
                9,
                5
            ],
            "direction": "上"
        },
        {
            "type": "技能",
            "name": "",
            "location": [
                5,
                4
            ],
            "pre_delay": 7500
        },
        {
            "type": "撤退",
            "kills": 4,
            "name": "史尔特尔"
        },
        {
            "type": "部署",
            "name": "史尔特尔",
            "location": [
                2,
                5
            ],
            "direction": "右"
        },
        {
            "type": "技能",
            "name": "",
            "location": [
                5,
                4
            ]
        },
        {
            "type": "技能",
            "name": "",
            "location": [
                7,
                1
            ],
            "pre_delay": 1000
        },
        {
            "type": "技能",
            "name": "史尔特尔",
            "pre_delay": 2000
        },
        {
            "type": "撤退",
            "kills": 14,
            "name": "史尔特尔"
        },
        {
            "type": "部署",
            "name": "史尔特尔",
            "location": [
                2,
                2
            ],
            "direction": "下"
        },
        {
            "type": "技能",
            "name": "史尔特尔",
            "pre_delay": 2000
        }
    ]
}