{
    "minimum_required": "v4.0",
    "doc": {
        "title": "【孤岛风云】MB-EX-7突袭五人-水陈版",
        "details": "UP：萧然Q\n原视频：https://www.bilibili.com/video/av849683238/\n有问题联系制作者QQ2586582719"
    },
    "stage_name": "act15d0_ex07",
    "opers": [
        {
            "name": "推进之王",
            "skill": 2,
            "skill_usage": 0
        },
        {
            "name": "银灰",
            "skill": 1,
            "skill_usage": 0
        },
        {
            "name": "塞雷娅",
            "skill": 1,
            "skill_usage": 0
        },
        {
            "name": "艾雅法拉",
            "skill": 2,
            "skill_usage": 0
        },
        {
            "name": "假日威龙陈",
            "skill": 3,
            "skill_usage": 1
        }
    ],
    "actions": [
        {
            "type": "二倍速",
            "name": ""
        },
        {
            "type": "部署",
            "name": "推进之王",
            "location": [
                6,
                3
            ],
            "direction": "左"
        },
        {
            "type": "部署",
            "name": "塞雷娅",
            "location": [
                6,
                4
            ],
            "direction": "左"
        },
        {
            "type": "部署",
            "name": "假日威龙陈",
            "location": [
                5,
                2
            ],
            "direction": "下"
        },
        {
            "type": "部署",
            "name": "银灰",
            "location": [
                7,
                1
            ],
            "direction": "右"
        },
        {
            "type": "技能",
            "cost_changes": 17,
            "name": "",
            "location": [
                7,
                2
            ]
        },
        {
            "type": "部署",
            "name": "艾雅法拉",
            "location": [
                6,
                5
            ],
            "direction": "上"
        },
        {
            "type": "技能",
            "kills": 13,
            "name": "假日威龙陈"
        },
        {
            "type": "摆完挂机",
            "name": ""
        }
    ]
}