{
    "minimum_required": "v4.0.0",
    "doc": {
        "title": "【孤岛风云】MB-EX-8突袭七人",
        "details": "作业更新日期: 2024-07-25T06:02:23Z\n统计更新日期: 2024-07-25\n好评率：98.31%  浏览量：1890\n来源：一只摆烂的42  ID：21065\n\nUP：萧然Q\n原视频：https://www.bilibili.com/video/BV17L4y1H776?p=19\n制作者：一只摆烂的42\n有问题联系QQ2586582719\n修改自用请删除我的QQ"
    },
    "stage_name": "act15d0_ex08",
    "opers": [
        {
            "name": "史尔特尔",
            "skill": 3,
            "skill_usage": 0
        },
        {
            "name": "能天使",
            "skill": 3,
            "skill_usage": 0
        },
        {
            "name": "艾雅法拉",
            "skill": 2,
            "skill_usage": 0
        },
        {
            "name": "伊芙利特",
            "skill": 2,
            "skill_usage": 0
        },
        {
            "name": "闪灵",
            "skill": 2,
            "skill_usage": 0
        },
        {
            "name": "铃兰",
            "skill": 2,
            "skill_usage": 0
        }
    ],
    "actions": [
        {
            "type": "二倍速",
            "name": ""
        },
        {
            "type": "部署",
            "name": "能天使",
            "location": [
                5,
                4
            ],
            "direction": "右"
        },
        {
            "type": "部署",
            "name": "铃兰",
            "location": [
                4,
                4
            ],
            "direction": "上"
        },
        {
            "type": "Deploy",
            "name": "第二辅助",
            "direction": "Down",
            "location": [
                4,
                3
            ]
        },
        {
            "type": "部署",
            "name": "艾雅法拉",
            "location": [
                5,
                3
            ],
            "direction": "左"
        },
        {
            "type": "部署",
            "name": "伊芙利特",
            "location": [
                2,
                5
            ],
            "direction": "右"
        },
        {
            "type": "部署",
            "name": "闪灵",
            "location": [
                5,
                1
            ],
            "direction": "左"
        },
        {
            "type": "部署",
            "kills": 19,
            "name": "史尔特尔",
            "location": [
                3,
                1
            ],
            "direction": "下",
            "pre_delay": 7000
        }
    ],
    "difficulty": 3,
    "groups": [
        {
            "name": "第二辅助",
            "opers": [
                {
                    "name": "安洁莉娜",
                    "skill": 1,
                    "skill_usage": 0
                },
                {
                    "name": "塑心",
                    "skill": 1,
                    "skill_usage": 0
                }
            ]
        }
    ]
}