{
  "minimum_required": "v4.0.0",
  "stage_name": "act15d0_ex05",
  "actions": [
    {
      "type": "SpeedUp",
      "name": ""
    },
    {
      "type": "Deploy",
      "name": "推进之王",
      "location": [
        1,
        4
      ],
      "direction": "Up"
    },
    {
      "type": "Deploy",
      "name": "煌",
      "location": [
        4,
        6
      ],
      "direction": "Right"
    },
    {
      "type": "Deploy",
      "name": "夜莺",
      "location": [
        3,
        5
      ],
      "direction": "Left"
    },
    {
      "type": "Deploy",
      "name": "减速辅助",
      "location": [
        4,
        4
      ],
      "direction": "Left"
    },
    {
      "type": "Deploy",
      "name": "伊芙利特",
      "location": [
        6,
        3
      ],
      "direction": "Left"
    },
    {
      "type": "Deploy",
      "name": "艾雅法拉",
      "location": [
        2,
        4
      ],
      "direction": "Up"
    }
  ],
  "doc": {
    "title": "【孤岛风云】MB-EX-5突袭六人",
    "details": "UP：萧然Q\n原视频：https://www.bilibili.com/video/av849683238/\n有问题联系制作者QQ2586582719"
  },
  "groups": [
    {
      "name": "减速辅助",
      "opers": [
        {
          "name": "铃兰",
          "skill": 2,
          "skill_usage": 0
        },
        {
          "name": "安洁莉娜",
          "skill": 1,
          "skill_usage": 0
        }
      ]
    }
  ],
  "opers": [
    {
      "name": "推进之王",
      "skill": 2,
      "skill_usage": 0
    },
    {
      "name": "煌",
      "skill": 2,
      "skill_usage": 0
    },
    {
      "name": "艾雅法拉",
      "skill": 2,
      "skill_usage": 0
    },
    {
      "name": "伊芙利特",
      "skill": 2,
      "skill_usage": 0
    },
    {
      "name": "夜莺",
      "skill": 2,
      "skill_usage": 0
    }
  ]
}