{
    "minimum_required": "v4.0.0",
    "stage_name": "act15d0_ex07",
    "actions": [
        {
            "type": "SpeedUp"
        },
        {
            "type": "Deploy",
            "name": "百炼嘉维尔",
            "location": [
                6,
                3
            ],
            "direction": "Left"
        },
        {
            "type": "Deploy",
            "name": "山",
            "location": [
                6,
                4
            ],
            "direction": "Left"
        },
        {
            "type": "Deploy",
            "name": "白面鸮",
            "location": [
                6,
                2
            ],
            "direction": "Down"
        },
        {
            "type": "Deploy",
            "name": "棘刺",
            "location": [
                6,
                1
            ],
            "direction": "Right"
        },
        {
            "type": "Deploy",
            "name": "艾雅法拉",
            "location": [
                5,
                2
            ],
            "direction": "Down"
        },
        {
            "type": "Deploy",
            "name": "单奶",
            "location": [
                6,
                5
            ],
            "direction": "Up"
        },
        {
            "type": "SkillUsage",
            "name": "艾雅法拉",
            "kills": 16,
            "skill_usage": 0
        },
        {
            "type": "Skill",
            "name": "艾雅法拉",
            "kills": 21,
            "pre_delay": 13500
        }
    ],
    "doc": {
        "title": "孤岛风云·复刻 - MB-EX-7 （修改自用）",
        "details": "作业更新日期: 2023-12-20T08:36:49Z\n统计更新日期: 2025-02-08\n好评率：92.5%  浏览量：625\n来源：白羊47  ID：31189\n\nup:刻俄柏_\nlnik:【【孤岛风云】突袭MB-EX-7 摆完挂机 五人十步】 https://www.bilibili.com/video/BV1MZ4y1h7ie/?share_source=copy_web&vd_source=dcc7ddeba31e59bccd51d29a07ff1565\n精二603"
    },
    "groups": [
        {
            "name": "单奶",
            "opers": [
                {
                    "name": "纯烬艾雅法拉",
                    "skill": 1,
                    "skill_usage": 0
                },
                {
                    "name": "流明",
                    "skill": 3,
                    "skill_usage": 1
                },
                {
                    "name": "闪灵",
                    "skill": 2,
                    "skill_usage": 0
                },
                {
                    "name": "华法琳",
                    "skill": 1,
                    "skill_usage": 0
                },
                {
                    "name": "赫默",
                    "skill": 1,
                    "skill_usage": 0
                }
            ]
        }
    ],
    "opers": [
        {
            "name": "山",
            "skill": 2,
            "skill_usage": 2
        },
        {
            "name": "艾雅法拉",
            "skill": 3,
            "skill_usage": 1
        },
        {
            "name": "百炼嘉维尔",
            "skill": 2,
            "skill_usage": 1
        },
        {
            "name": "棘刺",
            "skill": 3,
            "skill_usage": 1
        },
        {
            "name": "白面鸮",
            "skill": 2,
            "skill_usage": 0
        }
    ],
    "difficulty": 3
}