{
    "minimum_required": "v4.0.0",
    "doc": {
        "title": "【孤岛风云】MB-EX-4突袭四人",
        "details": "作业更新日期: 2024-07-25T05:58:01Z\n统计更新日期: 2024-07-25\n好评率：98.67%  浏览量：1266\n来源：一只摆烂的42  ID：21060\n\nUP：萧然Q\n原视频：https://www.bilibili.com/video/av849683238/\n有问题联系制作者QQ2586582719"
    },
    "stage_name": "act15d0_ex04",
    "opers": [
        {
            "name": "煌",
            "skill": 2,
            "skill_usage": 0
        },
        {
            "name": "艾雅法拉",
            "skill": 2,
            "skill_usage": 0
        },
        {
            "name": "闪灵",
            "skill": 2,
            "skill_usage": 0
        }
    ],
    "actions": [
        {
            "type": "二倍速",
            "name": ""
        },
        {
            "type": "部署",
            "name": "煌",
            "location": [
                7,
                6
            ],
            "direction": "上"
        },
        {
            "type": "部署",
            "name": "艾雅法拉",
            "location": [
                6,
                5
            ],
            "direction": "右"
        },
        {
            "type": "Deploy",
            "name": "奶盾",
            "direction": "Up",
            "location": [
                7,
                5
            ]
        },
        {
            "type": "部署",
            "name": "闪灵",
            "location": [
                6,
                3
            ],
            "direction": "下"
        }
    ],
    "difficulty": 3,
    "groups": [
        {
            "name": "奶盾",
            "opers": [
                {
                    "name": "塞雷娅",
                    "skill": 1,
                    "skill_usage": 0
                },
                {
                    "name": "黍",
                    "skill": 1,
                    "skill_usage": 0
                }
            ]
        }
    ]
}