{
    "minimum_required": "v4.0.0",
    "stage_name": "act14side_07",
    "actions": [
        {
            "type": "Deploy",
            "costs": 22,
            "name": "高级奶盾",
            "direction": "Left",
            "location": [
                6,
                5
            ]
        },
        {
            "type": "Deploy",
            "costs": 24,
            "name": "圣聆初雪",
            "direction": "Left",
            "location": [
                6,
                4
            ]
        },
        {
            "type": "SpeedUp"
        },
        {
            "type": "SkillDaemon"
        }
    ],
    "doc": {
        "title": " BI-7   圣聆初雪 Y 模组任务 双人高配",
        "details": "——————————\n作业更新日期: 2025-11-01T12:49:32Z\n统计更新日期: 2025-11-22\n相对评分：94.85%  相对热度：76.35%\n来源：咕咕咕咕了  ID：73422\n——————————\n圣聆初雪 90精2专三  奶建议 精2 60  \n【BI-7 圣聆初雪 y模组 两人  摆完挂机 无专精2技能】https://www.bilibili.com/video/BV1Nb15BfEEm?vd_source=8f2d31a8ba010093e36a4f9974aa3bda"
    },
    "groups": [
        {
            "name": "高级奶盾",
            "opers": [
                {
                    "name": "塞雷娅",
                    "skill": 1,
                    "skill_usage": 0
                },
                {
                    "name": "黍",
                    "skill": 1,
                    "skill_usage": 0
                }
            ]
        }
    ],
    "opers": [
        {
            "name": "圣聆初雪",
            "skill": 2,
            "skill_usage": 0
        }
    ]
}