{
    "stage_name": "act23side_06",
    "minimum_required": "v4.0.0",
    "doc": {
        "title": "娜仁图亚 模组任务",
        "details": "——————————\n作业更新日期: 2025-10-09T09:55:50Z\n统计更新日期: 2025-11-22\n相对评分：95.65%  相对热度：81.82000000000001%\n来源：エクシール  ID：70756\n——————————\n娜仁图亚 模组任务"
    },
    "opers": [
        {
            "name": "娜仁图亚",
            "skill": 1,
            "skill_usage": 2,
            "skill_times": 1,
            "requirements": {
                "level": 60
            }
        },
        {
            "name": "遥",
            "skill": 2,
            "skill_usage": 2,
            "skill_times": 2,
            "requirements": {
                "level": 60,
                "skill_level": 10
            }
        }
    ],
    "groups": [],
    "actions": [
        {
            "type": "SpeedUp"
        },
        {
            "name": "娜仁图亚",
            "location": [
                4,
                3
            ],
            "direction": "Down",
            "type": "Deploy"
        },
        {
            "name": "遥",
            "location": [
                5,
                4
            ],
            "direction": "Up",
            "type": "Deploy"
        },
        {
            "type": "SkillDaemon"
        }
    ],
    "version": 3
}