{
    "minimum_required": "v4.0.0",
    "stage_name": "tough_13-19",
    "actions": [
        {
            "type": "SpeedUp"
        },
        {
            "type": "Deploy",
            "name": "桃金娘",
            "location": [
                8,
                5
            ],
            "direction": "Right"
        },
        {
            "type": "Deploy",
            "name": "歌蕾蒂娅",
            "location": [
                9,
                3
            ],
            "direction": "Left"
        },
        {
            "type": "Deploy",
            "name": "归溟幽灵鲨",
            "location": [
                6,
                5
            ],
            "direction": "Left"
        },
        {
            "type": "Deploy",
            "name": "焰影苇草",
            "location": [
                6,
                6
            ],
            "direction": "Up"
        },
        {
            "type": "Deploy",
            "name": "流明",
            "location": [
                7,
                6
            ],
            "direction": "Up"
        },
        {
            "type": "Deploy",
            "name": "中间位置",
            "location": [
                7,
                4
            ],
            "direction": "Left"
        },
        {
            "type": "Deploy",
            "name": "斯卡蒂",
            "location": [
                7,
                5
            ],
            "direction": "Left"
        },
        {
            "type": "Deploy",
            "name": "法师1",
            "location": [
                5,
                6
            ],
            "direction": "Up"
        },
        {
            "type": "Retreat",
            "name": "桃金娘",
            "location": [
                8,
                5
            ]
        },
        {
            "type": "Deploy",
            "name": "幽灵鲨",
            "location": [
                8,
                3
            ],
            "rear_delay": 10000,
            "direction": "Left"
        },
        {
            "type": "Skill",
            "location": [
                10,
                3
            ]
        },
        {
            "type": "Deploy",
            "name": "阻拦一下",
            "location": [
                9,
                5
            ],
            "direction": "Left"
        },
        {
            "type": "Skill",
            "location": [
                10,
                5
            ],
            "kills": 27
        },
        {
            "type": "Skill",
            "location": [
                10,
                3
            ],
            "kills": 27
        },
        {
            "type": "SkillDaemon"
        }
    ],
    "doc": {
        "title": "第十三章 恶兆湍流 - 13-21（磨难） - 殷红君主",
        "details": "——————————\n作业更新日期: 2023-10-09T09:27:47Z\n统计更新日期: 2025-11-22\n相对评分：80.49%  相对热度：93.04%\n来源：深爱斯卡蒂  ID：28828\n——————————\n广义深海队，自用，这次是蒂蒂最强单人线了，法师位置不能用小刻，打不过。\n参考视频：https://www.bilibili.com/video/BV1qz4y1F7jm/\n作业要挂机稍微做了下优化，测试了几次能过\n全员练度都是专三，深海队满模组"
    },
    "groups": [
        {
            "name": "法师1",
            "opers": [
                {
                    "name": "伊芙利特",
                    "skill": 2,
                    "skill_usage": 0
                },
                {
                    "name": "澄闪",
                    "skill": 2,
                    "skill_usage": 0
                }
            ]
        },
        {
            "name": "阻拦一下",
            "opers": [
                {
                    "name": "Castle-3",
                    "skill": 1,
                    "skill_usage": 0
                },
                {
                    "name": "Friston-3",
                    "skill": 1,
                    "skill_usage": 0
                }
            ]
        },
        {
            "name": "中间位置",
            "opers": [
                {
                    "name": "艾雅法拉",
                    "skill": 2,
                    "skill_usage": 0
                }
            ]
        }
    ],
    "opers": [
        {
            "name": "斯卡蒂",
            "skill": 3,
            "skill_usage": 1
        },
        {
            "name": "幽灵鲨",
            "skill": 2,
            "skill_usage": 0
        },
        {
            "name": "归溟幽灵鲨",
            "skill": 3,
            "skill_usage": 1
        },
        {
            "name": "歌蕾蒂娅",
            "skill": 3,
            "skill_usage": 0
        },
        {
            "name": "安哲拉",
            "skill": 2,
            "skill_usage": 0
        },
        {
            "name": "桃金娘",
            "skill": 1,
            "skill_usage": 1
        },
        {
            "name": "焰影苇草",
            "skill": 3,
            "skill_usage": 1
        },
        {
            "name": "流明",
            "skill": 3,
            "skill_usage": 2
        }
    ]
}