{
    "minimum_required": "v4.0.0",
    "stage_name": "main_09-04",
    "actions": [
        {
            "type": "Deploy",
            "name": "山",
            "location": [
                9,
                5
            ],
            "direction": "Left"
        },
        {
            "type": "SpeedUp"
        },
        {
            "type": "Deploy",
            "name": "维娜·维多利亚",
            "location": [
                7,
                6
            ],
            "direction": "Up"
        },
        {
            "type": "Deploy",
            "name": "闪灵",
            "location": [
                9,
                6
            ],
            "direction": "Left"
        },
        {
            "type": "Deploy",
            "name": "泥岩",
            "location": [
                8,
                5
            ],
            "direction": "Right"
        },
        {
            "type": "SkillDaemon"
        }
    ],
    "doc": {
        "title": "第九章 风暴瞭望 - 9-5（标准） - 临界值【维娜·维多利亚模组任务】",
        "details": "——————————\n作业更新日期: 2024-12-05T10:59:20Z\n统计更新日期: 2025-11-22\n相对评分：95.39999999999999%  相对热度：100.0%\n来源：小卡拉帕鲁灰  ID：44233\n——————————\n维娜模组任务\n12万伤害\n限制5人，别加刷信赖干员\n维娜·维多利亚无法识别就别用了"
    },
    "groups": [],
    "opers": [
        {
            "name": "泥岩",
            "skill": 2,
            "skill_usage": 0
        },
        {
            "name": "维娜·维多利亚",
            "skill": 3,
            "skill_usage": 1
        },
        {
            "name": "闪灵",
            "skill": 2,
            "skill_usage": 0
        },
        {
            "skill_times": 1,
            "name": "山",
            "skill": 2,
            "skill_usage": 2
        }
    ],
    "difficulty": 1
}