{
    "minimum_required": "v4.0.0",
    "stage_name": "main_03-08",
    "actions": [
        {
            "type": "Deploy",
            "name": "铁卫",
            "direction": "Left",
            "location": [
                9,
                4
            ]
        },
        {
            "type": "Deploy",
            "name": "黑角",
            "location": [
                9,
                3
            ],
            "direction": "Left"
        },
        {
            "type": "Deploy",
            "name": "娜仁图亚",
            "location": [
                6,
                4
            ],
            "direction": "Right"
        },
        {
            "type": "Skill",
            "name": "娜仁图亚",
            "location": [
                6,
                4
            ]
        },
        {
            "type": "Deploy",
            "name": "芙蓉",
            "location": [
                9,
                1
            ],
            "direction": "Down"
        },
        {
            "type": "SpeedUp"
        }
    ],
    "doc": {
        "title": "第三章 二次呼吸 - 3-8 - 黄昏 娜仁图亚单核",
        "details": "——————————\n作业更新日期: 2025-08-15T11:39:47Z\n统计更新日期: 2025-11-22\n相对评分：69.77%  相对热度：67.36%\n来源：一般路过作业人  ID：50629\n——————————\n原视频链接【【明日方舟】无需练度就能拿到六星干员魔王和医疗阿米娅？-哔哩哔哩】 https://b23.tv/ggKdc7C"
    },
    "groups": [
        {
            "name": "铁卫",
            "opers": [
                {
                    "name": "蛇屠箱",
                    "skill": 2,
                    "skill_usage": 1
                },
                {
                    "name": "米格鲁",
                    "skill": 1,
                    "skill_usage": 1
                }
            ]
        }
    ],
    "opers": [
        {
            "name": "娜仁图亚",
            "skill": 1,
            "skill_usage": 0
        },
        {
            "name": "阿米娅",
            "skill": 1,
            "skill_usage": 0
        },
        {
            "name": "黑角",
            "skill": 1,
            "skill_usage": 0
        },
        {
            "name": "芙蓉",
            "skill": 1,
            "skill_usage": 0
        }
    ]
}