{
    "minimum_required": "v4.0.0",
    "stage_name": "mem_mgllan_1",
    "actions": [
        {
            "type": "SpeedUp"
        },
        {
            "type": "BulletTime",
            "name": "麦哲伦",
            "location": [
                6,
                6
            ],
            "rear_delay": 1
        },
        {
            "type": "Deploy",
            "name": "麦哲伦",
            "location": [
                6,
                6
            ],
            "direction": "Up",
            "pre_delay": 0,
            "rear_delay": 1
        },
        {
            "type": "BulletTime",
            "name": "麦哲伦",
            "location": [
                6,
                6
            ]
        },
        {
            "type": "Deploy",
            "name": "龙腾.A",
            "location": [
                3,
                5
            ],
            "direction": "Left"
        },
        {
            "type": "Deploy",
            "name": "机械水獭",
            "location": [
                9,
                5
            ],
            "direction": "Right",
            "costs": 30
        },
        {
            "type": "Deploy",
            "name": "龙腾.A",
            "location": [
                2,
                3
            ],
            "direction": "Up"
        },
        {
            "type": "Skill",
            "name": "麦哲伦",
            "location": [
                6,
                6
            ],
            "costs": 25
        },
        {
            "type": "Deploy",
            "name": "龙腾.A",
            "location": [
                2,
                3
            ],
            "direction": "Up",
            "costs": 56
        },
        {
            "type": "Deploy",
            "name": "龙腾.A",
            "location": [
                3,
                5
            ],
            "direction": "Left",
            "costs": 62
        },
        {
            "type": "Deploy",
            "name": "龙腾.A",
            "location": [
                10,
                3
            ],
            "direction": "Up",
            "costs": 76
        },
        {
            "type": "Skill",
            "name": "麦哲伦",
            "location": [
                6,
                6
            ],
            "pre_delay": 2
        },
        {
            "type": "Deploy",
            "name": "龙腾.A",
            "location": [
                2,
                3
            ],
            "direction": "Up",
            "costs": 97
        },
        {
            "type": "Deploy",
            "name": "机械水獭",
            "location": [
                8,
                5
            ],
            "direction": "Up",
            "costs": 0,
            "kills": 36
        },
        {
            "type": "Deploy",
            "name": "龙腾.A",
            "location": [
                3,
                5
            ],
            "direction": "Left",
            "costs": 0
        },
        {
            "type": "Deploy",
            "name": "龙腾.A",
            "location": [
                10,
                3
            ],
            "direction": "Up",
            "costs": 0
        },
        {
            "type": "Skill",
            "name": "麦哲伦",
            "location": [
                6,
                6
            ],
            "costs": 99,
            "pre_delay": 3
        },
        {
            "type": "Deploy",
            "name": "龙腾.A",
            "location": [
                8,
                3
            ],
            "direction": "Up",
            "costs": 92
        },
        {
            "type": "Deploy",
            "name": "龙腾.A",
            "location": [
                2,
                3
            ],
            "direction": "Up",
            "costs": 0
        },
        {
            "type": "Deploy",
            "name": "龙腾.A",
            "location": [
                9,
                6
            ],
            "direction": "Up",
            "costs": 0
        }
    ],
    "doc": {
        "title": "辅助 - 麦哲伦 - 取之不尽，用之不竭",
        "details": "作业更新日期: 2023-11-07T10:26:02Z\n统计更新日期: 2025-02-14\n好评率：97.14%  浏览量：2059\n来源：整点薯条  ID：29912\n麦哲伦：2307\n原视频：https://www.bilibili.com/video/BV1Ta411G7ax\nup：倾九_Komy\n如果失败了，就是部署麦麦失败，再点一次看看脸"
    },
    "groups": [],
    "opers": [
        {
            "name": "麦哲伦",
            "skill": 3,
            "skill_usage": 0
        }
    ]
}