{
    "minimum_required": "v4.0.0",
    "stage_name": "mem_nothin_1",
    "actions": [
        {
            "type": "SpeedUp"
        },
        {
            "type": "Deploy",
            "name": "乌有",
            "location": [
                7,
                4
            ],
            "direction": "Up",
            "costs": 25
        },
        {
            "type": "Skill",
            "location": [
                8,
                3
            ],
            "pre_delay": 4000
        },
        {
            "type": "Retreat",
            "location": [
                7,
                4
            ],
            "kills": 1
        },
        {
            "type": "Deploy",
            "name": "乌有",
            "location": [
                9,
                6
            ],
            "direction": "Left"
        },
        {
            "type": "Retreat",
            "location": [
                9,
                6
            ],
            "kills": 2
        },
        {
            "type": "Deploy",
            "name": "乌有",
            "location": [
                7,
                4
            ],
            "direction": "Up"
        },
        {
            "type": "SkillDaemon"
        }
    ],
    "doc": {
        "title": "乌有 - 悖论模拟 - 特种 - 乌有 - 处世之道",
        "details": "——————————\n作业更新日期: 2025-05-04T03:32:30Z\n统计更新日期: 2025-07-29\n相对评分：83.02000000000001%  相对热度：60.589999999999996%\n来源：焕彩gg  ID：52239\n——————————\nB站ID：焕彩GG 主页：https://space.bilibili.com/10123796\n本作业已开启截图增强\n求关注。"
    },
    "groups": [],
    "opers": [
        {
            "name": "乌有",
            "skill": 2,
            "skill_usage": 1
        }
    ]
}