{
    "minimum_required": "v4.0.0",
    "stage_name": "main_10-09",
    "actions": [
        {
            "type": "SpeedUp"
        },
        {
            "type": "Deploy",
            "name": "维什戴尔",
            "location": [
                4,
                3
            ],
            "direction": "Left"
        },
        {
            "type": "Deploy",
            "name": "银灰",
            "location": [
                4,
                5
            ],
            "direction": "Left"
        },
        {
            "type": "Deploy",
            "name": "澄闪",
            "location": [
                7,
                5
            ],
            "direction": "Left"
        }
    ],
    "doc": {
        "title": "10-10",
        "details": "作业更新日期: 2025-02-28T11:37:50Z\n统计更新日期: 2025-03-01\n好评率：100.0%  浏览量：2\n来源：lucky_duck233  ID：47804\n---"
    },
    "groups": [],
    "opers": [
        {
            "name": "维什戴尔",
            "skill": 3,
            "skill_usage": 0
        },
        {
            "name": "银灰",
            "skill": 3,
            "skill_usage": 0
        },
        {
            "name": "澄闪",
            "skill": 3,
            "skill_usage": 0
        }
    ]
}