{
    "minimum_required": "v4.0.0",
    "stage_name": "mem_cutter_1",
    "actions": [
        {
            "type": "SpeedUp"
        },
        {
            "type": "Deploy",
            "name": "刻刀",
            "location": [
                9,
                4
            ],
            "direction": "Left"
        },
        {
            "type": "Deploy",
            "name": "末药",
            "location": [
                8,
                2
            ],
            "direction": "Down",
            "costs": 0
        },
        {
            "type": "Skill",
            "name": "刻刀",
            "location": [
                9,
                4
            ],
            "costs": 25
        },
        {
            "type": "Skill",
            "name": "刻刀",
            "location": [
                9,
                4
            ],
            "costs": 80
        },
        {
            "type": "Skill",
            "name": "指挥终端",
            "location": [
                8,
                1
            ],
            "kills": 15
        },
        {
            "type": "Skill",
            "name": "指挥终端",
            "location": [
                6,
                1
            ],
            "kills": 15
        },
        {
            "type": "Deploy",
            "name": "砾",
            "location": [
                3,
                5
            ],
            "kills": 15,
            "direction": "Up"
        },
        {
            "type": "Retreat",
            "name": "砾",
            "location": [
                3,
                5
            ],
            "kills": 16,
            "pre_delay": 50
        },
        {
            "type": "Deploy",
            "name": "嘉维尔",
            "location": [
                8,
                3
            ],
            "kills": 16,
            "direction": "Down"
        },
        {
            "type": "Skill",
            "name": "刻刀",
            "location": [
                9,
                4
            ],
            "kills": 18,
            "rear_delay": 0,
            "pre_delay": 200
        },
        {
            "type": "Deploy",
            "name": "砾",
            "location": [
                2,
                5
            ],
            "kills": 19,
            "direction": "Up"
        },
        {
            "type": "Retreat",
            "name": "砾",
            "location": [
                2,
                5
            ],
            "kills": 19,
            "rear_delay": 0,
            "pre_delay": 30
        },
        {
            "type": "Skill",
            "name": "刻刀",
            "location": [
                9,
                4
            ],
            "costs": 71
        },
        {
            "type": "Deploy",
            "name": "砾",
            "location": [
                9,
                2
            ],
            "costs": 76,
            "direction": "Down"
        },
        {
            "type": "Retreat",
            "name": "砾",
            "location": [
                9,
                2
            ],
            "kills": 25,
            "costs": 0
        },
        {
            "type": "Deploy",
            "name": "砾",
            "location": [
                1,
                5
            ],
            "kills": 29,
            "direction": "Up"
        },
        {
            "type": "Retreat",
            "name": "砾",
            "location": [
                1,
                5
            ],
            "kills": 29,
            "rear_delay": 0,
            "pre_delay": 50
        },
        {
            "type": "Skill",
            "name": "刻刀",
            "location": [
                9,
                4
            ],
            "costs": 99
        },
        {
            "type": "Skill",
            "name": "刻刀",
            "location": [
                9,
                4
            ],
            "kills": 35
        },
        {
            "type": "Deploy",
            "name": "砾",
            "location": [
                8,
                4
            ],
            "kills": 38,
            "direction": "Right"
        },
        {
            "type": "SkillUsage",
            "name": "刻刀",
            "skill_usage": 1
        },
        {
            "type": "Retreat",
            "name": "砾",
            "location": [
                8,
                4
            ],
            "kills": 40
        }
    ],
    "doc": {
        "title": "刻刀 持节之刃 悖论模拟",
        "details": "——————————\n作业更新日期: 2023-08-06T14:45:50Z\n统计更新日期: 2025-07-23\n好评率：56.34%  浏览量：2261\n来源：FALETER  ID：25175\n——————————\n作业来源：B站倾九_Komy\n视频链接：https://www.bilibili.com/video/BV11S4y1Y7aY\n原视频刻刀为精二30级\n测试刻刀为精二60级\n均满信赖，无模组，技能7级\n若信赖不满升到40级即可，还不行就看攻击力在不在549及以上\n还有问题请加qq2637375228或评论反馈问题"
    },
    "groups": [],
    "opers": [
        {
            "name": "刻刀",
            "skill": 2,
            "skill_usage": 0
        }
    ]
}