{
    "minimum_required": "v4.0.0",
    "stage_name": "main_08-14",
    "actions": [
        {
            "type": "SpeedUp"
        },
        {
            "type": "Deploy",
            "name": "能天使",
            "location": [
                8,
                4
            ],
            "direction": "Left"
        },
        {
            "type": "Deploy",
            "name": "星熊",
            "location": [
                7,
                4
            ],
            "direction": "Left"
        },
        {
            "type": "Deploy",
            "name": "白面鸮",
            "location": [
                7,
                2
            ],
            "direction": "Down"
        },
        {
            "type": "Deploy",
            "name": "伊芙利特",
            "location": [
                6,
                1
            ],
            "direction": "Down"
        },
        {
            "type": "Deploy",
            "name": "塞雷娅",
            "location": [
                7,
                3
            ],
            "direction": "Left"
        },
        {
            "type": "Skill",
            "name": "白面鸮",
            "kills": 22,
            "pre_delay": 3000
        },
        {
            "type": "Skill",
            "name": "白面鸮",
            "kills": 48,
            "pre_delay": 2
        }
    ],
    "doc": {
        "title": "第八章 怒号光明 - M8-8 - 苏醒，浮出梦乡",
        "details": "统计日期：2024-05-02\n好评率：98.67%  浏览量：3391\nup:CLANNAD_团子大家族\nlink:【突袭M8-8，五人挂机流，有手就行。】 https://www.bilibili.com/video/BV1Qv4115767/?share_source=copy_web&vd_source=dcc7ddeba31e59bccd51d29a07ff1565\n精二603"
    },
    "groups": [],
    "opers": [
        {
            "name": "白面鸮",
            "skill": 2,
            "skill_usage": 0
        },
        {
            "name": "伊芙利特",
            "skill": 2,
            "skill_usage": 0
        },
        {
            "name": "星熊",
            "skill": 2,
            "skill_usage": 0
        },
        {
            "name": "能天使",
            "skill": 3,
            "skill_usage": 0
        },
        {
            "name": "塞雷娅",
            "skill": 2,
            "skill_usage": 0
        }
    ],
    "difficulty": 3
}