{
  "minimum_required": "v4.0.0",
  "stage_name": "TN-1",
  "actions": [
    {
      "type": "Deploy",
      "name": "桃金娘",
      "location": [
        9,
        7
      ],
      "direction": "Left"
    },
    {
      "type": "SpeedUp"
    },
    {
      "type": "Deploy",
      "name": "琴柳",
      "location": [
        8,
        7
      ],
      "direction": "Left"
    },
    {
      "type": "Skill",
      "name": "桃金娘",
      "location": [
        9,
        7
      ],
      "pre_delay": 4000
    },
    {
      "type": "Skill",
      "name": "琴柳",
      "location": [
        8,
        7
      ],
      "pre_delay": 1500
    },
    {
      "type": "Deploy",
      "name": "极境",
      "location": [
        9,
        3
      ],
      "direction": "Left",
      "costs": 30,
      "rear_delay": 1000
    },
    {
      "type": "Deploy",
      "name": "煌",
      "location": [
        8,
        5
      ],
      "direction": "Left"
    },
    {
      "type": "Skill",
      "name": "桃金娘",
      "location": [
        9,
        7
      ],
      "pre_delay": 9200
    },
    {
      "type": "Skill",
      "name": "琴柳",
      "location": [
        8,
        7
      ],
      "pre_delay": 1500
    },
    {
      "type": "Deploy",
      "name": "特制水上平台",
      "location": [
        4,
        5
      ],
      "direction": "None"
    },
    {
      "type": "Deploy",
      "name": "史尔特尔",
      "location": [
        4,
        5
      ],
      "direction": "Left",
      "pre_delay": 1000
    },
    {
      "type": "Skill",
      "name": "史尔特尔",
      "location": [
        4,
        5
      ],
      "pre_delay": 4000
    },
    {
      "type": "Skill",
      "name": "桃金娘",
      "location": [
        9,
        7
      ],
      "pre_delay": 3000
    },
    {
      "type": "Skill",
      "name": "琴柳",
      "location": [
        8,
        7
      ],
      "pre_delay": 1800
    },
    {
      "type": "Deploy",
      "name": "闪灵",
      "location": [
        8,
        2
      ],
      "direction": "Down"
    },
    {
      "type": "Skill",
      "name": "极境",
      "location": [
        9,
        3
      ],
      "pre_delay": 1000
    },
    {
      "type": "Deploy",
      "name": "特制水上平台",
      "location": [
        7,
        4
      ],
      "direction": "None"
    },
    {
      "type": "Deploy",
      "name": "星熊",
      "location": [
        7,
        4
      ],
      "direction": "Down"
    },
    {
      "type": "Deploy",
      "name": "蜜莓",
      "location": [
        9,
        6
      ],
      "cost_changes": 5,
      "direction": "Up"
    },
    {
      "type": "Skill",
      "name": "桃金娘",
      "location": [
        9,
        7
      ],
      "pre_delay": 7000
    },
    {
      "type": "Deploy",
      "name": "艾雅法拉",
      "location": [
        9,
        4
      ],
      "pre_delay": 500,
      "direction": "Left"
    },
    {
      "type": "Skill",
      "name": "极境",
      "location": [
        9,
        3
      ],
      "pre_delay": 10000
    },
    {
      "type": "Deploy",
      "name": "史尔特尔",
      "location": [
        9,
        4
      ],
      "direction": "Down",
      "pre_delay": 25000
    },
    {
      "type": "SpeedUp",
      "pre_delay": 100
    },
    {
      "type": "Skill",
      "name": "史尔特尔",
      "location": [
        9,
        4
      ],
      "pre_delay": 1000
    },
    {
      "type": "SkillDaemon"
    }
  ],
  "doc": {
    "title": "引航者试炼#03 TN-1 普通定向恢弘试炼（萧然攻略",
    "details": "本人没有澄闪又想挂机，所以自写了脚本\n作业链接【【引航者试炼#3】TN-1至TN-4恢宏试炼 简单好抄】 https://www.bilibili.com/video/BV1Vj411z7ed/?p=2&share_source=copy_web&vd_source=341f8a9e17d1c35ed10d7a941eb615f2\n最好全员2603\n恢弘测了能过\n第二轮放42可能会有时间问题，用户可以自下json修改前置时间\n遏制单元升二级\n基于恢弘编写，恢弘更稳定\n"
  },
  "groups": [],
  "opers": [
    {
      "name": "桃金娘",
      "skill": 1,
      "skill_usage": 0
    },
    {
      "name": "极境",
      "skill": 1,
      "skill_usage": 0
    },
    {
      "name": "琴柳",
      "skill": 1,
      "skill_usage": 0
    },
    {
      "name": "煌",
      "skill": 2,
      "skill_usage": 0
    },
    {
      "name": "史尔特尔",
      "skill": 3,
      "skill_usage": 0
    },
    {
      "name": "星熊",
      "skill": 2,
      "skill_usage": 0
    },
    {
      "name": "艾雅法拉",
      "skill": 2,
      "skill_usage": 0
    },
    {
      "name": "闪灵",
      "skill": 1,
      "skill_usage": 0
    },
    {
      "name": "蜜莓",
      "skill": 1,
      "skill_usage": 0
    }
  ]
}