{
    "minimum_required": "v4.0",
    "doc": {
        "title": "",
        "details": ""
    },
    "stage_name": "TC-1",
    "opers": [
        {
            "name": "能天使",
            "skill": 1,
            "skill_usage": 0
        },
        {
            "name": "煌",
            "skill": 2,
            "skill_usage": 0
        }
    ],
    "actions": [
        {
            "type": "二倍速",
            "name": ""
        },
        {
            "type": "部署",
            "name": "煌",
            "location": [
                5,
                5
            ],
            "direction": "上"
        },
        {
            "type": "部署",
            "name": "能天使",
            "location": [
                2,
                3
            ],
            "direction": "右"
        }
    ]
}