{
    "actions": [
        {
            "type": "部署",
            "name": "障碍物",
            "location": [
                3,
                1
            ],
            "direction": ""
        },
        {
            "type": "部署",
            "name": "障碍物",
            "direction": "",
            "location": [
                2,
                3
            ]
        },
        {
            "type": "二倍速"
        },
        {
            "type": "部署",
            "name": "障碍物",
            "location": [
                4,
                5
            ],
            "direction": ""
        },
        {
            "type": "部署",
            "name": "障碍物",
            "location": [
                9,
                5
            ],
            "direction": ""
        },
        {
            "type": "部署",
            "name": "伊芙利特",
            "location": [
                6,
                1
            ],
            "direction": "下"
        },
        {
            "type": "部署",
            "name": "泥岩",
            "location": [
                8,
                3
            ],
            "direction": "左"
        },
        {
            "type": "部署",
            "name": "塞雷娅",
            "location": [
                5,
                3
            ],
            "direction": "右"
        },
        {
            "type": "部署",
            "name": "艾雅法拉",
            "location": [
                9,
                2
            ],
            "direction": "左"
        },
        {
            "type": "部署",
            "name": "拉普兰德",
            "location": [
                10,
                3
            ],
            "direction": "左"
        },
        {
            "type": "部署",
            "name": "猫嗷",
            "location": [
                4,
                2
            ],
            "direction": "右"
        }
    ],
    "stage_name": "TC-6",
    "doc": {
        "title": "挂机作业（高练度要求",
        "details": "萧然作业：https://www.bilibili.com/video/BV1dT411J7ar"
    },
    "opers": [
        {
            "name": "拉普兰德",
            "skill": 2
        },
        {
            "name": "泥岩",
            "skill": 2
        },
        {
            "name": "塞雷娅",
            "skill": 1
        },
        {
            "name": "伊芙利特",
            "skill": 2
        },
        {
            "name": "艾雅法拉",
            "skill": 2
        }
    ],
    "groups": [
        {
            "opers": [
                {
                    "name": "桑葚",
                    "skill": 1
                },
                {
                    "name": "蜜莓",
                    "skill": 1
                },
                {
                    "name": "褐果",
                    "skill": 1
                }
            ],
            "name": "猫嗷"
        }
    ]
}