{
    "minimum_required": "v4.0",
    "doc": {
        "title": "TC-7",
        "details": "https://www.bilibili.com/video/BV1pt4y157sS?share_source=copy_web&vd_source=f011ebe2f8d35de5cdc2609f51a0c55b"
    },
    "stage_name": "TC-7",
    "opers": [
        {
            "name": "凯尔希",
            "skill": 3,
            "skill_usage": 1
        },
        {
            "name": "风笛",
            "skill": 2,
            "skill_usage": 0
        },
        {
            "name": "黑键",
            "skill": 2,
            "skill_usage": 0
        }
    ],
    "actions": [
        {
            "type": "二倍速",
            "name": ""
        },
        {
            "type": "部署",
            "name": "风笛",
            "location": [
                2,
                4
            ],
            "direction": "下"
        },
        {
            "type": "部署",
            "name": "凯尔希",
            "location": [
                1,
                3
            ],
            "direction": "下"
        },
        {
            "type": "部署",
            "name": "Mon3tr",
            "location": [
                2,
                6
            ],
            "direction": "左"
        },
        {
            "type": "部署",
            "name": "黑键",
            "location": [
                7,
                4
            ],
            "direction": "下"
        },
        {
            "type": "摆完挂机",
            "name": ""
        }
    ]
}