{
    "minimum_required": "v4.0.0",
    "doc": {
        "title": "全息作战矩阵 - LS-4 - 特种战演习 15难",
        "details": "——————————\n作业更新日期: 2025-08-28T14:48:48Z\n统计更新日期: 2025-08-30\n相对评分：100.00%  相对热度：100.00%\n来源：萨拉托加  ID：66458\n——————————\n如果练度过高在10杀需要关能天使技能！全员技能专三\n基础OR选右\n附加第一排选第1 第4 第5 第6个\n第二排OR第一个选右，后两个选左\n原作者萧然Q JSON作者萨拉托加\n作业交流群群号216314927，可蹲作业，有问题进群找我，作业站消息没提醒看不到\n【【全息作战矩阵】#1全关卡 摆完挂机 简单好抄（更新至7-18）】 https://www.bilibili.com/video/BV13whmzjEWj/?p=2&share_source=copy_web&vd_source=3fd5040fe25f6a00e19e6072bcccfa4e"
    },
    "stage_name": "wk_kc_4",
    "opers": [
        {
            "name": "塑心",
            "skill": 3,
            "skill_usage": 2,
            "requirements": {
                "module": 1
            },
            "skill_times": 1
        },
        {
            "name": "逻各斯",
            "skill": 3,
            "skill_usage": 0,
            "requirements": {
                "module": 4
            }
        },
        {
            "name": "铃兰",
            "skill": 3,
            "skill_usage": 0,
            "requirements": {
                "module": 1
            }
        },
        {
            "name": "莫斯提马",
            "skill": 3,
            "skill_usage": 0,
            "requirements": {
                "module": 2
            }
        },
        {
            "name": "新约能天使",
            "skill": 2,
            "skill_usage": 0,
            "requirements": {
                "module": 1
            }
        }
    ],
    "groups": [],
    "actions": [
        {
            "type": "Deploy",
            "name": "新约能天使",
            "direction": "Down",
            "location": [
                5,
                1
            ]
        },
        {
            "type": "Deploy",
            "name": "塑心",
            "location": [
                5,
                3
            ],
            "direction": "Left"
        },
        {
            "type": "Skill",
            "pre_delay": 4000,
            "name": "新约能天使"
        },
        {
            "type": "Deploy",
            "name": "铃兰",
            "direction": "Left",
            "location": [
                7,
                3
            ]
        },
        {
            "type": "SpeedUp"
        },
        {
            "type": "Output",
            "doc": "10杀时能天使有技能需要手动关闭技能",
            "doc_color": "DarkRed",
            "kills": 10
        },
        {
            "type": "Skill",
            "kills": 43,
            "name": "新约能天使"
        },
        {
            "type": "Deploy",
            "name": "逻各斯",
            "direction": "Up",
            "location": [
                5,
                5
            ]
        },
        {
            "type": "Skill",
            "name": "塑心",
            "kills": 50
        },
        {
            "type": "Skill",
            "name": "铃兰",
            "pre_delay": 3000
        },
        {
            "type": "Skill",
            "name": "逻各斯"
        },
        {
            "type": "Deploy",
            "name": "莫斯提马",
            "direction": "Up",
            "location": [
                6,
                5
            ]
        },
        {
            "type": "Skill",
            "name": "新约能天使",
            "kills": 61
        },
        {
            "type": "Skill",
            "name": "莫斯提马"
        },
        {
            "type": "SkillDaemon"
        }
    ],
    "version": 3
}