{
  "minimum_required": "v4.0.0",
  "actions": [
    {
      "type": "SpeedUp"
    },
    {
      "type": "Deploy",
      "name": "歌蕾蒂娅",
      "location": [
        7,
        4
      ],
      "direction": "Left"
    },
    {
      "type": "Deploy",
      "name": "塞雷娅",
      "location": [
        1,
        6
      ],
      "direction": "Up"
    },
    {
      "type": "Deploy",
      "name": "煌",
      "location": [
        10,
        1
      ],
      "direction": "Left"
    },
    {
      "type": "Deploy",
      "name": "早露",
      "location": [
        2,
        5
      ],
      "direction": "Up"
    },
    {
      "type": "Output",
      "doc_color": "#6f42c1",
      "doc": "给个好评吧，亲~"
    }
  ],
  "doc": {
    "title": "早露模组摆完挂机-攻城器械训练装置",
    "details": "侬无言以对模组任务摆完挂机合集:BV1wU4y177Qu\n3星通关主题曲7-9；必须编入非助战早露并上场，其他成员不可编入狙击干员\n筱竹聽雨"
  },
  "groups": [],
  "opers": [
    {
      "name": "煌",
      "skill": 2,
      "skill_usage": 0
    },
    {
      "name": "歌蕾蒂娅",
      "skill": 1,
      "skill_usage": 0
    },
    {
      "name": "早露",
      "skill": 1,
      "skill_usage": 0
    },
    {
      "name": "塞雷娅",
      "skill": 1,
      "skill_usage": 0
    }
  ],
  "stage_name": "obt/main/level_main_07-07"
}