{
  "minimum_required": "v4.0.0",
  "actions": [
    {
      "type": "SpeedUp"
    },
    {
      "type": "Deploy",
      "name": "蓝毒",
      "location": [
        3,
        4
      ],
      "direction": "Right"
    },
    {
      "type": "Deploy",
      "name": "黑角",
      "location": [
        7,
        1
      ],
      "direction": "Right"
    },
    {
      "type": "Deploy",
      "name": "卡夫卡",
      "location": [
        5,
        1
      ],
      "direction": "Right"
    },
    {
      "type": "Deploy",
      "name": "拉普兰德",
      "location": [
        7,
        5
      ],
      "direction": "Up",
      "kills": 7
    },
    {
      "type": "Deploy",
      "name": "夜莺",
      "location": [
        8,
        3
      ],
      "direction": "Up"
    },
    {
      "type": "Output",
      "doc_color": "#6f42c1",
      "doc": "给个好评吧，亲~"
    }
  ],
  "doc": {
    "title": "卡夫卡模组摆完挂机-魔方挂坠",
    "details": "侬无言以对模组任务摆完挂机合集:BV1wU4y177Qu\n3星通关主题曲2-7；必须编入非助战卡夫卡并上场，且使用卡夫卡技能至少歼灭10名敌人\n筱竹聽雨"
  },
  "groups": [],
  "opers": [
    {
      "name": "蓝毒",
      "skill": 1,
      "skill_usage": 0
    },
    {
      "name": "黑角",
      "skill": 1,
      "skill_usage": 0
    },
    {
      "name": "卡夫卡",
      "skill": 2,
      "skill_usage": 0
    },
    {
      "name": "拉普兰德",
      "skill": 2,
      "skill_usage": 0
    },
    {
      "name": "夜莺",
      "skill": 2,
      "skill_usage": 0
    }
  ],
  "stage_name": "obt/main/level_main_02-07"
}