{
    "stage_name": "mem_ray_1",
    "minimum_required": "v4.0.0",
    "doc": {
        "title": "狙击 - 莱伊 - 沙地兽与弩",
        "details": "——————————\n作业更新日期: 2025-07-16T06:25:11Z\n统计更新日期: 2025-07-27\n好评率：70.69%  浏览量：1117\n来源：洛沐鸢q  ID：62852\n——————————\n莱伊不要带模组（\n视频出处：https://www.bilibili.com/video/BV1L7GHzeE4L?spm_id_from=333.788.videopod.sections&vd_source=7b1aaaf8751fd75bb74112d4c902d1a2"
    },
    "opers": [
        {
            "name": "莱伊",
            "skill": 3,
            "requirements": {
                "skill_level": 10
            }
        },
        {
            "name": "沙地兽"
        }
    ],
    "groups": [],
    "actions": [
        {
            "type": "SpeedUp"
        },
        {
            "name": "莱伊",
            "location": [
                3,
                4
            ],
            "direction": "Right",
            "type": "Deploy"
        },
        {
            "name": "沙地兽",
            "location": [
                7,
                4
            ],
            "direction": "None",
            "type": "Deploy",
            "cost_changes": 11
        },
        {
            "type": "Skill",
            "name": "莱伊",
            "pre_delay": 3000
        },
        {
            "type": "Retreat",
            "name": "沙地兽",
            "kills": 3
        },
        {
            "name": "沙地兽",
            "location": [
                3,
                3
            ],
            "direction": "None",
            "type": "Deploy"
        },
        {
            "type": "Retreat",
            "name": "沙地兽",
            "kills": 6
        },
        {
            "type": "Skill",
            "name": "莱伊",
            "pre_delay": 4500
        },
        {
            "name": "沙地兽",
            "location": [
                4,
                3
            ],
            "direction": "None",
            "type": "Deploy",
            "kills": 13
        },
        {
            "type": "Skill",
            "name": "莱伊"
        },
        {
            "type": "Retreat",
            "name": "沙地兽",
            "kills": 14
        },
        {
            "name": "轰隆隆先生",
            "location": [
                6,
                6
            ],
            "direction": "None",
            "type": "Deploy",
            "pre_delay": 4000
        },
        {
            "name": "宴",
            "location": [
                5,
                5
            ],
            "direction": "Down",
            "type": "Deploy"
        },
        {
            "name": "轰隆隆先生",
            "location": [
                6,
                6
            ],
            "direction": "None",
            "type": "Deploy"
        },
        {
            "name": "沙地兽",
            "location": [
                4,
                5
            ],
            "direction": "None",
            "type": "Deploy"
        },
        {
            "type": "Skill",
            "name": "莱伊"
        },
        {
            "name": "轰隆隆先生",
            "location": [
                6,
                6
            ],
            "direction": "None",
            "type": "Deploy"
        }
    ],
    "version": 3
}