{
    "minimum_required": "v4.0.0",
    "stage_name": "mem_phatom_1",
    "actions": [
        {
            "type": "Deploy",
            "name": "白面鸮",
            "location": [
                8,
                5
            ],
            "direction": "Left",
            "costs": 15
        },
        {
            "type": "Deploy",
            "name": "蓝毒",
            "location": [
                4,
                2
            ],
            "direction": "Right",
            "costs": 11
        },
        {
            "type": "Skill",
            "name": "凛冬",
            "location": [
                9,
                4
            ],
            "costs": 3
        },
        {
            "type": "Skill",
            "name": "清道夫",
            "location": [
                9,
                6
            ],
            "costs": 0
        },
        {
            "type": "Deploy",
            "name": "傀影",
            "location": [
                2,
                6
            ],
            "direction": "Up",
            "kills": 2
        },
        {
            "type": "Retreat",
            "name": "傀影",
            "location": [
                2,
                6
            ],
            "pre_delay": 200
        },
        {
            "type": "Output",
            "doc_color": "Gold",
            "doc": "这里轴可能对不上，那么请你使用默认证章，关掉模组"
        },
        {
            "type": "Deploy",
            "name": "傀影",
            "location": [
                10,
                2
            ],
            "direction": "Left",
            "costs": 70
        },
        {
            "type": "Deploy",
            "name": "镜中虚影",
            "location": [
                9,
                2
            ],
            "pre_delay": 200,
            "direction": "Left"
        },
        {
            "type": "Retreat",
            "name": "傀影",
            "location": [
                10,
                2
            ],
            "pre_delay": 200
        },
        {
            "type": "Output",
            "doc_color": "Gold",
            "doc": "这里轴可能对不上，那么请你使用默认证章，关掉模组"
        },
        {
            "type": "Deploy",
            "name": "傀影",
            "location": [
                2,
                1
            ],
            "costs": 87,
            "direction": "Left"
        },
        {
            "type": "Retreat",
            "name": "傀影",
            "location": [
                2,
                1
            ],
            "pre_delay": 401
        },
        {
            "type": "Skill",
            "name": "蓝毒",
            "kills": 33
        },
        {
            "type": "Skill",
            "name": "凛冬",
            "location": [
                9,
                4
            ]
        },
        {
            "type": "Skill",
            "name": "清道夫",
            "location": [
                9,
                6
            ]
        },
        {
            "type": "Deploy",
            "name": "傀影",
            "location": [
                2,
                1
            ],
            "direction": "Down",
            "pre_delay": 49000
        },
        {
            "type": "BulletTime",
            "name": "白面鸮",
            "location": [
                8,
                5
            ]
        },
        {
            "type": "Deploy",
            "name": "镜中虚影",
            "location": [
                2,
                2
            ],
            "direction": "Down",
            "pre_delay": 0
        },
        {
            "type": "SpeedUp"
        },
        {
            "type": "Skill",
            "name": "凛冬",
            "location": [
                9,
                4
            ]
        },
        {
            "type": "Skill",
            "name": "清道夫",
            "location": [
                9,
                6
            ]
        },
        {
            "type": "Skill",
            "name": "蓝毒",
            "kills": 52
        },
        {
            "type": "Output",
            "doc_color": "DeepSkyBlue",
            "doc": "求各位 DOCTOR 给我一点反馈吧 (*σ´∀`)σ"
        }
    ],
    "doc": {
        "title": "【关闭截图增强】低练一倍速    傀影悖论模拟 - 控局",
        "details": "作业更新日期: 2024-10-20T05:05:41Z\n统计更新日期: 2024-10-20\n好评率：73.68%  浏览量：401\n来源：542B  ID：39885\n测试为90一潜专一，比无潜少一费，没有潜能的进入以后可以按一秒暂停对轴\n请关闭截图增强，显示延迟约500毫秒左右才可用\n关掉模组否则轴对不上，希望对你有帮助"
    },
    "groups": [],
    "opers": [
        {
            "name": "傀影",
            "skill": 3,
            "skill_usage": 0
        },
        {
            "name": "作者 542B",
            "skill": 1,
            "skill_usage": 0
        },
        {
            "name": "求反馈",
            "skill": 2,
            "skill_usage": 0
        },
        {
            "name": "o(〃＾▽＾〃)o",
            "skill": 3,
            "skill_usage": 0
        }
    ]
}