{"minimum_required":"v4.0.0","stage_name":"act14mini_03","actions":[{"type":"Deploy","name":"煌","location":[1,3],"direction":"Down"},{"type":"SpeedUp"},{"type":"Deploy","name":"艾雅法拉","location":[6,2],"direction":"Right"},{"type":"SkillDaemon"}],"doc":{"title":"DC-3 含突袭","details":"含突袭\nUP: 命辰\nhttps://www.bilibili.com/video/BV19Y411i7zr\nScript by luckyluke"},"groups":[],"opers":[{"name":"煌","skill":2,"skill_usage":0},{"name":"艾雅法拉","skill":2,"skill_usage":0}]}