{"minimum_required":"v4.0.0","stage_name":"act14mini_06","actions":[{"type":"Deploy","name":"煌","location":[3,5],"direction":"Right"},{"type":"SpeedUp"},{"type":"Deploy","name":"闪灵","location":[1,4],"direction":"Right"},{"type":"Deploy","name":"星熊","location":[4,5],"direction":"Right"},{"type":"SkillDaemon"}],"doc":{"title":"DC-6 含突袭","details":"含突袭\nUP: 命辰\nhttps://www.bilibili.com/video/BV1Bv4y1s7Z7\nScript by luckyluke"},"groups":[],"opers":[{"name":"煌","skill":2,"skill_usage":0},{"name":"星熊","skill":2,"skill_usage":0},{"name":"闪灵","skill":2,"skill_usage":0}]}