{"minimum_required":"v4.0.0","stage_name":"act14mini_07","actions":[{"type":"Deploy","name":"煌","location":[8,5],"direction":"Down"},{"type":"SpeedUp"},{"type":"Deploy","name":"星熊","location":[9,6],"direction":"Left"},{"type":"Deploy","name":"艾雅法拉","location":[9,2],"direction":"Left"},{"type":"Deploy","name":"闪灵","location":[9,4],"direction":"Down"},{"type":"Deploy","name":"能天使","location":[2,2],"direction":"Right"},{"type":"Deploy","name":"塞雷娅","location":[8,1],"direction":"Right"},{"type":"SkillDaemon"}],"doc":{"title":"DC-7 含突袭","details":"含突袭\nUP: 命辰\nhttps://www.bilibili.com/video/BV1EM411e7ED\nScript by luckyluke"},"groups":[],"opers":[{"name":"煌","skill":2,"skill_usage":0},{"name":"星熊","skill":2,"skill_usage":0},{"name":"艾雅法拉","skill":2,"skill_usage":0},{"name":"塞雷娅","skill":1,"skill_usage":0},{"name":"能天使","skill":3,"skill_usage":0},{"name":"闪灵","skill":2,"skill_usage":0}]}