{
    "stage_name": "mem_chen2_1",
    "minimum_required": "v4.0.0",
    "doc": {
        "title": "狙击 - 假日威龙陈 - 去往高处215三技能专一版",
        "details": "——————————\n作业更新日期: 2025-09-23T10:53:15Z\n统计更新日期: 2025-10-09\n相对评分：88.17%  相对热度：47.61%\n来源：蓝毒的蓝莓蛋糕  ID：69135\n——————————\n来自B站up：雪沐ユキル_Channel\nhttps://www.bilibili.com/video/BV1xrb7zJEGW/?spm_id_from=333.1387.upload.video_card.click&vd_source=6d5f10f26976a9b2dcdfc0505a2d9923\n原视频201专一通关，关注原up谢谢喵！\n——已通过测试——\n原视频简介：通过此悖论模拟刚需以下3个任意一个条件\n1、精二15级以上（攻击749）\n2、精二1级且有攻击潜（攻击762）\n3、精二1级且至少专精等级1（技能回转伤害变高，回转变快，需要特殊调轴）"
    },
    "opers": [
        {
            "name": "假日威龙陈",
            "skill": 3,
            "skill_usage": 0,
            "requirements": {
                "level": 15
            }
        }
    ],
    "groups": [],
    "actions": [
        {
            "type": "SpeedUp"
        },
        {
            "name": "假日威龙陈",
            "location": [
                5,
                2
            ],
            "direction": "Down",
            "type": "Deploy",
            "costs": 46
        },
        {
            "name": "桑葚",
            "location": [
                7,
                2
            ],
            "direction": "Left",
            "type": "Deploy"
        },
        {
            "type": "Skill",
            "name": "假日威龙陈",
            "location": [
                5,
                2
            ],
            "costs": 59
        },
        {
            "type": "Skill",
            "name": "假日威龙陈",
            "location": [
                5,
                2
            ],
            "kills": 56
        },
        {
            "type": "Skill",
            "name": "假日威龙陈",
            "location": [
                5,
                2
            ],
            "kills": 75,
            "pre_delay": 500
        },
        {
            "type": "SkillDaemon"
        }
    ],
    "version": 3
}