{
    "minimum_required": "v4.0.0",
    "stage_name": "mem_gdglow_1",
    "actions": [
        {
            "type": "Deploy",
            "name": "澄闪",
            "location": [
                5,
                6
            ],
            "direction": "Up",
            "costs": 20,
            "doc_color": "#d63384",
            "doc": "粉猫猫可爱捏"
        },
        {
            "type": "SpeedUp"
        },
        {
            "type": "Skill",
            "name": "澄闪",
            "kills": 2
        },
        {
            "type": "Skill",
            "name": "澄闪",
            "kills": 16
        },
        {
            "type": "Skill",
            "name": "澄闪",
            "kills": 24,
            "doc_color": "#d63384",
            "doc": "通关！感谢使用ww"
        }
    ],
    "doc": {
        "title": "术师 - 澄闪 - 闪耀时刻",
        "details": "——————————\n作业更新日期: 2025-01-16T05:15:49Z\n统计更新日期: 2025-08-31\n相对评分：97.92%  相对热度：72.82%\n来源：2817065120@qq.com  ID：45523\n——————————\n测试练度2607"
    },
    "groups": [],
    "opers": [
        {
            "name": "澄闪",
            "skill": 3,
            "skill_usage": 0
        }
    ]
}