{
    "minimum_required": "v4.0.0",
    "stage_name": "main_04-05",
    "actions": [
        {
            "type": "SpeedUp"
        },
        {
            "type": "Deploy",
            "name": "煌",
            "location": [
                1,
                3
            ],
            "direction": "Down"
        },
        {
            "type": "Deploy",
            "name": "塞雷娅",
            "location": [
                1,
                4
            ],
            "direction": "Down"
        },
        {
            "type": "Deploy",
            "name": "多萝西",
            "location": [
                2,
                4
            ],
            "direction": "Right"
        }
    ],
    "doc": {
        "title": "多萝西   模组任务   主线4-5",
        "details": "作业更新日期: 2023-04-09T16:08:51Z\n统计更新日期: 2024-10-07\n好评率：93.1%  浏览量：1620\n来源：xf22cn@qq.com  ID：22467\nUP主：侬无言以对   \n视频：https://www.bilibili.com/video/BV1gh411g7ra/"
    },
    "groups": [],
    "opers": [
        {
            "name": "煌",
            "skill": 2,
            "skill_usage": 1
        },
        {
            "name": "塞雷娅",
            "skill": 1,
            "skill_usage": 0
        },
        {
            "name": "多萝西",
            "skill": 2,
            "skill_usage": 0
        }
    ]
}