{
    "minimum_required": "v4.0.0",
    "actions": [
        {
            "type": "SpeedUp"
        },
        {
            "type": "Deploy",
            "name": "煌",
            "location": [
                1,
                4
            ],
            "direction": "Up"
        },
        {
            "type": "Deploy",
            "name": "障碍物",
            "location": [
                7,
                4
            ],
            "direction": "None"
        },
        {
            "type": "Deploy",
            "name": "梅",
            "location": [
                8,
                5
            ],
            "direction": "Right"
        },
        {
            "type": "Deploy",
            "name": "泥岩",
            "location": [
                11,
                4
            ],
            "direction": "Down"
        },
        {
            "type": "Output",
            "doc_color": "#6f42c1",
            "doc": "给个好评吧，亲~"
        }
    ],
    "doc": {
        "title": "梅模组摆完挂机-新手侦探礼包",
        "details": "作业更新日期: 2023-02-18T00:53:50Z\n统计更新日期: 2024-11-30\n好评率：100.0%  浏览量：265\n来源：作业代传——有问题联系原作者  ID：20929\n侬无言以对模组任务摆完挂机合集:BV1wU4y177Qu\n3星通关主题曲4-4；必须编入非助战梅并上场，且不编入其他狙击干员\n筱竹聽雨"
    },
    "groups": [],
    "opers": [
        {
            "name": "煌",
            "skill": 2,
            "skill_usage": 0
        },
        {
            "name": "泥岩",
            "skill": 2,
            "skill_usage": 0
        },
        {
            "name": "梅",
            "skill": 1,
            "skill_usage": 0
        },
        {
            "name": "德克萨斯",
            "skill": 1,
            "skill_usage": 0
        }
    ],
    "stage_name": "main_04-04"
}