{
    "actions": [
        {
            "type": "二倍速"
        },
        {
            "type": "部署",
            "name": "特制水上平台",
            "location": [
                5,
                3
            ],
            "direction": ""
        },
        {
            "type": "部署",
            "location": [
                5,
                3
            ],
            "direction": "上",
            "name": "推进之王"
        },
        {
            "name": "特制水上平台",
            "type": "部署",
            "location": [
                6,
                6
            ]
        },
        {
            "type": "部署",
            "name": "风笛",
            "location": [
                6,
                6
            ],
            "direction": "下"
        },
        {
            "type": "部署",
            "name": "特制水上平台",
            "location": [
                5,
                5
            ],
            "direction": ""
        },
        {
            "type": "部署",
            "name": "特制水上平台",
            "location": [
                4,
                4
            ]
        },
        {
            "name": "艾雅法拉",
            "type": "部署",
            "kills": 8,
            "location": [
                5,
                5
            ],
            "direction": "左"
        },
        {
            "type": "部署",
            "name": "塞雷娅",
            "location": [
                4,
                4
            ],
            "direction": "左"
        },
        {
            "type": "摆完挂机"
        }
    ],
    "stage_name": "DH-8",
    "doc": {
        "title": "DH-8",
        "details": "推荐练度精二60专3\n为黄金大队懒人挂机攻略\n参考b站up主萧然Q的视频"
    },
    "opers": [
        {
            "name": "推进之王",
            "skill": 2,
            "skill_usage": 1
        },
        {
            "skill": 2,
            "name": "艾雅法拉"
        },
        {
            "skill": 2,
            "name": "塞雷娅"
        },
        {
            "name": "风笛",
            "skill": 2
        }
    ]
}