{
    "minimum_required": "v4.0.0",
    "actions": [
        {
            "type": "SpeedUp"
        },
        {
            "type": "Deploy",
            "name": "煌",
            "location": [
                6,
                5
            ],
            "direction": "Up"
        },
        {
            "type": "Deploy",
            "name": "速狙",
            "location": [
                3,
                4
            ],
            "direction": "Up"
        },
        {
            "type": "Deploy",
            "name": "能天使",
            "location": [
                7,
                4
            ],
            "direction": "Up",
            "kills": 5
        },
        {
            "type": "Deploy",
            "name": "塞雷娅",
            "location": [
                7,
                3
            ],
            "direction": "Left"
        },
        {
            "type": "Output",
            "doc_color": "#6f42c1",
            "doc": "原JSON：筱竹聽雨，给ta个好评吧，亲~"
        }
    ],
    "doc": {
        "title": "能天使模组-能天使的杰作-速狙替换",
        "details": "作业更新日期: 2024-10-17T00:55:00Z\n统计更新日期: 2024-11-30\n好评率：100.0%  浏览量：256\n来源：1istcc  ID：42415\n侬无言以对模组任务摆完挂机合集:BV1wU4y177Qu\n3星通关主题曲4-10；必须编入非助战能天使并上场，且使用能天使歼灭霜星\n原JSON：筱竹聽雨"
    },
    "groups": [
        {
            "name": "速狙",
            "opers": [
                {
                    "name": "蓝毒",
                    "skill": 1,
                    "skill_usage": 0
                },
                {
                    "name": "流星",
                    "skill": 1,
                    "skill_usage": 0
                },
                {
                    "name": "灰烬",
                    "skill": 1,
                    "skill_usage": 0
                }
            ]
        }
    ],
    "opers": [
        {
            "name": "塞雷娅",
            "skill": 2,
            "skill_usage": 0
        },
        {
            "name": "煌",
            "skill": 2,
            "skill_usage": 0
        },
        {
            "name": "能天使",
            "skill": 3,
            "skill_usage": 0
        }
    ],
    "stage_name": "main_04-10"
}