{
    "minimum_required": "v4.0.0",
    "stage_name": "camp_r_17",
    "actions": [
        {
            "type": "SpeedUp"
        },
        {
            "type": "Deploy",
            "name": "桃金娘",
            "location": [
                10,
                1
            ],
            "direction": "Down"
        },
        {
            "type": "Deploy",
            "name": "浊心斯卡蒂",
            "location": [
                11,
                2
            ],
            "direction": "Left"
        },
        {
            "type": "Deploy",
            "name": "重岳",
            "location": [
                10,
                2
            ],
            "direction": "Left"
        },
        {
            "type": "Deploy",
            "name": "黑角",
            "location": [
                9,
                1
            ],
            "direction": "Down"
        },
        {
            "type": "Deploy",
            "name": "元素奶",
            "location": [
                11,
                1
            ],
            "direction": "Down"
        },
        {
            "type": "SkillUsage",
            "name": "重岳",
            "skill_usage": 0,
            "kills": 14
        },
        {
            "type": "Deploy",
            "name": "泥岩",
            "location": [
                9,
                2
            ],
            "direction": "Left"
        },
        {
            "type": "Retreat",
            "name": "黑角",
            "location": [
                9,
                1
            ]
        },
        {
            "type": "Deploy",
            "name": "塞雷娅",
            "location": [
                10,
                3
            ],
            "direction": "Down"
        },
        {
            "type": "Retreat",
            "name": "桃金娘",
            "location": [
                10,
                1
            ],
            "costs": 120
        },
        {
            "type": "Deploy",
            "name": "黑角",
            "location": [
                9,
                4
            ],
            "direction": "Left"
        },
        {
            "type": "Retreat",
            "location": [
                9,
                4
            ],
            "pre_delay": 3000
        },
        {
            "type": "Deploy",
            "name": "桃金娘",
            "location": [
                10,
                4
            ],
            "direction": "Down"
        },
        {
            "type": "Retreat",
            "name": "桃金娘",
            "location": [
                10,
                4
            ],
            "pre_delay": 3000
        },
        {
            "type": "Deploy",
            "name": "黑角",
            "location": [
                10,
                1
            ],
            "direction": "Down",
            "pre_delay": 3000
        }
    ],
    "doc": {
        "title": "【灰暗泥沼】 新剿灭大哥带队7人 （测试通过）",
        "details": "统计日期：2024-05-25\n好评率：83.58%  浏览量：4375\n来源：蚀铭12  ID：24548\n天天都吃饭_  【【灰暗泥沼】 新剿灭大哥带队7人 基本挂机 有手就行】 https://www.bilibili.com/video/BV1q94y1q7Tm/?share_source=copy_web&vd_source=11850c88d4ade61d6680942eb793745b\n大哥三技能maa无法自动选取，请手动编队后使用"
    },
    "groups": [
        {
            "name": "元素奶",
            "opers": [
                {
                    "name": "蜜莓",
                    "skill": 1,
                    "skill_usage": 0
                },
                {
                    "name": "褐果",
                    "skill": 1,
                    "skill_usage": 1
                },
                {
                    "name": "桑葚",
                    "skill": 1,
                    "skill_usage": 1
                }
            ]
        }
    ],
    "opers": [
        {
            "name": "重岳",
            "skill": 3,
            "skill_usage": 1
        },
        {
            "name": "塞雷娅",
            "skill": 1,
            "skill_usage": 0
        },
        {
            "name": "桃金娘",
            "skill": 1,
            "skill_usage": 1
        },
        {
            "name": "浊心斯卡蒂",
            "skill": 2,
            "skill_usage": 0
        },
        {
            "name": "黑角",
            "skill": 1,
            "skill_usage": 0
        },
        {
            "name": "泥岩",
            "skill": 2,
            "skill_usage": 0
        }
    ]
}