{
    "minimum_required": "v4.0.0",
    "stage_name": "camp_r_19",
    "actions": [
        {
            "type": "SpeedUp"
        },
        {
            "type": "Deploy",
            "name": "德克萨斯",
            "location": [
                1,
                4
            ],
            "direction": "Right"
        },
        {
            "type": "Deploy",
            "name": "棘刺",
            "location": [
                3,
                4
            ],
            "direction": "Right"
        },
        {
            "type": "Deploy",
            "name": "艾雅法拉",
            "location": [
                2,
                5
            ],
            "direction": "Right"
        },
        {
            "type": "Deploy",
            "name": "煌",
            "location": [
                3,
                6
            ],
            "direction": "Right"
        },
        {
            "type": "Deploy",
            "name": "白面鸮",
            "location": [
                4,
                5
            ],
            "direction": "Up"
        },
        {
            "type": "Deploy",
            "name": "速射",
            "location": [
                4,
                2
            ],
            "direction": "Left"
        },
        {
            "type": "Deploy",
            "name": "塞雷娅",
            "location": [
                5,
                4
            ],
            "direction": "Right"
        },
        {
            "type": "SkillDaemon"
        }
    ],
    "doc": {
        "title": "维多利亚 - 腐烂荒野 - 腐烂荒野新剿灭挂机（7人无限定兼容空弦）",
        "details": "统计日期：2024-05-25\n好评率：82.86%  浏览量：1956\n来源：雪雪见璃  ID：29531\n原视频https://www.bilibili.com/video/BV1uy4y1c77n\n作者：雪见璃"
    },
    "groups": [
        {
            "name": "速射",
            "opers": [
                {
                    "name": "空弦",
                    "skill": 3,
                    "skill_usage": 1
                },
                {
                    "name": "能天使",
                    "skill": 3,
                    "skill_usage": 0
                }
            ]
        }
    ],
    "opers": [
        {
            "name": "艾雅法拉",
            "skill": 2,
            "skill_usage": 0
        },
        {
            "name": "煌",
            "skill": 2,
            "skill_usage": 0
        },
        {
            "name": "塞雷娅",
            "skill": 1,
            "skill_usage": 0
        },
        {
            "name": "德克萨斯",
            "skill": 1,
            "skill_usage": 0
        },
        {
            "name": "棘刺",
            "skill": 3,
            "skill_usage": 1
        },
        {
            "name": "白面鸮",
            "skill": 2,
            "skill_usage": 0
        }
    ]
}