{
    "minimum_required": "v4.0.0",
    "actions": [
        {
            "type": "SpeedUp"
        },
        {
            "type": "Deploy",
            "name": "塞雷娅",
            "location": [
                1,
                1
            ],
            "direction": "Right"
        },
        {
            "type": "Deploy",
            "name": "莱恩哈特",
            "location": [
                1,
                2
            ],
            "direction": "Right"
        },
        {
            "type": "Deploy",
            "name": "推进之王",
            "location": [
                2,
                1
            ],
            "direction": "Right",
            "kills": 15
        },
        {
            "type": "Output",
            "doc_color": "#6f42c1",
            "doc": "给个好评吧，亲~"
        }
    ],
    "doc": {
        "title": "莱恩哈特模组摆完挂机-传承与开拓",
        "details": "统计日期：2024-05-31\n好评率：50.0%  浏览量：106\n来源：作业代传——有问题联系原作者  ID：20915\n侬无言以对模组任务摆完挂机合集:BV1wU4y177Qu\n3星通关主题曲3-5；必须编入非助战莱恩哈特并上场，且莱恩哈特使用技能解构与爆破歼灭至少10名敌人\n筱竹聽雨"
    },
    "groups": [],
    "opers": [
        {
            "name": "塞雷娅",
            "skill": 1,
            "skill_usage": 0
        },
        {
            "name": "推进之王",
            "skill": 2,
            "skill_usage": 0
        },
        {
            "name": "莱恩哈特",
            "skill": 2,
            "skill_usage": 1
        }
    ],
    "stage_name": "main_03-05"
}