{
    "minimum_required": "v4.0.0",
    "stage_name": "mem_bryota_1",
    "actions": [
        {
            "type": "SpeedUp"
        },
        {
            "type": "Deploy",
            "name": "苍苔",
            "location": [
                3,
                4
            ],
            "direction": "Right"
        },
        {
            "type": "Skill",
            "name": "苍苔",
            "location": [
                3,
                4
            ],
            "kills": 3
        },
        {
            "type": "Skill",
            "name": "泡泡",
            "location": [
                4,
                4
            ],
            "kills": 13,
            "pre_delay": 11000
        },
        {
            "type": "Skill",
            "name": "苍苔",
            "location": [
                3,
                4
            ]
        },
        {
            "type": "Output"
        }
    ],
    "doc": {
        "title": "悖论模拟 近卫 - 苍苔",
        "details": "作业更新日期: 2024-08-18T07:07:13Z\n统计更新日期: 2024-11-13\n好评率：51.52%  浏览量：578\n来源：阿拉拉拉  ID：40438\n原作者：焦炭_Coke\n原视频：【明日方舟】苍苔 悖论模拟/无需专精/看一遍就过/简单操作｜焦炭 太阳甩在身后\nhttps://www.bilibili.com/video/BV18z421B7ZJ/?spm_id_from=..search-card.all.click&vd_source=d96c5431059e9a1d0fcf0385526d6057\n苍苔最低要求精2 1级 技能等级4级\n基于mumu截图增强打开，没测关闭截图增强的情况"
    },
    "groups": [],
    "opers": [
        {
            "name": "苍苔",
            "skill": 2,
            "skill_usage": 0
        }
    ]
}