{
    "minimum_required": "v4.0",
    "doc": {
        "title": "【覆潮之下】SV-8四人",
        "details": "UP主：萧然Q\n原视频：https://www.bilibili.com/video/av512053357?p=9\n有问题联系制作者QQ2586582719"
    },
    "stage_name": "SV-8",
    "opers": [
        {
            "name": "煌",
            "skill": 2,
            "skill_usage": 0
        },
        {
            "name": "塞雷娅",
            "skill": 1,
            "skill_usage": 0
        },
        {
            "name": "能天使",
            "skill": 1,
            "skill_usage": 0
        },
        {
            "name": "蜜莓",
            "skill": 1,
            "skill_usage": 0
        }
    ],
    "actions": [
        {
            "type": "二倍速",
            "name": ""
        },
        {
            "type": "部署",
            "name": "煌",
            "location": [
                4,
                4
            ],
            "direction": "右"
        },
        {
            "type": "部署",
            "name": "能天使",
            "location": [
                3,
                6
            ],
            "direction": "上"
        },
        {
            "type": "部署",
            "name": "蜜莓",
            "location": [
                2,
                6
            ],
            "direction": "上"
        },
        {
            "type": "部署",
            "name": "塞雷娅",
            "location": [
                3,
                4
            ],
            "direction": "右"
        },
        {
            "type": "打印",
            "name": "",
            "doc": "有问题联系制作者QQ2586582719",
            "doc_color": "SpringGreen"
        }
    ]
}