{
  "minimum_required": "v4.0.0",
  "stage_name": "main_09-01",
  "actions": [
    {
      "type": "SpeedUp"
    },
    {
      "type": "Deploy",
      "name": "先锋",
      "location": [
        5,
        3
      ],
      "direction": "Left"
    },
    {
      "type": "Deploy",
      "name": "能天使",
      "location": [
        5,
        5
      ],
      "direction": "Up",
      "costs": 25
    },
    {
      "type": "Deploy",
      "name": "泥岩",
      "location": [
        3,
        4
      ],
      "direction": "Left"
    }
  ],
  "doc": {
    "title": "第九章 风暴瞭望 - 9-2（简单） - 鬼魂危机",
    "details": "up：侬无言以对\nlink:【【明日方舟】9-2突袭摆完挂机】 https://www.bilibili.com/video/BV1QL411x78C/?share_source=copy_web&vd_source=dcc7ddeba31e59bccd51d29a07ff1565\n精二603"
  },
  "groups": [
    {
      "name": "先锋",
      "opers": [
        {
          "name": "风笛",
          "skill": 2,
          "skill_usage": 0
        },
        {
          "name": "推进之王",
          "skill": 2,
          "skill_usage": 0
        }
      ]
    }
  ],
  "opers": [
    {
      "name": "能天使",
      "skill": 3,
      "skill_usage": 0
    },
    {
      "name": "泥岩",
      "skill": 2,
      "skill_usage": 0
    }
  ],
  "difficulty": 3
}