{
    "actions": [
        {
            "type": "二倍速"
        },
        {
            "type": "部署",
            "name": "桃金娘",
            "location": [
                1,
                1
            ],
            "direction": "下"
        },
        {
            "name": "塞雷娅",
            "location": [
                1,
                2
            ],
            "direction": "右",
            "type": "部署"
        },
        {
            "name": "浊心斯卡蒂",
            "location": [
                1,
                4
            ],
            "direction": "右",
            "type": "部署"
        },
        {
            "name": "史尔特尔",
            "location": [
                9,
                5
            ],
            "direction": "上",
            "type": "部署"
        },
        {
            "name": "煌",
            "location": [
                1,
                6
            ],
            "direction": "右",
            "type": "部署"
        },
        {
            "name": "伊芙利特",
            "location": [
                2,
                1
            ],
            "direction": "下",
            "type": "部署"
        },
        {
            "name": "夜莺",
            "location": [
                1,
                3
            ],
            "direction": "上",
            "type": "部署"
        },
        {
            "name": "闪灵",
            "location": [
                1,
                5
            ],
            "direction": "右",
            "type": "部署"
        },
        {
            "name": "白面鸮",
            "location": [
                2,
                5
            ],
            "direction": "上",
            "type": "部署"
        },
        {
            "name": "桃金娘",
            "type": "撤退"
        },
        {
            "name": "拉普兰德",
            "location": [
                1,
                1
            ],
            "direction": "右",
            "type": "部署"
        },
        {
            "type": "打印",
            "doc": "□□□■■■□□□□□■■□□□□□■■■■■□□□□□□□□□□□ \n□□■□□□□□□□■□□■□□□□□□■□□□□□■□□□□□□□ \n□□□■■■□□□□□■■□■■□□□□■□□□■■■■□□□□□□ \n□□□□□□□□□□□□□□□□□□□□□□□■■■■■■□□□□□ \n■■□□□□□□□□□□□□□□□□□□□□■■■■■■■■□□□□ \n■■■■□□□□□□□□□□□□□□□□□■■■■■■■■■□□□□ \n■■■■■■■■■□□□□□□□□■■■■■■■■■■■■■■□□□ \n□■■■■■■■■■■■■■■■■■■■■■■■■■■■■■■□□□ \n□□■■■■■■■■■■■■■■■■■■■■■■■■■■■■■■■□ \n□□□■■■■■■■■■■□□□□■■■■■□□□□□□■■■■■□ \n□□□□■■■■■■■■□□■■□□■■■■□□■■□□■■■■■■ \n□□□□□■■■■■■■□□■■□□■■■■■□□□□■■■■■■■ \n□□□□□□■■■■■■■□□□□■■■■■■■■■■■■■■■■■ \n□□□□□□□■■■■■■■■■■■■■■■■■■■■■■■■■■■ \n□□□□□□□□■■■■■■■■■■■■■■■■■■■■■■■■■■ \n□□□□□□□□□□□■■■■■■■■■■■■■■■■■■■■■■■"
        }
    ],
    "opers": [
        {
            "name": "桃金娘",
            "skill": 1,
            "skill_usage": 1
        },
        {
            "name": "拉普兰德",
            "skill": 2
        },
        {
            "name": "史尔特尔",
            "skill": 3,
            "skill_usage": 1
        },
        {
            "name": "塞雷娅",
            "skill": 1
        },
        {
            "name": "伊芙利特",
            "skill": 2
        },
        {
            "name": "闪灵",
            "skill": 2
        },
        {
            "name": "夜莺",
            "skill": 2
        },
        {
            "name": "白面鸮",
            "skill": 2
        },
        {
            "name": "浊心斯卡蒂",
            "skill": 2
        },
        {
            "name": "煌",
            "skill": 2
        }
    ],
    "stage_name": "DV-EX-7",
    "doc": {
        "title": "萧然挂机作业（高练度要求)",
        "details": "作业链接：https://www.bilibili.com/video/BV1KZ4y1v7gZ"
    }
}