{
    "minimum_required": "v4.0.0",
    "stage_name": "act28side_06",
    "actions": [
        {
            "type": "SpeedUp"
        },
        {
            "type": "Deploy",
            "name": "速狙",
            "location": [
                3,
                3
            ],
            "direction": "Down"
        },
        {
            "type": "Deploy",
            "name": "拉普兰德",
            "location": [
                4,
                2
            ],
            "direction": "Left"
        },
        {
            "type": "Deploy",
            "name": "艾雅法拉",
            "location": [
                3,
                4
            ],
            "direction": "Up"
        },
        {
            "type": "Deploy",
            "name": "塞雷娅",
            "location": [
                3,
                5
            ],
            "direction": "Left"
        },
        {
            "type": "SkillDaemon"
        }
    ],
    "doc": {
        "title": "CV-6 - 猎人之夜（含刻章",
        "details": "作业更新日期: 2024-09-19T08:16:56Z\n统计更新日期: 2024-09-21\n好评率：99.01%  浏览量：1353\n来源：星之海.  ID：41399\n此作业全员专三且模组一级\n原作者：自在道爷\nJSON作者：星之海.\n社区评论不会提醒，有问题可以进群找我：994516079（刚建的\n原视频：【【不义之财】CV-1至8挂机流，刻章也不愁！语音快乐详解，轻松解放双手 | 明日方舟攻略(含CV-8，CV-7，CV-6等)】https://www.bilibili.com/video/BV1vh4y1P7eg?vd_source=69f0b796ff8cde9e6cb9e9f9a99f8eec"
    },
    "groups": [
        {
            "name": "速狙",
            "opers": [
                {
                    "name": "能天使",
                    "skill": 3,
                    "skill_usage": 0
                },
                {
                    "name": "灰烬",
                    "skill": 2,
                    "skill_usage": 1
                }
            ]
        }
    ],
    "opers": [
        {
            "name": "塞雷娅",
            "skill": 2,
            "skill_usage": 0
        },
        {
            "name": "艾雅法拉",
            "skill": 2,
            "skill_usage": 0
        },
        {
            "name": "拉普兰德",
            "skill": 2,
            "skill_usage": 0
        }
    ]
}