{
  "minimum_required": "v4.0.0",
  "stage_name": "act28side_ex08",
  "actions": [
    {
      "type": "SpeedUp"
    },
    {
      "type": "Deploy",
      "name": "艾雅法拉",
      "location": [
        4,
        6
      ],
      "direction": "Up"
    },
    {
      "type": "Deploy",
      "name": "浊心斯卡蒂",
      "location": [
        6,
        6
      ],
      "direction": "Left"
    },
    {
      "type": "Deploy",
      "name": "伊芙利特",
      "location": [
        1,
        7
      ],
      "direction": "Up"
    },
    {
      "type": "Deploy",
      "name": "棘刺",
      "location": [
        8,
        6
      ],
      "direction": "Up"
    },
    {
      "type": "Deploy",
      "name": "塞雷娅",
      "location": [
        1,
        6
      ],
      "direction": "Right"
    },
    {
      "type": "Deploy",
      "name": "煌",
      "location": [
        6,
        5
      ],
      "direction": "Left",
      "costs": 67
    },
    {
      "type": "Deploy",
      "name": "奶",
      "location": [
        5,
        6
      ],
      "direction": "Up"
    },
    {
      "type": "Deploy",
      "name": "夜莺",
      "location": [
        7,
        4
      ],
      "direction": "Left",
      "kills": 20,
      "pre_delay": 1000
    },
    {
      "type": "Deploy",
      "name": "星熊",
      "location": [
        5,
        5
      ],
      "direction": "Left"
    },
    {
      "type": "SkillDaemon",
      "doc_color": "DarkRed",
      "doc": "有帮助的话 给个好评吧~"
    }
  ],
  "doc": {
    "title": "不义之财 CV-EX-8 普通 可拿蚀刻章 萧然Q攻略",
    "details": "攻略作者：萧然Q https://www.bilibili.com/video/BV1au411P7pL 记得去b站给萧然Q点赞三连\njson作者：鱼丸  评论区不解决maa问题\n已测试 练度低了会暴毙\n平均练度2603 \n萧然的话：因为练度不同和放置时间不同，打死boss的时间不一样，想要更稳定拿镀层可以后面把棘刺换成2技能夜刀，boss血条要小时的时候切一下装置。"
  },
  "groups": [
    {
      "name": "奶",
      "opers": [
        {
          "name": "纯烬艾雅法拉",
          "skill": 1,
          "skill_usage": 0
        },
        {
          "name": "闪灵",
          "skill": 2,
          "skill_usage": 0
        }
      ]
    }
  ],
  "opers": [
    {
      "name": "棘刺",
      "skill": 3,
      "skill_usage": 1
    },
    {
      "name": "煌",
      "skill": 2,
      "skill_usage": 0
    },
    {
      "name": "塞雷娅",
      "skill": 1,
      "skill_usage": 0
    },
    {
      "name": "星熊",
      "skill": 2,
      "skill_usage": 0
    },
    {
      "name": "艾雅法拉",
      "skill": 2,
      "skill_usage": 0
    },
    {
      "name": "伊芙利特",
      "skill": 2,
      "skill_usage": 0
    },
    {
      "name": "夜莺",
      "skill": 2,
      "skill_usage": 0
    },
    {
      "name": "浊心斯卡蒂",
      "skill": 2,
      "skill_usage": 0
    }
  ],
  "difficulty": 1
}