{
    "minimum_required": "v4.0.0",
    "stage_name": "wk_kc_6",
    "actions": [
        {
            "type": "SpeedUp"
        },
        {
            "type": "Deploy",
            "name": "香草",
            "location": [
                3,
                4
            ],
            "direction": "Left"
        },
        {
            "type": "Deploy",
            "name": "克洛丝",
            "location": [
                3,
                3
            ],
            "direction": "Left"
        },
        {
            "type": "Deploy",
            "name": "芬",
            "location": [
                3,
                2
            ],
            "direction": "Left"
        },
        {
            "type": "Deploy",
            "name": "塑心",
            "location": [
                6,
                4
            ],
            "direction": "Up"
        },
        {
            "type": "Deploy",
            "name": "芙蓉",
            "location": [
                2,
                3
            ],
            "direction": "Right"
        },
        {
            "type": "Deploy",
            "name": "卡缇",
            "location": [
                5,
                3
            ],
            "direction": "Right"
        },
        {
            "type": "Deploy",
            "name": "斑点",
            "location": [
                5,
                5
            ],
            "direction": "Right"
        },
        {
            "type": "Deploy",
            "name": "安赛尔",
            "location": [
                5,
                4
            ],
            "direction": "Left"
        },
        {
            "type": "Retreat",
            "name": "芬",
            "location": [
                3,
                2
            ],
            "kills": 32,
            "costs": 0
        },
        {
            "type": "Deploy",
            "name": "米格鲁",
            "location": [
                3,
                2
            ],
            "direction": "Left",
            "kills": 32,
            "costs": 0,
            "cost_changes": 0,
            "pre_delay": 0,
            "rear_delay": 0
        },
        {
            "type": "Retreat",
            "name": "香草",
            "location": [
                3,
                4
            ],
            "kills": 32,
            "costs": 0
        },
        {
            "type": "Deploy",
            "name": "蛇屠箱",
            "location": [
                3,
                4
            ],
            "direction": "Left",
            "kills": 32,
            "costs": 0,
            "rear_delay": 0
        },
        {
            "type": "SkillDaemon"
        }
    ],
    "doc": {
        "title": "战术演习 - LS-6 - 运动战演习",
        "details": "作业更新日期: 2024-02-23T11:14:43Z\n统计更新日期: 2024-07-14\n好评率：100.0%  浏览量：180\n来源：紫水晶的辅助  ID：33321\n塑心（也是精一）+精一满级"
    },
    "groups": [],
    "opers": [
        {
            "name": "塑心",
            "skill": 1,
            "skill_usage": 0
        },
        {
            "name": "克洛丝",
            "skill": 1,
            "skill_usage": 0
        },
        {
            "skill_times": 3,
            "name": "香草",
            "skill": 1,
            "skill_usage": 2
        },
        {
            "name": "芬",
            "skill": 1,
            "skill_usage": 0
        },
        {
            "name": "斑点",
            "skill": 1,
            "skill_usage": 0
        },
        {
            "name": "卡缇",
            "skill": 1,
            "skill_usage": 0
        },
        {
            "name": "米格鲁",
            "skill": 1,
            "skill_usage": 0
        },
        {
            "name": "蛇屠箱",
            "skill": 1,
            "skill_usage": 0
        },
        {
            "name": "芙蓉",
            "skill": 1,
            "skill_usage": 0
        },
        {
            "name": "安赛尔",
            "skill": 1,
            "skill_usage": 0
        }
    ]
}