{
    "minimum_required": "v4.0.0",
    "stage_name": "pro_c_2",
    "actions": [
        {
            "type": "SpeedUp"
        },
        {
            "type": "SpeedUp",
            "costs": 22
        },
        {
            "type": "Deploy",
            "name": "维什戴尔",
            "location": [
                1,
                3
            ],
            "direction": "Right"
        },
        {
            "type": "SpeedUp"
        },
        {
            "type": "Skill",
            "name": "维什戴尔",
            "kills": 6
        },
        {
            "type": "Skill",
            "name": "维什戴尔",
            "kills": 43
        }
    ],
    "doc": {
        "title": "势不可挡 - PR-C-2 - 冲锋",
        "details": "作业更新日期: 2024-09-18T07:23:05Z\n统计更新日期: 2024-09-20\n好评率：100.0%  浏览量：18\n来源：エクシール  ID：41356\n势不可挡 - PR-C-2 - 冲锋"
    },
    "groups": [],
    "opers": [
        {
            "name": "维什戴尔",
            "skill": 3,
            "skill_usage": 0
        }
    ]
}