{
  "minimum_required": "v4.0.0",
  "stage_name": "act16mini_08",
  "actions": [
    {
      "type": "SpeedUp"
    },
    {
      "type": "Deploy",
      "name": "艾雅法拉",
      "location": [
        2,
        3
      ],
      "direction": "Right"
    },
    {
      "type": "Deploy",
      "name": "塞雷娅",
      "location": [
        3,
        4
      ],
      "direction": "Right"
    },
    {
      "type": "Deploy",
      "name": "歌蕾蒂娅",
      "location": [
        11,
        4
      ],
      "direction": "Down"
    },
    {
      "type": "Deploy",
      "name": "刻俄柏",
      "location": [
        4,
        5
      ],
      "direction": "Up"
    },
    {
      "type": "Deploy",
      "name": "星熊",
      "location": [
        4,
        3
      ],
      "direction": "Down"
    },
    {
      "type": "Deploy",
      "name": "纯烬艾雅法拉",
      "location": [
        2,
        5
      ],
      "direction": "Right"
    }
  ],
  "doc": {
    "title": "去咧嘴谷 - TG-8 - 主要运输巷",
    "details": "UP：侬无言以对\nhttps://www.bilibili.com/video/BV1Bt4y1o7wv/\n因为小号没有号角提丰银灰而被迫做了这个作业\n塞雷娅，星熊Y模\n制作者：一只摆烂的42\n有问题联系QQ2586582719\n修改自用请删除我的QQ"
  },
  "groups": [],
  "opers": [
    {
      "name": "艾雅法拉",
      "skill": 2,
      "skill_usage": 0
    },
    {
      "name": "纯烬艾雅法拉",
      "skill": 1,
      "skill_usage": 0
    },
    {
      "name": "刻俄柏",
      "skill": 1,
      "skill_usage": 0
    },
    {
      "name": "星熊",
      "skill": 2,
      "skill_usage": 0
    },
    {
      "name": "歌蕾蒂娅",
      "skill": 1,
      "skill_usage": 0
    },
    {
      "name": "塞雷娅",
      "skill": 1,
      "skill_usage": 0
    }
  ],
  "difficulty": 3
}