{
    "minimum_required": "v4.0.0",
    "stage_name": "act18mini_01",
    "actions": [
        {
            "type": "SpeedUp"
        },
        {
            "type": "Deploy",
            "name": "障碍物",
            "location": [
                5,
                4
            ],
            "direction": "None"
        },
        {
            "type": "Deploy",
            "name": "近卫-强攻手",
            "location": [
                7,
                5
            ],
            "direction": "Up"
        },
        {
            "type": "Deploy",
            "name": "术师-轰击术师",
            "location": [
                9,
                4
            ],
            "direction": "Left",
            "costs": 35
        },
        {
            "type": "Deploy",
            "name": "术师-中坚术师",
            "location": [
                9,
                3
            ],
            "direction": "Left"
        },
        {
            "type": "Deploy",
            "name": "医疗-医师",
            "location": [
                5,
                5
            ],
            "direction": "Right"
        },
        {
            "type": "Deploy",
            "name": "术师-扩散术师",
            "location": [
                5,
                3
            ],
            "direction": "Right"
        },
        {
            "type": "SkillDaemon"
        }
    ],
    "doc": {
        "title": "SE-1 - 灼热的风",
        "details": "作业更新日期: 2025-02-16T02:40:39Z\n统计更新日期: 2025-02-16\n好评率：99.8%  浏览量：1723\n来源：作业超大杯  ID：47082\nSE-1 - 灼热的风"
    },
    "groups": [
        {
            "name": "近卫-强攻手",
            "opers": [
                {
                    "name": "余",
                    "skill": 2,
                    "skill_usage": 1
                },
                {
                    "name": "煌",
                    "skill": 2,
                    "skill_usage": 0
                },
                {
                    "name": "黍",
                    "skill": 1,
                    "skill_usage": 0
                },
                {
                    "name": "山",
                    "skill": 2,
                    "skill_usage": 2,
                    "skill_times": 1
                },
                {
                    "name": "塞雷娅",
                    "skill": 1,
                    "skill_usage": 0
                },
                {
                    "name": "乌尔比安",
                    "skill": 2,
                    "skill_usage": 0
                }
            ]
        },
        {
            "name": "术师-轰击术师",
            "opers": [
                {
                    "name": "伊芙利特",
                    "skill": 2,
                    "skill_usage": 0
                },
                {
                    "name": "提丰",
                    "skill": 2,
                    "skill_usage": 1
                },
                {
                    "name": "维什戴尔",
                    "skill": 3,
                    "skill_usage": 1
                }
            ]
        },
        {
            "name": "术师-中坚术师",
            "opers": [
                {
                    "name": "艾雅法拉",
                    "skill": 2,
                    "skill_usage": 0
                },
                {
                    "name": "逻各斯",
                    "skill": 1,
                    "skill_usage": 0
                },
                {
                    "name": "塑心",
                    "skill": 1,
                    "skill_usage": 0
                }
            ]
        },
        {
            "name": "术师-扩散术师",
            "opers": [
                {
                    "name": "夕",
                    "skill": 1,
                    "skill_usage": 0
                },
                {
                    "name": "荒芜拉普兰德",
                    "skill": 3,
                    "skill_usage": 1
                },
                {
                    "name": "澄闪",
                    "skill": 2,
                    "skill_usage": 0
                }
            ]
        },
        {
            "name": "医疗-医师",
            "opers": [
                {
                    "name": "闪灵"
                },
                {
                    "name": "华法琳"
                },
                {
                    "name": "流明"
                },
                {
                    "name": "纯烬艾雅法拉"
                }
            ]
        }
    ],
    "opers": [],
    "difficulty": 3
}