{
    "minimum_required": "v4.0.0",
    "stage_name": "act18mini_s01",
    "actions": [
        {
            "type": "SpeedUp"
        },
        {
            "type": "SkillUsage",
            "name": "德克萨斯",
            "skill_usage": 1
        },
        {
            "type": "Deploy",
            "name": "德克萨斯",
            "location": [
                2,
                3
            ],
            "direction": "Right"
        },
        {
            "type": "Deploy",
            "name": "隐德来希",
            "location": [
                4,
                3
            ],
            "direction": "Right"
        },
        {
            "type": "Deploy",
            "name": "砾",
            "location": [
                4,
                1
            ],
            "pre_delay": 5000,
            "direction": "Left"
        },
        {
            "type": "Skill",
            "name": "隐德来希"
        },
        {
            "type": "Retreat",
            "name": "砾",
            "kills": 5
        },
        {
            "type": "Deploy",
            "name": "苦艾",
            "location": [
                7,
                5
            ],
            "direction": "Up"
        },
        {
            "type": "Deploy",
            "name": "卡达",
            "location": [
                7,
                1
            ],
            "direction": "Down"
        },
        {
            "type": "Deploy",
            "name": "砾",
            "location": [
                3,
                5
            ],
            "direction": "Right",
            "kills": 13
        },
        {
            "type": "Skill",
            "name": "隐德来希"
        },
        {
            "type": "Retreat",
            "name": "砾",
            "kills": 17
        },
        {
            "type": "Deploy",
            "name": "砾",
            "location": [
                3,
                1
            ],
            "direction": "Right",
            "kills": 26
        },
        {
            "type": "Skill",
            "name": "隐德来希"
        },
        {
            "type": "Retreat",
            "name": "砾",
            "kills": 32
        },
        {
            "type": "Deploy",
            "name": "砾",
            "location": [
                8,
                3
            ],
            "direction": "Right",
            "kills": 41,
            "pre_delay": 8000
        },
        {
            "type": "Skill",
            "name": "隐德来希"
        },
        {
            "type": "SkillDaemon"
        }
    ],
    "doc": {
        "title": "SE-S-1 - 金铁失格",
        "details": "作业更新日期: 2025-02-15T03:24:19Z\n统计更新日期: 2025-02-15\n好评率：99.01%  浏览量：1290\n来源：星之海.  ID：47131\n原作者：自在道爷\nJSON作者：星之海.\n社区评论不会提醒，有问题可以进群找我：994516079\n原视频：【【我们明日见】SE-1至SE-8挂机流，突袭也不愁！语音快乐详解，轻松解放双手 | 明日方舟攻略(分p更新中)】https://www.bilibili.com/video/BV14UKAebECb?vd_source=69f0b796ff8cde9e6cb9e9f9a99f8eec"
    },
    "groups": [],
    "opers": [],
    "difficulty": 0
}