{
    "minimum_required": "v4.0.0",
    "stage_name": "wk_toxic_5",
    "actions": [
        {
            "type": "SpeedUp"
        },
        {
            "type": "Deploy",
            "costs": 44,
            "name": "浊心斯卡蒂",
            "location": [
                7,
                3
            ],
            "direction": "Left"
        },
        {
            "type": "Deploy",
            "name": "维什戴尔",
            "location": [
                7,
                4
            ],
            "direction": "Left"
        },
        {
            "type": "Skill",
            "name": "维什戴尔",
            "location": [
                7,
                4
            ],
            "kills": 2
        },
        {
            "type": "Skill",
            "name": "维什戴尔",
            "location": [
                7,
                4
            ],
            "kills": 3
        },
        {
            "type": "Skill",
            "name": "维什戴尔",
            "location": [
                7,
                4
            ],
            "costs": 79
        },
        {
            "type": "Skill",
            "name": "维什戴尔",
            "location": [
                7,
                4
            ],
            "kills": 34
        }
    ],
    "doc": {
        "title": "红票本5 EW浊蒂二人速刷信赖",
        "details": "作业更新日期: 2024-07-22T00:31:42Z\n统计更新日期: 2024-12-01\n好评率：80.0%  浏览量：219\n来源：莫奇子1  ID：39574\n自用完全对齐轴\n维什戴尔+红蒂108秒堵人速刷信赖\n攻略作者：化学老施 https://www.bilibili.com/video/BV1Lb421h7rg\n对比另外一位大佬的作业，把浊蒂站位放回up主作业的位置，用mumu12测试没问题。"
    },
    "groups": [],
    "opers": [
        {
            "name": "维什戴尔",
            "skill": 3,
            "skill_usage": 0
        },
        {
            "name": "浊心斯卡蒂",
            "skill": 2,
            "skill_usage": 0
        }
    ]
}