{
    "minimum_required": "v4.0.0",
    "stage_name": "wk_fly_5",
    "actions": [
        {
            "type": "Deploy",
            "name": "能天使",
            "location": [
                5,
                4
            ],
            "direction": "Right"
        },
        {
            "type": "SpeedUp"
        },
        {
            "type": "Deploy",
            "name": "林",
            "location": [
                9,
                4
            ],
            "direction": "Left"
        },
        {
            "type": "Deploy",
            "name": "假日威龙陈",
            "location": [
                3,
                4
            ],
            "direction": "Up"
        },
        {
            "type": "SpeedUp",
            "kills": 60
        },
        {
            "type": "SkillDaemon"
        }
    ],
    "doc": {
        "title": "空中威胁 - CA-5 技能书本（3人极限速率速刷）",
        "details": "作业更新日期: 2023-10-16T05:35:27Z\n统计更新日期: 2024-11-30\n好评率：100.0%  浏览量：843\n来源：小卡拉帕鲁灰  ID：29095\n作者：灰bao_\n练度要求60级专3\n测试已过，算极限速度了，可以增加干员刷信赖\n"
    },
    "groups": [],
    "opers": [
        {
            "name": "能天使",
            "skill": 3,
            "skill_usage": 0
        },
        {
            "name": "林",
            "skill": 3,
            "skill_usage": 1
        },
        {
            "name": "假日威龙陈",
            "skill": 3,
            "skill_usage": 2
        }
    ]
}