{
    "minimum_required": "v4.0.0",
    "stage_name": "wk_kc_6",
    "actions": [
        {
            "type": "SpeedUp"
        },
        {
            "type": "Deploy",
            "name": "铃兰",
            "location": [
                3,
                5
            ],
            "direction": "Up"
        },
        {
            "type": "Deploy",
            "name": "能天使",
            "location": [
                3,
                3
            ],
            "direction": "Left"
        },
        {
            "type": "Deploy",
            "name": "玛恩纳",
            "location": [
                6,
                5
            ],
            "direction": "Up"
        },
        {
            "type": "Deploy",
            "name": "工具人",
            "location": [
                3,
                2
            ],
            "direction": "Left"
        },
        {
            "type": "Skill",
            "name": "铃兰",
            "kills": 17
        },
        {
            "type": "SpeedUp"
        },
        {
            "type": "Skill",
            "kills": 18,
            "name": "玛恩纳"
        },
        {
            "type": "SpeedUp"
        },
        {
            "type": "SkillUsage",
            "name": "铃兰",
            "skill_usage": 1
        },
        {
            "type": "SkillUsage",
            "name": "玛恩纳",
            "skill_usage": 1
        },
        {
            "type": "SkillDaemon"
        }
    ],
    "doc": {
        "title": "战术演习 - LS-6 - 运动战演习",
        "details": "作业更新日期: 2023-12-02T14:20:32Z\n统计更新日期: 2024-11-30\n好评率：100.0%  浏览量：320\n来源：半雨烟城  ID：30603\n自用\nhttps://www.bilibili.com/video/BV1ze4y1t7nx/?spm_id_from=333.788.recommend_more_video.0&vd_source=8e127d97c74389c0cb5e7b608bbb91f6"
    },
    "groups": [
        {
            "name": "工具人",
            "opers": [
                {
                    "name": "芬",
                    "skill": 1,
                    "skill_usage": 0
                },
                {
                    "name": "风笛",
                    "skill": 2,
                    "skill_usage": 0
                }
            ]
        }
    ],
    "opers": [
        {
            "name": "玛恩纳",
            "skill": 3,
            "skill_usage": 0
        },
        {
            "name": "铃兰",
            "skill": 3,
            "skill_usage": 0
        },
        {
            "name": "能天使",
            "skill": 3,
            "skill_usage": 0
        }
    ]
}