{
    "minimum_required": "v4.0.0",
    "stage_name": "mem_qiubai_1",
    "actions": [
        {
            "type": "Deploy",
            "name": "仇白",
            "location": [
                6,
                3
            ],
            "direction": "Down"
        },
        {
            "type": "Deploy",
            "name": "波登可",
            "location": [
                6,
                4
            ],
            "direction": "Right"
        },
        {
            "type": "Skill",
            "name": "仇白",
            "location": [
                6,
                3
            ],
            "costs": 19
        },
        {
            "type": "SpeedUp"
        },
        {
            "type": "Deploy",
            "name": "食铁兽",
            "location": [
                5,
                5
            ],
            "direction": "Right"
        },
        {
            "type": "Skill",
            "name": "食铁兽",
            "location": [
                5,
                5
            ],
            "costs": 59
        },
        {
            "type": "Skill",
            "name": "波登可",
            "location": [
                6,
                4
            ],
            "costs": 65
        },
        {
            "type": "Skill",
            "name": "仇白",
            "location": [
                6,
                3
            ],
            "kills": 41,
            "pre_delay": 1000
        },
        {
            "type": "SkillDaemon"
        }
    ],
    "doc": {
        "title": "近卫 - 仇白 - 同舟共济【仇白悖论模拟】",
        "details": "——————————\n作业更新日期: 2024-02-02T04:22:56Z\n统计更新日期: 2025-07-29\n相对评分：100.0%  相对热度：100.0%\n来源：小卡拉帕鲁灰  ID：32532\n——————————\n仇白悖论模拟\n练度：精二60级、专三3技能（我只有一个号养了，等级具体可以多低不知道）\n悖论模拟需要在MAA中关闭“自动编队”，\n选好3技能后处于红色ui“开始模拟”界面，maa就可以按开始了"
    },
    "groups": [],
    "opers": [
        {
            "name": "仇白",
            "skill": 3,
            "skill_usage": 0
        },
        {
            "name": "波登可",
            "skill": 1,
            "skill_usage": 0
        },
        {
            "name": "食铁兽",
            "skill": 2,
            "skill_usage": 0
        }
    ]
}