{
    "minimum_required": "v4.0.0",
    "stage_name": "mem_gvial2_1",
    "actions": [
        {
            "type": "SpeedUp"
        },
        {
            "type": "Deploy",
            "name": "百炼嘉维尔",
            "location": [
                5,
                3
            ],
            "direction": "Down",
            "costs": 40
        },
        {
            "type": "Deploy",
            "name": "清流",
            "location": [
                5,
                1
            ],
            "direction": "Down"
        },
        {
            "type": "Skill",
            "name": "百炼嘉维尔",
            "location": [
                5,
                3
            ],
            "costs": 27
        },
        {
            "type": "Skill",
            "name": "清流",
            "location": [
                5,
                1
            ],
            "kills": 16
        },
        {
            "type": "Skill",
            "name": "百炼嘉维尔",
            "location": [
                5,
                3
            ],
            "kills": 26,
            "pre_delay": 0
        },
        {
            "type": "Skill",
            "name": "百炼嘉维尔",
            "location": [
                5,
                3
            ],
            "kills": 51,
            "pre_delay": 0
        },
        {
            "type": "Skill",
            "name": "清流",
            "location": [
                5,
                1
            ],
            "kills": 51
        }
    ],
    "doc": {
        "title": "百炼嘉维尔--悖论模拟",
        "details": "——————————\n作业更新日期: 2025-08-15T14:03:43Z\n统计更新日期: 2025-08-22\n相对评分：75.79%  相对热度：51.28%\n来源：童话重度依赖  ID：56236\n——————————\n7级3技能--精2--70级    自测可过  \n【赠送干员满潜能】【满信赖】【无模组】\n有问题请反馈    BID：童话重度依赖症"
    },
    "groups": [],
    "opers": [
        {
            "name": "百炼嘉维尔",
            "skill": 3,
            "skill_usage": 0
        },
        {
            "name": "清流",
            "skill": 2,
            "skill_usage": 0
        }
    ]
}