{
    "minimum_required": "v4.0.0",
    "actions": [
        {
            "type": "SpeedUp"
        },
        {
            "type": "Deploy",
            "name": "推进之王",
            "location": [
                5,
                4
            ],
            "direction": "Left"
        },
        {
            "type": "Deploy",
            "name": "慑砂",
            "location": [
                7,
                2
            ],
            "direction": "Left"
        },
        {
            "type": "Deploy",
            "name": "塞雷娅",
            "location": [
                6,
                3
            ],
            "direction": "Left"
        },
        {
            "type": "Output",
            "doc_color": "#6f42c1",
            "doc": "给个好评吧，亲~"
        }
    ],
    "doc": {
        "title": "慑砂模组摆完挂机-“灵魂共鸣”",
        "details": "作业更新日期: 2023-02-18T00:53:51Z\n统计更新日期: 2024-09-20\n好评率：92.31%  浏览量：153\n来源：作业代传——有问题联系原作者  ID：20949\n侬无言以对模组任务摆完挂机合集:BV1wU4y177Qu\n3星通关主题曲S3-6; 必须编入非助战慑砂并上场，且使用慑砂歼灭至少10个源石虫·β\n筱竹聽雨"
    },
    "groups": [],
    "opers": [
        {
            "name": "塞雷娅",
            "skill": 1,
            "skill_usage": 0
        },
        {
            "name": "推进之王",
            "skill": 2,
            "skill_usage": 0
        },
        {
            "name": "慑砂",
            "skill": 1,
            "skill_usage": 0
        }
    ],
    "stage_name": "sub_03-3-1"
}