{
    "minimum_required": "v4.0.0",
    "actions": [
        {
            "type": "SpeedUp"
        },
        {
            "type": "Deploy",
            "name": "推进之王",
            "location": [
                1,
                3
            ],
            "direction": "Right"
        },
        {
            "type": "Output",
            "doc_color": "#6f42c1",
            "doc": "给个好评吧，亲~"
        }
    ],
    "doc": {
        "title": "推进之王模组摆完挂机-“糖果盒”",
        "details": "作业更新日期: 2023-02-18T00:53:51Z\n统计更新日期: 2024-10-26\n好评率：67.86%  浏览量：587\n来源：作业代传——有问题联系原作者  ID：20965\n侬无言以对模组任务摆完挂机合集:BV1wU4y177Qu\n3星通关主题曲1-7；必须编入非助战推进之王并上场，其他成员仅可编入先锋干员\n筱竹聽雨"
    },
    "groups": [],
    "opers": [
        {
            "name": "推进之王",
            "skill": 2,
            "skill_usage": 0
        }
    ],
    "stage_name": "main_01-07"
}