{
    "minimum_required": "v4.0.0",
    "stage_name": "act18d3_05",
    "actions": [
        {
            "type": "Deploy",
            "name": "棘刺",
            "location": [
                2,
                4
            ],
            "direction": "Right"
        },
        {
            "type": "Deploy",
            "name": "能天使",
            "location": [
                1,
                3
            ],
            "direction": "Right"
        },
        {
            "type": "SpeedUp"
        },
        {
            "type": "Deploy",
            "name": "桑葚",
            "location": [
                3,
                3
            ],
            "direction": "Left"
        },
        {
            "type": "SkillDaemon"
        }
    ],
    "doc": {
        "title": "覆潮之下·复刻 - SV-5 - 遭弃者【桑葚模组任务】",
        "details": "作业更新日期: 2024-08-01T05:19:41Z\n统计更新日期: 2024-11-30\n好评率：100.0%  浏览量：94\n来源：小卡拉帕鲁灰  ID：39694\n完成5次战斗；必须编入非助战桑葚并上场，且每次战斗至少释放1次安全区域\n3星通关插曲SV-5；必须编入非助战桑葚并上场，其他成员仅可编入7名干员 "
    },
    "groups": [],
    "opers": [
        {
            "name": "桑葚",
            "skill": 2,
            "skill_usage": 1
        },
        {
            "name": "棘刺",
            "skill": 3,
            "skill_usage": 1
        },
        {
            "name": "能天使",
            "skill": 3,
            "skill_usage": 0
        }
    ]
}