{
    "minimum_required": "v4.0.0",
    "stage_name": "main_07-03",
    "actions": [
        {
            "type": "Deploy",
            "name": "推进之王",
            "location": [
                2,
                1
            ],
            "direction": "Right"
        },
        {
            "type": "SpeedUp"
        },
        {
            "type": "Deploy",
            "name": "猎蜂",
            "location": [
                3,
                3
            ],
            "direction": "Right"
        },
        {
            "type": "Deploy",
            "name": "煌",
            "location": [
                3,
                5
            ],
            "direction": "Up"
        },
        {
            "type": "Deploy",
            "name": "仇白",
            "location": [
                2,
                3
            ],
            "direction": "Right"
        },
        {
            "type": "Deploy",
            "name": "浊心斯卡蒂",
            "location": [
                2,
                2
            ],
            "direction": "Right"
        }
    ],
    "doc": {
        "title": "猎蜂模组任务 - 7-4 - 咬紧牙关",
        "details": "作业更新日期: 2024-07-06T11:19:13Z\n统计更新日期: 2024-07-06\n好评率：100.0%  浏览量：3\n来源：一只摆烂的42  ID：39142\n猎蜂「咬紧牙关」模组任务\n3星通关主题曲7-4；必须编入非助战猎蜂并上场，且使用猎蜂至少歼灭10个敌人\n原视频：https://www.bilibili.com/video/BV1gp421f7UZ/\n制作者：一只摆烂的42\n有问题联系QQ2586582719\n修改自用请删除我的QQ"
    },
    "groups": [],
    "opers": [
        {
            "name": "猎蜂",
            "skill": 2,
            "skill_usage": 1
        },
        {
            "name": "推进之王",
            "skill": 2,
            "skill_usage": 0
        },
        {
            "name": "煌",
            "skill": 2,
            "skill_usage": 0
        },
        {
            "name": "仇白",
            "skill": 3,
            "skill_usage": 1
        },
        {
            "name": "浊心斯卡蒂",
            "skill": 2,
            "skill_usage": 0
        }
    ]
}