{
    "minimum_required": "v4.0.0",
    "stage_name": "act19side_02",
    "actions": [
        {
            "type": "SpeedUp"
        },
        {
            "type": "Deploy",
            "name": "煌",
            "location": [
                5,
                5
            ],
            "direction": "Up"
        },
        {
            "type": "Deploy",
            "name": "塞雷娅",
            "location": [
                4,
                3
            ],
            "direction": "Right"
        },
        {
            "type": "Deploy",
            "name": "衡沙",
            "location": [
                4,
                4
            ],
            "direction": "Right"
        },
        {
            "type": "Deploy",
            "name": "发条羽兽",
            "location": [
                4,
                2
            ],
            "direction": "Right"
        },
        {
            "type": "Deploy",
            "name": "发条羽兽",
            "location": [
                7,
                3
            ],
            "direction": "Up"
        },
        {
            "type": "Deploy",
            "name": "发条羽兽",
            "location": [
                6,
                4
            ],
            "direction": "Up"
        },
        {
            "type": "Deploy",
            "name": "发条羽兽",
            "location": [
                5,
                4
            ],
            "direction": "Up"
        },
        {
            "type": "Deploy",
            "name": "发条羽兽",
            "location": [
                1,
                4
            ],
            "direction": "Right"
        },
        {
            "type": "Deploy",
            "name": "发条羽兽",
            "location": [
                7,
                3
            ],
            "direction": "Up"
        },
        {
            "type": "Deploy",
            "name": "发条羽兽",
            "location": [
                4,
                2
            ],
            "direction": "Right"
        },
        {
            "type": "SkillDaemon"
        }
    ],
    "doc": {
        "title": "衡沙模组任务 - DV-2 - 过往留痕",
        "details": "作业更新日期: 2024-10-02T00:20:43Z\n统计更新日期: 2024-10-02\n好评率：100.0%  浏览量：23\n来源：一只摆烂的42  ID：40165\n衡沙「过往留痕」模组任务\n3星通关别传DV-2；必须编入非助战衡沙并上场，其他成员仅可编入4名干员\n原视频：https://www.bilibili.com/video/BV1C1iueSEZz/\n制作者：一只摆烂的42\n有问题联系QQ2586582719\n修改自用请删除我的QQ"
    },
    "groups": [],
    "opers": [
        {
            "name": "衡沙",
            "skill": 2,
            "skill_usage": 1
        },
        {
            "name": "煌",
            "skill": 2,
            "skill_usage": 0
        },
        {
            "name": "塞雷娅",
            "skill": 2,
            "skill_usage": 0
        }
    ],
    "difficulty": 0
}