{
    "minimum_required": "v4.0",
    "doc": {
        "title": "【愚人号】SN-10八人",
        "details": "UP主：萧然Q\n原视频：https://www.bilibili.com/video/av726209538?p=11\n——————\n小帮手：\n1 1\n1 0\n   0\n——————\n有问题联系制作者QQ2586582719"
    },
  "stage_name": "act17side_10",
    "opers": [
        {
            "name": "桃金娘",
            "skill": 1,
            "skill_usage": 1
        },
        {
            "name": "煌",
            "skill": 2,
            "skill_usage": 0
        },
        {
            "name": "棘刺",
            "skill": 3,
            "skill_usage": 1
        },
        {
            "name": "史尔特尔",
            "skill": 3,
            "skill_usage": 0
        },
        {
            "name": "拉普兰德",
            "skill": 2,
            "skill_usage": 0
        },
        {
            "name": "艾雅法拉",
            "skill": 2,
            "skill_usage": 0
        },
        {
            "name": "伊芙利特",
            "skill": 2,
            "skill_usage": 0
        },
        {
            "name": "蜜莓",
            "skill": 1,
            "skill_usage": 0
        }
    ],
    "actions": [
        {
            "type": "二倍速",
            "name": ""
        },
        {
            "type": "部署",
            "name": "桃金娘",
            "location": [
                5,
                5
            ],
            "direction": "下"
        },
        {
            "type": "部署",
            "name": "煌",
            "location": [
                4,
                7
            ],
            "direction": "右"
        },
        {
            "type": "部署",
            "name": "棘刺",
            "location": [
                3,
                6
            ],
            "direction": "右"
        },
        {
            "type": "部署",
            "name": "拉普兰德",
            "location": [
                4,
                6
            ],
            "direction": "右"
        },
        {
            "type": "部署",
            "name": "蜜莓",
            "location": [
                1,
                6
            ],
            "direction": "右"
        },
        {
            "type": "部署",
            "name": "伊芙利特",
            "location": [
                1,
                7
            ],
            "direction": "右"
        },
        {
            "type": "部署",
            "name": "艾雅法拉",
            "location": [
                4,
                5
            ],
            "direction": "下"
        },
        {
            "type": "部署",
            "name": "史尔特尔",
            "location": [
                1,
                1
            ],
            "direction": "右"
        },
        {
            "type": "技能",
            "kills": 15,
            "name": "史尔特尔"
        },
        {
            "type": "撤退",
            "kills": 18,
            "name": "史尔特尔"
        },
        {
            "type": "部署",
            "name": "圣徒之手",
            "location": [
                1,
                1
            ],
            "direction": "右"
        },
        {
            "type": "部署",
            "name": "圣徒之手",
            "location": [
                8,
                6
            ],
            "direction": "左"
        },
        {
            "type": "部署",
            "name": "史尔特尔",
            "location": [
                1,
                1
            ],
            "direction": "右"
        },
        {
            "type": "技能",
            "name": "史尔特尔",
            "pre_delay": 2000
        },
        {
            "type": "部署",
            "name": "史尔特尔",
            "location": [
                1,
                1
            ],
            "direction": "右"
        },
        {
            "type": "技能",
            "name": "史尔特尔",
            "pre_delay": 2000
        },
        {
            "type": "打印",
            "name": "",
            "doc": "有问题联系制作者QQ2586582719",
            "doc_color": "SpringGreen"
        }
    ]
}