{
    "minimum_required": "v4.0",
    "doc": {
        "title": "【覆潮之下】【镀层&宝箱&突袭】SN-EX-8突袭十人",
        "details": "UP主：萧然Q\n原视频：https://www.bilibili.com/video/av683885831/\n——————\n小帮手：\n1 1\n1 2\n   2\n——————\n有问题联系制作者QQ2586582719"
    },
    "stage_name": "SN-EX-8",
    "opers": [
        {
            "name": "桃金娘",
            "skill": 1,
            "skill_usage": 1
        },
        {
            "name": "煌",
            "skill": 2,
            "skill_usage": 0
        },
        {
            "name": "拉普兰德",
            "skill": 2,
            "skill_usage": 0
        },
        {
            "name": "塞雷娅",
            "skill": 1,
            "skill_usage": 0
        },
        {
            "name": "假日威龙陈",
            "skill": 3,
            "skill_usage": 1
        },
        {
            "name": "刻俄柏",
            "skill": 1,
            "skill_usage": 0
        },
        {
            "name": "艾雅法拉",
            "skill": 2,
            "skill_usage": 0
        },
        {
            "name": "伊芙利特",
            "skill": 2,
            "skill_usage": 0
        },
        {
            "name": "流明",
            "skill": 3,
            "skill_usage": 1
        },
        {
            "name": "蜜莓",
            "skill": 1,
            "skill_usage": 0
        }
    ],
    "actions": [
        {
            "type": "二倍速",
            "name": ""
        },
        {
            "type": "部署",
            "name": "桃金娘",
            "location": [
                1,
                3
            ],
            "direction": "上"
        },
        {
            "type": "部署",
            "name": "拉普兰德",
            "location": [
                3,
                5
            ],
            "direction": "右"
        },
        {
            "type": "部署",
            "name": "艾雅法拉",
            "location": [
                3,
                3
            ],
            "direction": "下"
        },
        {
            "type": "部署",
            "name": "蜜莓",
            "location": [
                1,
                6
            ],
            "direction": "右"
        },
        {
            "type": "部署",
            "name": "刻俄柏",
            "location": [
                3,
                2
            ],
            "direction": "左"
        },
        {
            "type": "部署",
            "name": "煌",
            "location": [
                4,
                5
            ],
            "direction": "下"
        },
        {
            "type": "部署",
            "name": "流明",
            "location": [
                1,
                4
            ],
            "direction": "右"
        },
        {
            "type": "部署",
            "name": "塞雷娅",
            "location": [
                8,
                1
            ],
            "direction": "下"
        },
        {
            "type": "部署",
            "name": "伊芙利特",
            "location": [
                1,
                5
            ],
            "direction": "右"
        },
        {
            "type": "撤退",
            "name": "桃金娘"
        },
        {
            "type": "部署",
            "kills": 13,
            "name": "假日威龙陈",
            "location": [
                8,
                2
            ],
            "direction": "右",
            "pre_delay": 2000
        },
        {
            "type": "撤退",
            "kills": 15,
            "name": "塞雷娅"
        },
        {
            "type": "部署",
            "name": "圣徒之手",
            "location": [
                7,
                1
            ],
            "direction": "右"
        },
        {
            "type": "部署",
            "name": "圣徒之手",
            "location": [
                9,
                3
            ],
            "direction": "上"
        },
        {
            "type": "技能",
            "name": "假日威龙陈"
        },
        {
            "type": "部署",
            "name": "塞雷娅",
            "location": [
                8,
                1
            ],
            "direction": "右"
        },
        {
            "type": "打印",
            "name": "",
            "doc": "有问题联系制作者QQ2586582719",
            "doc_color": "SpringGreen"
        }
    ]
}