{
    "minimum_required": "v4.0",
    "doc": {
        "title": "【覆潮之下】SN-EX-1突袭三人",
        "details": "UP主：萧然Q\n原视频：https://www.bilibili.com/video/av683885831/\n——————\n小帮手：\n1 1\n1 0\n   0\n——————\n有问题联系制作者QQ2586582719"
    },
    "stage_name": "SN-EX-1",
    "opers": [
        {
            "name": "煌",
            "skill": 2,
            "skill_usage": 0
        },
        {
            "name": "拉普兰德",
            "skill": 2,
            "skill_usage": 0
        },
        {
            "name": "蜜莓",
            "skill": 1,
            "skill_usage": 0
        }
    ],
    "actions": [
        {
            "type": "二倍速",
            "name": ""
        },
        {
            "type": "部署",
            "name": "拉普兰德",
            "location": [
                1,
                1
            ],
            "direction": "右"
        },
        {
            "type": "部署",
            "name": "煌",
            "location": [
                2,
                1
            ],
            "direction": "右"
        },
        {
            "type": "部署",
            "name": "蜜莓",
            "location": [
                2,
                2
            ],
            "direction": "上"
        },
        {
            "type": "打印",
            "name": "",
            "doc": "有问题联系制作者QQ2586582719",
            "doc_color": "SpringGreen"
        }
    ]
}