{
    "minimum_required": "v4.0",
    "doc": {
        "title": "【愚人号】SN-S-5纯高台八人",
        "details": "UP主：萧然Q\n原视频：https://www.bilibili.com/video/av683885831/\n——————\n小帮手：\n2 2\n1 1\n   2\n——————\n有问题联系制作者QQ2586582719"
    },
    "stage_name": "act17side_s05",
    "opers": [
        {
            "name": "能天使",
            "skill": 3,
            "skill_usage": 0
        },
        {
            "name": "W",
            "skill": 2,
            "skill_usage": 0
        },
        {
            "name": "克洛丝",
            "skill": 1,
            "skill_usage": 0
        },
        {
            "name": "艾雅法拉",
            "skill": 2,
            "skill_usage": 0
        },
        {
            "name": "伊芙利特",
            "skill": 2,
            "skill_usage": 0
        },
        {
            "name": "白面鸮",
            "skill": 2,
            "skill_usage": 0
        },
        {
            "name": "灵知",
            "skill": 1,
            "skill_usage": 0
        },
        {
            "name": "安洁莉娜",
            "skill": 1,
            "skill_usage": 0
        }
    ],
    "actions": [
        {
            "type": "二倍速",
            "name": ""
        },
        {
            "type": "部署",
            "name": "灵知",
            "location": [
                1,
                4
            ],
            "direction": "右"
        },
        {
            "type": "部署",
            "name": "能天使",
            "location": [
                3,
                7
            ],
            "direction": "上"
        },
        {
            "type": "部署",
            "name": "克洛丝",
            "location": [
                3,
                1
            ],
            "direction": "下"
        },
        {
            "type": "部署",
            "name": "W",
            "location": [
                1,
                5
            ],
            "direction": "右"
        },
        {
            "type": "部署",
            "name": "伊芙利特",
            "location": [
                2,
                7
            ],
            "direction": "上"
        },
        {
            "type": "部署",
            "name": "艾雅法拉",
            "location": [
                2,
                1
            ],
            "direction": "下"
        },
        {
            "type": "部署",
            "name": "白面鸮",
            "location": [
                1,
                2
            ],
            "direction": "下"
        },
        {
            "type": "部署",
            "name": "安洁莉娜",
            "location": [
                1,
                3
            ],
            "direction": "下"
        },
        {
            "type": "打印",
            "name": "",
            "doc": "有问题联系制作者QQ2586582719",
            "doc_color": "SpringGreen"
        }
    ]
}