{
    "minimum_required": "v4.0.0",
    "stage_name": "mem_sntlla_1",
    "actions": [
        {
            "type": "Deploy",
            "name": "凛冬",
            "location": [
                1,
                1
            ],
            "direction": "Right"
        },
        {
            "type": "SpeedUp"
        },
        {
            "type": "Deploy",
            "name": "寒檀",
            "location": [
                4,
                2
            ],
            "direction": "Left"
        },
        {
            "type": "BulletTime",
            "name": "凛冬",
            "location": [
                1,
                1
            ],
            "costs": 9
        },
        {
            "type": "Skill",
            "name": "凛冬",
            "location": [
                1,
                1
            ],
            "costs": 10
        },
        {
            "type": "Deploy",
            "direction": "Right",
            "name": "古米",
            "location": [
                2,
                2
            ]
        },
        {
            "type": "Deploy",
            "name": "真理",
            "location": [
                5,
                3
            ],
            "direction": "Up"
        },
        {
            "type": "BulletTime",
            "costs": 26,
            "name": "寒檀",
            "location": [
                4,
                2
            ]
        },
        {
            "type": "Skill",
            "costs": 27,
            "name": "寒檀",
            "location": [
                4,
                2
            ]
        },
        {
            "type": "BulletTime",
            "costs": 98,
            "name": "真理",
            "location": [
                5,
                3
            ]
        },
        {
            "type": "Skill",
            "costs": 99,
            "name": "真理",
            "location": [
                5,
                3
            ]
        },
        {
            "type": "Skill",
            "name": "寒檀",
            "location": [
                4,
                2
            ],
            "pre_delay": 10000
        }
    ],
    "doc": {
        "title": "术师 - 寒檀 - 风雪已至",
        "details": "——————————\n作业更新日期: 2025-08-31T06:45:42Z\n统计更新日期: 2025-09-02\n相对评分：100.0%  相对热度：85.37%\n来源：姬门yugioh  ID：66675\n——————————\n术师 - 寒檀 - 风雪已至"
    },
    "groups": [],
    "opers": [
        {
            "name": "寒檀",
            "skill": 2,
            "skill_usage": 0
        }
    ]
}