{
    "actions": [
        {
            "type": "部署",
            "name": "白金",
            "location": [
                6,
                3
            ],
            "direction": "左"
        },
        {
            "type": "二倍速"
        },
        {
            "type": "部署",
            "name": "梅什科线圈",
            "location": [
                1,
                3
            ]
        },
        {
            "type": "部署",
            "location": [
                3,
                3
            ],
            "name": "梅什科线圈"
        },
        {
            "type": "部署",
            "location": [
                1,
                2
            ],
            "name": "梅什科线圈"
        },
        {
            "type": "部署",
            "name": "梅什科线圈",
            "location": [
                3,
                2
            ]
        }
    ],
    "stage_name": "mem_platnm_1",
    "doc": {
        "title": "无人机筛选",
        "details": "——————————\n作业更新日期: 2023-04-19T07:07:55Z\n统计更新日期: 2025-06-17\n好评率：83.48%  浏览量：2646\n来源：作业代传——有问题联系原作者  ID：22736\n——————————\n干员等级：白金精二40，二技能专三\n测试版本：395b2"
    },
    "opers": [
        {
            "name": "白金"
        }
    ],
    "minimum_required": "v4.0.0"
}