{
  "minimum_required": "v4.0.0",
  "stage_name": "tough_14-15",
  "actions": [
    {
      "type": "Deploy",
      "name": "桃金娘",
      "location": [
        10,
        4
      ],
      "direction": "Down"
    },
    {
      "type": "Deploy",
      "name": "煌",
      "location": [
        9,
        6
      ],
      "direction": "Up"
    },
    {
      "type": "Deploy",
      "name": "德克萨斯",
      "location": [
        10,
        5
      ],
      "direction": "Left"
    },
    {
      "type": "SpeedUp"
    },
    {
      "type": "Deploy",
      "name": "泥岩",
      "location": [
        4,
        1
      ],
      "direction": "Down"
    },
    {
      "type": "Deploy",
      "name": "奶",
      "location": [
        9,
        3
      ],
      "direction": "Down"
    },
    {
      "type": "Deploy",
      "name": "能天使",
      "location": [
        6,
        5
      ],
      "direction": "Up"
    },
    {
      "type": "Deploy",
      "name": "玛恩纳",
      "location": [
        10,
        6
      ],
      "direction": "Up"
    },
    {
      "type": "Deploy",
      "name": "艾雅法拉",
      "location": [
        9,
        4
      ],
      "direction": "Down"
    },
    {
      "type": "Skill",
      "kills": 21,
      "name": "玛恩纳",
      "location": [
        10,
        6
      ]
    },
    {
      "type": "Skill",
      "name": "玛恩纳",
      "location": [
        10,
        6
      ],
      "kills": 53
    }
  ],
  "doc": {
    "title": "第十四章 慈悲灯塔 - 14-17（磨难） - 核心舱攻防战",
    "details": "https://www.bilibili.com/video/BV1mt421c7q8/?spm_id_from=333.337.search-card.all.click&vd_source=2262fcddd66418dcd5d6a18342d0b154"
  },
  "groups": [
    {
      "name": "奶",
      "opers": [
        {
          "name": "纯烬艾雅法拉",
          "skill": 1,
          "skill_usage": 0
        },
        {
          "name": "闪灵",
          "skill": 2,
          "skill_usage": 0
        }
      ]
    }
  ],
  "opers": [
    {
      "name": "煌",
      "skill": 2,
      "skill_usage": 0
    },
    {
      "name": "泥岩",
      "skill": 2,
      "skill_usage": 0
    },
    {
      "name": "能天使",
      "skill": 3,
      "skill_usage": 0
    },
    {
      "name": "玛恩纳",
      "skill": 3,
      "skill_usage": 0
    },
    {
      "name": "桃金娘",
      "skill": 1,
      "skill_usage": 1
    },
    {
      "name": "德克萨斯",
      "skill": 2,
      "skill_usage": 1
    },
    {
      "name": "艾雅法拉",
      "skill": 2,
      "skill_usage": 0
    }
  ]
}