{
  "minimum_required": "v4.0.0",
  "stage_name": "tough_14-16",
  "actions": [
    {
      "type": "Deploy",
      "name": "桃金娘",
      "location": [
        10,
        4
      ],
      "direction": "Left"
    },
    {
      "type": "Deploy",
      "name": "提丰",
      "location": [
        9,
        3
      ],
      "direction": "Left"
    },
    {
      "type": "Deploy",
      "name": "纯烬艾雅法拉",
      "location": [
        10,
        1
      ],
      "direction": "Down"
    },
    {
      "type": "SpeedUp"
    },
    {
      "type": "Deploy",
      "name": "澄闪",
      "location": [
        9,
        4
      ],
      "direction": "Left"
    },
    {
      "type": "Deploy",
      "name": "煌",
      "location": [
        9,
        2
      ],
      "direction": "Up"
    },
    {
      "type": "Deploy",
      "name": "夜莺",
      "location": [
        8,
        3
      ],
      "direction": "Down"
    },
    {
      "type": "Deploy",
      "name": "风笛",
      "location": [
        8,
        5
      ],
      "direction": "Right"
    },
    {
      "type": "Retreat",
      "name": "桃金娘"
    },
    {
      "type": "Deploy",
      "name": "奶盾",
      "location": [
        7,
        3
      ],
      "direction": "Left"
    },
    {
      "type": "Skill",
      "name": "核心增幅器",
      "location": [
        9,
        1
      ],
      "pre_delay": 90000
    },
    {
      "type": "Skill",
      "location": [
        7,
        2
      ],
      "pre_delay": 1000
    },
    {
      "type": "Skill",
      "location": [
        7,
        4
      ],
      "pre_delay": 1000
    },
    {
      "type": "Skill",
      "location": [
        7,
        2
      ],
      "pre_delay": 1000
    },
    {
      "type": "Skill",
      "location": [
        9,
        5
      ],
      "pre_delay": 1000
    },
    {
      "type": "Skill",
      "name": "核心增幅器",
      "location": [
        9,
        1
      ],
      "pre_delay": 1000
    },
    {
      "type": "Skill",
      "location": [
        7,
        2
      ],
      "pre_delay": 1000
    },
    {
      "type": "Skill",
      "location": [
        7,
        4
      ],
      "pre_delay": 1000
    },
    {
      "type": "Skill",
      "location": [
        9,
        5
      ],
      "pre_delay": 1000
    },
    {
      "type": "Skill",
      "location": [
        9,
        1
      ],
      "pre_delay": 1000
    },
    {
      "type": "Skill",
      "location": [
        7,
        2
      ],
      "pre_delay": 1000
    },
    {
      "type": "Skill",
      "location": [
        7,
        4
      ],
      "pre_delay": 1000
    },
    {
      "type": "Skill",
      "location": [
        9,
        5
      ],
      "pre_delay": 1000
    },
    {
      "type": "Skill",
      "location": [
        9,
        1
      ],
      "pre_delay": 1000
    },
    {
      "type": "Skill",
      "location": [
        7,
        2
      ],
      "pre_delay": 1000
    },
    {
      "type": "Skill",
      "location": [
        7,
        4
      ],
      "pre_delay": 1000
    },
    {
      "type": "Skill",
      "location": [
        9,
        5
      ],
      "pre_delay": 1000
    }
  ],
  "doc": {
    "title": "第十四章 慈悲灯塔 - 14-18（磨难） - 在炽燃间咆哮",
    "details": "第十四章 慈悲灯塔 - 14-18（磨难） - 在炽燃间咆哮"
  },
  "groups": [
    {
      "name": "奶盾",
      "opers": [
        {
          "name": "黍",
          "skill": 1,
          "skill_usage": 0
        },
        {
          "name": "塞雷娅",
          "skill": 1,
          "skill_usage": 0
        }
      ]
    }
  ],
  "opers": [
    {
      "name": "桃金娘",
      "skill": 1,
      "skill_usage": 1
    },
    {
      "name": "风笛",
      "skill": 2,
      "skill_usage": 0
    },
    {
      "name": "纯烬艾雅法拉",
      "skill": 1,
      "skill_usage": 0
    },
    {
      "name": "夜莺",
      "skill": 2,
      "skill_usage": 0
    },
    {
      "name": "澄闪",
      "skill": 2,
      "skill_usage": 0
    },
    {
      "name": "煌",
      "skill": 2,
      "skill_usage": 0
    },
    {
      "name": "提丰",
      "skill": 2,
      "skill_usage": 1
    },
    {
      "name": "阿米娅",
      "skill": 1,
      "skill_usage": 0
    }
  ]
}