{
  "minimum_required": "v4.0.0",
  "stage_name": "tough_14-06",
  "actions": [
    {
      "type": "Deploy",
      "name": "山",
      "location": [
        6,
        3
      ],
      "direction": "Left"
    },
    {
      "type": "SpeedUp"
    },
    {
      "type": "Deploy",
      "name": "澄闪",
      "location": [
        2,
        4
      ],
      "direction": "Down"
    },
    {
      "type": "Deploy",
      "name": "艾雅法拉",
      "location": [
        6,
        2
      ],
      "direction": "Left"
    },
    {
      "type": "Deploy",
      "name": "奶",
      "location": [
        7,
        4
      ],
      "direction": "Up"
    },
    {
      "type": "SkillDaemon"
    }
  ],
  "doc": {
    "title": "第十四章 慈悲灯塔 - 14-7（磨难） - 执行反制作战",
    "details": "第十四章 慈悲灯塔 - 14-7（磨难） - 执行反制作战"
  },
  "groups": [
    {
      "name": "奶",
      "opers": [
        {
          "name": "纯烬艾雅法拉",
          "skill": 1,
          "skill_usage": 0
        },
        {
          "name": "夜莺",
          "skill": 2,
          "skill_usage": 0
        }
      ]
    }
  ],
  "opers": [
    {
      "skill_times": 1,
      "name": "山",
      "skill": 2,
      "skill_usage": 2
    },
    {
      "name": "艾雅法拉",
      "skill": 2,
      "skill_usage": 0
    },
    {
      "name": "澄闪",
      "skill": 2,
      "skill_usage": 0
    }
  ]
}