{"minimum_required":"v4.0.0","stage_name":"mem_takila_1","actions":[{"type":"SpeedUp","kills":0},{"type":"Deploy","name":"羽毛笔","location":[5,2],"direction":"Down"},{"type":"Deploy","name":"巫恋","location":[6,1],"direction":"Down"},{"type":"Deploy","name":"锡兰","location":[4,1],"direction":"Right"},{"type":"Deploy","name":"龙舌兰","location":[5,1],"direction":"Down"},{"type":"Skill","location":[5,1],"kills":11},{"type":"Skill","name":"龙舌兰","location":[5,1],"pre_delay":43000}],"doc":{"title":"近卫 - 龙舌兰 - 沙滩假期","details":"倾九_Komy  https://www.bilibili.com/video/BV1VG411T71y/\n龙舌兰 精二1级   2技能 7级"},"groups":[],"opers":[{"name":"羽毛笔","skill":1,"skill_usage":0},{"name":"龙舌兰","skill":2,"skill_usage":0},{"name":"锡兰","skill":1,"skill_usage":0},{"name":"巫恋","skill":1,"skill_usage":0}]}