{
    "minimum_required": "v4.0",
    "doc": {
        "title": "11-1磨难三人",
        "details": "https://www.bilibili.com/video/av901434848?p=12"
    },
    "stage_name": "obt/main/level_tough_11-01",
    "opers": [
        {
            "name": "煌",
            "skill": 2,
            "skill_usage": 0
        },
        {
            "name": "能天使",
            "skill": 3,
            "skill_usage": 0
        },
        {
            "name": "夜莺",
            "skill": 2,
            "skill_usage": 0
        }
    ],
    "actions": [
        {
            "type": "SpeedUp",
            "name": "",
            "doc_color": "Gray"
        },
        {
            "type": "部署",
            "name": "煌",
            "location": [
                8,
                3
            ],
            "direction": "左",
            "doc_color": "Gray"
        },
        {
            "type": "部署",
            "name": "能天使",
            "location": [
                9,
                2
            ],
            "direction": "左",
            "doc_color": "Gray"
        },
        {
            "type": "部署",
            "name": "夜莺",
            "location": [
                9,
                3
            ],
            "direction": "左"
        },
        {
            "type": "Output",
            "name": "",
            "doc": "制作者2586582719",
            "doc_color": "SpringGreen"
        }
    ]
}