{
    "id": "20276",
    "copilot_id": 20276,
    "stage_name": "mem_ardign_1",
    "uploader": "yc.exe",
    "uploader_id": "63c8ab16adbcd40ec46be607",
    "views": 23,
    "hot_score": 0.0,
    "difficulty": 0,
    "minimum_required": "v4.0.0",
    "opers": [
        {
            "name": "卡缇",
            "skill": 1,
            "skill_usage": 0,
            "requirements": {
                "elite": 0,
                "level": 0,
                "skill_level": 0,
                "module": 0,
                "potentiality": 0
            }
        }
    ],
    "groups": [],
    "actions": [
        {
            "type": "Deploy",
            "kills": 0,
            "costs": 0,
            "cost_changes": 0,
            "cooling": -1,
            "name": "干扰地雷",
            "location": [
                1,
                2
            ],
            "direction": "None",
            "skill_usage": 0,
            "pre_delay": 0,
            "post_delay": 0,
            "timeout": 0,
            "doc": "",
            "doc_color": "Gray"
        },
        {
            "type": "Deploy",
            "kills": 0,
            "costs": 0,
            "cost_changes": 0,
            "cooling": -1,
            "name": "卡缇",
            "location": [
                9,
                3
            ],
            "direction": "Left",
            "skill_usage": 0,
            "pre_delay": 0,
            "post_delay": 0,
            "timeout": 0,
            "doc": "",
            "doc_color": "Gray"
        },
        {
            "type": "SpeedUp",
            "kills": 0,
            "costs": 0,
            "cost_changes": 0,
            "cooling": -1,
            "name": null,
            "location": null,
            "direction": "None",
            "skill_usage": 0,
            "pre_delay": 0,
            "post_delay": 0,
            "timeout": 0,
            "doc": "",
            "doc_color": "Gray"
        },
        {
            "type": "Deploy",
            "kills": 0,
            "costs": 0,
            "cost_changes": 0,
            "cooling": -1,
            "name": "干扰地雷",
            "location": [
                9,
                4
            ],
            "direction": "None",
            "skill_usage": 0,
            "pre_delay": 0,
            "post_delay": 0,
            "timeout": 0,
            "doc": "",
            "doc_color": "Gray"
        },
        {
            "type": "Deploy",
            "kills": 0,
            "costs": 0,
            "cost_changes": 0,
            "cooling": -1,
            "name": "干扰地雷",
            "location": [
                1,
                3
            ],
            "direction": "None",
            "skill_usage": 0,
            "pre_delay": 0,
            "post_delay": 0,
            "timeout": 0,
            "doc": "",
            "doc_color": "Gray"
        },
        {
            "type": "Deploy",
            "kills": 0,
            "costs": 0,
            "cost_changes": 0,
            "cooling": -1,
            "name": "干扰地雷",
            "location": [
                1,
                4
            ],
            "direction": "None",
            "skill_usage": 0,
            "pre_delay": 3000,
            "post_delay": 0,
            "timeout": 0,
            "doc": "",
            "doc_color": "Gray"
        },
        {
            "type": "Deploy",
            "kills": 0,
            "costs": 0,
            "cost_changes": 0,
            "cooling": -1,
            "name": "干扰地雷",
            "location": [
                1,
                2
            ],
            "direction": "None",
            "skill_usage": 0,
            "pre_delay": 0,
            "post_delay": 0,
            "timeout": 0,
            "doc": "",
            "doc_color": "Gray"
        },
        {
            "type": "Deploy",
            "kills": 0,
            "costs": 0,
            "cost_changes": 0,
            "cooling": -1,
            "name": "干扰地雷",
            "location": [
                9,
                2
            ],
            "direction": "None",
            "skill_usage": 0,
            "pre_delay": 0,
            "post_delay": 0,
            "timeout": 0,
            "doc": "",
            "doc_color": "Gray"
        },
        {
            "type": "Deploy",
            "kills": 0,
            "costs": 0,
            "cost_changes": 0,
            "cooling": -1,
            "name": "干扰地雷",
            "location": [
                8,
                3
            ],
            "direction": "None",
            "skill_usage": 0,
            "pre_delay": 0,
            "post_delay": 0,
            "timeout": 0,
            "doc": "",
            "doc_color": "Gray"
        },
        {
            "type": "Deploy",
            "kills": 0,
            "costs": 0,
            "cost_changes": 0,
            "cooling": -1,
            "name": "干扰地雷",
            "location": [
                1,
                4
            ],
            "direction": "None",
            "skill_usage": 0,
            "pre_delay": 0,
            "post_delay": 0,
            "timeout": 0,
            "doc": "",
            "doc_color": "Gray"
        },
        {
            "type": "Deploy",
            "kills": 0,
            "costs": 0,
            "cost_changes": 0,
            "cooling": -1,
            "name": "干扰地雷",
            "location": [
                1,
                2
            ],
            "direction": "None",
            "skill_usage": 0,
            "pre_delay": 0,
            "post_delay": 0,
            "timeout": 0,
            "doc": "",
            "doc_color": "Gray"
        },
        {
            "type": "Deploy",
            "kills": 0,
            "costs": 0,
            "cost_changes": 0,
            "cooling": -1,
            "name": "干扰地雷",
            "location": [
                9,
                2
            ],
            "direction": "None",
            "skill_usage": 0,
            "pre_delay": 1,
            "post_delay": 0,
            "timeout": 0,
            "doc": "",
            "doc_color": "Gray"
        },
        {
            "type": "Skill",
            "kills": 0,
            "costs": 0,
            "cost_changes": 0,
            "cooling": -1,
            "name": "卡缇",
            "location": [
                9,
                3
            ],
            "direction": "None",
            "skill_usage": 0,
            "pre_delay": 0,
            "post_delay": 0,
            "timeout": 0,
            "doc": "",
            "doc_color": "Gray"
        },
        {
            "type": "Deploy",
            "kills": 0,
            "costs": 0,
            "cost_changes": 0,
            "cooling": -1,
            "name": "干扰地雷",
            "location": [
                8,
                3
            ],
            "direction": "None",
            "skill_usage": 0,
            "pre_delay": 800,
            "post_delay": 0,
            "timeout": 0,
            "doc": "",
            "doc_color": "Gray"
        },
        {
            "type": "Deploy",
            "kills": 0,
            "costs": 0,
            "cost_changes": 0,
            "cooling": -1,
            "name": "干扰地雷",
            "location": [
                1,
                3
            ],
            "direction": "None",
            "skill_usage": 0,
            "pre_delay": 0,
            "post_delay": 0,
            "timeout": 0,
            "doc": "",
            "doc_color": "Gray"
        },
        {
            "type": "Deploy",
            "kills": 0,
            "costs": 0,
            "cost_changes": 0,
            "cooling": -1,
            "name": "干扰地雷",
            "location": [
                1,
                2
            ],
            "direction": "None",
            "skill_usage": 0,
            "pre_delay": 0,
            "post_delay": 0,
            "timeout": 0,
            "doc": "",
            "doc_color": "Gray"
        },
        {
            "type": "Skill",
            "kills": 0,
            "costs": 0,
            "cost_changes": 0,
            "cooling": -1,
            "name": "卡缇",
            "location": [
                9,
                3
            ],
            "direction": "None",
            "skill_usage": 0,
            "pre_delay": 0,
            "post_delay": 0,
            "timeout": 0,
            "doc": "",
            "doc_color": "Gray"
        },
        {
            "type": "Deploy",
            "kills": 0,
            "costs": 0,
            "cost_changes": 0,
            "cooling": -1,
            "name": "干扰地雷",
            "location": [
                1,
                5
            ],
            "direction": "None",
            "skill_usage": 0,
            "pre_delay": 0,
            "post_delay": 0,
            "timeout": 0,
            "doc": "",
            "doc_color": "Gray"
        },
        {
            "type": "Deploy",
            "kills": 0,
            "costs": 0,
            "cost_changes": 0,
            "cooling": -1,
            "name": "干扰地雷",
            "location": [
                9,
                4
            ],
            "direction": "None",
            "skill_usage": 0,
            "pre_delay": 0,
            "post_delay": 0,
            "timeout": 0,
            "doc": "",
            "doc_color": "Gray"
        },
        {
            "type": "Deploy",
            "kills": 0,
            "costs": 0,
            "cost_changes": 0,
            "cooling": -1,
            "name": "干扰地雷",
            "location": [
                1,
                1
            ],
            "direction": "None",
            "skill_usage": 0,
            "pre_delay": 0,
            "post_delay": 0,
            "timeout": 0,
            "doc": "",
            "doc_color": "Gray"
        },
        {
            "type": "Deploy",
            "kills": 0,
            "costs": 0,
            "cost_changes": 0,
            "cooling": -1,
            "name": "干扰地雷",
            "location": [
                1,
                4
            ],
            "direction": "None",
            "skill_usage": 0,
            "pre_delay": 0,
            "post_delay": 0,
            "timeout": 0,
            "doc": "",
            "doc_color": "Gray"
        },
        {
            "type": "Skill",
            "kills": 0,
            "costs": 0,
            "cost_changes": 0,
            "cooling": -1,
            "name": "卡缇",
            "location": [
                9,
                3
            ],
            "direction": "None",
            "skill_usage": 0,
            "pre_delay": 0,
            "post_delay": 0,
            "timeout": 0,
            "doc": "",
            "doc_color": "Gray"
        },
        {
            "type": "Deploy",
            "kills": 0,
            "costs": 0,
            "cost_changes": 0,
            "cooling": -1,
            "name": "干扰地雷",
            "location": [
                2,
                3
            ],
            "direction": "None",
            "skill_usage": 0,
            "pre_delay": 0,
            "post_delay": 0,
            "timeout": 0,
            "doc": "",
            "doc_color": "Gray"
        },
        {
            "type": "Deploy",
            "kills": 0,
            "costs": 0,
            "cost_changes": 0,
            "cooling": -1,
            "name": "干扰地雷",
            "location": [
                9,
                4
            ],
            "direction": "None",
            "skill_usage": 0,
            "pre_delay": 0,
            "post_delay": 0,
            "timeout": 0,
            "doc": "",
            "doc_color": "Gray"
        },
        {
            "type": "Deploy",
            "kills": 0,
            "costs": 0,
            "cost_changes": 0,
            "cooling": -1,
            "name": "干扰地雷",
            "location": [
                2,
                4
            ],
            "direction": "None",
            "skill_usage": 0,
            "pre_delay": 0,
            "post_delay": 0,
            "timeout": 0,
            "doc": "",
            "doc_color": "Gray"
        },
        {
            "type": "Deploy",
            "kills": 0,
            "costs": 0,
            "cost_changes": 0,
            "cooling": -1,
            "name": "干扰地雷",
            "location": [
                8,
                5
            ],
            "direction": "None",
            "skill_usage": 0,
            "pre_delay": 0,
            "post_delay": 0,
            "timeout": 0,
            "doc": "",
            "doc_color": "Gray"
        },
        {
            "type": "Deploy",
            "kills": 0,
            "costs": 0,
            "cost_changes": 0,
            "cooling": -1,
            "name": "干扰地雷",
            "location": [
                5,
                4
            ],
            "direction": "None",
            "skill_usage": 0,
            "pre_delay": 0,
            "post_delay": 0,
            "timeout": 0,
            "doc": "",
            "doc_color": "Gray"
        },
        {
            "type": "Deploy",
            "kills": 0,
            "costs": 0,
            "cost_changes": 0,
            "cooling": -1,
            "name": "干扰地雷",
            "location": [
                9,
                2
            ],
            "direction": "None",
            "skill_usage": 0,
            "pre_delay": 3000,
            "post_delay": 0,
            "timeout": 0,
            "doc": "",
            "doc_color": "Gray"
        },
        {
            "type": "Deploy",
            "kills": 0,
            "costs": 0,
            "cost_changes": 0,
            "cooling": -1,
            "name": "干扰地雷",
            "location": [
                9,
                4
            ],
            "direction": "None",
            "skill_usage": 0,
            "pre_delay": 0,
            "post_delay": 0,
            "timeout": 0,
            "doc": "",
            "doc_color": "Gray"
        },
        {
            "type": "Deploy",
            "kills": 12,
            "costs": 0,
            "cost_changes": 0,
            "cooling": -1,
            "name": "干扰地雷",
            "location": [
                9,
                2
            ],
            "direction": "None",
            "skill_usage": 0,
            "pre_delay": 0,
            "post_delay": 0,
            "timeout": 0,
            "doc": "",
            "doc_color": "Gray"
        },
        {
            "type": "SkillDaemon",
            "kills": 0,
            "costs": 0,
            "cost_changes": 0,
            "cooling": -1,
            "name": null,
            "location": null,
            "direction": "None",
            "skill_usage": 0,
            "pre_delay": 0,
            "post_delay": 0,
            "timeout": 0,
            "doc": "",
            "doc_color": "Gray"
        }
    ],
    "doc": {
        "title": "模拟悖论-卡缇 (都放下来!)",
        "title_color": "Gray",
        "details": "——————————\n作业更新日期: 2023-02-07T14:49:16Z\n统计更新日期: 2025-07-23\n好评率：88.13%  浏览量：4651\n来源：yc.exe  ID：20276\n——————————\nyc.exe",
        "details_color": "Gray"
    },
    "first_upload_time": 1675777730585,
    "upload_time": 1675781356144,
    "content": null
}