{
    "minimum_required": "v4.0.0",
    "stage_name": "mem_sesa_1",
    "actions": [
        {
            "type": "Deploy",
            "name": "慑砂",
            "location": [
                1,
                3
            ],
            "direction": "Right"
        },
        {
            "type": "SpeedUp"
        },
        {
            "type": "Deploy",
            "name": "米格鲁",
            "location": [
                3,
                2
            ],
            "direction": "Right"
        },
        {
            "type": "Deploy",
            "name": "卡缇",
            "location": [
                3,
                4
            ],
            "direction": "Right"
        },
        {
            "type": "Skill",
            "name": "卡缇",
            "kills": 61
        },
        {
            "type": "Skill",
            "name": "米格鲁",
            "pre_delay": 2000
        },
        {
            "type": "Deploy",
            "name": "轰隆隆先生",
            "location": [
                4,
                3
            ],
            "direction": "None"
        },
        {
            "type": "SkillDaemon"
        }
    ],
    "doc": {
        "title": "狙击 - 慑砂 - 全面打击",
        "details": "作业更新日期: 2023-07-02T03:41:21Z\n统计更新日期: 2025-02-27\n好评率：85.0%  浏览量：324\n来源：一只摆烂的42  ID：24381\nhttps://www.bilibili.com/video/BV1iM411g7sZ/\n练度精二30级 7级技能\n制作者：一只摆烂的42\n有问题联系QQ2586582719"
    },
    "groups": [],
    "opers": [
        {
            "name": "慑砂",
            "skill": 2,
            "skill_usage": 1
        }
    ]
}