{
    "minimum_required": "v4.0.0",
    "doc": {
        "title": "【喧闹法则】CB-2双人",
        "details": "作业更新日期: 2024-07-24T10:16:46Z\n统计更新日期: 2024-07-24\n好评率：100.0%  浏览量：1\n来源：一只摆烂的42  ID：39603\n\nUP主：刻俄柏_\n原视频：https://www.bilibili.com/video/BV1134y1a77H\n制作者：一只摆烂的42\n有问题联系QQ2586582719\n修改自用请删除我的QQ"
    },
    "stage_name": "act5d0_02",
    "opers": [
        {
            "name": "风笛",
            "skill": 2,
            "skill_usage": 0
        },
        {
            "name": "山",
            "skill": 2,
            "skill_usage": 0
        }
    ],
    "actions": [
        {
            "type": "二倍速",
            "name": ""
        },
        {
            "type": "部署",
            "name": "山",
            "location": [
                4,
                1
            ],
            "direction": "右"
        },
        {
            "type": "Skill",
            "name": "山",
            "pre_delay": 4000
        },
        {
            "type": "部署",
            "name": "风笛",
            "location": [
                4,
                6
            ],
            "direction": "右"
        },
        {
            "type": "打印",
            "name": "",
            "doc": "有问题联系制作者QQ2586582719",
            "doc_color": "SpringGreen"
        }
    ],
    "groups": []
}