{
    "minimum_required": "v4.0.0",
    "stage_name": "act5d0_04",
    "actions": [
        {
            "type": "Deploy",
            "name": "令",
            "location": [
                7,
                6
            ],
            "direction": "Left"
        },
        {
            "type": "SpeedUp"
        },
        {
            "type": "BulletTime",
            "name": "令",
            "location": [
                7,
                6
            ],
            "costs": 16
        },
        {
            "type": "Deploy",
            "name": "“弦惊”",
            "location": [
                1,
                4
            ],
            "direction": "Right"
        },
        {
            "type": "BulletTime",
            "name": "令",
            "location": [
                7,
                6
            ],
            "pre_delay": 8000
        },
        {
            "type": "Deploy",
            "name": "“弦惊”",
            "location": [
                9,
                4
            ],
            "direction": "Right"
        },
        {
            "type": "Deploy",
            "name": "“弦惊”",
            "location": [
                6,
                7
            ],
            "direction": "Left"
        },
        {
            "type": "Deploy",
            "name": "“弦惊”",
            "location": [
                5,
                4
            ],
            "direction": "Up"
        },
        {
            "type": "Retreat",
            "name": "“弦惊”",
            "location": [
                9,
                4
            ],
            "kills": 15
        },
        {
            "type": "Deploy",
            "name": "“弦惊”",
            "location": [
                6,
                4
            ],
            "direction": "Left"
        },
        {
            "type": "SkillUsage",
            "name": "令",
            "skill_usage": 1
        },
        {
            "type": "SkillDaemon"
        }
    ],
    "doc": {
        "title": "喧闹法则·复刻 - CB-4 - 7:59P.M.",
        "details": "作业更新日期: 2024-01-28T07:57:05Z\n统计更新日期: 2024-07-24\n好评率：80.0%  浏览量：137\n来源：小卡拉帕鲁灰🐖  ID：32315\n\nCB-令"
    },
    "groups": [],
    "opers": [
        {
            "name": "令",
            "skill": 3,
            "skill_usage": 0
        }
    ]
}