{
    "minimum_required": "v4.0.0",
    "stage_name": "act5d0_07",
    "actions": [
        {
            "type": "Deploy",
            "name": "芬",
            "location": [
                3,
                3
            ],
            "direction": "Right"
        },
        {
            "type": "Deploy",
            "name": "提丰",
            "location": [
                2,
                4
            ],
            "direction": "Right"
        },
        {
            "type": "Deploy",
            "name": "安赛尔",
            "location": [
                3,
                4
            ],
            "direction": "Up"
        },
        {
            "type": "SpeedUp"
        },
        {
            "type": "Deploy",
            "name": "克洛丝",
            "location": [
                3,
                2
            ],
            "direction": "Right"
        },
        {
            "type": "Deploy",
            "name": "黑角",
            "location": [
                3,
                1
            ],
            "direction": "Right"
        },
        {
            "type": "SpeedUp",
            "kills": 9
        },
        {
            "type": "SpeedUp",
            "kills": 12
        },
        {
            "type": "Skill",
            "kills": 16,
            "location": [
                4,
                4
            ]
        },
        {
            "type": "SkillDaemon"
        }
    ],
    "doc": {
        "title": "喧闹法则·复刻 - CB-7 - 11:08P.M.",
        "details": "作业更新日期: 2024-01-28T08:36:24Z\n统计更新日期: 2024-07-24\n好评率：100.0%  浏览量：170\n来源：小卡拉帕鲁灰🐖  ID：32318\n\n提丰单核"
    },
    "groups": [],
    "opers": [
        {
            "name": "提丰",
            "skill": 2,
            "skill_usage": 1
        },
        {
            "name": "芬",
            "skill": 1,
            "skill_usage": 0
        },
        {
            "name": "黑角",
            "skill": 1,
            "skill_usage": 0
        },
        {
            "name": "克洛丝",
            "skill": 1,
            "skill_usage": 0
        },
        {
            "name": "安赛尔",
            "skill": 1,
            "skill_usage": 0
        }
    ]
}