{
    "minimum_required": "v4.0.0",
    "doc": {
        "title": "【喧闹法则】CB-7三人",
        "details": "作业更新日期: 2024-07-24T10:11:55Z\n统计更新日期: 2024-07-24\n好评率：89.74%  浏览量：555\n来源：一只摆烂的42  ID：20492\n\nUP主：刻俄柏_\n原视频：https://www.bilibili.com/video/av468658205/\n有问题联系制作者QQ2586582719"
    },
    "stage_name": "act5d0_07",
    "opers": [
        {
            "name": "山",
            "skill": 2,
            "skill_usage": 2
        },
        {
            "name": "塞雷娅",
            "skill": 1,
            "skill_usage": 0
        },
        {
            "name": "艾雅法拉",
            "skill": 2,
            "skill_usage": 0
        }
    ],
    "actions": [
        {
            "type": "二倍速",
            "name": ""
        },
        {
            "type": "部署",
            "name": "山",
            "location": [
                1,
                3
            ],
            "direction": "右"
        },
        {
            "type": "部署",
            "name": "艾雅法拉",
            "location": [
                7,
                4
            ],
            "direction": "右"
        },
        {
            "type": "部署",
            "name": "塞雷娅",
            "location": [
                8,
                3
            ],
            "direction": "右"
        },
        {
            "type": "打印",
            "name": "",
            "doc": "有问题联系制作者QQ2586582719",
            "doc_color": "SpringGreen"
        }
    ],
    "groups": []
}