{
    "minimum_required": "v4.0.0",
    "stage_name": "act5d0_08",
    "actions": [
        {
            "type": "Deploy",
            "name": "芬",
            "location": [
                4,
                3
            ],
            "direction": "Up"
        },
        {
            "type": "Deploy",
            "name": "令",
            "location": [
                5,
                2
            ],
            "direction": "Left"
        },
        {
            "type": "Deploy",
            "name": "“弦惊”",
            "location": [
                7,
                1
            ],
            "direction": "Left"
        },
        {
            "type": "SpeedUp"
        },
        {
            "type": "Deploy",
            "name": "“弦惊”",
            "location": [
                3,
                6
            ],
            "direction": "Left"
        },
        {
            "type": "SpeedUp"
        },
        {
            "type": "Deploy",
            "name": "“弦惊”",
            "location": [
                4,
                2
            ],
            "direction": "Up"
        },
        {
            "type": "SpeedUp"
        },
        {
            "type": "Retreat",
            "name": "芬",
            "location": [
                4,
                3
            ],
            "costs": 18
        },
        {
            "type": "Deploy",
            "name": "“弦惊”",
            "location": [
                4,
                3
            ],
            "direction": "Up"
        },
        {
            "type": "Deploy",
            "name": "“弦惊”",
            "location": [
                9,
                6
            ],
            "direction": "Left"
        },
        {
            "type": "Deploy",
            "name": "杜林",
            "location": [
                6,
                5
            ],
            "direction": "Right"
        },
        {
            "type": "Deploy",
            "name": "“弦惊”",
            "location": [
                7,
                6
            ],
            "direction": "Left"
        },
        {
            "type": "Deploy",
            "name": "“弦惊”",
            "location": [
                5,
                6
            ],
            "direction": "Left"
        },
        {
            "type": "SpeedUp"
        }
    ],
    "doc": {
        "title": "喧闹法则·复刻 - CB-8 - 11:41P.M.",
        "details": "作业更新日期: 2024-01-28T10:35:11Z\n统计更新日期: 2024-07-24\n好评率：100.0%  浏览量：163\n来源：小卡拉帕鲁灰🐖  ID：32320\n\nCB-令"
    },
    "groups": [],
    "opers": [
        {
            "name": "令",
            "skill": 3,
            "skill_usage": 1
        },
        {
            "name": "芬",
            "skill": 1,
            "skill_usage": 0
        },
        {
            "name": "杜林",
            "skill": 1,
            "skill_usage": 0
        }
    ]
}