{
    "minimum_required": "v4.0",
    "doc": {
        "title": "【喧闹法则】CB-EX2突袭四人",
        "details": "UP主：刻俄柏_\n原视频：https://www.bilibili.com/video/av726288240/\n有问题联系制作者QQ2586582719"
    },
    "stage_name": "act5d0_ex02",
    "opers": [
        {
            "name": "艾雅法拉",
            "skill": 2,
            "skill_usage": 0
        },
        {
            "name": "澄闪",
            "skill": 2,
            "skill_usage": 0
        },
        {
            "name": "安洁莉娜",
            "skill": 1,
            "skill_usage": 0
        },
        {
            "name": "安赛尔",
            "skill": 1,
            "skill_usage": 0
        }
    ],
    "actions": [
        {
            "type": "部署",
            "name": "障碍物",
            "location": [
                2,
                1
            ],
            "direction": "无"
        },
        {
            "type": "二倍速",
            "name": ""
        },
        {
            "type": "部署",
            "name": "障碍物",
            "location": [
                2,
                4
            ],
            "direction": "无"
        },
        {
            "type": "部署",
            "name": "障碍物",
            "location": [
                6,
                5
            ],
            "direction": "无"
        },
        {
            "type": "部署",
            "name": "障碍物",
            "location": [
                8,
                1
            ],
            "direction": "无"
        },
        {
            "type": "部署",
            "name": "澄闪",
            "location": [
                6,
                2
            ],
            "direction": "左"
        },
        {
            "type": "部署",
            "name": "艾雅法拉",
            "location": [
                6,
                3
            ],
            "direction": "左"
        },
        {
            "type": "部署",
            "name": "安赛尔",
            "location": [
                7,
                2
            ],
            "direction": "左"
        },
        {
            "type": "部署",
            "name": "安洁莉娜",
            "location": [
                5,
                2
            ],
            "direction": "下"
        },
        {
            "type": "打印",
            "name": "",
            "doc": "有问题联系制作者QQ2586582719",
            "doc_color": "SpringGreen"
        }
    ]
}