{
    "minimum_required": "v4.0.0",
    "doc": {
        "title": "【喧闹法则】CB-EX1突袭三人",
        "details": "作业更新日期: 2024-07-24T10:11:20Z\n统计更新日期: 2024-07-24\n好评率：94.48%  浏览量：770\n来源：一只摆烂的42  ID：20495\n\nUP主：刻俄柏_\n原视频：https://www.bilibili.com/video/av726288240/\n有问题联系制作者QQ2586582719"
    },
    "stage_name": "act5d0_ex01",
    "opers": [
        {
            "name": "山",
            "skill": 2,
            "skill_usage": 2
        },
        {
            "name": "拉普兰德",
            "skill": 2,
            "skill_usage": 0
        },
        {
            "name": "泥岩",
            "skill": 2,
            "skill_usage": 0
        }
    ],
    "actions": [
        {
            "type": "二倍速",
            "name": ""
        },
        {
            "type": "部署",
            "name": "拉普兰德",
            "location": [
                6,
                4
            ],
            "direction": "左"
        },
        {
            "type": "部署",
            "name": "山",
            "location": [
                6,
                3
            ],
            "direction": "左"
        },
        {
            "type": "部署",
            "name": "泥岩",
            "location": [
                5,
                4
            ],
            "direction": "左"
        },
        {
            "type": "打印",
            "name": "",
            "doc": "有问题联系制作者QQ2586582719",
            "doc_color": "SpringGreen"
        }
    ],
    "difficulty": 3,
    "groups": []
}