{
    "minimum_required": "v4.0.0",
    "doc": {
        "title": "【喧闹法则】CB-EX3突袭双人",
        "details": "作业更新日期: 2024-07-24T10:09:52Z\n统计更新日期: 2024-07-24\n好评率：100.0%  浏览量：1463\n来源：一只摆烂的42  ID：20498\n\nUP主：刻俄柏_\n原视频：https://www.bilibili.com/video/av726288240/\n有问题联系制作者QQ2586582719"
    },
    "stage_name": "act5d0_ex03",
    "opers": [
        {
            "name": "煌",
            "skill": 2,
            "skill_usage": 0
        },
        {
            "name": "山",
            "skill": 2,
            "skill_usage": 2
        }
    ],
    "actions": [
        {
            "type": "二倍速",
            "name": ""
        },
        {
            "type": "部署",
            "name": "山",
            "location": [
                8,
                3
            ],
            "direction": "右"
        },
        {
            "type": "部署",
            "name": "煌",
            "location": [
                6,
                1
            ],
            "direction": "右"
        },
        {
            "type": "打印",
            "name": "",
            "doc": "有问题联系制作者QQ2586582719",
            "doc_color": "SpringGreen"
        }
    ],
    "difficulty": 3,
    "groups": []
}