{
  "minimum_required": "v4.0.0",
  "stage_name": "act5d0_ex02",
  "actions": [
    {
      "type": "Deploy",
      "name": "障碍物",
      "location": [
        2,
        1
      ],
      "direction": "None"
    },
    {
      "type": "Deploy",
      "name": "令",
      "location": [
        6,
        2
      ],
      "direction": "Left"
    },
    {
      "type": "Deploy",
      "name": "“弦惊”",
      "location": [
        2,
        6
      ],
      "direction": "Left"
    },
    {
      "type": "SpeedUp"
    },
    {
      "type": "Deploy",
      "name": "“弦惊”",
      "location": [
        8,
        6
      ],
      "direction": "Left"
    },
    {
      "type": "Deploy",
      "name": "梓兰",
      "location": [
        7,
        5
      ],
      "direction": "Right"
    },
    {
      "type": "Deploy",
      "name": "“弦惊”",
      "location": [
        7,
        6
      ],
      "direction": "Right"
    },
    {
      "type": "Deploy",
      "name": "“弦惊”",
      "location": [
        7,
        6
      ],
      "direction": "Left"
    },
    {
      "type": "Deploy",
      "name": "“弦惊”",
      "location": [
        6,
        6
      ],
      "direction": "Right"
    },
    {
      "type": "Deploy",
      "name": "“弦惊”",
      "location": [
        6,
        5
      ],
      "direction": "Down"
    },
    {
      "type": "Deploy",
      "name": "“弦惊”",
      "location": [
        6,
        6
      ],
      "direction": "Left"
    },
    {
      "type": "Deploy",
      "name": "障碍物",
      "location": [
        8,
        1
      ],
      "direction": "None",
      "kills": 41
    },
    {
      "type": "Deploy",
      "name": "“弦惊”",
      "location": [
        4,
        3
      ],
      "direction": "Right"
    },
    {
      "type": "Deploy",
      "name": "“弦惊”",
      "location": [
        4,
        2
      ],
      "direction": "Down"
    },
    {
      "type": "SkillDaemon"
    }
  ],
  "doc": {
    "title": "喧闹法则·复刻 - CB-EX2 - 南辕北辙",
    "details": "CB-令"
  },
  "groups": [],
  "opers": [
    {
      "name": "令",
      "skill": 3,
      "skill_usage": 1
    },
    {
      "name": "梓兰",
      "skill": 1,
      "skill_usage": 1
    }
  ],
  "difficulty": 3
}