{
    "minimum_required": "v4.0.0",
    "stage_name": "act19mini_s01",
    "actions": [
        {
            "type": "Deploy",
            "name": "司霆惊蛰",
            "direction": "Right",
            "location": [
                4,
                3
            ]
        },
        {
            "type": "Deploy",
            "name": "吽",
            "direction": "Left",
            "location": [
                5,
                3
            ]
        },
        {
            "type": "BulletTime",
            "name": "司霆惊蛰",
            "costs": 15
        },
        {
            "type": "Skill",
            "name": "司霆惊蛰",
            "costs": 16
        },
        {
            "type": "Deploy",
            "name": "录武官",
            "direction": "Left",
            "location": [
                7,
                3
            ]
        },
        {
            "type": "Deploy",
            "direction": "Left",
            "name": "炎狱炎熔",
            "location": [
                7,
                2
            ]
        },
        {
            "type": "Deploy",
            "name": "赫默",
            "direction": "Left",
            "location": [
                7,
                4
            ]
        },
        {
            "type": "SpeedUp"
        },
        {
            "type": "SkillUsage",
            "skill_times": 1,
            "skill_usage": 2,
            "name": "司霆惊蛰"
        },
        {
            "type": "BulletTime",
            "costs": 83,
            "name": "炎狱炎熔"
        },
        {
            "type": "Skill",
            "name": "炎狱炎熔",
            "costs": 84
        },
        {
            "type": "Deploy",
            "name": "德克萨斯",
            "location": [
                8,
                1
            ],
            "direction": "Down"
        },
        {
            "type": "BulletTime",
            "costs": 89,
            "name": "吽"
        },
        {
            "type": "Skill",
            "costs": 90,
            "name": "吽"
        },
        {
            "type": "Skill",
            "name": "司霆惊蛰"
        },
        {
            "type": "SkillDaemon"
        }
    ],
    "doc": {
        "title": "FM-S-1 有求则苦",
        "details": "——————————\n作业更新日期: 2025-07-08T10:50:09Z\n统计更新日期: 2025-07-11\n好评率：99.72%  浏览量：24699\n来源：萨拉托加  ID：62628\n——————————\njson作者：萨拉托加\n作业交流群群号545928846，可蹲作业，有问题进群找我，作业站消息没提醒看不到"
    },
    "groups": [],
    "opers": [
        {
            "name": "司霆惊蛰",
            "skill": 2,
            "skill_usage": 0
        },
        {
            "name": "吽",
            "skill": 2,
            "skill_usage": 0
        },
        {
            "name": "录武官",
            "skill": 2,
            "skill_usage": 0
        },
        {
            "name": "炎狱炎熔",
            "skill": 2,
            "skill_usage": 0
        },
        {
            "name": "赫默",
            "skill": 2,
            "skill_usage": 0
        },
        {
            "name": "德克萨斯",
            "skill": 2,
            "skill_usage": 0
        }
    ],
    "difficulty": 0
}