{
    "minimum_required": "v4.0.0",
    "stage_name": "act19mini_03",
    "actions": [
        {
            "type": "SpeedUp"
        },
        {
            "type": "Deploy",
            "name": "乌尔比安",
            "direction": "Right",
            "location": [
                2,
                2
            ]
        },
        {
            "type": "Output",
            "doc_color": "SpringGreen",
            "doc": "Ciallo～(∠・ω< )⌒★"
        },
        {
            "type": "SkillDaemon"
        }
    ],
    "doc": {
        "title": "FM-3 求遐则失",
        "details": "——————————\n作业更新日期: 2025-07-08T09:10:25Z\n统计更新日期: 2025-07-11\n好评率：99.38%  浏览量：1466\n来源：萨扌立托加  ID：62636\n——————————\njson作者：萨扌立托加\n作业交流群群号545928846，可蹲作业，有问题进群找萨扌立托加，作业站消息一般看不到\n❤️"
    },
    "groups": [],
    "opers": [
        {
            "name": "乌尔比安",
            "skill": 2,
            "skill_usage": 0
        }
    ],
    "difficulty": 3
}