{
    "stage_name": "act19mini_08",
    "minimum_required": "v4.0.0",
    "doc": {
        "title": "FM-8 - 求进则愎",
        "details": "——————————\n作业更新日期: 2025-07-08T15:27:49Z\n统计更新日期: 2025-07-11\n好评率：99.26%  浏览量：5837\n来源：星之海.  ID：62619\n——————————\n请确保所用干员练度达到本作业所需练度，否则将会有干员暴毙及漏怪风险！！！\n此作业全员专三且模组一级，星熊带y\n原作者：自在道爷    JSON作者：星之海.\n社区评论不会提醒，作业有问题可以进群找我：994516079\n原视频：【【镜中集】FM-1至FM-8挂机流，突袭也不愁！语音快乐详解，轻松解放双手 | 明日方舟攻略(分p更新中)】https://www.bilibili.com/video/BV1QPGnzWEjy?vd_source=69f0b796ff8cde9e6cb9e9f9a99f8eec"
    },
    "opers": [
        {
            "name": "桃金娘",
            "skill": 1,
            "skill_usage": 1,
            "requirements": {
                "elite": 2,
                "skill_level": 10,
                "module": 1
            }
        },
        {
            "name": "号角",
            "skill": 1,
            "requirements": {
                "skill_level": 10,
                "module": 2
            }
        },
        {
            "name": "星熊",
            "skill": 2,
            "requirements": {
                "skill_level": 10,
                "module": 2
            }
        },
        {
            "name": "艾雅法拉",
            "skill": 2,
            "requirements": {
                "skill_level": 10,
                "module": 1
            }
        },
        {
            "name": "煌",
            "skill": 2,
            "requirements": {
                "skill_level": 10,
                "module": 1
            }
        },
        {
            "name": "澄闪",
            "skill": 2,
            "requirements": {
                "skill_level": 10,
                "module": 1
            }
        }
    ],
    "groups": [
        {
            "name": "单奶",
            "opers": [
                {
                    "name": "纯烬艾雅法拉",
                    "skill": 1,
                    "requirements": {
                        "skill_level": 10,
                        "module": 1
                    }
                },
                {
                    "name": "闪灵",
                    "skill": 2,
                    "requirements": {
                        "skill_level": 10,
                        "module": 2
                    }
                }
            ]
        },
        {
            "name": "地刺",
            "opers": [
                {
                    "name": "阿斯卡纶",
                    "skill": 1,
                    "requirements": {
                        "skill_level": 10,
                        "module": 1
                    }
                },
                {
                    "name": "狮蝎",
                    "skill": 1,
                    "requirements": {
                        "skill_level": 10,
                        "module": 1
                    }
                }
            ]
        }
    ],
    "actions": [
        {
            "name": "桃金娘",
            "location": [
                10,
                6
            ],
            "direction": "Right",
            "type": "Deploy"
        },
        {
            "type": "SpeedUp"
        },
        {
            "name": "澄闪",
            "location": [
                4,
                2
            ],
            "direction": "Right",
            "type": "Deploy"
        },
        {
            "name": "艾雅法拉",
            "location": [
                2,
                3
            ],
            "direction": "Right",
            "type": "Deploy"
        },
        {
            "name": "煌",
            "location": [
                5,
                1
            ],
            "direction": "Down",
            "type": "Deploy"
        },
        {
            "name": "地刺",
            "location": [
                4,
                3
            ],
            "direction": "Up",
            "type": "Deploy"
        },
        {
            "name": "单奶",
            "location": [
                2,
                2
            ],
            "direction": "Right",
            "type": "Deploy"
        },
        {
            "name": "星熊",
            "location": [
                3,
                1
            ],
            "direction": "Right",
            "type": "Deploy"
        },
        {
            "name": "号角",
            "location": [
                2,
                1
            ],
            "direction": "Right",
            "type": "Deploy"
        },
        {
            "type": "SkillDaemon"
        }
    ],
    "version": 3,
    "difficulty": 3
}