{
    "minimum_required": "v4.0.0",
    "stage_name": "mem_utage_1",
    "actions": [
        {
            "type": "SpeedUp"
        },
        {
            "type": "Deploy",
            "name": "宴",
            "location": [
                3,
                3
            ],
            "direction": "Up",
            "costs": 22
        },
        {
            "type": "Retreat",
            "location": [
                3,
                3
            ],
            "kills": 9
        },
        {
            "type": "Skill",
            "name": "可颂",
            "location": [
                2,
                4
            ],
            "kills": 20
        },
        {
            "type": "Skill",
            "name": "可颂",
            "location": [
                2,
                4
            ],
            "kills": 30
        },
        {
            "type": "Deploy",
            "name": "宴",
            "location": [
                1,
                3
            ],
            "direction": "Up",
            "kills": 39
        }
    ],
    "doc": {
        "title": "近卫 - 宴 - 捍卫潮流",
        "details": "——————————\n作业更新日期: 2023-07-28T03:08:34Z\n统计更新日期: 2025-10-01\n相对评分：92.47%  相对热度：79.31%\n来源：兔角とかく  ID：24913\n——————————\n已测试\n精2  1级   7级技能 可过\n此作业使用时请将干员宴的皮肤换回默认皮肤"
    },
    "groups": [],
    "opers": [
        {
            "name": "宴",
            "skill": 2,
            "skill_usage": 0
        }
    ]
}