{
    "minimum_required": "v4.0.0",
    "stage_name": "mem_blkngt_1",
    "actions": [
        {
            "type": "SpeedUp"
        },
        {
            "type": "Deploy",
            "name": "夜半",
            "location": [
                5,
                4
            ],
            "direction": "Left"
        },
        {
            "type": "SkillUsage",
            "name": "夜半",
            "skill_usage": 0,
            "kills": 1
        },
        {
            "type": "Deploy",
            "name": "眠兽",
            "location": [
                2,
                4
            ],
            "direction": "None"
        },
        {
            "type": "Skill",
            "name": "夜半",
            "location": [
                5,
                4
            ],
            "pre_delay": 7500
        },
        {
            "type": "Deploy",
            "name": "埃拉托",
            "location": [
                4,
                4
            ],
            "direction": "Left"
        },
        {
            "type": "Skill",
            "name": "夜半",
            "location": [
                5,
                4
            ],
            "pre_delay": 17000
        },
        {
            "type": "Skill",
            "name": "夜半",
            "location": [
                5,
                4
            ],
            "pre_delay": 2000
        },
        {
            "type": "Skill",
            "name": "夜半",
            "location": [
                5,
                4
            ],
            "pre_delay": 14500
        },
        {
            "type": "SkillUsage",
            "name": "埃拉托",
            "skill_usage": 1
        },
        {
            "type": "SkillUsage",
            "name": "夜半",
            "skill_usage": 1,
            "pre_delay": 2500
        },
        {
            "type": "SkillDaemon"
        }
    ],
    "doc": {
        "title": "悖论模拟 - 先锋 - 夜半",
        "details": "作业更新日期: 2024-09-28T12:15:43Z\n统计更新日期: 2024-11-02\n好评率：60.0%  浏览量：142\n来源：PPZS  ID：41753\n测试 精二80级0专2潜175信赖技能7级无模\nMaaTouch触控模式 已过\n突然发现初始潜能是1......\n一直默认是0 老萌新一枚hh"
    },
    "groups": [],
    "opers": [
        {
            "name": "夜半",
            "skill": 2,
            "skill_usage": 1
        },
        {
            "name": "埃拉托",
            "skill": 1,
            "skill_usage": 0
        }
    ]
}