{
    "minimum_required": "v4.0.0",
    "stage_name": "mem_bpipe_1",
    "actions": [
        {
            "type": "Deploy",
            "name": "风笛",
            "location": [
                2,
                3
            ],
            "direction": "Right"
        },
        {
            "type": "SpeedUp"
        },
        {
            "type": "Deploy",
            "name": "黑角",
            "location": [
                1,
                3
            ],
            "direction": "Right"
        },
        {
            "type": "Skill",
            "name": "风笛",
            "location": [
                2,
                3
            ],
            "kills": 8
        },
        {
            "type": "Deploy",
            "name": "芙蓉",
            "location": [
                1,
                4
            ],
            "direction": "Right"
        },
        {
            "type": "Skill",
            "location": [
                3,
                5
            ],
            "kills": 20,
            "name": "风笛"
        },
        {
            "type": "Skill",
            "name": "风笛",
            "location": [
                2,
                3
            ]
        },
        {
            "type": "Skill",
            "name": "风笛",
            "location": [
                2,
                3
            ],
            "kills": 27
        },
        {
            "type": "Skill",
            "location": [
                3,
                5
            ],
            "kills": 30
        }
    ],
    "doc": {
        "title": "悖论模拟 - 风笛 - 维多利亚之矛",
        "details": "作业更新日期: 2023-12-08T14:35:44Z\n统计更新日期: 2024-11-03\n好评率：65.0%  浏览量：2316\n来源：AimerLen.S  ID：30808\n风笛 三技能\nUP主：倾九_Komy\n原视频链接：https://www.bilibili.com/video/BV1g341127wP"
    },
    "groups": [],
    "opers": []
}