{
    "minimum_required": "v4.0.0",
    "stage_name": "mem_breeze_1",
    "actions": [
        {
            "type": "SpeedUp"
        },
        {
            "type": "Deploy",
            "name": "微风",
            "location": [
                2,
                3
            ],
            "direction": "Right"
        },
        {
            "type": "Deploy",
            "name": "断罪者",
            "location": [
                4,
                3
            ],
            "direction": "Down"
        },
        {
            "type": "Skill",
            "name": "微风",
            "location": [
                2,
                3
            ],
            "costs": 90
        },
        {
            "type": "Skill",
            "name": "真理",
            "location": [
                3,
                4
            ],
            "kills": 8
        },
        {
            "type": "Skill",
            "name": "梓兰",
            "kills": 10
        }
    ],
    "doc": {
        "title": "医疗 - 微风 - 炮与弩的包围网",
        "details": "作业更新日期: 2024-06-22T11:31:22Z\n统计更新日期: 2024-11-02\n好评率：80.0%  浏览量：61\n来源：shadow1ess  ID：38786\n第一次发作业，尝试一下，60级7级技能，应该很好过"
    },
    "groups": [],
    "opers": [
        {
            "name": "微风",
            "skill": 2,
            "skill_usage": 0
        }
    ]
}