{
    "minimum_required": "v4.0.0",
    "actions": [
        {
            "type": "SpeedUp"
        },
        {
            "type": "Deploy",
            "name": "煌",
            "location": [
                7,
                6
            ],
            "direction": "Up"
        },
        {
            "type": "Deploy",
            "name": "狮蝎",
            "location": [
                7,
                4
            ],
            "direction": "Down"
        },
        {
            "type": "Output",
            "doc_color": "#6f42c1",
            "doc": "给个好评吧，亲~"
        }
    ],
    "doc": {
        "title": "狮蝎模组摆完挂机-训练用尾部防护套装",
        "details": "作业更新日期: 2023-02-18T00:53:51Z\n统计更新日期: 2024-11-30\n好评率：94.74%  浏览量：498\n来源：作业代传——有问题联系原作者  ID：20953\n侬无言以对模组任务摆完挂机合集:BV1wU4y177Qu\n3星通关主题曲1-9；必须编入非助战狮蝎并上场，其他成员仅可编入1名干员\n筱竹聽雨"
    },
    "groups": [],
    "opers": [
        {
            "name": "煌",
            "skill": 2,
            "skill_usage": 0
        },
        {
            "name": "狮蝎",
            "skill": 1,
            "skill_usage": 0
        }
    ],
    "stage_name": "main_01-09"
}