{
    "minimum_required": "v4.0.0",
    "stage_name": "wk_melee_2",
    "actions": [
        {
            "type": "Deploy",
            "name": "克洛丝",
            "location": [
                1,
                1
            ],
            "direction": "Right"
        },
        {
            "type": "Deploy",
            "name": "巡林者",
            "location": [
                1,
                2
            ],
            "direction": "Right"
        },
        {
            "type": "Deploy",
            "name": "伊桑",
            "location": [
                3,
                1
            ],
            "direction": "Right"
        }
    ],
    "doc": {
        "title": "货物运送 - CE-2 - 工业设备押运",
        "details": "作业更新日期: 2024-05-09T02:38:48Z\n统计更新日期: 2024-07-14\n好评率：100.0%  浏览量：39\n来源：小萌新逆心  ID：37366\n货物运送 - CE-2 - 工业设备押运"
    },
    "groups": [],
    "opers": [
        {
            "name": "克洛丝",
            "skill": 1,
            "skill_usage": 0
        },
        {
            "name": "巡林者",
            "skill": 1,
            "skill_usage": 0
        },
        {
            "name": "伊桑",
            "skill": 1,
            "skill_usage": 0
        }
    ]
}