{
    "minimum_required": "v4.0.0",
    "stage_name": "wk_kc_4",
    "actions": [
        {
            "type": "Deploy",
            "name": "斑点",
            "location": [
                7,
                4
            ],
            "direction": "Left",
            "costs": 0
        },
        {
            "type": "Deploy",
            "name": "克洛丝",
            "location": [
                5,
                1
            ],
            "direction": "Down"
        },
        {
            "type": "SpeedUp"
        },
        {
            "type": "Deploy",
            "name": "假日威龙陈",
            "location": [
                7,
                3
            ],
            "direction": "Left"
        },
        {
            "type": "Skill",
            "name": "假日威龙陈",
            "kills": 46,
            "costs": 0
        }
    ],
    "doc": {
        "title": "战术演习 - LS-4 - 特种战演习（水陈单核）",
        "details": "作业更新日期: 2023-10-17T17:18:55Z\n统计更新日期: 2024-07-14\n好评率：100.0%  浏览量：199\n来源：3089884336@qq.com  ID：29137\n战术演习 - LS-4 - 特种战演习（水陈单核）"
    },
    "groups": [],
    "opers": [
        {
            "name": "假日威龙陈",
            "skill": 3,
            "skill_usage": 0
        },
        {
            "name": "斑点",
            "skill": 1,
            "skill_usage": 0
        },
        {
            "name": "克洛丝",
            "skill": 1,
            "skill_usage": 0
        }
    ]
}