{
    "minimum_required": "v4.0.0",
    "stage_name": "mem_zebra_1",
    "actions": [
        {
            "type": "Deploy",
            "name": "红",
            "location": [
                4,
                5
            ],
            "direction": "Up"
        },
        {
            "type": "Deploy",
            "name": "暴雨",
            "location": [
                9,
                4
            ],
            "direction": "Left"
        },
        {
            "type": "Retreat",
            "name": "红",
            "costs": 18
        },
        {
            "type": "Deploy",
            "name": "酸糖",
            "location": [
                9,
                5
            ],
            "direction": "Left"
        },
        {
            "type": "Skill",
            "name": "暴雨",
            "costs": 25
        },
        {
            "type": "Deploy",
            "name": "红",
            "location": [
                4,
                5
            ],
            "costs": 40,
            "direction": "Up"
        },
        {
            "type": "Retreat",
            "name": "红",
            "costs": 35
        },
        {
            "type": "Deploy",
            "name": "红",
            "location": [
                5,
                5
            ],
            "direction": "Left"
        },
        {
            "type": "Retreat",
            "name": "红",
            "costs": 52
        },
        {
            "type": "Skill",
            "name": "暴雨",
            "costs": 89
        },
        {
            "type": "Skill",
            "name": "酸糖"
        },
        {
            "type": "Skill",
            "name": "暴雨",
            "kills": 13
        },
        {
            "type": "Skill",
            "name": "酸糖"
        },
        {
            "type": "Skill",
            "name": "暴雨",
            "kills": 16,
            "pre_delay": 1000
        },
        {
            "type": "Skill",
            "name": "酸糖"
        }
    ],
    "doc": {
        "title": "重装 - 暴雨 - 犹豫不决",
        "details": "作业更新日期: 2023-07-02T03:26:57Z\n统计更新日期: 2025-02-22\n好评率：88.1%  浏览量：743\n来源：一只摆烂的42  ID：24378\nhttps://www.bilibili.com/video/BV1p24y1U7DW/\n练度精二20级 7级技能\n制作者：一只摆烂的42\n有问题联系QQ2586582719"
    },
    "groups": [],
    "opers": [
        {
            "name": "暴雨",
            "skill": 2,
            "skill_usage": 0
        }
    ]
}