{
    "minimum_required": "v4.0.0",
    "stage_name": "mem_shu_1",
    "actions": [
        {
            "type": "SpeedUp"
        },
        {
            "type": "Deploy",
            "name": "黍",
            "location": [
                4,
                3
            ],
            "direction": "Right"
        },
        {
            "type": "Skill",
            "name": "黍",
            "kills": 11
        },
        {
            "type": "SkillUsage",
            "name": "黍",
            "skill_usage": 1
        },
        {
            "type": "SkillDaemon"
        }
    ],
    "doc": {
        "title": "重装 - 黍 - 归去来兮",
        "details": "作业更新日期: 2025-01-23T14:07:18Z\n统计更新日期: 2025-01-25\n好评率：100.0%  浏览量：24\n来源：fantuan  ID：45789\n作者练度2903，因为没有其他练度群u配合，只能拿专三的黍来测试（悲），目测专一也可以（大概），过不了不要骂我~~~"
    },
    "groups": [],
    "opers": [
        {
            "name": "黍",
            "skill": 3,
            "skill_usage": 0
        }
    ]
}