{
    "minimum_required": "v4.0.0",
    "stage_name": "camp_r_24",
    "actions": [
        {
            "type": "Deploy",
            "name": "逻各斯",
            "location": [
                11,
                2
            ],
            "direction": "Left"
        },
        {
            "type": "Deploy",
            "name": "执旗手",
            "location": [
                11,
                1
            ],
            "direction": "Left"
        },
        {
            "type": "SpeedUp"
        },
        {
            "type": "Deploy",
            "name": "维什戴尔",
            "location": [
                10,
                3
            ],
            "direction": "Left"
        },
        {
            "type": "Deploy",
            "name": "棘刺",
            "location": [
                8,
                5
            ],
            "direction": "Right"
        },
        {
            "type": "Deploy",
            "name": "点火石",
            "location": [
                7,
                5
            ],
            "direction": "Right",
            "pre_delay": 10000
        },
        {
            "type": "Deploy",
            "name": "泥岩",
            "location": [
                6,
                6
            ],
            "direction": "Left"
        },
        {
            "type": "Deploy",
            "name": "守护者",
            "location": [
                9,
                1
            ],
            "direction": "Down"
        },
        {
            "type": "Output",
            "kills": 40,
            "doc_color": "#d63384",
            "doc": "如果觉得实用，请赏个好评吧~"
        }
    ],
    "doc": {
        "title": "剿灭作战 - 冰封雪谷",
        "details": "作业更新日期: 2024-09-02T14:18:13Z\n统计更新日期: 2024-11-30\n好评率：93.51%  浏览量：2161\n来源：Issuing2890  ID：41023\n半禺心，http://b23.tv/BV1c1HqeWERi"
    },
    "groups": [
        {
            "name": "执旗手",
            "opers": [
                {
                    "name": "桃金娘",
                    "skill": 1,
                    "skill_usage": 1
                },
                {
                    "name": "极境",
                    "skill": 1,
                    "skill_usage": 1
                },
                {
                    "name": "琴柳",
                    "skill": 1,
                    "skill_usage": 1
                }
            ]
        },
        {
            "name": "守护者",
            "opers": [
                {
                    "name": "塞雷娅",
                    "skill": 2,
                    "skill_usage": 0
                },
                {
                    "name": "黍",
                    "skill": 1,
                    "skill_usage": 0
                }
            ]
        }
    ],
    "opers": [
        {
            "name": "维什戴尔",
            "skill": 1,
            "skill_usage": 0
        },
        {
            "name": "逻各斯",
            "skill": 1,
            "skill_usage": 0
        },
        {
            "name": "棘刺",
            "skill": 3,
            "skill_usage": 1
        },
        {
            "name": "泥岩",
            "skill": 2,
            "skill_usage": 0
        }
    ]
}