{
  "minimum_required": "v4.0.0",
  "stage_name": "act27side_s03",
  "actions": [
    {
      "type": "Deploy",
      "name": "桃金娘",
      "location": [
        3,
        5
      ],
      "direction": "Right"
    },
    {
      "type": "SpeedUp"
    },
    {
      "type": "Deploy",
      "name": "玛恩纳",
      "location": [
        7,
        4
      ],
      "direction": "Left"
    },
    {
      "type": "Deploy",
      "name": "棘刺",
      "location": [
        5,
        5
      ],
      "direction": "Up"
    },
    {
      "type": "Deploy",
      "name": "能天使",
      "location": [
        6,
        5
      ],
      "direction": "Up",
      "costs": 14
    },
    {
      "type": "Deploy",
      "name": "元素奶",
      "location": [
        4,
        5
      ],
      "direction": "Right"
    },
    {
      "type": "Deploy",
      "name": "水汽汽水瓶",
      "location": [
        6,
        2
      ],
      "direction": "None",
      "costs": 20
    },
    {
      "type": "Skill",
      "name": "玛恩纳",
      "location": [
        7,
        4
      ]
    },
    {
      "type": "Deploy",
      "name": "铃兰",
      "location": [
        4,
        4
      ],
      "direction": "Right"
    },
    {
      "type": "Deploy",
      "name": "艾雅法拉",
      "location": [
        6,
        4
      ],
      "direction": "Left",
      "costs": 30
    },
    {
      "type": "Deploy",
      "name": "水汽汽水瓶",
      "location": [
        5,
        4
      ],
      "direction": "None"
    },
    {
      "type": "Retreat",
      "name": "桃金娘",
      "location": [
        3,
        5
      ],
      "costs": 30
    },
    {
      "type": "Deploy",
      "name": "练度模拟",
      "location": [
        3,
        5
      ],
      "direction": "Right"
    },
    {
      "type": "Deploy",
      "name": "泥岩",
      "location": [
        3,
        3
      ],
      "direction": "Left"
    },
    {
      "type": "Skill",
      "name": "玛恩纳",
      "location": [
        7,
        4
      ],
      "kills": 27
    },
    {
      "type": "Deploy",
      "name": "水汽汽水瓶",
      "location": [
        5,
        3
      ],
      "cost_changes": 6,
      "direction": "None"
    },
    {
      "type": "Output",
      "kills": 35,
      "doc_color": "Gray",
      "doc": "进入一段子弹时间"
    },
    {
      "type": "Skill",
      "pre_delay": 8000,
      "name": "玛恩纳",
      "location": [
        7,
        4
      ]
    },
    {
      "type": "Deploy",
      "name": "水汽汽水瓶",
      "location": [
        5,
        4
      ],
      "direction": "None"
    },
    {
      "type": "Deploy",
      "name": "水汽汽水瓶",
      "location": [
        5,
        4
      ],
      "direction": "None"
    },
    {
      "type": "SkillUsage",
      "name": "玛恩纳",
      "skill_usage": 1
    },
    {
      "type": "Deploy",
      "name": "水汽汽水瓶",
      "location": [
        5,
        3
      ],
      "direction": "None"
    },
    {
      "type": "Deploy",
      "name": "水汽汽水瓶",
      "location": [
        5,
        3
      ],
      "direction": "None"
    },
    {
      "type": "Deploy",
      "name": "水汽汽水瓶",
      "location": [
        5,
        4
      ],
      "direction": "None"
    },
    {
      "type": "Deploy",
      "name": "水汽汽水瓶",
      "location": [
        5,
        4
      ],
      "direction": "None"
    },
    {
      "type": "Deploy",
      "name": "水汽汽水瓶",
      "location": [
        5,
        4
      ],
      "direction": "None"
    },
    {
      "type": "Deploy",
      "name": "水汽汽水瓶",
      "location": [
        5,
        4
      ],
      "direction": "None"
    },
    {
      "type": "Deploy",
      "name": "水汽汽水瓶",
      "location": [
        5,
        4
      ],
      "direction": "None"
    },
    {
      "type": "Deploy",
      "name": "水汽汽水瓶",
      "location": [
        5,
        4
      ],
      "direction": "None"
    }
  ],
  "doc": {
    "title": " SL-S-3 普通+突袭",
    "details": "原作者：星空嗷\n脚本编辑：锂/fs\n建议手动编队选择浊蒂，没有浊蒂手动编入【近卫阿米娅】\n补充大量汽水瓶增加稳定性"
  },
  "groups": [
    {
      "name": "元素奶",
      "opers": [
        {
          "name": "纯烬艾雅法拉",
          "skill": 1,
          "skill_usage": 0
        },
        {
          "name": "蜜莓",
          "skill": 1,
          "skill_usage": 0
        }
      ]
    },
    {
      "name": "练度模拟",
      "opers": [
        {
          "name": "浊心斯卡蒂",
          "skill": 2,
          "skill_usage": 0
        },
        {
          "name": "阿米娅",
          "skill": 1,
          "skill_usage": 1
        }
      ]
    },
    {
      "name": "泥岩的挂件",
      "opers": [
        {
          "name": "年",
          "skill": 1,
          "skill_usage": 0
        },
        {
          "name": "星熊",
          "skill": 1,
          "skill_usage": 0
        },
        {
          "name": "黑角",
          "skill": 1,
          "skill_usage": 0
        }
      ]
    }
  ],
  "opers": [
    {
      "name": "桃金娘",
      "skill": 1,
      "skill_usage": 1
    },
    {
      "name": "棘刺",
      "skill": 3,
      "skill_usage": 1
    },
    {
      "name": "玛恩纳",
      "skill": 3,
      "skill_usage": 0
    },
    {
      "name": "铃兰",
      "skill": 2,
      "skill_usage": 0
    },
    {
      "name": "艾雅法拉",
      "skill": 2,
      "skill_usage": 0
    },
    {
      "name": "泥岩",
      "skill": 2,
      "skill_usage": 0
    },
    {
      "name": "能天使",
      "skill": 3,
      "skill_usage": 0
    }
  ]
}