{
  "minimum_required": "v4.0.0",
  "stage_name": "SL-S-1",
  "actions": [
    {
      "type": "SpeedUp"
    },
    {
      "type": "Deploy",
      "name": "能天使",
      "location": [
        5,
        5
      ],
      "direction": "Up"
    },
    {
      "type": "Deploy",
      "name": "塞雷娅",
      "location": [
        7,
        2
      ],
      "direction": "Left"
    },
    {
      "type": "Deploy",
      "name": "夜莺",
      "location": [
        7,
        5
      ],
      "direction": "Up"
    },
    {
      "type": "Deploy",
      "name": "山",
      "location": [
        8,
        6
      ],
      "direction": "Left"
    },
    {
      "type": "Deploy",
      "name": "星熊",
      "location": [
        6,
        3
      ],
      "direction": "Up"
    },
    {
      "type": "Deploy",
      "name": "艾雅法拉",
      "location": [
        8,
        4
      ],
      "direction": "Left"
    },
    {
      "type": "Deploy",
      "name": "水月",
      "location": [
        2,
        5
      ],
      "direction": "Up"
    },
    {
      "type": "Deploy",
      "name": "幻影",
      "location": [
        3,
        5
      ],
      "direction": "None",
      "kills": 21
    },
    {
      "type": "Deploy",
      "name": "幻影",
      "location": [
        3,
        5
      ],
      "direction": "None"
    }
  ],
  "doc": {
    "title": "SL-S-1 普通+突袭 摆完挂机（平均练度精二60带模组！！！）",
    "details": "侬无言以对 （水月能天使后期死了正常，练度不够/没模组的，带医疗或替补盾）https://www.bilibili.com/video/BV1d44y1c7Xp/?spm_id_from=333.999.list.card_archive.click&vd_source=3afb1088d355432f259ab695e193ba44"
  },
  "groups": [],
  "opers": [
    {
      "name": "水月",
      "skill": 1,
      "skill_usage": 0
    },
    {
      "name": "星熊",
      "skill": 2,
      "skill_usage": 0
    },
    {
      "name": "塞雷娅",
      "skill": 1,
      "skill_usage": 0
    },
    {
      "name": "艾雅法拉",
      "skill": 2,
      "skill_usage": 0
    },
    {
      "name": "山",
      "skill": 2,
      "skill_usage": 2
    },
    {
      "name": "能天使",
      "skill": 3,
      "skill_usage": 0
    },
    {
      "name": "夜莺",
      "skill": 2,
      "skill_usage": 0
    }
  ]
}