{
  "minimum_required": "v4.0.0",
  "stage_name": "SL-MO-1",
  "actions": [
    {
      "type": "Deploy",
      "name": "极境",
      "location": [
        3,
        1
      ],
      "direction": "Right"
    },
    {
      "type": "Deploy",
      "name": "桃金娘",
      "location": [
        2,
        1
      ],
      "direction": "Right"
    },
    {
      "type": "SpeedUp"
    },
    {
      "type": "Deploy",
      "name": "澄闪",
      "location": [
        6,
        3
      ],
      "direction": "Left"
    },
    {
      "type": "Deploy",
      "name": "水汽汽水瓶",
      "location": [
        5,
        2
      ],
      "direction": "None"
    },
    {
      "type": "Deploy",
      "name": "煌",
      "location": [
        5,
        2
      ],
      "direction": "Down"
    },
    {
      "type": "Deploy",
      "name": "能天使",
      "location": [
        6,
        2
      ],
      "direction": "Right"
    },
    {
      "type": "Deploy",
      "name": "浊心斯卡蒂",
      "location": [
        6,
        4
      ],
      "direction": "Down"
    },
    {
      "type": "Deploy",
      "name": "艾雅法拉",
      "location": [
        6,
        5
      ],
      "direction": "Right"
    },
    {
      "type": "Deploy",
      "name": "棘刺",
      "location": [
        6,
        6
      ],
      "direction": "Right"
    },
    {
      "type": "Deploy",
      "name": "蜜莓",
      "location": [
        3,
        4
      ],
      "direction": "Right"
    },
    {
      "type": "Retreat",
      "name": "极境",
      "location": [
        3,
        1
      ]
    },
    {
      "type": "Deploy",
      "name": "铃兰",
      "location": [
        4,
        4
      ],
      "direction": "Down"
    },
    {
      "type": "Deploy",
      "name": "水汽汽水瓶",
      "location": [
        9,
        6
      ],
      "direction": "None",
      "kills": 20
    },
    {
      "type": "Deploy",
      "name": "水汽汽水瓶",
      "location": [
        5,
        6
      ],
      "direction": "None",
      "kills": 25
    },
    {
      "type": "Deploy",
      "name": "水汽汽水瓶",
      "location": [
        6,
        1
      ],
      "direction": "None",
      "kills": 36
    },
    {
      "type": "Deploy",
      "name": "水汽汽水瓶",
      "location": [
        9,
        6
      ],
      "direction": "None",
      "kills": 46
    },
    {
      "type": "Deploy",
      "name": "水汽汽水瓶",
      "location": [
        9,
        6
      ],
      "direction": "None",
      "kills": 50
    },
    {
      "type": "Deploy",
      "name": "水汽汽水瓶",
      "location": [
        8,
        4
      ],
      "direction": "None",
      "kills": 50
    },
    {
      "type": "Retreat",
      "name": "桃金娘",
      "kills": 100,
      "location": [
        2,
        1
      ]
    },
    {
      "type": "Deploy",
      "name": "水汽汽水瓶",
      "location": [
        9,
        6
      ],
      "direction": "None",
      "kills": 102,
      "pre_delay": 24000
    },
    {
      "type": "Deploy",
      "name": "水汽汽水瓶",
      "location": [
        5,
        5
      ],
      "direction": "None",
      "kills": 104
    },
    {
      "type": "Deploy",
      "name": "水汽汽水瓶",
      "location": [
        5,
        5
      ],
      "direction": "None",
      "kills": 109
    },
    {
      "type": "Deploy",
      "name": "水汽汽水瓶",
      "location": [
        5,
        5
      ],
      "direction": "None",
      "kills": 116
    },
    {
      "type": "Deploy",
      "name": "塞雷娅",
      "location": [
        8,
        4
      ],
      "direction": "Right",
      "kills": 135
    },
    {
      "type": "Deploy",
      "name": "水汽汽水瓶",
      "location": [
        7,
        1
      ],
      "direction": "None",
      "kills": 150
    },
    {
      "type": "Deploy",
      "name": "水汽汽水瓶",
      "location": [
        5,
        4
      ],
      "direction": "None",
      "kills": 160
    },
    {
      "type": "Deploy",
      "name": "水汽汽水瓶",
      "location": [
        5,
        4
      ],
      "direction": "None",
      "kills": 163
    },
    {
      "type": "Deploy",
      "name": "水汽汽水瓶",
      "location": [
        9,
        6
      ],
      "direction": "None",
      "kills": 171
    },
    {
      "type": "Deploy",
      "name": "水汽汽水瓶",
      "location": [
        9,
        6
      ],
      "direction": "None",
      "kills": 175,
      "pre_delay": 15000
    },
    {
      "type": "Deploy",
      "name": "水汽汽水瓶",
      "location": [
        5,
        4
      ],
      "direction": "None",
      "kills": 183
    },
    {
      "type": "Deploy",
      "name": "水汽汽水瓶",
      "location": [
        5,
        4
      ],
      "direction": "None",
      "cooling": 0
    },
    {
      "type": "Deploy",
      "name": "水汽汽水瓶",
      "location": [
        5,
        4
      ],
      "direction": "None",
      "cooling": 0
    },
    {
      "type": "Deploy",
      "name": "水汽汽水瓶",
      "location": [
        5,
        4
      ],
      "direction": "None",
      "cooling": 0
    }
  ],
  "doc": {
    "title": "【无叔无提丰无纯艾】SL-MO-1  含镀层",
    "details": "作业等级：澄闪借的2903助战 其余2703 桃子蜜莓2503 （鸡精不要求等级 可以用德狗代替）\n\n原作者：祈星\n攻略作者：拉普兰德\n\n原作业无红蒂，但加上更稳，没有红d的可以改json去掉试试。\n【其余干员可以看视频下方评论区的替换思路】https://www.bilibili.com/video/BV1Lu411J73M/?share_source=copy_web&vd_source=ebfd2888d2f40725045243474f8639ef"
  },
  "groups": [],
  "opers": [
    {
      "name": "桃金娘",
      "skill": 1,
      "skill_usage": 1
    },
    {
      "name": "棘刺",
      "skill": 3,
      "skill_usage": 1
    },
    {
      "name": "塞雷娅",
      "skill": 1,
      "skill_usage": 0
    },
    {
      "name": "能天使",
      "skill": 3,
      "skill_usage": 0
    },
    {
      "name": "艾雅法拉",
      "skill": 2,
      "skill_usage": 0
    },
    {
      "name": "铃兰",
      "skill": 2,
      "skill_usage": 0
    },
    {
      "name": "蜜莓",
      "skill": 1,
      "skill_usage": 0
    },
    {
      "name": "煌",
      "skill": 2,
      "skill_usage": 0
    },
    {
      "name": "澄闪",
      "skill": 2,
      "skill_usage": 0
    },
    {
      "name": "极境",
      "skill": 1,
      "skill_usage": 1
    },
    {
      "name": "浊心斯卡蒂",
      "skill": 2,
      "skill_usage": 0
    }
  ]
}