{
    "actions": [
        {
            "type": "二倍速"
        },
        {
            "type": "部署",
            "name": "帕拉斯",
            "location": [
                7,
                5
            ],
            "direction": "左"
        },
        {
            "type": "部署",
            "name": "凯尔希",
            "location": [
                7,
                4
            ],
            "direction": "左"
        },
        {
            "type": "部署",
            "name": "Mon3tr",
            "location": [
                5,
                5
            ],
            "direction": "左"
        },
        {
            "type": "技能",
            "name": "凯尔希",
            "location": [
                7,
                4
            ],
            "kills": 6
        },
        {
            "type": "技能",
            "name": "凯尔希",
            "location": [
                7,
                4
            ],
            "kills": 27
        },
        {
            "type": "摆完挂机",
            "kills": 39
        }
    ],
    "stage_name": "3-6",
    "doc": {
        "title": "帕拉斯模组解锁任务(凯尔希摆完挂机)",
        "details": "统计日期：2024-05-31\n好评率：100.0%  浏览量：29\n来源：作业代传——有问题联系原作者  ID：20828\n作者：雪\n测试干员：凯尔希 精2 90级 2技能专三"
    },
    "groups": [],
    "opers": [
        {
            "name": "帕拉斯",
            "skill": 3
        },
        {
            "name": "凯尔希",
            "skill": 2,
            "skill_usage": 0
        }
    ],
    "minimum_required": "v4.0.0"
}