{
    "minimum_required": "v4.0.0",
    "actions": [
        {
            "type": "SpeedUp"
        },
        {
            "type": "Deploy",
            "name": "塞雷娅",
            "location": [
                1,
                3
            ],
            "direction": "Right"
        },
        {
            "type": "Deploy",
            "name": "能天使",
            "location": [
                2,
                2
            ],
            "direction": "Right"
        },
        {
            "type": "Deploy",
            "name": "煌",
            "location": [
                2,
                4
            ],
            "direction": "Up"
        },
        {
            "type": "Deploy",
            "name": "末药",
            "location": [
                2,
                5
            ],
            "direction": "Up"
        },
        {
            "type": "Output",
            "doc_color": "#6f42c1",
            "doc": "给个好评吧，亲~"
        }
    ],
    "doc": {
        "title": "末药模组摆完挂机-“生命的短暂”",
        "details": "作业更新日期: 2023-02-18T00:53:50Z\n统计更新日期: 2024-09-14\n好评率：83.33%  浏览量：267\n来源：作业代传——有问题联系原作者  ID：20930\n侬无言以对模组任务摆完挂机合集:BV1wU4y177Qu\n3星通关主题曲6-11；且仅可编入非助战末药1名医疗干员并上场\n筱竹聽雨"
    },
    "groups": [],
    "opers": [
        {
            "name": "能天使",
            "skill": 3,
            "skill_usage": 0
        },
        {
            "name": "塞雷娅",
            "skill": 1,
            "skill_usage": 0
        },
        {
            "name": "煌",
            "skill": 2,
            "skill_usage": 0
        },
        {
            "name": "末药",
            "skill": 1,
            "skill_usage": 0
        }
    ],
    "stage_name": "main_06-10"
}