{
    "minimum_required": "v4.0.0",
    "stage_name": "act18side_04",
    "actions": [
        {
            "type": "Deploy",
            "name": "山",
            "location": [
                8,
                5
            ],
            "direction": "Right"
        },
        {
            "type": "SpeedUp"
        },
        {
            "type": "Deploy",
            "name": "棘刺",
            "location": [
                6,
                5
            ],
            "direction": "Right"
        },
        {
            "type": "Deploy",
            "name": "濯尘芙蓉",
            "location": [
                8,
                4
            ],
            "direction": "Down"
        },
        {
            "type": "SkillDaemon"
        }
    ],
    "doc": {
        "title": "尘影余音 - LE-4 - 惊愕【濯尘芙蓉模组任务】结晶胸花",
        "details": "统计日期：2024-05-31\n好评率：100.0%  浏览量：68\n来源：小卡拉帕鲁灰🐖  ID：30676\n濯尘芙蓉模组任务：结晶胸花\n任务要求：3星通关别传LE-4;必须编入非助战濯尘芙蓉并上场，且至少使用2次抚业之触\n练度：精二60级专3\n"
    },
    "groups": [],
    "opers": [
        {
            "name": "濯尘芙蓉",
            "skill": 2,
            "skill_usage": 1
        },
        {
            "name": "棘刺",
            "skill": 3,
            "skill_usage": 1
        },
        {
            "name": "山",
            "skill": 2,
            "skill_usage": 2
        }
    ]
}