{
    "minimum_required": "v4.0.0",
    "stage_name": "act12side_04",
    "actions": [
        {
            "type": "SpeedUp"
        },
        {
            "type": "Deploy",
            "name": "强大的术师",
            "location": [
                2,
                5
            ],
            "direction": "Right"
        },
        {
            "type": "Deploy",
            "name": "行医",
            "location": [
                1,
                2
            ],
            "direction": "Right"
        },
        {
            "type": "Deploy",
            "name": "石英",
            "location": [
                3,
                2
            ],
            "direction": "Right",
            "kills": 0
        },
        {
            "type": "Skill",
            "name": "石英",
            "location": [
                3,
                2
            ],
            "kills": 26
        }
    ],
    "doc": {
        "title": "多索雷斯假日·复刻 - DH-4 - 铁人三项",
        "details": "作业更新日期: 2024-09-18T12:36:21Z\n统计更新日期: 2024-10-02\n好评率：100.0%  浏览量：10\n来源：鱼的锐角  ID：41362\n石英模组\n行医组，最好精二50级\n术士组，最好精二60级\n石英40级，7级技能即可，应该还能更低练度"
    },
    "groups": [
        {
            "name": "行医",
            "opers": [
                {
                    "name": "纯烬艾雅法拉",
                    "skill": 1,
                    "skill_usage": 0
                },
                {
                    "name": "蜜莓",
                    "skill": 1,
                    "skill_usage": 0
                },
                {
                    "name": "桑葚",
                    "skill": 1,
                    "skill_usage": 0
                }
            ]
        },
        {
            "name": "强大的术师",
            "opers": [
                {
                    "name": "逻各斯",
                    "skill": 1,
                    "skill_usage": 0
                },
                {
                    "name": "澄闪",
                    "skill": 2,
                    "skill_usage": 0
                }
            ]
        }
    ],
    "opers": [
        {
            "name": "石英",
            "skill": 2,
            "skill_usage": 0
        }
    ]
}