{
  "minimum_required": "v4.0.0",
  "stage_name": "tough_11-02",
  "actions": [
    {
      "type": "Deploy",
      "name": "能天使",
      "location": [
        3,
        2
      ],
      "direction": "Down"
    },
    {
      "type": "Deploy",
      "name": "煌",
      "location": [
        3,
        4
      ],
      "direction": "Down"
    },
    {
      "type": "SpeedUp"
    },
    {
      "type": "Deploy",
      "name": "群奶",
      "location": [
        2,
        2
      ],
      "direction": "Down"
    },
    {
      "type": "Deploy",
      "name": "拉普兰德",
      "location": [
        4,
        4
      ],
      "direction": "Left"
    },
    {
      "type": "Deploy",
      "name": "元素奶",
      "location": [
        4,
        2
      ],
      "direction": "Left"
    }
  ],
  "doc": {
    "title": "第十一章 淬火尘霾 - 11-2（磨难） - 一丝光亮",
    "details": "up:侬无言以对\nlink:【【明日方舟】11-2摆完挂机（淬火尘霾-磨难险地难度）】 https://www.bilibili.com/video/BV1Ze41157BK/?share_source=copy_web&vd_source=dcc7ddeba31e59bccd51d29a07ff1565\n精二603 多带个德克萨斯防漏怪更稳"
  },
  "groups": [
    {
      "name": "群奶",
      "opers": [
        {
          "name": "夜莺",
          "skill": 2,
          "skill_usage": 0
        },
        {
          "name": "白面鸮",
          "skill": 2,
          "skill_usage": 0
        }
      ]
    },
    {
      "name": "元素奶",
      "opers": [
        {
          "name": "蜜莓",
          "skill": 1,
          "skill_usage": 0
        },
        {
          "name": "纯烬艾雅法拉",
          "skill": 1,
          "skill_usage": 0
        }
      ]
    }
  ],
  "opers": [
    {
      "name": "煌",
      "skill": 2,
      "skill_usage": 0
    },
    {
      "name": "能天使",
      "skill": 1,
      "skill_usage": 0
    },
    {
      "name": "拉普兰德",
      "skill": 2,
      "skill_usage": 0
    }
  ]
}