{
    "minimum_required": "v4.0.0",
    "stage_name": "mem_chiave_1",
    "actions": [
        {
            "type": "SpeedUp"
        },
        {
            "type": "Deploy",
            "name": "贾维",
            "location": [
                5,
                2
            ],
            "direction": "Down"
        },
        {
            "type": "Deploy",
            "name": "Lancet-2",
            "location": [
                7,
                1
            ],
            "direction": "Left"
        },
        {
            "type": "Deploy",
            "name": "正义骑士号",
            "location": [
                3,
                1
            ],
            "direction": "Right"
        },
        {
            "type": "SpeedUp",
            "cooling": 0
        },
        {
            "type": "Deploy",
            "name": "THRM-EX",
            "location": [
                8,
                7
            ],
            "direction": "Left"
        },
        {
            "type": "Deploy",
            "name": "砾",
            "location": [
                9,
                7
            ],
            "direction": "Up"
        },
        {
            "type": "SpeedUp"
        },
        {
            "type": "Retreat",
            "name": "砾",
            "location": [
                9,
                7
            ],
            "kills": 3,
            "direction": "Up"
        },
        {
            "type": "SpeedUp",
            "cooling": 0
        },
        {
            "type": "Deploy",
            "name": "THRM-EX",
            "location": [
                4,
                5
            ],
            "direction": "Left",
            "cooling": 0
        },
        {
            "type": "Deploy",
            "name": "砾",
            "location": [
                3,
                6
            ],
            "direction": "Up"
        },
        {
            "type": "SpeedUp"
        },
        {
            "type": "Retreat",
            "name": "砾",
            "location": [
                3,
                6
            ],
            "kills": 7,
            "direction": "Up"
        },
        {
            "type": "SpeedUp",
            "cooling": 0
        },
        {
            "type": "Deploy",
            "name": "THRM-EX",
            "location": [
                4,
                6
            ],
            "cooling": 0,
            "direction": "Left"
        },
        {
            "type": "Deploy",
            "name": "砾",
            "location": [
                6,
                7
            ],
            "direction": "Left"
        },
        {
            "type": "SpeedUp"
        },
        {
            "type": "Retreat",
            "kills": 12,
            "name": "砾",
            "location": [
                6,
                7
            ],
            "direction": "Up"
        },
        {
            "type": "SpeedUp",
            "cooling": 0
        },
        {
            "type": "Deploy",
            "name": "THRM-EX",
            "location": [
                4,
                6
            ],
            "direction": "Up",
            "cooling": 0
        },
        {
            "type": "Deploy",
            "name": "砾",
            "location": [
                3,
                6
            ],
            "direction": "Down"
        },
        {
            "type": "SpeedUp"
        }
    ],
    "doc": {
        "title": "贾维--悖论模拟",
        "details": "——————————\n作业更新日期: 2025-05-20T17:16:00Z\n统计更新日期: 2025-06-17\n好评率：100.0%  浏览量：37\n来源：童话重度依赖  ID：56358\n——————————\n7级2技能--精2--50级   自测可过\n【赠送干员默认满潜能】【默认无模组】\n有问题请反馈    BID：童话重度依赖症"
    },
    "groups": [],
    "opers": [
        {
            "name": "贾维",
            "skill": 2,
            "skill_usage": 1
        },
        {
            "name": "Lancet-2",
            "skill": 1,
            "skill_usage": 0
        },
        {
            "name": "Castle-3",
            "skill": 1,
            "skill_usage": 0
        },
        {
            "name": "正义骑士号",
            "skill": 1,
            "skill_usage": 0
        },
        {
            "name": "THRM-EX",
            "skill": 1,
            "skill_usage": 0
        },
        {
            "name": "砾",
            "skill": 1,
            "skill_usage": 0
        }
    ]
}