{
    "minimum_required": "v4.0.0",
    "stage_name": "mem_dusk_1",
    "actions": [
        {
            "type": "SpeedUp"
        },
        {
            "type": "Deploy",
            "name": "嵯峨",
            "location": [
                6,
                3
            ],
            "direction": "Down"
        },
        {
            "type": "Skill",
            "name": "嵯峨",
            "costs": 19
        },
        {
            "type": "Deploy",
            "name": "夕",
            "location": [
                5,
                3
            ],
            "direction": "Down"
        },
        {
            "type": "Skill",
            "name": "夕",
            "costs": 77
        },
        {
            "type": "Skill",
            "name": "嵯峨",
            "costs": 88
        },
        {
            "type": "Skill",
            "name": "年",
            "kills": 48
        },
        {
            "type": "Skill",
            "name": "嵯峨",
            "kills": 50
        },
        {
            "type": "Skill",
            "name": "夕",
            "kills": 53,
            "pre_delay": 6000
        }
    ],
    "doc": {
        "title": "术师 - 夕 - 戒骄戒躁",
        "details": "作业更新日期: 2023-04-13T13:35:52Z\n统计更新日期: 2024-09-16\n好评率：100.0%  浏览量：2156\n来源：Theae  ID：22545\n术师 - 夕 - 戒骄戒躁"
    },
    "groups": [],
    "opers": [
        {
            "name": "夕",
            "skill": 3,
            "skill_usage": 0
        }
    ]
}