{
    "minimum_required": "v4.0.0",
    "stage_name": "mem_pudd_1",
    "actions": [
        {
            "type": "SpeedUp"
        },
        {
            "type": "Deploy",
            "name": "布丁",
            "location": [
                2,
                3
            ],
            "direction": "Right"
        },
        {
            "type": "Deploy",
            "name": "米格鲁",
            "location": [
                3,
                2
            ],
            "direction": "Right"
        },
        {
            "type": "Deploy",
            "name": "卡缇",
            "location": [
                3,
                4
            ],
            "direction": "Right"
        },
        {
            "type": "SkillDaemon"
        }
    ],
    "doc": {
        "title": "悖论模拟 布丁 - 电力充沛",
        "details": "作业更新日期: 2024-10-12T23:35:42Z\n统计更新日期: 2024-10-14\n好评率：100.0%  浏览量：608\n来源：小熊紫苑丶  ID：28502\n已测试\n布丁 二技能\n练度：精二1级，7级技能，信赖100"
    },
    "groups": [],
    "opers": [
        {
            "name": "布丁",
            "skill": 2,
            "skill_usage": 1
        },
        {
            "name": "米格鲁",
            "skill": 1,
            "skill_usage": 0
        },
        {
            "name": "卡缇",
            "skill": 1,
            "skill_usage": 0
        }
    ]
}