{
    "stageName": "mem_platnm_1",
    "doc": {
        "title": "无人机筛选",
        "title_color": "Gray",
        "details": "——————————\n作业更新日期: 2023-04-19T07:07:55Z\n统计更新日期: 2025-04-12\n好评率：83.02%  浏览量：2376\n来源：作业代传——有问题联系原作者  ID：22736\n——————————\n干员等级：白金精二40，二技能专三\n测试版本：395b2",
        "details_color": "Gray"
    },
    "opers": [
        {
            "name": "白金",
            "skill": 1,
            "skill_usage": 0,
            "requirements": {
                "elite": 0,
                "level": 0,
                "skill_level": 0,
                "module": 0,
                "potentiality": 0
            }
        }
    ],
    "groups": null,
    "minimumRequired": "v4.0.0",
    "difficulty": 0
}