{
    "stageName": "mem_fartth_1",
    "doc": {
        "title": "悖论模拟 - 远牙 - 聆风",
        "title_color": "Gray",
        "details": "——————————\n作业更新日期: 2025-03-30T15:09:08Z\n统计更新日期: 2025-04-12\n好评率：92.31%  浏览量：736\n来源：cfxiao  ID：48817\n——————————\n精2，60级，3技能7级。",
        "details_color": "Gray"
    },
    "opers": [
        {
            "name": "远牙",
            "skill": 3,
            "skill_usage": 0,
            "requirements": {
                "elite": 0,
                "level": 0,
                "skill_level": 0,
                "module": 0,
                "potentiality": 0
            }
        }
    ],
    "groups": [],
    "minimumRequired": "v4.0.0",
    "difficulty": 0
}