{
    "minimum_required": "v4.0",
    "doc": {
        "title": "【喧闹法则】CB-6双人",
        "details": "UP主：刻俄柏_\n原视频：https://www.bilibili.com/video/av468658205/\n有问题联系制作者QQ2586582719"
    },
    "stage_name": "CB-6",
    "opers": [
        {
            "name": "煌",
            "skill": 2,
            "skill_usage": 0
        },
        {
            "name": "塞雷娅",
            "skill": 2,
            "skill_usage": 0
        }
    ],
    "actions": [
        {
            "type": "二倍速",
            "name": ""
        },
        {
            "type": "部署",
            "name": "煌",
            "location": [
                8,
                2
            ],
            "direction": "右"
        },
        {
            "type": "部署",
            "name": "塞雷娅",
            "location": [
                10,
                1
            ],
            "direction": "下"
        },
        {
            "type": "打印",
            "name": "",
            "doc": "有问题联系制作者QQ2586582719",
            "doc_color": "SpringGreen"
        }
    ]
}