{
    "minimum_required": "v4.0.0",
    "doc": {
        "title": "5-6 突袭",
        "details": "统计日期：2024-05-02\n好评率：90.32%  浏览量：886\n视频攻略：胡莱厄斯\n【明日方舟5-6突袭摆完挂机】 https://www.bilibili.com/video/BV1PK4y1J792/?share_source=copy_web&vd_source=cd91394ea743aa4106bdb38b56e52772"
    },
    "stage_name": "main_05-06",
    "opers": [
        {
            "name": "塞雷娅",
            "skill": 2,
            "skill_usage": 0
        },
        {
            "name": "艾雅法拉",
            "skill": 2,
            "skill_usage": 0
        },
        {
            "name": "桃金娘",
            "skill": 1,
            "skill_usage": 1
        }
    ],
    "actions": [
        {
            "type": "SpeedUp",
            "name": ""
        },
        {
            "type": "Deploy",
            "name": "桃金娘",
            "location": [
                2,
                3
            ],
            "direction": "Right"
        },
        {
            "type": "Deploy",
            "name": "艾雅法拉",
            "location": [
                4,
                3
            ],
            "direction": "Up"
        },
        {
            "type": "Deploy",
            "name": "远狙",
            "location": [
                4,
                4
            ],
            "direction": "Right"
        },
        {
            "type": "Deploy",
            "name": "单守地面",
            "location": [
                4,
                6
            ],
            "direction": "Right"
        },
        {
            "type": "Deploy",
            "name": "塞雷娅",
            "location": [
                3,
                2
            ],
            "direction": "Up"
        },
        {
            "type": "Deploy",
            "name": "干扰装置",
            "location": [
                6,
                3
            ],
            "direction": "None"
        },
        {
            "type": "SkillDaemon"
        }
    ],
    "difficulty": 3,
    "groups": [
        {
            "name": "远狙",
            "opers": [
                {
                    "name": "菲亚梅塔",
                    "skill": 2,
                    "skill_usage": 1
                },
                {
                    "name": "W",
                    "skill": 1,
                    "skill_usage": 0
                },
                {
                    "name": "陨星",
                    "skill": 1,
                    "skill_usage": 0
                },
                {
                    "name": "白金",
                    "skill": 2,
                    "skill_usage": 0
                },
                {
                    "name": "能天使",
                    "skill": 1,
                    "skill_usage": 0
                }
            ]
        },
        {
            "name": "单守地面",
            "opers": [
                {
                    "name": "山",
                    "skill": 2,
                    "skill_usage": 2
                },
                {
                    "name": "泥岩",
                    "skill": 2,
                    "skill_usage": 0
                },
                {
                    "name": "斥罪",
                    "skill": 3,
                    "skill_usage": 1
                }
            ]
        }
    ]
}