{
    "minimum_required": "v4.0.0",
    "doc": {
        "title": "5-9 突袭",
        "details": "统计日期：2024-05-02\n好评率：95.24%  浏览量：1280\nUP：刻俄柏\n原视频：https://www.bilibili.com/video/BV1JY4y1H7e8/\n制作者：一只摆烂的42\n有问题联系QQ2586582719"
    },
    "stage_name": "main_05-09",
    "opers": [
        {
            "name": "山",
            "skill": 2,
            "skill_usage": 2
        },
        {
            "name": "塞雷娅",
            "skill": 2,
            "skill_usage": 0
        },
        {
            "name": "煌",
            "skill": 2,
            "skill_usage": 0
        }
    ],
    "actions": [
        {
            "type": "二倍速",
            "name": ""
        },
        {
            "type": "部署",
            "name": "煌",
            "location": [
                6,
                1
            ],
            "direction": "下"
        },
        {
            "type": "部署",
            "name": "山",
            "location": [
                9,
                6
            ],
            "direction": "左"
        },
        {
            "type": "部署",
            "name": "塞雷娅",
            "location": [
                7,
                3
            ],
            "direction": "右"
        }
    ]
}