{
    "minimum_required": "v4.0.0",
    "stage_name": "a001_06",
    "actions": [
        {
            "type": "Deploy",
            "name": "芬",
            "location": [
                6,
                1
            ],
            "direction": "Right"
        },
        {
            "type": "Deploy",
            "name": "提丰",
            "location": [
                6,
                2
            ],
            "direction": "Down"
        },
        {
            "type": "Deploy",
            "name": "史都华德",
            "location": [
                7,
                3
            ],
            "direction": "Right"
        },
        {
            "type": "Deploy",
            "name": "黑角",
            "location": [
                8,
                3
            ],
            "direction": "Down"
        },
        {
            "type": "Deploy",
            "name": "克洛丝",
            "location": [
                5,
                2
            ],
            "direction": "Left"
        },
        {
            "type": "SpeedUp"
        },
        {
            "type": "Deploy",
            "name": "重装",
            "location": [
                4,
                1
            ],
            "direction": "Left"
        },
        {
            "type": "SkillDaemon"
        }
    ],
    "doc": {
        "title": "骑兵与猎人·复刻 - GT-6 - 黄金三角 提丰单核",
        "details": "作业更新日期: 2024-01-10T14:32:57Z\n统计更新日期: 2024-07-24\n好评率：100.0%  浏览量：115\n来源：萨拉托加  ID：31737\n\n提丰精一满级七级技能即可\n原作者低配挂机研讨会 JSON作者萨拉托加\n作业交流群545928846，如果作业有问题可以加群找我，评论区不能及时回复，还可以去群里蹲我的新作业\n【【新的时代】从此删除骑兵与猎人  全关卡 精一单核挂机攻略】 https://www.bilibili.com/video/BV1dk4y1f7oo/?p=7&share_source=copy_web&vd_source=3fd5040fe25f6a00e19e6072bcccfa4e"
    },
    "groups": [
        {
            "name": "重装",
            "opers": [
                {
                    "name": "蛇屠箱",
                    "skill": 1,
                    "skill_usage": 0
                },
                {
                    "name": "米格鲁",
                    "skill": 1,
                    "skill_usage": 0
                }
            ]
        }
    ],
    "opers": [
        {
            "name": "提丰",
            "skill": 2,
            "skill_usage": 1
        },
        {
            "name": "黑角",
            "skill": 1,
            "skill_usage": 0
        },
        {
            "name": "克洛丝",
            "skill": 1,
            "skill_usage": 0
        },
        {
            "name": "芬",
            "skill": 1,
            "skill_usage": 0
        },
        {
            "name": "史都华德",
            "skill": 1,
            "skill_usage": 0
        }
    ]
}