{
    "minimum_required": "v4.0.0",
    "stage_name": "a001_ex03",
    "actions": [
        {
            "type": "Deploy",
            "name": "黑角",
            "location": [
                3,
                5
            ],
            "direction": "Left"
        },
        {
            "type": "Deploy",
            "name": "夜刀",
            "location": [
                4,
                5
            ],
            "direction": "Left"
        },
        {
            "type": "Deploy",
            "name": "圣约送葬人",
            "location": [
                3,
                4
            ],
            "direction": "Left"
        },
        {
            "type": "SpeedUp"
        },
        {
            "type": "Deploy",
            "name": "重装",
            "location": [
                3,
                3
            ],
            "direction": "Left"
        },
        {
            "type": "Deploy",
            "name": "Lancet-2",
            "location": [
                4,
                6
            ],
            "direction": "Up"
        },
        {
            "type": "SkillDaemon"
        }
    ],
    "doc": {
        "title": "骑兵与猎人·复刻 - GT-EX-3 - 与狼共舞 圣葬单核",
        "details": "作业更新日期: 2024-01-10T14:35:18Z\n统计更新日期: 2024-07-24\n好评率：100.0%  浏览量：87\n来源：萨拉托加  ID：31740\n\n圣葬精一满级七级技能即可\n原作者低配挂机研讨会 JSON作者萨拉托加\n作业交流群545928846，如果作业有问题可以加群找我，评论区不能及时回复，还可以去群里蹲我的新作业\n【【新的时代】从此删除骑兵与猎人  全关卡 精一单核挂机攻略】 https://www.bilibili.com/video/BV1dk4y1f7oo/?p=4&share_source=copy_web&vd_source=3fd5040fe25f6a00e19e6072bcccfa4e"
    },
    "groups": [
        {
            "name": "重装",
            "opers": [
                {
                    "name": "蛇屠箱",
                    "skill": 1,
                    "skill_usage": 0
                },
                {
                    "name": "米格鲁",
                    "skill": 1,
                    "skill_usage": 0
                }
            ]
        }
    ],
    "opers": [
        {
            "name": "圣约送葬人",
            "skill": 1,
            "skill_usage": 0
        },
        {
            "name": "黑角",
            "skill": 1,
            "skill_usage": 0
        },
        {
            "name": "Lancet-2",
            "skill": 1,
            "skill_usage": 0
        },
        {
            "name": "夜刀",
            "skill": 1,
            "skill_usage": 0
        }
    ]
}