{
  "minimum_required": "v4.0.0",
  "stage_name": "a001_ex04",
  "actions": [
    {
      "type": "Deploy",
      "name": "水月",
      "location": [
        6,
        2
      ],
      "direction": "Down"
    },
    {
      "type": "Deploy",
      "name": "黑角",
      "location": [
        8,
        4
      ],
      "direction": "Left"
    },
    {
      "type": "Deploy",
      "name": "重装",
      "location": [
        8,
        1
      ],
      "direction": "Left"
    },
    {
      "type": "SpeedUp"
    },
    {
      "type": "Deploy",
      "name": "Lancet-2",
      "location": [
        9,
        4
      ],
      "direction": "Left"
    },
    {
      "type": "Deploy",
      "name": "克洛丝",
      "location": [
        7,
        3
      ],
      "direction": "Left"
    },
    {
      "type": "Deploy",
      "name": "奶",
      "location": [
        8,
        2
      ],
      "direction": "Down"
    },
    {
      "type": "SkillDaemon"
    }
  ],
  "doc": {
    "title": "骑兵与猎人·复刻 - GT-HX-1 - 碧血金沙 水月单核",
    "details": "水月精一满级七级技能即可\n原作者低配挂机研讨会 JSON作者萨拉托加\n作业交流群545928846，如果作业有问题可以加群找我，评论区不能及时回复，还可以去群里蹲我的新作业\n【【新的时代】从此删除骑兵与猎人  全关卡 精一单核挂机攻略】 https://www.bilibili.com/video/BV1dk4y1f7oo/?p=3&share_source=copy_web&vd_source=3fd5040fe25f6a00e19e6072bcccfa4e"
  },
  "groups": [
    {
      "name": "重装",
      "opers": [
        {
          "name": "蛇屠箱",
          "skill": 1,
          "skill_usage": 0
        },
        {
          "name": "米格鲁",
          "skill": 1,
          "skill_usage": 0
        }
      ]
    },
    {
      "name": "奶",
      "opers": [
        {
          "name": "芙蓉",
          "skill": 1,
          "skill_usage": 0
        },
        {
          "name": "安赛尔",
          "skill": 1,
          "skill_usage": 0
        }
      ]
    }
  ],
  "opers": [
    {
      "name": "水月",
      "skill": 1,
      "skill_usage": 0
    },
    {
      "name": "克洛丝",
      "skill": 1,
      "skill_usage": 0
    },
    {
      "name": "Lancet-2",
      "skill": 1,
      "skill_usage": 0
    },
    {
      "name": "黑角",
      "skill": 1,
      "skill_usage": 0
    }
  ],
  "difficulty": 3
}