{
    "minimum_required": "v4.0.0",
    "stage_name": "mem_ebnhlz_1",
    "actions": [
        {
            "type": "SpeedUp"
        },
        {
            "type": "Deploy",
            "name": "黑键",
            "location": [
                8,
                3
            ],
            "direction": "Left"
        },
        {
            "type": "Deploy",
            "name": "濯尘芙蓉",
            "location": [
                6,
                5
            ],
            "direction": "Up",
            "costs": 17
        },
        {
            "type": "Skill",
            "name": "黑键",
            "location": [
                8,
                3
            ],
            "kills": 6
        },
        {
            "type": "Skill",
            "name": "黑键",
            "location": [
                8,
                3
            ],
            "kills": 7
        },
        {
            "type": "Skill",
            "name": "黑键",
            "location": [
                8,
                3
            ],
            "kills": 10
        },
        {
            "type": "Skill",
            "name": "黑键",
            "location": [
                8,
                3
            ],
            "kills": 12
        },
        {
            "type": "Skill",
            "name": "黑键",
            "location": [
                8,
                3
            ],
            "kills": 18
        },
        {
            "type": "Skill",
            "name": "黑键",
            "location": [
                8,
                3
            ],
            "kills": 19
        },
        {
            "type": "Skill",
            "name": "黑键",
            "location": [
                8,
                3
            ],
            "kills": 25
        },
        {
            "type": "Skill",
            "name": "车尔尼",
            "location": [
                7,
                5
            ]
        },
        {
            "type": "Skill",
            "name": "濯尘芙蓉",
            "location": [
                6,
                5
            ]
        }
    ],
    "doc": {
        "title": "术师 - 黑键 - 辗转反侧",
        "details": "统计日期：2024-05-03\n好评率：91.8%  浏览量：4233\n来源：FredEdie  ID：24526\n7级技能"
    },
    "groups": [],
    "opers": [
        {
            "name": "黑键",
            "skill": 3,
            "skill_usage": 0
        }
    ]
}