{
    "actions": [
        {
            "type": "二倍速"
        },
        {
            "type": "部署",
            "name": "假日威龙陈",
            "location": [
                5,
                2
            ],
            "direction": "下"
        },
        {
            "type": "部署",
            "location": [
                7,
                1
            ],
            "name": "桑葚",
            "direction": "左"
        },
        {
            "type": "技能",
            "name": "假日威龙陈",
            "location": [
                5,
                2
            ],
            "pre_delay": 16000,
            "rear_delay": 20000
        },
        {
            "type": "技能",
            "location": [
                5,
                2
            ]
        },
        {
            "type": "技能",
            "name": "假日威龙陈",
            "location": [
                5,
                2
            ],
            "pre_delay": 25000
        }
    ],
    "stage_name": "mem_chen2_1",
    "opers": [
        {
            "name": "假日威龙陈",
            "skill": 3,
            "skill_usage": 0
        },
        {
            "name": "桑葚",
            "skill": 1
        }
    ],
    "doc": {
        "details": "——————————\n作业更新日期: 2023-04-19T07:07:55Z\n统计更新日期: 2025-09-10\n相对评分：60.67%  相对热度：43.47%\n来源：作业代传——有问题联系原作者  ID：22730\n——————————\n测试练度：假日威龙陈精二89级，三技能专精三（七级应该也行？\n测试版本：394b1",
        "title": "去往高处"
    },
    "minimum_required": "v4.0.0"
}