{
    "minimum_required": "v4.0.0",
    "stage_name": "mem_poca_1",
    "actions": [
        {
            "type": "SpeedUp"
        },
        {
            "type": "Deploy",
            "name": "早露",
            "location": [
                4,
                5
            ],
            "direction": "Up"
        },
        {
            "type": "Deploy",
            "name": "真理",
            "location": [
                4,
                4
            ],
            "kills": 4,
            "direction": "Up"
        },
        {
            "type": "Skill",
            "name": "早露",
            "location": [
                4,
                5
            ],
            "costs": 68
        },
        {
            "type": "Skill",
            "name": "凛冬",
            "location": [
                3,
                6
            ],
            "kills": 11
        },
        {
            "type": "Skill",
            "name": "早露",
            "location": [
                4,
                5
            ],
            "pre_delay": 7000
        },
        {
            "type": "Skill",
            "name": "真理",
            "location": [
                4,
                4
            ]
        },
        {
            "type": "SkillDaemon"
        }
    ],
    "doc": {
        "title": "悖论模拟 - 狙击 - 早露",
        "details": "——————————\n作业更新日期: 2023-11-02T10:24:51Z\n统计更新日期: 2025-09-10\n相对评分：79.79%  相对热度：70.17999999999999%\n来源：PPZS  ID：29748\n——————————\n测试 精二30级0专2潜满信赖无模 \nMaaTouch触控模式 已过"
    },
    "groups": [],
    "opers": [
        {
            "name": "早露",
            "skill": 3,
            "skill_usage": 2
        },
        {
            "name": "真理",
            "skill": 1,
            "skill_usage": 0
        },
        {
            "name": "凛冬",
            "skill": 1,
            "skill_usage": 0
        }
    ]
}