{
    "minimum_required": "v4.0.0",
    "stage_name": "camp_r_23",
    "actions": [
        {
            "type": "Deploy",
            "name": "桃金娘",
            "location": [
                9,
                7
            ],
            "direction": "Right"
        },
        {
            "type": "Deploy",
            "name": "风笛",
            "location": [
                2,
                5
            ],
            "direction": "Right"
        },
        {
            "type": "Deploy",
            "name": "塞雷娅",
            "location": [
                2,
                3
            ],
            "direction": "Right"
        },
        {
            "type": "Deploy",
            "name": "艾雅法拉",
            "location": [
                2,
                4
            ],
            "direction": "Right",
            "kills": 1
        },
        {
            "type": "Deploy",
            "name": "伊芙利特",
            "location": [
                3,
                6
            ],
            "direction": "Up"
        },
        {
            "type": "Deploy",
            "name": "元素奶",
            "location": [
                2,
                6
            ],
            "direction": "Up"
        },
        {
            "type": "Deploy",
            "name": "仇白",
            "location": [
                3,
                4
            ],
            "direction": "Right"
        },
        {
            "type": "Deploy",
            "name": "地刺",
            "location": [
                4,
                4
            ],
            "direction": "Right"
        },
        {
            "type": "Deploy",
            "name": "号角",
            "location": [
                1,
                4
            ],
            "direction": "Right"
        },
        {
            "type": "Deploy",
            "name": "泥岩",
            "location": [
                9,
                1
            ],
            "direction": "Right"
        },
        {
            "type": "Retreat",
            "name": "桃金娘",
            "location": [
                9,
                7
            ],
            "kills": 200,
            "doc": ""
        }
    ],
    "doc": {
        "title": "维多利亚 - 燃烧街区 - 燃烧街区",
        "details": "作业更新日期: 2024-07-08T05:30:36Z\n统计更新日期: 2024-07-29\n好评率：100.0%  浏览量：1013\n来源：木才木才  ID：39215\n视频来源：【明日方舟】燃烧街区挂机流，新剿灭摆完就过！语音快乐详解，轻松解放双手 | 剿灭委托400杀-哔哩哔哩 https://www.bilibili.com/video/BV1CS421R7kQ\n视频作者：自在道爷 https://space.bilibili.com/581695\n对视频中使用的干员进行了调整：德克萨斯换成桃金娘了，拉普兰德换了仇白。\n个人通关干员练度：塞雷娅、泥岩、艾雅法拉2603+一级模组；号角2601+一级模组；仇白、伊芙利特2603无模组；风笛、纯烬艾雅法拉精二60无专无模组；狮蝎精二50无专+一级模组；桃金娘2403无模组。\n未添加切换二倍速的动作。"
    },
    "groups": [
        {
            "name": "元素奶",
            "opers": [
                {
                    "name": "纯烬艾雅法拉",
                    "skill": 1,
                    "skill_usage": 0
                },
                {
                    "name": "蜜莓",
                    "skill": 1,
                    "skill_usage": 0
                }
            ]
        },
        {
            "name": "地刺",
            "opers": [
                {
                    "name": "狮蝎",
                    "skill": 1,
                    "skill_usage": 0
                },
                {
                    "name": "水月",
                    "skill": 1,
                    "skill_usage": 0
                }
            ]
        }
    ],
    "opers": [
        {
            "name": "桃金娘",
            "skill": 1,
            "skill_usage": 1
        },
        {
            "name": "风笛",
            "skill": 2,
            "skill_usage": 0
        },
        {
            "name": "仇白",
            "skill": 3,
            "skill_usage": 1
        },
        {
            "name": "塞雷娅",
            "skill": 2,
            "skill_usage": 0
        },
        {
            "name": "号角",
            "skill": 1,
            "skill_usage": 0
        },
        {
            "name": "泥岩",
            "skill": 2,
            "skill_usage": 0
        },
        {
            "name": "艾雅法拉",
            "skill": 2,
            "skill_usage": 0
        },
        {
            "name": "伊芙利特",
            "skill": 2,
            "skill_usage": 0
        }
    ]
}