{
    "minimum_required": "v4.0.0",
    "stage_name": "main_00-10",
    "actions": [
        {
            "type": "Deploy",
            "name": "令",
            "location": [
                9,
                4
            ],
            "direction": "Left"
        },
        {
            "type": "SpeedUp"
        },
        {
            "type": "Deploy",
            "name": "“弦惊”",
            "location": [
                9,
                5
            ],
            "direction": "Left"
        },
        {
            "type": "Deploy",
            "name": "“弦惊”",
            "location": [
                6,
                4
            ],
            "direction": "Left"
        },
        {
            "type": "Deploy",
            "name": "“弦惊”",
            "location": [
                7,
                4
            ],
            "direction": "Left"
        }
    ],
    "doc": {
        "title": "序章 黑暗时代·上 - 0-10 -",
        "details": "统计日期：2024-05-31\n好评率：100.0%  浏览量：98\n来源：肥波那猫  ID：24812\n序章 黑暗时代·上 "
    },
    "groups": [],
    "opers": [
        {
            "name": "令",
            "skill": 3,
            "skill_usage": 0
        }
    ],
    "difficulty": 2
}