{
    "minimum_required": "v4.0.0",
    "stage_name": "main_00-01",
    "actions": [
        {
            "type": "Deploy",
            "name": "桃金娘",
            "location": [
                4,
                2
            ],
            "direction": "Right"
        },
        {
            "type": "Deploy",
            "name": "多萝西",
            "location": [
                6,
                1
            ],
            "direction": "Down"
        },
        {
            "type": "Deploy",
            "name": "羽毛笔",
            "location": [
                7,
                3
            ],
            "direction": "Right"
        }
    ],
    "doc": {
        "title": "序章 黑暗时代·上 - 0-1 - 坍塌",
        "details": "作业更新日期: 2023-08-18T13:38:38Z\n统计更新日期: 2024-10-07\n好评率：100.0%  浏览量：76\n来源：Asterix  ID：25794\n序章 黑暗时代·上 - 0-1 - 坍塌"
    },
    "groups": [],
    "opers": [
        {
            "name": "桃金娘",
            "skill": 1,
            "skill_usage": 1
        },
        {
            "name": "多萝西",
            "skill": 1,
            "skill_usage": 0
        },
        {
            "name": "羽毛笔",
            "skill": 1,
            "skill_usage": 0
        }
    ]
}