{
    "minimum_required": "v4.0.0",
    "stage_name": "main_00-02",
    "actions": [
        {
            "type": "Deploy",
            "name": "黑角",
            "location": [
                3,
                2
            ],
            "direction": "Right"
        },
        {
            "type": "SpeedUp"
        }
    ],
    "doc": {
        "title": "序章 黑暗时代·上 - 0-2 - 守卫",
        "details": "作业更新日期: 2025-03-15T11:22:51Z\n统计更新日期: 2025-03-23\n好评率：100.0%  浏览量：7\n来源：一般路过作业人  ID：48628\n原作者为云中初梦，突袭随便加一个补输出的就行，原视频链接为https://www.bilibili.com/video/BV1u5eTejEMN/?spm_id_from=333.337.search-card.all.click&vd_source=27f2336beff210c36947df72b53abb01"
    },
    "groups": [],
    "opers": [
        {
            "name": "黑角",
            "skill": 1,
            "skill_usage": 0
        }
    ],
    "difficulty": 0
}