{
    "minimum_required": "v4.0.0",
    "stage_name": "act45side_ex01",
    "actions": [
        {
            "type": "Deploy",
            "name": "德克萨斯",
            "direction": "Down",
            "location": [
                3,
                3
            ]
        },
        {
            "type": "Deploy",
            "name": "桃金娘",
            "direction": "Up",
            "location": [
                3,
                5
            ]
        },
        {
            "type": "Deploy",
            "name": "艾雅法拉",
            "direction": "Right",
            "location": [
                2,
                4
            ]
        },
        {
            "type": "Deploy",
            "name": "伊内丝",
            "direction": "Down",
            "location": [
                4,
                3
            ]
        },
        {
            "type": "Deploy",
            "name": "逻各斯",
            "direction": "Up",
            "location": [
                8,
                6
            ]
        },
        {
            "type": "SpeedUp"
        },
        {
            "type": "SkillUsage",
            "name": "桃金娘"
        },
        {
            "type": "SkillDaemon"
        }
    ],
    "doc": {
        "title": "SS-EX-1 - 第一篇·糖果小屋",
        "details": "——————————\n作业更新日期: 2025-09-11T13:28:10Z\n统计更新日期: 2025-09-15\n相对评分：100.00%  相对热度：100.00%\n来源：萨拉托加  ID：67825\n——————————\n原作者萧然Q json作者：萨拉托加\n作业交流群群号216314927，可蹲作业，有问题进群找我，作业站消息没提醒看不到\n【【无忧梦呓】SS-EX-1至SS-EX-8突袭 摆完挂机 简单好抄】 https://www.bilibili.com/video/BV1hWHeznEdS/?share_source=copy_web&vd_source=3fd5040fe25f6a00e19e6072bcccfa4e"
    },
    "groups": [],
    "opers": [
        {
            "name": "德克萨斯",
            "skill": 1,
            "skill_usage": 0
        },
        {
            "name": "桃金娘",
            "skill_usage": 1,
            "skill": 1
        },
        {
            "name": "艾雅法拉",
            "skill": 2,
            "skill_usage": 0
        },
        {
            "name": "伊内丝",
            "skill": 1,
            "skill_usage": 0
        },
        {
            "name": "逻各斯",
            "skill": 1,
            "skill_usage": 0
        }
    ],
    "difficulty": 3
}