{
    "minimum_required": "v4.0.0",
    "stage_name": "act45side_ex02",
    "actions": [
        {
            "type": "Deploy",
            "name": "山",
            "direction": "Down",
            "location": [
                5,
                1
            ]
        },
        {
            "type": "Deploy",
            "name": "逻各斯",
            "direction": "Left",
            "location": [
                7,
                2
            ]
        },
        {
            "type": "Deploy",
            "name": "艾雅法拉",
            "direction": "Right",
            "location": [
                4,
                2
            ]
        },
        {
            "type": "Deploy",
            "name": "阿斯卡纶",
            "direction": "Down",
            "location": [
                5,
                3
            ]
        },
        {
            "type": "SpeedUp"
        },
        {
            "type": "SkillDaemon"
        }
    ],
    "doc": {
        "title": "SS-EX-2 - 第二篇·玩具盒子",
        "details": "——————————\n作业更新日期: 2025-09-11T13:28:33Z\n统计更新日期: 2025-09-15\n相对评分：100.00%  相对热度：100.00%\n来源：萨拉托加  ID：67827\n——————————\n原作者萧然Q json作者：萨拉托加\n作业交流群群号216314927，可蹲作业，有问题进群找我，作业站消息没提醒看不到\n【【无忧梦呓】SS-EX-1至SS-EX-8突袭 摆完挂机 简单好抄】 https://www.bilibili.com/video/BV1hWHeznEdS/?share_source=copy_web&vd_source=3fd5040fe25f6a00e19e6072bcccfa4e"
    },
    "groups": [],
    "opers": [
        {
            "name": "逻各斯",
            "skill": 1,
            "skill_usage": 0
        },
        {
            "skill_times": 1,
            "name": "山",
            "skill": 2,
            "skill_usage": 2
        },
        {
            "name": "艾雅法拉",
            "skill": 2,
            "skill_usage": 0
        },
        {
            "name": "阿斯卡纶",
            "skill": 1,
            "skill_usage": 0
        }
    ],
    "difficulty": 3
}