{
    "minimum_required": "v4.0.0",
    "stage_name": "act45side_07",
    "actions": [
        {
            "type": "Deploy",
            "name": "德克萨斯",
            "direction": "Left",
            "location": [
                4,
                6
            ]
        },
        {
            "type": "Deploy",
            "name": "歌蕾蒂娅",
            "direction": "Right",
            "location": [
                6,
                6
            ]
        },
        {
            "type": "Deploy",
            "name": "蕾缪安",
            "direction": "Up",
            "location": [
                2,
                4
            ]
        },
        {
            "type": "Deploy",
            "name": "斩业星熊",
            "direction": "Up",
            "location": [
                7,
                6
            ]
        },
        {
            "type": "Deploy",
            "name": "乌尔比安",
            "direction": "Up",
            "location": [
                3,
                3
            ]
        },
        {
            "type": "SpeedUp"
        },
        {
            "type": "SkillDaemon"
        }
    ],
    "doc": {
        "title": "SS-7 - 永恒绚烂的藏品 一摆到底版",
        "details": "——————————\n作业更新日期: 2025-09-04T13:23:33Z\n统计更新日期: 2025-09-06\n相对评分：100.00%  相对热度：87.56%\n来源：萨拉托加  ID：67250\n——————————\n作业集maa://33855\n一摆到底，旨在不限制干员，尽量用更少的干员，更少的步数，全程不换技能，一套阵容通关当期活动，干员均专三60级带一级模组（歌蒂三级X模）\n原作者：萧然Q json作者：萨拉托加\n作业交流群群号216314927，可蹲作业，有问题进群找我，作业站消息没提醒看不到\n【【无忧梦呓】SS-1至SS-8合集版 一摆到底 摆完挂机 简单好抄】 https://www.bilibili.com/video/BV1euaDzFEk7/?share_source=copy_web&vd_source=3fd5040fe25f6a00e19e6072bcccfa4e"
    },
    "groups": [],
    "opers": [
        {
            "name": "伊内丝",
            "skill": 1,
            "skill_usage": 0
        },
        {
            "name": "乌尔比安",
            "skill": 2,
            "skill_usage": 0
        },
        {
            "name": "蕾缪安",
            "skill": 1,
            "skill_usage": 0
        },
        {
            "name": "歌蕾蒂娅",
            "skill": 1,
            "skill_usage": 0
        },
        {
            "name": "德克萨斯",
            "skill": 1,
            "skill_usage": 0
        },
        {
            "name": "斩业星熊",
            "skill": 1,
            "skill_usage": 0
        },
        {
            "name": "纯烬艾雅法拉",
            "skill": 1,
            "skill_usage": 0
        }
    ]
}