{
    "minimum_required": "v4.0.0",
    "stage_name": "act45side_07",
    "actions": [
        {
            "type": "Deploy",
            "name": "逻各斯",
            "direction": "Right",
            "location": [
                2,
                5
            ]
        },
        {
            "type": "Deploy",
            "name": "德克萨斯",
            "direction": "Left",
            "location": [
                4,
                6
            ]
        },
        {
            "type": "Deploy",
            "name": "芬",
            "direction": "Right",
            "location": [
                6,
                6
            ]
        },
        {
            "type": "Deploy",
            "name": "山",
            "location": [
                7,
                6
            ],
            "direction": "Up"
        },
        {
            "type": "Deploy",
            "name": "奶盾",
            "location": [
                3,
                6
            ],
            "direction": "Up"
        },
        {
            "type": "SpeedUp"
        },
        {
            "type": "SkillDaemon"
        }
    ],
    "doc": {
        "title": "SS-7 - 永恒绚烂的藏品",
        "details": "——————————\n作业更新日期: 2025-09-04T10:00:49Z\n统计更新日期: 2025-09-06\n相对评分：100.00%  相对热度：100.00%\n来源：萨拉托加  ID：67142\n——————————\n原作者萧然Q JSON作者萨拉托加\n作业交流群群号216314927，可蹲作业，有问题进群找我，作业站消息没提醒看不到\n【【无忧梦呓】SS-1至SS-8 摆完挂机 简单好抄】 https://www.bilibili.com/video/BV11saUzGEC4/?p=7&share_source=copy_web&vd_source=3fd5040fe25f6a00e19e6072bcccfa4e"
    },
    "groups": [
        {
            "name": "奶盾",
            "opers": [
                {
                    "name": "黍",
                    "skill": 1,
                    "skill_usage": 0
                },
                {
                    "name": "塞雷娅",
                    "skill": 1,
                    "skill_usage": 0
                }
            ]
        }
    ],
    "opers": [
        {
            "name": "逻各斯",
            "skill": 1,
            "skill_usage": 0
        },
        {
            "name": "德克萨斯",
            "skill": 1,
            "skill_usage": 0
        },
        {
            "name": "芬",
            "skill": 1,
            "skill_usage": 0
        },
        {
            "name": "山",
            "skill": 2,
            "skill_usage": 2,
            "skill_times": 1
        }
    ]
}