{
    "minimum_required": "v4.0.0",
    "stage_name": "act45side_02",
    "actions": [
        {
            "type": "Deploy",
            "name": "棘刺",
            "location": [
                1,
                4
            ],
            "direction": "Right"
        },
        {
            "type": "Deploy",
            "name": "山",
            "location": [
                8,
                4
            ],
            "direction": "Left"
        },
        {
            "type": "SpeedUp"
        },
        {
            "type": "SkillDaemon"
        }
    ],
    "doc": {
        "title": "SS-2 - 寂静长廊的两端 初版",
        "details": "——————————\n作业更新日期: 2025-09-04T10:02:47Z\n统计更新日期: 2025-09-06\n相对评分：99.00%  相对热度：83.94%\n来源：萨拉托加  ID：67094\n——————————\nJSON作者萨拉托加\n作业交流群群号216314927，可蹲作业，有问题进群找我，作业站消息没提醒看不到"
    },
    "groups": [],
    "opers": [
        {
            "name": "棘刺",
            "skill": 3,
            "skill_usage": 1
        },
        {
            "skill_times": 1,
            "name": "山",
            "skill": 2,
            "skill_usage": 2
        }
    ]
}