{
    "stage_name": "act45side_02",
    "minimum_required": "v4.0.0",
    "doc": {
        "title": "SS-2 - 寂静长廊的两端 兼容一摆到底",
        "details": "——————————\n作业更新日期: 2025-09-04T19:23:06Z\n统计更新日期: 2025-09-06\n相对评分：99.00%  相对热度：68.58%\n来源：酷酷酷的贤  ID：67340\n——————————\n原作者萧然Q JSON作者萨拉托加\n作业交流群群号216314927，可蹲作业，有问题进群找我，作业站消息没提醒看不到\n【【无忧梦呓】SS-1至SS-8 摆完挂机 简单好抄】 https://www.bilibili.com/video/BV11saUzGEC4/?p=2&share_source=copy_web&vd_source=3fd5040fe25f6a00e19e6072bcccfa4e"
    },
    "opers": [
        {
            "name": "德克萨斯",
            "skill": 1,
            "skill_usage": 0
        },
        {
            "name": "遥",
            "skill": 2,
            "skill_usage": 1,
            "requirements": {
                "skill_level": 10
            }
        },
        {
            "name": "星熊",
            "skill": 2,
            "requirements": {
                "skill_level": 10
            }
        },
        {
            "name": "乌尔比安",
            "skill": 2,
            "requirements": {
                "skill_level": 10
            }
        },
        {
            "name": "蕾缪安",
            "skill": 1,
            "requirements": {
                "skill_level": 10
            }
        },
        {
            "name": "歌蕾蒂娅",
            "skill": 1,
            "requirements": {
                "skill_level": 10
            }
        },
        {
            "name": "伊内丝",
            "skill": 1,
            "requirements": {
                "skill_level": 10
            }
        },
        {
            "name": "逻各斯",
            "skill": 1,
            "requirements": {
                "skill_level": 10
            }
        }
    ],
    "groups": [],
    "actions": [
        {
            "name": "乌尔比安",
            "location": [
                4,
                4
            ],
            "direction": "Right",
            "type": "Deploy"
        },
        {
            "name": "遥",
            "location": [
                4,
                3
            ],
            "direction": "Right",
            "type": "Deploy"
        },
        {
            "type": "SpeedUp"
        },
        {
            "type": "SkillDaemon"
        }
    ],
    "version": 3
}