{
    "stage_name": "act45side_06",
    "minimum_required": "v4.0.0",
    "doc": {
        "title": "SS-6 - 回声飘荡的大厅",
        "details": "——————————\n作业更新日期: 2025-09-04T15:52:48Z\n统计更新日期: 2025-09-06\n相对评分：99.00%  相对热度：74.54%\n来源：星之海.  ID：67282\n——————————\n重要：maa已更新自动选择模组，未解锁作业所需模组的干员将无法识别，没开模组的建议优先开模组！！！\n请确保所用干员练度达到本作业所需练度，否则将会有干员暴毙及漏怪风险！！！\n此作业全员专三且模组一级\n原作者：自在道爷    JSON作者：星之海.\n社区评论不会提醒，作业有问题可以进群找我：994516079\n原视频：【【无忧梦呓】SS-1至SS-8挂机流，刻章也不愁！语音快乐详解，轻松解放双手 | 明日方舟攻略(分p更新中)】https://www.bilibili.com/video/BV1n9amzeEau?vd_source=69f0b796ff8cde9e6cb9e9f9a99f8eec"
    },
    "opers": [
        {
            "name": "煌",
            "skill": 2,
            "requirements": {
                "skill_level": 10,
                "module": 1
            }
        },
        {
            "name": "伊芙利特",
            "skill": 2,
            "requirements": {
                "skill_level": 10,
                "module": 1
            }
        }
    ],
    "groups": [
        {
            "name": "群奶",
            "opers": [
                {
                    "name": "夜莺",
                    "skill": 2,
                    "requirements": {
                        "skill_level": 10,
                        "module": 1
                    }
                },
                {
                    "name": "白面鸮",
                    "skill": 2,
                    "requirements": {
                        "elite": 2,
                        "skill_level": 10,
                        "module": 1
                    }
                }
            ]
        },
        {
            "name": "行医",
            "opers": [
                {
                    "name": "纯烬艾雅法拉",
                    "skill": 1,
                    "requirements": {
                        "skill_level": 10,
                        "module": 1
                    }
                },
                {
                    "name": "蜜莓",
                    "skill": 1,
                    "requirements": {
                        "skill_level": 10,
                        "module": 1
                    }
                }
            ]
        }
    ],
    "actions": [
        {
            "type": "SpeedUp"
        },
        {
            "name": "煌",
            "location": [
                7,
                3
            ],
            "direction": "Left",
            "type": "Deploy"
        },
        {
            "name": "伊芙利特",
            "location": [
                8,
                3
            ],
            "direction": "Left",
            "type": "Deploy"
        },
        {
            "name": "行医",
            "location": [
                8,
                2
            ],
            "direction": "Left",
            "type": "Deploy"
        },
        {
            "name": "群奶",
            "location": [
                8,
                1
            ],
            "direction": "Down",
            "type": "Deploy"
        },
        {
            "type": "SkillDaemon"
        }
    ],
    "version": 3
}