{
    "stage_name": "act45side_08",
    "minimum_required": "v4.0.0",
    "doc": {
        "title": "SS-8 - 童话的开场 4人摆完挂机",
        "details": "——————————\n作业更新日期: 2025-09-04T14:21:26Z\n统计更新日期: 2025-09-06\n相对评分：97.85%  相对热度：78.41%\n来源：pppie  ID：67261\n——————————\n平均练度27033以上，维遥练度高些，其外能清杂就行"
    },
    "opers": [
        {
            "name": "维什戴尔",
            "skill": 3,
            "requirements": {
                "level": 90,
                "skill_level": 10,
                "module": 1
            }
        },
        {
            "name": "遥",
            "skill": 2,
            "skill_usage": 2,
            "skill_times": 2,
            "requirements": {
                "skill_level": 10,
                "module": 2
            }
        }
    ],
    "groups": [
        {
            "name": "高台C",
            "opers": [
                {
                    "name": "娜仁图亚",
                    "skill": 1,
                    "skill_usage": 2,
                    "requirements": {
                        "level": 90,
                        "skill_level": 10
                    }
                },
                {
                    "name": "塑心",
                    "skill": 1,
                    "requirements": {
                        "level": 90,
                        "skill_level": 10,
                        "module": 1
                    }
                },
                {
                    "name": "酒神",
                    "skill": 1,
                    "requirements": {
                        "level": 90,
                        "skill_level": 10,
                        "module": 1
                    }
                },
                {
                    "name": "铃兰",
                    "skill": 2,
                    "requirements": {
                        "level": 90,
                        "skill_level": 10,
                        "module": 2
                    }
                }
            ]
        },
        {
            "name": "长手C",
            "opers": [
                {
                    "name": "蕾缪安",
                    "skill": 2,
                    "skill_usage": 1,
                    "requirements": {
                        "level": 90,
                        "skill_level": 10,
                        "module": 2
                    }
                },
                {
                    "name": "荒芜拉普兰德",
                    "skill": 3,
                    "skill_usage": 1,
                    "requirements": {
                        "level": 90,
                        "skill_level": 10,
                        "module": 1
                    }
                },
                {
                    "name": "澄闪",
                    "skill": 3,
                    "skill_usage": 1,
                    "requirements": {
                        "level": 90,
                        "skill_level": 10,
                        "module": 1
                    }
                }
            ]
        }
    ],
    "actions": [
        {
            "type": "SpeedUp"
        },
        {
            "name": "维什戴尔",
            "location": [
                5,
                7
            ],
            "direction": "Up",
            "type": "Deploy"
        },
        {
            "name": "长手C",
            "location": [
                8,
                7
            ],
            "direction": "Up",
            "type": "Deploy"
        },
        {
            "name": "维什戴尔",
            "skill_usage": 1,
            "type": "SkillUsage"
        },
        {
            "name": "高台C",
            "location": [
                8,
                6
            ],
            "direction": "Left",
            "type": "Deploy"
        },
        {
            "name": "遥",
            "location": [
                7,
                7
            ],
            "direction": "Left",
            "type": "Deploy"
        },
        {
            "type": "SkillDaemon"
        }
    ],
    "version": 3
}