{
    "stage_name": "act45side_08",
    "minimum_required": "v4.0.0",
    "doc": {
        "title": "SS-8 - 童话的开场 自用作业",
        "details": "——————————\n作业更新日期: 2025-09-04T10:49:11Z\n统计更新日期: 2025-09-06\n相对评分：100.00%  相对热度：100.00%\n来源：SA_Nagisa  ID：67147\n——————————\n怎么MAA编辑器里没有遥啊.jpg\n个人用JSON，因为太懒了所以顺手传MAA\n---------------------\nJSON作者：SA_Nagisa\n原作者：\n【4人SS-8摆完简单好抄】 https://www.bilibili.com/video/BV1A2amzuEG5/?share_source=copy_web&vd_source=10b810987c332327b744af2aeb1486c7"
    },
    "opers": [
        {
            "name": "维什戴尔",
            "skill": 3,
            "skill_usage": 0
        },
        {
            "name": "蕾缪安",
            "skill": 2,
            "skill_usage": 1
        },
        {
            "name": "遥",
            "skill": 2,
            "skill_usage": 1
        }
    ],
    "groups": [
        {
            "name": "奶盾",
            "opers": [
                {
                    "name": "黍",
                    "skill": 1,
                    "skill_usage": 0
                },
                {
                    "name": "塞雷娅",
                    "skill": 1,
                    "skill_usage": 0
                },
                {
                    "name": "临光",
                    "skill": 1,
                    "skill_usage": 0
                },
                {
                    "name": "古米",
                    "skill": 1,
                    "skill_usage": 0
                }
            ]
        }
    ],
    "actions": [
        {
            "name": "维什戴尔",
            "location": [
                5,
                7
            ],
            "direction": "Up",
            "type": "Deploy"
        },
        {
            "name": "蕾缪安",
            "location": [
                8,
                6
            ],
            "direction": "Up",
            "type": "Deploy"
        },
        {
            "name": "遥",
            "location": [
                7,
                7
            ],
            "direction": "Up",
            "type": "Deploy"
        },
        {
            "type": "Skill",
            "name": "维什戴尔",
            "location": [
                5,
                7
            ],
            "kills": 6
        },
        {
            "type": "Deploy",
            "location": [
                9,
                7
            ],
            "name": "奶盾",
            "direction": "Up"
        },
        {
            "name": "维什戴尔",
            "skill_usage": 1,
            "type": "SkillUsage"
        },
        {
            "type": "SpeedUp"
        },
        {
            "type": "SkillDaemon"
        }
    ]
}