{
    "stage_name": "act45side_08",
    "minimum_required": "v4.0.0",
    "doc": {
        "title": "【速刷】SS-8 - 童话的开场",
        "details": "——————————\n作业更新日期: 2025-09-04T17:18:39Z\n统计更新日期: 2025-09-06\n相对评分：82.80%  相对热度：60.93%\n来源：Dayheart  ID：67299\n——————————\n满配维什戴尔，能天使蕾缪安需要模组\n参考攻略：化学老施【SS-8【无忧梦呓】速刷】 https://www.bilibili.com/video/BV1gaamzUE2B/?p=5&share_source=copy_web&vd_source=cd91394ea743aa4106bdb38b56e52772"
    },
    "opers": [
        {
            "name": "维什戴尔",
            "skill": 3,
            "skill_usage": 0,
            "requirements": {
                "module": 1
            }
        },
        {
            "name": "新约能天使",
            "skill": 2,
            "skill_usage": 1,
            "requirements": {
                "module": 1
            }
        },
        {
            "name": "丰川祥子",
            "skill": 1,
            "skill_usage": 0
        },
        {
            "name": "三角初华",
            "skill": 1,
            "skill_usage": 0
        },
        {
            "name": "祐天寺若麦",
            "skill": 1,
            "skill_usage": 0
        },
        {
            "name": "若叶睦",
            "skill": 1,
            "skill_usage": 0
        },
        {
            "name": "蕾缪安",
            "skill": 2,
            "skill_usage": 1,
            "requirements": {
                "module": 2
            }
        },
        {
            "name": "棘刺",
            "skill": 3,
            "skill_usage": 1,
            "requirements": {
                "skill_level": 10
            }
        },
        {
            "skill_times": 1,
            "name": "山",
            "skill": 2,
            "skill_usage": 2
        }
    ],
    "groups": [
        {
            "name": "八幡海铃",
            "opers": [
                {
                    "name": "八幡海铃",
                    "skill": 1,
                    "skill_usage": 0
                },
                {
                    "name": "阿斯卡纶",
                    "skill": 1,
                    "skill_usage": 0
                },
                {
                    "name": "伊桑",
                    "skill": 1,
                    "skill_usage": 0
                }
            ]
        },
        {
            "name": "如塞雷娅",
            "opers": [
                {
                    "name": "塞雷娅",
                    "skill": 2,
                    "skill_usage": 0
                },
                {
                    "name": "黍",
                    "skill": 2,
                    "skill_usage": 1
                }
            ]
        }
    ],
    "actions": [
        {
            "type": "SpeedUp"
        },
        {
            "name": "维什戴尔",
            "location": [
                4,
                6
            ],
            "direction": "Up",
            "type": "Deploy"
        },
        {
            "type": "Deploy",
            "name": "山",
            "direction": "Up",
            "location": [
                9,
                7
            ]
        },
        {
            "name": "蕾缪安",
            "location": [
                5,
                7
            ],
            "direction": "Up",
            "type": "Deploy"
        },
        {
            "type": "Skill",
            "name": "维什戴尔",
            "location": [
                4,
                6
            ],
            "kills": 4
        },
        {
            "name": "新约能天使",
            "location": [
                4,
                2
            ],
            "direction": "Right",
            "type": "Deploy",
            "kills": 7
        },
        {
            "type": "Skill",
            "name": "新约能天使",
            "location": [
                4,
                2
            ],
            "kills": 13
        },
        {
            "name": "维什戴尔",
            "skill_usage": 1,
            "type": "SkillUsage"
        },
        {
            "name": "如塞雷娅",
            "location": [
                6,
                7
            ],
            "direction": "Up",
            "type": "Deploy",
            "kills": 0
        },
        {
            "type": "Retreat",
            "costs": 0,
            "kills": 18,
            "name": "山",
            "location": [
                9,
                7
            ]
        },
        {
            "type": "Deploy",
            "direction": "Up",
            "kills": 0,
            "name": "棘刺",
            "location": [
                9,
                7
            ]
        },
        {
            "type": "Retreat",
            "costs": 0,
            "name": "新约能天使",
            "location": [
                4,
                2
            ]
        },
        {
            "name": "新约能天使",
            "location": [
                8,
                7
            ],
            "direction": "Up",
            "type": "Deploy"
        },
        {
            "type": "SpeedUp",
            "kills": 24
        },
        {
            "name": "三角初华",
            "location": [
                6,
                2
            ],
            "direction": "Down",
            "type": "Deploy"
        },
        {
            "name": "八幡海铃",
            "location": [
                5,
                1
            ],
            "direction": "Down",
            "type": "Deploy"
        },
        {
            "name": "祐天寺若麦",
            "location": [
                7,
                1
            ],
            "direction": "Down",
            "type": "Deploy"
        },
        {
            "type": "SpeedUp"
        },
        {
            "name": "若叶睦",
            "location": [
                8,
                2
            ],
            "direction": "Down",
            "type": "Deploy"
        },
        {
            "type": "Retreat",
            "name": "蕾缪安",
            "location": [
                5,
                7
            ],
            "direction": "Down"
        },
        {
            "name": "丰川祥子",
            "location": [
                4,
                2
            ],
            "direction": "Down",
            "type": "Deploy"
        },
        {
            "name": "三角初华",
            "skill_usage": 1,
            "type": "SkillUsage",
            "location": [
                6,
                2
            ],
            "direction": "Down"
        },
        {
            "name": "祐天寺若麦",
            "skill_usage": 1,
            "type": "SkillUsage",
            "location": [
                7,
                1
            ],
            "direction": "Down"
        },
        {
            "name": "若叶睦",
            "skill_usage": 1,
            "type": "SkillUsage",
            "location": [
                8,
                2
            ],
            "direction": "Down"
        },
        {
            "type": "Retreat",
            "name": "如塞雷娅",
            "location": [
                6,
                7
            ]
        },
        {
            "type": "SpeedUp",
            "kills": 25
        },
        {
            "type": "Retreat",
            "name": "维什戴尔",
            "location": [
                4,
                6
            ]
        },
        {
            "type": "SpeedUp",
            "kills": 25
        },
        {
            "type": "Retreat",
            "name": "棘刺",
            "location": [
                9,
                7
            ]
        },
        {
            "type": "SpeedUp",
            "kills": 25
        },
        {
            "type": "Retreat",
            "name": "新约能天使",
            "location": [
                8,
                7
            ],
            "kills": 26
        },
        {
            "type": "SkillDaemon"
        }
    ],
    "version": 3
}