{
    "minimum_required": "v4.0.0",
    "stage_name": "act45side_08",
    "actions": [
        {
            "type": "SpeedUp"
        },
        {
            "type": "Deploy",
            "name": "蕾缪安",
            "location": [
                5,
                7
            ],
            "direction": "Up"
        },
        {
            "type": "Deploy",
            "name": "遥",
            "location": [
                4,
                7
            ],
            "direction": "Up"
        },
        {
            "type": "Deploy",
            "name": "乌尔比安",
            "location": [
                9,
                7
            ],
            "direction": "Up"
        },
        {
            "type": "Deploy",
            "name": "娜仁图亚",
            "location": [
                4,
                6
            ],
            "direction": "Up"
        },
        {
            "type": "Deploy",
            "name": "歌蕾蒂娅",
            "location": [
                6,
                7
            ],
            "direction": "Up"
        },
        {
            "type": "SkillDaemon"
        }
    ],
    "doc": {
        "title": "SS-8 - 童话的开场",
        "details": "——————————\n作业更新日期: 2025-09-04T13:25:42Z\n统计更新日期: 2025-09-06\n相对评分：86.02%  相对热度：64.01%\n来源：PotatoGad  ID：67251\n——————————\n哔哩哔哩緊急失控\n歌蒂x模\n蕾缪安原版是1技能，但是我没练，所以用2了\n【【无忧梦呓】SS-8 5人摆完挂机-哔哩哔哩】 https://www.bilibili.com/video/BV1H3amzAE5y"
    },
    "groups": [],
    "opers": [
        {
            "name": "乌尔比安",
            "skill": 2,
            "skill_usage": 0
        },
        {
            "name": "歌蕾蒂娅",
            "skill": 1,
            "skill_usage": 0
        },
        {
            "name": "娜仁图亚",
            "skill_usage": 2,
            "skill_times": 1,
            "skill": 1
        },
        {
            "name": "蕾缪安",
            "skill": 2,
            "skill_usage": 1
        },
        {
            "skill_times": 2,
            "name": "遥",
            "skill": 2,
            "skill_usage": 2
        }
    ]
}