{
    "stage_name": "act45side_ex08",
    "minimum_required": "v4.0.0",
    "doc": {
        "title": "SS-EX-8 - 童话的结局",
        "details": "——————————\n作业更新日期: 2025-09-12T05:33:46Z\n统计更新日期: 2025-09-15\n相对评分：94.00%  相对热度：67.12%\n来源：奶糖人27号  ID：68067\n——————————\n孑诺 https://www.bilibili.com/video/BV1enHizcEFJ?p=8"
    },
    "opers": [
        {
            "name": "德克萨斯",
            "skill": 1,
            "requirements": {
                "skill_level": 7
            }
        },
        {
            "name": "桃金娘",
            "skill": 1,
            "skill_usage": 1,
            "requirements": {
                "skill_level": 7
            }
        },
        {
            "name": "棘刺",
            "skill": 3,
            "skill_usage": 1,
            "requirements": {
                "skill_level": 10
            }
        },
        {
            "name": "艾雅法拉",
            "skill": 2,
            "requirements": {
                "skill_level": 10
            }
        },
        {
            "name": "逻各斯",
            "skill": 1,
            "requirements": {
                "skill_level": 10
            }
        },
        {
            "name": "铃兰",
            "skill": 2,
            "requirements": {
                "skill_level": 10
            }
        },
        {
            "name": "遥",
            "skill": 2,
            "skill_usage": 1,
            "requirements": {
                "skill_level": 10
            }
        },
        {
            "name": "夜莺",
            "skill": 2,
            "requirements": {
                "skill_level": 10
            }
        }
    ],
    "groups": [
        {
            "name": "行医",
            "opers": [
                {
                    "name": "纯烬艾雅法拉",
                    "skill": 1,
                    "requirements": {
                        "skill_level": 10
                    }
                },
                {
                    "name": "哈洛德",
                    "skill": 1,
                    "requirements": {
                        "skill_level": 7
                    }
                },
                {
                    "name": "蜜莓",
                    "skill": 1,
                    "requirements": {
                        "skill_level": 7
                    }
                },
                {
                    "name": "桑葚",
                    "skill": 1,
                    "requirements": {
                        "skill_level": 7
                    }
                }
            ]
        }
    ],
    "actions": [
        {
            "name": "桃金娘",
            "location": [
                7,
                2
            ],
            "direction": "Right",
            "type": "Deploy"
        },
        {
            "type": "SpeedUp"
        },
        {
            "name": "德克萨斯",
            "location": [
                9,
                6
            ],
            "direction": "Up",
            "type": "Deploy"
        },
        {
            "name": "遥",
            "location": [
                10,
                4
            ],
            "direction": "Left",
            "type": "Deploy"
        },
        {
            "name": "逻各斯",
            "location": [
                10,
                6
            ],
            "direction": "Up",
            "type": "Deploy"
        },
        {
            "name": "铃兰",
            "location": [
                10,
                3
            ],
            "direction": "Down",
            "type": "Deploy"
        },
        {
            "name": "行医",
            "location": [
                8,
                5
            ],
            "direction": "Right",
            "type": "Deploy"
        },
        {
            "name": "艾雅法拉",
            "location": [
                8,
                3
            ],
            "direction": "Down",
            "type": "Deploy"
        },
        {
            "name": "夜莺",
            "location": [
                8,
                4
            ],
            "direction": "Right",
            "type": "Deploy"
        },
        {
            "type": "Retreat",
            "name": "德克萨斯",
            "location": [
                9,
                6
            ],
            "costs": 20
        },
        {
            "name": "棘刺",
            "location": [
                9,
                6
            ],
            "direction": "Up",
            "type": "Deploy"
        },
        {
            "name": "桃金娘",
            "skill_usage": 0,
            "type": "SkillUsage"
        },
        {
            "type": "SkillDaemon"
        }
    ],
    "version": 3
}