{
    "stage_name": "act45side_ex08",
    "minimum_required": "v4.0.0",
    "doc": {
        "title": "SS-EX-8",
        "details": "——————————\n作业更新日期: 2025-09-12T04:14:28Z\n统计更新日期: 2025-09-15\n相对评分：92.00%  相对热度：66.44%\n来源：酷酷酷的贤  ID：67976\n——————————\n原作者柠檬味の小小猪  Q JSON作者酷酷酷的贤\n逻格斯塑心三级模组  ASKL一级模组 专三\n视频链接：https://www.bilibili.com/video/BV1Z4HYz8EED/?spm_id_from=333.337.search-card.all.click&vd_source=4e7ec4b937f66b9d7085f700ff7d086f"
    },
    "opers": [
        {
            "name": "逻各斯",
            "skill": 1,
            "requirements": {
                "skill_level": 10,
                "module": 4
            }
        },
        {
            "name": "塑心",
            "skill": 1,
            "requirements": {
                "skill_level": 10,
                "module": 1
            }
        },
        {
            "name": "遥",
            "skill": 2,
            "skill_usage": 1,
            "requirements": {
                "skill_level": 10,
                "module": 2
            }
        },
        {
            "name": "阿斯卡纶",
            "skill": 1,
            "requirements": {
                "skill_level": 10,
                "module": 1
            }
        },
        {
            "name": "德克萨斯",
            "skill": 1,
            "requirements": {
                "skill_level": 7,
                "module": 2
            }
        },
        {
            "name": "艾雅法拉",
            "skill": 1,
            "requirements": {
                "skill_level": 10
            }
        }
    ],
    "groups": [
        {
            "name": "奶盾",
            "opers": [
                {
                    "name": "黍",
                    "skill": 1,
                    "requirements": {
                        "skill_level": 10,
                        "module": 1
                    }
                },
                {
                    "name": "塞雷娅",
                    "skill": 1,
                    "requirements": {
                        "skill_level": 10,
                        "module": -1
                    }
                }
            ]
        }
    ],
    "actions": [
        {
            "name": "遥",
            "location": [
                8,
                4
            ],
            "direction": "Right",
            "type": "Deploy"
        },
        {
            "name": "塑心",
            "location": [
                10,
                3
            ],
            "direction": "Down",
            "type": "Deploy"
        },
        {
            "name": "德克萨斯",
            "location": [
                5,
                6
            ],
            "direction": "Right",
            "type": "Deploy"
        },
        {
            "name": "逻各斯",
            "location": [
                8,
                3
            ],
            "direction": "Right",
            "type": "Deploy"
        },
        {
            "name": "阿斯卡纶",
            "location": [
                8,
                2
            ],
            "direction": "Right",
            "type": "Deploy"
        },
        {
            "type": "SpeedUp"
        },
        {
            "type": "SkillDaemon"
        }
    ],
    "version": 3,
    "difficulty": 3
}