{
    "minimum_required": "v4.0.0",
    "stage_name": "act45side_ex08",
    "actions": [
        {
            "type": "Deploy",
            "name": "桃金娘",
            "location": [
                7,
                6
            ],
            "direction": "Right"
        },
        {
            "type": "SpeedUp"
        },
        {
            "type": "Deploy",
            "name": "玛恩纳",
            "location": [
                9,
                6
            ],
            "direction": "Up"
        },
        {
            "type": "Deploy",
            "name": "斑点",
            "direction": "Right",
            "location": [
                8,
                6
            ]
        },
        {
            "type": "Deploy",
            "direction": "Right",
            "name": "夜莺",
            "location": [
                8,
                5
            ]
        },
        {
            "type": "Deploy",
            "name": "维什戴尔",
            "location": [
                8,
                4
            ],
            "direction": "Right"
        },
        {
            "type": "Deploy",
            "direction": "Up",
            "name": "铃兰",
            "location": [
                10,
                6
            ]
        },
        {
            "type": "Retreat",
            "name": "桃金娘"
        },
        {
            "type": "Skill",
            "kills": 4,
            "pre_delay": 12000,
            "name": "铃兰"
        },
        {
            "type": "Skill",
            "pre_delay": 2500,
            "name": "维什戴尔"
        },
        {
            "type": "Retreat",
            "name": "斑点",
            "pre_delay": 1000
        },
        {
            "type": "Deploy",
            "direction": "Right",
            "name": "古米",
            "location": [
                8,
                6
            ],
            "pre_delay": 50
        },
        {
            "type": "SkillUsage",
            "skill_usage": 1,
            "pre_delay": 10000,
            "name": "黍"
        },
        {
            "type": "Skill",
            "pre_delay": 5000,
            "name": "玛恩纳"
        },
        {
            "type": "Skill",
            "name": "夜莺",
            "pre_delay": 10000
        },
        {
            "type": "Skill",
            "pre_delay": 24500,
            "name": "玛恩纳"
        },
        {
            "type": "Skill",
            "pre_delay": 50,
            "name": "铃兰"
        },
        {
            "type": "Skill",
            "name": "维什戴尔",
            "pre_delay": 50
        },
        {
            "type": "SkillUsage",
            "skill_times": 1,
            "name": "维什戴尔",
            "skill_usage": 2,
            "kills": 10
        },
        {
            "type": "SkillUsage",
            "skill_times": 1,
            "pre_delay": 20000,
            "name": "玛恩纳",
            "skill_usage": 2
        },
        {
            "type": "SkillDaemon"
        }
    ],
    "doc": {
        "title": "SS-EX-8 - 童话的结局",
        "details": "——————————\n作业更新日期: 2025-09-12T12:50:37Z\n统计更新日期: 2025-09-15\n相对评分：98.00%  相对热度：93.69%\n来源：焕彩gg  ID：67922\n——————————\nB站ID：焕彩GG 主页：https://space.bilibili.com/10123796\n本作业已开启截图增强\n求关注。"
    },
    "groups": [
        {
            "name": "古米",
            "opers": [
                {
                    "name": "古米",
                    "skill": 1,
                    "skill_usage": 0
                },
                {
                    "name": "黍",
                    "skill": 3,
                    "skill_usage": 0
                }
            ]
        }
    ],
    "opers": [
        {
            "name": "维什戴尔",
            "requirements": {
                "level": 90,
                "skill_level": 10,
                "module": 1
            },
            "skill": 3
        },
        {
            "name": "玛恩纳",
            "skill": 3,
            "skill_usage": 2,
            "skill_times": 1
        },
        {
            "name": "夜莺",
            "skill": 3,
            "skill_usage": 0
        },
        {
            "name": "桃金娘",
            "skill": 1,
            "skill_usage": 1
        },
        {
            "name": "铃兰",
            "skill": 3,
            "skill_usage": 0
        },
        {
            "name": "斑点",
            "skill": 1,
            "skill_usage": 0
        }
    ],
    "difficulty": 3
}