{
    "minimum_required": "v4.0.0",
    "stage_name": "act45side_ex08",
    "actions": [
        {
            "type": "Deploy",
            "name": "娜仁图亚",
            "location": [
                10,
                4
            ],
            "direction": "Up"
        },
        {
            "type": "SpeedUp"
        },
        {
            "type": "Deploy",
            "name": "遥",
            "location": [
                8,
                4
            ],
            "direction": "Right"
        },
        {
            "type": "Deploy",
            "name": "逻各斯",
            "location": [
                8,
                5
            ],
            "direction": "Right"
        },
        {
            "type": "Deploy",
            "name": "维什戴尔",
            "location": [
                8,
                3
            ],
            "direction": "Right"
        },
        {
            "type": "Deploy",
            "name": "乌尔比安",
            "location": [
                9,
                6
            ],
            "direction": "Up"
        },
        {
            "type": "SkillDaemon"
        }
    ],
    "doc": {
        "title": "饼干组挂机丨SS-EX-8 - 童话的结局",
        "details": "——————————\n作业更新日期: 2025-09-11T22:45:18Z\n统计更新日期: 2025-09-15\n相对评分：94.00%  相对热度：69.14%\n来源：渡边草莓  ID：68006\n——————————\n原作者：紧急失控\n原视频：https://www.bilibili.com/video/BV1MTHYzVETv\n一次没过多试几遍"
    },
    "groups": [],
    "opers": [
        {
            "name": "乌尔比安",
            "skill": 2,
            "skill_usage": 0
        },
        {
            "skill_times": 1,
            "name": "娜仁图亚",
            "skill_usage": 2,
            "skill": 1
        },
        {
            "name": "逻各斯",
            "skill": 1,
            "skill_usage": 0
        },
        {
            "name": "维什戴尔",
            "skill": 3,
            "skill_usage": 1
        },
        {
            "skill_times": 2,
            "name": "遥",
            "skill": 2,
            "skill_usage": 2
        }
    ],
    "difficulty": 3
}