{
    "stage_name": "act45side_ex04",
    "minimum_required": "v4.0.0",
    "doc": {
        "title": "SS-EX-4 - 第四篇·轻轻眨眼",
        "details": "——————————\n作业更新日期: 2025-09-14T09:51:45Z\n统计更新日期: 2025-09-15\n相对评分：98.00%  相对热度：67.55%\n来源：咕咕嘎嘎  ID：68163\n——————————\n作者：小刻awa\n链接：www.bilibili.com/video/BV15iHYzWEry"
    },
    "opers": [
        {
            "name": "黍",
            "skill": 1,
            "requirements": {
                "skill_level": 10,
                "module": 1
            }
        },
        {
            "name": "娜仁图亚",
            "skill": 1,
            "skill_usage": 2,
            "skill_times": 1,
            "requirements": {
                "skill_level": 10
            }
        }
    ],
    "groups": [],
    "actions": [
        {
            "name": "黍",
            "location": [
                10,
                2
            ],
            "direction": "Up",
            "type": "Deploy"
        },
        {
            "type": "SpeedUp"
        },
        {
            "name": "娜仁图亚",
            "location": [
                9,
                3
            ],
            "direction": "Up",
            "type": "Deploy"
        },
        {
            "type": "SkillDaemon"
        }
    ],
    "version": 3,
    "difficulty": 3
}