{
    "stage_name": "act45side_ex04",
    "minimum_required": "v4.0.0",
    "doc": {
        "title": "SS-EX-4 第 四 篇 · 轻 轻 眨 眼（一队通关）",
        "details": "——————————\n作业更新日期: 2025-09-11T11:08:16Z\n统计更新日期: 2025-09-15\n相对评分：99.00%  相对热度：73.73%\n来源：.02.  ID：67853\n——————————\n一队通关 不节省干员\n\njson作者：02\n三连一下呗\n【SS-EX-1至SS-EX-8突袭 一队通关 摆完挂机】 https://www.bilibili.com/video/BV1vGHezZEuK/?p=4&share_source=copy_web&vd_source=412c317895f1eae662d47fa0729b2e39"
    },
    "opers": [
        {
            "name": "棘刺",
            "skill": 3,
            "skill_usage": 1
        },
        {
            "name": "娜仁图亚",
            "skill": 1,
            "skill_usage": 2,
            "skill_times": 1
        },
        {
            "name": "遥",
            "skill": 2,
            "skill_usage": 1
        }
    ],
    "groups": [
        {
            "name": "奶盾",
            "opers": [
                {
                    "name": "黍",
                    "skill": 1,
                    "skill_usage": 0
                },
                {
                    "name": "塞雷娅",
                    "skill": 1,
                    "skill_usage": 0
                }
            ]
        },
        {
            "name": "反隐",
            "opers": [
                {
                    "name": "伊内丝",
                    "skill": 1,
                    "skill_usage": 0
                },
                {
                    "name": "银灰",
                    "skill": 1,
                    "skill_usage": 0
                }
            ]
        },
        {
            "name": "伤害",
            "opers": [
                {
                    "name": "塑心",
                    "skill": 1,
                    "requirements": {
                        "skill_level": 10
                    }
                },
                {
                    "name": "酒神",
                    "skill": 1,
                    "requirements": {
                        "skill_level": 10
                    }
                }
            ]
        },
        {
            "name": "术士",
            "opers": [
                {
                    "name": "艾雅法拉",
                    "skill": 2,
                    "requirements": {
                        "skill_level": 10
                    }
                },
                {
                    "name": "逻各斯",
                    "skill": 1,
                    "skill_usage": 0
                }
            ]
        },
        {
            "name": "先锋",
            "opers": [
                {
                    "name": "贾维",
                    "skill": 1,
                    "requirements": {
                        "skill_level": 7
                    }
                },
                {
                    "name": "德克萨斯",
                    "skill": 1,
                    "requirements": {
                        "skill_level": 7
                    }
                }
            ]
        },
        {
            "opers": [
                {
                    "name": "阿斯卡纶",
                    "skill": 1,
                    "skill_usage": 0
                },
                {
                    "name": "狮蝎",
                    "skill": 1,
                    "skill_usage": 0
                }
            ],
            "name": "地刺"
        }
    ],
    "actions": [
        {
            "type": "Deploy",
            "name": "先锋",
            "direction": "Down",
            "location": [
                10,
                3
            ]
        },
        {
            "type": "SpeedUp",
            "pre_delay": 300
        },
        {
            "type": "Deploy",
            "name": "反隐",
            "direction": "Down",
            "location": [
                10,
                1
            ]
        },
        {
            "type": "Deploy",
            "name": "娜仁图亚",
            "direction": "Up",
            "location": [
                9,
                3
            ]
        },
        {
            "type": "Deploy",
            "name": "遥",
            "direction": "Left",
            "location": [
                9,
                2
            ]
        },
        {
            "type": "Deploy",
            "name": "奶盾",
            "direction": "Down",
            "location": [
                10,
                2
            ]
        },
        {
            "type": "SkillDaemon"
        }
    ],
    "version": 3,
    "difficulty": 3
}