{
    "minimum_required": "v4.0.0",
    "stage_name": "act45side_ex01",
    "actions": [
        {
            "type": "SpeedUp"
        },
        {
            "type": "Deploy",
            "name": "能天使",
            "location": [
                5,
                4
            ],
            "direction": "Right"
        },
        {
            "type": "Deploy",
            "name": "德克萨斯",
            "location": [
                3,
                1
            ],
            "direction": "Down"
        },
        {
            "type": "Deploy",
            "name": "煌",
            "location": [
                4,
                2
            ],
            "direction": "Left"
        },
        {
            "type": "Deploy",
            "name": "元素奶",
            "location": [
                2,
                2
            ],
            "direction": "Right"
        },
        {
            "type": "Deploy",
            "name": "术师",
            "location": [
                9,
                6
            ],
            "direction": "Up"
        },
        {
            "type": "SkillDaemon"
        }
    ],
    "doc": {
        "title": "SS-EX-1 - 第一篇·糖果小屋",
        "details": "——————————\n作业更新日期: 2025-09-11T12:01:01Z\n统计更新日期: 2025-09-15\n相对评分：99.00%  相对热度：71.27%\n来源：sads  ID：67875\n——————————\n【【无忧梦呓】SS-EX-1至SS-EX-8挂机流，突袭也不愁！语音快乐详解，轻松解放双手 | 明日方舟攻略(分p更新中)】 https://www.bilibili.com/video/BV1hWHeznELM/?share_source=copy_web&vd_source=1dc22fa13576dae3de5c9a1025c9d4f7"
    },
    "groups": [
        {
            "name": "元素奶",
            "opers": [
                {
                    "name": "纯烬艾雅法拉",
                    "skill": 1,
                    "skill_usage": 0
                },
                {
                    "name": "蜜莓",
                    "skill": 1,
                    "skill_usage": 0
                }
            ]
        },
        {
            "name": "术师",
            "opers": [
                {
                    "name": "逻各斯",
                    "skill": 1,
                    "skill_usage": 0
                },
                {
                    "name": "艾雅法拉",
                    "skill": 2,
                    "skill_usage": 0
                }
            ]
        }
    ],
    "opers": [
        {
            "name": "德克萨斯",
            "skill": 1,
            "skill_usage": 0
        },
        {
            "name": "煌",
            "skill": 2,
            "skill_usage": 0
        },
        {
            "name": "能天使",
            "skill": 3,
            "skill_usage": 0
        }
    ],
    "difficulty": 3
}