{
    "minimum_required": "v4.0.0",
    "stage_name": "SS-EX-1",
    "actions": [
        {
            "type": "SpeedUp"
        },
        {
            "type": "Deploy",
            "name": "桃金娘",
            "location": [
                3,
                1
            ],
            "direction": "Down"
        },
        {
            "type": "Deploy",
            "name": "维什戴尔",
            "location": [
                2,
                4
            ],
            "direction": "Right"
        },
        {
            "type": "Deploy",
            "name": "克洛丝",
            "direction": "Right",
            "location": [
                7,
                4
            ]
        },
        {
            "type": "Deploy",
            "name": "安德切尔",
            "location": [
                8,
                6
            ],
            "direction": "Up"
        },
        {
            "type": "Deploy",
            "name": "巡林者",
            "location": [
                9,
                6
            ],
            "direction": "Up"
        },
        {
            "type": "SkillUsage",
            "name": "维什戴尔",
            "skill_usage": 1
        },
        {
            "type": "SkillDaemon"
        }
    ],
    "doc": {
        "title": "SS-EX-1",
        "details": "——————————\n作业更新日期: 2025-09-11T11:56:15Z\n统计更新日期: 2025-09-15\n相对评分：97.00%  相对热度：67.17%\n来源：焕彩gg  ID：67844\n——————————\nB站ID：焕彩GG 主页：https://space.bilibili.com/10123796\n本作业已开启截图增强\n求关注。"
    },
    "groups": [
        {
            "name": "巡林者",
            "opers": [
                {
                    "name": "能天使",
                    "skill": 3,
                    "skill_usage": 0
                },
                {
                    "name": "巡林者",
                    "skill": 1,
                    "skill_usage": 0
                }
            ]
        }
    ],
    "opers": [
        {
            "name": "桃金娘",
            "skill": 1,
            "skill_usage": 2,
            "skill_times": 2
        },
        {
            "name": "克洛丝",
            "skill": 1,
            "skill_usage": 0
        },
        {
            "name": "安德切尔",
            "skill": 1,
            "skill_usage": 0
        },
        {
            "name": "维什戴尔",
            "requirements": {
                "level": 90,
                "skill_level": 10,
                "module": 1
            },
            "skill": 3,
            "skill_times": 1,
            "skill_usage": 2
        }
    ],
    "difficulty": 3
}