{
    "minimum_required": "v4.0.0",
    "stage_name": "act9d0_05",
    "actions": [
        {
            "type": "SpeedUp"
        },
        {
            "type": "Deploy",
            "name": "煌",
            "location": [
                1,
                6
            ],
            "direction": "Right"
        },
        {
            "type": "Deploy",
            "name": "傀影",
            "location": [
                2,
                3
            ],
            "direction": "Left",
            "kills": 2
        },
        {
            "type": "Retreat",
            "location": [
                2,
                3
            ],
            "kills": 4
        },
        {
            "type": "Deploy",
            "name": "山",
            "location": [
                1,
                3
            ],
            "direction": "Right"
        },
        {
            "type": "Deploy",
            "name": "傀影",
            "location": [
                3,
                6
            ],
            "cooling": 0,
            "direction": "Left"
        },
        {
            "type": "Retreat",
            "location": [
                3,
                6
            ],
            "kills": 8
        },
        {
            "type": "Deploy",
            "name": "塞雷娅",
            "location": [
                2,
                6
            ],
            "direction": "Right"
        }
    ],
    "doc": {
        "title": "【模组任务】DM-5 傀影 第二模组 “如影随形” 摆完挂机",
        "details": "作业更新日期: 2023-07-14T11:05:55Z\n统计更新日期: 2024-08-30\n好评率：87.5%  浏览量：488\n来源：SkadeYYDS  ID：24611\n随便写的 凑活用吧\n人均2603 自己测试过\n有问题评论区反馈"
    },
    "groups": [],
    "opers": [
        {
            "name": "煌",
            "skill": 2,
            "skill_usage": 0
        },
        {
            "name": "山",
            "skill": 2,
            "skill_usage": 2
        },
        {
            "name": "塞雷娅",
            "skill": 1,
            "skill_usage": 0
        },
        {
            "name": "傀影",
            "skill": 2,
            "skill_usage": 0
        }
    ]
}