{
    "minimum_required": "v4.0.0",
    "stage_name": "act9d0_03",
    "actions": [
        {
            "type": "Deploy",
            "name": "山",
            "location": [
                8,
                2
            ],
            "direction": "Left"
        },
        {
            "type": "Deploy",
            "name": "尖兵",
            "location": [
                8,
                5
            ],
            "direction": "Left"
        },
        {
            "type": "SpeedUp"
        },
        {
            "type": "Deploy",
            "name": "莫斯提马",
            "location": [
                8,
                4
            ],
            "direction": "Left"
        },
        {
            "type": "Skill",
            "kills": 25,
            "name": "莫斯提马",
            "location": [
                8,
                4
            ]
        },
        {
            "type": "SkillDaemon"
        }
    ],
    "doc": {
        "title": "生于黑夜·复刻 - DM-3 - 挤压 - 莫斯提马模组任务（二模）",
        "details": "作业更新日期: 2024-07-09T05:05:19Z\n统计更新日期: 2024-08-23\n好评率：57.14%  浏览量：265\n来源：小卡拉帕鲁灰  ID：39240\n牢莫"
    },
    "groups": [
        {
            "name": "尖兵",
            "opers": [
                {
                    "name": "推进之王",
                    "skill": 2,
                    "skill_usage": 0
                },
                {
                    "name": "嵯峨",
                    "skill": 3,
                    "skill_usage": 1
                }
            ]
        }
    ],
    "opers": [
        {
            "name": "莫斯提马",
            "skill": 3,
            "skill_usage": 0
        },
        {
            "name": "山",
            "skill": 2,
            "skill_usage": 2,
            "skill_times": 1
        }
    ]
}