{
    "minimum_required": "v4.0.0",
    "stage_name": "mem_kroos_1",
    "actions": [
        {
            "type": "Deploy",
            "name": "克洛丝",
            "location": [
                5,
                4
            ],
            "direction": "Right"
        },
        {
            "type": "SpeedUp"
        },
        {
            "type": "Deploy",
            "name": "阿米娅",
            "location": [
                4,
                4
            ],
            "direction": "Left"
        },
        {
            "type": "Deploy",
            "name": "讯使",
            "location": [
                4,
                5
            ],
            "direction": "Left"
        },
        {
            "type": "Deploy",
            "name": "米格鲁",
            "location": [
                6,
                3
            ],
            "direction": "Up"
        },
        {
            "type": "Skill",
            "name": "讯使",
            "location": [
                4,
                5
            ],
            "kills": 7
        },
        {
            "type": "Deploy",
            "name": "远山",
            "location": [
                5,
                3
            ],
            "direction": "Right"
        },
        {
            "type": "Deploy",
            "name": "白面鸮",
            "location": [
                5,
                2
            ],
            "direction": "Down"
        },
        {
            "type": "Skill",
            "name": "米格鲁",
            "location": [
                6,
                3
            ],
            "costs": 7
        },
        {
            "type": "Deploy",
            "name": "末药",
            "location": [
                3,
                4
            ],
            "direction": "Right"
        },
        {
            "type": "Skill",
            "name": "白面鸮",
            "location": [
                5,
                2
            ],
            "costs": 13
        },
        {
            "type": "Skill",
            "name": "讯使",
            "location": [
                4,
                5
            ],
            "costs": 18
        },
        {
            "type": "Skill",
            "name": "阿米娅",
            "location": [
                4,
                4
            ]
        },
        {
            "type": "Skill",
            "name": "远山",
            "location": [
                5,
                3
            ],
            "costs": 58
        },
        {
            "type": "Skill",
            "location": [
                7,
                3
            ],
            "kills": 33
        },
        {
            "type": "Skill",
            "name": "米格鲁",
            "location": [
                6,
                3
            ]
        }
    ],
    "doc": {
        "title": "狙击 - 克洛丝 - 模拟场景1122K 悖论模拟",
        "details": "——————————\n作业更新日期: 2023-08-21T05:06:44Z\n统计更新日期: 2025-06-17\n好评率：97.22%  浏览量：1272\n来源：和泉纱雾  ID：26254\n——————————\n作者：天极银河\n视频：https://www.bilibili.com/video/BV1eB4y117uo/"
    },
    "groups": [],
    "opers": []
}