{
    "minimum_required": "v4.0.0",
    "stage_name": "mem_cetsyr_1",
    "actions": [
        {
            "type": "Deploy",
            "name": "障碍物",
            "location": [
                8,
                3
            ],
            "direction": "None"
        },
        {
            "type": "SpeedUp"
        },
        {
            "type": "Deploy",
            "name": "魔王",
            "direction": "Right",
            "location": [
                2,
                4
            ]
        },
        {
            "type": "Deploy",
            "name": "阿米娅",
            "direction": "Right",
            "location": [
                2,
                3
            ]
        },
        {
            "type": "Skill",
            "location": [
                2,
                5
            ],
            "costs": 17
        },
        {
            "type": "Skill",
            "name": "魔王",
            "costs": 24
        },
        {
            "type": "Skill",
            "kills": 14,
            "pre_delay": 9000,
            "name": "魔王"
        },
        {
            "type": "Skill",
            "name": "阿米娅"
        },
        {
            "type": "Skill",
            "location": [
                1,
                3
            ]
        },
        {
            "type": "Skill",
            "location": [
                2,
                5
            ]
        },
        {
            "type": "SkillDaemon"
        }
    ],
    "doc": {
        "title": "辅助 - 魔王 - 一段未完演练",
        "details": "——————————\n作业更新日期: 2025-11-02T03:14:37Z\n统计更新日期: 2025-11-03\n相对评分：58.160000000000004%  相对热度：39.300000000000004%\n来源：萨拉托加  ID：73523\n——————————\n哇，有魔王的悖论模拟了耶\n要说悖论模拟肯定是要展现三技能强大的保人能力吧\n二技能的束缚加真伤也有说法\n一技能的永续也不是不行\n什么叫是否关闭全舰防御系统？"
    },
    "groups": [],
    "opers": [
        {
            "name": "魔王",
            "skill": 3,
            "skill_usage": 0
        }
    ]
}