{
    "minimum_required": "v4.0.0",
    "doc": {
        "title": "第十二章 惊霆无声 - 12-6（磨难）令单人",
        "details": "作业更新日期: 2023-04-08T06:45:56Z\n统计更新日期: 2024-08-03\n好评率：80.0%  浏览量：2335\n来源：一只摆烂的42  ID：22387\nKe_lin\n原视频：https://www.bilibili.com/video/BV1km4y1B7Jh\n——————\n德克萨斯用于补费\n——————\n制作者：一只摆烂的42\n有问题联系QQ2586582719\n请不要使用adb input否则操作过慢。\n——————\n诚邀您参与【12章磨难低配作业需求调查】\nhttps://www.wjx.cn/vm/eToOAgs.aspx# \n如果需要剩余12章低配作业请麻烦填写一下\n——————"
    },
    "stage_name": "tough_12-05",
    "opers": [
        {
            "name": "令",
            "skill": 3,
            "skill_usage": 0
        },
        {
            "name": "德克萨斯",
            "skill": 1,
            "skill_usage": 0
        }
    ],
    "actions": [
        {
            "type": "SpeedUp",
            "name": ""
        },
        {
            "type": "部署",
            "name": "令",
            "location": [
                4,
                2
            ],
            "direction": "左"
        },
        {
            "type": "部署",
            "name": "“弦惊”",
            "location": [
                1,
                1
            ],
            "direction": "右"
        },
        {
            "type": "部署",
            "name": "“弦惊”",
            "location": [
                3,
                3
            ],
            "direction": "右"
        },
        {
            "type": "部署",
            "name": "“弦惊”",
            "location": [
                4,
                3
            ],
            "direction": "左"
        },
        {
            "type": "技能",
            "cost_changes": 10,
            "name": "令"
        },
        {
            "type": "部署",
            "name": "“弦惊”",
            "location": [
                2,
                1
            ],
            "direction": "左"
        },
        {
            "type": "部署",
            "name": "“弦惊”",
            "location": [
                3,
                1
            ],
            "direction": "左"
        },
        {
            "type": "部署",
            "kills": 15,
            "name": "“弦惊”",
            "location": [
                2,
                1
            ],
            "direction": "左"
        },
        {
            "type": "SkillUsage",
            "name": "令",
            "skill_usage": 1
        },
        {
            "type": "部署",
            "name": "“弦惊”",
            "location": [
                1,
                2
            ],
            "direction": "上"
        },
        {
            "type": "部署",
            "name": "“弦惊”",
            "location": [
                1,
                1
            ],
            "direction": "右"
        },
        {
            "type": "SkillDaemon"
        }
    ],
    "groups": []
}