{
  "minimum_required": "v4.0.0",
  "stage_name": "act29side_02",
  "actions": [
    {
      "type": "Deploy",
      "name": "煌",
      "location": [
        7,
        2
      ],
      "direction": "Down"
    },
    {
      "type": "SpeedUp"
    },
    {
      "type": "Deploy",
      "name": "塞雷娅",
      "location": [
        8,
        4
      ],
      "direction": "Left"
    }
  ],
  "doc": {
    "title": "崔林特尔梅之金 - ZT-2 - 序曲“哨兵”",
    "details": "ZT-2\n已测试\n【【崔林特尔梅之金】ZT-2摆完挂机简单好抄明日方舟zt2】 https://www.bilibili.com/video/BV1uQ4y1p758/?share_source=copy_web&vd_source=3fd5040fe25f6a00e19e6072bcccfa4e\nUP祈星_Estrella"
  },
  "groups": [],
  "opers": [
    {
      "name": "煌",
      "skill": 2,
      "skill_usage": 0
    },
    {
      "name": "塞雷娅",
      "skill": 2,
      "skill_usage": 0
    }
  ]
}