{
  "minimum_required": "v4.0.0",
  "stage_name": "act29side_06",
  "actions": [
    {
      "type": "SpeedUp"
    },
    {
      "type": "Deploy",
      "name": "塞雷娅",
      "location": [
        2,
        3
      ],
      "direction": "Right"
    },
    {
      "type": "Deploy",
      "name": "能天使",
      "location": [
        1,
        2
      ],
      "direction": "Right"
    },
    {
      "type": "Deploy",
      "name": "艾雅法拉",
      "location": [
        2,
        2
      ],
      "direction": "Right"
    },
    {
      "type": "Output",
      "doc_color": "Gray",
      "doc": "觉得不错可以点个三连~"
    },
    {
      "type": "SkillDaemon"
    }
  ],
  "doc": {
    "title": "【明日方舟】崔林特尔梅之金 ZT-6 华尔兹‘假面’摆完挂机 简单好抄",
    "details": "视频作者：厨师长衬衫\n\nhttps://www.bilibili.com/video/BV16N4y167Nk\n\njson作者：削肾客的救赎 有问题请联系qq399619550\n\nmaa问题就别联系了 哥们臭写作业的真不懂maa\n\n平均练度：2603\n\n已测试 削肾客的救赎"
  },
  "groups": [],
  "opers": [
    {
      "name": "能天使",
      "skill": 3,
      "skill_usage": 0
    },
    {
      "name": "塞雷娅",
      "skill": 1,
      "skill_usage": 0
    },
    {
      "name": "艾雅法拉",
      "skill": 2,
      "skill_usage": 0
    }
  ]
}