{
    "minimum_required": "v4.0.0",
    "stage_name": "main_09-11",
    "actions": [
        {
            "type": "SpeedUp"
        },
        {
            "type": "Deploy",
            "name": "煌",
            "location": [
                6,
                2
            ],
            "direction": "Down"
        },
        {
            "type": "Deploy",
            "name": "黑角",
            "location": [
                7,
                3
            ],
            "direction": "Left"
        },
        {
            "type": "Deploy",
            "name": "哈洛德",
            "location": [
                8,
                3
            ],
            "direction": "Left"
        },
        {
            "type": "SkillDaemon"
        }
    ],
    "doc": {
        "title": "哈洛德模组任务 - 9-13 - 腿部护理套装",
        "details": "作业更新日期: 2024-08-11T01:04:08Z\n统计更新日期: 2024-09-30\n好评率：66.67%  浏览量：69\n来源：一只摆烂的42  ID：40162\n哈洛德「腿部护理套装」模组任务\n3星通关主题曲9-13标准实战环境；必须编入非助战哈洛德并上场，且所有干员不被击倒\n原视频：https://www.bilibili.com/video/BV1CmiueJEXj\n制作者：一只摆烂的42\n有问题联系QQ2586582719\n修改自用请删除我的QQ"
    },
    "groups": [],
    "opers": [
        {
            "name": "哈洛德",
            "skill": 2,
            "skill_usage": 1
        },
        {
            "name": "煌",
            "skill": 1,
            "skill_usage": 0
        },
        {
            "name": "黑角",
            "skill": 1,
            "skill_usage": 0
        }
    ],
    "difficulty": 1
}