{
    "minimum_required": "v4.0.0",
    "stage_name": "act14side_02",
    "actions": [
        {
            "type": "SpeedUp"
        },
        {
            "type": "Deploy",
            "name": "煌",
            "location": [
                1,
                3
            ],
            "direction": "Up"
        },
        {
            "type": "Deploy",
            "name": "杏仁",
            "location": [
                4,
                3
            ],
            "direction": "Down"
        },
        {
            "type": "Skill",
            "cost_changes": 33,
            "name": "杏仁"
        },
        {
            "type": "Skill",
            "name": "杏仁",
            "costs": 72
        }
    ],
    "doc": {
        "title": "杏仁模组任务 - BI-2 - “毕业设计”",
        "details": "作业更新日期: 2024-07-07T01:36:08Z\n统计更新日期: 2024-07-07\n好评率：100.0%  浏览量：1\n来源：一只摆烂的42  ID：39175\n杏仁「“毕业设计”」模组任务\n3星通关别传BI-2；必须编入非助战杏仁并上场，且至少使用2次强力牵引\n原视频：https://www.bilibili.com/video/BV1ru4y1r7tB/\n制作者：一只摆烂的42\n有问题联系QQ2586582719\n修改自用请删除我的QQ"
    },
    "groups": [],
    "opers": [
        {
            "name": "杏仁",
            "skill": 2,
            "skill_usage": 0
        },
        {
            "name": "煌",
            "skill": 2,
            "skill_usage": 0
        }
    ]
}