{
    "minimum_required": "v4.0.0",
    "stage_name": "main_11-05",
    "actions": [
        {
            "type": "SpeedUp"
        },
        {
            "type": "Deploy",
            "name": "医疗",
            "location": [
                8,
                4
            ],
            "direction": "Left"
        },
        {
            "type": "Deploy",
            "name": "羽毛笔",
            "location": [
                7,
                3
            ],
            "direction": "Left",
            "costs": 34
        },
        {
            "type": "Deploy",
            "name": "林",
            "location": [
                5,
                4
            ],
            "direction": "Left",
            "kills": 2
        },
        {
            "type": "Deploy",
            "name": "白铁",
            "location": [
                5,
                3
            ],
            "direction": "Left",
            "kills": 22
        },
        {
            "type": "Deploy",
            "name": "铁钳号·原型机",
            "location": [
                6,
                3
            ],
            "direction": "Left"
        },
        {
            "type": "Skill",
            "name": "林",
            "location": [
                5,
                4
            ],
            "kills": 60
        },
        {
            "type": "SkillDaemon"
        }
    ],
    "doc": {
        "title": "林X、白铁X、羽毛笔X模组任务一起做",
        "details": "作业更新日期: 2023-09-25T16:23:39Z\n统计更新日期: 2024-08-03\n好评率：89.19%  浏览量：2450\n来源：Issuing2890  ID：28133\nLuCifer大膜王，https://www.bilibili.com/video/BV1bM4y1H7Bs\n模组任务：3星通关主题曲11-6；必须编入非助战XX干员并上场，\n白铁：至少歼灭15名萨卡兹枯朽战士\n羽毛笔：至少歼灭15个敌人\n林：不编入重装干员\n全员精二50级技7测试通过"
    },
    "groups": [
        {
            "name": "医疗",
            "opers": [
                {
                    "name": "闪灵",
                    "skill": 2,
                    "skill_usage": 0
                },
                {
                    "name": "纯烬艾雅法拉",
                    "skill": 1,
                    "skill_usage": 0
                },
                {
                    "name": "流明",
                    "skill": 3,
                    "skill_usage": 1
                },
                {
                    "name": "华法琳",
                    "skill": 1,
                    "skill_usage": 0
                }
            ]
        }
    ],
    "opers": [
        {
            "name": "白铁",
            "skill": 3,
            "skill_usage": 1
        },
        {
            "name": "林",
            "skill": 1,
            "skill_usage": 0
        },
        {
            "name": "羽毛笔",
            "skill": 1,
            "skill_usage": 0
        }
    ]
}