{
    "minimum_required": "v4.0.0",
    "stage_name": "main_11-06",
    "actions": [
        {
            "type": "SpeedUp"
        },
        {
            "type": "Deploy",
            "name": "泥岩",
            "location": [
                5,
                5
            ],
            "direction": "Right"
        },
        {
            "type": "Deploy",
            "name": "史尔特尔",
            "location": [
                10,
                1
            ],
            "direction": "Down"
        },
        {
            "type": "Deploy",
            "name": "医疗",
            "location": [
                2,
                2
            ],
            "direction": "Right"
        },
        {
            "type": "Deploy",
            "name": "山",
            "location": [
                5,
                1
            ],
            "direction": "Down"
        },
        {
            "type": "Skill",
            "name": "山",
            "location": [
                5,
                1
            ],
            "pre_delay": 5000
        },
        {
            "type": "SkillDaemon"
        }
    ],
    "doc": {
        "title": "第十一章 淬火尘霾 - 11-7（标准） 泥岩模组任务",
        "details": "统计日期：2024-05-31\n好评率：91.03%  浏览量：5452\n来源：小卡拉帕鲁灰🐖  ID：29633\n测试通过，任务要求只能带一个重装，你们别加干员了"
    },
    "groups": [
        {
            "name": "医疗",
            "opers": [
                {
                    "name": "纯烬艾雅法拉",
                    "skill": 1,
                    "skill_usage": 0
                },
                {
                    "name": "华法琳",
                    "skill": 1,
                    "skill_usage": 0
                },
                {
                    "name": "闪灵",
                    "skill": 2,
                    "skill_usage": 0
                },
                {
                    "name": "芙蓉",
                    "skill": 1,
                    "skill_usage": 0
                }
            ]
        }
    ],
    "opers": [
        {
            "name": "泥岩",
            "skill": 2,
            "skill_usage": 0
        },
        {
            "name": "史尔特尔",
            "skill": 3,
            "skill_usage": 1
        },
        {
            "name": "山",
            "skill": 2,
            "skill_usage": 0
        }
    ]
}