{
    "minimum_required": "v4.0.0",
    "stage_name": "act14side_06",
    "actions": [
        {
            "type": "Deploy",
            "name": "推进之王",
            "location": [
                2,
                2
            ],
            "direction": "Left"
        },
        {
            "type": "SpeedUp"
        },
        {
            "type": "Deploy",
            "name": "守护者",
            "location": [
                4,
                1
            ],
            "direction": "Left"
        },
        {
            "type": "Deploy",
            "name": "锏",
            "location": [
                3,
                2
            ],
            "direction": "Up"
        },
        {
            "type": "Deploy",
            "name": "医疗",
            "location": [
                5,
                3
            ],
            "direction": "Left"
        },
        {
            "type": "Skill",
            "name": "锏",
            "kills": 21,
            "pre_delay": 8000
        },
        {
            "type": "Skill",
            "name": "锏",
            "kills": 31,
            "pre_delay": 8000
        },
        {
            "type": "Skill",
            "name": "锏",
            "kills": 40,
            "pre_delay": 5000
        },
        {
            "type": "SkillUsage",
            "name": "锏",
            "skill_usage": 1
        },
        {
            "type": "SkillDaemon"
        }
    ],
    "doc": {
        "title": "锏模组任务 BI-6 - 歧路",
        "details": "作业更新日期: 2024-09-24T03:59:22Z\n统计更新日期: 2024-09-30\n好评率：100.0%  浏览量：25\n来源：云阳阳_  ID：41605\n锏2603，临光2803一级模组，推王精一80级；\n因为没有塞妈闪灵等老干员，就自己做了一个，看起来挺稳的\n参考作业：maa://30671，感谢大佬"
    },
    "groups": [
        {
            "name": "医疗",
            "opers": [
                {
                    "name": "闪灵",
                    "skill": 2,
                    "skill_usage": 0
                },
                {
                    "name": "流明",
                    "skill": 1,
                    "skill_usage": 0
                }
            ]
        },
        {
            "name": "守护者",
            "opers": [
                {
                    "name": "塞雷娅",
                    "skill": 1,
                    "skill_usage": 0
                },
                {
                    "name": "黍",
                    "skill": 1,
                    "skill_usage": 0
                },
                {
                    "name": "临光",
                    "skill": 1,
                    "skill_usage": 0
                }
            ]
        }
    ],
    "opers": [
        {
            "name": "锏",
            "skill": 3,
            "skill_usage": 0
        },
        {
            "name": "推进之王",
            "skill": 2,
            "skill_usage": 0
        }
    ]
}