{
    "minimum_required": "v4.0.0",
    "actions": [
        {
            "type": "SpeedUp"
        },
        {
            "type": "Deploy",
            "name": "苇草",
            "location": [
                7,
                1
            ],
            "direction": "Right"
        },
        {
            "type": "Deploy",
            "name": "煌",
            "location": [
                8,
                5
            ],
            "direction": "Left"
        },
        {
            "type": "Deploy",
            "name": "塞雷娅",
            "location": [
                9,
                5
            ],
            "direction": "Left"
        },
        {
            "type": "Output",
            "doc_color": "#6f42c1",
            "doc": "给个好评吧，亲~"
        }
    ],
    "doc": {
        "title": "苇草模组摆完挂机-枪刃清洁套装",
        "details": "——————————\n作业更新日期: 2023-02-18T00:53:51Z\n统计更新日期: 2025-07-23\n好评率：85.71%  浏览量：405\n来源：作业代传——有问题联系原作者  ID：20966\n——————————\n侬无言以对模组任务摆完挂机合集:BV1wU4y177Qu\n3星通关主题曲9-5；必须编入非助战苇草并上场，其他成员不可编入先锋干员\n筱竹聽雨"
    },
    "groups": [],
    "opers": [
        {
            "name": "煌",
            "skill": 2,
            "skill_usage": 0
        },
        {
            "name": "塞雷娅",
            "skill": 1,
            "skill_usage": 0
        },
        {
            "name": "苇草",
            "skill": 2,
            "skill_usage": 0
        }
    ],
    "stage_name": "main_09-04"
}