{
    "minimum_required": "v4.0.0",
    "stage_name": "pro_b_1",
    "actions": [
        {
            "type": "Deploy",
            "name": "棘刺",
            "location": [
                5,
                5
            ],
            "direction": "Up"
        },
        {
            "type": "SpeedUp"
        },
        {
            "type": "Skill",
            "costs": 50,
            "name": "棘刺",
            "location": [
                5,
                5
            ]
        },
        {
            "type": "SkillUsage",
            "name": "棘刺",
            "skill_usage": 1
        },
        {
            "type": "SkillDaemon"
        }
    ],
    "doc": {
        "title": "棘刺单人 摧枯拉朽 - PR-B-1 - 干涉",
        "details": "作业更新日期: 2024-06-03T04:55:09Z\n统计更新日期: 2024-11-30\n好评率：100.0%  浏览量：200\n来源：晓丶梦丶仁  ID：38281\n棘刺单人 摧枯拉朽 - PR-B-1 - 干涉"
    },
    "groups": [],
    "opers": [
        {
            "name": "棘刺",
            "skill": 3,
            "skill_usage": 0
        }
    ]
}