{
    "minimum_required": "v4.0.0",
    "stage_name": "pro_d_2",
    "actions": [
        {
            "type": "SpeedUp"
        },
        {
            "type": "Deploy",
            "name": "煌",
            "location": [
                3,
                6
            ],
            "direction": "Right"
        },
        {
            "type": "Deploy",
            "name": "棘刺",
            "location": [
                9,
                3
            ],
            "direction": "Down"
        },
        {
            "type": "Deploy",
            "name": "山",
            "location": [
                4,
                4
            ],
            "direction": "Right"
        },
        {
            "type": "SkillDaemon"
        }
    ],
    "doc": {
        "title": "身先士卒 - PR-D-2 - 猛攻 煌 山 棘刺 自用",
        "details": "统计日期：2024-06-01\n好评率：100.0%  浏览量：132\n来源：Chiho  ID：31811\n身先士卒 - PR-D-2 - 猛攻 煌 山 棘刺 自用"
    },
    "groups": [],
    "opers": [
        {
            "name": "煌",
            "skill": 2,
            "skill_usage": 0
        },
        {
            "name": "山",
            "skill": 2,
            "skill_usage": 2,
            "skill_times": 1
        },
        {
            "name": "棘刺",
            "skill": 3,
            "skill_usage": 1
        }
    ]
}