{
    "minimum_required": "v4.0.0",
    "stage_name": "wk_armor_5",
    "actions": [
        {
            "type": "SpeedUp"
        },
        {
            "type": "Deploy",
            "name": "山",
            "location": [
                5,
                5
            ],
            "direction": "Up",
            "costs": 5,
            "cost_changes": 10
        },
        {
            "type": "Deploy",
            "name": "百炼嘉维尔",
            "location": [
                4,
                5
            ],
            "direction": "Right",
            "costs": 15,
            "cost_changes": 20
        },
        {
            "type": "Deploy",
            "name": "维什戴尔",
            "location": [
                6,
                4
            ],
            "direction": "Left",
            "costs": 20,
            "cost_changes": 20
        }
    ],
    "doc": {
        "title": "资源保障 - SK-5 - 要塞清剿",
        "details": "作业更新日期: 2024-07-10T14:36:33Z\n统计更新日期: 2024-11-30\n好评率：100.0%  浏览量：26\n来源：2000000000000000  ID：39379\n自用"
    },
    "groups": [],
    "opers": [
        {
            "name": "维什戴尔",
            "skill": 3,
            "skill_usage": 1
        },
        {
            "name": "百炼嘉维尔",
            "skill": 2,
            "skill_usage": 1
        },
        {
            "skill_times": 1,
            "name": "山",
            "skill": 2,
            "skill_usage": 2
        }
    ]
}