{
    "minimum_required": "v4.0.0",
    "stage_name": "pro_b_1",
    "actions": [
        {
            "type": "SpeedUp"
        },
        {
            "type": "Deploy",
            "name": "棘刺",
            "location": [
                5,
                5
            ],
            "direction": "Up"
        },
        {
            "type": "Deploy",
            "name": "艾雅法拉",
            "location": [
                7,
                6
            ],
            "direction": "Left",
            "kills": 15
        },
        {
            "type": "SkillDaemon"
        }
    ],
    "doc": {
        "title": "【至高之术】PR-B-1 自用改",
        "details": "——————————\n作业更新日期: 2025-05-20T12:11:50Z\n统计更新日期: 2025-06-11\n好评率：100.0%  浏览量：31\n来源：Xiesta  ID：56372\n——————————\n\n实际作战：棘刺.艾雅法拉"
    },
    "groups": [],
    "opers": [
        {
            "name": "棘刺",
            "skill": 3,
            "skill_usage": 1
        },
        {
            "name": "艾雅法拉",
            "skill": 2,
            "skill_usage": 0
        }
    ]
}