{
    "minimum_required": "v4.0.0",
    "stage_name": "act31side_ex04",
    "actions": [
        {
            "type": "Deploy",
            "name": "煌",
            "location": [
                4,
                7
            ],
            "direction": "Up"
        },
        {
            "type": "Deploy",
            "name": "山",
            "location": [
                4,
                1
            ],
            "direction": "Right"
        },
        {
            "type": "SpeedUp"
        },
        {
            "type": "Skill",
            "name": "山",
            "pre_delay": 3000
        },
        {
            "type": "SkillDaemon"
        }
    ],
    "doc": {
        "title": "HS-EX-4 - 插秧",
        "details": "作业更新日期: 2024-02-08T09:11:22Z\n统计更新日期: 2025-02-27\n好评率：99.85%  浏览量：41900\n来源：萨拉托加  ID：32703\n原作者萧然Q JSON作者萨拉托加\n作业交流群545928846，如果作业有问题可以加群找我，评论区不能及时回复，还可以去群里蹲我的新作业\n【【怀黍离】HS-EX-1至EX-8突袭 摆完挂机 简单好抄（持续更新中）】 https://www.bilibili.com/video/BV1aC411z7nB/?share_source=copy_web&vd_source=3fd5040fe25f6a00e19e6072bcccfa4e"
    },
    "groups": [],
    "opers": [
        {
            "name": "煌",
            "skill": 2,
            "skill_usage": 0
        },
        {
            "name": "山",
            "skill": 2,
            "skill_usage": 0
        }
    ],
    "difficulty": 3
}