{
    "minimum_required": "v4.0.0",
    "stage_name": "main_09-01",
    "actions": [
        {
            "type": "Deploy",
            "name": "煌",
            "location": [
                3,
                4
            ],
            "direction": "Left",
            "kills": 0,
            "costs": 24
        },
        {
            "type": "Deploy",
            "name": "山",
            "location": [
                3,
                3
            ],
            "direction": "Left",
            "costs": 12
        },
        {
            "type": "Deploy",
            "name": "能天使",
            "location": [
                5,
                2
            ],
            "direction": "Down",
            "costs": 13
        },
        {
            "type": "Deploy",
            "name": "夏栎",
            "location": [
                5,
                5
            ],
            "direction": "Up",
            "costs": 12
        },
        {
            "type": "SpeedUp",
            "cost_changes": 2
        },
        {
            "type": "SkillDaemon"
        }
    ],
    "doc": {
        "title": "第九章 风暴瞭望 - 9-2（标准） - 鬼魂危机 夏栎模组",
        "details": "作业更新日期: 2024-02-16T02:10:16Z\n统计更新日期: 2024-11-30\n好评率：100.0%  浏览量：315\n来源：最喜欢蓝白的  ID：32999\n参考视频BV1Dp4y1L7Ri"
    },
    "groups": [],
    "opers": [
        {
            "skill_times": 1,
            "name": "山",
            "skill": 2,
            "skill_usage": 2
        },
        {
            "name": "煌",
            "skill": 2,
            "skill_usage": 0
        },
        {
            "name": "能天使",
            "skill": 3,
            "skill_usage": 0
        },
        {
            "name": "夏栎",
            "skill": 2,
            "skill_usage": 1
        }
    ]
}