{
    "minimum_required": "v4.0.0",
    "stage_name": "main_03-08",
    "actions": [
        {
            "type": "SpeedUp"
        },
        {
            "type": "Deploy",
            "name": "速狙",
            "location": [
                5,
                3
            ],
            "direction": "Left"
        },
        {
            "type": "Deploy",
            "name": "火龙S黑角",
            "location": [
                7,
                5
            ],
            "direction": "Left"
        },
        {
            "type": "Deploy",
            "name": "棘刺",
            "location": [
                8,
                3
            ],
            "direction": "Left"
        },
        {
            "type": "Deploy",
            "name": "奶盾",
            "location": [
                8,
                4
            ],
            "direction": "Left"
        },
        {
            "type": "Skill",
            "name": "火龙S黑角",
            "kills": 13
        }
    ],
    "doc": {
        "title": "火龙S黑角模组任务 - 3-8 - 黑角的随身笔记",
        "details": "作业更新日期: 2024-07-07T01:23:36Z\n统计更新日期: 2024-11-30\n好评率：100.0%  浏览量：16\n来源：一只摆烂的42  ID：39167\n火龙S黑角「黑角的随身笔记」模组任务\n3星通关主题曲3-8；必须编入非助战火龙S黑角并上场，且使用火龙S黑角歼灭碎骨\n原视频：https://www.bilibili.com/video/BV1at421J7LW/\n制作者：一只摆烂的42\n有问题联系QQ2586582719\n修改自用请删除我的QQ"
    },
    "groups": [
        {
            "name": "速狙",
            "opers": [
                {
                    "name": "能天使",
                    "skill": 1,
                    "skill_usage": 0
                },
                {
                    "name": "克洛丝",
                    "skill": 1,
                    "skill_usage": 0
                }
            ]
        },
        {
            "name": "奶盾",
            "opers": [
                {
                    "name": "塞雷娅",
                    "skill": 1,
                    "skill_usage": 0
                },
                {
                    "name": "黍",
                    "skill": 1,
                    "skill_usage": 0
                },
                {
                    "name": "临光",
                    "skill": 1,
                    "skill_usage": 0
                }
            ]
        }
    ],
    "opers": [
        {
            "name": "火龙S黑角",
            "skill": 2,
            "skill_usage": 0
        },
        {
            "name": "棘刺",
            "skill": 3,
            "skill_usage": 1
        }
    ],
    "difficulty": 0
}