{
    "minimum_required": "v4.0.0",
    "stage_name": "main_11-04",
    "actions": [
        {
            "type": "Deploy",
            "name": "达格达",
            "location": [
                7,
                1
            ],
            "direction": "Down"
        },
        {
            "type": "SpeedUp"
        },
        {
            "type": "Deploy",
            "name": "奶盾",
            "location": [
                8,
                1
            ],
            "direction": "Down"
        },
        {
            "type": "Deploy",
            "name": "山",
            "location": [
                8,
                5
            ],
            "direction": "Left"
        },
        {
            "type": "Deploy",
            "name": "行医",
            "location": [
                9,
                3
            ],
            "direction": "Left"
        }
    ],
    "doc": {
        "title": "达格达模组任务 - 11-5（标准） - 后街圆盾",
        "details": "作业更新日期: 2024-07-07T00:42:41Z\n统计更新日期: 2024-11-30\n好评率：100.0%  浏览量：72\n来源：一只摆烂的42  ID：39164\n达格达「后街圆盾」模组任务\n3星通关主题曲11-5标准实战环境；必须编入非助战达格达并上场，且使用达格达至少歼灭10个敌人\n原视频：https://www.bilibili.com/video/BV1RC411x7Ab/\n制作者：一只摆烂的42\n有问题联系QQ2586582719\n修改自用请删除我的QQ"
    },
    "groups": [
        {
            "name": "奶盾",
            "opers": [
                {
                    "name": "塞雷娅",
                    "skill": 1,
                    "skill_usage": 0
                },
                {
                    "name": "黍",
                    "skill": 1,
                    "skill_usage": 0
                },
                {
                    "name": "临光",
                    "skill": 1,
                    "skill_usage": 0
                }
            ]
        },
        {
            "name": "行医",
            "opers": [
                {
                    "name": "纯烬艾雅法拉",
                    "skill": 1,
                    "skill_usage": 0
                },
                {
                    "name": "蜜莓",
                    "skill": 1,
                    "skill_usage": 0
                },
                {
                    "name": "桑葚",
                    "skill": 1,
                    "skill_usage": 0
                }
            ]
        }
    ],
    "opers": [
        {
            "name": "达格达",
            "skill": 1,
            "skill_usage": 0
        },
        {
            "name": "山",
            "skill": 2,
            "skill_usage": 2,
            "skill_times": 1
        }
    ]
}