{
    "minimum_required": "v4.0.0",
    "stage_name": "mem_deepcl_1",
    "actions": [
        {
            "type": "SpeedUp"
        },
        {
            "type": "Deploy",
            "name": "深海色",
            "location": [
                7,
                2
            ],
            "direction": "Left"
        },
        {
            "type": "Deploy",
            "name": "触手",
            "location": [
                5,
                1
            ],
            "direction": "None"
        },
        {
            "type": "Deploy",
            "name": "触手",
            "location": [
                6,
                3
            ],
            "direction": "None"
        },
        {
            "type": "Deploy",
            "name": "触手",
            "location": [
                1,
                3
            ],
            "direction": "None"
        },
        {
            "type": "Deploy",
            "name": "触手",
            "location": [
                4,
                2
            ],
            "direction": "None"
        },
        {
            "type": "SkillDaemon"
        }
    ],
    "doc": {
        "title": "深海色 - 悖论模拟 - 辅助 - 深海色 - 战场绘图",
        "details": "——————————\n作业更新日期: 2025-05-04T03:48:29Z\n统计更新日期: 2025-09-06\n相对评分：100.0%  相对热度：100.0%\n来源：焕彩gg  ID：52241\n——————————\nhttps://www.bilibili.com/video/BV1114y1n7PC/?spm_id_from=333.337.search-card.all.click&vd_source=e1c35ba84af40f6e26ba29e2228661f2"
    },
    "groups": [],
    "opers": [
        {
            "name": "深海色",
            "skill": 1,
            "skill_usage": 1
        }
    ]
}