{
    "minimum_required": "v4.0.0",
    "stage_name": "tough_14-18",
    "actions": [
        {
            "type": "SpeedUp"
        },
        {
            "type": "Deploy",
            "name": "桃金娘",
            "location": [
                1,
                3
            ],
            "direction": "Right"
        },
        {
            "type": "Deploy",
            "name": "极境",
            "location": [
                2,
                3
            ],
            "direction": "Right"
        },
        {
            "type": "Skill",
            "name": "桃金娘",
            "location": [
                1,
                3
            ]
        },
        {
            "type": "Skill",
            "location": [
                4,
                3
            ]
        },
        {
            "type": "Deploy",
            "name": "纯烬艾雅法拉",
            "location": [
                3,
                1
            ],
            "direction": "Down"
        },
        {
            "type": "Deploy",
            "name": "棘刺",
            "location": [
                3,
                2
            ],
            "direction": "Right"
        },
        {
            "type": "Deploy",
            "name": "煌",
            "location": [
                3,
                4
            ],
            "direction": "Right"
        },
        {
            "type": "Deploy",
            "name": "提丰",
            "location": [
                2,
                1
            ],
            "direction": "Right"
        },
        {
            "type": "Deploy",
            "name": "艾雅法拉",
            "location": [
                4,
                1
            ],
            "direction": "Right"
        },
        {
            "type": "Deploy",
            "name": "伊芙利特",
            "location": [
                1,
                4
            ],
            "direction": "Right"
        },
        {
            "type": "Retreat",
            "location": [
                1,
                3
            ]
        },
        {
            "type": "Retreat",
            "location": [
                2,
                3
            ],
            "pre_delay": 1000
        },
        {
            "type": "Skill",
            "location": [
                4,
                3
            ],
            "kills": 38
        },
        {
            "type": "Skill",
            "location": [
                4,
                3
            ],
            "kills": 50
        }
    ],
    "doc": {
        "title": "（高练注意）第十四章 慈悲灯塔 - 14-20（磨难） - 列王行迹",
        "details": "统计日期：2024-05-11\n好评率：86.67%  浏览量：1131\n来源：landgranf  ID：36763\n原作者：道琦文韬      https://www.bilibili.com/video/BV1kz421S7T5/\n\nJSON作者landgranf"
    },
    "groups": [],
    "opers": [
        {
            "name": "桃金娘",
            "skill": 1,
            "skill_usage": 1
        },
        {
            "name": "极境",
            "skill": 1,
            "skill_usage": 1
        },
        {
            "name": "棘刺",
            "skill": 3,
            "skill_usage": 1
        },
        {
            "name": "煌",
            "skill": 2,
            "skill_usage": 0
        },
        {
            "name": "提丰",
            "skill": 2,
            "skill_usage": 1
        },
        {
            "name": "伊芙利特",
            "skill": 2,
            "skill_usage": 0
        },
        {
            "name": "纯烬艾雅法拉",
            "skill": 1,
            "skill_usage": 0
        },
        {
            "name": "艾雅法拉",
            "skill": 2,
            "skill_usage": 0
        }
    ]
}