{
    "minimum_required": "v4.0.0",
    "stage_name": "tough_14-06",
    "actions": [
        {
            "type": "SpeedUp"
        },
        {
            "type": "Deploy",
            "name": "塑心",
            "location": [
                2,
                4
            ],
            "direction": "Right"
        },
        {
            "type": "Deploy",
            "name": "山",
            "location": [
                4,
                3
            ],
            "direction": "Left"
        }
    ],
    "doc": {
        "title": "第十四章 慈悲灯塔 - 14-7（磨难） - 执行反制作战",
        "details": "统计日期：2024-05-11\n好评率：83.88%  浏览量：3879\n来源：Dr_MO  ID：36689\n第十四章 慈悲灯塔 - 14-7（磨难） - 执行反制作战"
    },
    "groups": [],
    "opers": [
        {
            "name": "塑心",
            "skill": 1,
            "skill_usage": 0
        },
        {
            "name": "山",
            "skill": 2,
            "skill_usage": 2,
            "skill_times": 1
        }
    ]
}