{
    "minimum_required": "v4.0.0",
    "stage_name": "tough_14-14",
    "actions": [
        {
            "type": "SpeedUp"
        },
        {
            "type": "SpeedUp",
            "costs": 18
        },
        {
            "type": "Deploy",
            "name": "史尔特尔",
            "location": [
                2,
                5
            ],
            "direction": "Up",
            "rear_delay": 4000
        },
        {
            "type": "Skill",
            "location": [
                2,
                5
            ]
        },
        {
            "type": "SpeedUp"
        },
        {
            "type": "Deploy",
            "name": "艾雅法拉",
            "location": [
                8,
                1
            ],
            "direction": "Down"
        },
        {
            "type": "Deploy",
            "name": "能天使",
            "location": [
                7,
                6
            ],
            "direction": "Up"
        },
        {
            "type": "Deploy",
            "name": "伊芙利特",
            "location": [
                8,
                6
            ],
            "direction": "Up"
        },
        {
            "type": "Deploy",
            "name": "史尔特尔",
            "location": [
                8,
                5
            ],
            "direction": "Up"
        },
        {
            "type": "Skill",
            "location": [
                8,
                5
            ],
            "kills": 36,
            "pre_delay": 2500
        }
    ],
    "doc": {
        "title": "第十四章 慈悲灯塔 - 14-16（磨难） - 抢占舷侧区域",
        "details": "统计日期：2024-05-11\n好评率：99.65%  浏览量：3266\n来源：JYu0828  ID：36884\n2603"
    },
    "groups": [],
    "opers": [
        {
            "name": "艾雅法拉",
            "skill": 2,
            "skill_usage": 0
        },
        {
            "name": "伊芙利特",
            "skill": 2,
            "skill_usage": 0
        },
        {
            "name": "史尔特尔",
            "skill": 3,
            "skill_usage": 0
        },
        {
            "name": "能天使",
            "skill": 3,
            "skill_usage": 0
        }
    ]
}