{
    "stage_name": "act19side_07",
    "minimum_required": "v4.0.0",
    "doc": {
        "title": "绿野幻梦 - DV-7 - 疯狂的信号【司霆惊蛰模组任务】",
        "details": "——————————\n作业更新日期: 2025-07-11T06:11:29Z\n统计更新日期: 2025-07-29\n相对评分：100.0%  相对热度：100.0%\n来源：小卡拉帕鲁灰  ID：62756\n——————————\n异格惊蛰模组任务\n12w伤害，1次三技能\n持续更新中，作业交流群789724611，如果作业有问题可以加群找我，评论区不能及时回复"
    },
    "opers": [
        {
            "name": "司霆惊蛰",
            "skill": 3,
            "skill_usage": 1,
            "requirements": {
                "skill_level": 10
            }
        },
        {
            "name": "逻各斯",
            "skill": 1,
            "requirements": {
                "skill_level": 10,
                "module": 4
            }
        },
        {
            "name": "伊内丝",
            "skill": 2,
            "skill_usage": 1,
            "requirements": {
                "skill_level": 10
            }
        },
        {
            "name": "古米",
            "skill": 1,
            "requirements": {
                "skill_level": 7
            }
        }
    ],
    "groups": [
        {
            "name": "奶盾",
            "opers": [
                {
                    "name": "黍",
                    "skill": 1,
                    "requirements": {
                        "skill_level": 10
                    }
                },
                {
                    "name": "塞雷娅",
                    "skill": 1,
                    "requirements": {
                        "skill_level": 10
                    }
                }
            ]
        },
        {
            "name": "法伤近卫",
            "opers": [
                {
                    "name": "棘刺",
                    "skill": 3,
                    "skill_usage": 1,
                    "requirements": {
                        "skill_level": 10
                    }
                },
                {
                    "name": "拉普兰德",
                    "skill": 2,
                    "requirements": {
                        "skill_level": 10
                    }
                }
            ]
        }
    ],
    "actions": [
        {
            "name": "伊内丝",
            "location": [
                6,
                6
            ],
            "direction": "Right",
            "type": "Deploy"
        },
        {
            "name": "逻各斯",
            "location": [
                5,
                5
            ],
            "direction": "Right",
            "type": "Deploy"
        },
        {
            "type": "SpeedUp"
        },
        {
            "name": "司霆惊蛰",
            "location": [
                3,
                4
            ],
            "direction": "Up",
            "type": "Deploy"
        },
        {
            "name": "奶盾",
            "location": [
                7,
                4
            ],
            "direction": "Right",
            "type": "Deploy"
        },
        {
            "name": "法伤近卫",
            "location": [
                7,
                2
            ],
            "direction": "Right",
            "type": "Deploy"
        },
        {
            "name": "古米",
            "location": [
                5,
                6
            ],
            "direction": "Right",
            "type": "Deploy"
        },
        {
            "type": "SkillDaemon"
        }
    ],
    "version": 3
}