{
    "minimum_required": "v4.0.0",
    "stage_name": "main_02-09",
    "actions": [
        {
            "type": "Deploy",
            "name": "梅尔",
            "location": [
                3,
                3
            ],
            "direction": "Up"
        },
        {
            "type": "SpeedUp"
        },
        {
            "type": "Deploy",
            "name": "空弦",
            "location": [
                6,
                2
            ],
            "direction": "Down"
        },
        {
            "type": "Deploy",
            "name": "机械水獭",
            "location": [
                4,
                5
            ],
            "direction": "Left"
        },
        {
            "type": "Deploy",
            "name": "机械水獭",
            "location": [
                4,
                1
            ],
            "direction": "Left"
        },
        {
            "type": "Deploy",
            "name": "机械水獭",
            "location": [
                6,
                5
            ],
            "direction": "Left"
        },
        {
            "type": "Deploy",
            "name": "机械水獭",
            "location": [
                6,
                1
            ],
            "direction": "Left"
        },
        {
            "type": "Deploy",
            "name": "机械水獭",
            "location": [
                7,
                1
            ],
            "direction": "Left"
        },
        {
            "type": "Output",
            "doc_color": "DarkCyan",
            "doc": "如果觉得实用，请赏个好评吧~"
        }
    ],
    "doc": {
        "title": "空弦y梅尔x模组任务一起做",
        "details": "——————————\n作业更新日期: 2023-10-12T15:04:04Z\n统计更新日期: 2025-07-29\n相对评分：62.029999999999994%  相对热度：58.57%\n来源：Issuing2890  ID：29012\n——————————\nLuCifer大膜王，https://www.bilibili.com/video/BV1Ae4y1E7e9\n模组任务：3星通关2-9，非助战空弦和梅尔都上场，队伍不编入其他干员"
    },
    "groups": [],
    "opers": [
        {
            "name": "空弦",
            "skill": 1,
            "skill_usage": 0
        },
        {
            "name": "梅尔",
            "skill": 1,
            "skill_usage": 0
        }
    ]
}