{
    "minimum_required": "v4.0.0",
    "stage_name": "mem_gdglow_1",
    "actions": [
        {
            "type": "SpeedUp"
        },
        {
            "type": "Deploy",
            "name": "澄闪",
            "location": [
                5,
                6
            ],
            "direction": "Up"
        },
        {
            "type": "Skill",
            "name": "澄闪",
            "location": [
                5,
                6
            ],
            "kills": 2
        },
        {
            "type": "Skill",
            "name": "澄闪",
            "location": [
                5,
                6
            ],
            "kills": 16
        },
        {
            "type": "Skill",
            "name": "澄闪",
            "location": [
                5,
                6
            ],
            "kills": 25
        }
    ],
    "doc": {
        "title": "澄闪 “闪耀时刻” 悖论模拟",
        "details": "作业更新日期: 2024-09-21T18:03:06Z\n统计更新日期: 2024-10-06\n好评率：87.5%  浏览量：1279\n来源：Genicur  ID：41108\n已测试，练度：27030"
    },
    "groups": [],
    "opers": [
        {
            "name": "澄闪",
            "skill": 3,
            "skill_usage": 0
        }
    ]
}