{
    "minimum_required": "v4.0.0",
    "stage_name": "mem_headbr_1",
    "actions": [
        {
            "type": "Deploy",
            "name": "凛冬",
            "location": [
                5,
                3
            ],
            "direction": "Right"
        },
        {
            "type": "Skill",
            "name": "凛冬",
            "location": [
                5,
                3
            ],
            "kills": 1
        },
        {
            "type": "Skill",
            "name": "推进之王",
            "location": [
                3,
                5
            ],
            "kills": 2
        },
        {
            "type": "Deploy",
            "name": "真理",
            "location": [
                8,
                3
            ],
            "direction": "Up"
        },
        {
            "type": "Skill",
            "name": "凛冬",
            "location": [
                5,
                3
            ],
            "kills": 13
        },
        {
            "type": "Skill",
            "name": "推进之王",
            "location": [
                3,
                5
            ],
            "kills": 13
        },
        {
            "type": "Skill",
            "name": "真理",
            "location": [
                8,
                3
            ],
            "kills": 15
        },
        {
            "type": "Skill",
            "name": "凛冬",
            "location": [
                5,
                3
            ],
            "kills": 21,
            "pre_delay": 1000
        },
        {
            "type": "Skill",
            "name": "推进之王",
            "location": [
                3,
                5
            ],
            "kills": 21
        },
        {
            "type": "Deploy",
            "name": "早露",
            "location": [
                8,
                5
            ],
            "direction": "Up"
        },
        {
            "type": "Skill",
            "name": "早露",
            "location": [
                8,
                5
            ],
            "pre_delay": 2600
        },
        {
            "type": "Skill",
            "name": "真理",
            "location": [
                8,
                3
            ],
            "kills": 31,
            "pre_delay": 1200
        },
        {
            "type": "Skill",
            "name": "凛冬",
            "location": [
                5,
                3
            ],
            "kills": 37,
            "pre_delay": 1000
        },
        {
            "type": "Skill",
            "name": "推进之王",
            "location": [
                3,
                5
            ],
            "kills": 37,
            "pre_delay": 1800
        },
        {
            "type": "Skill",
            "name": "早露",
            "location": [
                8,
                5
            ]
        }
    ],
    "doc": {
        "title": "先锋 - 凛冬 - 互帮互助 悖论模拟",
        "details": "作业更新日期: 2023-03-28T11:47:30Z\n统计更新日期: 2025-02-27\n好评率：68.97%  浏览量：1073\n来源：beku  ID：21915\nhttps://www.bilibili.com/video/BV1Co4y1Q7wj?p=11 up主：孑诺sang\n凛冬二技能"
    },
    "groups": [],
    "opers": [
        {
            "name": "凛冬",
            "skill": 2,
            "skill_usage": 0
        },
        {
            "name": "古米",
            "skill": 1,
            "skill_usage": 0
        },
        {
            "name": "推进之王",
            "skill": 3,
            "skill_usage": 0
        },
        {
            "name": "真理",
            "skill": 2,
            "skill_usage": 0
        },
        {
            "name": "早露",
            "skill": 3,
            "skill_usage": 0
        }
    ]
}