{
    "minimum_required": "v4.0.0",
    "stage_name": "mem_nblade_1",
    "actions": [
        {
            "type": "Deploy",
            "name": "黑角",
            "location": [
                1,
                2
            ],
            "direction": "Right"
        },
        {
            "type": "SpeedUp"
        },
        {
            "type": "Deploy",
            "name": "夜刀",
            "location": [
                3,
                4
            ],
            "direction": "Right"
        },
        {
            "type": "Deploy",
            "name": "克洛丝",
            "location": [
                2,
                3
            ],
            "direction": "Right"
        },
        {
            "type": "Retreat",
            "name": "夜刀",
            "location": [
                3,
                4
            ],
            "kills": 7
        },
        {
            "type": "Deploy",
            "name": "夜刀",
            "location": [
                6,
                4
            ],
            "kills": 18,
            "direction": "Left"
        },
        {
            "type": "Retreat",
            "name": "夜刀",
            "location": [
                6,
                4
            ],
            "kills": 19
        },
        {
            "type": "Deploy",
            "name": "夜刀",
            "location": [
                2,
                5
            ],
            "direction": "Right",
            "kills": 30
        }
    ],
    "doc": {
        "title": "先锋 - 夜刀 - 锋芒如一",
        "details": "作业更新日期: 2024-05-01T08:38:43Z\n统计更新日期: 2024-08-04\n好评率：93.18%  浏览量：1541\n来源：rihno  ID：36681\n不会有人夜刀没拉满级吧.jpg\nFredEdie"
    },
    "groups": [],
    "opers": [
        {
            "name": "夜刀",
            "skill": 1,
            "skill_usage": 0
        }
    ]
}