{
  "minimum_required": "v4.0.0",
  "stage_name": "mem_humus_1",
  "actions": [
    {
      "type": "SpeedUp"
    },
    {
      "type": "Deploy",
      "costs": 25,
      "name": "休谟斯",
      "location": [
        6,
        3
      ],
      "direction": "Left"
    },
    {
      "type": "Skill",
      "location": [
        6,
        3
      ],
      "kills": 20
    }
  ],
  "doc": {
    "title": "近卫 - 休谟斯 - “铮铮铁骨”",
    "details": "精2   70级  7级技能自测  可过\nPS：手里实在没有低配的测试账号了"
  },
  "groups": [],
  "opers": [
    {
      "name": "休谟斯",
      "skill": 2,
      "skill_usage": 0
    }
  ]
}