{
    "minimum_required": "v4.0.0",
    "stage_name": "main_01-12",
    "actions": [
        {
            "type": "Deploy",
            "name": "灰烬",
            "location": [
                7,
                5
            ],
            "direction": "Left"
        },
        {
            "type": "SpeedUp"
        },
        {
            "type": "Deploy",
            "name": "临光",
            "location": [
                6,
                6
            ],
            "direction": "Left"
        },
        {
            "type": "Skill",
            "name": "临光",
            "kills": 24
        }
    ],
    "doc": {
        "title": "1-12 灰烬模组临光模组一起做",
        "details": "——————————\n作业更新日期: 2024-03-09T08:05:51Z\n统计更新日期: 2025-10-20\n相对评分：89.02%  相对热度：90.48%\n来源：树上的蝉在睡觉  ID：34883\n——————————\n临光模组改良骑士盾牌：3星通关主题曲1-12；必须编入非助战临光并上场，且所有干员不被击倒\n灰烬模组破墙榴弹战术收纳包：3星通关主题曲1-12；必须编入非助战灰烬并上场，且使用灰烬歼灭W"
    },
    "groups": [],
    "opers": [
        {
            "name": "临光",
            "skill": 2,
            "skill_usage": 0
        },
        {
            "name": "灰烬",
            "skill": 1,
            "skill_usage": 0
        }
    ]
}