{
    "minimum_required": "v4.0.0",
    "stage_name": "main_11-06",
    "actions": [
        {
            "type": "SpeedUp"
        },
        {
            "type": "Deploy",
            "name": "泥岩",
            "location": [
                5,
                5
            ],
            "direction": "Right"
        },
        {
            "type": "Deploy",
            "name": "风笛",
            "location": [
                2,
                5
            ],
            "direction": "Right"
        },
        {
            "type": "Deploy",
            "name": "伊芙利特",
            "location": [
                10,
                5
            ],
            "direction": "Up",
            "costs": 50
        },
        {
            "type": "Deploy",
            "name": "夜莺",
            "location": [
                4,
                4
            ],
            "direction": "Left"
        },
        {
            "type": "Retreat",
            "name": "伊芙利特",
            "location": [
                10,
                5
            ],
            "kills": 35
        },
        {
            "type": "Deploy",
            "name": "伊芙利特",
            "location": [
                10,
                5
            ],
            "direction": "Left"
        }
    ],
    "doc": {
        "title": "11-7（标准）泥岩模组任务速刷",
        "details": "——————————\n作业更新日期: 2023-11-01T09:02:46Z\n统计更新日期: 2025-09-08\n相对评分：100.0%  相对热度：98.87%\n来源：59    ID：29627\n——————————\n参考：https://www.bilibili.com/video/BV15w411B7wY/\n测试练度四人均为精2 60级，仅泥岩专三"
    },
    "groups": [],
    "opers": [
        {
            "name": "泥岩",
            "skill": 2,
            "skill_usage": 0
        },
        {
            "name": "夜莺",
            "skill": 2,
            "skill_usage": 0
        },
        {
            "name": "伊芙利特",
            "skill": 2,
            "skill_usage": 0
        },
        {
            "name": "风笛",
            "skill": 2,
            "skill_usage": 0
        }
    ]
}