{
    "minimum_required": "v4.0.0",
    "stage_name": "mem_blackd_1",
    "actions": [
        {
            "type": "Deploy",
            "name": "讯使",
            "location": [
                2,
                5
            ],
            "direction": "Down"
        },
        {
            "type": "SpeedUp"
        },
        {
            "type": "Deploy",
            "name": "暗索",
            "location": [
                6,
                2
            ],
            "direction": "Down"
        },
        {
            "type": "Deploy",
            "name": "雪雉的安全起重机",
            "location": [
                7,
                2
            ],
            "direction": "Left",
            "kills": 1
        },
        {
            "type": "Deploy",
            "name": "崖心",
            "location": [
                8,
                2
            ],
            "direction": "Down"
        },
        {
            "type": "Deploy",
            "name": "雪雉的安全起重机",
            "location": [
                9,
                2
            ],
            "direction": "Left",
            "kills": 2
        },
        {
            "type": "Deploy",
            "name": "雪雉",
            "location": [
                5,
                2
            ],
            "direction": "Down"
        },
        {
            "type": "Deploy",
            "name": "雪雉的安全起重机",
            "location": [
                6,
                2
            ],
            "direction": "Left",
            "kills": 3
        },
        {
            "type": "Deploy",
            "name": "暗索",
            "location": [
                8,
                2
            ],
            "direction": "Down"
        },
        {
            "type": "Deploy",
            "name": "雪雉的安全起重机",
            "location": [
                7,
                2
            ],
            "direction": "Right",
            "kills": 7
        },
        {
            "type": "Deploy",
            "name": "雪雉",
            "location": [
                9,
                2
            ],
            "direction": "Down"
        },
        {
            "type": "Deploy",
            "name": "雪雉的安全起重机",
            "location": [
                9,
                1
            ],
            "direction": "Down",
            "kills": 10
        },
        {
            "type": "Deploy",
            "name": "崖心",
            "location": [
                8,
                2
            ],
            "direction": "Down"
        },
        {
            "type": "SkillDaemon"
        }
    ],
    "doc": {
        "title": "悖论模拟 讯使 - 影子护卫",
        "details": "作业更新日期: 2024-10-12T23:36:16Z\n统计更新日期: 2024-10-20\n好评率：87.5%  浏览量：70\n来源：小熊紫苑丶  ID：42407\n已测试\n讯使 二技能\n练度：精二1级，1级技能，信赖100\n"
    },
    "groups": [],
    "opers": [
        {
            "name": "讯使",
            "skill": 2,
            "skill_usage": 1
        },
        {
            "name": "暗索",
            "skill": 1,
            "skill_usage": 0
        },
        {
            "name": "雪雉",
            "skill": 1,
            "skill_usage": 0
        },
        {
            "name": "崖心",
            "skill": 1,
            "skill_usage": 0
        }
    ]
}