{
    "minimum_required": "v4.0.0",
    "stage_name": "act13d5_02",
    "actions": [
        {
            "type": "SpeedUp"
        },
        {
            "type": "Deploy",
            "name": "煌",
            "location": [
                3,
                4
            ],
            "direction": "Left"
        },
        {
            "type": "Deploy",
            "name": "塞雷娅",
            "location": [
                5,
                4
            ],
            "direction": "Left"
        },
        {
            "type": "SkillDaemon"
        }
    ],
    "doc": {
        "title": "玛莉娅·临光 MN-2 煌、塞雷娅",
        "details": "作业更新日期: 2023-02-12T07:28:56Z\n统计更新日期: 2024-07-25\n好评率：100.0%  浏览量：481\n来源：鱼丸不是鱼van  ID：20687\n\n攻略作者：萧然Q   BV17Q4y1C7oF\n自动战斗作者：鱼丸\n平均练度2603"
    },
    "groups": [],
    "opers": [
        {
            "name": "煌",
            "skill": 2,
            "skill_usage": 0
        },
        {
            "name": "塞雷娅",
            "skill": 2,
            "skill_usage": 0
        }
    ]
}