{
    "minimum_required": "v4.0.0",
    "stage_name": "act13d5_ex04",
    "actions": [
        {
            "type": "SpeedUp"
        },
        {
            "type": "Deploy",
            "name": "艾雅法拉",
            "location": [
                6,
                5
            ],
            "direction": "Right"
        },
        {
            "type": "Deploy",
            "name": "塞雷娅",
            "location": [
                7,
                5
            ],
            "direction": "Down"
        },
        {
            "type": "Deploy",
            "name": "拉普兰德",
            "location": [
                8,
                5
            ],
            "direction": "Right"
        },
        {
            "type": "Deploy",
            "name": "伊芙利特",
            "location": [
                2,
                6
            ],
            "direction": "Right"
        },
        {
            "type": "SkillDaemon"
        }
    ],
    "doc": {
        "title": "玛莉娅·临光 MN-EX-4 普通突袭通用 艾雅法拉、伊芙利特、拉普兰德、塞雷娅",
        "details": "作业更新日期: 2023-02-12T07:28:56Z\n统计更新日期: 2024-07-25\n好评率：98.66%  浏览量：1889\n来源：鱼丸不是鱼van  ID：20697\n\n攻略作者：萧然Q  BV17Q4y1C7oF\n自动战斗作者：鱼丸\n本攻略普通突袭通用 平均练度 2603"
    },
    "groups": [],
    "opers": [
        {
            "name": "艾雅法拉",
            "skill": 2,
            "skill_usage": 0
        },
        {
            "name": "塞雷娅",
            "skill": 1,
            "skill_usage": 0
        },
        {
            "name": "拉普兰德",
            "skill": 2,
            "skill_usage": 0
        },
        {
            "name": "伊芙利特",
            "skill": 2,
            "skill_usage": 0
        }
    ]
}