{
    "minimum_required": "v4.0.0",
    "stage_name": "act13d5_ex01",
    "actions": [
        {
            "type": "SpeedUp"
        },
        {
            "type": "Deploy",
            "name": "煌",
            "location": [
                3,
                3
            ],
            "direction": "Right"
        },
        {
            "type": "Deploy",
            "name": "棘刺",
            "location": [
                4,
                3
            ],
            "direction": "Down"
        },
        {
            "type": "Deploy",
            "name": "塞雷娅",
            "location": [
                5,
                4
            ],
            "direction": "Down"
        },
        {
            "type": "SkillDaemon"
        }
    ],
    "doc": {
        "title": "玛莉娅·临光 MN-EX-1 普通突袭通用 煌、塞雷娅、棘刺",
        "details": "作业更新日期: 2023-02-12T07:28:56Z\n统计更新日期: 2024-07-25\n好评率：96.43%  浏览量：1551\n来源：鱼丸不是鱼van  ID：20695\n\n攻略作者：萧然Q  BV17Q4y1C7oF\n自动战斗作者：鱼丸\n本攻略普通突袭通用 平均练度 2603"
    },
    "groups": [],
    "opers": [
        {
            "name": "棘刺",
            "skill": 3,
            "skill_usage": 1
        },
        {
            "name": "煌",
            "skill": 2,
            "skill_usage": 0
        },
        {
            "name": "塞雷娅",
            "skill": 2,
            "skill_usage": 0
        }
    ]
}