{
    "minimum_required": "v4.0.0",
    "stage_name": "act13d5_ex04",
    "actions": [
        {
            "type": "Deploy",
            "name": "芬",
            "location": [
                8,
                1
            ],
            "direction": "Left"
        },
        {
            "type": "Deploy",
            "name": "令",
            "location": [
                8,
                2
            ],
            "direction": "Down"
        },
        {
            "type": "SpeedUp"
        },
        {
            "type": "Deploy",
            "name": "“弦惊”",
            "location": [
                7,
                4
            ],
            "direction": "Down"
        },
        {
            "type": "Deploy",
            "name": "“弦惊”",
            "location": [
                7,
                3
            ],
            "direction": "Down"
        },
        {
            "type": "Deploy",
            "name": "“弦惊”",
            "location": [
                8,
                5
            ],
            "direction": "Left"
        },
        {
            "type": "Deploy",
            "name": "“弦惊”",
            "location": [
                8,
                6
            ],
            "direction": "Up"
        },
        {
            "type": "Deploy",
            "name": "“弦惊”",
            "location": [
                6,
                6
            ],
            "direction": "Right"
        },
        {
            "type": "Deploy",
            "name": "“弦惊”",
            "location": [
                5,
                6
            ],
            "direction": "Right"
        },
        {
            "type": "Retreat",
            "name": "芬",
            "location": [
                8,
                1
            ]
        },
        {
            "type": "Deploy",
            "name": "“弦惊”",
            "location": [
                7,
                3
            ],
            "direction": "Down"
        },
        {
            "type": "Deploy",
            "name": "“弦惊”",
            "location": [
                7,
                4
            ],
            "direction": "Down"
        },
        {
            "type": "Skill",
            "name": "令",
            "location": [
                8,
                2
            ],
            "kills": 30
        },
        {
            "type": "SkillDaemon"
        }
    ],
    "doc": {
        "title": "玛莉娅·临光·复刻 - MN-EX-4 - 左右逢敌 令",
        "details": "作业更新日期: 2024-02-27T12:54:48Z\n统计更新日期: 2024-07-25\n好评率：94.74%  浏览量：454\n来源：小卡拉帕鲁灰🐖  ID：33956\n\nMN-令\n"
    },
    "groups": [],
    "opers": [
        {
            "name": "令",
            "skill": 3,
            "skill_usage": 0
        },
        {
            "name": "芬",
            "skill": 1,
            "skill_usage": 0
        }
    ],
    "difficulty": 3
}