{
  "minimum_required": "v4.0.0",
  "stage_name": "act13d5_ex06",
  "actions": [
    {
      "type": "SpeedUp"
    },
    {
      "type": "Deploy",
      "name": "煌",
      "location": [
        7,
        7
      ],
      "direction": "Left"
    },
    {
      "type": "Deploy",
      "name": "障碍物",
      "location": [
        5,
        2
      ],
      "direction": "None"
    },
    {
      "type": "Deploy",
      "name": "障碍物",
      "location": [
        5,
        5
      ],
      "direction": "None"
    },
    {
      "type": "Deploy",
      "name": "伊芙利特",
      "location": [
        3,
        7
      ],
      "direction": "Right"
    },
    {
      "type": "Deploy",
      "name": "塞雷娅",
      "location": [
        6,
        7
      ],
      "direction": "Left"
    },
    {
      "type": "SkillDaemon"
    }
  ],
  "doc": {
    "title": "玛莉娅·临光 MN-EX-6 普通突袭通用 煌、塞雷娅、伊芙利特",
    "details": "攻略作者：萧然Q  BV17Q4y1C7oF\n自动战斗作者：鱼丸\n本攻略普通突袭通用 平均练度 2603"
  },
  "groups": [],
  "opers": [
    {
      "name": "塞雷娅",
      "skill": 1,
      "skill_usage": 0
    },
    {
      "name": "煌",
      "skill": 2,
      "skill_usage": 0
    },
    {
      "name": "伊芙利特",
      "skill": 2,
      "skill_usage": 0
    }
  ]
}