{
  "minimum_required": "v4.0.0",
  "stage_name": "act13d5_08",
  "actions": [
    {
      "type": "SpeedUp"
    },
    {
      "type": "Deploy",
      "name": "银灰",
      "location": [
        7,
        3
      ],
      "direction": "Up"
    },
    {
      "type": "Deploy",
      "name": "拉普兰德",
      "location": [
        6,
        4
      ],
      "direction": "Up"
    },
    {
      "type": "Deploy",
      "name": "塞雷娅",
      "location": [
        9,
        1
      ],
      "direction": "Left"
    },
    {
      "type": "Deploy",
      "name": "星熊",
      "location": [
        5,
        1
      ],
      "direction": "Right"
    },
    {
      "type": "Deploy",
      "name": "任意奶",
      "location": [
        4,
        2
      ],
      "direction": "Right"
    },
    {
      "type": "Deploy",
      "name": "克洛丝",
      "location": [
        4,
        5
      ],
      "direction": "Left"
    },
    {
      "type": "Skill",
      "name": "银灰",
      "location": [
        7,
        3
      ],
      "kills": 43
    },
    {
      "type": "SkillDaemon"
    }
  ],
  "doc": {
    "title": "玛莉娅·临光 MN-8 塞雷娅、任意奶、银灰、拉普兰德、克洛丝、星熊",
    "details": "攻略作者：萧然Q   BV17Q4y1C7oF\n自动战斗作者：鱼丸\n平均练度2603"
  },
  "groups": [
    {
      "name": "任意奶",
      "opers": [
        {
          "name": "华法琳",
          "skill": 1,
          "skill_usage": 0
        },
        {
          "name": "闪灵",
          "skill": 2,
          "skill_usage": 0
        },
        {
          "name": "嘉维尔",
          "skill": 1,
          "skill_usage": 0
        },
        {
          "name": "苏苏洛",
          "skill": 2,
          "skill_usage": 0
        },
        {
          "name": "流明",
          "skill": 3,
          "skill_usage": 2
        },
        {
          "name": "赫默",
          "skill": 1,
          "skill_usage": 0
        }
      ]
    }
  ],
  "opers": [
    {
      "name": "塞雷娅",
      "skill": 1,
      "skill_usage": 0
    },
    {
      "name": "拉普兰德",
      "skill": 2,
      "skill_usage": 0
    },
    {
      "name": "银灰",
      "skill": 3,
      "skill_usage": 0
    },
    {
      "name": "克洛丝",
      "skill": 1,
      "skill_usage": 0
    },
    {
      "name": "星熊",
      "skill": 2,
      "skill_usage": 0
    }
  ]
}