{
    "stage_name": "mem_ctrail_1",
    "minimum_required": "v4.0.0",
    "doc": {
        "title": "云迹  不要抬头 悖论模拟",
        "details": "——————————\n作业更新日期: 2025-08-05T15:11:59Z\n统计更新日期: 2025-09-15\n相对评分：87.91%  相对热度：71.58%\n来源：sz3713265  ID：64205\n——————————\n自制 精二25级 二技能等级7"
    },
    "opers": [
        {
            "name": "云迹",
            "skill": 2,
            "skill_usage": 0
        }
    ],
    "groups": [],
    "actions": [
        {
            "name": "云迹",
            "location": [
                8,
                2
            ],
            "direction": "Left",
            "type": "Deploy",
            "cost_changes": 0
        },
        {
            "type": "SpeedUp"
        },
        {
            "type": "Skill",
            "name": "云迹",
            "location": [
                8,
                2
            ],
            "skill_usage": 1,
            "kills": 1,
            "costs": 28,
            "cost_changes": 0,
            "cooling": 0,
            "pre_delay": 100
        },
        {
            "type": "Skill",
            "name": "云迹",
            "location": [
                8,
                2
            ],
            "skill_usage": 1,
            "kills": 8,
            "costs": 77,
            "cost_changes": 0,
            "cooling": 0,
            "pre_delay": 100
        },
        {
            "type": "SkillUsage",
            "skill_usage": 1,
            "costs": 90,
            "cost_changes": 0,
            "kills": 10,
            "cooling": 0,
            "pre_delay": 0,
            "name": "云迹",
            "location": [
                8,
                2
            ],
            "rear_delay": 38000
        },
        {
            "type": "SkillUsage",
            "costs": 99,
            "cost_changes": 0,
            "kills": 16,
            "cooling": 1,
            "pre_delay": 20000,
            "name": "云迹",
            "location": [
                8,
                2
            ],
            "skill_usage": 1
        }
    ]
}