{
    "minimum_required": "v4.0.0",
    "stage_name": "sub_03-3-1",
    "actions": [
        {
            "type": "SpeedUp"
        },
        {
            "type": "Deploy",
            "name": "先锋",
            "location": [
                5,
                4
            ],
            "direction": "Up"
        },
        {
            "type": "Deploy",
            "name": "月禾",
            "location": [
                7,
                3
            ],
            "direction": "Left"
        },
        {
            "type": "Deploy",
            "name": "泥岩",
            "location": [
                5,
                3
            ],
            "direction": "Up"
        }
    ],
    "doc": {
        "title": "月禾模组任务 - S3-6 - 胧夜微明",
        "details": "作业更新日期: 2024-07-06T16:15:36Z\n统计更新日期: 2024-07-06\n好评率：100.0%  浏览量：1\n来源：一只摆烂的42  ID：39146\n月禾「胧夜微明」模组任务\n3星通关主题曲S3-6；必须编入非助战月禾并上场，且所有干员不被击倒\n原视频：https://www.bilibili.com/video/BV1F14y1C7rn/\n制作者：一只摆烂的42\n有问题联系QQ2586582719\n修改自用请删除我的QQ"
    },
    "groups": [
        {
            "name": "先锋",
            "opers": [
                {
                    "name": "推进之王",
                    "skill": 2,
                    "skill_usage": 0
                },
                {
                    "name": "风笛",
                    "skill": 2,
                    "skill_usage": 0
                },
                {
                    "name": "德克萨斯",
                    "skill": 1,
                    "skill_usage": 0
                },
                {
                    "name": "嵯峨",
                    "skill": 1,
                    "skill_usage": 0
                },
                {
                    "name": "焰尾",
                    "skill": 1,
                    "skill_usage": 0
                }
            ]
        }
    ],
    "opers": [
        {
            "name": "月禾",
            "skill": 1,
            "skill_usage": 0
        },
        {
            "name": "泥岩",
            "skill": 2,
            "skill_usage": 0
        }
    ]
}