{
    "minimum_required": "v4.0.0",
    "stage_name": "main_11-05",
    "actions": [
        {
            "type": "Deploy",
            "name": "纯烬艾雅法拉",
            "location": [
                7,
                4
            ],
            "direction": "Up"
        },
        {
            "type": "SpeedUp"
        },
        {
            "type": "Deploy",
            "name": "焰影苇草",
            "location": [
                6,
                2
            ],
            "direction": "Left"
        },
        {
            "type": "Deploy",
            "name": "塞雷娅",
            "location": [
                6,
                3
            ],
            "direction": "Left"
        },
        {
            "type": "Deploy",
            "name": "山",
            "location": [
                7,
                3
            ],
            "direction": "Left"
        },
        {
            "type": "SkillDaemon"
        }
    ],
    "doc": {
        "title": "第十一章 淬火尘霾 - 11-6（标准） - 演绎文明 焰影苇草模组“赠予红龙的花冠”解锁任务",
        "details": "统计日期：2024-05-31\n好评率：97.3%  浏览量：2982\n来源：萨拉托加  ID：30710\n焰影苇草模组任务“赠予红龙的花冠”\n3星通关主题曲11-6标准实战环境;必须编入非助战焰影苇草并上场，且使用焰影苇草至少歼灭40个敌人\n原作者蓝铃汪 JSON作者萨拉托加\n作业交流群545928846，如果作业有问题可以加群找我，评论区不能及时回复，还可以去群里蹲我的新作业\n【焰影苇草模组任务，开三次苇草技能即刻】 https://www.bilibili.com/video/BV1CN4y1e7qJ/?share_source=copy_web&vd_source=3fd5040fe25f6a00e19e6072bcccfa4e"
    },
    "groups": [],
    "opers": [
        {
            "name": "塞雷娅",
            "skill": 1,
            "skill_usage": 0
        },
        {
            "name": "纯烬艾雅法拉",
            "skill": 1,
            "skill_usage": 0
        },
        {
            "name": "焰影苇草",
            "skill": 3,
            "skill_usage": 1
        },
        {
            "name": "山",
            "skill": 2,
            "skill_usage": 2
        }
    ]
}