{
    "minimum_required": "v4.0.0",
    "actions": [
        {
            "type": "SpeedUp"
        },
        {
            "type": "Deploy",
            "name": "绮良",
            "location": [
                4,
                3
            ],
            "direction": "Left"
        },
        {
            "type": "Deploy",
            "name": "塞雷娅",
            "location": [
                6,
                3
            ],
            "direction": "Left"
        },
        {
            "type": "Deploy",
            "name": "克洛丝",
            "location": [
                6,
                4
            ],
            "direction": "Up"
        },
        {
            "type": "Output",
            "doc_color": "#6f42c1",
            "doc": "给个好评吧，亲~"
        }
    ],
    "doc": {
        "title": "绮良模组摆完挂机-《闹闹生存挑战3 联机版》",
        "details": "统计日期：2024-05-31\n好评率：100.0%  浏览量：51\n来源：作业代传——有问题联系原作者  ID：20937\n侬无言以对模组任务摆完挂机合集:BV1wU4y177Qu\n3星通关主题曲3-1；必须编入非助战绮良并上场，且使用绮良歼灭20个敌人\n筱竹聽雨"
    },
    "groups": [],
    "opers": [
        {
            "name": "塞雷娅",
            "skill": 2,
            "skill_usage": 0
        },
        {
            "name": "克洛丝",
            "skill": 1,
            "skill_usage": 0
        },
        {
            "name": "绮良",
            "skill": 1,
            "skill_usage": 0
        }
    ],
    "stage_name": "main_03-01"
}