{
    "minimum_required": "v4.0.0",
    "stage_name": "wk_fly_5",
    "actions": [
        {
            "type": "SpeedUp"
        },
        {
            "type": "Deploy",
            "name": "菲亚梅塔",
            "location": [
                5,
                4
            ],
            "direction": "Right",
            "kills": 0
        },
        {
            "type": "Deploy",
            "name": "浊心斯卡蒂",
            "location": [
                3,
                4
            ],
            "direction": "Right"
        },
        {
            "type": "Deploy",
            "name": "澄闪",
            "location": [
                3,
                5
            ],
            "direction": "Up",
            "costs": 0
        },
        {
            "type": "Skill",
            "name": "澄闪",
            "location": [
                3,
                5
            ],
            "kills": 8
        },
        {
            "type": "Skill",
            "name": "澄闪",
            "location": [
                3,
                5
            ],
            "kills": 47
        }
    ],
    "doc": {
        "title": "(已完成) 空中威脅 - CA-5 - 戰略要道淨空",
        "details": "统计日期：2024-06-01\n好评率：100.0%  浏览量：143\n来源：A Ying  ID：23748\n菲亚梅塔====2精/90等/三技傳3\n\n澄閃====2精/90等/三技傳3\n\n濁心斯卡蒂====2精/90等/二技傳3"
    },
    "groups": [],
    "opers": [
        {
            "name": "菲亚梅塔",
            "skill": 3,
            "skill_usage": 2
        },
        {
            "name": "澄闪",
            "skill": 3,
            "skill_usage": 0
        },
        {
            "name": "浊心斯卡蒂",
            "skill": 2,
            "skill_usage": 0
        }
    ]
}