{
    "minimum_required": "v4.0.0",
    "stage_name": "wk_armor_4",
    "actions": [
        {
            "type": "SpeedUp"
        },
        {
            "type": "Deploy",
            "name": "暗索",
            "location": [
                3,
                2
            ],
            "direction": "Down",
            "costs": 25
        },
        {
            "type": "Deploy",
            "name": "芙蓉",
            "location": [
                2,
                1
            ],
            "direction": "Right"
        },
        {
            "type": "Deploy",
            "name": "黑角",
            "location": [
                2,
                5
            ],
            "direction": "Right",
            "costs": 19
        },
        {
            "type": "Deploy",
            "name": "芬",
            "location": [
                7,
                1
            ],
            "direction": "Right"
        },
        {
            "type": "Retreat",
            "cost_changes": 6,
            "name": "芬",
            "location": [
                7,
                1
            ]
        },
        {
            "type": "Deploy",
            "name": "阿消",
            "location": [
                5,
                1
            ],
            "costs": 19,
            "direction": "Down"
        },
        {
            "type": "Deploy",
            "name": "史都华德",
            "location": [
                2,
                3
            ],
            "direction": "Down"
        },
        {
            "type": "Deploy",
            "name": "芬",
            "location": [
                7,
                4
            ],
            "direction": "Right"
        },
        {
            "type": "Deploy",
            "name": "安赛尔",
            "location": [
                8,
                5
            ],
            "direction": "Left"
        },
        {
            "type": "Retreat",
            "name": "芬",
            "location": [
                7,
                4
            ],
            "costs": 60
        }
    ],
    "doc": {
        "title": "资源保障 - SK-4 - 据地清剿",
        "details": "作业更新日期: 2024-07-02T07:51:32Z\n统计更新日期: 2024-07-14\n好评率：100.0%  浏览量：27\n来源：rise_dmc  ID：39099\n自用"
    },
    "groups": [],
    "opers": [
        {
            "name": "史都华德",
            "skill": 1,
            "skill_usage": 0
        },
        {
            "name": "芙蓉",
            "skill": 1,
            "skill_usage": 0
        },
        {
            "name": "阿消",
            "skill": 1,
            "skill_usage": 0
        },
        {
            "name": "芬",
            "skill": 1,
            "skill_usage": 0
        },
        {
            "name": "黑角",
            "skill": 1,
            "skill_usage": 0
        },
        {
            "name": "安赛尔",
            "skill": 1,
            "skill_usage": 0
        },
        {
            "name": "暗索",
            "skill": 1,
            "skill_usage": 0
        }
    ]
}