{
    "minimum_required": "v4.0.0",
    "stage_name": "main_09-11",
    "actions": [
        {
            "type": "Deploy",
            "name": "山",
            "location": [
                7,
                5
            ],
            "direction": "Right"
        },
        {
            "type": "Deploy",
            "name": "先锋",
            "location": [
                8,
                2
            ],
            "direction": "Left"
        },
        {
            "type": "SpeedUp"
        },
        {
            "type": "Deploy",
            "name": "假日威龙陈",
            "location": [
                8,
                3
            ],
            "direction": "Left"
        },
        {
            "type": "Deploy",
            "name": "白面鸮",
            "location": [
                8,
                4
            ],
            "direction": "Up"
        },
        {
            "type": "SkillDaemon"
        }
    ],
    "doc": {
        "title": "第九章 风暴瞭望 - 9-13（标准） - 战地救援 - 假日威龙陈模组任务",
        "details": "作业更新日期: 2024-07-09T04:48:34Z\n统计更新日期: 2024-08-18\n好评率：98.04%  浏览量：2370\n来源：小卡拉帕鲁灰🐖  ID：39238\n水陈模组任务\n12W伤害\n9-13击杀20人"
    },
    "groups": [
        {
            "name": "先锋",
            "opers": [
                {
                    "name": "嵯峨",
                    "skill": 3,
                    "skill_usage": 1
                },
                {
                    "name": "德克萨斯",
                    "skill": 2,
                    "skill_usage": 1
                },
                {
                    "name": "推进之王",
                    "skill": 2,
                    "skill_usage": 0
                }
            ]
        }
    ],
    "opers": [
        {
            "name": "假日威龙陈",
            "skill": 3,
            "skill_usage": 1
        },
        {
            "name": "山",
            "skill": 2,
            "skill_usage": 2,
            "skill_times": 1
        },
        {
            "name": "白面鸮",
            "skill": 2,
            "skill_usage": 1
        }
    ],
    "difficulty": 1
}