{
    "minimum_required": "v4.0.0",
    "stage_name": "act18d3_08",
    "actions": [
        {
            "type": "Deploy",
            "name": "煌",
            "location": [
                4,
                4
            ],
            "direction": "Right"
        },
        {
            "type": "SpeedUp"
        },
        {
            "type": "Deploy",
            "name": "塞雷娅",
            "location": [
                3,
                4
            ],
            "direction": "Right"
        },
        {
            "type": "Deploy",
            "name": "灰烬",
            "location": [
                3,
                3
            ],
            "direction": "Right"
        },
        {
            "type": "Deploy",
            "name": "能天使",
            "location": [
                3,
                6
            ],
            "direction": "Right"
        },
        {
            "type": "Deploy",
            "name": "医疗-行医",
            "location": [
                2,
                6
            ],
            "direction": "Up"
        },
        {
            "type": "Skill",
            "name": "灰烬",
            "kills": 20
        },
        {
            "type": "Skill",
            "name": "灰烬",
            "kills": 22
        },
        {
            "type": "Skill",
            "name": "灰烬",
            "kills": 36,
            "pre_delay": 500
        },
        {
            "type": "Skill",
            "name": "灰烬",
            "kills": 37
        },
        {
            "type": "Skill",
            "name": "灰烬",
            "kills": 49
        },
        {
            "type": "SkillDaemon"
        }
    ],
    "doc": {
        "title": "覆潮之下·复刻 - SV-8 - 亲族 灰烬模组刺针式合金爆破弹解锁任务",
        "details": "作业更新日期: 2024-03-09T01:37:57Z\n统计更新日期: 2024-08-22\n好评率：83.33%  浏览量：581\n来源：萨拉托加  ID：34866\nash模组任务刺针式合金爆破弹\n3星通关插曲SV-8；必须编入非助战灰烬并上场，且使用灰烬歼灭至少2名囊海爬行者\n原作者涂绘天菜 JSON作者萨拉托加\n作业交流群545928846，如果作业有问题可以加群找我，评论区不能及时回复，还可以去群里蹲我的新作业\n【【明日方舟】“ASH”模组任务 五人半挂机打法（只开ASH技能） 极其好抄】 https://www.bilibili.com/video/BV1z2421K77j/?share_source=copy_web&vd_source=3fd5040fe25f6a00e19e6072bcccfa4e"
    },
    "groups": [
        {
            "name": "医疗-行医",
            "opers": [
                {
                    "name": "纯烬艾雅法拉",
                    "skill": 1,
                    "skill_usage": 0
                },
                {
                    "name": "蜜莓",
                    "skill": 1,
                    "skill_usage": 0
                }
            ]
        }
    ],
    "opers": [
        {
            "name": "能天使",
            "skill": 3,
            "skill_usage": 0
        },
        {
            "name": "煌",
            "skill": 2,
            "skill_usage": 0
        },
        {
            "name": "塞雷娅",
            "skill": 1,
            "skill_usage": 0
        },
        {
            "name": "灰烬",
            "skill": 2,
            "skill_usage": 0
        }
    ]
}