{
  "minimum_required": "v4.0.0",
  "stage_name": "camp_03",
  "actions": [
    {
      "type": "SpeedUp",
      "rear_delay": 0
    },
    {
      "type": "Deploy",
      "name": "讯使",
      "location": [
        2,
        2
      ],
      "direction": "Right",
      "costs": 0,
      "rear_delay": 0
    },
    {
      "type": "Deploy",
      "name": "克洛丝",
      "location": [
        1,
        3
      ],
      "direction": "Right",
      "costs": 0,
      "rear_delay": 0
    },
    {
      "type": "Deploy",
      "name": "能天使",
      "location": [
        2,
        6
      ],
      "direction": "Right",
      "costs": 0,
      "rear_delay": 0
    },
    {
      "type": "Deploy",
      "name": "调香师",
      "location": [
        2,
        3
      ],
      "direction": "Right",
      "costs": 0,
      "rear_delay": 0
    },
    {
      "type": "Deploy",
      "name": "艾雅法拉",
      "location": [
        4,
        3
      ],
      "direction": "Right",
      "rear_delay": 0
    },
    {
      "type": "Deploy",
      "name": "苏苏洛",
      "location": [
        1,
        6
      ],
      "direction": "Right",
      "rear_delay": 0
    },
    {
      "type": "Deploy",
      "name": "棘刺",
      "location": [
        4,
        7
      ],
      "direction": "Up",
      "rear_delay": 0
    },
    {
      "type": "Deploy",
      "name": "古米",
      "location": [
        3,
        4
      ],
      "direction": "Right",
      "rear_delay": 0
    },
    {
      "type": "Deploy",
      "name": "蛇屠箱",
      "location": [
        3,
        5
      ],
      "direction": "Right",
      "rear_delay": 0
    },
    {
      "type": "SkillDaemon"
    }
  ],
  "doc": {
    "title": "炎国 - 龙门市区 - 龙门市区",
    "details": "【全网最简单的龙门市区双核+低配全自动挂机（无限定干员）】https://www.bilibili.com/video/BV1Z64y1Q7DK?vd_source=5add8788092a45b3faf8e0668cc8dc12"
  },
  "groups": [],
  "opers": [
    {
      "name": "苏苏洛",
      "skill": 2,
      "skill_usage": 0
    },
    {
      "name": "艾雅法拉",
      "skill": 2,
      "skill_usage": 0
    },
    {
      "name": "棘刺",
      "skill": 3,
      "skill_usage": 1
    },
    {
      "name": "调香师",
      "skill": 2,
      "skill_usage": 0
    },
    {
      "name": "蛇屠箱",
      "skill": 2,
      "skill_usage": 0
    },
    {
      "name": "古米",
      "skill": 1,
      "skill_usage": 0
    },
    {
      "name": "克洛丝",
      "skill": 1,
      "skill_usage": 0
    },
    {
      "name": "讯使",
      "skill": 1,
      "skill_usage": 0
    },
    {
      "name": "能天使",
      "skill": 1,
      "skill_usage": 0
    }
  ]
}