{
    "minimum_required": "v4.0.0",
    "stage_name": "act36side_02",
    "actions": [
        {
            "type": "Deploy",
            "name": "棘刺",
            "location": [
                1,
                3
            ],
            "direction": "Right"
        },
        {
            "type": "SpeedUp"
        },
        {
            "type": "Deploy",
            "name": "奶盾",
            "location": [
                2,
                3
            ],
            "direction": "Right"
        },
        {
            "type": "SkillDaemon"
        }
    ],
    "doc": {
        "title": "泰拉饭 - DT-2 - 雨林解毒炖汤 棘刺版",
        "details": "作业更新日期: 2024-09-02T08:52:10Z\n统计更新日期: 2024-09-07\n好评率：94.19%  浏览量：3160\n来源：萨拉托加  ID：40972\n\nJSON作者萨拉托加\n作业交流群群号1003478193，可蹲作业，有问题进群找我，作业站消息没提醒看不到"
    },
    "groups": [
        {
            "name": "奶盾",
            "opers": [
                {
                    "name": "塞雷娅",
                    "skill": 1,
                    "skill_usage": 0
                },
                {
                    "name": "黍",
                    "skill": 1,
                    "skill_usage": 0
                }
            ]
        }
    ],
    "opers": [
        {
            "name": "棘刺",
            "skill": 3,
            "skill_usage": 1
        }
    ]
}