{
    "minimum_required": "v4.0.0",
    "stage_name": "act36side_05",
    "actions": [
        {
            "type": "Deploy",
            "name": "煌",
            "location": [
                6,
                2
            ],
            "direction": "Right"
        },
        {
            "type": "SpeedUp"
        },
        {
            "type": "Deploy",
            "name": "奶盾",
            "location": [
                5,
                1
            ],
            "direction": "Right"
        },
        {
            "type": "Deploy",
            "name": "山",
            "location": [
                6,
                1
            ],
            "direction": "Right"
        },
        {
            "type": "Skill",
            "pre_delay": 2000,
            "name": "山"
        },
        {
            "type": "Deploy",
            "name": "逻各斯",
            "location": [
                4,
                2
            ],
            "direction": "Left"
        },
        {
            "type": "Deploy",
            "name": "奶",
            "location": [
                2,
                1
            ],
            "direction": "Right"
        },
        {
            "type": "Skill",
            "location": [
                10,
                2
            ],
            "kills": 35
        },
        {
            "type": "SkillDaemon"
        }
    ],
    "doc": {
        "title": "泰拉饭 - DT-5 - 会饮图",
        "details": "作业更新日期: 2024-09-02T09:19:47Z\n统计更新日期: 2024-09-07\n好评率：90.7%  浏览量：1267\n来源：Chen  ID：40984\n\nJSON作者萨拉托加\n作业交流群群号1003478193，可蹲作业，有问题进群找我，作业站消息没提醒看不到"
    },
    "groups": [
        {
            "name": "奶",
            "opers": [
                {
                    "name": "闪灵",
                    "skill": 2,
                    "skill_usage": 0
                },
                {
                    "name": "纯烬艾雅法拉",
                    "skill": 1,
                    "skill_usage": 0
                }
            ]
        },
        {
            "name": "奶盾",
            "opers": [
                {
                    "name": "塞雷娅",
                    "skill": 1,
                    "skill_usage": 0
                },
                {
                    "name": "黍",
                    "skill": 1,
                    "skill_usage": 0
                }
            ]
        }
    ],
    "opers": [
        {
            "name": "煌",
            "skill": 2,
            "skill_usage": 0
        },
        {
            "name": "山",
            "skill": 2,
            "skill_usage": 0
        },
        {
            "name": "逻各斯",
            "skill": 1,
            "skill_usage": 0
        }
    ]
}