{
    "actions": [
        {
            "type": "二倍速"
        },
        {
            "type": "部署",
            "name": "巡林者",
            "location": [
                2,
                3
            ],
            "direction": "右"
        },
        {
            "type": "部署",
            "cost_changes": 10,
            "name": "安赛尔",
            "location": [
                5,
                2
            ],
            "direction": "左"
        },
        {
            "type": "部署",
            "name": "杜林",
            "location": [
                5,
                3
            ],
            "direction": "左"
        },
        {
            "type": "部署",
            "kills": 1,
            "name": "黑角",
            "location": [
                2,
                4
            ],
            "direction": "右"
        },
        {
            "kills": 2,
            "type": "部署",
            "name": "夜刀",
            "location": [
                2,
                2
            ],
            "direction": "右"
        },
        {
            "type": "技能",
            "kills": 4,
            "name": "安赛尔",
            "location": [
                5,
                2
            ]
        },
        {
            "type": "撤退",
            "kills": 19,
            "name": "黑角",
            "location": [
                2,
                4
            ]
        },
        {
            "type": "部署",
            "name": "黑角",
            "location": [
                4,
                3
            ],
            "direction": "上"
        },
        {
            "type": "技能",
            "name": "安赛尔",
            "location": [
                5,
                2
            ]
        },
        {
            "type": "摆完挂机"
        }
    ],
    "opers": [
        {
            "name": "杜林"
        }
    ],
    "stage_name": "mem_durin_1",
    "doc": {
        "title": "杜林悖论模拟",
        "details": "统计日期：2024-05-17\n好评率：92.13%  浏览量：3538\n来源：作业代传——有问题联系原作者  ID：22742\n作者：snowflake"
    },
    "minimum_required": "v4.0.0"
}