{
    "minimum_required": "v4.0.0",
    "stage_name": "mem_tomimi_1",
    "actions": [
        {
            "type": "Deploy",
            "name": "特米米",
            "location": [
                5,
                3
            ],
            "direction": "Left"
        },
        {
            "type": "SpeedUp"
        },
        {
            "type": "Deploy",
            "name": "嘉维尔",
            "location": [
                6,
                3
            ],
            "direction": "Left"
        },
        {
            "type": "Skill",
            "name": "特米米",
            "location": [
                5,
                3
            ],
            "costs": 36
        },
        {
            "type": "Skill",
            "location": [
                5,
                3
            ],
            "costs": 98
        },
        {
            "type": "Skill",
            "name": "特米米",
            "location": [
                5,
                3
            ],
            "pre_delay": 40000
        }
    ],
    "doc": {
        "title": "术师 - 特米米 - 双人快打",
        "details": "统计日期：2024-05-17\n好评率：85.71%  浏览量：222\n来源：英雄王小菊  ID：21993\n术师 - 特米米 - 双人快打"
    },
    "groups": [],
    "opers": [
        {
            "name": "特米米",
            "skill": 2,
            "skill_usage": 0
        },
        {
            "name": "嘉维尔",
            "skill": 1,
            "skill_usage": 0
        }
    ]
}