{
    "minimum_required": "v4.0.0",
    "stage_name": "mem_kjera_1",
    "actions": [
        {
            "type": "Deploy",
            "name": "耶拉",
            "location": [
                7,
                1
            ],
            "direction": "Down"
        },
        {
            "type": "SpeedUp"
        },
        {
            "type": "Skill",
            "kills": 7,
            "pre_delay": 3000,
            "name": "初雪",
            "location": [
                6,
                4
            ]
        },
        {
            "type": "Skill",
            "kills": 10,
            "name": "耶拉",
            "location": [
                7,
                1
            ]
        },
        {
            "type": "Skill",
            "kills": 27,
            "name": "极光",
            "location": [
                7,
                4
            ]
        },
        {
            "type": "Skill",
            "name": "初雪",
            "location": [
                6,
                4
            ],
            "pre_delay": 13000
        },
        {
            "type": "Skill",
            "kills": 28,
            "name": "耶拉",
            "location": [
                7,
                1
            ]
        },
        {
            "type": "SkillDaemon"
        }
    ],
    "doc": {
        "title": "术师 - 耶拉 - 群山相伴【耶拉悖论模拟】",
        "details": "统计日期：2024-05-11\n好评率：97.78%  浏览量：791\n来源：小卡拉帕鲁灰🐖  ID：30711\n耶拉悖论模拟：群山相伴\n练度：精二1级、1级二技能 （非常极限建议技能等级拉3级以上）\n悖论模拟需要在MAA中关闭“自动编队”，\n选好二技能后处于红色ui“开始模拟”界面，maa就可以按开始了"
    },
    "groups": [],
    "opers": [
        {
            "name": "耶拉",
            "skill": 2,
            "skill_usage": 0
        },
        {
            "name": "初雪",
            "skill": 2,
            "skill_usage": 0
        },
        {
            "name": "崖心",
            "skill": 1,
            "skill_usage": 0
        },
        {
            "name": "极光",
            "skill": 2,
            "skill_usage": 0
        }
    ]
}