{
    "minimum_required": "v4.0.0",
    "stage_name": "mem_panda_1",
    "actions": [
        {
            "type": "Deploy",
            "name": "食铁兽",
            "location": [
                1,
                3
            ],
            "direction": "Right",
            "costs": 0
        },
        {
            "type": "SpeedUp"
        },
        {
            "type": "Skill",
            "costs": 27,
            "name": "食铁兽",
            "location": [
                1,
                3
            ]
        },
        {
            "type": "Skill",
            "location": [
                1,
                3
            ],
            "costs": 76
        },
        {
            "type": "Skill",
            "costs": 99,
            "rear_delay": 0,
            "name": "食铁兽",
            "location": [
                1,
                3
            ],
            "pre_delay": 13000
        }
    ],
    "doc": {
        "title": "悖论模拟 特种 - 食铁兽 - 拳风拂面 七级技能 自用修改版",
        "details": "作业更新日期: 2023-07-08T06:43:50Z\n统计更新日期: 2024-11-23\n好评率：77.22%  浏览量：1707\n来源：蚀铭12  ID：24479\n悖论模拟 食铁兽 带二技能七级无等级要求\n作业地址:BV1BS4y1L7z8\n自动作者：王小菊\n已经测试过了，有概率翻车\n修改一秒技能"
    },
    "groups": [],
    "opers": [
        {
            "name": "食铁兽",
            "skill": 2,
            "skill_usage": 0
        }
    ]
}