{
    "minimum_required": "v4.0.0",
    "stage_name": "mem_flint_1",
    "actions": [
        {
            "type": "Deploy",
            "name": "燧石",
            "location": [
                5,
                3
            ],
            "direction": "Left"
        },
        {
            "type": "SpeedUp",
            "costs": 5
        },
        {
            "type": "Skill",
            "kills": 17,
            "name": "燧石",
            "location": [
                5,
                3
            ]
        },
        {
            "type": "SpeedUp"
        },
        {
            "type": "Skill",
            "kills": 26,
            "name": "燧石",
            "location": [
                5,
                3
            ]
        },
        {
            "type": "SpeedUp"
        },
        {
            "type": "Skill",
            "name": "燧石",
            "kills": 36,
            "doc": "",
            "location": [
                5,
                3
            ]
        }
    ],
    "doc": {
        "title": "【燧石】悖论模拟 - 更快！更强！",
        "details": "——————————\n作业更新日期: 2024-07-10T02:27:12Z\n统计更新日期: 2025-06-17\n好评率：42.86%  浏览量：146\n来源：LobsterJam  ID：39351\n——————————\n二技能lv7应该可以。\n如果没过可以手动等两波红刀哥来了再开技能。"
    },
    "groups": [],
    "opers": [
        {
            "name": "燧石",
            "skill": 2,
            "skill_usage": 0
        }
    ]
}