{
    "minimum_required": "v4.0.0",
    "stage_name": "mem_nearl2_1",
    "actions": [
        {
            "type": "Deploy",
            "name": "焰尾",
            "location": [
                2,
                3
            ],
            "direction": "Right"
        },
        {
            "type": "SpeedUp"
        },
        {
            "type": "Deploy",
            "name": "流星",
            "location": [
                1,
                4
            ],
            "direction": "Right"
        },
        {
            "type": "Skill",
            "costs": 9,
            "cost_changes": 0,
            "name": "焰尾",
            "location": [
                2,
                3
            ]
        },
        {
            "type": "Deploy",
            "name": "耀骑士临光",
            "location": [
                3,
                3
            ],
            "kills": 4,
            "direction": "Right"
        },
        {
            "type": "Skill",
            "name": "耀骑士临光",
            "location": [
                3,
                3
            ],
            "costs": 30
        },
        {
            "type": "Deploy",
            "name": "砾",
            "location": [
                5,
                3
            ],
            "costs": 35,
            "direction": "Left"
        },
        {
            "type": "Retreat",
            "name": "砾",
            "location": [
                5,
                3
            ],
            "kills": 5
        },
        {
            "type": "Deploy",
            "name": "砾",
            "location": [
                5,
                3
            ],
            "costs": 60,
            "direction": "Left"
        },
        {
            "type": "Skill",
            "name": "白面鸮",
            "location": [
                2,
                1
            ],
            "costs": 60
        },
        {
            "type": "Skill",
            "name": "焰尾",
            "location": [
                2,
                3
            ],
            "costs": 65
        },
        {
            "type": "Skill",
            "name": "耀骑士临光",
            "location": [
                3,
                3
            ],
            "kills": 11,
            "pre_delay": 300,
            "rear_delay": 0
        },
        {
            "type": "Skill",
            "name": "焰尾",
            "location": [
                2,
                3
            ],
            "pre_delay": 300,
            "rear_delay": 0
        },
        {
            "type": "Deploy",
            "name": "砾",
            "location": [
                5,
                3
            ],
            "direction": "Left"
        }
    ],
    "doc": {
        "title": "模拟悖论-耀骑士临光-出鞘 自用",
        "details": "——————————\n作业更新日期: 2024-10-13T11:15:27Z\n统计更新日期: 2025-06-17\n好评率：87.18%  浏览量：716\n来源：没有阿斯卡纶乌尔比安娜仁图亚攻略组  ID：42459\n——————————\n原作者AimerLen.S, 没有添加干员,加了个干员选3技能\nUP主：倾九_Komy\n视频链接：https://www.bilibili.com/video/BV1hd4y1g7wK/"
    },
    "groups": [],
    "opers": [
        {
            "name": "耀骑士临光",
            "skill": 3,
            "skill_usage": 0
        }
    ]
}