{
    "stageName": "mem_cerber_1",
    "doc": {
        "title": "术师 - 刻俄柏 - 打坏人的诀窍",
        "title_color": "Gray",
        "details": "——————————\n作业更新日期: 2024-01-23T17:45:45Z\n统计更新日期: 2025-04-12\n好评率：70.0%  浏览量：2095\n来源：【古米】  ID：28648\n——————————\n打法自己想的，本来想用maa给小号写作业，结果发现没人写这关，感觉是需要使用补给站，作业编辑器没加入这东西不完善所以没人写，然后写了一个不需要补给站的打法(第一次写作业，用的自己的打法，测试无漏，万一漏了看我思路随便过，最后剩火神不是代理问题，没装置回转是个问题)，许愿作业越来越多，我这样的懒鬼就不需要动脑了...\n忘了说，小刻技能7级稳过。",
        "details_color": "Gray"
    },
    "opers": [
        {
            "name": "刻俄柏",
            "skill": 3,
            "skill_usage": 0,
            "requirements": {
                "elite": 0,
                "level": 0,
                "skill_level": 0,
                "module": 0,
                "potentiality": 0
            }
        },
        {
            "name": "杰西卡",
            "skill": 1,
            "skill_usage": 0,
            "requirements": {
                "elite": 0,
                "level": 0,
                "skill_level": 0,
                "module": 0,
                "potentiality": 0
            }
        },
        {
            "name": "火神",
            "skill": 1,
            "skill_usage": 0,
            "requirements": {
                "elite": 0,
                "level": 0,
                "skill_level": 0,
                "module": 0,
                "potentiality": 0
            }
        }
    ],
    "groups": [],
    "minimumRequired": "v4.0.0",
    "difficulty": 0
}