{
    "minimum_required": "v4.0.0",
    "stage_name": "act5d0_04",
    "actions": [
        {
            "type": "SpeedUp"
        },
        {
            "type": "Deploy",
            "name": "山",
            "location": [
                1,
                4
            ],
            "direction": "Left"
        },
        {
            "type": "Deploy",
            "name": "斥罪",
            "location": [
                9,
                4
            ],
            "direction": "Left"
        },
        {
            "type": "SkillDaemon"
        }
    ],
    "doc": {
        "title": " CB-4 - 斥罪模组任务",
        "details": "作业更新日期: 2023-11-01T10:18:07Z\n统计更新日期: 2024-11-30\n好评率：100.0%  浏览量：3573\n来源：小卡拉帕鲁灰  ID：29635\n任务要求：只带4个干员通关\n你们别自己加人了\n练度：精二60级专3"
    },
    "groups": [],
    "opers": [
        {
            "name": "山",
            "skill": 2,
            "skill_usage": 2
        },
        {
            "name": "斥罪",
            "skill": 3,
            "skill_usage": 1
        }
    ]
}