{
    "actions": [
        {
            "type": "部署",
            "name": "爆破装置",
            "location": [
                3,
                5
            ],
            "direction": "上"
        },
        {
            "type": "二倍速"
        },
        {
            "type": "部署",
            "name": "伊芙利特",
            "cost_changes": 22,
            "location": [
                1,
                3
            ],
            "direction": "右"
        },
        {
            "type": "部署",
            "name": "塞雷娅",
            "location": [
                2,
                3
            ],
            "direction": "右"
        },
        {
            "type": "部署",
            "name": "爆破装置",
            "location": [
                6,
                1
            ],
            "direction": "下"
        },
        {
            "type": "技能",
            "name": "塞雷娅",
            "kills": 15,
            "location": [
                2,
                3
            ]
        },
        {
            "type": "技能",
            "kills": 40,
            "pre_delay": 10000,
            "name": "塞雷娅",
            "location": [
                2,
                3
            ]
        }
    ],
    "stage_name": "mem_ifrit_1",
    "doc": {
        "title": "伊芙利特悖论模拟",
        "details": "作业更新日期: 2023-04-19T07:07:55Z\n统计更新日期: 2024-08-10\n好评率：86.32%  浏览量：3377\n来源：作业代传——有问题联系原作者  ID：22755\n作者：雪\n测试干员：伊芙利特 精2 70级 6潜 2技能专三\n对伊芙利特的练度要求较高"
    },
    "opers": [
        {
            "name": "伊芙利特",
            "skill": 2
        }
    ],
    "minimum_required": "v4.0.0"
}