{
    "minimum_required": "v4.0.0",
    "stage_name": "mem_greyy_1",
    "actions": [
        {
            "type": "Deploy",
            "name": "杰西卡",
            "location": [
                3,
                3
            ],
            "direction": "Right"
        },
        {
            "type": "Deploy",
            "name": "格雷伊",
            "location": [
                4,
                3
            ],
            "direction": "Right"
        },
        {
            "type": "SpeedUp"
        },
        {
            "type": "Skill",
            "name": "格雷伊",
            "location": [
                4,
                3
            ],
            "kills": 15
        },
        {
            "type": "Skill",
            "name": "格雷伊",
            "location": [
                4,
                3
            ],
            "kills": 30
        }
    ],
    "doc": {
        "title": "术师 - 格雷伊 - 闪烁徘徊",
        "details": "统计日期：2024-05-31\n好评率：100.0%  浏览量：395\n来源：唤羽88  ID：21484\n术士-格雷伊-闪烁徘徊 精二一级7级技能无专无模 已通过测试\n参考BV18M4y1r7da作者：唤羽885"
    },
    "groups": [],
    "opers": [
        {
            "name": "格雷伊",
            "skill": 2,
            "skill_usage": 0
        }
    ]
}