{
    "minimum_required": "v4.0.0",
    "stage_name": "pro_a_2",
    "actions": [
        {
            "type": "Deploy",
            "costs": 20,
            "name": "棘刺",
            "location": [
                2,
                3
            ],
            "direction": "Down"
        },
        {
            "type": "SpeedUp",
            "pre_delay": 100
        },
        {
            "type": "Deploy",
            "name": "塞雷娅",
            "location": [
                7,
                3
            ],
            "direction": "Left",
            "costs": 0,
            "cost_changes": 1
        },
        {
            "type": "Deploy",
            "name": "玛恩纳",
            "location": [
                7,
                4
            ],
            "direction": "Right",
            "cost_changes": 1
        },
        {
            "type": "Deploy",
            "name": "白面鸮",
            "location": [
                3,
                2
            ],
            "direction": "Down",
            "cost_changes": 20
        },
        {
            "type": "Skill",
            "location": [
                7,
                4
            ],
            "kills": 9
        },
        {
            "type": "Skill",
            "location": [
                7,
                4
            ],
            "kills": 27
        }
    ],
    "doc": {
        "title": "固若金汤 - PR-A-2 - 据守 自用",
        "details": "统计日期：2024-05-25\n好评率：100.0%  浏览量：136\n来源：mczx  ID：34448\n化学老施 重装医疗芯片2 https://www.bilibili.com/video/BV1fe4y1e7UF/\n棘刺3技能，塞雷娅2技能，玛恩纳3技能\n建议练度：90级，技能专三"
    },
    "groups": [],
    "opers": [
        {
            "name": "棘刺",
            "skill": 3,
            "skill_usage": 1
        },
        {
            "name": "塞雷娅",
            "skill": 2,
            "skill_usage": 0
        },
        {
            "name": "玛恩纳",
            "skill": 3,
            "skill_usage": 0
        },
        {
            "name": "白面鸮",
            "skill": 2,
            "skill_usage": 0
        }
    ]
}