{
    "minimum_required": "v4.0.0",
    "stage_name": "main_09-10",
    "actions": [
        {
            "type": "Deploy",
            "name": "Castle-3",
            "location": [
                5,
                4
            ],
            "direction": "Left"
        },
        {
            "type": "Deploy",
            "name": "德克萨斯",
            "location": [
                4,
                2
            ],
            "direction": "Left"
        },
        {
            "type": "SpeedUp"
        },
        {
            "type": "Deploy",
            "name": "推进之王",
            "location": [
                7,
                6
            ],
            "direction": "Up"
        },
        {
            "type": "Deploy",
            "name": "领主",
            "location": [
                3,
                7
            ],
            "direction": "Up"
        },
        {
            "type": "Deploy",
            "name": "拉普兰德",
            "location": [
                4,
                7
            ],
            "direction": "Right"
        },
        {
            "type": "Deploy",
            "name": "艾雅法拉",
            "location": [
                6,
                6
            ],
            "direction": "Left"
        },
        {
            "type": "Deploy",
            "name": "伊芙利特",
            "location": [
                9,
                7
            ],
            "direction": "Left"
        },
        {
            "type": "Deploy",
            "name": "塞雷娅",
            "location": [
                6,
                7
            ],
            "direction": "Left"
        },
        {
            "type": "Retreat",
            "name": "推进之王",
            "location": [
                7,
                6
            ],
            "cost_changes": 2
        },
        {
            "type": "SkillDaemon"
        }
    ],
    "doc": {
        "title": "第九章 风暴瞭望 - 9-12（突袭） - 鬼影如潮  摆完挂机",
        "details": "统计日期：2024-05-17\n好评率：80.43%  浏览量：1799\n来源：熙墨凛XL  ID：24607\n攻略作者：侬无言以对  https://www.bilibili.com/video/BV18q4y1f7jk 记得去b站给作者点赞三连\n\njson作者：熙墨凛  有问题请点踩然后在评论区反馈 \n\n评论区不解决maa问题 评论区不解决maa问题 谢谢理解\n\n需要上下位替代可以自己下载json进行修改\n\n连接模式请使用minitouch或者maatouch 不兼容ADB Input模式：-）\n\n平均练度 2603\n\n已测试"
    },
    "groups": [
        {
            "name": "领主",
            "opers": [
                {
                    "name": "银灰",
                    "skill": 1,
                    "skill_usage": 0
                },
                {
                    "name": "棘刺",
                    "skill": 3,
                    "skill_usage": 1
                }
            ]
        }
    ],
    "opers": [
        {
            "name": "推进之王",
            "skill": 2,
            "skill_usage": 0
        },
        {
            "name": "艾雅法拉",
            "skill": 2,
            "skill_usage": 0
        },
        {
            "name": "伊芙利特",
            "skill": 2,
            "skill_usage": 0
        },
        {
            "name": "拉普兰德",
            "skill": 2,
            "skill_usage": 0
        },
        {
            "name": "Castle-3",
            "skill": 1,
            "skill_usage": 0
        },
        {
            "name": "德克萨斯",
            "skill": 1,
            "skill_usage": 0
        },
        {
            "name": "塞雷娅",
            "skill": 1,
            "skill_usage": 0
        }
    ],
    "difficulty": 2
}