{
    "minimum_required": "v4.0.0",
    "stage_name": "main_09-10",
    "actions": [
        {
            "type": "Deploy",
            "name": "桃金娘",
            "location": [
                5,
                4
            ],
            "direction": "Left"
        },
        {
            "type": "Deploy",
            "name": "爆破装置",
            "location": [
                4,
                2
            ],
            "direction": "Left"
        },
        {
            "type": "SkillUsage",
            "name": "桃金娘",
            "cost_changes": 16,
            "skill_usage": 1
        },
        {
            "type": "Deploy",
            "name": "推进之王",
            "location": [
                4,
                7
            ],
            "direction": "Right"
        },
        {
            "type": "Deploy",
            "name": "棘刺",
            "location": [
                2,
                7
            ],
            "direction": "Right"
        },
        {
            "type": "SpeedUp"
        },
        {
            "type": "Deploy",
            "name": "伊芙利特",
            "location": [
                8,
                7
            ],
            "direction": "Left"
        },
        {
            "type": "Deploy",
            "name": "白面鸮",
            "location": [
                9,
                7
            ],
            "direction": "Left"
        },
        {
            "type": "Deploy",
            "name": "银灰",
            "location": [
                1,
                7
            ],
            "direction": "Up"
        },
        {
            "type": "Deploy",
            "name": "塞雷娅",
            "location": [
                3,
                7
            ],
            "direction": "Right"
        },
        {
            "type": "SkillUsage",
            "name": "桃金娘",
            "skill_usage": 0
        },
        {
            "type": "SkillDaemon"
        }
    ],
    "doc": {
        "title": "第九章 风暴瞭望 - 9-12（标准） - 鬼影如潮 - 突袭",
        "details": "统计日期：2024-05-11\n好评率：89.71%  浏览量：2146\n来源：_ 蘿卜卜  ID：22456\nBV1QQ4y1r7Ni\nup：萧然Q\n视频练度：260(?)\n已测试"
    },
    "groups": [],
    "opers": [
        {
            "name": "棘刺",
            "skill": 3,
            "skill_usage": 1
        },
        {
            "name": "塞雷娅",
            "skill": 1,
            "skill_usage": 0
        },
        {
            "name": "桃金娘",
            "skill": 1,
            "skill_usage": 0
        },
        {
            "name": "伊芙利特",
            "skill": 2,
            "skill_usage": 0
        },
        {
            "name": "白面鸮",
            "skill": 2,
            "skill_usage": 0
        },
        {
            "name": "推进之王",
            "skill": 2,
            "skill_usage": 0
        },
        {
            "name": "银灰",
            "skill": 1,
            "skill_usage": 0
        }
    ],
    "difficulty": 2
}