{
    "minimum_required": "v4.0.0",
    "stage_name": "sub_09-1-1",
    "actions": [
        {
            "type": "SpeedUp"
        },
        {
            "type": "Deploy",
            "name": "拉普兰德",
            "location": [
                5,
                2
            ],
            "direction": "Up",
            "costs": 36
        },
        {
            "type": "Deploy",
            "costs": 24,
            "name": "塞雷娅",
            "location": [
                4,
                2
            ],
            "direction": "Up"
        },
        {
            "type": "Deploy",
            "name": "伊芙利特",
            "location": [
                3,
                1
            ],
            "direction": "Right",
            "costs": 34
        }
    ],
    "doc": {
        "title": "第九章 风暴瞭望 - S9-1（标准） - 废墟坚守 ",
        "details": "统计日期：2024-05-12\n好评率：81.25%  浏览量：1295\n来源：w394537229  ID：22215\n第九章 风暴瞭望 - S9-1（标准） - 废墟坚守 "
    },
    "groups": [],
    "opers": [
        {
            "name": "塞雷娅",
            "skill": 1,
            "skill_usage": 0
        },
        {
            "name": "拉普兰德",
            "skill": 2,
            "skill_usage": 0
        },
        {
            "name": "伊芙利特",
            "skill": 2,
            "skill_usage": 0
        }
    ]
}