{
    "minimum_required": "v4.0.0",
    "stage_name": "sub_09-1-1",
    "actions": [
        {
            "type": "SpeedUp"
        },
        {
            "type": "Deploy",
            "name": "拉普兰德",
            "location": [
                5,
                2
            ],
            "direction": "Up"
        },
        {
            "type": "Deploy",
            "name": "奶盾",
            "location": [
                4,
                2
            ],
            "direction": "Up"
        },
        {
            "type": "Deploy",
            "name": "伊芙利特",
            "location": [
                3,
                1
            ],
            "direction": "Right"
        }
    ],
    "doc": {
        "title": "第九章 风暴瞭望 - S9-1（标准） - 废墟坚守",
        "details": "统计日期：2024-05-12\n好评率：100.0%  浏览量：1210\n来源：Chiho  ID：28122\nUP:侬无言以对\nLINK：【【明日方舟】S9-1摆完挂机】 https://www.bilibili.com/video/BV133411y7UA/?share_source=copy_web&vd_source=dcc7ddeba31e59bccd51d29a07ff1565\n精二603"
    },
    "groups": [
        {
            "name": "奶盾",
            "opers": [
                {
                    "name": "临光",
                    "skill": 1,
                    "skill_usage": 0
                },
                {
                    "name": "塞雷娅",
                    "skill": 1,
                    "skill_usage": 0
                }
            ]
        }
    ],
    "opers": [
        {
            "name": "拉普兰德",
            "skill": 2,
            "skill_usage": 0
        },
        {
            "name": "伊芙利特",
            "skill": 2,
            "skill_usage": 0
        }
    ]
}