{
    "minimum_required": "v4.0.0",
    "stage_name": "pro_a_2",
    "actions": [
        {
            "type": "Deploy",
            "name": "令",
            "location": [
                5,
                3
            ],
            "direction": "Right"
        },
        {
            "type": "SpeedUp"
        },
        {
            "type": "Deploy",
            "name": "“弦惊”",
            "location": [
                7,
                3
            ],
            "direction": "Right"
        },
        {
            "type": "Deploy",
            "name": "Lancet-2",
            "location": [
                4,
                3
            ],
            "direction": "Right"
        },
        {
            "type": "Deploy",
            "name": "“弦惊”",
            "location": [
                2,
                3
            ],
            "direction": "Left"
        },
        {
            "type": "Deploy",
            "name": "调香师",
            "location": [
                6,
                3
            ],
            "direction": "Right"
        },
        {
            "type": "Deploy",
            "name": "“弦惊”",
            "location": [
                7,
                2
            ],
            "direction": "Down"
        },
        {
            "type": "Deploy",
            "name": "“弦惊”",
            "location": [
                2,
                2
            ],
            "direction": "Down"
        },
        {
            "type": "Skill",
            "name": "令",
            "location": [
                5,
                3
            ],
            "kills": 10
        },
        {
            "type": "Deploy",
            "name": "“弦惊”",
            "location": [
                8,
                5
            ],
            "kills": 16,
            "direction": "Right"
        },
        {
            "type": "Deploy",
            "name": "“弦惊”",
            "location": [
                1,
                5
            ],
            "direction": "Down"
        },
        {
            "type": "Skill",
            "name": "令",
            "location": [
                5,
                3
            ],
            "kills": 26,
            "pre_delay": 5000
        },
        {
            "type": "SkillDaemon"
        }
    ],
    "doc": {
        "title": "固若金汤 - PR-A-2 - 据守",
        "details": "统计日期：2024-06-01\n好评率：85.71%  浏览量：427\n来源：Cclcc  ID：24797\n调香师满潜就不需要医疗小车，不然放不出调香师，令就死了\nhttps://www.bilibili.com/video/BV1Ug411H7vJ\nup：茶-染candy\n感谢up提供的攻略"
    },
    "groups": [],
    "opers": [
        {
            "name": "令",
            "skill": 3,
            "skill_usage": 0
        },
        {
            "name": "调香师",
            "skill": 1,
            "skill_usage": 1
        },
        {
            "name": "Lancet-2",
            "skill": 1,
            "skill_usage": 0
        }
    ]
}