{
    "minimum_required": "v4.0.0",
    "stage_name": "pro_d_1",
    "actions": [
        {
            "type": "SpeedUp"
        },
        {
            "type": "Deploy",
            "name": "令",
            "location": [
                2,
                3
            ],
            "direction": "Down"
        },
        {
            "type": "SkillUsage",
            "name": "令",
            "skill_usage": 1
        },
        {
            "type": "Deploy",
            "name": "“弦惊”",
            "location": [
                9,
                3
            ],
            "direction": "Down"
        },
        {
            "type": "Deploy",
            "name": "“弦惊”",
            "location": [
                4,
                4
            ],
            "direction": "Right",
            "costs": 30
        },
        {
            "type": "Deploy",
            "name": "“弦惊”",
            "location": [
                3,
                6
            ],
            "direction": "Right",
            "costs": 42
        },
        {
            "type": "SkillUsage",
            "name": "令",
            "skill_usage": 2,
            "kills": 36
        },
        {
            "type": "SkillUsage",
            "name": "令",
            "skill_usage": 2,
            "kills": 68
        }
    ],
    "doc": {
        "title": "【明日方舟】令单人PR-D-1信赖速刷，低等级需模组，无需专精",
        "details": "作业更新日期: 2024-10-23T09:53:45Z\n统计更新日期: 2024-10-26\n好评率：100.0%  浏览量：17\n来源：晓丶梦丶仁  ID：42688\n// 添加一个精二干员\n\n作者：夏之婿\n【明日方舟】令单人PR-D-1信赖速刷，低等级需模组，无需专精\nhttps://www.bilibili.com/video/BV1Zr4y1H7Wv/?spm_id_from=333.337.search-card.all.click&vd_source=1d9f937cf839eebf2c2a69fa764c3a7c\n十分简单的一张图，没有技术含量，令等级不够可能会漏怪\n不要带影响费用的角色\n有问题私信B站号：河蟹Ein-albtraum "
    },
    "groups": [],
    "opers": [
        {
            "name": "令",
            "skill": 3,
            "skill_usage": 1
        },
        {
            "name": "阿米娅",
            "skill": 1,
            "skill_usage": 0
        }
    ]
}