{
    "minimum_required": "v4.0.0",
    "stage_name": "wk_fly_5",
    "actions": [
        {
            "type": "Deploy",
            "name": "娜仁图亚",
            "location": [
                3,
                5
            ],
            "direction": "Right"
        },
        {
            "type": "SpeedUp"
        },
        {
            "type": "Skill",
            "name": "娜仁图亚",
            "location": [
                3,
                5
            ],
            "cost_changes": 8
        }
    ],
    "doc": {
        "title": "技能书本 CA-5 - 战略要道净空 娜仁图亚单人",
        "details": "作业更新日期: 2025-03-04T09:39:04Z\n统计更新日期: 2025-03-06\n好评率：85.71%  浏览量：139\n来源：不会玩的辅助  ID：46863\nJSON：不会玩的辅助\n娜仁图亚2207  技能书本\nhttps://www.bilibili.com/video/BV1XjKVecEmM"
    },
    "groups": [],
    "opers": [
        {
            "name": "娜仁图亚",
            "skill": 1,
            "skill_usage": 0
        }
    ]
}