{
  "minimum_required": "v4.0.0",
  "stage_name": "act32side_ex01",
  "actions": [
    {
      "type": "Deploy",
      "name": "令",
      "location": [
        4,
        4
      ],
      "direction": "Up"
    },
    {
      "type": "Deploy",
      "name": "封阻加固装置",
      "location": [
        5,
        4
      ],
      "direction": "Up"
    },
    {
      "type": "SpeedUp"
    },
    {
      "type": "Deploy",
      "name": "“弦惊”",
      "location": [
        5,
        4
      ],
      "direction": "Up"
    },
    {
      "type": "Deploy",
      "name": "“弦惊”",
      "location": [
        5,
        5
      ],
      "direction": "Up"
    },
    {
      "type": "Deploy",
      "name": "“弦惊”",
      "location": [
        4,
        5
      ],
      "direction": "Left"
    },
    {
      "type": "Skill",
      "name": "令",
      "location": [
        4,
        4
      ],
      "kills": 10
    },
    {
      "type": "SkillUsage",
      "name": "令",
      "skill_usage": 1
    },
    {
      "type": "Deploy",
      "name": "“弦惊”",
      "location": [
        3,
        5
      ],
      "direction": "Left"
    },
    {
      "type": "Deploy",
      "name": "诡雷布设装置",
      "location": [
        2,
        3
      ],
      "direction": "Down"
    },
    {
      "type": "Deploy",
      "name": "诡雷布设装置",
      "location": [
        8,
        1
      ],
      "direction": "Down"
    },
    {
      "type": "Deploy",
      "name": "“弦惊”",
      "location": [
        6,
        5
      ],
      "direction": "Up"
    },
    {
      "type": "Deploy",
      "name": "诡雷布设装置",
      "location": [
        7,
        2
      ],
      "direction": "Down"
    },
    {
      "type": "Deploy",
      "name": "“弦惊”",
      "location": [
        5,
        5
      ],
      "direction": "Right"
    },
    {
      "type": "Deploy",
      "name": "“弦惊”",
      "location": [
        7,
        3
      ],
      "direction": "Down",
      "kills": 22
    },
    {
      "type": "SkillDaemon"
    }
  ],
  "doc": {
    "title": "水晶箭行动 - CR-EX-1 - 顶楼阳台 -令",
    "details": "注意：编队左边带上作战道具：【封阻加固装置】和【诡雷布设装置】\nCR-令，兼容突袭\n令练度：精二90级专3，三级模组\n看了一下，后面都有人做了，用他的吧，看鲜蔬杯去了"
  },
  "groups": [],
  "opers": [
    {
      "name": "令",
      "skill": 3,
      "skill_usage": 0
    }
  ],
  "difficulty": 3
}