{
  "minimum_required": "v4.0.0",
  "stage_name": "act32side_ex06",
  "actions": [
    {
      "type": "Deploy",
      "name": "芬",
      "location": [
        10,
        5
      ],
      "direction": "Up"
    },
    {
      "type": "Deploy",
      "name": "令",
      "location": [
        9,
        6
      ],
      "direction": "Up"
    },
    {
      "type": "Deploy",
      "name": "“弦惊”",
      "location": [
        10,
        3
      ],
      "direction": "Down"
    },
    {
      "type": "Deploy",
      "name": "“弦惊”",
      "location": [
        2,
        5
      ],
      "direction": "Down"
    },
    {
      "type": "Deploy",
      "name": "封阻加固装置",
      "location": [
        5,
        6
      ],
      "direction": "Left"
    },
    {
      "type": "Deploy",
      "name": "“弦惊”",
      "location": [
        5,
        5
      ],
      "direction": "Left"
    },
    {
      "type": "Deploy",
      "name": "“弦惊”",
      "location": [
        6,
        5
      ],
      "direction": "Left"
    },
    {
      "type": "Deploy",
      "name": "“弦惊”",
      "location": [
        2,
        6
      ],
      "direction": "Left"
    },
    {
      "type": "Deploy",
      "name": "诡雷布设装置",
      "location": [
        7,
        4
      ],
      "direction": "Right"
    },
    {
      "type": "Deploy",
      "name": "“弦惊”",
      "location": [
        8,
        2
      ],
      "direction": "Left"
    },
    {
      "type": "Retreat",
      "name": "“弦惊”",
      "location": [
        5,
        5
      ],
      "kills": 9
    },
    {
      "type": "Deploy",
      "name": "“弦惊”",
      "location": [
        9,
        2
      ],
      "direction": "Left"
    },
    {
      "type": "Deploy",
      "name": "“弦惊”",
      "location": [
        10,
        4
      ],
      "direction": "Left"
    },
    {
      "type": "Retreat",
      "name": "“弦惊”",
      "location": [
        2,
        6
      ],
      "kills": 13
    },
    {
      "type": "Deploy",
      "name": "“弦惊”",
      "location": [
        9,
        2
      ],
      "direction": "Left"
    },
    {
      "type": "Deploy",
      "name": "“弦惊”",
      "location": [
        10,
        2
      ],
      "direction": "Left"
    },
    {
      "type": "SkillDaemon"
    }
  ],
  "doc": {
    "title": "水晶箭行动 - CR-EX-6 - 危险品仓库 -令",
    "details": "注意：编队左边带上作战道具和EX5不一样：【封阻加固装置】和【诡雷布设装置】\nCR-令，兼容突袭\n令练度：精二90级专3，三级模组\n推荐多带一个德狗和风笛，为了突袭求稳全程一倍速"
  },
  "groups": [],
  "opers": [
    {
      "name": "令",
      "skill": 3,
      "skill_usage": 1
    },
    {
      "name": "芬",
      "skill": 1,
      "skill_usage": 0
    }
  ],
  "difficulty": 3
}