{
    "minimum_required": "v4.0.0",
    "stage_name": "hard_10-02",
    "actions": [
        {
            "type": "SpeedUp"
        },
        {
            "type": "Deploy",
            "name": "泥岩",
            "location": [
                5,
                1
            ],
            "direction": "Left"
        },
        {
            "type": "Deploy",
            "name": "乌尔比安",
            "location": [
                5,
                6
            ],
            "direction": "Up"
        },
        {
            "type": "Deploy",
            "name": "歌蕾蒂娅",
            "location": [
                8,
                5
            ],
            "direction": "Left"
        },
        {
            "type": "SkillDaemon"
        }
    ],
    "doc": {
        "title": "第十章 破碎日冕 - H10-2（标准） - 日晕行动-2",
        "details": "——————————\n作业更新日期: 2025-02-22T01:33:51Z\n统计更新日期: 2025-06-11\n好评率：92.73%  浏览量：1133\n来源：紫水晶的辅助  ID：47415\n——————————\n\n【【破碎日冕】日晕行动 H10-2 磨难，新时代干员  3人  摆完挂机】 https://www.bilibili.com/video/BV1Pf421Q7zj/?share_source=copy_web&vd_source=518686dca183d8e8348d9998f5ae1061"
    },
    "groups": [],
    "opers": [
        {
            "name": "乌尔比安",
            "skill": 2,
            "skill_usage": 0
        },
        {
            "name": "歌蕾蒂娅",
            "skill": 2,
            "skill_usage": 0
        },
        {
            "name": "泥岩",
            "skill": 2,
            "skill_usage": 0
        }
    ]
}