{
    "minimum_required": "v4.0.0",
    "stage_name": "mem_shu_1",
    "actions": [
        {
            "type": "Deploy",
            "name": "黍",
            "location": [
                4,
                3
            ],
            "direction": "Right"
        },
        {
            "type": "SpeedUp"
        },
        {
            "type": "Skill",
            "name": "黍",
            "location": [
                4,
                3
            ],
            "kills": 11
        },
        {
            "type": "BulletTime",
            "name": "黍",
            "location": [
                4,
                3
            ],
            "kills": 45,
            "pre_delay": 11000
        },
        {
            "type": "Skill",
            "name": "黍",
            "location": [
                4,
                3
            ],
            "pre_delay": 200
        },
        {
            "type": "SkillDaemon"
        }
    ],
    "doc": {
        "title": "悖论模拟 重装 - 黍 - 归去来兮",
        "details": "作业更新日期: 2025-01-22T14:37:06Z\n统计更新日期: 2025-02-08\n好评率：99.01%  浏览量：2745\n来源：PercyDan  ID：45718\n参考 https://www.bilibili.com/video/BV1DTf8YdERQ"
    },
    "groups": [],
    "opers": [
        {
            "name": "黍",
            "skill": 3,
            "skill_usage": 0
        }
    ]
}