{
  "actions": [
    {
      "type": "部署",
      "name": "食铁兽",
      "location": [
        5,
        2
      ],
      "direction": "下"
    },
    {
      "type": "二倍速"
    },
    {
      "type": "部署",
      "name": "暗索",
      "location": [
        3,
        5
      ],
      "direction": "上"
    },
    {
      "type": "部署",
      "name": "安洁莉娜",
      "location": [
        2,
        2
      ],
      "direction": "右"
    },
    {
      "type": "部署",
      "kills": 27,
      "name": "砾",
      "location": [
        2,
        3
      ],
      "direction": "右",
      "doc": "部署砾"
    },
    {
      "type": "撤退",
      "kills": 34,
      "name": "砾",
      "location": [
        2,
        3
      ],
      "doc": "撤退砾"
    },
    {
      "type": "部署",
      "kills": 39,
      "name": "砾",
      "location": [
        2,
        3
      ],
      "direction": "右",
      "doc": "部署砾"
    },
    {
      "type": "技能",
      "name": "安洁莉娜",
      "location": [
        2,
        2
      ],
      "kills": 43
    },
    {
      "type": "部署",
      "name": "砾",
      "kills": 50,
      "location": [
        4,
        3
      ],
      "direction": "右",
      "doc": "部署砾"
    },
    {
      "type": "技能",
      "name": "安洁莉娜",
      "location": [
        2,
        2
      ]
    },
    {
      "type": "摆完挂机",
      "kills": 52
    }
  ],
  "stage_name": "mem_aglina_1",
  "doc": {
    "title": "安洁莉娜悖论模拟 bug修复版",
    "details": "作者：泰哥菌 安洁莉娜精2 90级 三技能专三。\nPS:请在开始模拟界面“选中三技能后”！！！开始作业"
  },
  "opers": [
    {
      "name": "安洁莉娜",
      "skill": 3,
      "skill_usage": 1
    }
  ],
  "minimum_required": "v1.0.1",
  "groups": []
}