{
    "actions": [
        {
            "type": "部署",
            "name": "银灰",
            "location": [
                5,
                2
            ],
            "direction": "下"
        },
        {
            "type": "部署",
            "name": "障碍物",
            "location": [
                6,
                1
            ],
            "direction": "左"
        },
        {
            "type": "二倍速"
        },
        {
            "type": "部署",
            "name": "梓兰",
            "direction": "左",
            "location": [
                7,
                2
            ]
        },
        {
            "type": "部署",
            "name": "障碍物",
            "location": [
                7,
                4
            ],
            "direction": "下"
        },
        {
            "type": "部署",
            "name": "障碍物",
            "location": [
                3,
                2
            ],
            "direction": "右"
        },
        {
            "type": "技能",
            "kills": 14,
            "name": "梓兰",
            "location": [
                7,
                2
            ]
        },
        {
            "type": "技能",
            "kills": 22,
            "name": "银灰",
            "location": [
                5,
                2
            ]
        },
        {
            "type": "技能",
            "kills": 23,
            "name": "梓兰",
            "location": [
                7,
                2
            ]
        }
    ],
    "stage_name": "睥睨",
    "doc": {
        "title": "银灰悖论模拟",
        "details": "作者：snowflake\n测试干员：银灰 精2 90级 6潜 三技能专三"
    },
    "opers": [
        {
            "name": "银灰",
            "skill": 3,
            "skill_usage": 2
        }
    ]
}