{
    "actions": [
        {
            "type": "部署",
            "name": "蓝毒",
            "location": [
                7,
                3
            ],
            "direction": "左"
        },
        {
            "type": "二倍速"
        },
        {
            "type": "部署",
            "name": "克洛丝",
            "location": [
                3,
                3
            ],
            "direction": "右"
        },
        {
            "type": "技能",
            "doc": "",
            "doc_color": "",
            "name": "蓝毒",
            "location": [
                7,
                3
            ],
            "direction": "",
            "kills": 6,
            "pre_delay": 2000
        },
        {
            "type": "技能",
            "kills": 19,
            "name": "蓝毒",
            "location": [
                7,
                3
            ],
            "pre_delay": 13000
        }
    ],
    "stage_name": "渗骨毒液",
    "doc": {
        "title": "蓝毒悖论模拟",
        "details": "作者：雪\n测试干员：蓝毒 精2 80级 6潜 2技能专三 0模"
    },
    "opers": [
        {
            "name": "蓝毒",
            "skill": 2
        }
    ]
}