{
  "minimum_required": "v4.0.0",
  "stage_name": "main_04-07",
  "actions": [
    {
      "type": "SpeedUp"
    },
    {
      "type": "Deploy",
      "name": "山",
      "location": [
        2,
        3
      ],
      "direction": "Right"
    },
    {
      "type": "Deploy",
      "name": "煌",
      "location": [
        2,
        4
      ],
      "direction": "Right"
    },
    {
      "type": "Deploy",
      "name": "拉普兰德",
      "location": [
        1,
        3
      ],
      "direction": "Right"
    },
    {
      "type": "Deploy",
      "name": "群奶",
      "location": [
        2,
        5
      ],
      "direction": "Up"
    },
    {
      "type": "Deploy",
      "name": "克洛丝",
      "location": [
        1,
        5
      ],
      "direction": "Up",
      "kills": 18
    },
    {
      "type": "SkillDaemon"
    }
  ],
  "doc": {
    "title": "第四章 急性衰竭 - 4-7 - 各取所需",
    "details": "up:_黑摸仙小月_\n配置：2603，尽量专三且三模\nps：小心克洛丝被炸死"
  },
  "groups": [
    {
      "name": "群奶",
      "opers": [
        {
          "name": "白面鸮",
          "skill": 2,
          "skill_usage": 0
        },
        {
          "name": "调香师",
          "skill": 1,
          "skill_usage": 0
        }
      ]
    }
  ],
  "opers": [
    {
      "name": "煌",
      "skill": 2,
      "skill_usage": 0
    },
    {
      "name": "山",
      "skill": 2,
      "skill_usage": 2
    },
    {
      "name": "拉普兰德",
      "skill": 2,
      "skill_usage": 0
    },
    {
      "name": "克洛丝",
      "skill": 1,
      "skill_usage": 0
    }
  ],
  "difficulty": 3
}