{
    "actions": [
        {
            "type": "二倍速"
        },
        {
            "type": "部署",
            "name": "推进之王",
            "location": [
                5,
                6
            ],
            "direction": "左"
        },
        {
            "type": "部署",
            "name": "塞雷娅",
            "location": [
                5,
                2
            ],
            "direction": "左"
        },
        {
            "type": "部署",
            "name": "煌",
            "location": [
                4,
                3
            ],
            "direction": "上"
        },
        {
            "type": "部署",
            "name": "闪灵",
            "location": [
                7,
                5
            ],
            "direction": "左"
        },
        {
            "type": "部署",
            "name": "艾雅法拉",
            "location": [
                5,
                4
            ],
            "direction": "下"
        },
        {
            "type": "部署",
            "name": "改良型二踢脚",
            "location": [
                5,
                5
            ],
            "direction": ""
        },
        {
            "type": "部署",
            "name": "改良型二踢脚",
            "location": [
                5,
                3
            ]
        },
        {
            "type": "部署",
            "name": "德克萨斯",
            "location": [
                6,
                5
            ],
            "direction": "上"
        }
    ],
    "opers": [
        {
            "name": "煌",
            "skill": 2,
            "skill_usage": 1
        },
        {
            "name": "闪灵",
            "skill_usage": 1,
            "skill": 2
        },
        {
            "name": "塞雷娅",
            "skill_usage": 1,
            "skill": 1
        },
        {
            "name": "推进之王",
            "skill": 2,
            "skill_usage": 1
        },
        {
            "name": "艾雅法拉",
            "skill": 2,
            "skill_usage": 1
        },
        {
            "name": "德克萨斯",
            "skill": 1,
            "skill_usage": 1
        }
    ],
    "stage_name": "WR-EX-3",
    "doc": {
        "title": "WR-EX-3",
        "details": "推荐练度精二60\n参考b站up萧然Q的视频"
    }
}