{
    "minimum_required": "v4.0.0",
    "stage_name": "act37side_01",
    "actions": [
        {
            "type": "SpeedUp"
        },
        {
            "type": "Deploy",
            "name": "乌尔比安",
            "location": [
                4,
                5
            ],
            "direction": "Right"
        }
    ],
    "doc": {
        "title": "饼干组挂机丨GO-1 - 仇怨残余",
        "details": "——————————\n作业更新日期: 2025-09-19T09:14:37Z\n统计更新日期: 2025-09-23\n相对评分：99.00%  相对热度：73.93%\n来源：渡边草莓  ID：68768\n——————————\n原作者：紧急失控\n原视频：https://www.bilibili.com/video/BV1mbWGzsEdA"
    },
    "groups": [],
    "opers": [
        {
            "name": "乌尔比安",
            "skill_usage": 0,
            "skill": 2
        }
    ]
}