{
    "minimum_required": "v4.0.0",
    "stage_name": "act37side_ex01",
    "actions": [
        {
            "type": "SpeedUp"
        },
        {
            "type": "Deploy",
            "name": "德克萨斯",
            "location": [
                4,
                4
            ],
            "direction": "Right"
        },
        {
            "type": "Deploy",
            "name": "术士",
            "location": [
                3,
                3
            ],
            "direction": "Right"
        },
        {
            "type": "Deploy",
            "name": "地面阻挡群攻",
            "direction": "Down",
            "location": [
                5,
                2
            ]
        },
        {
            "type": "Deploy",
            "name": "奶",
            "location": [
                2,
                3
            ],
            "direction": "Right"
        },
        {
            "type": "SkillDaemon"
        }
    ],
    "doc": {
        "title": "GO-EX-1 - 城墙机动作战",
        "details": "——————————\n作业更新日期: 2025-09-19T15:32:24Z\n统计更新日期: 2025-09-26\n相对评分：98.00%  相对热度：63.97%\n来源：sads  ID：68823\n——————————\n【【追迹日落以西·复刻】GO全关卡挂机流，豪华重制解放双手！  | 明日方舟攻略（含GO-9，GO-EX-8突袭等）】 https://www.bilibili.com/video/BV1TbWGzxE2u/?p=10&share_source=copy_web&vd_source=1dc22fa13576dae3de5c9a1025c9d4f7"
    },
    "groups": [
        {
            "name": "术士",
            "opers": [
                {
                    "name": "艾雅法拉",
                    "skill": 2,
                    "skill_usage": 0
                },
                {
                    "name": "逻各斯",
                    "skill": 1,
                    "skill_usage": 0
                }
            ]
        },
        {
            "name": "地面阻挡群攻",
            "opers": [
                {
                    "name": "乌尔比安",
                    "skill": 2,
                    "skill_usage": 0
                },
                {
                    "name": "煌",
                    "skill": 2,
                    "skill_usage": 0
                }
            ]
        },
        {
            "name": "奶",
            "opers": [
                {
                    "name": "苏苏洛",
                    "skill": 2,
                    "skill_usage": 0
                },
                {
                    "name": "华法琳",
                    "skill": 1,
                    "skill_usage": 0
                },
                {
                    "name": "闪灵",
                    "skill": 2,
                    "skill_usage": 0
                },
                {
                    "name": "纯烬艾雅法拉",
                    "skill": 1,
                    "skill_usage": 0
                }
            ]
        }
    ],
    "opers": [
        {
            "name": "德克萨斯",
            "skill": 1,
            "skill_usage": 0
        }
    ],
    "difficulty": 3
}