{
    "minimum_required": "v4.0.0",
    "stage_name": "act37side_ex08",
    "actions": [
        {
            "type": "Deploy",
            "name": "流明",
            "location": [
                3,
                6
            ],
            "direction": "Up"
        },
        {
            "type": "Deploy",
            "name": "玛恩纳",
            "location": [
                5,
                5
            ],
            "direction": "Right"
        },
        {
            "type": "Deploy",
            "name": "星熊",
            "location": [
                1,
                4
            ],
            "direction": "Up"
        },
        {
            "type": "Deploy",
            "name": "艾雅法拉",
            "location": [
                2,
                3
            ],
            "direction": "Down"
        },
        {
            "type": "Skill",
            "name": "玛恩纳"
        },
        {
            "type": "Deploy",
            "name": "浊心斯卡蒂",
            "location": [
                3,
                5
            ],
            "direction": "Right"
        },
        {
            "type": "SpeedUp"
        },
        {
            "type": "Deploy",
            "name": "夜莺",
            "location": [
                2,
                5
            ],
            "direction": "Right"
        },
        {
            "type": "SkillUsage",
            "name": "玛恩纳",
            "skill_usage": 1
        },
        {
            "type": "Deploy",
            "name": "输出",
            "location": [
                4,
                6
            ],
            "direction": "Right"
        },
        {
            "type": "Skill",
            "name": "夜莺",
            "kills": 11
        },
        {
            "type": "Deploy",
            "name": "黍",
            "location": [
                2,
                6
            ],
            "direction": "Up"
        },
        {
            "type": "SkillUsage",
            "name": "夜莺",
            "skill_usage": 1
        },
        {
            "type": "SkillDaemon"
        }
    ],
    "doc": {
        "title": "GO-EX-8 - 在王座前 修改自用",
        "details": "——————————\n作业更新日期: 2024-10-17T01:27:38Z\n统计更新日期: 2025-09-23\n相对评分：96.97%  相对热度：72.46%\n来源：奥尔什方  ID：42548\n——————————\n修改自用\n原作者萧然Q\nJSON作者萨拉托加"
    },
    "groups": [
        {
            "name": "输出",
            "opers": [
                {
                    "skill_times": 2,
                    "name": "提丰",
                    "skill": 2,
                    "skill_usage": 2
                },
                {
                    "name": "维什戴尔",
                    "skill": 3,
                    "skill_usage": 1
                }
            ]
        }
    ],
    "opers": [
        {
            "name": "玛恩纳",
            "skill": 3,
            "skill_usage": 0
        },
        {
            "name": "星熊",
            "skill": 2,
            "skill_usage": 0
        },
        {
            "name": "流明",
            "skill": 3,
            "skill_usage": 1
        },
        {
            "name": "艾雅法拉",
            "skill": 2,
            "skill_usage": 0
        },
        {
            "name": "夜莺",
            "skill": 3,
            "skill_usage": 0
        },
        {
            "name": "浊心斯卡蒂",
            "skill": 2,
            "skill_usage": 0
        },
        {
            "name": "黍",
            "skill": 3,
            "skill_usage": 1
        }
    ],
    "difficulty": 3
}