{
    "minimum_required": "v4.0.0",
    "stage_name": "act37side_04",
    "actions": [
        {
            "type": "SpeedUp"
        },
        {
            "type": "Deploy",
            "name": "歌蕾蒂娅",
            "location": [
                8,
                3
            ],
            "direction": "Up"
        },
        {
            "type": "Deploy",
            "name": "娜仁图亚",
            "location": [
                7,
                3
            ],
            "direction": "Left"
        },
        {
            "type": "Deploy",
            "name": "乌尔比安",
            "location": [
                6,
                5
            ],
            "direction": "Left"
        }
    ],
    "doc": {
        "title": "饼干组挂机丨GO-4 - 酒精与安慰剂",
        "details": "——————————\n作业更新日期: 2025-09-19T09:21:51Z\n统计更新日期: 2025-09-23\n相对评分：99.00%  相对热度：73.70%\n来源：渡边草莓  ID：68771\n——————————\n原作者：紧急失控\n原视频：https://www.bilibili.com/video/BV1yQW3zSEQY"
    },
    "groups": [],
    "opers": [
        {
            "name": "乌尔比安",
            "skill_usage": 0,
            "skill": 2
        },
        {
            "name": "歌蕾蒂娅",
            "skill": 1,
            "skill_usage": 0
        },
        {
            "name": "娜仁图亚",
            "skill_usage": 2,
            "skill_times": 1,
            "skill": 1
        }
    ]
}