{
    "stage_name": "act37side_ex08",
    "minimum_required": "v4.0.0",
    "doc": {
        "title": "GO-EX-8 - 在王座前",
        "details": "——————————\n作业更新日期: 2025-09-19T18:23:48Z\n统计更新日期: 2025-09-23\n相对评分：96.97%  相对热度：86.23%\n来源：星之海.  ID：42596\n——————————\n此作业全员专三且模组一级\n原作者：自在道爷\nJSON作者：星之海.\n社区评论不会提醒，有问题可以进群找我：994516079（刚建的\n原视频：【【追迹日落以西】GO-EX-1至GO-EX-8挂机流，突袭也不愁！语音快乐详解，轻松解放双手 | 明日方舟攻略(分p更新中)】https://www.bilibili.com/video/BV1wumPYgEpb?vd_source=69f0b796ff8cde9e6cb9e9f9a99f8eec"
    },
    "opers": [
        {
            "name": "桃金娘",
            "skill": 1,
            "skill_usage": 1
        },
        {
            "name": "拉普兰德",
            "skill": 2,
            "skill_usage": 0
        },
        {
            "name": "星熊",
            "skill": 2,
            "skill_usage": 0
        },
        {
            "name": "号角",
            "skill": 1,
            "skill_usage": 0
        },
        {
            "name": "能天使",
            "skill": 3,
            "skill_usage": 0
        },
        {
            "name": "艾雅法拉",
            "skill": 2,
            "skill_usage": 0
        },
        {
            "name": "伊芙利特",
            "skill": 2,
            "skill_usage": 0
        },
        {
            "name": "夜莺",
            "skill": 2,
            "skill_usage": 0
        },
        {
            "name": "纯烬艾雅法拉",
            "skill": 1,
            "skill_usage": 0
        },
        {
            "name": "玛恩纳",
            "skill": 3,
            "skill_usage": 0
        }
    ],
    "groups": [],
    "actions": [
        {
            "name": "桃金娘",
            "location": [
                4,
                7
            ],
            "direction": "Right",
            "type": "Deploy"
        },
        {
            "name": "星熊",
            "location": [
                1,
                4
            ],
            "direction": "Right",
            "type": "Deploy"
        },
        {
            "name": "玛恩纳",
            "location": [
                4,
                4
            ],
            "direction": "Right",
            "type": "Deploy",
            "costs": 30
        },
        {
            "name": "纯烬艾雅法拉",
            "location": [
                3,
                2
            ],
            "direction": "Down",
            "type": "Deploy"
        },
        {
            "name": "能天使",
            "location": [
                3,
                6
            ],
            "direction": "Right",
            "type": "Deploy"
        },
        {
            "type": "SpeedUp"
        },
        {
            "name": "拉普兰德",
            "location": [
                3,
                7
            ],
            "direction": "Right",
            "type": "Deploy"
        },
        {
            "name": "艾雅法拉",
            "location": [
                2,
                3
            ],
            "direction": "Down",
            "type": "Deploy"
        },
        {
            "name": "伊芙利特",
            "location": [
                2,
                5
            ],
            "direction": "Up",
            "type": "Deploy"
        },
        {
            "type": "Retreat",
            "name": "桃金娘",
            "kills": 11,
            "costs": 50
        },
        {
            "type": "Retreat",
            "name": "伊芙利特",
            "pre_delay": 500
        },
        {
            "name": "夜莺",
            "location": [
                3,
                3
            ],
            "direction": "Left",
            "type": "Deploy"
        },
        {
            "name": "号角",
            "location": [
                4,
                3
            ],
            "direction": "Right",
            "type": "Deploy"
        },
        {
            "name": "幻影",
            "location": [
                4,
                5
            ],
            "direction": "Right",
            "type": "Deploy",
            "kills": 16,
            "pre_delay": 2000
        },
        {
            "type": "Retreat",
            "name": "能天使",
            "kills": 18
        },
        {
            "type": "Retreat",
            "name": "拉普兰德",
            "pre_delay": 500
        },
        {
            "name": "玛恩纳",
            "skill_usage": 1,
            "type": "SkillUsage"
        },
        {
            "name": "伊芙利特",
            "location": [
                7,
                2
            ],
            "direction": "Down",
            "type": "Deploy"
        },
        {
            "name": "能天使",
            "location": [
                4,
                2
            ],
            "direction": "Down",
            "type": "Deploy"
        },
        {
            "name": "拉普兰德",
            "location": [
                1,
                6
            ],
            "direction": "Up",
            "type": "Deploy"
        },
        {
            "type": "SkillDaemon"
        }
    ],
    "difficulty": 3
}