{
    "minimum_required": "v4.0.0",
    "stage_name": "act37side_ex05",
    "actions": [
        {
            "type": "SpeedUp"
        },
        {
            "type": "Deploy",
            "name": "乌尔比安",
            "location": [
                7,
                3
            ],
            "direction": "Left"
        },
        {
            "type": "Deploy",
            "name": "歌蕾蒂娅",
            "location": [
                4,
                5
            ],
            "direction": "Left"
        },
        {
            "type": "Skill",
            "name": "军工厂指令平台",
            "location": [
                3,
                4
            ],
            "costs": 26
        }
    ],
    "doc": {
        "title": "饼干组挂机丨GO-EX-5 - 工厂原料保障",
        "details": "——————————\n作业更新日期: 2025-09-19T13:51:51Z\n统计更新日期: 2025-09-23\n相对评分：98.00%  相对热度：71.86%\n来源：渡边草莓  ID：68807\n——————————\n原作者：紧急失控\n原视频：https://www.bilibili.com/video/BV1PVW3z2Ej5"
    },
    "groups": [],
    "opers": [
        {
            "name": "乌尔比安",
            "skill": 2,
            "skill_usage": 0
        },
        {
            "name": "歌蕾蒂娅",
            "skill": 1,
            "skill_usage": 0
        }
    ],
    "difficulty": 3
}