{
    "minimum_required": "v4.0.0",
    "stage_name": "act37side_ex02",
    "actions": [
        {
            "type": "Deploy",
            "name": "芬",
            "location": [
                2,
                2
            ],
            "direction": "Down"
        },
        {
            "type": "Deploy",
            "name": "黑角",
            "location": [
                3,
                3
            ],
            "direction": "Up"
        },
        {
            "type": "Retreat",
            "name": "黑角",
            "location": [
                3,
                3
            ],
            "costs": 20
        },
        {
            "type": "Deploy",
            "name": "乌尔比安",
            "location": [
                2,
                4
            ],
            "direction": "Up"
        },
        {
            "type": "Deploy",
            "name": "【速射手】精一满级及以上练度",
            "location": [
                4,
                5
            ],
            "direction": "Right"
        },
        {
            "type": "Deploy",
            "name": "【医疗】精一满级及以上",
            "location": [
                3,
                2
            ],
            "direction": "Down"
        },
        {
            "type": "Deploy",
            "name": "克洛丝",
            "location": [
                4,
                1
            ],
            "direction": "Right"
        },
        {
            "type": "SpeedUp"
        },
        {
            "type": "Deploy",
            "name": "【群愈师】精一满级及以上练度",
            "location": [
                3,
                5
            ],
            "direction": "Up"
        },
        {
            "type": "Deploy",
            "name": "【守护者】精一满级及以上练度",
            "location": [
                4,
                3
            ],
            "direction": "Left"
        },
        {
            "type": "Retreat",
            "name": "黑角",
            "location": [
                2,
                2
            ],
            "pre_delay": 20000
        },
        {
            "type": "Deploy",
            "name": "黑角",
            "location": [
                2,
                2
            ],
            "direction": "Down"
        },
        {
            "type": "SkillDaemon"
        }
    ],
    "doc": {
        "title": "GO-EX-2 - 秘密通道突击 - 单核",
        "details": "——————————\n作业更新日期: 2025-04-24T14:41:52Z\n统计更新日期: 2025-09-23\n相对评分：99.00%  相对热度：72.89%\n来源：小卡拉帕鲁灰  ID：50997\n——————————\n兼容突袭（推荐使用自动编队，如果缺干员报错后再手动借干员）\nJSON作者小卡拉帕鲁灰\n饼干：满级，专3，三级模组\n持续更新中，作业交流群789724611，如果作业有问题可以加群找我，评论区不能及时回复"
    },
    "groups": [
        {
            "name": "【群愈师】精一满级及以上练度",
            "opers": [
                {
                    "name": "夜莺",
                    "skill": 2,
                    "skill_usage": 0
                },
                {
                    "name": "白面鸮",
                    "skill": 2,
                    "skill_usage": 1
                },
                {
                    "name": "微风",
                    "skill": 2,
                    "skill_usage": 1
                },
                {
                    "name": "调香师",
                    "skill": 2,
                    "skill_usage": 1
                },
                {
                    "name": "明椒",
                    "skill": 2,
                    "skill_usage": 1
                }
            ]
        },
        {
            "name": "【医疗】精一满级及以上",
            "opers": [
                {
                    "name": "闪灵",
                    "skill": 2,
                    "skill_usage": 0
                },
                {
                    "name": "纯烬艾雅法拉",
                    "skill": 1,
                    "skill_usage": 0
                },
                {
                    "name": "苏苏洛",
                    "skill": 1,
                    "skill_usage": 1
                },
                {
                    "name": "赫默",
                    "skill": 1,
                    "skill_usage": 1
                },
                {
                    "name": "亚叶",
                    "skill": 1,
                    "skill_usage": 1
                },
                {
                    "name": "流明",
                    "skill": 3,
                    "skill_usage": 1
                },
                {
                    "name": "嘉维尔",
                    "skill": 1,
                    "skill_usage": 0
                },
                {
                    "name": "华法琳",
                    "skill": 1,
                    "skill_usage": 0
                },
                {
                    "name": "芙蓉",
                    "skill": 1,
                    "skill_usage": 1
                },
                {
                    "name": "安赛尔",
                    "skill": 1,
                    "skill_usage": 1
                },
                {
                    "name": "末药",
                    "skill": 1,
                    "skill_usage": 0
                }
            ]
        },
        {
            "name": "【速射手】精一满级及以上练度",
            "opers": [
                {
                    "name": "灰烬",
                    "skill": 2,
                    "skill_usage": 1
                },
                {
                    "name": "空弦",
                    "skill": 3,
                    "skill_usage": 1
                },
                {
                    "name": "能天使",
                    "skill": 3,
                    "skill_usage": 0
                },
                {
                    "name": "白金",
                    "skill": 2,
                    "skill_usage": 0
                },
                {
                    "name": "寒芒克洛丝",
                    "skill": 2,
                    "skill_usage": 1
                },
                {
                    "name": "灰喉",
                    "skill": 2,
                    "skill_usage": 1
                },
                {
                    "name": "蓝毒",
                    "skill": 1,
                    "skill_usage": 0
                },
                {
                    "name": "隐现",
                    "skill": 2,
                    "skill_usage": 1
                },
                {
                    "name": "杰西卡",
                    "skill": 1,
                    "skill_usage": 0
                },
                {
                    "name": "流星",
                    "skill": 1,
                    "skill_usage": 0
                },
                {
                    "name": "梅",
                    "skill": 1,
                    "skill_usage": 0
                }
            ]
        },
        {
            "name": "【守护者】精一满级及以上练度",
            "opers": [
                {
                    "name": "塞雷娅",
                    "skill": 1,
                    "skill_usage": 0
                },
                {
                    "name": "黍",
                    "skill": 1,
                    "skill_usage": 0
                },
                {
                    "name": "瑕光",
                    "skill": 1,
                    "skill_usage": 0
                },
                {
                    "name": "吽",
                    "skill": 2,
                    "skill_usage": 1
                },
                {
                    "name": "临光",
                    "skill": 1,
                    "skill_usage": 0
                },
                {
                    "name": "深律",
                    "skill": 1,
                    "skill_usage": 0
                },
                {
                    "name": "斑点",
                    "skill": 1,
                    "skill_usage": 1
                },
                {
                    "name": "古米",
                    "skill": 1,
                    "skill_usage": 0
                }
            ]
        }
    ],
    "opers": [
        {
            "name": "乌尔比安",
            "skill": 2,
            "skill_usage": 0
        },
        {
            "name": "芬",
            "skill": 1,
            "skill_usage": 0
        },
        {
            "name": "克洛丝",
            "skill": 1,
            "skill_usage": 0
        },
        {
            "name": "黑角",
            "skill": 1,
            "skill_usage": 0
        }
    ],
    "difficulty": 3
}