{
    "minimum_required": "v4.0.0",
    "stage_name": "act37side_ex04",
    "actions": [
        {
            "type": "SpeedUp"
        },
        {
            "type": "Deploy",
            "name": "狙击1",
            "direction": "Right",
            "location": [
                6,
                5
            ]
        },
        {
            "type": "Deploy",
            "name": "娜仁图亚",
            "location": [
                5,
                2
            ],
            "direction": "Right"
        },
        {
            "type": "Deploy",
            "name": "歌蕾蒂娅",
            "location": [
                4,
                3
            ],
            "direction": "Up"
        },
        {
            "type": "Deploy",
            "name": "乌尔比安",
            "location": [
                5,
                4
            ],
            "direction": "Up"
        },
        {
            "type": "Deploy",
            "name": "狙击2",
            "direction": "Right",
            "location": [
                6,
                2
            ]
        }
    ],
    "doc": {
        "title": "饼干组挂机丨GO-EX-4 - 通讯频段干扰",
        "details": "——————————\n作业更新日期: 2025-09-19T14:36:45Z\n统计更新日期: 2025-09-23\n相对评分：99.00%  相对热度：71.58%\n来源：渡边草莓  ID：68805\n——————————\n原作者：紧急失控\n原视频：https://www.bilibili.com/video/BV1MAW3zWEUL\n"
    },
    "groups": [
        {
            "name": "狙击1",
            "opers": [
                {
                    "name": "能天使",
                    "skill": 3,
                    "skill_usage": 0
                },
                {
                    "name": "新约能天使",
                    "skill": 1,
                    "skill_usage": 0
                },
                {
                    "name": "寒芒克洛丝",
                    "skill": 1,
                    "skill_usage": 0
                },
                {
                    "name": "空弦",
                    "skill": 1,
                    "skill_usage": 0
                }
            ]
        },
        {
            "name": "狙击2",
            "opers": [
                {
                    "name": "克洛丝",
                    "skill": 1,
                    "skill_usage": 0
                },
                {
                    "name": "巡林者",
                    "skill": 1,
                    "skill_usage": 0
                }
            ]
        }
    ],
    "opers": [
        {
            "name": "乌尔比安",
            "skill": 2,
            "skill_usage": 0
        },
        {
            "name": "歌蕾蒂娅",
            "skill": 1,
            "skill_usage": 0
        },
        {
            "name": "娜仁图亚",
            "skill_usage": 2,
            "skill_times": 1,
            "skill": 1
        }
    ],
    "difficulty": 3
}