{
    "minimum_required": "v4.0.0",
    "stage_name": "act37side_ex04",
    "actions": [
        {
            "type": "Deploy",
            "name": "芬",
            "location": [
                4,
                3
            ],
            "direction": "Right"
        },
        {
            "type": "Deploy",
            "name": "维什戴尔",
            "location": [
                5,
                2
            ],
            "direction": "Right"
        },
        {
            "type": "SpeedUp"
        },
        {
            "type": "Deploy",
            "name": "逻各斯",
            "location": [
                6,
                5
            ],
            "direction": "Right"
        },
        {
            "type": "Deploy",
            "name": "斑点",
            "location": [
                5,
                4
            ],
            "direction": "Left"
        },
        {
            "type": "SkillDaemon"
        }
    ],
    "doc": {
        "title": "GO-EX-4 - 通讯频段干扰 - 双核",
        "details": "——————————\n作业更新日期: 2025-04-24T15:42:26Z\n统计更新日期: 2025-09-23\n相对评分：98.00%  相对热度：73.32%\n来源：小卡拉帕鲁灰  ID：51000\n——————————\n兼容突袭（推荐使用自动编队，如果缺干员报错后再手动借干员）\nJSON作者小卡拉帕鲁灰\nEW与Logos：满级，专3，三级模组\n暗锁精一1级，7级技能\n持续更新中，作业交流群789724611，如果作业有问题可以加群找我，评论区不能及时回复"
    },
    "groups": [],
    "opers": [
        {
            "name": "维什戴尔",
            "skill": 3,
            "skill_usage": 1
        },
        {
            "name": "逻各斯",
            "skill": 3,
            "skill_usage": 1
        },
        {
            "name": "芬",
            "skill": 1,
            "skill_usage": 0
        },
        {
            "name": "斑点",
            "skill": 1,
            "skill_usage": 0
        }
    ],
    "difficulty": 3
}