{
    "minimum_required": "v4.0.0",
    "stage_name": "act37side_ex08",
    "actions": [
        {
            "type": "Deploy",
            "name": "桃金娘",
            "location": [
                1,
                5
            ],
            "direction": "Up"
        },
        {
            "type": "SpeedUp"
        },
        {
            "type": "Deploy",
            "name": "夜莺",
            "location": [
                3,
                5
            ],
            "direction": "Left"
        },
        {
            "type": "Deploy",
            "name": "玛恩纳",
            "location": [
                4,
                4
            ],
            "direction": "Right",
            "costs": 22
        },
        {
            "type": "Deploy",
            "name": "Lancet-2",
            "location": [
                3,
                6
            ],
            "direction": "Up"
        },
        {
            "type": "Deploy",
            "name": "维什戴尔",
            "location": [
                5,
                6
            ],
            "direction": "Right"
        },
        {
            "type": "Deploy",
            "name": "肉盾",
            "location": [
                1,
                4
            ],
            "direction": "Up"
        },
        {
            "type": "Deploy",
            "name": "术士",
            "location": [
                2,
                5
            ],
            "direction": "Up"
        },
        {
            "type": "Deploy",
            "name": "奶",
            "location": [
                2,
                3
            ],
            "direction": "Down"
        },
        {
            "type": "SkillUsage",
            "skill_times": 1,
            "skill_usage": 2,
            "name": "维什戴尔",
            "pre_delay": 8000
        },
        {
            "type": "Deploy",
            "location": [
                3,
                4
            ],
            "direction": "Up",
            "kills": 17,
            "name": "奶盾"
        },
        {
            "type": "Skill",
            "location": [
                2,
                4
            ],
            "costs": 30
        },
        {
            "type": "Retreat",
            "name": "维什戴尔",
            "kills": 19
        },
        {
            "type": "Deploy",
            "name": "维什戴尔",
            "location": [
                7,
                2
            ],
            "direction": "Right"
        },
        {
            "type": "Skill",
            "name": "维什戴尔",
            "pre_delay": 10000
        },
        {
            "type": "SkillDaemon"
        }
    ],
    "doc": {
        "title": "GO-EX-8 - 在王座前",
        "details": "——————————\n作业更新日期: 2025-09-23T07:36:37Z\n统计更新日期: 2025-09-26\n相对评分：95.96%  相对热度：79.73%\n来源：焕彩gg  ID：42538\n——————————\n作者：焕彩GG https://space.bilibili.com/10123796\n如果塞雷亚放不下去是因为运气不好出狮子把格子占了，手动放下去或者重开一局。"
    },
    "groups": [
        {
            "name": "奶盾",
            "opers": [
                {
                    "name": "黍",
                    "skill": 1,
                    "skill_usage": 0
                },
                {
                    "name": "塞雷娅",
                    "skill": 1,
                    "skill_usage": 0
                }
            ]
        },
        {
            "name": "奶",
            "opers": [
                {
                    "name": "闪灵",
                    "skill": 2,
                    "skill_usage": 0
                },
                {
                    "name": "纯烬艾雅法拉",
                    "skill": 1,
                    "skill_usage": 0
                }
            ]
        },
        {
            "name": "术士",
            "opers": [
                {
                    "name": "逻各斯",
                    "skill": 1,
                    "skill_usage": 0
                },
                {
                    "name": "艾雅法拉",
                    "skill": 2,
                    "skill_usage": 0
                },
                {
                    "name": "澄闪",
                    "skill": 2,
                    "skill_usage": 0
                }
            ]
        },
        {
            "name": "肉盾",
            "opers": [
                {
                    "name": "斩业星熊",
                    "skill": 2,
                    "skill_usage": 0
                },
                {
                    "name": "星熊",
                    "skill": 2,
                    "skill_usage": 0
                }
            ]
        },
        {
            "name": "夜莺",
            "opers": [
                {
                    "name": "夜莺",
                    "skill": 2,
                    "skill_usage": 0
                },
                {
                    "name": "遥",
                    "skill": 2,
                    "skill_usage": 2,
                    "skill_times": 2
                }
            ]
        }
    ],
    "opers": [
        {
            "name": "维什戴尔",
            "skill": 3,
            "skill_usage": 2,
            "skill_times": 1
        },
        {
            "name": "桃金娘",
            "skill": 1,
            "skill_usage": 2,
            "skill_times": 4
        },
        {
            "name": "Lancet-2",
            "skill": 1,
            "skill_usage": 0
        },
        {
            "name": "玛恩纳",
            "skill": 3,
            "skill_usage": 1
        }
    ],
    "difficulty": 3
}