{
    "minimum_required": "v4.0.0",
    "stage_name": "act37side_ex03",
    "actions": [
        {
            "type": "SpeedUp"
        },
        {
            "type": "Deploy",
            "name": "乌尔比安",
            "location": [
                8,
                3
            ],
            "direction": "Down"
        },
        {
            "type": "Deploy",
            "name": "娜仁图亚",
            "location": [
                7,
                4
            ],
            "direction": "Up"
        },
        {
            "type": "Deploy",
            "name": "歌蕾蒂娅",
            "location": [
                7,
                2
            ],
            "direction": "Left"
        }
    ],
    "doc": {
        "title": "饼干组挂机丨GO-EX-3 - 祭坛紧急拆除",
        "details": "——————————\n作业更新日期: 2025-09-19T10:38:49Z\n统计更新日期: 2025-09-23\n相对评分：99.00%  相对热度：71.86%\n来源：渡边草莓  ID：68786\n——————————\n原作者：紧急失控\n原视频：https://www.bilibili.com/video/BV1DzW3zZEUD"
    },
    "groups": [],
    "opers": [
        {
            "name": "乌尔比安",
            "skill": 2,
            "skill_usage": 0
        },
        {
            "name": "歌蕾蒂娅",
            "skill": 1,
            "skill_usage": 0
        },
        {
            "name": "娜仁图亚",
            "skill_usage": 2,
            "skill_times": 1,
            "skill": 1
        }
    ],
    "difficulty": 3
}