{"minimum_required":"v4.0.0","stage_name":"DC-2","actions":[{"type":"SpeedUp","doc_color":"DarkCyan","doc":"up：侬无言以对\n@碎蜂"},{"type":"Deploy","name":"煌","location":[9,3],"direction":"Left"},{"type":"Deploy","name":"艾雅法拉","location":[2,2],"direction":"Down"},{"type":"Deploy","name":"塞雷娅","location":[1,2],"direction":"Down"}],"doc":{"title":"DC-2","details":"up：侬无言以对\n@碎蜂\nhttps://www.bilibili.com/video/av351825193/\n请下载原json使用"},"groups":[],"opers":[{"name":"煌","skill":2,"skill_usage":0},{"name":"塞雷娅","skill":1,"skill_usage":0},{"name":"艾雅法拉","skill":2,"skill_usage":0}],"difficulty":0}