{"minimum_required":"v4.0.0","stage_name":"DC-7","actions":[{"type":"SpeedUp","doc_color":"DarkCyan","doc":"up：侬无言以对\n@碎蜂"},{"type":"Deploy","name":"煌","location":[8,5],"direction":"Down"},{"type":"Deploy","name":"星熊","location":[9,6],"direction":"Left"},{"type":"Deploy","name":"能天使","location":[2,2],"direction":"Right","costs":19},{"type":"Deploy","name":"艾雅法拉","location":[9,2],"direction":"Left"},{"type":"Deploy","name":"闪灵","location":[9,4],"direction":"Down"},{"type":"Deploy","name":"泥岩","location":[9,1],"direction":"Left"}],"doc":{"title":"DC-7","details":"up：侬无言以对\n@碎蜂\nhttps://www.bilibili.com/video/av566769996/\n请下载原json使用\n原视频四位干员均携带模组，星熊携带y模组（挡4）"},"groups":[],"opers":[{"name":"煌","skill":2,"skill_usage":0},{"name":"星熊","skill":2,"skill_usage":0},{"name":"艾雅法拉","skill":2,"skill_usage":0},{"name":"能天使","skill":3,"skill_usage":0},{"name":"泥岩","skill":2,"skill_usage":0},{"name":"闪灵","skill":2,"skill_usage":0}],"difficulty":0}