{
    "actions": [
        {
            "type": "部署",
            "name": "陈",
            "location": [
                5,
                3
            ],
            "direction": "下"
        },
        {
            "type": "部署",
            "name": "华法琳",
            "location": [
                8,
                2
            ],
            "direction": "左"
        },
        {
            "type": "部署",
            "name": "芙蓉",
            "location": [
                8,
                4
            ],
            "direction": "左"
        },
        {
            "type": "二倍速"
        },
        {
            "type": "技能",
            "location": [
                5,
                3
            ],
            "name": "陈",
            "pre_delay": 4500,
            "kills": 3
        },
        {
            "type": "技能",
            "name": "华法琳",
            "location": [
                8,
                2
            ],
            "kills": 10,
            "pre_delay": 1000
        },
        {
            "type": "技能",
            "name": "陈",
            "location": [
                5,
                3
            ]
        },
        {
            "type": "技能",
            "name": "华法琳",
            "location": [
                8,
                2
            ],
            "kills": 17,
            "pre_delay": 3000
        },
        {
            "type": "技能",
            "name": "陈",
            "location": [
                5,
                3
            ]
        }
    ],
    "stage_name": "永不后退",
    "opers": [
        {
            "name": "陈",
            "skill": 3
        },
        {
            "name": "华法琳",
            "skill": 2
        },
        {
            "name": "芙蓉",
            "skill": 1
        }
    ],
    "doc": {
        "details": "测试等级：陈精二40技能3专一\n适用版本：394b1及以上"
    }
}