{
    "minimum_required": "v4.0.0",
    "stage_name": "hard_15-03",
    "actions": [
        {
            "type": "Deploy",
            "name": "桃金娘",
            "location": [
                1,
                5
            ],
            "direction": "Up"
        },
        {
            "type": "Deploy",
            "name": "芬",
            "location": [
                1,
                4
            ],
            "direction": "Up"
        },
        {
            "type": "SpeedUp"
        },
        {
            "type": "Deploy",
            "name": "维什戴尔",
            "location": [
                3,
                3
            ],
            "direction": "Down"
        },
        {
            "type": "Deploy",
            "name": "玛恩纳",
            "location": [
                2,
                6
            ],
            "direction": "Up"
        },
        {
            "type": "Skill",
            "name": "维什戴尔",
            "location": [
                3,
                3
            ],
            "pre_delay": 2000
        },
        {
            "type": "Deploy",
            "name": "塞雷娅/黍",
            "location": [
                1,
                6
            ],
            "direction": "Up"
        },
        {
            "type": "Retreat",
            "name": "芬",
            "location": [
                1,
                4
            ]
        },
        {
            "type": "Retreat",
            "name": "桃金娘",
            "location": [
                1,
                5
            ],
            "pre_delay": 500
        },
        {
            "type": "Skill",
            "name": "玛恩纳",
            "location": [
                2,
                6
            ],
            "kills": 8,
            "pre_delay": 11500
        },
        {
            "type": "SkillUsage",
            "name": "维什戴尔",
            "skill_usage": 2,
            "skill_times": 1
        },
        {
            "type": "SpeedUp",
            "kills": 12,
            "pre_delay": 1000
        },
        {
            "type": "Deploy",
            "name": "史尔特尔",
            "location": [
                1,
                4
            ],
            "direction": "Right"
        },
        {
            "type": "SpeedUp",
            "pre_delay": 5000
        },
        {
            "type": "SkillUsage",
            "skill_times": 1,
            "name": "玛恩纳",
            "skill_usage": 2
        },
        {
            "type": "SkillUsage",
            "name": "维什戴尔",
            "skill_usage": 2,
            "kills": 16,
            "skill_times": 1
        },
        {
            "type": "SkillUsage",
            "skill_times": 1,
            "name": "玛恩纳",
            "skill_usage": 2,
            "kills": 23
        },
        {
            "type": "Deploy",
            "name": "安塞尔就行",
            "location": [
                4,
                5
            ],
            "direction": "Left",
            "kills": 27
        },
        {
            "type": "Deploy",
            "name": "史尔特尔",
            "location": [
                1,
                2
            ],
            "direction": "Down"
        },
        {
            "type": "SkillUsage",
            "name": "维什戴尔",
            "skill_times": 1,
            "skill_usage": 2
        },
        {
            "type": "SkillDaemon"
        },
        {
            "type": "SpeedUp",
            "pre_delay": 1000
        }
    ],
    "doc": {
        "title": "第十五章 离解复合 - H15-3（标准） - 机密预案-3",
        "details": "——————————\n作业更新日期: 2025-04-17T02:30:50Z\n统计更新日期: 2025-06-11\n好评率：92.59%  浏览量：1438\n来源：焕彩gg  ID：50281\n——————————\n\nB站ID：焕彩GG 主页：https://space.bilibili.com/10123796\n求关注。"
    },
    "groups": [
        {
            "name": "塞雷娅/黍",
            "opers": [
                {
                    "name": "黍",
                    "skill": 1,
                    "skill_usage": 0
                },
                {
                    "name": "塞雷娅",
                    "skill": 1,
                    "skill_usage": 0
                }
            ]
        },
        {
            "name": "安塞尔就行",
            "opers": [
                {
                    "name": "闪灵",
                    "skill": 2,
                    "skill_usage": 0
                },
                {
                    "name": "纯烬艾雅法拉",
                    "skill": 1,
                    "skill_usage": 0
                },
                {
                    "name": "安赛尔",
                    "skill": 1,
                    "skill_usage": 1
                }
            ]
        }
    ],
    "opers": [
        {
            "name": "玛恩纳",
            "skill": 3,
            "skill_usage": 0
        },
        {
            "name": "维什戴尔",
            "skill": 3,
            "skill_usage": 0
        },
        {
            "name": "史尔特尔",
            "skill": 3,
            "skill_usage": 1
        },
        {
            "name": "桃金娘",
            "skill": 1,
            "skill_usage": 1
        },
        {
            "name": "芬",
            "skill": 1,
            "skill_usage": 0
        }
    ]
}