{
    "minimum_required": "v4.0.0",
    "stage_name": "mem_gdglow_1",
    "actions": [
        {
            "type": "SpeedUp"
        },
        {
            "type": "Deploy",
            "name": "澄闪",
            "location": [
                5,
                6
            ],
            "direction": "Up"
        },
        {
            "type": "Skill",
            "name": "澄闪",
            "location": [
                5,
                6
            ],
            "kills": 2
        },
        {
            "type": "Skill",
            "name": "澄闪",
            "location": [
                5,
                6
            ],
            "kills": 16
        },
        {
            "type": "Skill",
            "name": "澄闪",
            "location": [
                5,
                6
            ],
            "kills": 25
        }
    ],
    "doc": {
        "title": "澄闪 “闪耀时刻” 悖论模拟",
        "details": "作业更新日期: 2024-09-05T11:28:33Z\n统计更新日期: 2024-09-16\n好评率：100.0%  浏览量：769\n来源：Genicur  ID：41108\n地图未更新 暂无法使用 \n攻略作者：焦炭_Coke https://www.bilibili.com/video/BV1KwHregEsP"
    },
    "groups": [],
    "opers": [
        {
            "name": "澄闪",
            "skill": 3,
            "skill_usage": 0
        }
    ]
}