{
    "minimum_required": "v4.0.0",
    "stage_name": "mem_mint_1",
    "actions": [
        {
            "type": "SpeedUp"
        },
        {
            "type": "Deploy",
            "name": "薄绿",
            "location": [
                4,
                4
            ],
            "direction": "Right"
        },
        {
            "type": "Deploy",
            "name": "米格鲁",
            "location": [
                5,
                6
            ],
            "direction": "Left"
        },
        {
            "type": "Deploy",
            "name": "蛇屠箱",
            "location": [
                6,
                5
            ],
            "direction": "Up"
        },
        {
            "type": "Skill",
            "name": "薄绿",
            "location": [
                4,
                4
            ],
            "pre_delay": 3000
        },
        {
            "type": "Skill",
            "name": "薄绿",
            "location": [
                4,
                4
            ],
            "costs": 61
        },
        {
            "type": "SkillUsage",
            "name": "薄绿",
            "skill_usage": 1
        },
        {
            "type": "Skill",
            "name": "米格鲁",
            "location": [
                5,
                6
            ],
            "cost_changes": 61,
            "pre_delay": 10000
        },
        {
            "type": "Skill",
            "name": "蛇屠箱",
            "location": [
                6,
                5
            ]
        },
        {
            "type": "Deploy",
            "name": "卡缇",
            "location": [
                5,
                6
            ],
            "cooling": 1,
            "direction": "Left"
        }
    ],
    "doc": {
        "title": "薄绿悖论模拟 - 过来吧你！（最新调试）",
        "details": "作业更新日期: 2024-06-10T13:46:33Z\n统计更新日期: 2024-11-30\n好评率：81.82%  浏览量：225\n来源：薄荷喵喵小慕斯  ID：38495\n作者：倾九_Komy\n作业：【明日方舟】薄绿 悖论模拟/无需专精/看一遍就过/简单操作\n作业链接：https://www.bilibili.com/video/BV1Ld4y137DC/?spm_id_from=333.1007.top_right_bar_window_history.content.click\n有问题找咱：759260193（不一定及时看评论区对不起！）"
    },
    "groups": [],
    "opers": [
        {
            "name": "薄绿",
            "skill": 2,
            "skill_usage": 0
        }
    ]
}