{
    "minimum_required": "v4.0.0",
    "stage_name": "mem_scave_1",
    "actions": [
        {
            "type": "Deploy",
            "name": "清道夫",
            "location": [
                1,
                4
            ],
            "direction": "Up"
        },
        {
            "type": "Deploy",
            "name": "红",
            "location": [
                4,
                5
            ],
            "direction": "Right"
        },
        {
            "type": "Retreat",
            "location": [
                4,
                5
            ],
            "kills": 3
        },
        {
            "type": "Skill",
            "name": "清道夫",
            "location": [
                1,
                4
            ],
            "kills": 5,
            "pre_delay": 2600
        },
        {
            "type": "Deploy",
            "name": "红",
            "location": [
                2,
                1
            ],
            "kills": 6,
            "pre_delay": 3200,
            "direction": "Right"
        },
        {
            "type": "Retreat",
            "location": [
                2,
                1
            ],
            "kills": 10
        },
        {
            "type": "Deploy",
            "name": "红",
            "location": [
                3,
                1
            ],
            "kills": 15,
            "direction": "Right"
        },
        {
            "type": "Retreat",
            "location": [
                3,
                1
            ],
            "kills": 19
        },
        {
            "type": "Skill",
            "name": "清道夫",
            "location": [
                1,
                4
            ],
            "kills": 19,
            "pre_delay": 500
        },
        {
            "type": "Deploy",
            "name": "红",
            "location": [
                3,
                5
            ],
            "kills": 20,
            "direction": "Right"
        },
        {
            "type": "Retreat",
            "name": "红",
            "location": [
                3,
                5
            ],
            "kills": 23,
            "pre_delay": 0
        },
        {
            "type": "Deploy",
            "name": "红",
            "location": [
                1,
                1
            ],
            "kills": 30,
            "direction": "Right"
        },
        {
            "type": "Skill",
            "name": "清道夫",
            "location": [
                1,
                4
            ],
            "kills": 32
        }
    ],
    "doc": {
        "title": "先锋 - 清道夫 - 独行者的合谋 悖论模拟",
        "details": "统计日期：2024-05-02\n好评率：90.48%  浏览量：554\nhttps://www.bilibili.com/video/BV1Co4y1Q7wj?p=27 up主：孑诺sang\n清道夫二技能"
    },
    "groups": [],
    "opers": [
        {
            "name": "清道夫",
            "skill": 2,
            "skill_usage": 0
        },
        {
            "name": "红",
            "skill": 1,
            "skill_usage": 0
        }
    ]
}