{
    "minimum_required": "v4.0.0",
    "stage_name": "mem_buildr_1",
    "actions": [
        {
            "type": "Deploy",
            "name": "青枳",
            "location": [
                1,
                3
            ],
            "direction": "Right"
        },
        {
            "type": "SpeedUp"
        },
        {
            "type": "Deploy",
            "name": "杜林",
            "location": [
                1,
                2
            ],
            "direction": "Right"
        },
        {
            "type": "Deploy",
            "name": "Lancet-2",
            "location": [
                1,
                4
            ],
            "direction": "Up"
        },
        {
            "type": "Deploy",
            "name": "至简",
            "location": [
                2,
                2
            ],
            "direction": "Right"
        },
        {
            "type": "Skill",
            "name": "装置",
            "location": [
                3,
                2
            ],
            "costs": 20
        },
        {
            "type": "SkillDaemon"
        }
    ],
    "doc": {
        "title": "先锋 - 青枳 - 别来拆家【青枳悖论模拟】",
        "details": "作业更新日期: 2024-01-12T11:19:10Z\n统计更新日期: 2024-08-03\n好评率：97.37%  浏览量：812\n来源：小卡拉帕鲁灰🐖  ID：31694\n青枳悖论模拟：别来拆家\n土木学姐的自我修养.jpg\n练度：精二50级、专3二技能（我只有一个号养了，等级具体可以多低不知道）\n悖论模拟需要在MAA中关闭“自动编队”，\n选好二技能后处于红色ui“开始模拟”界面，maa就可以按开始了"
    },
    "groups": [],
    "opers": [
        {
            "name": "青枳",
            "skill": 2,
            "skill_usage": 1
        },
        {
            "name": "Lancet-2",
            "skill": 1,
            "skill_usage": 0
        },
        {
            "name": "杜林",
            "skill": 1,
            "skill_usage": 0
        },
        {
            "name": "至简",
            "skill": 1,
            "skill_usage": 0
        }
    ]
}