{
  "minimum_required": "v4.0.0",
  "stage_name": "hard_11-04",
  "actions": [
    {
      "type": "SpeedUp"
    },
    {
      "type": "Deploy",
      "name": "塞雷娅",
      "location": [
        1,
        4
      ],
      "direction": "Right"
    },
    {
      "type": "Deploy",
      "name": "能天使",
      "location": [
        8,
        2
      ],
      "direction": "Left",
      "costs": 15
    },
    {
      "type": "Deploy",
      "name": "澄闪",
      "location": [
        3,
        3
      ],
      "direction": "Down"
    },
    {
      "type": "Deploy",
      "name": "艾雅法拉",
      "location": [
        9,
        5
      ],
      "direction": "Left"
    },
    {
      "type": "Deploy",
      "name": "浊心斯卡蒂",
      "location": [
        9,
        3
      ],
      "direction": "Left"
    },
    {
      "type": "Deploy",
      "name": "星熊",
      "location": [
        9,
        4
      ],
      "direction": "Left"
    },
    {
      "type": "Deploy",
      "name": "纯烬艾雅法拉",
      "location": [
        10,
        3
      ],
      "direction": "Down"
    },
    {
      "type": "Deploy",
      "name": "流明",
      "location": [
        3,
        5
      ],
      "direction": "Left"
    }
  ],
  "doc": {
    "title": "第十一章 淬火尘霾 - H11-4（标准） - 尘霾行动-4",
    "details": "萧然Q，https://www.bilibili.com/video/BV1U8411Y74E/?p=6\n2023-6-14 的视频，平均练度精二60，输出干员要专三，都带X模组\n自用修改自maa://26154\n纯艾换闪灵"
  },
  "groups": [],
  "opers": [
    {
      "name": "艾雅法拉",
      "skill": 2,
      "skill_usage": 0
    },
    {
      "name": "澄闪",
      "skill": 2,
      "skill_usage": 0
    },
    {
      "name": "能天使",
      "skill": 3,
      "skill_usage": 0
    },
    {
      "name": "浊心斯卡蒂",
      "skill": 2,
      "skill_usage": 0
    },
    {
      "name": "塞雷娅",
      "skill": 1,
      "skill_usage": 0
    },
    {
      "name": "星熊",
      "skill": 2,
      "skill_usage": 0
    },
    {
      "name": "纯烬艾雅法拉",
      "skill": 1,
      "skill_usage": 0
    },
    {
      "name": "流明",
      "skill": 1,
      "skill_usage": 0
    }
  ]
}