{
    "minimum_required": "v4.0.0",
    "stage_name": "pro_c_2",
    "actions": [
        {
            "type": "Deploy",
            "name": "克洛丝",
            "location": [
                6,
                4
            ],
            "direction": "Left",
            "costs": 9
        },
        {
            "type": "Deploy",
            "name": "梓兰",
            "location": [
                4,
                4
            ],
            "direction": "Right",
            "kills": 1
        },
        {
            "type": "Deploy",
            "name": "杜林",
            "location": [
                4,
                2
            ],
            "direction": "Down",
            "costs": 12
        },
        {
            "type": "Deploy",
            "name": "史都华德",
            "location": [
                6,
                2
            ],
            "direction": "Left",
            "cost_changes": 16
        },
        {
            "type": "Deploy",
            "name": "安德切尔",
            "location": [
                1,
                3
            ],
            "direction": "Right",
            "kills": 10
        },
        {
            "type": "Deploy",
            "name": "玫兰莎",
            "location": [
                5,
                4
            ],
            "direction": "Up",
            "kills": 12
        },
        {
            "type": "Deploy",
            "name": "阿消",
            "location": [
                7,
                3
            ],
            "direction": "Left",
            "kills": 33
        },
        {
            "type": "SkillDaemon"
        }
    ],
    "doc": {
        "title": "自己使用",
        "details": "作业更新日期: 2023-11-22T14:07:13Z\n统计更新日期: 2024-08-03\n好评率：100.0%  浏览量：172\n来源：qwertyuiop520  ID：30439\n自己使用"
    },
    "groups": [],
    "opers": [
        {
            "name": "梓兰",
            "skill": 1,
            "skill_usage": 1
        },
        {
            "name": "安德切尔",
            "skill": 1,
            "skill_usage": 1
        },
        {
            "name": "克洛丝",
            "skill": 1,
            "skill_usage": 0
        },
        {
            "name": "玫兰莎",
            "skill": 1,
            "skill_usage": 1
        },
        {
            "name": "史都华德",
            "skill": 1,
            "skill_usage": 0
        },
        {
            "name": "杜林",
            "skill": 1,
            "skill_usage": 0
        },
        {
            "name": "阿消",
            "skill": 1,
            "skill_usage": 0
        }
    ]
}