{
    "minimum_required": "v4.0.0",
    "doc": {
        "title": "PR-D-1",
        "details": "统计日期：2024-06-01\n好评率：100.0%  浏览量：107\n来源：tang  ID：28218\n如遇到无法识别“弦惊”“清平”“逍遥”，删除cache/avatars 下的头像重新启动MMA\n测试为90级三模专6令\n作者-唐"
    },
    "stage_name": "pro_d_1",
    "opers": [
        {
            "name": "令",
            "skill": 3,
            "skill_usage": 0
        }
    ],
    "actions": [
        {
            "type": "二倍速",
            "name": ""
        },
        {
            "type": "部署",
            "name": "令",
            "location": [
                2,
                3
            ],
            "direction": "下"
        },
        {
            "type": "部署",
            "name": "“弦惊”",
            "location": [
                9,
                6
            ],
            "direction": "左"
        },
        {
            "type": "部署",
            "name": "“弦惊”",
            "location": [
                4,
                4
            ],
            "direction": "右"
        },
        {
            "type": "部署",
            "name": "“弦惊”",
            "location": [
                3,
                6
            ],
            "direction": "右"
        },
        {
            "type": "技能",
            "kills": 59,
            "name": "令",
            "location": [
                2,
                3
            ],
            "direction": "下"
        },
        {
            "type": "摆完挂机",
            "name": ""
        }
    ]
}