{
    "minimum_required": "v4.0.0",
    "stage_name": "wk_melee_6",
    "actions": [
        {
            "type": "Deploy",
            "name": "百炼嘉维尔",
            "location": [
                6,
                1
            ],
            "direction": "Down"
        },
        {
            "type": "Deploy",
            "name": "塞雷娅",
            "location": [
                5,
                2
            ],
            "direction": "Right",
            "pre_delay": 200
        },
        {
            "type": "Deploy",
            "name": "艾雅法拉",
            "location": [
                3,
                3
            ],
            "direction": "Right",
            "kills": 7
        }
    ],
    "doc": {
        "title": "货物运送 - CE-6 - 实验原件押运",
        "details": "作业更新日期: 2024-01-16T03:05:29Z\n统计更新日期: 2024-07-14\n好评率：100.0%  浏览量：92\n来源：maskcat  ID：31850\nCE-6刷信赖"
    },
    "groups": [],
    "opers": [
        {
            "name": "百炼嘉维尔",
            "skill": 2,
            "skill_usage": 1
        },
        {
            "name": "塞雷娅",
            "skill": 2,
            "skill_usage": 0
        },
        {
            "name": "艾雅法拉",
            "skill": 2,
            "skill_usage": 0
        }
    ]
}