{
  "minimum_required": "v4.0.0",
  "stage_name": "act23side_ex06",
  "actions": [
    {
      "type": "Deploy",
      "name": "塞雷娅",
      "location": [
        1,
        1
      ],
      "direction": "Right"
    },
    {
      "type": "SpeedUp"
    },
    {
      "type": "Deploy",
      "name": "艾雅法拉",
      "location": [
        2,
        4
      ],
      "direction": "Up"
    },
    {
      "type": "Deploy",
      "name": "山",
      "location": [
        10,
        5
      ],
      "direction": "Up"
    },
    {
      "type": "Deploy",
      "name": "假日威龙陈",
      "location": [
        5,
        5
      ],
      "direction": "Up"
    },
    {
      "type": "Deploy",
      "name": "夜莺",
      "location": [
        3,
        5
      ],
      "direction": "Right"
    },
    {
      "type": "Deploy",
      "name": "伊芙利特",
      "location": [
        2,
        5
      ],
      "direction": "Up"
    },
    {
      "type": "SkillDaemon"
    }
  ],
  "doc": {
    "title": "登临意 - WB-EX-6 - 复登临",
    "details": "原作者萧然Q JSON作者萨拉托加\n作业交流群545928846，如果作业有问题可以加群找我，评论区不能及时回复，还可以去群里蹲我的新作业\n【【登临意】WB全关卡 摆完挂机 简单好抄（更新至WB-EX-8突袭）】 https://www.bilibili.com/video/BV1Ms4y1t7FD/?p=20&share_source=copy_web&vd_source=3fd5040fe25f6a00e19e6072bcccfa4e"
  },
  "groups": [],
  "opers": [
    {
      "skill_times": 1,
      "name": "山",
      "skill": 2,
      "skill_usage": 2
    },
    {
      "name": "假日威龙陈",
      "skill": 3,
      "skill_usage": 1
    },
    {
      "name": "伊芙利特",
      "skill": 2,
      "skill_usage": 0
    },
    {
      "name": "塞雷娅",
      "skill": 1,
      "skill_usage": 0
    },
    {
      "name": "艾雅法拉",
      "skill": 2,
      "skill_usage": 0
    },
    {
      "name": "夜莺",
      "skill": 2,
      "skill_usage": 0
    }
  ],
  "difficulty": 3
}