{
    "minimum_required": "v4.0.0",
    "stage_name": "mem_hpsts_1",
    "actions": [
        {
            "type": "SpeedUp",
            "kills": 0
        },
        {
            "type": "Deploy",
            "name": "火神",
            "location": [
                5,
                3
            ],
            "direction": "Right"
        },
        {
            "type": "Skill",
            "location": [
                5,
                3
            ],
            "kills": 12
        },
        {
            "type": "Skill",
            "name": "火神",
            "location": [
                5,
                3
            ],
            "kills": 41
        },
        {
            "type": "Skill",
            "name": "米格鲁",
            "location": [
                1,
                4
            ],
            "kills": 61
        },
        {
            "type": "Skill",
            "name": "芙蓉",
            "location": [
                2,
                5
            ],
            "kills": 61
        },
        {
            "type": "Skill",
            "name": "炎熔",
            "location": [
                2,
                2
            ],
            "kills": 61
        },
        {
            "type": "Skill",
            "name": "火神",
            "location": [
                5,
                3
            ],
            "kills": 63,
            "costs": 0
        }
    ],
    "doc": {
        "title": "重装 - 火神 - 扼守",
        "details": "洛可可式可乐  https://www.bilibili.com/video/BV1ig411D765/\n火神  精二1级  2技能7级"
    },
    "groups": [],
    "opers": [
        {
            "name": "火神",
            "skill": 2,
            "skill_usage": 0
        },
        {
            "name": "米格鲁",
            "skill": 1,
            "skill_usage": 0
        },
        {
            "name": "炎熔",
            "skill": 1,
            "skill_usage": 0
        },
        {
            "name": "芙蓉",
            "skill": 1,
            "skill_usage": 0
        }
    ]
}