{
    "minimum_required": "v4.0.0",
    "stage_name": "mem_midn_1",
    "actions": [
        {
            "type": "Deploy",
            "name": "月见夜",
            "location": [
                4,
                2
            ],
            "direction": "Left"
        },
        {
            "type": "Deploy",
            "name": "卡缇",
            "location": [
                2,
                3
            ],
            "direction": "Up"
        },
        {
            "type": "Deploy",
            "name": "斑点",
            "location": [
                4,
                3
            ],
            "direction": "Up"
        },
        {
            "type": "SkillUsage",
            "name": "卡缇",
            "costs": 22,
            "skill_usage": 1
        },
        {
            "type": "SkillUsage",
            "name": "斑点",
            "skill_usage": 1,
            "costs": 43
        },
        {
            "type": "SkillDaemon"
        }
    ],
    "doc": {
        "title": "悖论模拟 - 月见夜 - 月夜魔王之剑",
        "details": "作业更新日期: 2023-06-24T08:49:06Z\n统计更新日期: 2025-02-08\n好评率：87.85%  浏览量：6419\n来源：LeAnR  ID：24304\n悖论模拟 - 月见夜 - 月夜魔王之剑 1级技能 信赖100\nBV1CM4y1g77A"
    },
    "groups": [],
    "opers": [
        {
            "name": "月见夜",
            "skill": 1,
            "skill_usage": 1
        }
    ]
}