{
    "minimum_required": "v4.0.0",
    "stage_name": "mem_bibeak_1",
    "actions": [
        {
            "type": "Deploy",
            "name": "柏喙",
            "location": [
                4,
                3
            ],
            "direction": "Up"
        },
        {
            "type": "Deploy",
            "name": "便携式补给站",
            "location": [
                3,
                3
            ],
            "direction": "Right"
        },
        {
            "type": "SpeedUp"
        },
        {
            "type": "Skill",
            "name": "柏喙",
            "location": [
                4,
                3
            ],
            "costs": 16
        },
        {
            "type": "Deploy",
            "name": "古米",
            "location": [
                5,
                2
            ],
            "direction": "Left"
        },
        {
            "type": "SkillUsage",
            "name": "柏喙",
            "skill_usage": 1
        },
        {
            "type": "Deploy",
            "name": "安赛尔",
            "location": [
                5,
                4
            ],
            "direction": "Up"
        },
        {
            "type": "SkillUsage",
            "name": "柏喙",
            "kills": 20,
            "skill_usage": 0
        },
        {
            "type": "Skill",
            "name": "安赛尔",
            "costs": 73,
            "location": [
                5,
                4
            ]
        },
        {
            "type": "Skill",
            "name": "柏喙",
            "location": [
                4,
                3
            ],
            "costs": 77
        }
    ],
    "doc": {
        "title": "近卫 - 柏喙 - 一击必胜 - 悖论模拟",
        "details": "作业更新日期: 2024-07-24T07:36:32Z\n统计更新日期: 2025-02-08\n好评率：77.78%  浏览量：586\n来源：初音ミク  ID：39601\n柏喙满潜 7级2技能"
    },
    "groups": [],
    "opers": [
        {
            "name": "柏喙",
            "skill": 2,
            "skill_usage": 0
        },
        {
            "name": "古米",
            "skill": 1,
            "skill_usage": 0
        },
        {
            "name": "安赛尔",
            "skill": 1,
            "skill_usage": 0
        }
    ]
}