{
    "minimum_required": "v4.0.0",
    "stage_name": "pro_d_1",
    "actions": [
        {
            "type": "SpeedUp"
        },
        {
            "type": "Deploy",
            "name": "娜仁图亚",
            "location": [
                2,
                3
            ],
            "direction": "Right"
        },
        {
            "type": "Deploy",
            "name": "黑角",
            "location": [
                1,
                2
            ],
            "direction": "Down"
        },
        {
            "type": "Deploy",
            "name": "梓兰",
            "location": [
                8,
                2
            ],
            "direction": "Left"
        },
        {
            "type": "Deploy",
            "name": "芬",
            "location": [
                4,
                2
            ],
            "direction": "Right",
            "kills": 30
        }
    ],
    "doc": {
        "title": "身先士卒 - PR-D-1 - 突破（ 娜仁图亚 ）",
        "details": "作业更新日期: 2025-01-20T13:32:50Z\n统计更新日期: 2025-01-30\n好评率：100.0%  浏览量：8\n来源：1740005689@qq.com  ID：45599\n身先士卒 - PR-D-1 - 突破（ 娜仁图亚 ）"
    },
    "groups": [],
    "opers": [
        {
            "skill_times": 1,
            "name": "娜仁图亚",
            "skill": 1,
            "skill_usage": 2
        },
        {
            "name": "芬",
            "skill": 1,
            "skill_usage": 0
        },
        {
            "name": "黑角",
            "skill": 1,
            "skill_usage": 0
        },
        {
            "name": "梓兰",
            "skill": 1,
            "skill_usage": 0
        }
    ]
}