{
    "minimum_required": "v4.0.0",
    "stage_name": "mem_bluep_1",
    "actions": [
        {
            "type": "Deploy",
            "name": "蓝毒",
            "location": [
                3,
                3
            ],
            "direction": "Right"
        },
        {
            "type": "Deploy",
            "name": "克洛丝",
            "location": [
                7,
                3
            ],
            "direction": "Left"
        },
        {
            "type": "Skill",
            "name": "蓝毒",
            "location": [
                3,
                3
            ],
            "kills": 6,
            "pre_delay": 2500
        },
        {
            "type": "Skill",
            "location": [
                3,
                3
            ],
            "kills": 19,
            "pre_delay": 4200
        }
    ],
    "doc": {
        "title": "狙击 - 蓝毒 - 渗骨毒液 悖论模拟",
        "details": "统计日期：2024-05-11\n好评率：58.93%  浏览量：1930\n来源：beku  ID：21916\nhttps://www.bilibili.com/video/BV1Co4y1Q7wj?p=14 up主：孑诺sang\n蓝毒二技能"
    },
    "groups": [],
    "opers": [
        {
            "name": "蓝毒",
            "skill": 2,
            "skill_usage": 0
        },
        {
            "name": "克洛丝",
            "skill": 1,
            "skill_usage": 0
        }
    ]
}