{
    "minimum_required": "v4.0.0",
    "stage_name": "mem_caper_1",
    "actions": [
        {
            "type": "Deploy",
            "name": "跃跃",
            "location": [
                6,
                4
            ],
            "direction": "Left"
        },
        {
            "type": "SpeedUp"
        },
        {
            "type": "Deploy",
            "name": "轰隆隆先生",
            "location": [
                7,
                4
            ],
            "direction": "None",
            "kills": 31,
            "pre_delay": 30000
        },
        {
            "type": "Deploy",
            "name": "轰隆隆先生",
            "location": [
                7,
                4
            ],
            "direction": "None",
            "pre_delay": 4000
        },
        {
            "type": "Skill",
            "name": "米格鲁",
            "location": [
                7,
                6
            ]
        },
        {
            "type": "SkillDaemon"
        }
    ],
    "doc": {
        "title": "狙击 - 跃跃 - 街头转转转 【跃跃悖论模拟】",
        "details": "作业更新日期: 2024-07-28T14:38:50Z\n统计更新日期: 2024-11-13\n好评率：65.0%  浏览量：591\n来源：小卡拉帕鲁灰  ID：39643\n我是顶配70-3\n你们最低多少过了可以在评论区说说"
    },
    "groups": [],
    "opers": [
        {
            "name": "跃跃",
            "skill": 2,
            "skill_usage": 1
        },
        {
            "name": "米格鲁",
            "skill": 1,
            "skill_usage": 0
        }
    ]
}