{
    "minimum_required": "v4.0.0",
    "stage_name": "wk_toxic_3",
    "actions": [
        {
            "type": "Deploy",
            "name": "逻各斯",
            "location": [
                3,
                6
            ],
            "direction": "Up"
        },
        {
            "type": "SpeedUp"
        },
        {
            "type": "Deploy",
            "name": "黑角",
            "location": [
                1,
                4
            ],
            "direction": "Right"
        },
        {
            "type": "Deploy",
            "name": "医疗",
            "location": [
                2,
                6
            ],
            "direction": "Up"
        },
        {
            "type": "Deploy",
            "name": "夜刀",
            "location": [
                1,
                5
            ],
            "direction": "Right"
        },
        {
            "type": "Deploy",
            "name": "斑点",
            "location": [
                3,
                5
            ],
            "direction": "Left"
        },
        {
            "type": "SkillDaemon"
        }
    ],
    "doc": {
        "title": "粉碎防御 - AP-3 - 精练器材保全 - 红票本 - 单核精一",
        "details": "作业更新日期: 2025-03-09T07:52:52Z\n统计更新日期: 2025-03-28\n好评率：100.0%  浏览量：42\n来源：小卡拉帕鲁灰  ID：48328\nJSON作者小卡拉帕鲁灰\n最低练度：logos精一80，7级一技能，其余精一10\n持续更新中，作业交流群789724611，如果作业有问题可以加群找我，评论区不能及时回复"
    },
    "groups": [
        {
            "name": "医疗",
            "opers": [
                {
                    "name": "安赛尔",
                    "skill": 1,
                    "skill_usage": 1
                },
                {
                    "name": "芙蓉",
                    "skill": 1,
                    "skill_usage": 1
                }
            ]
        }
    ],
    "opers": [
        {
            "name": "逻各斯",
            "skill": 1,
            "skill_usage": 0
        },
        {
            "name": "黑角",
            "skill": 1,
            "skill_usage": 0
        },
        {
            "name": "夜刀",
            "skill": 1,
            "skill_usage": 0
        },
        {
            "name": "斑点",
            "skill": 1,
            "skill_usage": 1
        }
    ]
}