{
    "minimum_required": "v4.0.0",
    "stage_name": "hard_13-04",
    "actions": [
        {
            "type": "Deploy",
            "name": "伊内丝",
            "location": [
                2,
                2
            ],
            "direction": "Right"
        },
        {
            "type": "Deploy",
            "name": "桃金娘",
            "location": [
                3,
                3
            ],
            "direction": "Right"
        },
        {
            "type": "Deploy",
            "name": "史尔特尔",
            "location": [
                5,
                5
            ],
            "direction": "Up"
        },
        {
            "type": "Deploy",
            "name": "纯烬艾雅法拉",
            "location": [
                1,
                4
            ],
            "direction": "Right"
        },
        {
            "type": "Skill",
            "name": "史尔特尔",
            "location": [
                5,
                5
            ]
        },
        {
            "type": "Deploy",
            "name": "重岳",
            "location": [
                4,
                3
            ],
            "direction": "Up"
        },
        {
            "type": "Deploy",
            "name": "浊心斯卡蒂",
            "location": [
                3,
                4
            ],
            "direction": "Right"
        },
        {
            "type": "Deploy",
            "name": "星熊",
            "location": [
                3,
                2
            ],
            "direction": "Right"
        },
        {
            "type": "Deploy",
            "name": "法伤大范围输出",
            "location": [
                4,
                4
            ],
            "direction": "Up"
        },
        {
            "type": "Deploy",
            "name": "奶盾",
            "location": [
                3,
                5
            ],
            "direction": "Right"
        },
        {
            "type": "Deploy",
            "name": "老鲤",
            "location": [
                1,
                5
            ],
            "direction": "Right"
        },
        {
            "type": "Retreat",
            "name": "桃金娘",
            "location": [
                3,
                3
            ],
            "kills": 16
        },
        {
            "type": "Deploy",
            "name": "法抗奶",
            "location": [
                3,
                6
            ],
            "direction": "Up"
        },
        {
            "type": "Skill",
            "name": "",
            "location": [
                1,
                7
            ],
            "kills": 17
        },
        {
            "type": "Retreat",
            "name": "伊内丝",
            "location": [
                2,
                2
            ],
            "kills": 35
        },
        {
            "type": "Deploy",
            "name": "史尔特尔",
            "location": [
                5,
                6
            ],
            "direction": "Right"
        },
        {
            "type": "SkillUsage",
            "name": "史尔特尔",
            "skill_usage": 1
        },
        {
            "type": "Deploy",
            "name": "史尔特尔",
            "location": [
                8,
                6
            ],
            "direction": "Down"
        },
        {
            "type": "Skill",
            "name": "炸弹载荷点",
            "location": [
                4,
                1
            ],
            "kills": 37
        },
        {
            "type": "SkillUsage",
            "name": "桃金娘",
            "skill_usage": 0
        },
        {
            "type": "Deploy",
            "name": "桃金娘",
            "location": [
                5,
                1
            ],
            "direction": "Down"
        },
        {
            "type": "SpeedUp"
        },
        {
            "type": "SkillDaemon"
        }
    ],
    "doc": {
        "title": "第十三章 恶兆湍流 - H13-4（标准） - 湍流行动-4",
        "details": "统计日期：2024-06-01\n好评率：83.82%  浏览量：4589\n来源：月鸟轻烟  ID：33208\n参考视频 https://www.bilibili.com/video/BV1TB4y1o7Pu/ 及评论区\n小抄：塑心/林位置原视频使用澄闪2技能朝左，个人2902一模澄闪会清不掉精英怪导致鬼姐暴毙，可能是练度问题；撤退先锋前先锋所处地块需要确保没有血珀堆积，可自带快活灵活清理；两次推炸弹时（炸弹到怪堆里时可能会被打掉，如果没了就再手动发一个，直到王座被炸掉）需要关注确保行进，可手动下人助力；35杀及后一次下42目的是切大盾，切完可手动撤退节省时间，如果前面第一次推炸弹时乱轴了可以挂机等大盾自己走到奶盾面前后再发第二处炸弹\n测试了几次，推炸弹容易翻车，守线稳定/测试练度：2703-鲤（x模一级）伊内丝，2707-星熊（x模一级），2403-桃（一级模组），2601-黍，2603-苇草，2903-大哥（二级模组）42蒂羊"
    },
    "groups": [
        {
            "name": "奶盾",
            "opers": [
                {
                    "name": "塞雷娅",
                    "skill": 1,
                    "skill_usage": 0
                },
                {
                    "name": "黍",
                    "skill": 1,
                    "skill_usage": 0
                }
            ]
        },
        {
            "name": "法伤大范围输出",
            "opers": [
                {
                    "name": "塑心",
                    "skill": 3,
                    "skill_usage": 1
                },
                {
                    "name": "林",
                    "skill": 3,
                    "skill_usage": 1
                }
            ]
        },
        {
            "name": "法抗奶",
            "opers": [
                {
                    "name": "夜莺",
                    "skill": 2,
                    "skill_usage": 0
                },
                {
                    "name": "焰影苇草",
                    "skill": 3,
                    "skill_usage": 1
                }
            ]
        }
    ],
    "opers": [
        {
            "name": "伊内丝",
            "skill": 2,
            "skill_usage": 1
        },
        {
            "name": "史尔特尔",
            "skill": 3,
            "skill_usage": 0
        },
        {
            "name": "桃金娘",
            "skill": 1,
            "skill_usage": 1
        },
        {
            "name": "重岳",
            "skill": 3,
            "skill_usage": 2,
            "skill_times": 5
        },
        {
            "name": "星熊",
            "skill": 2,
            "skill_usage": 0
        },
        {
            "name": "浊心斯卡蒂",
            "skill": 2,
            "skill_usage": 0
        },
        {
            "name": "纯烬艾雅法拉",
            "skill": 1,
            "skill_usage": 0
        },
        {
            "name": "老鲤",
            "skill": 3,
            "skill_usage": 0
        }
    ]
}