{
    "stage_name": "act43side_ex01",
    "minimum_required": "v4.0.0",
    "doc": {
        "title": "AD-EX-1 - 灰尘道具间 一摆到底版",
        "details": "——————————\n作业更新日期: 2025-06-12T17:56:25Z\n统计更新日期: 2025-06-13\n好评率：100.0%  浏览量：1638\n来源：萨拉托加  ID：59831\n——————————\n一摆到底，旨在不限制干员，尽量用更少的干员，更少的步数，全程不换技能，一套阵容通关当期活动，干员均专三60级带一级模组（歌蒂三级X模）\n原作者：萧然Q json作者：萨拉托加\n作业交流群群号545928846，可蹲作业，有问题进群找我，作业站消息没提醒看不到\n【【红丝绒】AD-EX-1至AD-EX-8突袭  一摆到底 摆完挂机 简单好抄-哔哩哔哩】 https://b23.tv/qVAl1Tr"
    },
    "opers": [
        {
            "name": "德克萨斯",
            "skill": 1,
            "requirements": {
                "skill_level": 7,
                "module": 2
            }
        },
        {
            "name": "乌尔比安",
            "skill": 2,
            "requirements": {
                "skill_level": 10,
                "module": 1
            }
        },
        {
            "name": "塞雷娅",
            "skill": 2,
            "requirements": {
                "skill_level": 10,
                "module": 2
            }
        },
        {
            "name": "歌蕾蒂娅",
            "skill": 1,
            "requirements": {
                "skill_level": 10,
                "module": 1
            }
        },
        {
            "name": "维什戴尔",
            "skill": 1,
            "requirements": {
                "skill_level": 7,
                "module": 1
            }
        },
        {
            "name": "塑心",
            "skill": 1,
            "requirements": {
                "skill_level": 10,
                "module": 1
            }
        },
        {
            "name": "阿斯卡纶",
            "skill": 1,
            "requirements": {
                "skill_level": 10,
                "module": 1
            }
        },
        {
            "name": "纯烬艾雅法拉",
            "skill": 1,
            "requirements": {
                "skill_level": 10,
                "module": 1
            }
        }
    ],
    "groups": [],
    "actions": [
        {
            "name": "乌尔比安",
            "location": [
                9,
                5
            ],
            "direction": "Left",
            "type": "Deploy"
        },
        {
            "name": "纯烬艾雅法拉",
            "location": [
                10,
                6
            ],
            "direction": "Left",
            "type": "Deploy"
        },
        {
            "name": "歌蕾蒂娅",
            "location": [
                10,
                5
            ],
            "direction": "Left",
            "type": "Deploy"
        },
        {
            "type": "SpeedUp"
        },
        {
            "type": "SkillDaemon"
        }
    ],
    "version": 3,
    "difficulty": 3
}