{
    "minimum_required": "v4.0.0",
    "stage_name": "act43side_04",
    "actions": [
        {
            "type": "Deploy",
            "name": "德克萨斯",
            "direction": "Up",
            "location": [
                2,
                7
            ]
        },
        {
            "type": "Deploy",
            "name": "山",
            "direction": "Right",
            "location": [
                1,
                5
            ]
        },
        {
            "type": "Deploy",
            "name": "煌",
            "direction": "Up",
            "location": [
                5,
                5
            ]
        },
        {
            "type": "Deploy",
            "name": "塞雷娅",
            "direction": "Up",
            "location": [
                6,
                7
            ]
        },
        {
            "type": "Deploy",
            "name": "奶",
            "direction": "Up",
            "location": [
                5,
                6
            ]
        },
        {
            "type": "SpeedUp"
        },
        {
            "type": "SkillDaemon"
        }
    ],
    "doc": {
        "title": "AD-4 - ",
        "details": "——————————\n作业更新日期: 2025-06-05T10:10:02Z\n统计更新日期: 2025-06-11\n好评率：99.94%  浏览量：18420\n来源：萨拉托加  ID：59387\n——————————\n原作者萧然Q json作者：萨拉托加\n作业交流群群号545928846，可蹲作业，有问题进群找我，作业站消息没提醒看不到\n【【红丝绒】AD-1至AD-8 摆完挂机 简单好抄】 https://www.bilibili.com/video/BV12HTxzSEbL/?share_source=copy_web&vd_source=3fd5040fe25f6a00e19e6072bcccfa4e"
    },
    "groups": [
        {
            "name": "奶",
            "opers": [
                {
                    "name": "纯烬艾雅法拉",
                    "skill": 1,
                    "skill_usage": 0
                },
                {
                    "name": "蜜莓",
                    "skill": 1,
                    "skill_usage": 0
                }
            ]
        }
    ],
    "opers": [
        {
            "name": "煌",
            "skill": 2,
            "skill_usage": 0
        },
        {
            "name": "德克萨斯",
            "skill": 1,
            "skill_usage": 0
        },
        {
            "skill_times": 1,
            "name": "山",
            "skill": 2,
            "skill_usage": 2
        },
        {
            "name": "塞雷娅",
            "skill": 2,
            "skill_usage": 0
        }
    ]
}