{
    "minimum_required": "v4.0.0",
    "stage_name": "act43side_07",
    "actions": [
        {
            "type": "Deploy",
            "name": "能天使",
            "direction": "Up",
            "location": [
                2,
                6
            ],
            "costs": 20
        },
        {
            "type": "Deploy",
            "name": "德克萨斯",
            "direction": "Right",
            "location": [
                1,
                3
            ]
        },
        {
            "type": "Deploy",
            "name": "煌",
            "direction": "Down",
            "location": [
                2,
                3
            ]
        },
        {
            "type": "Deploy",
            "name": "塞雷娅",
            "direction": "Right",
            "location": [
                1,
                4
            ]
        },
        {
            "type": "Deploy",
            "name": "逻各斯",
            "direction": "Down",
            "location": [
                2,
                1
            ]
        },
        {
            "type": "Deploy",
            "name": "艾雅法拉",
            "direction": "Right",
            "location": [
                1,
                2
            ]
        },
        {
            "type": "Deploy",
            "name": "克洛丝",
            "direction": "Right",
            "location": [
                1,
                1
            ]
        },
        {
            "type": "SpeedUp"
        },
        {
            "type": "SkillDaemon"
        }
    ],
    "doc": {
        "title": "AD-7 - ",
        "details": "——————————\n作业更新日期: 2025-06-05T10:23:35Z\n统计更新日期: 2025-06-11\n好评率：99.92%  浏览量：16740\n来源：萨拉托加  ID：59397\n——————————\n原作者萧然Q json作者：萨拉托加\n作业交流群群号545928846，可蹲作业，有问题进群找我，作业站消息没提醒看不到\n【【红丝绒】AD-1至AD-8 摆完挂机 简单好抄】 https://www.bilibili.com/video/BV12HTxzSEbL/?share_source=copy_web&vd_source=3fd5040fe25f6a00e19e6072bcccfa4e"
    },
    "groups": [],
    "opers": [
        {
            "name": "能天使",
            "skill": 3,
            "skill_usage": 0
        },
        {
            "name": "煌",
            "skill": 2,
            "skill_usage": 0
        },
        {
            "name": "德克萨斯",
            "skill": 1,
            "skill_usage": 0
        },
        {
            "name": "艾雅法拉",
            "skill": 2,
            "skill_usage": 0
        },
        {
            "name": "塞雷娅",
            "skill": 2,
            "skill_usage": 0
        },
        {
            "name": "逻各斯",
            "skill": 1,
            "skill_usage": 0
        },
        {
            "name": "克洛丝",
            "skill": 1,
            "skill_usage": 0
        }
    ]
}