{
    "minimum_required": "v4.0.0",
    "stage_name": "act43side_ex02",
    "actions": [
        {
            "type": "Deploy",
            "name": "伊内丝",
            "direction": "Left",
            "location": [
                9,
                4
            ]
        },
        {
            "type": "Deploy",
            "name": "山",
            "direction": "Up",
            "location": [
                1,
                5
            ]
        },
        {
            "type": "Deploy",
            "name": "德克萨斯",
            "direction": "Left",
            "location": [
                5,
                5
            ]
        },
        {
            "type": "Deploy",
            "name": "逻各斯",
            "direction": "Up",
            "location": [
                8,
                6
            ]
        },
        {
            "type": "Deploy",
            "name": "艾雅法拉",
            "direction": "Up",
            "location": [
                8,
                5
            ]
        },
        {
            "type": "Deploy",
            "name": "奶",
            "direction": "Up",
            "location": [
                2,
                6
            ]
        },
        {
            "type": "Deploy",
            "name": "奶盾",
            "direction": "Up",
            "location": [
                1,
                6
            ]
        },
        {
            "type": "SpeedUp"
        },
        {
            "type": "SkillDaemon"
        }
    ],
    "doc": {
        "title": "AD-EX-2 - ",
        "details": "——————————\n作业更新日期: 2025-06-12T08:57:00Z\n统计更新日期: 2025-06-13\n好评率：99.86%  浏览量：11286\n来源：萨拉托加  ID：59733\n——————————\n原作者萧然Q json作者：萨拉托加\n作业交流群群号545928846，可蹲作业，有问题进群找我，作业站消息没提醒看不到\n【【红丝绒】AD-EX-1至AD-EX-8 摆完挂机 简单好抄】 https://www.bilibili.com/video/BV1MpMwzREHd/?share_source=copy_web&vd_source=3fd5040fe25f6a00e19e6072bcccfa4e"
    },
    "groups": [
        {
            "name": "奶",
            "opers": [
                {
                    "name": "纯烬艾雅法拉",
                    "skill": 1,
                    "skill_usage": 0
                },
                {
                    "name": "蜜莓",
                    "skill": 1,
                    "skill_usage": 0
                }
            ]
        },
        {
            "name": "奶盾",
            "opers": [
                {
                    "name": "黍",
                    "skill": 1,
                    "skill_usage": 0
                },
                {
                    "name": "塞雷娅",
                    "skill": 1,
                    "skill_usage": 0
                }
            ]
        }
    ],
    "opers": [
        {
            "name": "逻各斯",
            "skill": 1,
            "skill_usage": 0
        },
        {
            "name": "德克萨斯",
            "skill": 1,
            "skill_usage": 0
        },
        {
            "name": "伊内丝",
            "skill": 1,
            "skill_usage": 0
        },
        {
            "name": "山",
            "skill": 2,
            "skill_usage": 2,
            "skill_times": 1
        },
        {
            "name": "艾雅法拉",
            "skill": 2,
            "skill_usage": 0
        }
    ],
    "difficulty": 3
}