{
    "stage_name": "act43side_ex07",
    "minimum_required": "v4.0.0",
    "doc": {
        "title": "AD-EX-7 - 群演集合区",
        "details": "——————————\n作业更新日期: 2025-06-12T10:53:17Z\n统计更新日期: 2025-06-13\n好评率：99.93%  浏览量：8944\n来源：萨拉托加  ID：59750\n——————————\n原作者萧然Q json作者：萨拉托加\n作业交流群群号545928846，可蹲作业，有问题进群找我，作业站消息没提醒看不到\n【【红丝绒】AD-EX-1至AD-EX-8 摆完挂机 简单好抄】 https://www.bilibili.com/video/BV1MpMwzREHd/?share_source=copy_web&vd_source=3fd5040fe25f6a00e19e6072bcccfa4e"
    },
    "opers": [
        {
            "name": "德克萨斯",
            "skill": 1,
            "requirements": {
                "skill_level": 7
            }
        },
        {
            "name": "山",
            "skill": 2,
            "skill_usage": 2,
            "requirements": {
                "skill_level": 10
            }
        },
        {
            "name": "闪灵",
            "skill": 2,
            "requirements": {
                "skill_level": 10
            }
        },
        {
            "name": "塑心",
            "skill": 1,
            "requirements": {
                "skill_level": 10
            }
        }
    ],
    "groups": [
        {
            "name": "奶",
            "opers": [
                {
                    "name": "纯烬艾雅法拉",
                    "skill": 1,
                    "requirements": {
                        "skill_level": 10
                    }
                },
                {
                    "name": "蜜莓",
                    "skill": 1,
                    "requirements": {
                        "skill_level": 7
                    }
                }
            ]
        },
        {
            "name": "盾",
            "opers": [
                {
                    "name": "星熊",
                    "skill": 2,
                    "requirements": {
                        "skill_level": 10
                    }
                },
                {
                    "name": "黍",
                    "skill": 1,
                    "requirements": {
                        "skill_level": 10
                    }
                }
            ]
        }
    ],
    "actions": [
        {
            "name": "盾",
            "location": [
                11,
                3
            ],
            "direction": "Left",
            "type": "Deploy"
        },
        {
            "name": "山",
            "location": [
                9,
                1
            ],
            "direction": "Down",
            "type": "Deploy"
        },
        {
            "name": "德克萨斯",
            "location": [
                9,
                4
            ],
            "direction": "Up",
            "type": "Deploy"
        },
        {
            "name": "奶",
            "location": [
                8,
                2
            ],
            "direction": "Right",
            "type": "Deploy"
        },
        {
            "name": "塑心",
            "location": [
                7,
                4
            ],
            "direction": "Right",
            "type": "Deploy"
        },
        {
            "name": "闪灵",
            "location": [
                8,
                4
            ],
            "direction": "Right",
            "type": "Deploy"
        },
        {
            "type": "SpeedUp"
        },
        {
            "type": "SkillDaemon"
        }
    ],
    "version": 3,
    "difficulty": 3
}