{
    "minimum_required": "v4.0.0",
    "stage_name": "act43side_02",
    "actions": [
        {
            "type": "Deploy",
            "name": "煌",
            "location": [
                1,
                3
            ],
            "direction": "Right"
        },
        {
            "type": "SpeedUp"
        },
        {
            "type": "Deploy",
            "name": "行医",
            "direction": "Left",
            "location": [
                3,
                4
            ]
        },
        {
            "type": "SkillDaemon"
        }
    ],
    "doc": {
        "title": "【红丝绒】AD-2 - 排演一出悲剧",
        "details": "——————————\n作业更新日期: 2025-06-05T12:47:46Z\n统计更新日期: 2025-06-11\n好评率：100.0%  浏览量：1289\n来源：landgranf  ID：59447\n——————————\n原作者小鬼卡比    json作者：landgranf\n【红丝绒】AD-1至 AD-8【低配/挂机】攻略合集【明日方舟】https://www.bilibili.com/video/BV1AtTxz1E1J"
    },
    "groups": [
        {
            "name": "行医",
            "opers": [
                {
                    "name": "纯烬艾雅法拉",
                    "skill": 1,
                    "skill_usage": 0
                },
                {
                    "name": "蜜莓",
                    "skill": 1,
                    "skill_usage": 0
                }
            ]
        }
    ],
    "opers": [
        {
            "name": "煌",
            "skill": 2,
            "skill_usage": 0
        }
    ]
}