{
    "minimum_required": "v4.0.0",
    "stage_name": "act43side_03",
    "actions": [
        {
            "type": "SpeedUp"
        },
        {
            "type": "Deploy",
            "name": "山",
            "location": [
                3,
                3
            ],
            "direction": "Down"
        },
        {
            "type": "Deploy",
            "name": "领主",
            "location": [
                3,
                5
            ],
            "direction": "Right"
        },
        {
            "type": "Deploy",
            "location": [
                4,
                2
            ],
            "direction": "Down",
            "name": "行医"
        },
        {
            "type": "Deploy",
            "name": "煌",
            "location": [
                5,
                5
            ],
            "direction": "Right"
        },
        {
            "type": "Deploy",
            "name": "占位符",
            "location": [
                2,
                4
            ],
            "direction": "Right",
            "kills": 15
        },
        {
            "type": "SkillDaemon"
        }
    ],
    "doc": {
        "title": "【红丝绒】AD-3 - 戏剧性",
        "details": "——————————\n作业更新日期: 2025-06-05T12:58:59Z\n统计更新日期: 2025-06-11\n好评率：99.85%  浏览量：1848\n来源：landgranf  ID：59452\n——————————\n原作者小鬼卡比    json作者：landgranf\n【红丝绒】AD-1至 AD-8【低配/挂机】攻略合集【明日方舟】https://www.bilibili.com/video/BV1AtTxz1E1J"
    },
    "groups": [
        {
            "name": "行医",
            "opers": [
                {
                    "name": "纯烬艾雅法拉",
                    "skill": 1,
                    "skill_usage": 0
                },
                {
                    "name": "蜜莓",
                    "skill": 1,
                    "skill_usage": 0
                }
            ]
        },
        {
            "name": "领主",
            "opers": [
                {
                    "name": "拉普兰德",
                    "skill": 2,
                    "skill_usage": 0
                },
                {
                    "name": "银灰",
                    "skill": 1,
                    "skill_usage": 0
                }
            ]
        },
        {
            "name": "占位符",
            "opers": [
                {
                    "name": "砾",
                    "skill": 2,
                    "skill_usage": 0
                },
                {
                    "name": "槐琥",
                    "skill": 1,
                    "skill_usage": 0
                },
                {
                    "name": "红",
                    "skill": 1,
                    "skill_usage": 0
                }
            ]
        }
    ],
    "opers": [
        {
            "name": "煌",
            "skill": 2,
            "skill_usage": 0
        },
        {
            "name": "山",
            "skill": 2,
            "skill_usage": 2,
            "skill_times": 1
        }
    ]
}