{
    "minimum_required": "v4.0.0",
    "stage_name": "act43side_03",
    "actions": [
        {
            "type": "SpeedUp"
        },
        {
            "type": "Deploy",
            "name": "逻各斯",
            "direction": "Right",
            "location": [
                2,
                2
            ]
        },
        {
            "type": "Deploy",
            "name": "维什戴尔",
            "location": [
                5,
                3
            ],
            "direction": "Right"
        },
        {
            "type": "Deploy",
            "name": "夜刀",
            "direction": "Right",
            "location": [
                2,
                4
            ]
        },
        {
            "type": "Skill",
            "name": "维什戴尔",
            "kills": 5,
            "location": [
                5,
                3
            ]
        },
        {
            "type": "Skill",
            "kills": 16,
            "name": "维什戴尔",
            "location": [
                5,
                3
            ]
        },
        {
            "type": "Output",
            "doc_color": "SpringGreen",
            "doc": "Ciallo～(∠・ω< )⌒★"
        },
        {
            "type": "SkillDaemon"
        }
    ],
    "doc": {
        "title": "AD-3 戏剧性 (速刷)",
        "details": "——————————\n作业更新日期: 2025-06-06T06:11:53Z\n统计更新日期: 2025-06-11\n好评率：100.0%  浏览量：2414\n来源：萨扌立托加  ID：59548\n——————————\njson作者：萨扌立托加\n作业交流群群号1009052305，可蹲作业，有问题进群找萨扌立托加，作业站消息一般看不到\n❤️"
    },
    "groups": [],
    "opers": [
        {
            "skill_times": 1,
            "name": "维什戴尔",
            "skill": 3,
            "skill_usage": 2
        },
        {
            "name": "逻各斯",
            "skill": 1,
            "skill_usage": 0
        },
        {
            "name": "夜刀",
            "skill": 1,
            "skill_usage": 0
        }
    ]
}