{
    "stage_name": "act43side_04",
    "minimum_required": "v4.0.0",
    "doc": {
        "title": "AD-4",
        "details": "——————————\n作业更新日期: 2025-06-05T13:36:59Z\n统计更新日期: 2025-06-14\n好评率：100.0%  浏览量：1009\n来源：小卡拉帕鲁灰  ID：59438\n——————————\nJSON作者小卡拉帕鲁灰\n练度点击作业查看详情\n持续更新中，作业交流群789724611，如果作业有问题可以加群找我，评论区不能及时回复"
    },
    "opers": [
        {
            "name": "令",
            "skill": 3,
            "skill_usage": 1,
            "requirements": {
                "level": 90,
                "skill_level": 10,
                "module": 2
            }
        },
        {
            "name": "夜刀"
        },
        {
            "name": "芬",
            "skill": 1,
            "requirements": {
                "skill_level": 7
            }
        }
    ],
    "groups": [],
    "actions": [
        {
            "name": "芬",
            "location": [
                2,
                7
            ],
            "direction": "Up",
            "type": "Deploy"
        },
        {
            "name": "夜刀",
            "location": [
                1,
                5
            ],
            "direction": "Right",
            "type": "Deploy"
        },
        {
            "name": "令",
            "location": [
                5,
                6
            ],
            "direction": "Right",
            "type": "Deploy"
        },
        {
            "name": "“弦惊”",
            "location": [
                3,
                5
            ],
            "direction": "Left",
            "type": "Deploy"
        },
        {
            "type": "SpeedUp"
        },
        {
            "name": "“弦惊”",
            "location": [
                7,
                5
            ],
            "direction": "Left",
            "type": "Deploy"
        },
        {
            "name": "“弦惊”",
            "location": [
                7,
                7
            ],
            "direction": "Up",
            "type": "Deploy"
        },
        {
            "name": "“弦惊”",
            "location": [
                6,
                5
            ],
            "direction": "Right",
            "type": "Deploy"
        },
        {
            "type": "Retreat",
            "name": "夜刀",
            "location": [
                1,
                5
            ],
            "kills": 8
        },
        {
            "name": "“弦惊”",
            "location": [
                6,
                7
            ],
            "direction": "Right",
            "type": "Deploy"
        },
        {
            "name": "“弦惊”",
            "location": [
                6,
                7
            ],
            "direction": "Right",
            "type": "Deploy"
        },
        {
            "name": "“弦惊”",
            "location": [
                5,
                7
            ],
            "direction": "Right",
            "type": "Deploy"
        },
        {
            "type": "SkillDaemon"
        }
    ],
    "version": 3
}