{
    "stage_name": "act43side_05",
    "minimum_required": "v4.0.0",
    "doc": {
        "title": "AD-5  刻章",
        "details": "——————————\n作业更新日期: 2025-06-05T13:54:39Z\n统计更新日期: 2025-06-11\n好评率：99.73%  浏览量：1228\n来源：小卡拉帕鲁灰  ID：59465\n——————————\nJSON作者小卡拉帕鲁灰\n练度点击作业查看详情\n持续更新中，作业交流群789724611，如果作业有问题可以加群找我，评论区不能及时回复"
    },
    "opers": [
        {
            "name": "令",
            "skill": 3,
            "skill_usage": 1,
            "requirements": {
                "level": 90,
                "skill_level": 10,
                "module": 2
            }
        },
        {
            "name": "夜刀"
        },
        {
            "name": "芬",
            "skill": 1,
            "requirements": {
                "skill_level": 7
            }
        }
    ],
    "groups": [],
    "actions": [
        {
            "name": "芬",
            "location": [
                7,
                1
            ],
            "direction": "Down",
            "type": "Deploy"
        },
        {
            "name": "令",
            "location": [
                5,
                2
            ],
            "direction": "Left",
            "type": "Deploy"
        },
        {
            "name": "“弦惊”",
            "location": [
                6,
                1
            ],
            "direction": "Left",
            "type": "Deploy"
        },
        {
            "type": "SpeedUp"
        },
        {
            "name": "“弦惊”",
            "location": [
                3,
                1
            ],
            "direction": "Left",
            "type": "Deploy"
        },
        {
            "name": "“弦惊”",
            "location": [
                7,
                3
            ],
            "direction": "Left",
            "type": "Deploy"
        },
        {
            "name": "“弦惊”",
            "location": [
                8,
                3
            ],
            "direction": "Left",
            "type": "Deploy"
        },
        {
            "name": "夜刀",
            "location": [
                2,
                3
            ],
            "direction": "Down",
            "type": "Deploy",
            "kills": 12
        },
        {
            "type": "Retreat",
            "name": "“弦惊”",
            "location": [
                6,
                1
            ]
        },
        {
            "name": "“弦惊”",
            "location": [
                4,
                1
            ],
            "direction": "Left",
            "type": "Deploy"
        },
        {
            "name": "“弦惊”",
            "location": [
                1,
                3
            ],
            "direction": "Down",
            "type": "Deploy"
        },
        {
            "type": "SkillDaemon"
        }
    ],
    "version": 3
}