{
    "stage_name": "act43side_07",
    "minimum_required": "v4.0.0",
    "doc": {
        "title": "AD-7 刻章",
        "details": "——————————\n作业更新日期: 2025-06-05T14:52:42Z\n统计更新日期: 2025-06-11\n好评率：97.23%  浏览量：1885\n来源：小卡拉帕鲁灰  ID：59473\n——————————\nJSON作者小卡拉帕鲁灰\n练度点击作业查看详情\n持续更新中，作业交流群789724611，如果作业有问题可以加群找我，评论区不能及时回复"
    },
    "opers": [
        {
            "name": "令",
            "skill": 3,
            "skill_usage": 1,
            "requirements": {
                "level": 90,
                "skill_level": 10,
                "module": 2
            }
        },
        {
            "name": "芬",
            "skill": 1,
            "requirements": {
                "skill_level": 7
            }
        },
        {
            "name": "克洛丝",
            "skill": 1,
            "requirements": {
                "skill_level": 7
            }
        },
        {
            "name": "空爆",
            "skill": 1,
            "skill_usage": 1,
            "requirements": {
                "skill_level": 7
            }
        }
    ],
    "groups": [],
    "actions": [
        {
            "name": "令",
            "location": [
                1,
                2
            ],
            "direction": "Right",
            "type": "Deploy"
        },
        {
            "name": "芬",
            "location": [
                1,
                5
            ],
            "direction": "Right",
            "type": "Deploy"
        },
        {
            "name": "克洛丝",
            "location": [
                3,
                1
            ],
            "direction": "Down",
            "type": "Deploy"
        },
        {
            "name": "“弦惊”",
            "location": [
                2,
                3
            ],
            "direction": "Down",
            "type": "Deploy"
        },
        {
            "type": "SpeedUp"
        },
        {
            "name": "“弦惊”",
            "location": [
                3,
                4
            ],
            "direction": "Right",
            "type": "Deploy"
        },
        {
            "name": "空爆",
            "location": [
                3,
                5
            ],
            "direction": "Up",
            "type": "Deploy"
        },
        {
            "name": "“弦惊”",
            "location": [
                3,
                3
            ],
            "direction": "Right",
            "type": "Deploy"
        },
        {
            "type": "Retreat",
            "name": "“弦惊”",
            "location": [
                2,
                3
            ]
        },
        {
            "name": "“弦惊”",
            "location": [
                2,
                4
            ],
            "direction": "Right",
            "type": "Deploy"
        },
        {
            "name": "“弦惊”",
            "location": [
                1,
                3
            ],
            "direction": "Right",
            "type": "Deploy"
        },
        {
            "name": "“弦惊”",
            "location": [
                3,
                3
            ],
            "direction": "Right",
            "type": "Deploy"
        },
        {
            "name": "“弦惊”",
            "location": [
                3,
                3
            ],
            "direction": "Right",
            "type": "Deploy"
        },
        {
            "type": "SkillDaemon"
        }
    ],
    "version": 3
}