{
    "stage_name": "act43side_08",
    "minimum_required": "v4.0.0",
    "doc": {
        "title": "AD-8 - 登台致礼 维逻黍三人速刷",
        "details": "——————————\n作业更新日期: 2025-06-06T11:28:20Z\n统计更新日期: 2025-06-11\n好评率：89.87%  浏览量：4084\n来源：pppie  ID：59445\n——————————\n参考作品B站：半禺心【AD-8 维逻黍三人速刷炽合金 近理论最速 更少操作】 https://www.bilibili.com/video/BV1FRTszMEHt/\n平均练度26033\n"
    },
    "opers": [
        {
            "name": "维什戴尔",
            "skill": 3,
            "skill_usage": 0,
            "requirements": {
                "module": 1
            }
        },
        {
            "name": "黍",
            "skill": 3,
            "skill_usage": 0,
            "requirements": {
                "module": 1
            }
        },
        {
            "name": "逻各斯",
            "skill": 3,
            "skill_usage": 0
        }
    ],
    "groups": [],
    "actions": [
        {
            "type": "SpeedUp"
        },
        {
            "name": "维什戴尔",
            "location": [
                7,
                5
            ],
            "direction": "Up",
            "type": "Deploy"
        },
        {
            "name": "逻各斯",
            "location": [
                4,
                5
            ],
            "direction": "Left",
            "type": "Deploy"
        },
        {
            "name": "黍",
            "location": [
                9,
                5
            ],
            "direction": "Left",
            "type": "Deploy"
        },
        {
            "type": "SpeedUp"
        },
        {
            "type": "Skill",
            "costs": 11,
            "pre_delay": 500,
            "name": "维什戴尔",
            "location": [
                7,
                5
            ]
        },
        {
            "type": "Skill",
            "name": "逻各斯",
            "location": [
                4,
                5
            ]
        },
        {
            "type": "SpeedUp"
        },
        {
            "type": "Skill",
            "costs": 0,
            "pre_delay": 200,
            "name": "维什戴尔",
            "location": [
                7,
                5
            ],
            "kills": 12
        },
        {
            "type": "SpeedUp",
            "kills": 15
        },
        {
            "type": "Skill",
            "name": "黍",
            "location": [
                9,
                5
            ],
            "pre_delay": 200
        },
        {
            "type": "SpeedUp"
        },
        {
            "name": "维什戴尔",
            "skill_usage": 2,
            "type": "SkillUsage",
            "skill_times": 1
        },
        {
            "name": "逻各斯",
            "skill_usage": 1,
            "type": "SkillUsage"
        },
        {
            "type": "SkillDaemon"
        }
    ],
    "version": 3
}