{
    "minimum_required": "v4.0.0",
    "stage_name": "AD-8",
    "actions": [
        {
            "type": "Deploy",
            "name": "桃金娘",
            "location": [
                9,
                5
            ],
            "direction": "Left"
        },
        {
            "type": "SpeedUp"
        },
        {
            "type": "Deploy",
            "name": "维什戴尔",
            "location": [
                5,
                5
            ],
            "direction": "Right"
        },
        {
            "type": "Deploy",
            "direction": "Up",
            "name": "玛恩纳",
            "location": [
                7,
                6
            ],
            "kills": 3
        },
        {
            "type": "Skill",
            "name": "维什戴尔",
            "location": [
                5,
                5
            ],
            "pre_delay": 1000
        },
        {
            "type": "Deploy",
            "location": [
                4,
                5
            ],
            "name": "芙蓉",
            "direction": "Right"
        },
        {
            "type": "Deploy",
            "kills": 11,
            "pre_delay": 8000,
            "name": "苏苏洛",
            "direction": "Down",
            "location": [
                7,
                3
            ]
        },
        {
            "type": "Deploy",
            "name": "斑点",
            "location": [
                6,
                4
            ],
            "direction": "Right"
        },
        {
            "type": "Deploy",
            "name": "古米",
            "direction": "Left",
            "location": [
                8,
                6
            ]
        },
        {
            "type": "Skill",
            "name": "维什戴尔",
            "location": [
                5,
                5
            ]
        },
        {
            "type": "Skill",
            "name": "维什戴尔",
            "location": [
                5,
                5
            ],
            "pre_delay": 7000
        },
        {
            "type": "Deploy",
            "direction": "Down",
            "name": "安赛尔",
            "location": [
                9,
                3
            ]
        },
        {
            "type": "SkillUsage",
            "name": "维什戴尔",
            "kills": 15,
            "skill_usage": 2,
            "skill_times": 1
        },
        {
            "type": "SkillUsage",
            "name": "苏苏洛",
            "skill_usage": 1
        },
        {
            "type": "SkillUsage",
            "name": "玛恩纳",
            "skill_usage": 1,
            "kills": 17
        },
        {
            "type": "Retreat",
            "pre_delay": 5000,
            "name": "桃金娘",
            "location": [
                9,
                5
            ]
        },
        {
            "type": "Deploy",
            "direction": "Left",
            "name": "米格鲁",
            "location": [
                9,
                5
            ],
            "pre_delay": 1000
        },
        {
            "type": "SkillUsage",
            "skill_times": 1,
            "kills": 19,
            "name": "维什戴尔",
            "skill_usage": 2,
            "pre_delay": 5000
        },
        {
            "type": "Retreat",
            "name": "米格鲁",
            "location": [
                9,
                5
            ],
            "kills": 22
        },
        {
            "type": "SkillDaemon"
        }
    ],
    "doc": {
        "title": "AD-8",
        "details": "——————————\n作业更新日期: 2025-06-05T14:55:10Z\n统计更新日期: 2025-06-11\n好评率：100.0%  浏览量：2074\n来源：焕彩gg  ID：59425\n——————————\nB站ID：焕彩GG 主页：https://space.bilibili.com/10123796\n本作业已开启截图增强\n求关注。"
    },
    "groups": [
        {
            "name": "安赛尔",
            "opers": [
                {
                    "name": "安赛尔",
                    "skill": 1,
                    "skill_usage": 1
                },
                {
                    "name": "闪灵",
                    "skill": 2,
                    "skill_usage": 0
                }
            ]
        },
        {
            "name": "芙蓉",
            "opers": [
                {
                    "name": "纯烬艾雅法拉",
                    "skill": 1,
                    "skill_usage": 0
                },
                {
                    "name": "芙蓉",
                    "skill": 1,
                    "skill_usage": 0
                }
            ]
        },
        {
            "name": "斑点",
            "opers": [
                {
                    "name": "斑点",
                    "skill": 1,
                    "skill_usage": 1
                },
                {
                    "name": "塞雷娅",
                    "skill": 1,
                    "skill_usage": 0
                }
            ]
        },
        {
            "name": "苏苏洛",
            "opers": [
                {
                    "name": "夜莺",
                    "skill": 2,
                    "skill_usage": 0
                },
                {
                    "name": "苏苏洛",
                    "skill": 2,
                    "skill_usage": 0
                }
            ]
        },
        {
            "name": "古米",
            "opers": [
                {
                    "name": "古米",
                    "skill": 1,
                    "skill_usage": 0
                },
                {
                    "name": "黍",
                    "skill": 1,
                    "skill_usage": 0
                }
            ]
        }
    ],
    "opers": [
        {
            "name": "玛恩纳",
            "skill": 3,
            "skill_usage": 2,
            "skill_times": 1
        },
        {
            "name": "维什戴尔",
            "skill": 3,
            "skill_usage": 2,
            "skill_times": 1
        },
        {
            "name": "桃金娘",
            "skill": 1,
            "skill_usage": 2,
            "skill_times": 1
        },
        {
            "name": "米格鲁",
            "skill": 1,
            "skill_usage": 1
        }
    ]
}