{
    "stage_name": "act43side_ex01",
    "minimum_required": "v4.0.0",
    "doc": {
        "title": "AD-EX-1 - 灰尘道具间",
        "details": "——————————\n作业更新日期: 2025-06-14T05:33:57Z\n统计更新日期: 2025-06-17\n好评率：99.61%  浏览量：2923\n来源：蒙娜丽莎(•ω•)  ID：59736\n——————————\nAD-EX-1 - 灰尘道具间\n本作业及后续作业需要打开截图增强。\n本作业已于访问量至1369时，完成优化。\n修改了维什戴尔技能轴，解决突袭奶羊练度不够的暴毙问题。增加了同位替换。\n如有其他情况，可以在评论区指出"
    },
    "opers": [
        {
            "name": "德克萨斯",
            "skill": 1,
            "requirements": {
                "level": 80,
                "skill_level": 7,
                "module": 2
            }
        },
        {
            "name": "维什戴尔",
            "skill": 3,
            "requirements": {
                "level": 90,
                "skill_level": 10,
                "module": 1
            }
        },
        {
            "name": "娜仁图亚",
            "skill": 1,
            "skill_usage": 2,
            "requirements": {
                "level": 90,
                "skill_level": 10
            }
        }
    ],
    "groups": [
        {
            "name": "煌/盾",
            "opers": [
                {
                    "name": "煌",
                    "skill": 2,
                    "requirements": {
                        "skill_level": 10
                    }
                },
                {
                    "name": "余",
                    "skill": 1,
                    "skill_usage": 1,
                    "requirements": {
                        "skill_level": 10
                    }
                },
                {
                    "name": "古米",
                    "skill": 1,
                    "requirements": {
                        "skill_level": 7
                    }
                },
                {
                    "name": "黍",
                    "skill": 1,
                    "requirements": {
                        "level": 90,
                        "skill_level": 10,
                        "module": 1
                    }
                },
                {
                    "name": "卡缇",
                    "skill": 1,
                    "skill_usage": 1,
                    "requirements": {
                        "skill_level": 7
                    }
                },
                {
                    "name": "塞雷娅",
                    "skill": 1,
                    "requirements": {
                        "skill_level": 10
                    }
                },
                {
                    "name": "米格鲁",
                    "skill": 1,
                    "skill_usage": 1,
                    "requirements": {
                        "skill_level": 7
                    }
                },
                {
                    "name": "斑点",
                    "skill": 1,
                    "skill_usage": 1,
                    "requirements": {
                        "skill_level": 7
                    }
                },
                {
                    "name": "蛇屠箱",
                    "skill": 2,
                    "skill_usage": 1,
                    "requirements": {
                        "skill_level": 7
                    }
                },
                {
                    "name": "星熊",
                    "skill": 1,
                    "requirements": {
                        "skill_level": 10
                    }
                }
            ]
        },
        {
            "name": "纯烬艾雅法拉/元素奶",
            "opers": [
                {
                    "name": "蜜莓",
                    "skill": 1,
                    "requirements": {
                        "level": 1,
                        "skill_level": 1
                    }
                },
                {
                    "name": "褐果",
                    "skill": 1,
                    "requirements": {
                        "level": 1,
                        "skill_level": 1
                    }
                },
                {
                    "name": "纯烬艾雅法拉",
                    "skill": 1,
                    "requirements": {
                        "level": 1,
                        "skill_level": 1
                    }
                }
            ]
        }
    ],
    "actions": [
        {
            "type": "SpeedUp"
        },
        {
            "name": "德克萨斯",
            "location": [
                10,
                4
            ],
            "direction": "Left",
            "type": "Deploy",
            "pre_delay": 500
        },
        {
            "name": "维什戴尔",
            "location": [
                10,
                6
            ],
            "direction": "Left",
            "type": "Deploy",
            "pre_delay": 500
        },
        {
            "type": "Skill",
            "name": "维什戴尔",
            "kills": 1,
            "pre_delay": 500
        },
        {
            "type": "Skill",
            "name": "维什戴尔",
            "kills": 7,
            "pre_delay": 500
        },
        {
            "name": "娜仁图亚",
            "location": [
                9,
                3
            ],
            "direction": "Left",
            "type": "Deploy",
            "pre_delay": 500
        },
        {
            "name": "纯烬艾雅法拉/元素奶",
            "location": [
                10,
                3
            ],
            "direction": "Down",
            "type": "Deploy",
            "pre_delay": 500
        },
        {
            "name": "煌/盾",
            "location": [
                9,
                5
            ],
            "direction": "Left",
            "type": "Deploy"
        },
        {
            "name": "维什戴尔",
            "skill_usage": 1,
            "type": "SkillUsage"
        },
        {
            "type": "Skill",
            "name": "维什戴尔",
            "kills": 18
        },
        {
            "type": "SkillDaemon"
        }
    ],
    "version": 3,
    "difficulty": 3
}