{
    "stage_name": "act43side_ex07",
    "minimum_required": "v4.0.0",
    "doc": {
        "title": "AD-EX-7 - 群演集合区",
        "details": "——————————\n作业更新日期: 2025-06-13T12:21:26Z\n统计更新日期: 2025-06-14\n好评率：93.75%  浏览量：1022\n来源：蒙娜丽莎(•ω•)  ID：59890\n——————————\nAD-EX-7 - 群演集合区\n本作业已于访问量至450时完成第二次优化，修补了普通关卡黍无法顺利布置的问题。\n如有其他情况，可以写在评论区。"
    },
    "opers": [
        {
            "name": "黍",
            "skill": 1,
            "requirements": {
                "level": 90,
                "skill_level": 10
            }
        },
        {
            "name": "煌",
            "skill": 2,
            "requirements": {
                "level": 90,
                "skill_level": 10,
                "module": 1
            }
        },
        {
            "name": "纯烬艾雅法拉",
            "skill": 1,
            "requirements": {
                "level": 90,
                "skill_level": 8
            }
        },
        {
            "name": "风笛",
            "skill": 1,
            "requirements": {
                "skill_level": 10
            }
        },
        {
            "name": "德克萨斯",
            "skill": 1,
            "requirements": {
                "level": 80,
                "skill_level": 7
            }
        },
        {
            "name": "桃金娘",
            "skill": 1,
            "skill_usage": 2,
            "requirements": {
                "skill_level": 7
            }
        },
        {
            "name": "安赛尔",
            "skill": 1,
            "requirements": {
                "skill_level": 7
            }
        }
    ],
    "groups": [
        {
            "name": "维什戴尔/娜仁图亚",
            "opers": [
                {
                    "name": "维什戴尔",
                    "skill": 3,
                    "skill_usage": 1,
                    "requirements": {
                        "level": 90,
                        "skill_level": 10,
                        "module": 1
                    }
                },
                {
                    "name": "娜仁图亚",
                    "skill": 1,
                    "skill_usage": 2,
                    "requirements": {
                        "level": 90,
                        "skill_level": 10
                    }
                }
            ]
        }
    ],
    "actions": [
        {
            "type": "SpeedUp"
        },
        {
            "name": "德克萨斯",
            "location": [
                9,
                2
            ],
            "direction": "Down",
            "type": "Deploy"
        },
        {
            "name": "桃金娘",
            "location": [
                11,
                3
            ],
            "direction": "Left",
            "type": "Deploy"
        },
        {
            "name": "煌",
            "location": [
                9,
                4
            ],
            "direction": "Up",
            "type": "Deploy"
        },
        {
            "name": "维什戴尔/娜仁图亚",
            "location": [
                7,
                3
            ],
            "direction": "Down",
            "type": "Deploy"
        },
        {
            "name": "黍",
            "location": [
                11,
                3
            ],
            "direction": "Left",
            "type": "Deploy",
            "kills": 10,
            "pre_delay": 3000
        },
        {
            "name": "纯烬艾雅法拉",
            "location": [
                8,
                2
            ],
            "direction": "Right",
            "type": "Deploy"
        },
        {
            "name": "安赛尔",
            "location": [
                8,
                4
            ],
            "direction": "Right",
            "type": "Deploy"
        }
    ],
    "version": 3,
    "difficulty": 3
}