{
    "minimum_required": "v4.0.0",
    "stage_name": "act43side_ex03",
    "actions": [
        {
            "type": "SpeedUp"
        },
        {
            "type": "Deploy",
            "name": "维什戴尔",
            "location": [
                7,
                3
            ],
            "direction": "Down"
        },
        {
            "type": "Deploy",
            "name": "米格鲁",
            "location": [
                9,
                5
            ],
            "direction": "Up"
        },
        {
            "type": "Deploy",
            "location": [
                7,
                5
            ],
            "direction": "Right",
            "name": "褐果"
        },
        {
            "type": "Deploy",
            "location": [
                8,
                6
            ],
            "name": "古米",
            "direction": "Up"
        },
        {
            "type": "Skill",
            "name": "维什戴尔",
            "location": [
                7,
                3
            ],
            "kills": 6,
            "pre_delay": 12000
        },
        {
            "type": "Skill",
            "kills": 9,
            "name": "维什戴尔",
            "location": [
                7,
                3
            ]
        },
        {
            "type": "Deploy",
            "name": "斑点",
            "location": [
                7,
                6
            ],
            "direction": "Left"
        },
        {
            "type": "Deploy",
            "name": "卡缇",
            "location": [
                9,
                4
            ],
            "direction": "Up"
        },
        {
            "type": "SkillUsage",
            "name": "斑点",
            "pre_delay": 10000,
            "skill_usage": 1
        },
        {
            "type": "SkillUsage",
            "name": "褐果",
            "skill_usage": 1,
            "pre_delay": 5000
        },
        {
            "type": "Skill",
            "pre_delay": 16000,
            "name": "维什戴尔",
            "location": [
                7,
                3
            ]
        },
        {
            "type": "SkillDaemon"
        }
    ],
    "doc": {
        "title": "AD-EX-3 - 摄影棚场区",
        "details": "——————————\n作业更新日期: 2025-06-12T10:38:25Z\n统计更新日期: 2025-06-13\n好评率：100.0%  浏览量：1254\n来源：焕彩gg  ID：59743\n——————————\nB站ID：焕彩GG 主页：https://space.bilibili.com/10123796\n本作业已开启截图增强\n求关注。"
    },
    "groups": [
        {
            "name": "褐果",
            "opers": [
                {
                    "name": "褐果",
                    "skill": 1,
                    "skill_usage": 0
                },
                {
                    "name": "蜜莓",
                    "skill": 1,
                    "skill_usage": 0
                },
                {
                    "name": "纯烬艾雅法拉",
                    "skill": 1,
                    "skill_usage": 0
                }
            ]
        },
        {
            "name": "古米",
            "opers": [
                {
                    "name": "黍",
                    "skill": 1,
                    "skill_usage": 0
                },
                {
                    "name": "古米",
                    "skill": 1,
                    "skill_usage": 0
                }
            ]
        },
        {
            "name": "斑点",
            "opers": [
                {
                    "name": "斑点",
                    "skill": 1,
                    "skill_usage": 0
                },
                {
                    "name": "星熊",
                    "skill": 2,
                    "skill_usage": 0
                }
            ]
        },
        {
            "name": "米格鲁",
            "opers": [
                {
                    "name": "米格鲁",
                    "skill": 1,
                    "skill_usage": 1
                },
                {
                    "name": "塞雷娅",
                    "skill": 1,
                    "skill_usage": 0
                }
            ]
        }
    ],
    "opers": [
        {
            "name": "维什戴尔",
            "skill": 3,
            "skill_usage": 0
        },
        {
            "name": "卡缇",
            "skill": 1,
            "skill_usage": 1
        }
    ],
    "difficulty": 3
}