{
    "stage_name": "act43side_ex07",
    "minimum_required": "v4.0.0",
    "doc": {
        "title": "AD-EX-7 - 群演集合区",
        "details": "——————————\n作业更新日期: 2025-06-12T13:49:39Z\n统计更新日期: 2025-06-13\n好评率：99.29%  浏览量：1871\n来源：星之海.  ID：59729\n——————————\n请确保所用干员练度达到本作业所需练度，否则将会有干员暴毙及漏怪风险！！！\n此作业全员专三且模组一级\n原作者：自在道爷\nJSON作者：星之海.\n社区评论不会提醒，作业有问题可以进群找我：994516079\n原视频：【【红丝绒】AD-EX-1至AD-EX-8挂机流，突袭也不愁！语音快乐详解，轻松解放双手 | 明日方舟攻略(分p更新中)】https://www.bilibili.com/video/BV1PSMcz7EBa?p=6&vd_source=69f0b796ff8cde9e6cb9e9f9a99f8eec"
    },
    "opers": [
        {
            "name": "德克萨斯",
            "skill": 1,
            "requirements": {
                "skill_level": 10,
                "module": 2
            }
        },
        {
            "name": "星熊",
            "skill": 2,
            "requirements": {
                "skill_level": 10,
                "module": 1
            }
        },
        {
            "name": "风笛",
            "skill": 2,
            "requirements": {
                "skill_level": 10,
                "module": 1
            }
        },
        {
            "name": "闪灵",
            "skill": 2,
            "requirements": {
                "skill_level": 10,
                "module": 2
            }
        },
        {
            "name": "能天使",
            "skill": 3,
            "requirements": {
                "skill_level": 10,
                "module": 1
            }
        }
    ],
    "groups": [
        {
            "name": "群卫",
            "opers": [
                {
                    "name": "煌",
                    "skill": 2,
                    "requirements": {
                        "skill_level": 10,
                        "module": 1
                    }
                },
                {
                    "name": "乌尔比安",
                    "skill": 2,
                    "requirements": {
                        "skill_level": 10,
                        "module": 1
                    }
                }
            ]
        },
        {
            "name": "行医",
            "opers": [
                {
                    "name": "纯烬艾雅法拉",
                    "skill": 1,
                    "requirements": {
                        "skill_level": 10,
                        "module": 1
                    }
                },
                {
                    "name": "蜜莓",
                    "skill": 1,
                    "requirements": {
                        "skill_level": 10,
                        "module": 1
                    }
                }
            ]
        }
    ],
    "actions": [
        {
            "type": "SpeedUp"
        },
        {
            "name": "德克萨斯",
            "location": [
                9,
                1
            ],
            "direction": "Down",
            "type": "Deploy"
        },
        {
            "name": "星熊",
            "location": [
                11,
                3
            ],
            "direction": "Left",
            "type": "Deploy"
        },
        {
            "name": "群卫",
            "location": [
                9,
                4
            ],
            "direction": "Up",
            "type": "Deploy"
        },
        {
            "name": "风笛",
            "location": [
                9,
                2
            ],
            "direction": "Down",
            "type": "Deploy"
        },
        {
            "name": "行医",
            "location": [
                8,
                2
            ],
            "direction": "Right",
            "type": "Deploy"
        },
        {
            "name": "闪灵",
            "location": [
                8,
                4
            ],
            "direction": "Right",
            "type": "Deploy"
        },
        {
            "name": "能天使",
            "location": [
                7,
                3
            ],
            "direction": "Down",
            "type": "Deploy"
        },
        {
            "type": "SkillDaemon"
        }
    ],
    "version": 3,
    "difficulty": 3
}