{
    "stage_name": "act43side_ex04",
    "minimum_required": "v4.0.0",
    "doc": {
        "title": "AD-EX-4 - 外景拍摄区 - 单核",
        "details": "——————————\n作业更新日期: 2025-06-12T15:07:47Z\n统计更新日期: 2025-06-17\n好评率：98.73%  浏览量：1794\n来源：小卡拉帕鲁灰  ID：59796\n——————————\n兼容突袭\nJSON作者小卡拉帕鲁灰\n练度点击作业查看详情\n持续更新中，作业交流群789724611，如果作业有问题可以加群找我，评论区不能及时回复"
    },
    "opers": [
        {
            "name": "维什戴尔",
            "skill": 3,
            "skill_usage": 0,
            "requirements": {
                "level": 90,
                "skill_level": 10,
                "module": 1
            }
        },
        {
            "name": "古米",
            "skill": 1,
            "requirements": {
                "skill_level": 7
            }
        },
        {
            "name": "斑点",
            "skill": 1,
            "skill_usage": 1,
            "requirements": {
                "skill_level": 7
            }
        },
        {
            "name": "芬",
            "skill": 1,
            "requirements": {
                "skill_level": 7
            }
        },
        {
            "name": "克洛丝",
            "skill": 1,
            "requirements": {
                "skill_level": 7
            }
        },
        {
            "name": "黑角"
        },
        {
            "name": "空爆",
            "skill_usage": 1
        },
        {
            "name": "玫兰莎",
            "skill_usage": 1
        }
    ],
    "groups": [
        {
            "name": "速狙：精一满级及以上",
            "opers": [
                {
                    "name": "灰烬",
                    "skill": 1,
                    "skill_usage": 0
                },
                {
                    "name": "空弦",
                    "skill": 1,
                    "skill_usage": 0
                },
                {
                    "name": "能天使",
                    "skill": 3,
                    "skill_usage": 0
                },
                {
                    "name": "白金",
                    "skill": 2,
                    "skill_usage": 0
                },
                {
                    "name": "寒芒克洛丝",
                    "skill": 2,
                    "skill_usage": 1
                },
                {
                    "name": "灰喉",
                    "skill": 1,
                    "requirements": {
                        "skill_level": 7
                    }
                },
                {
                    "name": "蓝毒",
                    "skill": 1,
                    "skill_usage": 0
                },
                {
                    "name": "隐现",
                    "skill": 2,
                    "skill_usage": 1
                },
                {
                    "name": "红云",
                    "skill": 2,
                    "skill_usage": 1
                },
                {
                    "name": "杰西卡",
                    "skill": 1,
                    "skill_usage": 0
                },
                {
                    "name": "流星",
                    "skill": 1,
                    "skill_usage": 0
                },
                {
                    "name": "梅",
                    "skill": 1,
                    "skill_usage": 0
                }
            ]
        },
        {
            "name": "行医",
            "opers": [
                {
                    "name": "纯烬艾雅法拉",
                    "skill": 1,
                    "requirements": {
                        "skill_level": 10
                    }
                },
                {
                    "name": "哈洛德",
                    "skill": 1,
                    "skill_usage": 1,
                    "requirements": {
                        "elite": 1,
                        "level": 60,
                        "skill_level": 7
                    }
                },
                {
                    "name": "桑葚",
                    "skill": 1,
                    "requirements": {
                        "elite": 1,
                        "level": 60,
                        "skill_level": 7
                    }
                },
                {
                    "name": "蜜莓",
                    "skill": 1,
                    "requirements": {
                        "elite": 1,
                        "level": 60,
                        "skill_level": 7
                    }
                }
            ]
        }
    ],
    "actions": [
        {
            "name": "芬",
            "location": [
                6,
                1
            ],
            "direction": "Down",
            "type": "Deploy"
        },
        {
            "name": "克洛丝",
            "location": [
                7,
                2
            ],
            "direction": "Left",
            "type": "Deploy"
        },
        {
            "name": "维什戴尔",
            "location": [
                4,
                2
            ],
            "direction": "Left",
            "type": "Deploy"
        },
        {
            "name": "黑角",
            "location": [
                5,
                1
            ],
            "direction": "Left",
            "type": "Deploy"
        },
        {
            "type": "SpeedUp"
        },
        {
            "name": "斑点",
            "location": [
                5,
                3
            ],
            "direction": "Left",
            "type": "Deploy"
        },
        {
            "type": "Skill",
            "name": "维什戴尔",
            "kills": 6
        },
        {
            "name": "空爆",
            "location": [
                5,
                4
            ],
            "direction": "Right",
            "type": "Deploy"
        },
        {
            "name": "古米",
            "location": [
                7,
                5
            ],
            "direction": "Left",
            "type": "Deploy"
        },
        {
            "type": "Retreat",
            "name": "克洛丝",
            "kills": 8
        },
        {
            "name": "行医",
            "location": [
                5,
                2
            ],
            "direction": "Left",
            "type": "Deploy"
        },
        {
            "name": "玫兰莎",
            "location": [
                6,
                5
            ],
            "direction": "Left",
            "type": "Deploy"
        },
        {
            "type": "Retreat",
            "name": "行医",
            "kills": 12
        },
        {
            "name": "速狙：精一满级及以上",
            "location": [
                7,
                4
            ],
            "direction": "Left",
            "type": "Deploy"
        },
        {
            "type": "Skill",
            "name": "维什戴尔",
            "kills": 17
        },
        {
            "type": "SkillDaemon"
        }
    ],
    "version": 3,
    "difficulty": 3
}