{
    "stage_name": "act43side_ex06",
    "minimum_required": "v4.0.0",
    "doc": {
        "title": "AD-EX-6 - 自助移动酒吧 - 单核",
        "details": "——————————\n作业更新日期: 2025-06-12T16:35:58Z\n统计更新日期: 2025-06-17\n好评率：100.0%  浏览量：1119\n来源：小卡拉帕鲁灰  ID：59822\n——————————\n兼容突袭\nJSON作者小卡拉帕鲁灰\n练度点击作业查看详情\n持续更新中，作业交流群789724611，如果作业有问题可以加群找我，评论区不能及时回复"
    },
    "opers": [
        {
            "name": "死芒",
            "skill": 3,
            "skill_usage": 1,
            "requirements": {
                "level": 90,
                "skill_level": 10
            }
        },
        {
            "name": "芬",
            "skill": 1,
            "requirements": {
                "skill_level": 7
            }
        },
        {
            "name": "克洛丝",
            "skill": 1,
            "requirements": {
                "skill_level": 7
            }
        },
        {
            "name": "伊桑",
            "skill": 1,
            "requirements": {
                "skill_level": 7
            }
        },
        {
            "name": "空爆",
            "skill": 1,
            "skill_usage": 1,
            "requirements": {
                "skill_level": 7
            }
        },
        {
            "name": "玫兰莎",
            "skill": 1,
            "skill_usage": 1,
            "requirements": {
                "skill_level": 7
            }
        }
    ],
    "groups": [
        {
            "name": "行医",
            "opers": [
                {
                    "name": "纯烬艾雅法拉",
                    "skill": 1,
                    "requirements": {
                        "skill_level": 10
                    }
                },
                {
                    "name": "哈洛德",
                    "skill": 1,
                    "skill_usage": 1,
                    "requirements": {
                        "elite": 1,
                        "level": 60,
                        "skill_level": 7
                    }
                },
                {
                    "name": "桑葚",
                    "skill": 1,
                    "requirements": {
                        "elite": 1,
                        "level": 60,
                        "skill_level": 7
                    }
                },
                {
                    "name": "蜜莓",
                    "skill": 1,
                    "requirements": {
                        "elite": 1,
                        "level": 60,
                        "skill_level": 7
                    }
                }
            ]
        },
        {
            "name": "医疗",
            "opers": [
                {
                    "name": "闪灵",
                    "skill": 2,
                    "skill_usage": 0,
                    "_id": "7"
                },
                {
                    "name": "华法琳",
                    "skill": 1,
                    "requirements": {
                        "skill_level": 7
                    }
                },
                {
                    "name": "嘉维尔",
                    "skill": 1,
                    "requirements": {
                        "skill_level": 7
                    }
                },
                {
                    "name": "末药",
                    "skill": 1,
                    "requirements": {
                        "skill_level": 7
                    }
                },
                {
                    "name": "苏苏洛",
                    "skill": 1,
                    "skill_usage": 1,
                    "requirements": {
                        "skill_level": 7
                    }
                },
                {
                    "name": "安赛尔",
                    "skill": 1,
                    "skill_usage": 1,
                    "requirements": {
                        "skill_level": 7
                    }
                }
            ]
        }
    ],
    "actions": [
        {
            "name": "芬",
            "location": [
                6,
                6
            ],
            "direction": "Up",
            "type": "Deploy"
        },
        {
            "name": "死芒",
            "location": [
                8,
                4
            ],
            "direction": "Left",
            "type": "Deploy"
        },
        {
            "type": "SpeedUp"
        },
        {
            "name": "克洛丝",
            "location": [
                4,
                1
            ],
            "direction": "Down",
            "type": "Deploy"
        },
        {
            "name": "伊桑",
            "location": [
                6,
                2
            ],
            "direction": "Right",
            "type": "Deploy"
        },
        {
            "name": "行医",
            "location": [
                8,
                5
            ],
            "direction": "Up",
            "type": "Deploy"
        },
        {
            "name": "空爆",
            "location": [
                9,
                6
            ],
            "direction": "Up",
            "type": "Deploy"
        },
        {
            "name": "医疗",
            "location": [
                9,
                5
            ],
            "direction": "Up",
            "type": "Deploy"
        },
        {
            "name": "玫兰莎",
            "location": [
                9,
                2
            ],
            "direction": "Up",
            "type": "Deploy"
        },
        {
            "type": "SkillDaemon"
        }
    ],
    "version": 3,
    "difficulty": 3
}