{
    "minimum_required": "v4.0.0",
    "stage_name": "act43side_tr01",
    "actions": [
        {
            "type": "Deploy",
            "name": "暮落",
            "location": [
                4,
                5
            ],
            "direction": "Up"
        },
        {
            "type": "Deploy",
            "name": "清流",
            "direction": "Right",
            "location": [
                2,
                3
            ],
            "pre_delay": 1000
        },
        {
            "type": "Deploy",
            "name": "空爆",
            "location": [
                2,
                4
            ],
            "direction": "Right"
        },
        {
            "type": "Deploy",
            "name": "卡达",
            "location": [
                5,
                2
            ],
            "direction": "Left"
        },
        {
            "type": "Deploy",
            "name": "斑点",
            "location": [
                5,
                4
            ],
            "direction": "Left"
        },
        {
            "type": "SpeedUp"
        },
        {
            "type": "SkillDaemon"
        }
    ],
    "doc": {
        "title": "AD-TR-1 - 幕间曲",
        "details": "——————————\n作业更新日期: 2025-06-05T16:39:15Z\n统计更新日期: 2025-06-18\n好评率：100.0%  浏览量：1004\n来源：焕彩gg  ID：59460\n——————————\nB站ID：焕彩GG 主页：https://space.bilibili.com/10123796\n本作业已开启截图增强\n求关注。"
    },
    "groups": [],
    "opers": []
}