{
    "minimum_required": "v4.0.0",
    "stage_name": "mem_horn_1",
    "actions": [
        {
            "type": "Deploy",
            "name": "华法琳",
            "location": [
                1,
                3
            ],
            "direction": "Right"
        },
        {
            "type": "Deploy",
            "name": "号角",
            "location": [
                4,
                3
            ],
            "direction": "Right"
        },
        {
            "type": "SpeedUp"
        },
        {
            "type": "Skill",
            "kills": 22,
            "pre_delay": 3000,
            "name": "华法琳"
        },
        {
            "type": "SkillDaemon"
        }
    ],
    "doc": {
        "title": "重装 - 号角 - 号声响起",
        "details": "统计日期：2024-05-11\n好评率：92.98%  浏览量：7469\n来源：萨拉托加  ID：28432\n号角悖论模拟 练度2603\n现在地图终于可以用了"
    },
    "groups": [],
    "opers": [
        {
            "name": "号角",
            "skill": 1,
            "skill_usage": 0
        },
        {
            "name": "华法琳",
            "skill": 2,
            "skill_usage": 0
        }
    ]
}