{
    "minimum_required": "v4.0.0",
    "stage_name": "mem_asbest_1",
    "actions": [
        {
            "type": "Deploy",
            "name": "石棉",
            "location": [
                8,
                2
            ],
            "direction": "Down"
        },
        {
            "type": "Skill",
            "name": "石棉",
            "location": [
                8,
                2
            ],
            "kills": 2
        },
        {
            "type": "SpeedUp"
        },
        {
            "type": "Deploy",
            "kills": 51,
            "name": "Lancet-2",
            "location": [
                8,
                5
            ],
            "direction": "Up"
        },
        {
            "type": "Skill",
            "name": "石棉",
            "location": [
                8,
                2
            ],
            "kills": 52
        },
        {
            "type": "Deploy",
            "name": "夜刀",
            "location": [
                6,
                2
            ],
            "kills": 53,
            "direction": "Left"
        },
        {
            "type": "Retreat",
            "name": "夜刀",
            "location": [
                6,
                2
            ],
            "kills": 66
        },
        {
            "type": "SpeedUp"
        },
        {
            "type": "Skill",
            "name": "石棉",
            "location": [
                8,
                2
            ],
            "kills": 89
        },
        {
            "type": "Deploy",
            "kills": 89,
            "name": "夜刀",
            "location": [
                6,
                2
            ],
            "direction": "Left"
        },
        {
            "type": "Retreat",
            "name": "夜刀",
            "location": [
                6,
                2
            ],
            "kills": 95
        }
    ],
    "doc": {
        "title": "【石棉】悖论模拟 - 耐心！",
        "details": "作业更新日期: 2024-07-10T02:27:50Z\n统计更新日期: 2024-07-10\n好评率：100.0%  浏览量：5\n来源：LobsterJam  ID：39347\n精二1级4技能应该就可以过。\n"
    },
    "groups": [],
    "opers": [
        {
            "name": "石棉",
            "skill": 2,
            "skill_usage": 0
        }
    ]
}