{
    "actions": [
        {
            "type": "打印",
            "doc": "代理有问题请群里@碎蜂",
            "doc_color": "#008000"
        },
        {
            "type": "二倍速"
        },
        {
            "type": "部署",
            "name": "障碍物",
            "location": [
                4,
                1
            ]
        },
        {
            "type": "部署",
            "name": "障碍物",
            "location": [
                4,
                4
            ]
        },
        {
            "type": "部署",
            "name": "华法琳",
            "location": [
                4,
                3
            ],
            "direction": "下"
        },
        {
            "type": "部署",
            "name": "陨星",
            "location": [
                4,
                5
            ],
            "direction": "右"
        },
        {
            "type": "部署",
            "name": "雷蛇",
            "location": [
                4,
                6
            ],
            "direction": "右"
        },
        {
            "type": "部署",
            "pre_delay": 4000,
            "name": "轰隆隆先生",
            "location": [
                5,
                6
            ],
            "kills": 27
        },
        {
            "type": "部署",
            "name": "轰隆隆先生",
            "location": [
                5,
                6
            ],
            "pre_delay": 3000
        },
        {
            "type": "部署",
            "name": "轰隆隆先生",
            "location": [
                5,
                6
            ],
            "pre_delay": 3000
        },
        {
            "type": "部署",
            "name": "轰隆隆先生",
            "location": [
                5,
                6
            ],
            "pre_delay": 3000
        },
        {
            "type": "部署",
            "name": "轰隆隆先生",
            "location": [
                5,
                6
            ],
            "pre_delay": 3000
        },
        {
            "type": "部署",
            "name": "轰隆隆先生",
            "location": [
                5,
                6
            ],
            "pre_delay": 3000
        }
    ],
    "stage_name": "mem_liskam_1",
    "doc": {
        "title": "雷蛇悖论模拟",
        "details": "作业更新日期: 2023-04-19T07:07:55Z\n统计更新日期: 2024-11-30\n好评率：91.67%  浏览量：1648\n来源：作业代传——有问题联系原作者  ID：22762\nup：W小漂亮的M先生\n陨星貌似会导致轴有一点偏差，没过的话可以试试再代理一次\n代理有问题请群里@碎蜂"
    },
    "groups": [],
    "opers": [
        {
            "name": "雷蛇",
            "skill": 1
        }
    ],
    "minimum_required": "v4.0.0"
}