{
    "minimum_required": "v4.0.0",
    "stage_name": "tough_14-03",
    "actions": [
        {
            "type": "SpeedUp"
        },
        {
            "type": "Deploy",
            "name": "艾雅法拉",
            "location": [
                5,
                4
            ],
            "direction": "Left"
        },
        {
            "type": "Deploy",
            "name": "煌",
            "location": [
                2,
                3
            ],
            "direction": "Right"
        },
        {
            "type": "Deploy",
            "name": "夜莺",
            "location": [
                4,
                4
            ],
            "direction": "Left"
        }
    ],
    "doc": {
        "title": "第十四章 慈悲灯塔 - 14-4（磨难） - 通讯静默解除",
        "details": "统计日期：2024-05-02\n好评率：95.82%  浏览量：9304\n第十四章 慈悲灯塔 - 14-4（磨难） - 通讯静默解除"
    },
    "groups": [],
    "opers": [
        {
            "name": "煌",
            "skill": 2,
            "skill_usage": 0
        },
        {
            "name": "艾雅法拉",
            "skill": 2,
            "skill_usage": 0
        },
        {
            "name": "夜莺",
            "skill": 2,
            "skill_usage": 0
        }
    ]
}