{
    "minimum_required": "v4.0.0",
    "stage_name": "main_05-10",
    "doc": {
        "title": "凯尔希模组解锁 夜莺替换版",
        "details": "——————————\n作业更新日期: 2023-04-29T07:29:10Z\n统计更新日期: 2025-06-17\n好评率：91.18%  浏览量：1331\n来源：一只摆烂的42  ID：22894\n——————————\n·up：侬无言以对\n3星通关主题曲5-10；必须编入非助战凯尔希并上场，且使用4次指令：熔毁\n·代理有问题请在群里@碎蜂"
    },
    "opers": [
        {
            "name": "拉普兰德",
            "skill": 2
        },
        {
            "name": "夜莺",
            "skill": 2,
            "skill_usage": 0
        },
        {
            "name": "凯尔希",
            "skill": 3,
            "skill_usage": 1
        },
        {
            "name": "煌",
            "skill": 2
        }
    ],
    "groups": [],
    "actions": [
        {
            "type": "SpeedUp",
            "doc_color": "Gray"
        },
        {
            "type": "Output",
            "doc_color": "#198754",
            "doc": "代理有问题请在群里@碎蜂"
        },
        {
            "type": "Deploy",
            "doc_color": "#198754",
            "doc": "",
            "name": "煌",
            "location": [
                5,
                4
            ],
            "direction": "Right"
        },
        {
            "type": "Deploy",
            "doc_color": "#198754",
            "doc": "",
            "name": "拉普兰德",
            "location": [
                6,
                3
            ],
            "direction": "Right"
        },
        {
            "type": "Deploy",
            "doc": "",
            "name": "夜莺",
            "location": [
                5,
                3
            ],
            "direction": "Right"
        },
        {
            "type": "Deploy",
            "doc_color": "#198754",
            "doc": "",
            "name": "凯尔希",
            "location": [
                4,
                3
            ],
            "direction": "Right"
        },
        {
            "type": "Deploy",
            "doc_color": "#198754",
            "doc": "",
            "name": "Mon3tr",
            "location": [
                8,
                3
            ],
            "direction": "Down"
        },
        {
            "type": "SkillUsage",
            "name": "凯尔希",
            "skill_usage": 1
        },
        {
            "type": "SkillDaemon",
            "doc_color": "#198754",
            "doc": ""
        }
    ]
}