{
    "minimum_required": "v4.0.0",
    "stage_name": "main_03-07",
    "actions": [
        {
            "type": "Deploy",
            "name": "障碍物",
            "location": [
                8,
                4
            ],
            "direction": "Up"
        },
        {
            "type": "Deploy",
            "name": "柏喙",
            "location": [
                8,
                6
            ],
            "direction": "Left"
        },
        {
            "type": "SpeedUp"
        },
        {
            "type": "Deploy",
            "name": "黑键",
            "location": [
                3,
                6
            ],
            "direction": "Right"
        },
        {
            "type": "SpeedUp",
            "costs": 20
        },
        {
            "type": "Retreat",
            "location": [
                5,
                6
            ]
        },
        {
            "type": "Deploy",
            "location": [
                5,
                6
            ],
            "name": "重装",
            "direction": "Left"
        },
        {
            "type": "SpeedUp"
        },
        {
            "type": "Retreat",
            "name": "",
            "location": [
                6,
                5
            ],
            "costs": 21
        },
        {
            "type": "Deploy",
            "name": "清流",
            "location": [
                6,
                5
            ],
            "direction": "Down"
        },
        {
            "type": "SpeedUp",
            "kills": 20
        },
        {
            "type": "Deploy",
            "kills": 22,
            "name": "乌有",
            "location": [
                10,
                5
            ],
            "direction": "Down"
        },
        {
            "type": "SpeedUp"
        },
        {
            "type": "Retreat",
            "kills": 33,
            "name": "乌有",
            "location": [
                10,
                5
            ]
        },
        {
            "type": "Deploy",
            "kills": 44,
            "name": "麒麟R夜刀",
            "location": [
                10,
                5
            ],
            "direction": "Down",
            "pre_delay": 4000
        },
        {
            "type": "Retreat",
            "kills": 47,
            "name": "麒麟R夜刀",
            "location": [
                10,
                5
            ]
        },
        {
            "type": "Skill",
            "name": "重装",
            "location": [
                5,
                6
            ]
        },
        {
            "type": "SpeedUp",
            "kills": 50
        },
        {
            "type": "Deploy",
            "kills": 52,
            "name": "麒麟R夜刀",
            "location": [
                10,
                5
            ],
            "direction": "Down"
        },
        {
            "type": "SpeedUp"
        },
        {
            "type": "Retreat",
            "kills": 60,
            "pre_delay": 4700,
            "name": "黑键",
            "location": [
                3,
                6
            ]
        },
        {
            "type": "Retreat",
            "name": "重装",
            "location": [
                5,
                6
            ]
        },
        {
            "type": "Output",
            "doc_color": "DarkCyan",
            "doc": "如果觉得实用，请赏个好评吧~"
        }
    ],
    "doc": {
        "title": "黑键X、麒麟R夜刀X、柏喙X、拜松X、乌有X、清流Y模组任务一起做",
        "details": "——————————\n作业更新日期: 2024-01-06T11:54:51Z\n统计更新日期: 2025-06-29\n好评率：88.89%  浏览量：618\n来源：Issuing2890  ID：31560\n——————————\nLuCifer大膜王，https://www.bilibili.com/video/BV1NT411a7dM\n3星通关主题曲3-7；必须编入非助战XX干员并上场\n黑键：歼灭至少1个重装防御组长\n麒麟R夜刀：歼灭至少2名炮手\n柏喙：歼灭至少1个重装防御组长\n拜松：不编入其他重装干员\n乌有：歼灭至少2个炮手\n清流：不编入其他医疗干员\n黑键精二60级技7，其余精二1级技7测试通过"
    },
    "groups": [
        {
            "name": "重装",
            "opers": [
                {
                    "name": "拜松",
                    "skill": 2,
                    "skill_usage": 0
                },
                {
                    "name": "蛇屠箱",
                    "skill": 2,
                    "skill_usage": 0
                }
            ]
        }
    ],
    "opers": [
        {
            "name": "黑键",
            "skill": 2,
            "skill_usage": 0
        },
        {
            "name": "麒麟R夜刀",
            "skill": 1,
            "skill_usage": 0
        },
        {
            "name": "柏喙",
            "skill": 1,
            "skill_usage": 0
        },
        {
            "name": "乌有",
            "skill": 1,
            "skill_usage": 0
        },
        {
            "name": "清流",
            "skill": 1,
            "skill_usage": 0
        }
    ]
}