{
    "minimum_required": "v4.0.0",
    "actions": [
        {
            "type": "SpeedUp"
        },
        {
            "type": "Deploy",
            "name": "能天使",
            "location": [
                6,
                1
            ],
            "direction": "Down"
        },
        {
            "type": "Deploy",
            "name": "煌",
            "location": [
                6,
                2
            ],
            "direction": "Down"
        },
        {
            "type": "Deploy",
            "name": "雪雉",
            "location": [
                8,
                4
            ],
            "direction": "Left"
        },
        {
            "type": "SkillDaemon"
        }
    ],
    "doc": {
        "title": "雪雉模组任务 - 4-6 - 雪雉的宝贝存钱罐",
        "details": "作业更新日期: 2025-01-04T00:22:45Z\n统计更新日期: 2025-01-04\n好评率：100.0%  浏览量：2\n来源：一只摆烂的42  ID：45259\n雪雉「雪雉的宝贝存钱罐」模组任务\n3星通关主题曲4-6；必须编入非助战雪雉并上场，且至少使用2次伸缩式电捕网\nUP：侬无言以对\n原视频：https://www.bilibili.com/video/BV1St4y1g7Hv\n制作者：一只摆烂的42\n有问题联系QQ2586582719\n修改自用请删除我的QQ"
    },
    "groups": [],
    "opers": [
        {
            "name": "能天使",
            "skill": 1,
            "skill_usage": 0
        },
        {
            "name": "煌",
            "skill": 2,
            "skill_usage": 0
        },
        {
            "name": "雪雉",
            "skill": 2,
            "skill_usage": 1
        }
    ],
    "stage_name": "main_04-06",
    "difficulty": 1
}