{
    "minimum_required": "v4.0.0",
    "stage_name": "main_09-04",
    "actions": [
        {
            "type": "Deploy",
            "name": "风笛",
            "location": [
                7,
                5
            ],
            "direction": "Down"
        },
        {
            "type": "SpeedUp"
        },
        {
            "type": "Deploy",
            "name": "号角",
            "location": [
                9,
                5
            ],
            "direction": "Left",
            "kills": 8
        },
        {
            "type": "Deploy",
            "name": "维娜·维多利亚",
            "location": [
                8,
                5
            ],
            "direction": "Down"
        },
        {
            "type": "Output",
            "doc_color": "#d63384",
            "doc": "如果觉得实用，请赏个好评吧~"
        }
    ],
    "doc": {
        "title": "风笛y号角y维娜x模组任务一起做",
        "details": "——————————\n作业更新日期: 2025-01-19T02:48:43Z\n统计更新日期: 2025-06-18\n好评率：98.0%  浏览量：843\n来源：Issuing2890  ID：45570\n——————————\nLuCifer大膜王，https://www.bilibili.com/video/BV1Cg2RYmEMk"
    },
    "groups": [],
    "opers": [
        {
            "name": "风笛",
            "skill": 2,
            "skill_usage": 0
        },
        {
            "name": "号角",
            "skill": 1,
            "skill_usage": 0
        },
        {
            "name": "维娜·维多利亚",
            "skill": 1,
            "skill_usage": 0
        }
    ]
}