{
    "minimum_required": "v4.0.0",
    "stage_name": "act1vecb_sp04",
    "actions": [
        {
            "type": "SpeedUp"
        },
        {
            "type": "Deploy",
            "name": "刻俄柏",
            "location": [
                3,
                4
            ],
            "direction": "Right"
        },
        {
            "type": "Deploy",
            "name": "拉普兰德",
            "location": [
                5,
                5
            ],
            "direction": "Up"
        },
        {
            "type": "Skill",
            "name": "刻俄柏",
            "cost_changes": 13
        },
        {
            "type": "Deploy",
            "name": "蜜莓",
            "location": [
                2,
                3
            ],
            "direction": "Right"
        },
        {
            "type": "Skill",
            "name": "刻俄柏",
            "costs": 83
        },
        {
            "type": "Skill",
            "name": "蜜莓",
            "doc": ""
        }
    ],
    "doc": {
        "title": "VEC-SP04 - 盾阵隘口",
        "details": "作业更新日期: 2024-09-30T12:38:01Z\n统计更新日期: 2024-09-30\n好评率：50.0%  浏览量：35\n来源：一只摆烂的42  ID：41817\n\n需点开选人界面再开始\n刻俄柏+拉普兰德+蜜莓\n原视频：https://www.bilibili.com/video/BV1aYxFerE7t/\n制作者：一只摆烂的42\n有问题联系QQ2586582719\n修改自用请删除我的QQ"
    },
    "groups": [],
    "opers": [
        {
            "name": "刻俄柏",
            "skill": 2,
            "skill_usage": 0
        },
        {
            "name": "拉普兰德",
            "skill": 2,
            "skill_usage": 0
        },
        {
            "name": "蜜莓",
            "skill": 2,
            "skill_usage": 0
        }
    ]
}