{
    "minimum_required": "v4.0.0",
    "stage_name": "act1vecb_sp02",
    "actions": [
        {
            "type": "SpeedUp"
        },
        {
            "type": "Deploy",
            "name": "单人",
            "location": [
                5,
                3
            ],
            "direction": "Left"
        },
        {
            "type": "Skill",
            "name": "山",
            "pre_delay": 5000
        }
    ],
    "doc": {
        "title": "VEC-SP02 - 狂徒围攻",
        "details": "作业更新日期: 2024-09-30T12:39:02Z\n统计更新日期: 2024-09-30\n好评率：50.0%  浏览量：57\n来源：一只摆烂的42  ID：41813\n\n需点开选人界面再开始\n山/泥岩\n制作者：一只摆烂的42\n有问题联系QQ2586582719\n修改自用请删除我的QQ"
    },
    "groups": [
        {
            "name": "单人",
            "opers": [
                {
                    "name": "山",
                    "skill": 2,
                    "skill_usage": 0
                },
                {
                    "name": "泥岩",
                    "skill": 2,
                    "skill_usage": 0
                }
            ]
        }
    ],
    "opers": []
}