{
    "minimum_required": "v4.0.0",
    "stage_name": "act1vecb_sp01",
    "actions": [
        {
            "type": "SpeedUp"
        },
        {
            "type": "Deploy",
            "name": "史尔特尔",
            "location": [
                3,
                4
            ],
            "direction": "Right"
        },
        {
            "type": "Skill",
            "name": "史尔特尔",
            "pre_delay": 2500
        }
    ],
    "doc": {
        "title": "VEC-SP01 - 丛林巅峰",
        "details": "作业更新日期: 2024-09-30T12:38:43Z\n统计更新日期: 2024-10-06\n好评率：79.07%  浏览量：3761\n来源：一只摆烂的42  ID：41814\n\n需点开选人界面再开始\n史尔特尔\n制作者：一只摆烂的42\n有问题联系QQ2586582719\n修改自用请删除我的QQ"
    },
    "groups": [],
    "opers": [
        {
            "name": "史尔特尔",
            "skill": 3,
            "skill_usage": 0
        }
    ]
}