{
    "minimum_required": "v4.0.0",
    "stage_name": "act1vecb_sp03",
    "actions": [
        {
            "type": "SpeedUp"
        },
        {
            "type": "Deploy",
            "name": "鸿雪",
            "location": [
                5,
                4
            ],
            "direction": "Left"
        },
        {
            "type": "Skill",
            "name": "鸿雪",
            "pre_delay": 13000
        },
        {
            "type": "Deploy",
            "name": "“打字机”",
            "location": [
                4,
                4
            ],
            "pre_delay": 2000,
            "direction": "Left"
        },
        {
            "type": "Deploy",
            "name": "夜刀",
            "location": [
                1,
                5
            ],
            "direction": "Up",
            "pre_delay": 1200
        }
    ],
    "doc": {
        "title": "VEC-SP03 - 巫术纠缠",
        "details": "作业更新日期: 2024-09-30T12:37:35Z\n统计更新日期: 2024-10-06\n好评率：55.56%  浏览量：1369\n来源：一只摆烂的42  ID：41819\n\n需点开选人界面再开始\n鸿雪\n原视频：https://www.bilibili.com/video/BV1tRsfeqEDY/\n制作者：一只摆烂的42\n有问题联系QQ2586582719\n修改自用请删除我的QQ"
    },
    "groups": [],
    "opers": [
        {
            "name": "鸿雪",
            "skill": 3,
            "skill_usage": 0
        },
        {
            "name": "夜刀",
            "skill": 1,
            "skill_usage": 0
        }
    ]
}