{
    "minimum_required": "v4.0.0",
    "stage_name": "act1vecb_sp06",
    "actions": [
        {
            "type": "SpeedUp"
        },
        {
            "type": "Deploy",
            "name": "薇薇安娜",
            "location": [
                1,
                2
            ],
            "direction": "Right"
        },
        {
            "type": "SkillDaemon"
        }
    ],
    "doc": {
        "title": "VEC-SP06 - 酒厂英豪",
        "details": "作业更新日期: 2024-10-03T02:37:18Z\n统计更新日期: 2024-10-03\n好评率：100.0%  浏览量：19\n来源：一只摆烂的42  ID：41908\n\nMAA版本v5.7.0-beta.2以上才可使用\n需点开选人界面再开始\n薇薇安娜\n无需专精\n制作者：一只摆烂的42\n有问题联系QQ2586582719\n修改自用请删除我的QQ"
    },
    "groups": [],
    "opers": [
        {
            "name": "薇薇安娜",
            "skill": 3,
            "skill_usage": 1
        }
    ]
}