{
    "minimum_required": "v4.0.0",
    "stage_name": "act1vecb_sp02",
    "actions": [
        {
            "type": "Deploy",
            "name": "泥岩",
            "location": [
                6,
                3
            ],
            "direction": "Left"
        },
        {
            "type": "SpeedUp"
        },
        {
            "type": "SkillDaemon"
        }
    ],
    "doc": {
        "title": "内测用作业2",
        "details": "作业更新日期: 2024-09-28T23:20:53Z\n统计更新日期: 2024-09-30\n好评率：75.0%  浏览量：220\n来源：萨拉托加  ID：41771\n\n内测用作业2\n原作者萧然Q JSON作者萨拉托加\n作业交流群群号1003478193，可蹲作业，有问题进群找我，作业站消息没提醒看不到\n【【矢量突破】摆完挂机 简单好抄】 https://www.bilibili.com/video/BV1RrsoeBEfP/?share_source=copy_web&vd_source=3fd5040fe25f6a00e19e6072bcccfa4e"
    },
    "groups": [],
    "opers": [
        {
            "name": "泥岩",
            "skill": 2,
            "skill_usage": 0
        }
    ]
}