{
    "minimum_required": "v4.0.0",
    "stage_name": "act1vecb_02",
    "actions": [
        {
            "type": "Deploy",
            "name": "星熊",
            "location": [
                3,
                1
            ],
            "direction": "Left"
        },
        {
            "type": "SpeedUp"
        },
        {
            "type": "Deploy",
            "name": "闪灵",
            "location": [
                6,
                2
            ],
            "direction": "Left"
        },
        {
            "type": "Deploy",
            "name": "能天使",
            "location": [
                5,
                2
            ],
            "direction": "Down",
            "costs": 19
        },
        {
            "type": "Deploy",
            "name": "艾雅法拉",
            "location": [
                4,
                2
            ],
            "direction": "Left"
        },
        {
            "type": "SkillDaemon"
        }
    ],
    "doc": {
        "title": "VEC-02 - 低温征兆 无增益BUFF",
        "details": "作业更新日期: 2024-09-28T00:26:09Z\n统计更新日期: 2024-09-30\n好评率：86.25%  浏览量：3882\n来源：萨拉托加  ID：41656\n\nJSON作者萨拉托加\n作业交流群群号1003478193，可蹲作业，有问题进群找我，作业站消息没提醒看不到\n"
    },
    "groups": [],
    "opers": [
        {
            "name": "星熊",
            "skill": 2,
            "skill_usage": 0
        },
        {
            "name": "艾雅法拉",
            "skill": 2,
            "skill_usage": 0
        },
        {
            "name": "能天使",
            "skill": 3,
            "skill_usage": 0
        },
        {
            "name": "闪灵",
            "skill": 2,
            "skill_usage": 0
        }
    ]
}