{
    "minimum_required": "v4.0.0",
    "stage_name": "main_01-12",
    "actions": [
        {
            "type": "SpeedUp"
        },
        {
            "type": "Deploy",
            "name": "米格鲁",
            "location": [
                6,
                5
            ],
            "direction": "Up"
        },
        {
            "type": "Deploy",
            "name": "12F",
            "location": [
                7,
                5
            ],
            "direction": "Left"
        },
        {
            "type": "Deploy",
            "name": "芙蓉",
            "location": [
                8,
                4
            ],
            "direction": "Left"
        },
        {
            "type": "Deploy",
            "name": "黑角",
            "location": [
                6,
                4
            ],
            "costs": 16,
            "direction": "Up"
        },
        {
            "type": "Deploy",
            "name": "翎羽",
            "location": [
                7,
                2
            ],
            "direction": "Up"
        },
        {
            "type": "Retreat",
            "name": "翎羽",
            "location": [
                7,
                2
            ],
            "costs": 5
        },
        {
            "type": "Deploy",
            "name": "芬",
            "location": [
                8,
                1
            ],
            "direction": "Left"
        },
        {
            "type": "Retreat",
            "name": "黑角",
            "location": [
                6,
                4
            ],
            "costs": 11
        },
        {
            "type": "Skill",
            "name": "米格鲁",
            "location": [
                6,
                5
            ]
        },
        {
            "type": "Deploy",
            "name": "炎熔",
            "location": [
                8,
                3
            ],
            "costs": 30,
            "direction": "Left"
        },
        {
            "type": "Deploy",
            "name": "安赛尔",
            "location": [
                3,
                5
            ],
            "direction": "Right"
        },
        {
            "type": "Deploy",
            "name": "克洛丝",
            "location": [
                3,
                3
            ],
            "direction": "Down"
        },
        {
            "type": "Deploy",
            "name": "夜刀",
            "location": [
                4,
                6
            ],
            "direction": "Left"
        },
        {
            "type": "Skill",
            "name": "芙蓉",
            "location": [
                8,
                4
            ],
            "kills": 24
        },
        {
            "type": "Skill",
            "name": "震撼装置",
            "location": [
                5,
                5
            ],
            "kills": 25
        },
        {
            "type": "Deploy",
            "name": "翎羽",
            "location": [
                4,
                6
            ],
            "direction": "Up"
        },
        {
            "type": "Deploy",
            "name": "黑角",
            "location": [
                3,
                4
            ],
            "direction": "Right"
        },
        {
            "type": "Deploy",
            "name": "玫兰莎",
            "location": [
                4,
                5
            ],
            "direction": "Up"
        },
        {
            "type": "Skill",
            "name": "米格鲁",
            "location": [
                6,
                5
            ]
        }
    ],
    "doc": {
        "title": "第一章 黑暗时代·下 - 1-12 - 代价",
        "details": "统计日期：2024-05-17\n好评率：60.0%  浏览量：310\n来源：聪明的刀客塔  ID：28933\n全员1级"
    },
    "groups": [],
    "opers": [
        {
            "name": "芙蓉",
            "skill": 1,
            "skill_usage": 0
        },
        {
            "name": "米格鲁",
            "skill": 1,
            "skill_usage": 0
        },
        {
            "name": "克洛丝",
            "skill": 1,
            "skill_usage": 0
        },
        {
            "name": "炎熔",
            "skill": 1,
            "skill_usage": 1
        },
        {
            "name": "黑角",
            "skill": 1,
            "skill_usage": 0
        },
        {
            "name": "翎羽",
            "skill": 1,
            "skill_usage": 0
        },
        {
            "name": "玫兰莎",
            "skill": 1,
            "skill_usage": 0
        },
        {
            "name": "安赛尔",
            "skill": 1,
            "skill_usage": 1
        },
        {
            "name": "夜刀",
            "skill": 1,
            "skill_usage": 0
        },
        {
            "name": "12F",
            "skill": 1,
            "skill_usage": 0
        },
        {
            "name": "芬",
            "skill": 1,
            "skill_usage": 0
        }
    ],
    "difficulty": 0
}