{
    "minimum_required": "v4.0.0",
    "stage_name": "main_01-12",
    "actions": [
        {
            "type": "Deploy",
            "name": "芬",
            "location": [
                1,
                6
            ],
            "direction": "Up",
            "costs": 10
        },
        {
            "type": "Deploy",
            "name": "翎羽",
            "location": [
                9,
                5
            ],
            "direction": "Left",
            "costs": 7
        },
        {
            "type": "Deploy",
            "name": "阿米娅",
            "location": [
                9,
                6
            ],
            "direction": "Left",
            "costs": 18
        },
        {
            "type": "Deploy",
            "name": "米格鲁",
            "location": [
                3,
                4
            ],
            "direction": "Right",
            "kills": 1,
            "costs": 16
        },
        {
            "type": "Retreat",
            "name": "翎羽",
            "location": [
                9,
                5
            ],
            "kills": 2,
            "costs": 13
        },
        {
            "type": "Deploy",
            "name": "蛇屠箱",
            "location": [
                9,
                5
            ],
            "kills": 2,
            "costs": 16,
            "direction": "Left"
        },
        {
            "type": "Deploy",
            "name": "芙蓉",
            "location": [
                3,
                3
            ],
            "direction": "Down",
            "kills": 5,
            "costs": 20
        },
        {
            "type": "Deploy",
            "name": "12F",
            "location": [
                3,
                5
            ],
            "direction": "Right",
            "kills": 7,
            "costs": 27
        },
        {
            "type": "Deploy",
            "name": "Lancet-2",
            "location": [
                9,
                3
            ],
            "direction": "Down",
            "kills": 12,
            "costs": 12
        },
        {
            "type": "Deploy",
            "name": "克洛丝",
            "location": [
                8,
                3
            ],
            "direction": "Down",
            "kills": 12,
            "costs": 20
        },
        {
            "type": "Deploy",
            "name": "杰西卡",
            "location": [
                4,
                3
            ],
            "direction": "Down",
            "kills": 12,
            "costs": 18
        },
        {
            "type": "Deploy",
            "name": "玫兰莎",
            "location": [
                4,
                5
            ],
            "direction": "Down",
            "kills": 23,
            "costs": 30
        },
        {
            "type": "Skill",
            "name": "震撼装置",
            "location": [
                5,
                5
            ],
            "kills": 23,
            "costs": 10
        },
        {
            "type": "Deploy",
            "name": "安赛尔",
            "location": [
                2,
                5
            ],
            "kills": 24,
            "costs": 10,
            "direction": "Right"
        }
    ],
    "doc": {
        "title": "第一章 黑暗时代·下 - 1-12 - 代价",
        "details": "统计日期：2024-05-11\n好评率：66.67%  浏览量：270\n来源：fujin  ID：21271\n自用过周常"
    },
    "groups": [],
    "opers": [
        {
            "name": "阿米娅",
            "skill": 1,
            "skill_usage": 1
        },
        {
            "name": "芙蓉",
            "skill": 1,
            "skill_usage": 1
        },
        {
            "name": "安赛尔",
            "skill": 1,
            "skill_usage": 1
        },
        {
            "name": "玫兰莎",
            "skill": 1,
            "skill_usage": 1
        },
        {
            "name": "克洛丝",
            "skill": 1,
            "skill_usage": 1
        },
        {
            "name": "米格鲁",
            "skill": 1,
            "skill_usage": 1
        },
        {
            "name": "芬",
            "skill": 1,
            "skill_usage": 1
        },
        {
            "name": "翎羽",
            "skill": 1,
            "skill_usage": 1
        },
        {
            "name": "杰西卡",
            "skill": 1,
            "skill_usage": 1
        },
        {
            "name": "蛇屠箱",
            "skill": 1,
            "skill_usage": 1
        },
        {
            "name": "Lancet-2",
            "skill": 1,
            "skill_usage": 1
        },
        {
            "name": "12F",
            "skill": 1,
            "skill_usage": 1
        }
    ],
    "difficulty": 1
}