{
    "minimum_required": "v4.0.0",
    "stage_name": "main_01-02",
    "actions": [
        {
            "type": "SpeedUp"
        },
        {
            "type": "Deploy",
            "name": "芬",
            "location": [
                7,
                4
            ],
            "direction": "Left"
        },
        {
            "type": "Deploy",
            "name": "翎羽",
            "location": [
                1,
                1
            ],
            "direction": "Up"
        },
        {
            "type": "Deploy",
            "name": "杰西卡",
            "location": [
                8,
                3
            ],
            "direction": "Left"
        },
        {
            "type": "Deploy",
            "name": "安赛尔",
            "location": [
                8,
                5
            ],
            "direction": "Left",
            "kills": 7
        },
        {
            "type": "Deploy",
            "name": "米格鲁",
            "location": [
                8,
                4
            ],
            "direction": "Left"
        },
        {
            "type": "Deploy",
            "name": "炎熔",
            "location": [
                6,
                5
            ],
            "direction": "Up"
        },
        {
            "type": "Skill",
            "name": "翎羽",
            "location": [
                1,
                1
            ],
            "kills": 25,
            "pre_delay": 500
        },
        {
            "type": "Deploy",
            "name": "芙蓉",
            "location": [
                2,
                2
            ],
            "direction": "Up"
        },
        {
            "type": "Deploy",
            "name": "史都华德",
            "location": [
                1,
                2
            ],
            "direction": "Up"
        },
        {
            "type": "Skill",
            "name": "炎熔",
            "kills": 36,
            "pre_delay": 800
        },
        {
            "type": "Skill",
            "name": "米格鲁",
            "kills": 36,
            "pre_delay": 800
        },
        {
            "type": "Skill",
            "name": "安赛尔",
            "kills": 40
        }
    ],
    "doc": {
        "title": "第一章 黑暗时代·下 - 1-2 - 蔓延",
        "details": "统计日期：2024-05-11\n好评率：75.0%  浏览量：126\n来源：APCHE  ID：28084\nhttps://www.bilibili.com/video/BV1G4411t7rV/?p=20&spm_id_from=333.1007.top_right_bar_window_history.content.click&vd_source=c785c4e3ab8def8d8ad6e69b520e6a9f"
    },
    "groups": [],
    "opers": [
        {
            "name": "芬",
            "skill": 1,
            "skill_usage": 0
        },
        {
            "name": "翎羽",
            "skill": 1,
            "skill_usage": 0
        },
        {
            "name": "米格鲁",
            "skill": 1,
            "skill_usage": 0
        },
        {
            "name": "杰西卡",
            "skill": 1,
            "skill_usage": 0
        },
        {
            "name": "芙蓉",
            "skill": 1,
            "skill_usage": 0
        },
        {
            "name": "安赛尔",
            "skill": 1,
            "skill_usage": 0
        },
        {
            "name": "炎熔",
            "skill": 1,
            "skill_usage": 0
        },
        {
            "name": "史都华德",
            "skill": 1,
            "skill_usage": 0
        }
    ]
}