{
    "minimum_required": "v4.0.0",
    "stage_name": "mem_shining_1",
    "actions": [
        {
            "type": "Deploy",
            "name": "蓝毒",
            "location": [
                3,
                1
            ],
            "direction": "Down"
        },
        {
            "type": "Deploy",
            "name": "闪灵",
            "location": [
                4,
                1
            ],
            "direction": "Down"
        },
        {
            "type": "Deploy",
            "name": "白金",
            "location": [
                2,
                5
            ],
            "direction": "Right"
        },
        {
            "type": "SpeedUp"
        },
        {
            "type": "Deploy",
            "name": "斑点",
            "location": [
                3,
                2
            ],
            "direction": "Right"
        },
        {
            "type": "Skill",
            "name": "夜莺",
            "location": [
                2,
                3
            ],
            "kills": 3
        },
        {
            "type": "Deploy",
            "name": "卡缇",
            "location": [
                3,
                4
            ],
            "direction": "Right"
        },
        {
            "type": "Skill",
            "name": "闪灵",
            "location": [
                4,
                1
            ]
        },
        {
            "type": "Skill",
            "name": "夜莺",
            "location": [
                2,
                3
            ],
            "kills": 18
        },
        {
            "type": "Skill",
            "name": "白金",
            "location": [
                2,
                5
            ],
            "kills": 20
        },
        {
            "type": "SkillUsage",
            "name": "白金",
            "skill_usage": 1
        },
        {
            "type": "Skill",
            "name": "夜莺",
            "location": [
                2,
                3
            ],
            "kills": 32
        },
        {
            "type": "Skill",
            "name": "闪灵",
            "location": [
                4,
                1
            ],
            "kills": 40,
            "pre_delay": 4000
        },
        {
            "type": "Skill",
            "name": "夜莺",
            "kills": 44,
            "location": [
                2,
                3
            ]
        },
        {
            "type": "SkillDaemon"
        }
    ],
    "doc": {
        "title": "医疗 - 闪灵 - 坚如磐石【闪灵悖论模拟】",
        "details": "统计日期：2024-05-05\n好评率：97.5%  浏览量：3877\n来源：小卡拉帕鲁灰🐖  ID：36713\n有点东西\n练度：精二60级、专二3技能（等级具体可以多低不知道）\n悖论模拟需要在MAA中关闭“自动编队”，\n选好3技能后处于红色ui“开始模拟”界面，maa就可以按开始了"
    },
    "groups": [],
    "opers": [
        {
            "name": "闪灵",
            "skill": 3,
            "skill_usage": 0
        },
        {
            "name": "蓝毒",
            "skill": 1,
            "skill_usage": 0
        },
        {
            "name": "白金",
            "skill": 1,
            "skill_usage": 0
        },
        {
            "name": "斑点",
            "skill": 1,
            "skill_usage": 1
        },
        {
            "name": "卡缇",
            "skill": 1,
            "skill_usage": 0
        }
    ]
}