{
    "minimum_required": "v4.0.0",
    "stage_name": "mem_weedy_1",
    "actions": [
        {
            "type": "Deploy",
            "name": "温蒂",
            "location": [
                2,
                3
            ],
            "direction": "Down",
            "costs": 21
        },
        {
            "type": "Deploy",
            "name": "工程蓄水炮",
            "location": [
                2,
                4
            ],
            "direction": "Down",
            "costs": 12
        },
        {
            "type": "Skill",
            "name": "温蒂",
            "location": [
                2,
                3
            ],
            "costs": 20,
            "cost_changes": 0
        },
        {
            "type": "Deploy",
            "name": "罗德岛临时雇员",
            "location": [
                1,
                5
            ],
            "kills": 9,
            "costs": 29,
            "direction": "Up"
        },
        {
            "type": "Deploy",
            "name": "安洁莉娜",
            "location": [
                1,
                4
            ],
            "direction": "Right",
            "kills": 11
        },
        {
            "type": "Skill",
            "name": "温蒂",
            "location": [
                2,
                3
            ],
            "costs": 38
        },
        {
            "type": "Deploy",
            "name": "工程蓄水炮",
            "location": [
                2,
                4
            ],
            "direction": "Down",
            "costs": 62
        },
        {
            "type": "Skill",
            "name": "安洁莉娜",
            "location": [
                1,
                4
            ],
            "kills": 17
        },
        {
            "type": "Skill",
            "name": "温蒂",
            "location": [
                2,
                3
            ],
            "kills": 22,
            "costs": 71
        }
    ],
    "doc": {
        "title": "悖论模拟 特种 - 温蒂 - 准备就绪",
        "details": "——————————\n作业更新日期: 2023-03-06T16:19:57Z\n统计更新日期: 2025-09-08\n相对评分：85.87%  相对热度：81.03%\n来源：萝莉赛高555  ID：21364\n——————————\n三技能，专三，实测可过"
    },
    "groups": [],
    "opers": [
        {
            "name": "温蒂",
            "skill": 3,
            "skill_usage": 0
        },
        {
            "name": "安洁莉娜",
            "skill": 3,
            "skill_usage": 0
        }
    ]
}