{
    "minimum_required": "v4.0.0",
    "stage_name": "mem_moeshd_1",
    "actions": [
        {
            "type": "Deploy",
            "name": "障碍物",
            "location": [
                7,
                1
            ],
            "direction": "None"
        },
        {
            "type": "SpeedUp"
        },
        {
            "type": "Deploy",
            "name": "可颂",
            "location": [
                7,
                3
            ],
            "direction": "Down"
        },
        {
            "type": "Deploy",
            "name": "调香师",
            "location": [
                9,
                3
            ],
            "direction": "Left"
        },
        {
            "type": "Skill",
            "name": "阿",
            "location": [
                8,
                3
            ],
            "costs": 54
        },
        {
            "type": "Skill",
            "name": "可颂"
        },
        {
            "type": "SkillUsage",
            "name": "可颂",
            "skill_usage": 1
        },
        {
            "type": "SkillUsage",
            "name": "可颂",
            "skill_usage": 0,
            "kills": 16
        },
        {
            "type": "Skill",
            "name": "可颂",
            "kills": 19,
            "pre_delay": 9000
        },
        {
            "type": "Skill",
            "name": "阿"
        },
        {
            "type": "Skill",
            "name": "可颂"
        },
        {
            "type": "SkillUsage",
            "name": "可颂",
            "skill_usage": 1
        },
        {
            "type": "SkillUsage",
            "name": "可颂",
            "skill_usage": 0,
            "kills": 27
        },
        {
            "type": "Skill",
            "name": "可颂",
            "kills": 31,
            "pre_delay": 2000
        },
        {
            "type": "Skill",
            "name": "阿"
        },
        {
            "type": "Skill",
            "name": "可颂"
        },
        {
            "type": "SkillUsage",
            "name": "可颂",
            "skill_usage": 1
        }
    ],
    "doc": {
        "title": "重装 - 可颂 - 重重一击",
        "details": "作业更新日期: 2023-07-02T07:42:31Z\n统计更新日期: 2024-11-24\n好评率：42.31%  浏览量：488\n来源：一只摆烂的42  ID：24395\nhttps://www.bilibili.com/video/BV1X24y1d72N/\n练度精二10级 7级技能（必须7级较大力）\n制作者：一只摆烂的42\n有问题联系QQ2586582719"
    },
    "groups": [],
    "opers": [
        {
            "name": "可颂",
            "skill": 2,
            "skill_usage": 0
        }
    ]
}