{
    "minimum_required": "v4.0.0",
    "stage_name": "act33side_03",
    "actions": [
        {
            "type": "SpeedUp"
        },
        {
            "type": "Deploy",
            "name": "尖兵",
            "location": [
                7,
                3
            ],
            "direction": "Down"
        },
        {
            "type": "Deploy",
            "name": "速狙1",
            "location": [
                6,
                5
            ],
            "direction": "Left"
        },
        {
            "type": "Deploy",
            "name": "强攻手",
            "location": [
                8,
                4
            ],
            "direction": "Left"
        },
        {
            "type": "Deploy",
            "name": "中铁术士",
            "location": [
                4,
                5
            ],
            "direction": "Up"
        },
        {
            "type": "Deploy",
            "name": "工具人",
            "location": [
                3,
                3
            ],
            "direction": "Down"
        },
        {
            "type": "Deploy",
            "name": "单奶",
            "location": [
                9,
                4
            ],
            "direction": "Left"
        },
        {
            "type": "Deploy",
            "name": "速狙2",
            "location": [
                2,
                5
            ],
            "direction": "Right"
        },
        {
            "type": "Deploy",
            "name": "群法",
            "location": [
                6,
                3
            ],
            "direction": "Down"
        },
        {
            "type": "Retreat",
            "name": "尖兵",
            "location": [
                7,
                3
            ],
            "pre_delay": 3000
        },
        {
            "type": "Deploy",
            "name": "奶盾",
            "location": [
                7,
                4
            ],
            "direction": "Left"
        },
        {
            "type": "SkillDaemon"
        }
    ],
    "doc": {
        "title": "巴别塔 - BB-3 - 无声破裂 【无核  通用  可低配】",
        "details": "统计日期：2024-05-03\n好评率：96.55%  浏览量：1026\n来源：无忧无虑啦  ID：35872\n新活动，如提示不支持文件类型请更新maa至最新内测版，并点击”检查更新“，以更新资源 ，更新完成后重启maa  (4.11最新版本资源：巴别塔)\n测试等级：精一满级  “工具人”极力推荐伊桑一类的特种干员，但不推荐使用该活动新出的，避免maa尚未适配所导致的maa操作停止，而导致漏怪，打不过等情况\n有问题群找”无忧“ 直接@（萨托作业群：545928846）"
    },
    "groups": [
        {
            "name": "尖兵",
            "opers": [
                {
                    "name": "讯使",
                    "skill": 1,
                    "skill_usage": 0
                },
                {
                    "name": "推进之王",
                    "skill": 1,
                    "skill_usage": 0
                },
                {
                    "name": "德克萨斯",
                    "skill": 2,
                    "skill_usage": 1
                },
                {
                    "name": "清道夫",
                    "skill": 1,
                    "skill_usage": 0
                },
                {
                    "name": "凛冬",
                    "skill": 1,
                    "skill_usage": 0
                },
                {
                    "name": "焰尾",
                    "skill": 2,
                    "skill_usage": 1
                },
                {
                    "name": "嵯峨",
                    "skill": 1,
                    "skill_usage": 0
                }
            ]
        },
        {
            "name": "速狙2",
            "opers": [
                {
                    "name": "梅",
                    "skill": 1,
                    "skill_usage": 0
                },
                {
                    "name": "灰喉",
                    "skill": 1,
                    "skill_usage": 0
                },
                {
                    "name": "能天使",
                    "skill": 1,
                    "skill_usage": 0
                },
                {
                    "name": "寒芒克洛丝",
                    "skill": 1,
                    "skill_usage": 0
                },
                {
                    "name": "隐现",
                    "skill": 1,
                    "skill_usage": 0
                },
                {
                    "name": "流星",
                    "skill": 1,
                    "skill_usage": 0
                },
                {
                    "name": "铃兰",
                    "skill": 2,
                    "skill_usage": 0
                }
            ]
        },
        {
            "name": "速狙1",
            "opers": [
                {
                    "name": "杰西卡",
                    "skill": 1,
                    "skill_usage": 0
                },
                {
                    "name": "空弦",
                    "skill": 1,
                    "skill_usage": 0
                },
                {
                    "name": "克洛丝",
                    "skill": 1,
                    "skill_usage": 0
                },
                {
                    "name": "安德切尔",
                    "skill": 1,
                    "skill_usage": 0
                },
                {
                    "name": "蓝毒",
                    "skill": 1,
                    "skill_usage": 0
                },
                {
                    "name": "红云",
                    "skill": 1,
                    "skill_usage": 0
                }
            ]
        },
        {
            "name": "单奶",
            "opers": [
                {
                    "name": "安赛尔",
                    "skill": 1,
                    "skill_usage": 1
                },
                {
                    "name": "末药",
                    "skill": 2,
                    "skill_usage": 1
                },
                {
                    "name": "嘉维尔",
                    "skill": 1,
                    "skill_usage": 0
                },
                {
                    "name": "苏苏洛",
                    "skill": 1,
                    "skill_usage": 1
                },
                {
                    "name": "华法琳",
                    "skill": 1,
                    "skill_usage": 0
                },
                {
                    "name": "闪灵",
                    "skill": 2,
                    "skill_usage": 0
                },
                {
                    "name": "亚叶",
                    "skill": 2,
                    "skill_usage": 1
                },
                {
                    "name": "图耶",
                    "skill": 1,
                    "skill_usage": 1
                },
                {
                    "name": "纯烬艾雅法拉",
                    "skill": 1,
                    "skill_usage": 0
                }
            ]
        },
        {
            "name": "工具人",
            "opers": [
                {
                    "name": "风笛",
                    "skill": 2,
                    "skill_usage": 0
                },
                {
                    "name": "翎羽",
                    "skill": 1,
                    "skill_usage": 1
                },
                {
                    "name": "红豆",
                    "skill": 1,
                    "skill_usage": 1
                },
                {
                    "name": "砾",
                    "skill": 1,
                    "skill_usage": 0
                },
                {
                    "name": "伊桑",
                    "skill": 1,
                    "skill_usage": 0
                },
                {
                    "name": "绮良",
                    "skill": 1,
                    "skill_usage": 0
                }
            ]
        },
        {
            "name": "奶盾",
            "opers": [
                {
                    "name": "塞雷娅",
                    "skill": 1,
                    "skill_usage": 0
                },
                {
                    "name": "临光",
                    "skill": 1,
                    "skill_usage": 0
                },
                {
                    "name": "吽",
                    "skill": 1,
                    "skill_usage": 0
                },
                {
                    "name": "深律",
                    "skill": 1,
                    "skill_usage": 0
                },
                {
                    "name": "黍",
                    "skill": 1,
                    "skill_usage": 0
                },
                {
                    "name": "古米",
                    "skill": 1,
                    "skill_usage": 0
                }
            ]
        },
        {
            "name": "中铁术士",
            "opers": [
                {
                    "name": "阿米娅",
                    "skill": 1,
                    "skill_usage": 1
                },
                {
                    "name": "霍尔海雅",
                    "skill": 2,
                    "skill_usage": 1
                },
                {
                    "name": "苦艾",
                    "skill": 1,
                    "skill_usage": 0
                },
                {
                    "name": "刻俄柏",
                    "skill": 2,
                    "skill_usage": 1
                },
                {
                    "name": "夜魔",
                    "skill": 2,
                    "skill_usage": 0
                },
                {
                    "name": "艾雅法拉",
                    "skill": 2,
                    "skill_usage": 1
                },
                {
                    "name": "史都华德",
                    "skill": 1,
                    "skill_usage": 0
                },
                {
                    "name": "澄闪",
                    "skill": 2,
                    "skill_usage": 0
                },
                {
                    "name": "卡达",
                    "skill": 2,
                    "skill_usage": 1
                },
                {
                    "name": "塑心",
                    "skill": 1,
                    "skill_usage": 0
                }
            ]
        },
        {
            "name": "群法",
            "opers": [
                {
                    "name": "莫斯提马",
                    "skill": 2,
                    "skill_usage": 1
                },
                {
                    "name": "炎熔",
                    "skill": 1,
                    "skill_usage": 1
                },
                {
                    "name": "夕",
                    "skill": 2,
                    "skill_usage": 1
                },
                {
                    "name": "莱恩哈特",
                    "skill": 2,
                    "skill_usage": 1
                },
                {
                    "name": "雪绒",
                    "skill": 2,
                    "skill_usage": 1
                },
                {
                    "name": "远山",
                    "skill": 1,
                    "skill_usage": 1
                },
                {
                    "name": "格雷伊",
                    "skill": 2,
                    "skill_usage": 1
                },
                {
                    "name": "天火",
                    "skill": 2,
                    "skill_usage": 1
                },
                {
                    "name": "寒檀",
                    "skill": 2,
                    "skill_usage": 1
                },
                {
                    "name": "炎狱炎熔",
                    "skill": 2,
                    "skill_usage": 1
                }
            ]
        },
        {
            "name": "强攻手",
            "opers": [
                {
                    "name": "百炼嘉维尔",
                    "skill": 2,
                    "skill_usage": 1
                },
                {
                    "name": "煌",
                    "skill": 2,
                    "skill_usage": 0
                },
                {
                    "name": "布洛卡",
                    "skill": 1,
                    "skill_usage": 1
                },
                {
                    "name": "泡普卡",
                    "skill": 1,
                    "skill_usage": 1
                },
                {
                    "name": "幽灵鲨",
                    "skill": 1,
                    "skill_usage": 1
                },
                {
                    "name": "导火索",
                    "skill": 1,
                    "skill_usage": 1
                },
                {
                    "name": "艾丝黛尔",
                    "skill": 1,
                    "skill_usage": 1
                }
            ]
        }
    ],
    "opers": []
}