{
    "minimum_required": "v4.0.0",
    "stage_name": "act33side_07",
    "actions": [
        {
            "type": "SpeedUp"
        },
        {
            "type": "Deploy",
            "name": "棘刺",
            "location": [
                3,
                3
            ],
            "direction": "Up"
        },
        {
            "type": "Deploy",
            "name": "玛恩纳",
            "location": [
                5,
                3
            ],
            "direction": "Right"
        },
        {
            "type": "Deploy",
            "name": "锏",
            "location": [
                6,
                5
            ],
            "direction": "Right"
        },
        {
            "type": "Skill",
            "name": "玛恩纳",
            "location": [
                5,
                3
            ],
            "kills": 1
        },
        {
            "type": "Skill",
            "name": "锏",
            "location": [
                6,
                5
            ],
            "costs": 54
        },
        {
            "type": "Skill",
            "name": "锏",
            "location": [
                6,
                5
            ],
            "costs": 89
        },
        {
            "type": "Skill",
            "name": "玛恩纳",
            "location": [
                5,
                3
            ],
            "kills": 26
        },
        {
            "type": "Skill",
            "name": "锏",
            "location": [
                6,
                5
            ],
            "kills": 27,
            "pre_delay": 3
        }
    ],
    "doc": {
        "title": "巴别塔 - BB-7 - 阴影显现",
        "details": "统计日期：2024-05-03\n好评率：83.54%  浏览量：2499\n来源：Dr_MO  ID：35879\n巴别塔 - BB-7 - 阴影显现"
    },
    "groups": [],
    "opers": [
        {
            "name": "棘刺",
            "skill": 3,
            "skill_usage": 1
        },
        {
            "name": "玛恩纳",
            "skill": 3,
            "skill_usage": 0
        },
        {
            "name": "锏",
            "skill": 3,
            "skill_usage": 0
        }
    ]
}