{
    "minimum_required": "v4.0.0",
    "stage_name": "act33side_09",
    "actions": [
        {
            "type": "Deploy",
            "name": "障碍物",
            "location": [
                8,
                3
            ],
            "direction": "None"
        }
    ],
    "doc": {
        "title": "BB-9无法自动，会卡剧情",
        "details": "统计日期：2024-05-03\n好评率：96.1%  浏览量：11895\n来源：萨拉托加  ID：35884\n用不了，会卡剧情，根据指示手动吧，只需要摆一个箱子就行"
    },
    "groups": [],
    "opers": []
}