{
    "minimum_required": "v4.0.0",
    "stage_name": "act33side_ex06",
    "actions": [
        {
            "type": "SpeedUp"
        },
        {
            "type": "Deploy",
            "name": "重装",
            "location": [
                10,
                3
            ],
            "direction": "Left"
        },
        {
            "type": "Deploy",
            "name": "煌",
            "location": [
                9,
                4
            ],
            "direction": "Up"
        },
        {
            "type": "Deploy",
            "name": "奶妈",
            "location": [
                10,
                5
            ],
            "direction": "Up"
        },
        {
            "type": "Deploy",
            "name": "重奶2",
            "location": [
                10,
                4
            ],
            "direction": "Up"
        },
        {
            "type": "Deploy",
            "name": "能天使",
            "location": [
                10,
                2
            ],
            "direction": "Down"
        },
        {
            "type": "SkillDaemon"
        }
    ],
    "doc": {
        "title": "巴别塔 - BB-EX-6 - 越过障碍（改） 奶要上模组，重装建议黍",
        "details": "统计日期：2024-05-03\n好评率：100.0%  浏览量：1298\n来源：zocink  ID：36094\n巴别塔 - BB-EX-6 - 越过障碍（改） 奶要上模组，重装建议黍"
    },
    "groups": [
        {
            "name": "奶妈",
            "opers": [
                {
                    "name": "纯烬艾雅法拉",
                    "skill": 1,
                    "skill_usage": 0
                },
                {
                    "name": "夜莺",
                    "skill": 2,
                    "skill_usage": 0
                },
                {
                    "name": "白面鸮",
                    "skill": 2,
                    "skill_usage": 1
                }
            ]
        },
        {
            "name": "重装",
            "opers": [
                {
                    "name": "黍",
                    "skill": 1,
                    "skill_usage": 0
                },
                {
                    "name": "塞雷娅",
                    "skill": 1,
                    "skill_usage": 0
                }
            ]
        },
        {
            "name": "重奶2",
            "opers": [
                {
                    "name": "临光",
                    "skill": 1,
                    "skill_usage": 0
                },
                {
                    "name": "古米",
                    "skill": 2,
                    "skill_usage": 1
                }
            ]
        }
    ],
    "opers": [
        {
            "name": "煌",
            "skill": 2,
            "skill_usage": 0
        },
        {
            "name": "能天使",
            "skill": 3,
            "skill_usage": 0
        }
    ],
    "difficulty": 3
}