{
    "minimum_required": "v4.0.0",
    "stage_name": "act33side_ex06#f#",
    "difficulty": 3,
    "actions": [
        {
            "type": "Deploy",
            "name": "铁卫",
            "location": [
                10,
                3
            ],
            "direction": "Left"
        },
        {
            "type": "Deploy",
            "name": "强攻手",
            "location": [
                9,
                4
            ],
            "direction": "Up"
        },
        {
            "type": "Deploy",
            "name": "浊心斯卡蒂",
            "location": [
                10,
                5
            ],
            "direction": "Left"
        },
        {
            "type": "SpeedUp"
        },
        {
            "type": "Deploy",
            "name": "医疗",
            "location": [
                10,
                1
            ],
            "direction": "Down"
        },
        {
            "type": "Deploy",
            "name": "速射手",
            "location": [
                10,
                6
            ],
            "direction": "Up"
        },
        {
            "type": "Deploy",
            "name": "守护者",
            "location": [
                10,
                4
            ],
            "direction": "Left"
        },
        {
            "type": "SkillDaemon"
        }
    ],
    "doc": {
        "title": "BB-EX-6（替换干员）",
        "details": "统计日期：2024-05-03\n好评率：100.0%  浏览量：7042\n来源：Reverse  ID：36105\n干员替换未经测试，不保证能过，请尽量使用原作业干员\n原作者萧然Q JSON作者萨拉托加\n作业交流群545928846，如果作业有问题可以加群找我，评论区不能及时回复，还可以去群里蹲我的新作业\n【【巴别塔】BB-EX-1至8突袭 摆完挂机 简单好抄】 https://www.bilibili.com/video/BV1Bz421k74u/?share_source=copy_web&vd_source=3fd5040fe25f6a00e19e6072bcccfa4e"
    },
    "groups": [
        {
            "name": "强攻手",
            "opers": [
                {
                    "name": "煌",
                    "skill": 2,
                    "skill_usage": 0
                },
                {
                    "name": "百炼嘉维尔",
                    "skill": 2,
                    "skill_usage": 1
                }
            ]
        },
        {
            "name": "守护者",
            "opers": [
                {
                    "name": "塞雷娅",
                    "skill": 1,
                    "skill_usage": 0
                },
                {
                    "name": "黍",
                    "skill": 1,
                    "skill_usage": 0
                },
                {
                    "name": "临光",
                    "skill": 1,
                    "skill_usage": 0
                },
                {
                    "name": "深律",
                    "skill": 1,
                    "skill_usage": 0
                },
                {
                    "name": "古米",
                    "skill": 1,
                    "skill_usage": 0
                }
            ]
        },
        {
            "name": "医疗",
            "opers": [
                {
                    "name": "纯烬艾雅法拉",
                    "skill": 1,
                    "skill_usage": 0
                },
                {
                    "name": "闪灵",
                    "skill": 2,
                    "skill_usage": 0
                },
                {
                    "name": "流明",
                    "skill": 3,
                    "skill_usage": 1
                },
                {
                    "name": "华法琳",
                    "skill": 1,
                    "skill_usage": 0
                },
                {
                    "name": "絮雨",
                    "skill": 2,
                    "skill_usage": 0
                },
                {
                    "name": "赫默",
                    "skill": 1,
                    "skill_usage": 1
                },
                {
                    "name": "苏苏洛",
                    "skill": 1,
                    "skill_usage": 1
                }
            ]
        },
        {
            "name": "铁卫",
            "opers": [
                {
                    "name": "星熊",
                    "skill": 2,
                    "skill_usage": 0
                },
                {
                    "name": "涤火杰西卡",
                    "skill": 1,
                    "skill_usage": 0
                },
                {
                    "name": "年",
                    "skill": 2,
                    "skill_usage": 1
                },
                {
                    "name": "蛇屠箱",
                    "skill": 2,
                    "skill_usage": 1
                },
                {
                    "name": "米格鲁",
                    "skill": 1,
                    "skill_usage": 1
                }
            ]
        },
        {
            "name": "速射手",
            "opers": [
                {
                    "name": "能天使",
                    "skill": 3,
                    "skill_usage": 0
                },
                {
                    "name": "空弦",
                    "skill": 3,
                    "skill_usage": 1
                },
                {
                    "name": "灰烬",
                    "skill": 2,
                    "skill_usage": 1
                },
                {
                    "name": "白金",
                    "skill": 2,
                    "skill_usage": 0
                },
                {
                    "name": "寒芒克洛丝",
                    "skill": 2,
                    "skill_usage": 1
                },
                {
                    "name": "隐现",
                    "skill": 2,
                    "skill_usage": 1
                },
                {
                    "name": "蓝毒",
                    "skill": 1,
                    "skill_usage": 0
                },
                {
                    "name": "克洛丝",
                    "skill": 1,
                    "skill_usage": 0
                }
            ]
        }
    ],
    "opers": [
        {
            "name": "浊心斯卡蒂",
            "skill": 2,
            "skill_usage": 0
        }
    ]
}