{
    "minimum_required": "v4.0.0",
    "stage_name": "act33side_mo01",
    "actions": [
        {
            "type": "Deploy",
            "name": "先锋",
            "location": [
                7,
                5
            ],
            "direction": "Right"
        },
        {
            "type": "Deploy",
            "name": "艾雅法拉",
            "location": [
                9,
                5
            ],
            "direction": "Up"
        },
        {
            "type": "Deploy",
            "name": "棘刺",
            "location": [
                10,
                3
            ],
            "direction": "Left"
        },
        {
            "type": "Deploy",
            "name": "煌",
            "location": [
                10,
                2
            ],
            "direction": "Left"
        },
        {
            "type": "SpeedUp"
        },
        {
            "type": "Deploy",
            "name": "纯烬艾雅法拉",
            "location": [
                8,
                5
            ],
            "direction": "Up"
        },
        {
            "type": "Deploy",
            "name": "澄闪",
            "location": [
                8,
                1
            ],
            "direction": "Down",
            "kills": 49
        },
        {
            "type": "Deploy",
            "name": "闪灵",
            "location": [
                9,
                1
            ],
            "direction": "Down"
        },
        {
            "type": "Deploy",
            "name": "伊芙利特",
            "location": [
                10,
                1
            ],
            "direction": "Down"
        },
        {
            "type": "SkillUsage",
            "name": "先锋",
            "skill_usage": 0
        },
        {
            "type": "SkillDaemon"
        }
    ],
    "doc": {
        "title": "BB-MO-1自用",
        "details": "统计日期：2024-05-03\n好评率：98.59%  浏览量：3366\n来源：15712599868  ID：36370\n德狗没模组的用桃子，不然会卡费\nJSON作者萨拉托加\n作业交流群545928846，如果作业有问题可以加群找我，评论区不能及时回复，还可以去群里蹲我的新作业"
    },
    "groups": [
        {
            "name": "先锋",
            "opers": [
                {
                    "name": "桃金娘",
                    "skill": 1,
                    "skill_usage": 1
                }
            ]
        }
    ],
    "opers": [
        {
            "name": "艾雅法拉",
            "skill": 2,
            "skill_usage": 0
        },
        {
            "name": "澄闪",
            "skill": 2,
            "skill_usage": 0
        },
        {
            "name": "纯烬艾雅法拉",
            "skill": 1,
            "skill_usage": 0
        },
        {
            "name": "棘刺",
            "skill": 3,
            "skill_usage": 1
        },
        {
            "name": "伊芙利特",
            "skill": 2,
            "skill_usage": 0
        },
        {
            "name": "煌",
            "skill": 2,
            "skill_usage": 0
        },
        {
            "name": "闪灵",
            "skill": 2,
            "skill_usage": 0
        }
    ]
}