{
    "minimum_required": "v4.0.0",
    "stage_name": "tough_11-03",
    "actions": [
        {
            "type": "SpeedUp"
        },
        {
            "type": "Deploy",
            "name": "拉普兰德",
            "location": [
                6,
                3
            ],
            "direction": "Down"
        },
        {
            "type": "Deploy",
            "name": "山",
            "location": [
                4,
                4
            ],
            "direction": "Up"
        },
        {
            "type": "Skill",
            "name": "海蒂",
            "location": [
                5,
                4
            ],
            "kills": 1
        },
        {
            "type": "Deploy",
            "name": "夜莺",
            "location": [
                5,
                5
            ],
            "direction": "Up"
        },
        {
            "type": "Deploy",
            "name": "塞雷娅",
            "location": [
                7,
                6
            ],
            "direction": "Left"
        },
        {
            "type": "Deploy",
            "name": "艾雅法拉",
            "location": [
                5,
                3
            ],
            "direction": "Left"
        },
        {
            "type": "SkillDaemon"
        }
    ],
    "doc": {
        "title": "第十一章 淬火尘霾 - 11-3（磨难） - 蒸汽升腾",
        "details": "作业更新日期: 2023-04-12T02:44:14Z\n统计更新日期: 2024-11-30\n好评率：94.17%  浏览量：7618\n来源：_ 蘿卜卜  ID：21887\nBV1cG411J7Mu\nup：萧然Q\n！标准和磨难地图不一样，务必确认难度！\n视频练度：260(?)\n已测试"
    },
    "groups": [],
    "opers": [
        {
            "name": "山",
            "skill": 2,
            "skill_usage": 2
        },
        {
            "name": "拉普兰德",
            "skill": 2,
            "skill_usage": 0
        },
        {
            "name": "塞雷娅",
            "skill": 1,
            "skill_usage": 0
        },
        {
            "name": "艾雅法拉",
            "skill": 2,
            "skill_usage": 0
        },
        {
            "name": "夜莺",
            "skill": 2,
            "skill_usage": 0
        }
    ]
}