{
    "minimum_required": "v4.0.0",
    "stage_name": "mem_deepcl_1",
    "actions": [
        {
            "type": "Deploy",
            "name": "深海色",
            "location": [
                7,
                2
            ],
            "direction": "Left"
        },
        {
            "type": "Deploy",
            "name": "触手",
            "location": [
                5,
                1
            ],
            "direction": "None"
        },
        {
            "type": "SpeedUp"
        },
        {
            "type": "Deploy",
            "name": "触手",
            "location": [
                6,
                3
            ],
            "direction": "None"
        },
        {
            "type": "Deploy",
            "name": "触手",
            "location": [
                1,
                3
            ],
            "direction": "None"
        },
        {
            "type": "Deploy",
            "name": "触手",
            "location": [
                4,
                2
            ],
            "direction": "None"
        },
        {
            "type": "Skill",
            "name": "深海色",
            "kills": 4
        }
    ],
    "doc": {
        "title": "辅助 - 深海色 - 战场绘图",
        "details": "——————————\n作业更新日期: 2023-07-02T07:11:54Z\n统计更新日期: 2025-07-29\n相对评分：100.0%  相对热度：100.0%\n来源：一只摆烂的42  ID：24390\n——————————\nhttps://www.bilibili.com/video/BV1114y1n7PC/\n练度精二1级 6级技能\n制作者：一只摆烂的42\n有问题联系QQ2586582719"
    },
    "groups": [],
    "opers": [
        {
            "name": "深海色",
            "skill": 1,
            "skill_usage": 0
        }
    ]
}