{
    "minimum_required": "v4.0.0",
    "stage_name": "main_09-04",
    "actions": [
        {
            "type": "SpeedUp"
        },
        {
            "type": "Deploy",
            "name": "号角",
            "location": [
                9,
                5
            ],
            "direction": "Left"
        },
        {
            "type": "Deploy",
            "name": "奶盾",
            "location": [
                7,
                5
            ],
            "direction": "Left"
        }
    ],
    "doc": {
        "title": "号角模组任务 - 9-5（标准） - 旧日新装",
        "details": "作业更新日期: 2024-10-20T00:22:56Z\n统计更新日期: 2024-11-23\n好评率：88.0%  浏览量：690\n来源：一只摆烂的42  ID：42287\n号角「旧日新装」模组任务\n由非助战号角累计造成100000点伤害\n3星通关主题曲9-5标准实战环境；必须编入非助战号角并上场，其他成员仅可编入4名干员\nUP：涂绘天菜\n原视频：https://www.bilibili.com/video/BV17m2AYhEPz/\n制作者：一只摆烂的42\n有问题联系QQ2586582719\n修改自用请删除我的QQ"
    },
    "groups": [
        {
            "name": "奶盾",
            "opers": [
                {
                    "name": "塞雷娅",
                    "skill": 1,
                    "skill_usage": 0
                },
                {
                    "name": "黍",
                    "skill": 1,
                    "skill_usage": 0
                },
                {
                    "name": "星熊",
                    "skill": 2,
                    "skill_usage": 0
                },
                {
                    "name": "瑕光",
                    "skill": 1,
                    "skill_usage": 0
                },
                {
                    "name": "临光",
                    "skill": 1,
                    "skill_usage": 0
                },
                {
                    "name": "古米",
                    "skill": 1,
                    "skill_usage": 0
                }
            ]
        }
    ],
    "opers": [
        {
            "name": "号角",
            "skill": 1,
            "skill_usage": 0
        }
    ],
    "difficulty": 0
}