{
    "minimum_required": "v4.0.0",
    "actions": [
        {
            "type": "SpeedUp"
        },
        {
            "type": "Deploy",
            "name": "煌",
            "location": [
                7,
                3
            ],
            "direction": "Left"
        },
        {
            "type": "Deploy",
            "name": "嵯峨",
            "location": [
                6,
                3
            ],
            "direction": "Left"
        },
        {
            "type": "Output",
            "doc_color": "#6f42c1",
            "doc": "给个好评吧，亲~"
        }
    ],
    "doc": {
        "title": "嵯峨模组摆完挂机-身向云泥",
        "details": "统计日期：2024-05-31\n好评率：100.0%  浏览量：551\n来源：作业代传——有问题联系原作者  ID：20861\n侬无言以对模组任务摆完挂机合集:BV1wU4y177Qu\n3星通关别传WR-1；必须编入非助战嵯峨并上场，其他成员仅可编入2名干员\n筱竹聽雨"
    },
    "groups": [],
    "opers": [
        {
            "name": "煌",
            "skill": 2,
            "skill_usage": 0
        },
        {
            "name": "嵯峨",
            "skill": 1,
            "skill_usage": 0
        }
    ],
    "stage_name": "act16d5_01"
}