{
    "minimum_required": "v4.0.0",
    "actions": [
        {
            "type": "SpeedUp"
        },
        {
            "type": "Deploy",
            "name": "百炼嘉维尔",
            "location": [
                7,
                2
            ],
            "direction": "Down"
        },
        {
            "type": "Deploy",
            "name": "絮雨",
            "location": [
                8,
                5
            ],
            "direction": "Up"
        },
        {
            "type": "Deploy",
            "name": "能天使",
            "location": [
                6,
                5
            ],
            "direction": "Left"
        },
        {
            "type": "SkillDaemon"
        }
    ],
    "doc": {
        "title": "絮雨模组摆完挂机-古朴的急救箱（修改自用）",
        "details": "统计日期：2024-05-31\n好评率：100.0%  浏览量：56\n来源：白羊47  ID：30806\n侬无言以对模组任务摆完挂机合集:BV1wU4y177Qu\n3星通关主题曲2-5；且仅可编入非助战絮雨1名医疗干员并上场\n筱竹聽雨（修改自用）"
    },
    "groups": [],
    "opers": [
        {
            "name": "百炼嘉维尔",
            "skill": 2,
            "skill_usage": 1
        },
        {
            "name": "能天使",
            "skill": 3,
            "skill_usage": 0
        },
        {
            "name": "絮雨",
            "skill": 1,
            "skill_usage": 0
        }
    ],
    "stage_name": "main_02-05"
}