{
    "minimum_required": "v4.0.0",
    "actions": [
        {
            "type": "SpeedUp"
        },
        {
            "type": "Deploy",
            "name": "煌",
            "location": [
                5,
                5
            ],
            "direction": "Right"
        },
        {
            "type": "Deploy",
            "name": "夜莺",
            "location": [
                7,
                4
            ],
            "direction": "Left"
        },
        {
            "type": "Deploy",
            "name": "黑键",
            "location": [
                6,
                4
            ],
            "direction": "Left"
        },
        {
            "type": "Output",
            "doc_color": "#6f42c1",
            "doc": "给个好评吧，亲~"
        }
    ],
    "doc": {
        "title": "黑键模组摆完挂机-“乐理阐释者”",
        "details": "作业更新日期: 2023-02-18T00:53:49Z\n统计更新日期: 2024-11-23\n好评率：42.86%  浏览量：280\n来源：作业代传——有问题联系原作者  ID：20883\n侬无言以对模组任务摆完挂机合集:BV1wU4y177Qu\n3星通关主题曲3-6；必须编入非助战黑键并上场，且使用黑键歼灭屠宰老手\n筱竹聽雨"
    },
    "groups": [],
    "opers": [
        {
            "name": "煌",
            "skill": 2,
            "skill_usage": 0
        },
        {
            "name": "夜莺",
            "skill": 2,
            "skill_usage": 0
        },
        {
            "name": "黑键",
            "skill": 1,
            "skill_usage": 0
        }
    ],
    "stage_name": "main_03-06"
}