{
  "minimum_required": "v4.0.0",
  "stage_name": "act23side_ex01",
  "actions": [
    {
      "type": "Deploy",
      "name": "能天使",
      "location": [
        5,
        5
      ],
      "direction": "Left"
    },
    {
      "type": "SpeedUp"
    },
    {
      "type": "Deploy",
      "name": "艾雅法拉",
      "location": [
        4,
        3
      ],
      "direction": "Left"
    },
    {
      "type": "Deploy",
      "name": "伊芙利特",
      "location": [
        5,
        4
      ],
      "direction": "Left"
    },
    {
      "type": "Deploy",
      "name": "温蒂",
      "location": [
        5,
        4
      ],
      "direction": "Left"
    },
    {
      "type": "SkillDaemon"
    }
  ],
  "doc": {
    "title": "登临意 - WB-EX-1 - 榜上有名",
    "details": "https://www.bilibili.com/video/BV1X34y1Z76R\nUP：命辰\n突袭可用 含刻章\nScript：luckyluke"
  },
  "groups": [],
  "opers": [
    {
      "name": "能天使",
      "skill": 3,
      "skill_usage": 0
    },
    {
      "name": "伊芙利特",
      "skill": 2,
      "skill_usage": 0
    },
    {
      "name": "艾雅法拉",
      "skill": 2,
      "skill_usage": 0
    },
    {
      "name": "温蒂",
      "skill": 1,
      "skill_usage": 0
    }
  ]
}