{
    "minimum_required": "v4.0.0",
    "stage_name": "mem_mberry_1",
    "actions": [
        {
            "type": "Deploy",
            "name": "桑葚",
            "location": [
                7,
                3
            ],
            "direction": "Left",
            "kills": 0
        },
        {
            "type": "Deploy",
            "name": "惊蛰",
            "location": [
                5,
                2
            ],
            "direction": "Left"
        },
        {
            "type": "Deploy",
            "name": "寒芒克洛丝",
            "location": [
                5,
                4
            ],
            "direction": "Left"
        },
        {
            "type": "Deploy",
            "name": "乌有",
            "location": [
                4,
                3
            ],
            "direction": "Left"
        },
        {
            "type": "SpeedUp",
            "kills": 0
        },
        {
            "type": "SkillUsage",
            "name": "乌有",
            "skill_usage": 2,
            "skill_times": 1
        },
        {
            "type": "Skill",
            "name": "桑葚",
            "kills": 1,
            "location": [
                7,
                3
            ]
        },
        {
            "type": "Skill",
            "name": "惊蛰",
            "location": [
                5,
                2
            ],
            "kills": 2,
            "rear_delay": 2000
        },
        {
            "type": "Skill",
            "name": "寒芒克洛丝",
            "location": [
                5,
                4
            ],
            "kills": 7
        },
        {
            "type": "Skill",
            "name": "桑葚",
            "location": [
                7,
                3
            ],
            "kills": 8
        },
        {
            "type": "Skill",
            "kills": 8,
            "name": "惊蛰",
            "location": [
                5,
                2
            ]
        },
        {
            "type": "SkillDaemon"
        }
    ],
    "doc": {
        "title": "桑葚 悖论模拟 同气连枝",
        "details": "——————————\n作业更新日期: 2024-03-11T17:29:37Z\n统计更新日期: 2025-07-29\n相对评分：100.0%  相对热度：100.0%\n来源：Kotor1  ID：34946\n——————————\nhttps://www.bilibili.com/video/BV168411A7Ns/ 原作业 \n50级7技能 测试了几次非常稳定，应该不会漏 "
    },
    "groups": [],
    "opers": [
        {
            "name": "桑葚",
            "skill": 2,
            "skill_usage": 0
        }
    ]
}