{
    "minimum_required": "v4.0",
    "doc": {
        "title": "煌需要精二60专3以上，羽毛笔精一60级以上即可",
        "details": ""
    },
    "stage_name": "DH-3",
    "opers": [
        {
            "name": "煌",
            "skill": 2,
            "skill_usage": 0
        },
        {
            "name": "羽毛笔",
            "skill": 1,
            "skill_usage": 0
        }
    ],
    "actions": [
        {
            "type": "二倍速",
            "name": ""
        },
        {
            "type": "部署",
            "name": "煌",
            "location": [
                4,
                5
            ],
            "direction": "上"
        },
        {
            "type": "部署",
            "name": "羽毛笔",
            "location": [
                2,
                3
            ],
            "direction": "上"
        },
        {
            "type": "摆完挂机",
            "name": ""
        }
    ]
}