{
    "minimum_required": "v4.0.0",
    "stage_name": "mem_huang_1",
    "actions": [
        {
            "type": "Deploy",
            "name": "煌",
            "location": [
                4,
                3
            ],
            "direction": "Right"
        },
        {
            "type": "SpeedUp"
        },
        {
            "type": "Deploy",
            "name": "芙蓉",
            "location": [
                4,
                5
            ],
            "direction": "Up"
        },
        {
            "type": "Skill",
            "name": "煌",
            "location": [
                4,
                3
            ],
            "cost_changes": 34
        },
        {
            "type": "Skill",
            "name": "煌",
            "location": [
                4,
                3
            ],
            "kills": 16
        },
        {
            "type": "Skill",
            "name": "煌",
            "location": [
                4,
                3
            ],
            "pre_delay": 25000
        },
        {
            "type": "SkillDaemon"
        }
    ],
    "doc": {
        "title": "近卫 - 煌 - 一夫当关",
        "details": "作业更新日期: 2024-12-28T14:05:03Z\n统计更新日期: 2025-02-01\n好评率：71.43%  浏览量：182\n来源：AKiSA  ID：45047\n测试练度:90级|7级技能|一级模组|2潜能\n视频练度:70级|7级技能|  无模组  |未知潜能\nhttps://www.bilibili.com/video/av631468245/"
    },
    "groups": [],
    "opers": [
        {
            "name": "煌",
            "skill": 3,
            "skill_usage": 0
        },
        {
            "name": "芙蓉",
            "skill": 1,
            "skill_usage": 0
        }
    ]
}