{
    "minimum_required": "v4.0.0",
    "stage_name": "mem_irene_1",
    "actions": [
        {
            "type": "SpeedUp"
        },
        {
            "type": "Deploy",
            "name": "艾丽妮",
            "location": [
                2,
                2
            ],
            "direction": "Right"
        },
        {
            "type": "Deploy",
            "name": "流明",
            "location": [
                2,
                1
            ],
            "direction": "Down"
        },
        {
            "type": "Skill",
            "name": "艾丽妮",
            "location": [
                2,
                2
            ],
            "kills": 7
        },
        {
            "type": "Skill",
            "name": "刻刀",
            "location": [
                3,
                1
            ],
            "costs": 26
        },
        {
            "type": "Skill",
            "name": "流明",
            "location": [
                2,
                1
            ],
            "costs": 60
        },
        {
            "type": "Skill",
            "name": "艾丽妮",
            "location": [
                2,
                2
            ],
            "costs": 77
        },
        {
            "type": "Skill",
            "name": "刻刀",
            "location": [
                3,
                1
            ],
            "kills": 40
        },
        {
            "type": "Skill",
            "name": "艾丽妮",
            "location": [
                2,
                2
            ],
            "kills": 44
        }
    ],
    "doc": {
        "title": "近卫 - 艾丽妮 - 细剑的重量 - 悖论模拟",
        "details": "作业更新日期: 2024-11-24T01:54:46Z\n统计更新日期: 2025-01-27\n好评率：93.33%  浏览量：416\n来源：CosDelta  ID：43901\n精二70级三技能7级无专精无模组供参考，参考链接 BV16z421k74t。\n复制链接MAA后，关闭“自动编队”和“战斗列表”勾选；游戏中画面调整到悖论模拟技能选择界面，保持三技能后有蓝色的“开始模拟”\n界面，然后选择MAA开始。\n优化：在艾丽妮第一次开启技能时，释放刻刀二技能补伤害，避免艾丽妮伤害不足暴毙。"
    },
    "groups": [],
    "opers": [
        {
            "name": "艾丽妮",
            "skill": 3,
            "skill_usage": 0
        },
        {
            "name": "流明",
            "skill": 3,
            "skill_usage": 0
        },
        {
            "name": "刻刀",
            "skill": 2,
            "skill_usage": 0
        }
    ]
}