{
    "minimum_required": "v4.0.0",
    "stage_name": "mem_nian_1",
    "actions": [
        {
            "type": "SpeedUp"
        },
        {
            "type": "Deploy",
            "name": "年",
            "location": [
                3,
                3
            ],
            "direction": "Right"
        },
        {
            "type": "Deploy",
            "name": "史都华德",
            "location": [
                2,
                2
            ],
            "direction": "Right"
        },
        {
            "type": "Skill",
            "location": [
                3,
                5
            ],
            "costs": 20
        },
        {
            "type": "Skill",
            "location": [
                3,
                1
            ],
            "costs": 24
        },
        {
            "type": "Deploy",
            "name": "炎熔",
            "location": [
                2,
                4
            ],
            "direction": "Right"
        },
        {
            "type": "Skill",
            "location": [
                3,
                3
            ],
            "costs": 8
        },
        {
            "type": "Skill",
            "location": [
                2,
                4
            ],
            "costs": 17
        },
        {
            "type": "Deploy",
            "name": "芙蓉",
            "location": [
                1,
                2
            ],
            "direction": "Right"
        },
        {
            "type": "Deploy",
            "name": "改良型二踢脚",
            "location": [
                7,
                3
            ],
            "direction": "None",
            "costs": 17
        },
        {
            "type": "Skill",
            "location": [
                3,
                5
            ],
            "costs": 30
        },
        {
            "type": "Deploy",
            "name": "改良型二踢脚",
            "location": [
                7,
                2
            ],
            "direction": "None"
        },
        {
            "type": "Deploy",
            "name": "改良型二踢脚",
            "location": [
                7,
                3
            ],
            "direction": "None",
            "costs": 43
        },
        {
            "type": "Deploy",
            "name": "改良型二踢脚",
            "location": [
                7,
                4
            ],
            "direction": "None",
            "costs": 58
        },
        {
            "type": "Deploy",
            "name": "改良型二踢脚",
            "location": [
                7,
                3
            ],
            "direction": "None",
            "costs": 83
        },
        {
            "type": "Skill",
            "location": [
                3,
                1
            ],
            "costs": 99
        },
        {
            "type": "Skill",
            "location": [
                3,
                3
            ]
        },
        {
            "type": "Skill",
            "location": [
                3,
                5
            ]
        },
        {
            "type": "Skill",
            "location": [
                2,
                4
            ]
        },
        {
            "type": "SkillDaemon"
        }
    ],
    "doc": {
        "title": "年 - 悖论模拟 - 重装 - 年 - “除夕”",
        "details": "——————————\n作业更新日期: 2025-05-04T02:22:07Z\n统计更新日期: 2025-06-17\n好评率：95.65%  浏览量：928\n来源：焕彩gg  ID：52226\n——————————\nhttps://www.bilibili.com/video/BV1G3411h7VU/?spm_id_from=333.337.search-card.all.click&vd_source=e1c35ba84af40f6e26ba29e2228661f2"
    },
    "groups": [],
    "opers": [
        {
            "name": "年",
            "skill": 3,
            "skill_usage": 0
        },
        {
            "name": "炎熔",
            "skill": 1,
            "skill_usage": 0
        },
        {
            "name": "芙蓉",
            "skill": 1,
            "skill_usage": 0
        },
        {
            "name": "史都华德",
            "skill": 1,
            "skill_usage": 0
        }
    ]
}