{
    "minimum_required": "v4.10.0",
    "doc": {
        "title": "WB-3",
        "details": "up：猫猬兽-\n作者：碎蜂"
    },
    "stage_name": "act23side_03",
    "opers": [
        {
            "name": "山",
            "skill": 2,
            "skill_usage": 2
        },
        {
            "name": "艾雅法拉",
            "skill": 2,
            "skill_usage": 0
        }
    ],
    "actions": [
        {
      "type": "SpeedUp",
      "doc_color": "DarkCyan",
      "doc": "up：猫猬兽- \n作者：碎蜂"
    },
        {
            "type": "部署",
            "name": "山",
            "location": [
                8,
                2
            ],
            "direction": "下"
        },
        {
            "type": "部署",
            "name": "艾雅法拉",
            "location": [
                2,
                4
            ],
            "direction": "下"
        },
        {
      "type": "SkillDaemon"
    }
    ]
}