{
    "minimum_required": "v4.0.0",
    "stage_name": "main_15-18",
    "actions": [
        {
            "type": "Deploy",
            "name": "桃金娘",
            "location": [
                11,
                3
            ],
            "direction": "Down"
        },
        {
            "type": "Deploy",
            "name": "山",
            "location": [
                9,
                6
            ],
            "direction": "Left"
        },
        {
            "type": "SpeedUp"
        },
        {
            "type": "Deploy",
            "name": "歌蕾蒂娅",
            "location": [
                11,
                2
            ],
            "direction": "Down"
        },
        {
            "type": "Deploy",
            "name": "塑心",
            "location": [
                4,
                5
            ],
            "direction": "Left",
            "costs": 30
        },
        {
            "type": "Deploy",
            "name": "纯烬艾雅法拉",
            "location": [
                7,
                4
            ],
            "direction": "Right"
        },
        {
            "type": "Deploy",
            "name": "艾雅法拉",
            "location": [
                10,
                5
            ],
            "direction": "Up"
        },
        {
            "type": "Deploy",
            "name": "逻各斯",
            "location": [
                8,
                5
            ],
            "direction": "Right"
        },
        {
            "type": "Deploy",
            "name": "夜莺",
            "location": [
                7,
                5
            ],
            "direction": "Right"
        },
        {
            "type": "Skill",
            "location": [
                8,
                3
            ]
        },
        {
            "type": "Retreat",
            "name": "桃金娘",
            "costs": 30
        },
        {
            "type": "Deploy",
            "name": "棘刺",
            "location": [
                10,
                6
            ],
            "direction": "Left"
        },
        {
            "type": "SkillDaemon"
        }
    ],
    "doc": {
        "title": "第十五章 - 15-20 险地+沙盒",
        "details": "——————————\n作业更新日期: 2025-04-09T03:51:34Z\n统计更新日期: 2025-06-11\n好评率：98.25%  浏览量：11287\n来源：Chiho  ID：49796\n——————————\n\nup:幽幽子幽幽\nlink:【【明日方舟】磨难15-20 摆完挂机】 https://www.bilibili.com/video/BV1WxRUYQEEF/?share_source=copy_web&vd_source=dcc7ddeba31e59bccd51d29a07ff1565\n沙盒tag都选左\n练度大概精二803 德克萨斯要有1级模组"
    },
    "groups": [],
    "opers": [
        {
            "name": "棘刺",
            "skill": 3,
            "skill_usage": 1
        },
        {
            "name": "艾雅法拉",
            "skill": 2,
            "skill_usage": 0
        },
        {
            "name": "纯烬艾雅法拉",
            "skill": 1,
            "skill_usage": 0
        },
        {
            "name": "山",
            "skill": 2,
            "skill_usage": 2,
            "skill_times": 1
        },
        {
            "name": "逻各斯",
            "skill": 1,
            "skill_usage": 0
        },
        {
            "name": "塑心",
            "skill": 1,
            "skill_usage": 0
        },
        {
            "name": "夜莺",
            "skill": 2,
            "skill_usage": 0
        },
        {
            "name": "歌蕾蒂娅",
            "skill": 1,
            "skill_usage": 0
        },
        {
            "name": "桃金娘",
            "skill": 1,
            "skill_usage": 1
        },
        {
            "name": "德克萨斯",
            "skill": 1,
            "skill_usage": 0
        }
    ],
    "difficulty": 0
}