{
    "minimum_required": "v4.0.0",
    "stage_name": "main_15-02",
    "actions": [
        {
            "type": "Deploy",
            "name": "拉普兰德",
            "location": [
                7,
                4
            ],
            "direction": "Up"
        },
        {
            "type": "Deploy",
            "name": "煌",
            "location": [
                6,
                5
            ],
            "direction": "Left"
        },
        {
            "type": "Deploy",
            "name": "塞雷娅",
            "location": [
                7,
                3
            ],
            "direction": "Up"
        },
        {
            "type": "SpeedUp"
        },
        {
            "type": "SkillDaemon"
        }
    ],
    "doc": {
        "title": "第十五章 - 15-3 险地+沙盘",
        "details": "——————————\n作业更新日期: 2025-04-08T00:49:57Z\n统计更新日期: 2025-06-11\n好评率：99.33%  浏览量：47968\n来源：萨拉托加  ID：49613\n——————————\n\n沙盘模式1级选第一个，2级选第二个\n原作者萧然Q json作者：萨拉托加\n作业交流群群号1009052305，可蹲作业，有问题进群找我，作业站消息没提醒看不到\n【【离解复合】15章主线磨难/沙盘推演全关卡 摆完挂机 简单好抄】 https://www.bilibili.com/video/BV1wsR2Y1Eis/?share_source=copy_web&vd_source=3fd5040fe25f6a00e19e6072bcccfa4e"
    },
    "groups": [],
    "opers": [
        {
            "name": "煌",
            "skill": 2,
            "skill_usage": 0
        },
        {
            "name": "塞雷娅",
            "skill": 2,
            "skill_usage": 0
        },
        {
            "name": "拉普兰德",
            "skill": 2,
            "skill_usage": 0
        }
    ],
    "difficulty": 0
}