{
    "minimum_required": "v4.0.0",
    "stage_name": "main_15-06",
    "actions": [
        {
            "type": "Deploy",
            "name": "古米",
            "location": [
                7,
                2
            ],
            "direction": "Right"
        },
        {
            "type": "SpeedUp"
        },
        {
            "type": "Deploy",
            "name": "芬",
            "location": [
                8,
                4
            ],
            "direction": "Down"
        },
        {
            "type": "Deploy",
            "name": "维什戴尔",
            "location": [
                6,
                3
            ],
            "direction": "Right"
        },
        {
            "type": "Skill",
            "name": "维什戴尔",
            "location": [
                6,
                3
            ],
            "kills": 4
        },
        {
            "type": "Deploy",
            "name": "奶盾",
            "location": [
                8,
                6
            ],
            "direction": "Left"
        },
        {
            "type": "Retreat",
            "location": [
                7,
                4
            ]
        },
        {
            "type": "Deploy",
            "name": "玛恩纳",
            "location": [
                7,
                4
            ],
            "direction": "Right"
        },
        {
            "type": "Skill",
            "location": [
                7,
                4
            ],
            "costs": 60
        },
        {
            "type": "Deploy",
            "kills": 14,
            "pre_delay": 2000,
            "name": "夜刀",
            "location": [
                3,
                6
            ],
            "direction": "Up"
        },
        {
            "type": "Skill",
            "location": [
                6,
                3
            ]
        },
        {
            "type": "Skill",
            "location": [
                6,
                3
            ],
            "kills": 17
        },
        {
            "type": "Skill",
            "location": [
                7,
                4
            ],
            "kills": 19,
            "pre_delay": 5000
        },
        {
            "type": "SkillUsage",
            "name": "维什戴尔",
            "skill_usage": 2,
            "skill_times": 1
        },
        {
            "type": "SkillDaemon"
        }
    ],
    "doc": {
        "title": "第十五章 - 15-7 险地+沙盘",
        "details": "——————————\n作业更新日期: 2025-04-11T04:57:33Z\n统计更新日期: 2025-06-11\n好评率：100.0%  浏览量：1961\n来源：焕彩gg  ID：49919\n——————————\n\nB站ID：焕彩GG 主页：https://space.bilibili.com/10123796\n求关注。\n沙盘选1和1"
    },
    "groups": [
        {
            "name": "奶盾",
            "opers": [
                {
                    "name": "黍",
                    "skill": 1,
                    "skill_usage": 0
                },
                {
                    "name": "塞雷娅",
                    "skill": 1,
                    "skill_usage": 0
                }
            ]
        }
    ],
    "opers": [
        {
            "name": "古米",
            "skill": 1,
            "skill_usage": 0
        },
        {
            "name": "芬",
            "skill": 1,
            "skill_usage": 0
        },
        {
            "name": "维什戴尔",
            "skill": 3,
            "skill_usage": 0
        },
        {
            "name": "夜刀",
            "skill": 1,
            "skill_usage": 0
        },
        {
            "name": "玛恩纳",
            "skill": 3,
            "skill_usage": 0
        }
    ],
    "difficulty": 0
}