{
    "actions": [
        {
            "type": "部署",
            "name": "蓝毒",
            "direction": "左",
            "location": [
                6,
                5
            ]
        },
        {
            "type": "部署",
            "name": "灰喉",
            "location": [
                4,
                3
            ],
            "direction": "左"
        },
        {
            "type": "部署",
            "location": [
                6,
                3
            ],
            "direction": "左",
            "name": "夜莺"
        },
        {
            "type": "二倍速"
        },
        {
            "type": "部署",
            "kills": 1,
            "name": "石棉",
            "location": [
                6,
                2
            ],
            "direction": "左"
        },
        {
            "type": "部署",
            "kills": 5,
            "name": "幻影",
            "location": [
                4,
                4
            ],
            "direction": "左"
        },
        {
            "type": "技能",
            "kills": 8,
            "name": "夜莺",
            "location": [
                6,
                3
            ]
        },
        {
            "type": "部署",
            "name": "幻影",
            "location": [
                4,
                2
            ]
        },
        {
            "type": "技能",
            "name": "蓝毒",
            "location": [
                6,
                5
            ]
        },
        {
            "type": "技能",
            "name": "白金",
            "location": [
                6,
                1
            ]
        },
        {
            "type": "技能",
            "kills": 19,
            "name": "灰喉",
            "location": [
                4,
                3
            ]
        },
        {
            "type": "技能",
            "kills": 27,
            "name": "蓝毒",
            "location": [
                6,
                5
            ]
        },
        {
            "type": "技能",
            "name": "白金",
            "location": [
                6,
                1
            ]
        },
        {
            "type": "技能",
            "kills": 37,
            "name": "灰喉",
            "location": [
                4,
                3
            ]
        },
        {
            "kills": 52,
            "type": "技能",
            "name": "灰喉",
            "location": [
                4,
                3
            ]
        },
        {
            "type": "技能",
            "name": "夜莺",
            "location": [
                6,
                3
            ]
        },
        {
            "type": "技能",
            "name": "白金",
            "location": [
                6,
                1
            ],
            "kills": 55
        },
        {
            "type": "技能",
            "name": "蓝毒",
            "location": [
                6,
                5
            ]
        }
    ],
    "stage_name": "mem_cgbird_1",
    "doc": {
        "title": "夜莺悖论模拟",
        "details": "统计日期：2024-05-17\n好评率：90.7%  浏览量：3717\n来源：作业代传——有问题联系原作者  ID：22753\n作者：雪\n测试干员：夜莺 精2 70级 三技能专三 1模"
    },
    "opers": [
        {
            "name": "夜莺",
            "skill": 3
        }
    ],
    "minimum_required": "v4.0.0"
}