{
    "minimum_required": "v4.0.0",
    "doc": {
        "title": "【生于黑夜】DM-7三人",
        "details": "统计日期：2024-05-02\n好评率：92.59%  浏览量：521\nUP主：萧然Q\n原视频：https://www.bilibili.com/video/av587327412?p=7\n有问题联系制作者QQ2586582719"
    },
    "stage_name": "act9d0_07",
    "opers": [
        {
            "name": "艾雅法拉",
            "skill": 2,
            "skill_usage": 0
        },
        {
            "name": "银灰",
            "skill": 3,
            "skill_usage": 0
        },
        {
            "name": "塞雷娅",
            "skill": 2,
            "skill_usage": 0
        }
    ],
    "actions": [
        {
            "type": "二倍速",
            "name": ""
        },
        {
            "type": "部署",
            "name": "塞雷娅",
            "location": [
                6,
                1
            ],
            "direction": "左"
        },
        {
            "type": "部署",
            "name": "艾雅法拉",
            "location": [
                7,
                2
            ],
            "direction": "左"
        },
        {
            "type": "部署",
            "name": "银灰",
            "location": [
                8,
                2
            ],
            "direction": "左"
        },
        {
            "type": "技能",
            "kills": 26,
            "name": "银灰",
            "pre_delay": 500
        },
        {
            "type": "打印",
            "name": "",
            "doc": "有问题联系制作者QQ2586582719",
            "doc_color": "SpringGreen"
        }
    ]
}