{
    "minimum_required": "v4.0.0",
    "actions": [
        {
            "type": "SpeedUp"
        },
        {
            "type": "Deploy",
            "name": "风笛",
            "location": [
                8,
                2
            ],
            "direction": "Left"
        },
        {
            "type": "Deploy",
            "name": "推进之王",
            "location": [
                8,
                5
            ],
            "direction": "Left"
        },
        {
            "type": "Deploy",
            "name": "W",
            "location": [
                6,
                1
            ],
            "direction": "Left"
        },
        {
            "type": "Output",
            "doc_color": "#6f42c1",
            "doc": "给个好评吧，亲~"
        }
    ],
    "doc": {
        "title": "W模组摆完挂机-佣兵的行囊",
        "details": "统计日期：2024-05-03\n好评率：100.0%  浏览量：302\n来源：作业代传——有问题联系原作者  ID：20837\n侬无言以对模组任务摆完挂机合集:BV1wU4y177Qu\n3星通关插曲DM-3；必须编入非助战W并上场，且使用W歼灭至少2个萨卡兹穿刺手\n筱竹聽雨"
    },
    "groups": [],
    "opers": [
        {
            "name": "推进之王",
            "skill": 2,
            "skill_usage": 0
        },
        {
            "name": "风笛",
            "skill": 2,
            "skill_usage": 0
        },
        {
            "name": "W",
            "skill": 2,
            "skill_usage": 0
        }
    ],
    "stage_name": "act9d0_03"
}