{
    "minimum_required": "v4.0.0",
    "actions": [
        {
            "type": "SpeedUp"
        },
        {
            "type": "Deploy",
            "name": "傀影",
            "location": [
                5,
                3
            ],
            "direction": "Right"
        },
        {
            "type": "Deploy",
            "name": "纯烬艾雅法拉",
            "location": [
                7,
                4
            ],
            "direction": "Left"
        },
        {
            "type": "Deploy",
            "name": "百炼嘉维尔",
            "location": [
                5,
                5
            ],
            "direction": "Left"
        },
        {
            "type": "SkillDaemon"
        }
    ],
    "doc": {
        "title": "傀影模组摆完挂机-克里斯汀小姐的毛毡（修改自用）",
        "details": "统计日期：2024-05-02\n好评率：100.0%  浏览量：88\n侬无言以对模组任务摆完挂机合集:BV1wU4y177Qu\n3星通关主题曲3-6；必须编入非助战傀影并上场，且使用傀影至少歼灭6个隐形术师\n筱竹聽雨"
    },
    "groups": [],
    "opers": [
        {
            "name": "傀影",
            "skill": 2,
            "skill_usage": 0
        },
        {
            "name": "百炼嘉维尔",
            "skill": 2,
            "skill_usage": 1
        },
        {
            "name": "纯烬艾雅法拉",
            "skill": 1,
            "skill_usage": 0
        }
    ],
    "stage_name": "main_03-06"
}