{
    "minimum_required": "v4.0.0",
    "stage_name": "main_11-06",
    "actions": [
        {
            "type": "SpeedUp"
        },
        {
            "type": "Deploy",
            "name": "泥岩",
            "location": [
                5,
                5
            ],
            "direction": "Right"
        },
        {
            "type": "Deploy",
            "name": "医疗",
            "location": [
                2,
                2
            ],
            "direction": "Right"
        },
        {
            "type": "Deploy",
            "name": "山",
            "location": [
                5,
                1
            ],
            "direction": "Down"
        },
        {
            "type": "Skill",
            "name": "山",
            "location": [
                5,
                1
            ],
            "pre_delay": 5000
        },
        {
            "type": "Deploy",
            "name": "骗屎",
            "location": [
                8,
                3
            ],
            "direction": "Up",
            "costs": 30
        },
        {
            "type": "Deploy",
            "name": "卡达",
            "location": [
                10,
                5
            ],
            "direction": "Up"
        },
        {
            "type": "Deploy",
            "name": "THRM-EX",
            "location": [
                10,
                1
            ],
            "direction": "Up",
            "pre_delay": 10000
        },
        {
            "type": "SkillDaemon"
        }
    ],
    "doc": {
        "title": "第十一章 淬火尘霾 - 11-7（标准）【卡达模组任务】大菲林脱敏实验",
        "details": "统计日期：2024-05-02\n好评率：44.44%  浏览量：124\n卡达模组任务：大菲林脱敏实验\n任务要求：3星通关主题曲11-7标准实战环境;必须编入非助战卡达并上场，且使用卡达歼灭至少1名食腐使徒\n练度：六星2903，卡达不能低"
    },
    "groups": [
        {
            "name": "医疗",
            "opers": [
                {
                    "name": "纯烬艾雅法拉",
                    "skill": 1,
                    "skill_usage": 0
                },
                {
                    "name": "华法琳",
                    "skill": 1,
                    "skill_usage": 0
                },
                {
                    "name": "闪灵",
                    "skill": 2,
                    "skill_usage": 0
                },
                {
                    "name": "芙蓉",
                    "skill": 1,
                    "skill_usage": 0
                }
            ]
        },
        {
            "name": "骗屎",
            "opers": [
                {
                    "name": "砾",
                    "skill": 2,
                    "skill_usage": 0
                },
                {
                    "name": "红",
                    "skill": 1,
                    "skill_usage": 0
                },
                {
                    "name": "缄默德克萨斯",
                    "skill": 3,
                    "skill_usage": 0
                },
                {
                    "name": "傀影",
                    "skill": 1,
                    "skill_usage": 0
                }
            ]
        }
    ],
    "opers": [
        {
            "name": "泥岩",
            "skill": 2,
            "skill_usage": 0
        },
        {
            "name": "卡达",
            "skill": 2,
            "skill_usage": 1
        },
        {
            "name": "山",
            "skill": 2,
            "skill_usage": 0
        },
        {
            "name": "THRM-EX",
            "skill": 1,
            "skill_usage": 0
        }
    ]
}