{
    "minimum_required": "v4.0.0",
    "actions": [
        {
            "type": "SpeedUp"
        },
        {
            "type": "Deploy",
            "name": "煌",
            "location": [
                7,
                1
            ],
            "direction": "Down"
        },
        {
            "type": "Deploy",
            "name": "古米",
            "location": [
                8,
                2
            ],
            "direction": "Left"
        },
        {
            "type": "Output",
            "doc_color": "#6f42c1",
            "doc": "给个好评吧，亲~"
        }
    ],
    "doc": {
        "title": "古米模组摆完挂机-蜜糖馅饼礼包",
        "details": "统计日期：2024-05-03\n好评率：100.0%  浏览量：153\n来源：作业代传——有问题联系原作者  ID：20876\n侬无言以对模组任务摆完挂机合集:BV1wU4y177Qu\n3星通关主题曲4-2；必须编入非助战古米并上场，且不编入其他重装干员\n筱竹聽雨"
    },
    "groups": [],
    "opers": [
        {
            "name": "煌",
            "skill": 2,
            "skill_usage": 0
        },
        {
            "name": "古米",
            "skill": 1,
            "skill_usage": 0
        }
    ],
    "stage_name": "main_04-02"
}