{
    "minimum_required": "v4.0.0",
    "actions": [
        {
            "type": "SpeedUp"
        },
        {
            "type": "Deploy",
            "name": "煌",
            "location": [
                4,
                4
            ],
            "direction": "Up"
        },
        {
            "type": "Deploy",
            "name": "嘉维尔",
            "location": [
                3,
                5
            ],
            "direction": "Right"
        },
        {
            "type": "Deploy",
            "name": "艾雅法拉",
            "location": [
                5,
                5
            ],
            "direction": "Left"
        },
        {
            "type": "SkillDaemon"
        },
        {
            "type": "Output",
            "doc_color": "#6f42c1",
            "doc": "给个好评吧，亲~"
        }
    ],
    "doc": {
        "title": "嘉维尔模组摆完挂机-“请遵医嘱”",
        "details": "统计日期：2024-05-05\n好评率：100.0%  浏览量：112\n来源：作业代传——有问题联系原作者  ID：20897\n侬无言以对模组任务摆完挂机合集:BV1wU4y177Qu\n3星通关主题曲S4-5；必须编入非助战嘉维尔并上场，且使用2次活力再生·广域\n筱竹聽雨"
    },
    "groups": [],
    "opers": [
        {
            "name": "艾雅法拉",
            "skill": 2,
            "skill_usage": 0
        },
        {
            "name": "煌",
            "skill": 2,
            "skill_usage": 0
        },
        {
            "name": "嘉维尔",
            "skill": 2,
            "skill_usage": 1
        }
    ],
    "stage_name": "sub_04-2-2"
}