{
    "minimum_required": "v4.0.0",
    "actions": [
        {
            "type": "SpeedUp"
        },
        {
            "type": "Deploy",
            "name": "推进之王",
            "location": [
                6,
                5
            ],
            "direction": "Right"
        },
        {
            "type": "Deploy",
            "name": "桃金娘",
            "location": [
                5,
                5
            ],
            "direction": "Left"
        },
        {
            "type": "Deploy",
            "name": "能天使",
            "location": [
                8,
                1
            ],
            "direction": "Down"
        },
        {
            "type": "Deploy",
            "name": "地灵",
            "location": [
                8,
                2
            ],
            "direction": "Down"
        },
        {
            "type": "Output",
            "doc_color": "#6f42c1",
            "doc": "给个好评吧，亲~"
        }
    ],
    "doc": {
        "title": "地灵模组摆完挂机-待确认的申请表",
        "details": "统计日期：2024-05-02\n好评率：100.0%  浏览量：41\n侬无言以对模组任务摆完挂机合集:BV1wU4y177Qu\n3星通关插曲DM-2；必须编入非助战地灵并上场，其他成员仅可编入先锋与狙击干员\n筱竹聽雨"
    },
    "groups": [],
    "opers": [
        {
            "name": "能天使",
            "skill": 1,
            "skill_usage": 0
        },
        {
            "name": "推进之王",
            "skill": 2,
            "skill_usage": 0
        },
        {
            "name": "桃金娘",
            "skill": 1,
            "skill_usage": 0
        },
        {
            "name": "地灵",
            "skill": 1,
            "skill_usage": 0
        }
    ],
    "stage_name": "act9d0_02"
}