{
    "minimum_required": "v4.0.0",
    "actions": [
        {
            "type": "SpeedUp"
        },
        {
            "type": "Deploy",
            "name": "煌",
            "location": [
                7,
                2
            ],
            "direction": "Down"
        },
        {
            "type": "Deploy",
            "name": "子月",
            "location": [
                2,
                2
            ],
            "direction": "Right"
        },
        {
            "type": "Deploy",
            "name": "Lancet-2",
            "location": [
                8,
                1
            ],
            "direction": "Left"
        },
        {
            "type": "Output",
            "doc_color": "#6f42c1",
            "doc": "给个好评吧，亲~"
        }
    ],
    "doc": {
        "title": "子月模组摆完挂机-“移动的窝”",
        "details": "统计日期：2024-05-03\n好评率：100.0%  浏览量：103\n来源：作业代传——有问题联系原作者  ID：21002\n侬无言以对模组任务摆完挂机合集:BV1wU4y177Qu\n3星通关主题曲2-5；必须编入非助战子月并上场，且使用子月歼灭至少2个高阶术师\n筱竹聽雨"
    },
    "groups": [],
    "opers": [
        {
            "name": "子月",
            "skill": 1,
            "skill_usage": 0
        },
        {
            "name": "煌",
            "skill": 2,
            "skill_usage": 0
        },
        {
            "name": "Lancet-2",
            "skill": 1,
            "skill_usage": 0
        }
    ],
    "stage_name": "main_02-05"
}