{
    "minimum_required": "v4.0.0",
    "actions": [
        {
            "type": "SpeedUp"
        },
        {
            "type": "Deploy",
            "name": "能天使",
            "location": [
                7,
                5
            ],
            "direction": "Left"
        },
        {
            "type": "Deploy",
            "name": "宴",
            "location": [
                6,
                6
            ],
            "direction": "Up"
        },
        {
            "type": "Output",
            "doc_color": "#6f42c1",
            "doc": "给个好评吧，亲~"
        }
    ],
    "doc": {
        "title": "宴模组摆完挂机-翻盖手机",
        "details": "统计日期：2024-05-03\n好评率：92.31%  浏览量：93\n来源：作业代传——有问题联系原作者  ID：20986\n侬无言以对模组任务摆完挂机合集:BV1wU4y177Qu\n3星通关主题曲1-12；必须编入非助战宴并上场，其他成员不可编入近卫干员\n筱竹聽雨"
    },
    "groups": [],
    "opers": [
        {
            "name": "能天使",
            "skill": 1,
            "skill_usage": 0
        },
        {
            "name": "宴",
            "skill": 1,
            "skill_usage": 0
        }
    ],
    "stage_name": "main_01-12"
}