{
    "minimum_required": "v4.0.0",
    "actions": [
        {
            "type": "SpeedUp"
        },
        {
            "type": "Deploy",
            "name": "崖心",
            "location": [
                2,
                3
            ],
            "direction": "Down"
        },
        {
            "type": "Deploy",
            "name": "塞雷娅",
            "location": [
                1,
                5
            ],
            "direction": "Right"
        },
        {
            "type": "Deploy",
            "name": "泥岩",
            "location": [
                5,
                6
            ],
            "direction": "Right"
        },
        {
            "type": "Output",
            "doc_color": "#6f42c1",
            "doc": "给个好评吧，亲~"
        }
    ],
    "doc": {
        "title": "崖心模组摆完挂机-“凌绝顶”",
        "details": "统计日期：2024-05-02\n好评率：66.67%  浏览量：167\n侬无言以对模组任务摆完挂机合集:BV1wU4y177Qu\n3星通关别传MN-4；必须编入非助战崖心并上场，且不编入其他特种干员\n筱竹聽雨"
    },
    "groups": [],
    "opers": [
        {
            "name": "塞雷娅",
            "skill": 2,
            "skill_usage": 0
        },
        {
            "name": "泥岩",
            "skill": 2,
            "skill_usage": 0
        },
        {
            "name": "崖心",
            "skill": 1,
            "skill_usage": 0
        }
    ],
    "stage_name": "act13d5_04"
}