{
    "minimum_required": "v4.0.0",
    "stage_name": "sub_06-1-2",
    "actions": [
        {
            "type": "Deploy",
            "name": "能天使",
            "location": [
                3,
                6
            ],
            "direction": "Up",
            "costs": 15
        },
        {
            "type": "Deploy",
            "name": "泥岩",
            "location": [
                3,
                4
            ],
            "direction": "Up"
        },
        {
            "type": "SpeedUp"
        },
        {
            "type": "Deploy",
            "name": "年",
            "location": [
                4,
                5
            ],
            "direction": "Right"
        },
        {
            "type": "Skill",
            "name": "年",
            "kills": 43
        },
        {
            "type": "SkillDaemon"
        }
    ],
    "doc": {
        "title": "第六章 局部坏死 - S6-2 - 凝结-2 年模组“请勿叩门”解锁任务",
        "details": "统计日期：2024-05-03\n好评率：100.0%  浏览量：451\n来源：萨拉托加  ID：29037\n年模组任务“请勿叩门”，练度精二60级除年专三\n条件：3星通关主题曲S6-2；必须编入非助战年并上场，且所有干员不被击倒\n【【明日方舟】年第二模组任务摆完挂机】 https://www.bilibili.com/video/BV1EM411N7MN/?share_source=copy_web&vd_source=3fd5040fe25f6a00e19e6072bcccfa4e"
    },
    "groups": [],
    "opers": [
        {
            "name": "年",
            "skill": 3,
            "skill_usage": 0
        },
        {
            "name": "能天使",
            "skill": 3,
            "skill_usage": 0
        },
        {
            "name": "泥岩",
            "skill": 2,
            "skill_usage": 0
        }
    ]
}