{
    "minimum_required": "v4.0.0",
    "stage_name": "act17side_ex01",
    "actions": [
        {
            "type": "SpeedUp"
        },
        {
            "type": "Deploy",
            "name": "幽灵鲨",
            "location": [
                3,
                1
            ],
            "direction": "Right"
        },
        {
            "type": "Deploy",
            "name": "拉普兰德",
            "location": [
                2,
                1
            ],
            "direction": "Up"
        },
        {
            "type": "Deploy",
            "name": "元素奶",
            "location": [
                2,
                2
            ],
            "direction": "Up"
        },
        {
            "type": "SkillDaemon"
        }
    ],
    "doc": {
        "title": "【模组任务】SN-EX-1 幽灵鲨 幽明烛光 摆完挂机",
        "details": "统计日期：2024-05-02\n好评率：66.67%  浏览量：517\n攻略：https://www.bilibili.com/video/BV1pu411H71V\n\n【注意！！！】迷你去污套组选蓝色（溟痕·毒性中和），其他选红色！！！\n\n全员260，如果有问题请在评论区反馈"
    },
    "groups": [
        {
            "name": "元素奶",
            "opers": [
                {
                    "name": "纯烬艾雅法拉",
                    "skill": 1,
                    "skill_usage": 0
                },
                {
                    "name": "蜜莓",
                    "skill": 1,
                    "skill_usage": 0
                }
            ]
        }
    ],
    "opers": [
        {
            "name": "幽灵鲨",
            "skill": 2,
            "skill_usage": 0
        },
        {
            "name": "拉普兰德",
            "skill": 2,
            "skill_usage": 0
        }
    ]
}