{
    "minimum_required": "v4.0.0",
    "actions": [
        {
            "type": "SpeedUp"
        },
        {
            "type": "Deploy",
            "name": "星熊",
            "location": [
                5,
                3
            ],
            "direction": "Up"
        },
        {
            "type": "Deploy",
            "name": "惊蛰",
            "location": [
                7,
                2
            ],
            "direction": "Left"
        },
        {
            "type": "Deploy",
            "name": "泥岩",
            "location": [
                4,
                3
            ],
            "direction": "Left"
        },
        {
            "type": "Skill",
            "name": "惊蛰",
            "kills": 65
        },
        {
            "type": "Output",
            "doc_color": "#6f42c1",
            "doc": "给个好评吧，亲~"
        }
    ],
    "doc": {
        "title": "惊蛰模组摆完挂机-“天地通明”",
        "details": "统计日期：2024-05-03\n好评率：100.0%  浏览量：43\n来源：作业代传——有问题联系原作者  ID：20904\n侬无言以对模组任务摆完挂机合集:BV1wU4y177Qu\n3星通关主题曲S3-6；必须编入非助战惊蛰并上场，且使用惊蛰至少歼灭1个屠夫\n筱竹聽雨"
    },
    "groups": [],
    "opers": [
        {
            "name": "星熊",
            "skill": 2,
            "skill_usage": 0
        },
        {
            "name": "泥岩",
            "skill": 2,
            "skill_usage": 0
        },
        {
            "name": "惊蛰",
            "skill": 2,
            "skill_usage": 0
        }
    ],
    "stage_name": "sub_03-3-1"
}