{
    "minimum_required": "v4.0.0",
    "stage_name": "main_04-07",
    "actions": [
        {
            "type": "Deploy",
            "name": "拉普兰德",
            "location": [
                1,
                3
            ],
            "direction": "Right"
        },
        {
            "type": "SpeedUp"
        },
        {
            "type": "Deploy",
            "name": "风笛",
            "location": [
                2,
                4
            ],
            "direction": "Right"
        },
        {
            "type": "Deploy",
            "name": "塞雷娅",
            "location": [
                2,
                3
            ],
            "direction": "Right"
        },
        {
            "type": "Deploy",
            "name": "克洛丝",
            "location": [
                1,
                5
            ],
            "direction": "Up"
        },
        {
            "type": "SkillDaemon"
        }
    ],
    "doc": {
        "title": "第四章 急性衰竭 - 4-7 - 各取所需 拉普兰德模组任务",
        "details": "统计日期：2024-05-05\n好评率：100.0%  浏览量：142\n来源：萨拉托加  ID：36866\n拉普兰德模组任务\n原作者涂绘天菜 JSON作者萨拉托加\n作业交流群545928846，如果作业有问题可以加群找我，评论区不能及时回复，还可以去群里蹲我的新作业\n【【明日方舟】拉普兰德模组任务 四人挂机打法 两个任务一次满足 极其好抄】 https://www.bilibili.com/video/BV1Si42117j7/?share_source=copy_web&vd_source=3fd5040fe25f6a00e19e6072bcccfa4e"
    },
    "groups": [],
    "opers": [
        {
            "name": "拉普兰德",
            "skill": 2,
            "skill_usage": 0
        },
        {
            "name": "风笛",
            "skill": 2,
            "skill_usage": 0
        },
        {
            "name": "塞雷娅",
            "skill": 1,
            "skill_usage": 0
        },
        {
            "name": "克洛丝",
            "skill": 1,
            "skill_usage": 0
        }
    ],
    "difficulty": 1
}