{
    "minimum_required": "v4.0.0",
    "actions": [
        {
            "type": "SpeedUp"
        },
        {
            "type": "Deploy",
            "name": "能天使",
            "location": [
                4,
                4
            ],
            "direction": "Up"
        },
        {
            "type": "Deploy",
            "name": "白金",
            "location": [
                6,
                2
            ],
            "direction": "Down"
        },
        {
            "type": "Deploy",
            "name": "梅尔",
            "location": [
                7,
                3
            ],
            "direction": "Right"
        },
        {
            "type": "Output",
            "doc_color": "#6f42c1",
            "doc": "给个好评吧，亲~"
        }
    ],
    "doc": {
        "title": "梅尔模组摆完挂机-咪波控制终端XP",
        "details": "统计日期：2024-05-03\n好评率：100.0%  浏览量：77\n来源：作业代传——有问题联系原作者  ID：20928\n侬无言以对模组任务摆完挂机合集:BV1wU4y177Qu\n使用至多3人（包含助战）的队伍3星通关主题曲2-9；必须编入非助战梅尔并上场，其他成员仅可编入狙击干员\n筱竹聽雨"
    },
    "groups": [],
    "opers": [
        {
            "name": "白金",
            "skill": 2,
            "skill_usage": 0
        },
        {
            "name": "能天使",
            "skill": 3,
            "skill_usage": 0
        },
        {
            "name": "梅尔",
            "skill": 1,
            "skill_usage": 0
        }
    ],
    "stage_name": "main_02-09"
}