{
    "minimum_required": "v4.0.0",
    "stage_name": "main_06-03",
    "actions": [
        {
            "type": "SpeedUp"
        },
        {
            "type": "Deploy",
            "name": "能天使",
            "location": [
                6,
                2
            ],
            "direction": "Left"
        },
        {
            "type": "Deploy",
            "name": "淬羽赫默",
            "location": [
                5,
                4
            ],
            "direction": "Up"
        },
        {
            "type": "Deploy",
            "name": "铃兰",
            "location": [
                5,
                2
            ],
            "direction": "Left"
        },
        {
            "type": "Skill",
            "location": [
                5,
                4
            ],
            "kills": 6
        },
        {
            "type": "Deploy",
            "name": "艾雅法拉",
            "location": [
                7,
                2
            ],
            "direction": "Left"
        },
        {
            "type": "Deploy",
            "name": "塞雷娅",
            "location": [
                6,
                3
            ],
            "direction": "Left"
        },
        {
            "type": "SkillDaemon"
        }
    ],
    "doc": {
        "title": "淬羽赫默模组6-3",
        "details": "统计日期：2024-05-03\n好评率：100.0%  浏览量：669\n来源：HaibaraAi  ID：27939\n参考视频 https://www.bilibili.com/video/BV1PF411r75j\n作者：涂绘天菜\n小小改了下塞爹技能让血条保持满血，塞爹带1或者2技能都行\n挂4次刚好两个模组任务都完成"
    },
    "groups": [],
    "opers": [
        {
            "name": "能天使",
            "skill": 3,
            "skill_usage": 0
        },
        {
            "name": "铃兰",
            "skill": 2,
            "skill_usage": 0
        },
        {
            "name": "塞雷娅",
            "skill": 2,
            "skill_usage": 0
        },
        {
            "name": "艾雅法拉",
            "skill": 2,
            "skill_usage": 0
        },
        {
            "name": "淬羽赫默",
            "skill": 3,
            "skill_usage": 1
        }
    ],
    "difficulty": 1
}