{
    "minimum_required": "v4.0.0",
    "actions": [
        {
            "type": "SpeedUp"
        },
        {
            "type": "Deploy",
            "name": "煌",
            "location": [
                9,
                3
            ],
            "direction": "Left"
        },
        {
            "type": "Deploy",
            "name": "爱丽丝",
            "location": [
                6,
                3
            ],
            "direction": "Left"
        },
        {
            "type": "Output",
            "doc_color": "#6f42c1",
            "doc": "给个好评吧，亲~"
        }
    ],
    "doc": {
        "title": "爱丽丝模组摆完挂机-梦之城堡立体书",
        "details": "统计日期：2024-05-03\n好评率：100.0%  浏览量：60\n来源：作业代传——有问题联系原作者  ID：20842\n侬无言以对模组任务摆完挂机合集:BV1wU4y177Qu\n3星通关主题曲2-2；必须编入非助战爱丽丝并上场，且使用爱丽丝歼灭至少2个重装防御者\n筱竹聽雨"
    },
    "groups": [],
    "opers": [
        {
            "name": "煌",
            "skill": 2,
            "skill_usage": 0
        },
        {
            "name": "爱丽丝",
            "skill": 2,
            "skill_usage": 0
        }
    ],
    "stage_name": "main_02-02"
}