{
    "minimum_required": "v4.0.0",
    "stage_name": "main_09-01",
    "actions": [
        {
            "type": "SpeedUp"
        },
        {
            "type": "Deploy",
            "name": "琴柳",
            "location": [
                5,
                3
            ],
            "direction": "Left"
        },
        {
            "type": "Deploy",
            "name": "能天使",
            "location": [
                5,
                5
            ],
            "direction": "Up"
        },
        {
            "type": "Deploy",
            "name": "泥岩",
            "location": [
                3,
                4
            ],
            "direction": "Left"
        },
        {
            "type": "SkillDaemon"
        }
    ],
    "doc": {
        "title": "琴柳模组三人 摆完挂机",
        "details": "统计日期：2024-05-02\n好评率：100.0%  浏览量：556\n作业来源：https://www.bilibili.com/video/BV1vu411V7oB/?p=1&t=104\n脚本作者：月白"
    },
    "groups": [],
    "opers": [
        {
            "name": "能天使",
            "skill": 3,
            "skill_usage": 0
        },
        {
            "name": "泥岩",
            "skill": 2,
            "skill_usage": 0
        },
        {
            "name": "琴柳",
            "skill": 3,
            "skill_usage": 0
        }
    ]
}