{
    "minimum_required": "v4.0.0",
    "stage_name": "act13d5_04",
    "actions": [
        {
            "type": "Deploy",
            "name": "煌",
            "location": [
                4,
                6
            ],
            "direction": "Right"
        },
        {
            "type": "SpeedUp"
        },
        {
            "type": "Deploy",
            "name": "瑕光",
            "location": [
                9,
                6
            ],
            "direction": "Up"
        },
        {
            "type": "Deploy",
            "name": "塞雷娅",
            "location": [
                5,
                6
            ],
            "direction": "Right"
        },
        {
            "type": "SkillDaemon"
        }
    ],
    "doc": {
        "title": "玛莉娅·临光·复刻 - MN-4 - 辉煌盾工业 瑕光模组“长骑”解锁任务",
        "details": "统计日期：2024-05-05\n好评率：100.0%  浏览量：190\n来源：萨拉托加  ID：29054\n瑕光模组任务“长骑”，瑕光要求精二60级七级技能\n条件：3星通关别传MN-4；必须编入非助战瑕光并上场，且使用瑕光歼灭至少2名持盾独立骑士\n【【明日方舟】瑕光第二模组摆完挂机】 https://www.bilibili.com/video/BV14W4y197BX/?share_source=copy_web&vd_source=3fd5040fe25f6a00e19e6072bcccfa4e"
    },
    "groups": [],
    "opers": [
        {
            "name": "瑕光",
            "skill": 2,
            "skill_usage": 1
        },
        {
            "name": "煌",
            "skill": 2,
            "skill_usage": 0
        },
        {
            "name": "塞雷娅",
            "skill": 2,
            "skill_usage": 0
        }
    ]
}