{
    "minimum_required": "v4.0.0",
    "actions": [
        {
            "type": "SpeedUp"
        },
        {
            "type": "Deploy",
            "name": "空弦",
            "location": [
                3,
                3
            ],
            "direction": "Right"
        },
        {
            "type": "Deploy",
            "name": "煌",
            "location": [
                4,
                5
            ],
            "direction": "Down"
        },
        {
            "type": "Output",
            "doc_color": "#6f42c1",
            "doc": "给个好评吧，亲~"
        }
    ],
    "doc": {
        "title": "空弦模组摆完挂机-旧日重现",
        "details": "统计日期：2024-05-03\n好评率：100.0%  浏览量：364\n来源：作业代传——有问题联系原作者  ID：20912\n侬无言以对模组任务摆完挂机合集:BV1wU4y177Qu\n3星通关插曲SV-4；必须编入非助战空弦并上场，其他成员不可编入狙击干员\n筱竹聽雨"
    },
    "groups": [],
    "opers": [
        {
            "name": "煌",
            "skill": 2,
            "skill_usage": 0
        },
        {
            "name": "空弦",
            "skill": 1,
            "skill_usage": 0
        }
    ],
    "stage_name": "act18d3_04"
}