{
    "minimum_required": "v4.0.0",
    "actions": [
        {
            "type": "SpeedUp"
        },
        {
            "type": "Deploy",
            "name": "塞雷娅",
            "location": [
                4,
                5
            ],
            "direction": "Up"
        },
        {
            "type": "Deploy",
            "name": "拉普兰德",
            "location": [
                5,
                5
            ],
            "direction": "Up"
        },
        {
            "type": "Deploy",
            "name": "能天使",
            "location": [
                7,
                6
            ],
            "direction": "Up"
        },
        {
            "type": "Deploy",
            "name": "芙兰卡",
            "location": [
                4,
                4
            ],
            "direction": "Up"
        },
        {
            "type": "Output",
            "doc_color": "#6f42c1",
            "doc": "给个好评吧，亲~"
        }
    ],
    "doc": {
        "title": "芙兰卡模组摆完挂机-尖端铝热单元",
        "details": "统计日期：2024-05-02\n好评率：75.0%  浏览量：146\n侬无言以对模组任务摆完挂机合集:BV1wU4y177Qu\n3星通关主题曲9-3；必须编入非助战芙兰卡并上场，且使用芙兰卡歼灭至少1个深池重甲卫士\n筱竹聽雨"
    },
    "groups": [],
    "opers": [
        {
            "name": "塞雷娅",
            "skill": 1,
            "skill_usage": 0
        },
        {
            "name": "拉普兰德",
            "skill": 2,
            "skill_usage": 0
        },
        {
            "name": "能天使",
            "skill": 3,
            "skill_usage": 0
        },
        {
            "name": "芙兰卡",
            "skill": 1,
            "skill_usage": 0
        }
    ],
    "stage_name": "main_09-02"
}