{
    "minimum_required": "v4.0.0",
    "actions": [
        {
            "type": "SpeedUp"
        },
        {
            "type": "Deploy",
            "name": "拉普兰德",
            "location": [
                1,
                3
            ],
            "direction": "Right"
        },
        {
            "type": "Deploy",
            "name": "银灰",
            "location": [
                2,
                4
            ],
            "direction": "Up"
        },
        {
            "type": "Deploy",
            "name": "塞雷娅",
            "location": [
                1,
                4
            ],
            "direction": "Right"
        },
        {
            "type": "Deploy",
            "name": "苏苏洛",
            "location": [
                3,
                1
            ],
            "direction": "Down"
        },
        {
            "type": "Output",
            "doc_color": "#6f42c1",
            "doc": "给个好评吧，亲~"
        }
    ],
    "doc": {
        "title": "苏苏洛模组摆完挂机-医不自治",
        "details": "统计日期：2024-05-05\n好评率：100.0%  浏览量：117\n来源：作业代传——有问题联系原作者  ID：20960\n侬无言以对模组任务摆完挂机合集:BV1wU4y177Qu\n3星通关主题曲4-7；且仅可编入非助战苏苏洛1名医疗干员并上场\n筱竹聽雨"
    },
    "groups": [],
    "opers": [
        {
            "name": "塞雷娅",
            "skill": 1,
            "skill_usage": 0
        },
        {
            "name": "银灰",
            "skill": 1,
            "skill_usage": 0
        },
        {
            "name": "拉普兰德",
            "skill": 2,
            "skill_usage": 0
        },
        {
            "name": "苏苏洛",
            "skill": 1,
            "skill_usage": 0
        }
    ],
    "stage_name": "main_04-07"
}