{
    "minimum_required": "v4.0.0",
    "actions": [
        {
            "type": "SpeedUp"
        },
        {
            "type": "Deploy",
            "name": "障碍物",
            "location": [
                1,
                3
            ],
            "direction": "None"
        },
        {
            "type": "Deploy",
            "name": "煌",
            "location": [
                5,
                3
            ],
            "direction": "Right"
        },
        {
            "type": "Deploy",
            "name": "诗怀雅",
            "location": [
                4,
                6
            ],
            "direction": "Left"
        },
        {
            "type": "Output",
            "doc_color": "#6f42c1",
            "doc": "给个好评吧，亲~"
        }
    ],
    "doc": {
        "title": "诗怀雅模组摆完挂机-防身口红",
        "details": "统计日期：2024-05-03\n好评率：100.0%  浏览量：84\n来源：作业代传——有问题联系原作者  ID：20952\n侬无言以对模组任务摆完挂机合集:BV1wU4y177Qu\n使用至多2人（包含助战）的队伍3星通关主题曲S2-3；必须编入非助战诗怀雅并上场，其他成员仅可编入近战位干员\n筱竹聽雨"
    },
    "groups": [],
    "opers": [
        {
            "name": "煌",
            "skill": 2,
            "skill_usage": 0
        },
        {
            "name": "诗怀雅",
            "skill": 1,
            "skill_usage": 0
        }
    ],
    "stage_name": "sub_02-03"
}