{
    "minimum_required": "v4.0.0",
    "actions": [
        {
            "type": "SpeedUp"
        },
        {
            "type": "Deploy",
            "name": "煌",
            "location": [
                5,
                3
            ],
            "direction": "Up"
        },
        {
            "type": "Deploy",
            "name": "塞雷娅",
            "location": [
                7,
                6
            ],
            "direction": "Right"
        },
        {
            "type": "Deploy",
            "name": "贝娜",
            "location": [
                9,
                6
            ],
            "direction": "Right"
        },
        {
            "type": "Deploy",
            "name": "拉普兰德",
            "location": [
                6,
                6
            ],
            "direction": "Right"
        },
        {
            "type": "Output",
            "doc_color": "#6f42c1",
            "doc": "给个好评吧，亲~"
        }
    ],
    "doc": {
        "title": "贝娜模组摆完挂机-《乔弗瑞古今童话集》精装本",
        "details": "统计日期：2024-05-03\n好评率：92.31%  浏览量：96\n来源：作业代传——有问题联系原作者  ID：20854\n侬无言以对模组任务摆完挂机合集:BV1wU4y177Qu\n3星通关主题曲2-3；必须编入非助战贝娜并上场，且使用贝娜歼灭至少1个重装防御者\n筱竹聽雨"
    },
    "groups": [],
    "opers": [
        {
            "name": "煌",
            "skill": 2,
            "skill_usage": 0
        },
        {
            "name": "塞雷娅",
            "skill": 1,
            "skill_usage": 0
        },
        {
            "name": "拉普兰德",
            "skill": 2,
            "skill_usage": 0
        },
        {
            "name": "贝娜",
            "skill": 1,
            "skill_usage": 0
        }
    ],
    "stage_name": "main_02-03"
}