{
    "minimum_required": "v4.0.0",
    "stage_name": "main_07-08",
    "actions": [
        {
            "type": "SpeedUp"
        },
        {
            "type": "Deploy",
            "name": "山",
            "location": [
                7,
                4
            ],
            "direction": "Down"
        },
        {
            "type": "Deploy",
            "name": "煌",
            "location": [
                8,
                3
            ],
            "direction": "Up"
        },
        {
            "type": "Deploy",
            "name": "赫拉格",
            "location": [
                8,
                2
            ],
            "direction": "Left"
        }
    ],
    "doc": {
        "title": "【模组任务】7-10 赫拉格 第二模组 热的雪 摆完挂机",
        "details": "统计日期：2024-05-03\n好评率：81.82%  浏览量：444\n来源：SkadeYYDS  ID：24609\n随便写的 凑活用吧\n人均2603 自己测试过\n有问题评论区反馈"
    },
    "groups": [],
    "opers": [
        {
            "name": "赫拉格",
            "skill": 1,
            "skill_usage": 0
        },
        {
            "name": "煌",
            "skill": 2,
            "skill_usage": 0
        },
        {
            "name": "山",
            "skill": 2,
            "skill_usage": 2
        }
    ],
    "difficulty": 1
}