{
    "minimum_required": "v4.0.0",
    "stage_name": "main_02-05",
    "actions": [
        {
            "type": "SpeedUp"
        },
        {
            "type": "Deploy",
            "name": "远牙",
            "location": [
                8,
                3
            ],
            "direction": "Left"
        },
        {
            "type": "Deploy",
            "name": "克洛丝",
            "location": [
                8,
                5
            ],
            "direction": "Left"
        },
        {
            "type": "Skill",
            "name": "远牙",
            "location": [
                0,
                0
            ],
            "kills": 3
        },
        {
            "type": "Deploy",
            "name": "黑角",
            "location": [
                7,
                2
            ],
            "direction": "Down",
            "kills": 36
        },
        {
            "type": "SkillDaemon"
        }
    ],
    "doc": {
        "title": "【模组任务】2-5 远牙 支持者来信 摆完挂机",
        "details": "统计日期：2024-05-03\n好评率：100.0%  浏览量：163\n来源：SkadeYYDS  ID：26499\n攻略&json作者：SkadeYYDS\n\n远牙260，狙击155 (满练) 黑角030 (满练)\n容错应该还挺高的 如果有问题请在评论区反馈"
    },
    "groups": [],
    "opers": [
        {
            "name": "远牙",
            "skill": 3,
            "skill_usage": 0
        },
        {
            "name": "克洛丝",
            "skill": 1,
            "skill_usage": 0
        },
        {
            "name": "黑角",
            "skill": 1,
            "skill_usage": 0
        }
    ]
}