{
    "minimum_required": "v4.0.0",
    "stage_name": "act14side_06",
    "actions": [
        {
            "type": "Deploy",
            "name": "推进之王",
            "location": [
                2,
                2
            ],
            "direction": "Left"
        },
        {
            "type": "SpeedUp"
        },
        {
            "type": "Deploy",
            "name": "奶盾",
            "location": [
                4,
                1
            ],
            "direction": "Left"
        },
        {
            "type": "Deploy",
            "name": "锏",
            "location": [
                3,
                2
            ],
            "direction": "Up"
        },
        {
            "type": "Deploy",
            "name": "闪灵",
            "location": [
                5,
                3
            ],
            "direction": "Left"
        },
        {
            "type": "Skill",
            "name": "锏",
            "kills": 21,
            "pre_delay": 10000
        },
        {
            "type": "Skill",
            "name": "锏",
            "kills": 31,
            "pre_delay": 8000
        },
        {
            "type": "Skill",
            "name": "锏",
            "kills": 40,
            "pre_delay": 5000
        },
        {
            "type": "SkillDaemon"
        }
    ],
    "doc": {
        "title": "自用锏",
        "details": "统计日期：2024-05-02\n好评率：100.0%  浏览量：43\n自用"
    },
    "groups": [
        {
            "name": "奶盾",
            "opers": [
                {
                    "name": "塞雷娅",
                    "skill": 1,
                    "skill_usage": 0
                },
                {
                    "name": "临光",
                    "skill": 1,
                    "skill_usage": 0
                }
            ]
        }
    ],
    "opers": [
        {
            "name": "锏",
            "skill": 3,
            "skill_usage": 0
        },
        {
            "name": "闪灵",
            "skill": 2,
            "skill_usage": 0
        },
        {
            "name": "推进之王",
            "skill": 2,
            "skill_usage": 0
        }
    ],
    "difficulty": 0
}