{
    "minimum_required": "v4.0.0",
    "stage_name": "act13side_05",
    "actions": [
        {
            "type": "SpeedUp"
        },
        {
            "type": "Deploy",
            "name": "煌",
            "location": [
                9,
                5
            ],
            "direction": "Left"
        },
        {
            "type": "Deploy",
            "name": "骑士之徽",
            "location": [
                10,
                3
            ],
            "direction": "None"
        },
        {
            "type": "Deploy",
            "name": "山",
            "location": [
                10,
                3
            ],
            "direction": "Left"
        },
        {
            "type": "Deploy",
            "name": "闪灵",
            "location": [
                10,
                6
            ],
            "direction": "Left"
        },
        {
            "type": "Deploy",
            "name": "星熊",
            "location": [
                8,
                5
            ],
            "direction": "Left"
        }
    ],
    "doc": {
        "title": "闪灵模组任务--X模组--使徒--挂机作业",
        "details": "统计日期：2024-05-03\n好评率：100.0%  浏览量：256\n来源：痕zzz  ID：33504\n闪灵模组任务--X模组--使徒--挂机作业"
    },
    "groups": [],
    "opers": [
        {
            "name": "煌",
            "skill": 2,
            "skill_usage": 0
        },
        {
            "name": "闪灵",
            "skill": 2,
            "skill_usage": 0
        },
        {
            "name": "山",
            "skill": 2,
            "skill_usage": 2,
            "skill_times": 1
        },
        {
            "name": "星熊",
            "skill": 2,
            "skill_usage": 0
        }
    ]
}