{
    "minimum_required": "v4.0.0",
    "stage_name": "main_04-06",
    "actions": [
        {
            "type": "Deploy",
            "name": "煌",
            "location": [
                6,
                2
            ],
            "direction": "Down"
        },
        {
            "type": "Deploy",
            "name": "雷蛇",
            "location": [
                7,
                3
            ],
            "direction": "Left"
        },
        {
            "type": "SpeedUp"
        },
        {
            "type": "Deploy",
            "name": "能天使",
            "location": [
                7,
                1
            ],
            "direction": "Down"
        },
        {
            "type": "Deploy",
            "name": "医疗",
            "location": [
                6,
                1
            ],
            "direction": "Down"
        },
        {
            "type": "SkillDaemon"
        }
    ],
    "doc": {
        "title": "第四章 急性衰竭 - 4-6 - 少见多怪【雷蛇模组任务】",
        "details": "统计日期：2024-05-03\n好评率：100.0%  浏览量：137\n来源：小卡拉帕鲁灰🐖  ID：34718\n任务要求：只带雷蛇一个重装\n已测试"
    },
    "groups": [
        {
            "name": "医疗",
            "opers": [
                {
                    "name": "纯烬艾雅法拉",
                    "skill": 1,
                    "skill_usage": 0
                },
                {
                    "name": "闪灵",
                    "skill": 2,
                    "skill_usage": 0
                },
                {
                    "name": "流明",
                    "skill": 3,
                    "skill_usage": 1
                }
            ]
        }
    ],
    "opers": [
        {
            "name": "雷蛇",
            "skill": 2,
            "skill_usage": 1
        },
        {
            "name": "能天使",
            "skill": 3,
            "skill_usage": 0
        },
        {
            "name": "煌",
            "skill": 2,
            "skill_usage": 0
        }
    ],
    "difficulty": 1
}