{
    "minimum_required": "v4.0.0",
    "stage_name": "main_03-07",
    "actions": [
        {
            "type": "Deploy",
            "name": "煌",
            "location": [
                8,
                4
            ],
            "direction": "Right"
        },
        {
            "type": "SpeedUp"
        },
        {
            "type": "Deploy",
            "name": "麒麟R夜刀",
            "location": [
                10,
                5
            ],
            "direction": "Left"
        },
        {
            "type": "Deploy",
            "name": "塞雷娅",
            "location": [
                9,
                4
            ],
            "direction": "Right"
        },
        {
            "type": "SkillDaemon"
        }
    ],
    "doc": {
        "title": "第三章 二次呼吸 - 3-7 - 轰鸣 麒麟R夜刀模组训练用木桩解锁任务",
        "details": "统计日期：2024-05-05\n好评率：96.0%  浏览量：1009\n来源：萨拉托加  ID：29005\n麒麟R夜刀模组任务训练用木桩，费有点紧，加个德狗\n3星通关主题曲3-7；必须编入非助战麒麟R夜刀并上场，且使用麒麟R夜刀歼灭至少2名炮手\n【【明日方舟】麒麟X夜刀模组任务摆完挂机】 https://www.bilibili.com/video/BV1aP411f7fj/?share_source=copy_web&vd_source=3fd5040fe25f6a00e19e6072bcccfa4e"
    },
    "groups": [],
    "opers": [
        {
            "name": "麒麟R夜刀",
            "skill": 1,
            "skill_usage": 0
        },
        {
            "name": "煌",
            "skill": 2,
            "skill_usage": 0
        },
        {
            "name": "塞雷娅",
            "skill": 1,
            "skill_usage": 0
        },
        {
            "name": "德克萨斯",
            "skill": 1,
            "skill_usage": 0
        }
    ]
}