{
    "minimum_required": "v4.0.0",
    "actions": [
        {
            "type": "SpeedUp"
        },
        {
            "type": "Deploy",
            "name": "风笛",
            "location": [
                9,
                3
            ],
            "direction": "Left"
        },
        {
            "type": "Deploy",
            "name": "麦哲伦",
            "location": [
                4,
                2
            ],
            "direction": "Down"
        },
        {
            "type": "Output",
            "doc_color": "#6f42c1",
            "doc": "给个好评吧，亲~"
        }
    ],
    "doc": {
        "title": "麦哲伦模组摆完挂机-教学用龙腾无人机",
        "details": "统计日期：2024-05-02\n好评率：60.0%  浏览量：102\n侬无言以对模组任务摆完挂机合集:BV1wU4y177Qu\n3星通关主题曲2-2；必须编入非助战麦哲伦并上场，其他成员仅可编入先锋干员\n筱竹聽雨"
    },
    "groups": [],
    "opers": [
        {
            "name": "风笛",
            "skill": 2,
            "skill_usage": 0
        },
        {
            "name": "麦哲伦",
            "skill": 3,
            "skill_usage": 0
        }
    ],
    "stage_name": "main_02-02"
}