{
    "minimum_required": "v4.0.0",
    "actions": [
        {
            "type": "SpeedUp"
        },
        {
            "type": "Deploy",
            "name": "能天使",
            "location": [
                8,
                1
            ],
            "direction": "Down"
        },
        {
            "type": "Deploy",
            "name": "黑",
            "location": [
                3,
                4
            ],
            "direction": "Right"
        },
        {
            "type": "Output",
            "doc_color": "#6f42c1",
            "doc": "给个好评吧，亲~"
        }
    ],
    "doc": {
        "title": "黑模组摆完挂机-老剃刀",
        "details": "统计日期：2024-05-03\n好评率：81.82%  浏览量：446\n来源：作业代传——有问题联系原作者  ID：20886\n侬无言以对模组任务摆完挂机合集:BV1wU4y177Qu\n3星通关主题曲2-1；必须编入非助战黑并上场，其他成员仅可编入狙击干员\n筱竹聽雨"
    },
    "groups": [],
    "opers": [
        {
            "name": "能天使",
            "skill": 3,
            "skill_usage": 0
        },
        {
            "name": "黑",
            "skill": 1,
            "skill_usage": 0
        }
    ],
    "stage_name": "main_02-01"
}