{
    "minimum_required": "v4.0.0",
    "stage_name": "main_14-10",
    "actions": [
        {
            "type": "SpeedUp"
        },
        {
            "type": "Deploy",
            "name": "假日威龙陈",
            "location": [
                10,
                3
            ],
            "direction": "Left"
        },
        {
            "type": "SkillDaemon"
        }
    ],
    "doc": {
        "title": "第十四章 慈悲灯塔 - 14-11（标准） - 水陈单人",
        "details": "作业更新日期: 2024-05-25T15:38:43Z\n统计更新日期: 2024-11-30\n好评率：50.0%  浏览量：48\n来源：一只摆烂的42  ID：38077\n福哥宅\nhttps://www.bilibili.com/video/BV1RT421C7pj/\n注意是标准难度不是磨难\n制作者：一只摆烂的42\n有问题联系QQ2586582719\n修改自用请删除我的QQ"
    },
    "groups": [],
    "opers": [
        {
            "name": "假日威龙陈",
            "skill": 3,
            "skill_usage": 1
        }
    ]
}