{
    "minimum_required": "v4.0.0",
    "stage_name": "main_09-15",
    "actions": [
        {
            "type": "SpeedUp"
        },
        {
            "type": "Deploy",
            "name": "奶盾",
            "location": [
                8,
                2
            ],
            "direction": "Right"
        },
        {
            "type": "Deploy",
            "name": "重装",
            "location": [
                8,
                5
            ],
            "direction": "Right"
        },
        {
            "type": "Deploy",
            "name": "维什戴尔",
            "location": [
                4,
                3
            ],
            "direction": "Left"
        },
        {
            "type": "SkillUsage",
            "skill_usage": 2,
            "name": "维什戴尔",
            "skill_times": 1
        },
        {
            "type": "Retreat",
            "name": "维什戴尔",
            "kills": 14
        },
        {
            "type": "SpeedUp"
        },
        {
            "type": "Deploy",
            "name": "快速复活",
            "location": [
                9,
                6
            ],
            "direction": "Up",
            "rear_delay": 4000
        },
        {
            "type": "SpeedUp"
        },
        {
            "type": "Deploy",
            "name": "奶",
            "location": [
                7,
                3
            ],
            "direction": "Down"
        },
        {
            "type": "Deploy",
            "name": "维什戴尔",
            "direction": "Right",
            "location": [
                7,
                4
            ]
        },
        {
            "type": "SkillUsage",
            "name": "维什戴尔"
        },
        {
            "type": "Skill",
            "name": "维什戴尔",
            "kills": 22,
            "pre_delay": 1500
        },
        {
            "type": "Skill",
            "name": "维什戴尔",
            "kills": 26,
            "pre_delay": 2500
        },
        {
            "type": "SkillUsage",
            "name": "维什戴尔",
            "skill_usage": 1
        },
        {
            "type": "SkillDaemon"
        }
    ],
    "doc": {
        "title": "第九章 风暴瞭望 - 9-17（标准） - 维多利亚士兵",
        "details": "——————————\n作业更新日期: 2025-06-22T15:30:47Z\n统计更新日期: 2025-09-06\n相对评分：90.82%  相对热度：73.63%\n来源：宇宙少女娜娜子  ID：60543\n——————————\n原作者https://www.bilibili.com/video/av1154910350"
    },
    "groups": [
        {
            "opers": [
                {
                    "name": "斑点",
                    "skill": 1,
                    "skill_usage": 1
                }
            ],
            "name": "奶盾"
        },
        {
            "name": "重装",
            "opers": [
                {
                    "name": "卡缇"
                },
                {
                    "name": "米格鲁"
                }
            ]
        },
        {
            "name": "快速复活",
            "opers": [
                {
                    "name": "傀影"
                },
                {
                    "name": "缄默德克萨斯"
                },
                {
                    "name": "麒麟R夜刀"
                },
                {
                    "name": "夜刀"
                },
                {
                    "name": "砾"
                },
                {
                    "name": "红"
                }
            ]
        },
        {
            "name": "奶",
            "opers": [
                {
                    "name": "白面鸮"
                },
                {
                    "name": "调香师"
                },
                {
                    "name": "Mon3tr"
                },
                {
                    "name": "夜莺"
                }
            ]
        }
    ],
    "opers": [
        {
            "name": "维什戴尔",
            "skill": 3,
            "skill_usage": 0
        }
    ],
    "difficulty": 3
}