{
    "minimum_required": "v4.0.0",
    "doc": {
        "title": "9-19 普通 8人",
        "details": "统计日期：2024-05-31\n好评率：88.89%  浏览量：3234\n来源：一只摆烂的42  ID：21088\nUP：功课姬\n原视频：https://www.bilibili.com/video/av633065115/\n——————\n需要手动操作，请不要无人值守！\n曼德拉二阶段出现血条后，把爆破装置放到左上角红门下，朝右打柱子\n——————\n有问题联系制作者QQ2586582719"
    },
    "stage_name": "main_09-17",
    "opers": [
        {
            "name": "煌",
            "skill": 2,
            "skill_usage": 0
        },
        {
            "name": "棘刺",
            "skill": 3,
            "skill_usage": 1
        },
        {
            "name": "拉普兰德",
            "skill": 2,
            "skill_usage": 0
        },
        {
            "name": "塞雷娅",
            "skill": 1,
            "skill_usage": 0
        },
        {
            "name": "能天使",
            "skill": 3,
            "skill_usage": 0
        },
        {
            "name": "艾雅法拉",
            "skill": 2,
            "skill_usage": 0
        },
        {
            "name": "伊芙利特",
            "skill": 2,
            "skill_usage": 0
        },
        {
            "name": "夜莺",
            "skill": 2,
            "skill_usage": 0
        }
    ],
    "actions": [
        {
            "type": "二倍速",
            "name": ""
        },
        {
            "type": "部署",
            "name": "棘刺",
            "location": [
                1,
                5
            ],
            "direction": "上"
        },
        {
            "type": "部署",
            "name": "能天使",
            "location": [
                2,
                6
            ],
            "direction": "上"
        },
        {
            "type": "部署",
            "name": "煌",
            "location": [
                8,
                4
            ],
            "direction": "左"
        },
        {
            "type": "部署",
            "name": "夜莺",
            "location": [
                7,
                3
            ],
            "direction": "下"
        },
        {
            "type": "部署",
            "name": "塞雷娅",
            "location": [
                6,
                3
            ],
            "direction": "上"
        },
        {
            "type": "部署",
            "name": "伊芙利特",
            "location": [
                9,
                3
            ],
            "direction": "左"
        },
        {
            "type": "部署",
            "name": "拉普兰德",
            "location": [
                8,
                2
            ],
            "direction": "左"
        },
        {
            "type": "部署",
            "name": "艾雅法拉",
            "location": [
                7,
                5
            ],
            "direction": "上"
        },
        {
            "type": "打印",
            "name": "",
            "doc": "曼德拉二阶段出现血条后，把爆破装置放到左上角红门下，朝右打柱子",
            "doc_color": "#d63384"
        },
        {
            "type": "打印",
            "name": "",
            "doc": "曼德拉二阶段出现血条后，把爆破装置放到左上角红门下，朝右打柱子",
            "doc_color": "#d63384"
        },
        {
            "type": "打印",
            "name": "",
            "doc": "曼德拉二阶段出现血条后，把爆破装置放到左上角红门下，朝右打柱子",
            "doc_color": "#d63384"
        }
    ],
    "difficulty": 1,
    "groups": []
}