{
    "minimum_required": "v4.0.0",
    "stage_name": "main_09-01",
    "actions": [
        {
            "type": "SpeedUp"
        },
        {
            "type": "Deploy",
            "name": "能天使",
            "location": [
                3,
                2
            ],
            "direction": "Left"
        },
        {
            "type": "Deploy",
            "name": "艾雅法拉",
            "location": [
                3,
                5
            ],
            "direction": "Left"
        },
        {
            "type": "Deploy",
            "name": "琴柳",
            "location": [
                3,
                3
            ],
            "direction": "Left"
        },
        {
            "type": "Deploy",
            "name": "克洛丝",
            "location": [
                5,
                2
            ],
            "direction": "Down"
        },
        {
            "type": "SkillDaemon"
        }
    ],
    "doc": {
        "title": "【模组任务】9-2 琴柳 模组 牧人的歌 摆完挂机",
        "details": "统计日期：2024-05-31\n好评率：100.0%  浏览量：1216\n来源：SkadeYYDS  ID：24636\n随便写的 凑活用吧\n能羊是290不过应该容错还挺高的\n如果有问题请在评论区反馈"
    },
    "groups": [],
    "opers": [
        {
            "name": "能天使",
            "skill": 1,
            "skill_usage": 0
        },
        {
            "name": "艾雅法拉",
            "skill": 2,
            "skill_usage": 0
        },
        {
            "name": "琴柳",
            "skill": 2,
            "skill_usage": 1
        },
        {
            "name": "克洛丝",
            "skill": 1,
            "skill_usage": 0
        }
    ]
}