{
    "minimum_required": "v4.0.0",
    "stage_name": "hard_09-02",
    "actions": [
        {
            "type": "Deploy",
            "name": "银灰",
            "location": [
                7,
                1
            ],
            "direction": "Down"
        },
        {
            "type": "SpeedUp",
            "name": ""
        },
        {
            "type": "Deploy",
            "name": "伊芙利特",
            "location": [
                6,
                5
            ],
            "direction": "Left"
        },
        {
            "type": "Retreat",
            "kills": 9,
            "name": "银灰"
        },
        {
            "type": "SkillUsage",
            "name": "银灰",
            "skill_usage": 0
        },
        {
            "type": "Deploy",
            "name": "泥岩",
            "location": [
                3,
                6
            ],
            "direction": "Up"
        },
        {
            "type": "Deploy",
            "name": "银灰",
            "location": [
                7,
                2
            ],
            "direction": "Left"
        },
        {
            "type": "Skill",
            "kills": 28,
            "name": "银灰"
        },
        {
            "type": "Retreat",
            "kills": 34,
            "name": "银灰",
            "pre_delay": 200
        },
        {
            "type": "SkillUsage",
            "name": "银灰",
            "skill_usage": 1
        },
        {
            "type": "SpeedUp",
            "kills": 48
        },
        {
            "type": "Deploy",
            "name": "银灰",
            "location": [
                7,
                2
            ],
            "direction": "Up"
        },
        {
            "type": "SkillDaemon",
            "name": ""
        }
    ],
    "doc": {
        "title": "H9-2三人论文",
        "details": "统计日期：2024-05-31\n好评率：91.54%  浏览量：3314\n来源：一只摆烂的42  ID：22188\n原视频：https://www.bilibili.com/video/BV1LU4y1A77Q/\n测试2903无潜能稳定过关，练度可适度降低\n制作者：一只摆烂的42\n有问题联系QQ2586582719"
    },
    "groups": [],
    "opers": [
        {
            "name": "银灰",
            "skill": 3,
            "skill_usage": 1
        },
        {
            "name": "伊芙利特",
            "skill": 2,
            "skill_usage": 0
        },
        {
            "name": "泥岩",
            "skill": 2,
            "skill_usage": 0
        }
    ]
}