{
    "minimum_required": "v4.0.0",
    "stage_name": "act14side_07",
    "actions": [
        {
            "type": "Deploy",
            "name": "山",
            "location": [
                10,
                5
            ],
            "direction": "Left"
        },
        {
            "type": "SpeedUp"
        },
        {
            "type": "Deploy",
            "name": "银灰",
            "location": [
                10,
                3
            ],
            "direction": "Left"
        },
        {
            "type": "Deploy",
            "name": "白面鸮",
            "location": [
                9,
                4
            ],
            "direction": "Left"
        },
        {
            "type": "Skill",
            "name": "银灰",
            "kills": 6
        },
        {
            "type": "Deploy",
            "kills": 11,
            "name": "艾雅法拉",
            "location": [
                10,
                4
            ],
            "direction": "Left"
        },
        {
            "type": "SkillUsage",
            "name": "银灰",
            "skill_usage": 1
        },
        {
            "type": "SkillDaemon"
        }
    ],
    "doc": {
        "title": "风雪过境·复刻 - BI-7 - 破冰 银灰模组任务",
        "details": "作业更新日期: 2024-05-02T05:30:42Z\n统计更新日期: 2024-12-07\n好评率：98.48%  浏览量：1965\n来源：萨拉托加  ID：36864\n银灰模组任务\n原作者涂绘天菜 JSON作者萨拉托加\n作业交流群545928846，如果作业有问题可以加群找我，评论区不能及时回复，还可以去群里蹲我的新作业\n【【明日方舟】银灰模组任务 四人半挂机打法（只开银灰技能） 两个任务一次满足 极其好抄】 https://www.bilibili.com/video/BV1Bm421p7GL/?share_source=copy_web&vd_source=3fd5040fe25f6a00e19e6072bcccfa4e"
    },
    "groups": [],
    "opers": [
        {
            "name": "银灰",
            "skill": 3,
            "skill_usage": 0
        },
        {
            "name": "山",
            "skill": 2,
            "skill_usage": 2,
            "skill_times": 1
        },
        {
            "name": "白面鸮",
            "skill": 2,
            "skill_usage": 0
        },
        {
            "name": "艾雅法拉",
            "skill": 2,
            "skill_usage": 0
        }
    ]
}