{
  "minimum_required": "v4.0.0",
  "stage_name": "act16mini_07",
  "actions": [
    {
      "type": "Deploy",
      "name": "歌蕾蒂娅",
      "location": [
        4,
        2
      ],
      "direction": "Down"
    },
    {
      "type": "SpeedUp"
    },
    {
      "type": "Deploy",
      "name": "山",
      "location": [
        2,
        2
      ],
      "direction": "Down"
    },
    {
      "type": "Deploy",
      "name": "煌",
      "location": [
        6,
        1
      ],
      "direction": "Right"
    },
    {
      "type": "Deploy",
      "name": "夜莺",
      "location": [
        5,
        2
      ],
      "direction": "Left"
    },
    {
      "type": "SkillDaemon"
    }
  ],
  "doc": {
    "title": "去咧嘴谷 - TG-7 - 牵引山岩",
    "details": "原作者萧然Q JSON作者萨拉托加\n作业交流群545928846，如果作业有问题可以加群找我，评论区不能及时回复，还可以去群里蹲我的新作业\n【【去咧嘴谷】TG-1至8 突袭 摆完挂机 简单好抄（持续更新中）】 https://www.bilibili.com/video/BV1YN4y1v7DP/?p=8&share_source=copy_web&vd_source=3fd5040fe25f6a00e19e6072bcccfa4e"
  },
  "groups": [],
  "opers": [
    {
      "name": "煌",
      "skill": 2,
      "skill_usage": 0
    },
    {
      "name": "山",
      "skill": 2,
      "skill_usage": 2,
      "skill_times": 1
    },
    {
      "name": "夜莺",
      "skill": 2,
      "skill_usage": 0
    },
    {
      "name": "歌蕾蒂娅",
      "skill": 1,
      "skill_usage": 0
    }
  ],
  "difficulty": 3
}