{
    "minimum_required": "v4.0.0",
    "stage_name": "tough_11-11",
    "actions": [
        {
            "type": "SpeedUp"
        },
        {
            "type": "Deploy",
            "name": "山",
            "location": [
                3,
                3
            ],
            "direction": "Right"
        },
        {
            "type": "Deploy",
            "name": "伊芙利特",
            "location": [
                1,
                1
            ],
            "direction": "Right"
        },
        {
            "type": "Deploy",
            "name": "闪灵",
            "location": [
                4,
                4
            ],
            "direction": "Up"
        },
        {
            "type": "Deploy",
            "name": "塞雷娅",
            "location": [
                3,
                1
            ],
            "direction": "Right"
        },
        {
            "type": "Deploy",
            "name": "艾雅法拉",
            "location": [
                4,
                5
            ],
            "direction": "Up"
        },
        {
            "type": "Deploy",
            "name": "夜莺",
            "location": [
                1,
                2
            ],
            "direction": "Right"
        },
        {
            "type": "SkillDaemon"
        }
    ],
    "doc": {
        "title": "第十一章 淬火尘霾 - 11-13（磨难） - 无法停止",
        "details": "作业更新日期: 2023-10-04T06:51:21Z\n统计更新日期: 2024-11-30\n好评率：100.0%  浏览量：4126\n来源：萨拉托加  ID：28602\n11-13磨难 2603\n【【淬火尘霾】明日方舟 主线第十一章 磨难环境 摆完挂机 简单好抄】 https://www.bilibili.com/video/BV1cG411J7Mu/?p=13&share_source=copy_web&vd_source=3fd5040fe25f6a00e19e6072bcccfa4e"
    },
    "groups": [],
    "opers": [
        {
            "name": "山",
            "skill": 2,
            "skill_usage": 2
        },
        {
            "name": "艾雅法拉",
            "skill": 2,
            "skill_usage": 0
        },
        {
            "name": "闪灵",
            "skill": 2,
            "skill_usage": 0
        },
        {
            "name": "塞雷娅",
            "skill": 1,
            "skill_usage": 0
        },
        {
            "name": "伊芙利特",
            "skill": 2,
            "skill_usage": 0
        },
        {
            "name": "夜莺",
            "skill": 2,
            "skill_usage": 0
        }
    ]
}