{
    "minimum_required": "v4.0.0",
    "stage_name": "mem_sidero_1",
    "actions": [
        {
            "type": "Deploy",
            "name": "铸铁",
            "location": [
                1,
                2
            ],
            "direction": "Up"
        },
        {
            "type": "Deploy",
            "name": "米格鲁",
            "location": [
                8,
                1
            ],
            "direction": "Down"
        },
        {
            "type": "SpeedUp"
        },
        {
            "type": "Deploy",
            "name": "蛇屠箱",
            "location": [
                9,
                1
            ],
            "direction": "Down"
        },
        {
            "type": "Deploy",
            "name": "白雪",
            "location": [
                6,
                3
            ],
            "direction": "Right"
        },
        {
            "type": "SpeedUp"
        },
        {
            "type": "Deploy",
            "name": "远山",
            "location": [
                7,
                3
            ],
            "direction": "Right"
        },
        {
            "type": "Skill",
            "kills": 16,
            "name": "铸铁",
            "location": [
                1,
                2
            ]
        },
        {
            "type": "Skill",
            "name": "远山",
            "location": [
                7,
                3
            ],
            "kills": 19
        },
        {
            "type": "Skill",
            "name": "白雪",
            "location": [
                6,
                3
            ],
            "kills": 19
        },
        {
            "type": "Skill",
            "name": "米格鲁",
            "location": [
                8,
                1
            ],
            "kills": 22
        },
        {
            "type": "Skill",
            "name": "蛇屠箱",
            "location": [
                9,
                1
            ],
            "kills": 22
        },
        {
            "type": "SpeedUp"
        },
        {
            "type": "Skill",
            "kills": 34,
            "name": "铸铁",
            "location": [
                1,
                2
            ]
        },
        {
            "type": "Skill",
            "name": "白雪",
            "location": [
                6,
                3
            ],
            "kills": 35
        }
    ],
    "doc": {
        "title": "【铸铁】悖论模拟 - 不息",
        "details": "作业更新日期: 2024-07-10T04:26:09Z\n统计更新日期: 2024-11-30\n好评率：100.0%  浏览量：51\n来源：LobsterJam  ID：39355\n自用\n精二20 lv7\n"
    },
    "groups": [],
    "opers": [
        {
            "name": "铸铁",
            "skill": 2,
            "skill_usage": 0
        }
    ]
}