{
    "minimum_required": "v4.0.0",
    "stage_name": "mem_chen_1",
    "actions": [
        {
            "type": "SpeedUp"
        },
        {
            "type": "Deploy",
            "name": "陈",
            "location": [
                5,
                3
            ],
            "direction": "Down"
        },
        {
            "type": "Deploy",
            "name": "华法琳",
            "location": [
                8,
                2
            ],
            "direction": "Left"
        },
        {
            "type": "Deploy",
            "name": "芙蓉",
            "location": [
                8,
                4
            ],
            "direction": "Left"
        },
        {
            "type": "Skill",
            "name": "陈",
            "location": [
                5,
                3
            ],
            "costs": 29
        },
        {
            "type": "Skill",
            "name": "华法琳",
            "location": [
                8,
                2
            ],
            "costs": 71
        },
        {
            "type": "Skill",
            "name": "陈",
            "location": [
                5,
                3
            ]
        },
        {
            "type": "Skill",
            "name": "华法琳",
            "location": [
                8,
                2
            ],
            "kills": 16,
            "pre_delay": 8000
        },
        {
            "type": "Skill",
            "name": "陈",
            "location": [
                5,
                3
            ]
        }
    ],
    "doc": {
        "title": "近卫 - 陈 - 永不后退",
        "details": "作业更新日期: 2023-04-24T00:55:13Z\n统计更新日期: 2025-03-28\n好评率：90.0%  浏览量：4048\n来源：柚子desu  ID：22864\n上班近卫陈，3技能，已测试\n参考https://www.bilibili.com/video/BV1Zh411Z7KB"
    },
    "groups": [],
    "opers": [
        {
            "name": "陈",
            "skill": 3,
            "skill_usage": 0
        }
    ]
}