{
    "minimum_required": "v4.0.0",
    "stage_name": "tough_14-07",
    "actions": [
        {
            "type": "SpeedUp"
        },
        {
            "type": "Deploy",
            "name": "塑心",
            "location": [
                10,
                3
            ],
            "direction": "Left"
        },
        {
            "type": "Deploy",
            "name": "阿消",
            "location": [
                10,
                4
            ],
            "direction": "Left"
        },
        {
            "type": "Deploy",
            "name": "塞雷娅",
            "location": [
                9,
                1
            ],
            "direction": "Down"
        },
        {
            "type": "Deploy",
            "name": "白面鸮",
            "location": [
                10,
                5
            ],
            "direction": "Up"
        },
        {
            "type": "Deploy",
            "name": "枯朽祭坛",
            "location": [
                8,
                4
            ],
            "direction": "None"
        },
        {
            "type": "Skill",
            "name": "阿消",
            "location": [
                10,
                4
            ],
            "kills": 10
        }
    ],
    "doc": {
        "title": "第十四章 慈悲灯塔 - 14-8（磨难） - 抵近支援作战",
        "details": "统计日期：2024-05-04\n好评率：98.61%  浏览量：1903\n来源：Dr_MO  ID：36718\n第十四章 慈悲灯塔 - 14-8（磨难） - 抵近支援作战"
    },
    "groups": [],
    "opers": [
        {
            "name": "塑心",
            "skill": 1,
            "skill_usage": 0
        },
        {
            "name": "阿消",
            "skill": 2,
            "skill_usage": 1
        },
        {
            "name": "塞雷娅",
            "skill": 1,
            "skill_usage": 0
        },
        {
            "name": "白面鸮",
            "skill": 2,
            "skill_usage": 1
        }
    ]
}