{
    "minimum_required": "v4.0.0",
    "stage_name": "mem_greyy2_1",
    "actions": [
        {
            "type": "Deploy",
            "name": "承曦格雷伊",
            "location": [
                2,
                3
            ],
            "direction": "Right"
        },
        {
            "type": "SpeedUp"
        },
        {
            "type": "Deploy",
            "name": "蜜莓",
            "location": [
                1,
                3
            ],
            "direction": "Right",
            "costs": 15
        },
        {
            "type": "Deploy",
            "name": "克洛丝",
            "location": [
                8,
                5
            ],
            "direction": "Up",
            "costs": 9
        },
        {
            "type": "Skill",
            "name": "承曦格雷伊",
            "location": [
                2,
                3
            ],
            "kills": 24
        },
        {
            "type": "Skill",
            "name": "承曦格雷伊",
            "location": [
                2,
                3
            ],
            "kills": 68
        },
        {
            "type": "SkillUsage",
            "name": "承曦格雷伊",
            "skill_usage": 1
        },
        {
            "type": "SkillDaemon"
        }
    ],
    "doc": {
        "title": "狙击 - 承曦格雷伊 - 光源",
        "details": "作业更新日期: 2023-07-18T16:11:38Z\n统计更新日期: 2024-10-07\n好评率：91.92%  浏览量：1666\n来源：FredEdie  ID：24709\n7级技能"
    },
    "groups": [],
    "opers": [
        {
            "name": "承曦格雷伊",
            "skill": 2,
            "skill_usage": 0
        }
    ]
}