{
    "minimum_required": "v4.0.0",
    "stage_name": "mem_clour_1",
    "actions": [
        {
            "type": "SpeedUp"
        },
        {
            "type": "Deploy",
            "name": "送葬人",
            "location": [
                6,
                4
            ],
            "direction": "Right"
        },
        {
            "type": "Deploy",
            "name": "红云",
            "location": [
                4,
                2
            ],
            "direction": "Left"
        },
        {
            "type": "Skill",
            "location": [
                4,
                2
            ],
            "kills": 4
        },
        {
            "type": "Skill",
            "location": [
                6,
                4
            ],
            "costs": 58
        },
        {
            "type": "Skill",
            "location": [
                4,
                2
            ],
            "costs": 64
        },
        {
            "type": "Skill",
            "location": [
                4,
                2
            ],
            "kills": 29
        }
    ],
    "doc": {
        "title": "悖论模拟 红云 - 离雨之箭",
        "details": "作业更新日期: 2023-09-30T04:48:27Z\n统计更新日期: 2024-10-07\n好评率：91.49%  浏览量：989\n来源：小熊紫苑丶  ID：28504\n红云 二技能\n已测试\n\n请给原作者点赞\nhttps://www.bilibili.com/video/BV1J84y1U74u/?spm_id_from=333.337.search-card.all.click&vd_source=a3734259a482ca55b4be16555860fe0c"
    },
    "groups": [],
    "opers": [
        {
            "name": "红云",
            "skill": 2,
            "skill_usage": 0
        },
        {
            "name": "送葬人",
            "skill": 1,
            "skill_usage": 0
        }
    ]
}