{
    "minimum_required": "v4.0.0",
    "stage_name": "mem_bgsnow_1",
    "actions": [
        {
            "type": "SpeedUp"
        },
        {
            "type": "Deploy",
            "name": "鸿雪",
            "location": [
                5,
                4
            ],
            "direction": "Up"
        },
        {
            "type": "Deploy",
            "name": "“打字机”",
            "location": [
                3,
                2
            ],
            "direction": "Right",
            "costs": 7
        },
        {
            "type": "Skill",
            "name": "鸿雪",
            "location": [
                5,
                4
            ]
        },
        {
            "type": "Deploy",
            "name": "特制水上平台",
            "location": [
                9,
                3
            ],
            "costs": 10,
            "direction": "None"
        },
        {
            "type": "Deploy",
            "name": "“打字机”",
            "location": [
                9,
                3
            ],
            "direction": "Up",
            "costs": 23
        },
        {
            "type": "Skill",
            "name": "鸿雪",
            "location": [
                5,
                4
            ]
        },
        {
            "type": "Deploy",
            "name": "特制水上平台",
            "location": [
                7,
                2
            ],
            "costs": 0,
            "direction": "None"
        },
        {
            "type": "Deploy",
            "name": "“打字机”",
            "location": [
                7,
                2
            ],
            "direction": "Left",
            "costs": 32
        },
        {
            "type": "Skill",
            "name": "鸿雪",
            "location": [
                5,
                4
            ]
        }
    ],
    "doc": {
        "title": "狙击 - 鸿雪 - 书写悲痛",
        "details": "作业更新日期: 2023-03-07T12:16:32Z\n统计更新日期: 2024-10-07\n好评率：95.63%  浏览量：4415\n来源：Ark-Schwarz  ID：21386\n参考BV1qN411c7T8，已测试"
    },
    "groups": [],
    "opers": [
        {
            "name": "鸿雪",
            "skill": 3,
            "skill_usage": 0
        }
    ]
}