{
    "minimum_required": "v4.0.0",
    "stage_name": "mem_shwaz_1",
    "actions": [
        {
            "type": "Deploy",
            "name": "红云",
            "location": [
                6,
                2
            ],
            "direction": "Down"
        },
        {
            "type": "SpeedUp"
        },
        {
            "type": "Deploy",
            "name": "梅",
            "location": [
                4,
                3
            ],
            "direction": "Right"
        },
        {
            "type": "Deploy",
            "name": "障碍物",
            "location": [
                6,
                5
            ],
            "direction": "None"
        },
        {
            "type": "Deploy",
            "name": "黑",
            "location": [
                8,
                3
            ],
            "direction": "Left"
        },
        {
            "type": "Deploy",
            "name": "障碍物",
            "location": [
                6,
                1
            ],
            "direction": "None"
        },
        {
            "type": "Deploy",
            "name": "松果",
            "location": [
                6,
                4
            ],
            "direction": "Up"
        },
        {
            "type": "Skill",
            "name": "红云",
            "location": [
                6,
                2
            ]
        },
        {
            "type": "Skill",
            "name": "黑",
            "location": [
                8,
                3
            ],
            "kills": 7
        },
        {
            "type": "Deploy",
            "name": "轰隆隆先生",
            "location": [
                6,
                3
            ],
            "costs": 11,
            "direction": "None"
        },
        {
            "type": "Deploy",
            "name": "轰隆隆先生",
            "location": [
                6,
                3
            ],
            "direction": "None",
            "costs": 38
        },
        {
            "type": "Output",
            "doc_color": "DarkGoldenrod",
            "doc": "这里如果乱轴了就重开吧^^ "
        },
        {
            "type": "Skill",
            "name": "红云",
            "location": [
                6,
                2
            ]
        },
        {
            "type": "Skill",
            "name": "黑",
            "location": [
                8,
                3
            ],
            "kills": 16,
            "costs": 44
        },
        {
            "type": "Deploy",
            "name": "障碍物",
            "location": [
                4,
                2
            ],
            "kills": 17,
            "direction": "None"
        },
        {
            "type": "Retreat",
            "name": "障碍物",
            "location": [
                4,
                2
            ],
            "kills": 20
        },
        {
            "type": "Skill",
            "name": "黑",
            "location": [
                8,
                3
            ],
            "kills": 25,
            "costs": 89
        },
        {
            "type": "Deploy",
            "name": "轰隆隆先生",
            "location": [
                6,
                3
            ],
            "direction": "None"
        },
        {
            "type": "Skill",
            "name": "红云",
            "location": [
                6,
                2
            ]
        },
        {
            "type": "Deploy",
            "name": "轰隆隆先生",
            "location": [
                6,
                3
            ],
            "kills": 32,
            "direction": "None",
            "rear_delay": 0
        },
        {
            "type": "Skill",
            "name": "红云",
            "location": [
                6,
                2
            ]
        },
        {
            "type": "Skill",
            "name": "黑",
            "location": [
                8,
                3
            ],
            "kills": 34
        },
        {
            "type": "Deploy",
            "name": "障碍物",
            "location": [
                4,
                2
            ],
            "direction": "None",
            "kills": 34,
            "rear_delay": 12000
        }
    ],
    "doc": {
        "title": "狙击 - 黑 - 火力网",
        "details": "作业更新日期: 2023-07-20T11:21:27Z\n统计更新日期: 2024-10-07\n好评率：89.51%  浏览量：3403\n来源：Lappland  ID：24762\n测试等级：20费，精二60级，三技能 7级\n原视频up：19费，精二1级，三技能 7级\n\n测试已通过（偶尔14杀左右红云乱轴，概率事件，重开一下^^）\n\n原视频：【【悖论模拟】黑的标准答案，无专精，精二1级】 https://www.bilibili.com/video/BV1WK4y1D7Jh/?share_source=copy_web&vd_source=ebfd2888d2f40725045243474f8639ef"
    },
    "groups": [],
    "opers": [
        {
            "name": "黑",
            "skill": 3,
            "skill_usage": 0
        }
    ]
}