{
    "minimum_required": "v4.0.0",
    "stage_name": "main_02-04",
    "actions": [
        {
            "type": "SpeedUp"
        },
        {
            "type": "Deploy",
            "name": "芬",
            "location": [
                1,
                5
            ],
            "direction": "Up"
        },
        {
            "type": "Deploy",
            "name": "克洛丝",
            "location": [
                3,
                5
            ],
            "direction": "Right"
        },
        {
            "type": "Deploy",
            "name": "米格鲁",
            "location": [
                1,
                4
            ],
            "direction": "Up"
        },
        {
            "type": "Deploy",
            "name": "梓兰",
            "location": [
                5,
                3
            ],
            "direction": "Left",
            "costs": 26
        },
        {
            "type": "Deploy",
            "name": "安赛尔",
            "location": [
                7,
                2
            ],
            "direction": "Left"
        },
        {
            "type": "Deploy",
            "name": "炎熔",
            "location": [
                2,
                4
            ],
            "direction": "Up"
        },
        {
            "type": "Deploy",
            "name": "芙蓉",
            "location": [
                2,
                5
            ],
            "direction": "Up"
        },
        {
            "type": "Deploy",
            "name": "白雪",
            "location": [
                6,
                1
            ],
            "direction": "Left"
        },
        {
            "type": "Skill",
            "name": "梓兰",
            "location": [
                5,
                3
            ],
            "costs": 61
        },
        {
            "type": "Skill",
            "name": "白雪",
            "location": [
                4,
                1
            ]
        },
        {
            "type": "Skill",
            "name": "安赛尔",
            "location": [
                7,
                2
            ],
            "costs": 0
        },
        {
            "type": "Skill",
            "name": "米格鲁",
            "location": [
                1,
                4
            ],
            "costs": 92
        },
        {
            "type": "Skill",
            "name": "芙蓉",
            "location": [
                2,
                5
            ]
        },
        {
            "type": "Retreat",
            "name": "安赛尔",
            "location": [
                7,
                2
            ]
        },
        {
            "type": "Deploy",
            "name": "蛇屠箱",
            "location": [
                2,
                2
            ],
            "costs": 82,
            "direction": "Up"
        },
        {
            "type": "Skill",
            "name": "炎熔",
            "location": [
                2,
                4
            ]
        }
    ],
    "doc": {
        "title": "第二章 异卵同生 - 2-4 - 企鹅物流",
        "details": "作业更新日期: 2024-07-04T15:58:38Z\n统计更新日期: 2024-10-07\n好评率：100.0%  浏览量：70\n来源：adamcoussins  ID：39115\n第二章 异卵同生 - 2-4 - 企鹅物流\n发现没有第二章2-4的低配攻略，参考的https://www.bilibili.com/video/BV1QP41127iT/"
    },
    "groups": [],
    "opers": [
        {
            "name": "梓兰",
            "skill": 1,
            "skill_usage": 0
        },
        {
            "name": "安赛尔",
            "skill": 1,
            "skill_usage": 0
        },
        {
            "name": "芙蓉",
            "skill": 1,
            "skill_usage": 0
        },
        {
            "name": "芬",
            "skill": 1,
            "skill_usage": 0
        },
        {
            "name": "炎熔",
            "skill": 1,
            "skill_usage": 0
        },
        {
            "name": "克洛丝",
            "skill": 1,
            "skill_usage": 0
        },
        {
            "name": "米格鲁",
            "skill": 1,
            "skill_usage": 0
        },
        {
            "name": "白雪",
            "skill": 1,
            "skill_usage": 0
        },
        {
            "name": "蛇屠箱",
            "skill": 1,
            "skill_usage": 0
        }
    ],
    "difficulty": 1
}