{
    "minimum_required": "v4.0.0",
    "stage_name": "main_02-01",
    "actions": [
        {
            "type": "Deploy",
            "name": "娜仁图亚",
            "location": [
                4,
                2
            ],
            "direction": "Left"
        },
        {
            "type": "SpeedUp"
        },
        {
            "type": "Skill",
            "location": [
                4,
                2
            ],
            "name": "娜仁图亚"
        }
    ],
    "doc": {
        "title": "第二章 异卵同生 - 2-1 - 龙门之行 娜仁图亚单人",
        "details": "——————————\n作业更新日期: 2025-08-06T14:59:31Z\n统计更新日期: 2025-10-31\n相对评分：51.04%  相对热度：49.48%\n来源：一般路过作业人  ID：50600\n——————————\n记得放一个精二干员便于借角色\n原视频链接为【【明日方舟】无需练度就能拿到六星干员魔王和医疗阿米娅？-哔哩哔哩】 https://b23.tv/ggKdc7C"
    },
    "groups": [],
    "opers": [
        {
            "name": "娜仁图亚",
            "skill": 1,
            "skill_usage": 0
        }
    ]
}