{
    "minimum_required": "v4.0.0",
    "stage_name": "main_02-02",
    "actions": [
        {
            "type": "SpeedUp"
        },
        {
            "type": "Deploy",
            "name": "讯使",
            "location": [
                8,
                3
            ],
            "direction": "Left"
        },
        {
            "type": "Deploy",
            "name": "翎羽",
            "location": [
                7,
                3
            ],
            "direction": "Down"
        },
        {
            "type": "Deploy",
            "name": "梓兰",
            "location": [
                2,
                4
            ],
            "direction": "Right"
        },
        {
            "type": "Deploy",
            "name": "芙蓉",
            "location": [
                9,
                4
            ],
            "direction": "Left"
        },
        {
            "type": "Deploy",
            "name": "阿米娅",
            "location": [
                3,
                4
            ],
            "direction": "Left"
        },
        {
            "type": "Deploy",
            "name": "炎熔",
            "location": [
                6,
                3
            ],
            "direction": "Right"
        },
        {
            "type": "Retreat",
            "name": "翎羽",
            "location": [
                7,
                3
            ],
            "kills": 12
        },
        {
            "type": "Deploy",
            "name": "米格鲁",
            "location": [
                7,
                3
            ],
            "direction": "Down",
            "kills": 12
        },
        {
            "type": "Deploy",
            "name": "杰西卡",
            "location": [
                6,
                4
            ],
            "direction": "Right"
        },
        {
            "type": "Deploy",
            "name": "玫兰莎",
            "location": [
                8,
                4
            ],
            "direction": "Left"
        },
        {
            "type": "Retreat",
            "name": "讯使",
            "location": [
                8,
                3
            ],
            "kills": 19
        },
        {
            "type": "Deploy",
            "name": "黑角",
            "location": [
                8,
                3
            ],
            "direction": "Up"
        }
    ],
    "doc": {
        "title": "第二章 异卵同生 - 2-2 - 兵不接刃",
        "details": "——————————\n作业更新日期: 2024-09-23T05:58:26Z\n统计更新日期: 2025-07-11\n好评率：100.0%  浏览量：414\n来源：正容年间  ID：41581\n——————————\n\n自用，参考视频为ps://www.bilibili.com/video/BV164411e7yB?p=16&vd_source=796cea0686161544851c4a8bec15d825"
    },
    "groups": [],
    "opers": [
        {
            "name": "讯使",
            "skill": 1,
            "skill_usage": 1
        },
        {
            "name": "翎羽",
            "skill": 1,
            "skill_usage": 0
        },
        {
            "name": "杰西卡",
            "skill": 1,
            "skill_usage": 0
        },
        {
            "name": "梓兰",
            "skill": 1,
            "skill_usage": 0
        },
        {
            "name": "玫兰莎",
            "skill": 1,
            "skill_usage": 0
        },
        {
            "name": "芙蓉",
            "skill": 1,
            "skill_usage": 0
        },
        {
            "name": "米格鲁",
            "skill": 1,
            "skill_usage": 0
        },
        {
            "name": "黑角",
            "skill": 1,
            "skill_usage": 0
        },
        {
            "name": "阿米娅",
            "skill": 1,
            "skill_usage": 0
        },
        {
            "name": "炎熔",
            "skill": 1,
            "skill_usage": 0
        }
    ]
}