{
    "minimum_required": "v4.0.0",
    "stage_name": "main_02-02",
    "actions": [
        {
            "type": "SpeedUp"
        },
        {
            "type": "Deploy",
            "name": "芬",
            "location": [
                8,
                3
            ],
            "direction": "Left"
        },
        {
            "type": "Deploy",
            "name": "翎羽",
            "location": [
                7,
                3
            ],
            "direction": "Down"
        },
        {
            "type": "Deploy",
            "name": "梓兰",
            "location": [
                3,
                4
            ],
            "direction": "Left"
        },
        {
            "type": "Deploy",
            "name": "芙蓉",
            "location": [
                9,
                4
            ],
            "direction": "Left"
        },
        {
            "type": "Deploy",
            "name": "杜林",
            "location": [
                2,
                4
            ],
            "direction": "Right"
        },
        {
            "type": "Deploy",
            "name": "12F",
            "location": [
                6,
                3
            ],
            "direction": "Right"
        },
        {
            "type": "Deploy",
            "name": "任意近卫",
            "location": [
                8,
                4
            ],
            "direction": "Left"
        },
        {
            "type": "Skill",
            "name": "翎羽",
            "kills": 11
        },
        {
            "type": "Deploy",
            "name": "黑角",
            "location": [
                9,
                3
            ],
            "direction": "Left",
            "costs": 13
        },
        {
            "type": "Retreat",
            "name": "芬",
            "location": [
                8,
                3
            ],
            "kills": 14
        },
        {
            "type": "Deploy",
            "name": "米格鲁",
            "location": [
                8,
                3
            ],
            "direction": "Left"
        },
        {
            "type": "Skill",
            "name": "芙蓉"
        },
        {
            "type": "Retreat",
            "name": "任意近卫",
            "location": [
                8,
                4
            ],
            "kills": 22
        },
        {
            "type": "Deploy",
            "name": "安赛尔",
            "location": [
                9,
                1
            ],
            "direction": "Down"
        },
        {
            "type": "Deploy",
            "name": "Lancet-2",
            "location": [
                8,
                1
            ],
            "direction": "Down"
        },
        {
            "type": "Skill",
            "name": "梓兰",
            "kills": 34
        },
        {
            "type": "Skill",
            "name": "米格鲁"
        },
        {
            "type": "Skill",
            "name": "翎羽",
            "kills": 35
        },
        {
            "type": "Skill",
            "name": "芙蓉",
            "kills": 42
        }
    ],
    "doc": {
        "title": "第二章 异卵同生 - 2-2 - 兵不接刃",
        "details": "统计日期：2024-05-31\n好评率：86.67%  浏览量：283\n来源：聪明的刀客塔  ID：28944\n练度0"
    },
    "groups": [
        {
            "name": "任意近卫",
            "opers": [
                {
                    "name": "玫兰莎",
                    "skill": 1,
                    "skill_usage": 1
                },
                {
                    "name": "泡普卡",
                    "skill": 1,
                    "skill_usage": 1
                }
            ]
        }
    ],
    "opers": [
        {
            "name": "芙蓉",
            "skill": 1,
            "skill_usage": 0
        },
        {
            "name": "芬",
            "skill": 1,
            "skill_usage": 0
        },
        {
            "name": "梓兰",
            "skill": 1,
            "skill_usage": 0
        },
        {
            "name": "米格鲁",
            "skill": 1,
            "skill_usage": 0
        },
        {
            "name": "翎羽",
            "skill": 1,
            "skill_usage": 0
        },
        {
            "name": "12F",
            "skill": 1,
            "skill_usage": 0
        },
        {
            "name": "黑角",
            "skill": 1,
            "skill_usage": 0
        },
        {
            "name": "杜林",
            "skill": 1,
            "skill_usage": 0
        },
        {
            "name": "安赛尔",
            "skill": 1,
            "skill_usage": 0
        },
        {
            "name": "Lancet-2",
            "skill": 1,
            "skill_usage": 0
        }
    ],
    "difficulty": 1
}