{
    "minimum_required": "v4.0.0",
    "stage_name": "main_02-03",
    "actions": [
        {
            "type": "SpeedUp"
        },
        {
            "type": "Deploy",
            "name": "山",
            "location": [
                5,
                1
            ],
            "direction": "Left"
        },
        {
            "type": "Deploy",
            "name": "障碍物",
            "location": [
                4,
                4
            ],
            "direction": "None"
        },
        {
            "type": "Deploy",
            "name": "障碍物",
            "location": [
                5,
                5
            ],
            "direction": "None"
        },
        {
            "type": "Deploy",
            "name": "梓兰",
            "location": [
                2,
                5
            ],
            "direction": "Up"
        },
        {
            "type": "Deploy",
            "name": "杜林",
            "location": [
                2,
                4
            ],
            "direction": "Up"
        },
        {
            "type": "Deploy",
            "name": "史都华德",
            "location": [
                3,
                5
            ],
            "direction": "Left"
        },
        {
            "type": "SkillDaemon"
        }
    ],
    "doc": {
        "title": "第二章 异卵同生 - 2-3 - 无罪推定",
        "details": "作业更新日期: 2023-08-02T14:12:17Z\n统计更新日期: 2024-11-30\n好评率：50.0%  浏览量：504\n来源：lssastar  ID：25061\nUP:瓦姬Official\nhttps://www.bilibili.com/video/BV1584y1z7Tm?p=7&vd_source=fd8b9ea07d5f816a8c60110ff6942394"
    },
    "groups": [],
    "opers": [
        {
            "name": "山",
            "skill": 2,
            "skill_usage": 2
        },
        {
            "name": "梓兰",
            "skill": 1,
            "skill_usage": 1
        },
        {
            "name": "史都华德",
            "skill": 1,
            "skill_usage": 0
        },
        {
            "name": "杜林",
            "skill": 1,
            "skill_usage": 0
        }
    ],
    "difficulty": 3
}