{
    "minimum_required": "v4.0.0",
    "stage_name": "main_02-05",
    "actions": [
        {
            "type": "SpeedUp"
        },
        {
            "type": "Deploy",
            "name": "克洛丝",
            "location": [
                8,
                1
            ],
            "direction": "Left"
        },
        {
            "type": "Deploy",
            "name": "芬",
            "location": [
                7,
                1
            ],
            "direction": "Left",
            "costs": 12
        },
        {
            "type": "Deploy",
            "name": "号角",
            "location": [
                5,
                6
            ],
            "direction": "Left"
        },
        {
            "type": "Deploy",
            "name": "黑角",
            "location": [
                7,
                5
            ],
            "direction": "Down"
        },
        {
            "type": "Deploy",
            "name": "安赛尔",
            "location": [
                8,
                6
            ],
            "direction": "Left"
        },
        {
            "type": "Deploy",
            "name": "芙蓉",
            "location": [
                8,
                3
            ],
            "direction": "Up"
        },
        {
            "type": "SkillDaemon"
        }
    ],
    "doc": {
        "title": "第二章 异卵同生 - 2-5 - 高空坠物",
        "details": "统计日期：2024-05-25\n好评率：57.14%  浏览量：547\n来源：lssastar  ID：25063\nup：瓦姬Official\nhttps://www.bilibili.com/video/BV1584y1z7Tm?p=12&vd_source=fd8b9ea07d5f816a8c60110ff6942394\n\n经测试：精一60号角无好感无法使用，需要精一80级\n易出错：开局克洛丝、芬可能暴毙，需要晚点下芬，白嫖死上方术士\nps：稳定性有待提高"
    },
    "groups": [],
    "opers": [
        {
            "name": "芬",
            "skill": 1,
            "skill_usage": 0
        },
        {
            "name": "芙蓉",
            "skill": 1,
            "skill_usage": 1
        },
        {
            "name": "黑角",
            "skill": 1,
            "skill_usage": 0
        },
        {
            "name": "克洛丝",
            "skill": 1,
            "skill_usage": 0
        },
        {
            "name": "安赛尔",
            "skill": 1,
            "skill_usage": 1
        },
        {
            "name": "号角",
            "skill": 1,
            "skill_usage": 1
        }
    ],
    "difficulty": 3
}