{
    "minimum_required": "v4.0.0",
    "actions": [
        {
            "type": "SpeedUp"
        },
        {
            "type": "Deploy",
            "name": "艾雅法拉",
            "location": [
                3,
                4
            ],
            "direction": "Right"
        },
        {
            "type": "Deploy",
            "name": "拉普兰德",
            "location": [
                7,
                5
            ],
            "direction": "Up"
        },
        {
            "type": "Deploy",
            "name": "安洁莉娜",
            "location": [
                3,
                5
            ],
            "direction": "Up"
        },
        {
            "type": "Output",
            "doc_color": "#6f42c1",
            "doc": "给个好评吧，亲~"
        }
    ],
    "doc": {
        "title": "安洁莉娜模组摆完挂机-实验用反重力模块",
        "details": "统计日期：2024-05-24\n好评率：95.0%  浏览量：415\n来源：作业代传——有问题联系原作者  ID：20844\n侬无言以对模组任务摆完挂机合集:BV1wU4y177Qu\n3星通关主题曲2-7；必须编入非助战安洁莉娜并上场，其他成员仅可编入4名干员\n筱竹聽雨"
    },
    "groups": [],
    "opers": [
        {
            "name": "拉普兰德",
            "skill": 2,
            "skill_usage": 0
        },
        {
            "name": "安洁莉娜",
            "skill": 1,
            "skill_usage": 0
        },
        {
            "name": "艾雅法拉",
            "skill": 2,
            "skill_usage": 0
        }
    ],
    "stage_name": "main_02-07"
}