{
    "minimum_required": "v4.0.0",
    "actions": [
        {
            "type": "SpeedUp"
        },
        {
            "type": "Deploy",
            "name": "白雪",
            "location": [
                1,
                3
            ],
            "direction": "Right"
        },
        {
            "type": "Deploy",
            "name": "推进之王",
            "location": [
                1,
                1
            ],
            "direction": "Right"
        },
        {
            "type": "Deploy",
            "name": "塞雷娅",
            "location": [
                2,
                2
            ],
            "direction": "Right"
        },
        {
            "type": "Output",
            "doc_color": "#6f42c1",
            "doc": "给个好评吧，亲~"
        }
    ],
    "doc": {
        "title": "白雪模组摆完挂机-手里剑",
        "details": "统计日期：2024-05-24\n好评率：92.31%  浏览量：89\n来源：作业代传——有问题联系原作者  ID：20850\n侬无言以对模组任务摆完挂机合集:BV1wU4y177Qu\n3星通关主题曲S2-11; 必须编入非助战白雪并上场，且使用白雪歼灭至少至少15名敌人\n筱竹聽雨"
    },
    "groups": [],
    "opers": [
        {
            "name": "白雪",
            "skill": 1,
            "skill_usage": 0
        },
        {
            "name": "推进之王",
            "skill": 2,
            "skill_usage": 0
        },
        {
            "name": "塞雷娅",
            "skill": 1,
            "skill_usage": 0
        }
    ],
    "stage_name": "sub_02-11"
}