{
    "minimum_required": "v4.0.0",
    "stage_name": "sub_02-10",
    "actions": [
        {
            "type": "SpeedUp"
        },
        {
            "type": "Deploy",
            "name": "羽毛笔",
            "location": [
                7,
                2
            ],
            "direction": "Right"
        },
        {
            "type": "Deploy",
            "name": "玫兰莎",
            "location": [
                6,
                1
            ],
            "direction": "Right"
        },
        {
            "type": "Deploy",
            "name": "芙蓉",
            "location": [
                5,
                3
            ],
            "direction": "Up"
        }
    ],
    "doc": {
        "title": "第二章 异卵同生 - S2-10 - 窒息-1",
        "details": "统计日期：2024-05-24\n好评率：100.0%  浏览量：204\n来源：moran0630  ID：32267\n【【有精二就能杀】明日方舟全主线单核低配-哔哩哔哩】 https://[删除]b23.tv/7IiCTbC"
    },
    "groups": [],
    "opers": [
        {
            "name": "克洛丝",
            "skill": 1,
            "skill_usage": 0
        },
        {
            "name": "玫兰莎",
            "skill": 1,
            "skill_usage": 0
        },
        {
            "name": "芙蓉",
            "skill": 1,
            "skill_usage": 0
        },
        {
            "name": "羽毛笔",
            "skill": 1,
            "skill_usage": 0
        }
    ]
}