{
    "minimum_required": "v4.0.0",
    "stage_name": "sub_02-09",
    "actions": [
        {
            "type": "SpeedUp"
        },
        {
            "type": "Deploy",
            "name": "讯使",
            "location": [
                4,
                5
            ],
            "direction": "Up"
        },
        {
            "type": "Deploy",
            "name": "杰西卡",
            "location": [
                2,
                4
            ],
            "direction": "Right"
        },
        {
            "type": "Deploy",
            "name": "阿消",
            "location": [
                1,
                3
            ],
            "direction": "Up"
        },
        {
            "type": "Deploy",
            "name": "芙蓉",
            "location": [
                3,
                3
            ],
            "direction": "Down"
        },
        {
            "type": "Deploy",
            "name": "流星",
            "location": [
                2,
                3
            ],
            "direction": "Right"
        },
        {
            "type": "Deploy",
            "name": "蛇屠箱",
            "location": [
                4,
                4
            ],
            "direction": "Up"
        },
        {
            "type": "Deploy",
            "name": "阿米娅",
            "location": [
                3,
                4
            ],
            "direction": "Up"
        },
        {
            "type": "Deploy",
            "name": "玫兰莎",
            "location": [
                7,
                3
            ],
            "direction": "Left",
            "kills": 29
        }
    ],
    "doc": {
        "title": "第二章 异卵同生 - S2-9 - 陷阱-2",
        "details": "统计日期：2024-06-01\n好评率：100.0%  浏览量：47\n来源：luka  ID：37288\n【【明日方舟】S2-9攻略 绝对低配+好抄+带解说【小狼XF】】 https://www.bilibili.com/video/BV1n4411a7pa/?share_source=copy_web&vd_source=7daa71e9a5673ece62562961bfa02bb4"
    },
    "groups": [],
    "opers": [
        {
            "name": "杰西卡"
        },
        {
            "name": "流星"
        },
        {
            "name": "蛇屠箱"
        },
        {
            "name": "讯使"
        },
        {
            "name": "芙蓉"
        },
        {
            "name": "阿消"
        },
        {
            "name": "阿米娅"
        },
        {
            "name": "玫兰莎"
        }
    ]
}