{
    "minimum_required": "v4.0.0",
    "stage_name": "sub_02-09",
    "actions": [
        {
            "type": "SpeedUp"
        },
        {
            "type": "Deploy",
            "name": "克洛丝",
            "location": [
                2,
                4
            ],
            "direction": "Right"
        },
        {
            "type": "Deploy",
            "name": "黑角",
            "location": [
                2,
                5
            ],
            "direction": "Right"
        },
        {
            "type": "Deploy",
            "name": "阿消",
            "location": [
                1,
                3
            ],
            "direction": "Up"
        },
        {
            "type": "Deploy",
            "name": "末药",
            "location": [
                2,
                3
            ],
            "direction": "Down"
        },
        {
            "type": "Deploy",
            "name": "12F",
            "location": [
                3,
                4
            ],
            "direction": "Right"
        }
    ],
    "doc": {
        "title": "第二章 异卵同生 - S2-9 - 陷阱-2",
        "details": "作业更新日期: 2024-07-04T18:06:27Z\n统计更新日期: 2024-08-22\n好评率：100.0%  浏览量：55\n来源：adamcoussins  ID：39128\n参考：https://www.bilibili.com/video/BV1U3411P7FW/\n低配，克洛斯精1 30级，末药30级，3星的满级 \ns2-8 和s2-9配置是一样的"
    },
    "groups": [],
    "opers": [
        {
            "name": "克洛丝",
            "skill": 1,
            "skill_usage": 0
        },
        {
            "name": "12F",
            "skill": 1,
            "skill_usage": 0
        },
        {
            "name": "阿消",
            "skill": 1,
            "skill_usage": 0
        },
        {
            "name": "末药",
            "skill": 1,
            "skill_usage": 0
        },
        {
            "name": "黑角",
            "skill": 1,
            "skill_usage": 0
        }
    ]
}