{
    "minimum_required": "v4.0.0",
    "stage_name": "sub_02-09",
    "actions": [
        {
            "type": "Deploy",
            "name": "娜仁图亚",
            "location": [
                6,
                2
            ],
            "direction": "Left"
        },
        {
            "type": "SpeedUp"
        }
    ],
    "doc": {
        "title": "第二章 异卵同生 - S2-9 - 陷阱-2 娜仁图亚单人",
        "details": "——————————\n作业更新日期: 2025-04-20T07:49:34Z\n统计更新日期: 2025-07-30\n相对评分：69.51%  相对热度：62.86%\n来源：一般路过作业人  ID：50619\n——————————\n原视频链接【【明日方舟】无需练度就能拿到六星干员魔王和医疗阿米娅？-哔哩哔哩】 https://b23.tv/ggKdc7C"
    },
    "groups": [],
    "opers": [
        {
            "skill_times": 1,
            "name": "娜仁图亚",
            "skill": 1,
            "skill_usage": 2
        }
    ]
}