{
    "minimum_required": "v4.0.0",
    "stage_name": "mem_mgllan_1",
    "actions": [
        {
            "type": "Deploy",
            "name": "麦哲伦",
            "location": [
                5,
                1
            ],
            "direction": "Left"
        },
        {
            "type": "SpeedUp"
        },
        {
            "type": "Deploy",
            "name": "龙腾.A",
            "location": [
                3,
                5
            ],
            "direction": "Left"
        },
        {
            "type": "Deploy",
            "name": "机械水獭",
            "location": [
                6,
                5
            ],
            "direction": "None"
        },
        {
            "type": "Deploy",
            "name": "龙腾.A",
            "location": [
                2,
                3
            ],
            "direction": "Up"
        },
        {
            "type": "Skill",
            "name": "麦哲伦",
            "location": [
                5,
                1
            ],
            "costs": 24,
            "rear_delay": 8000
        },
        {
            "type": "Deploy",
            "name": "机械水獭",
            "location": [
                10,
                1
            ],
            "direction": "None"
        },
        {
            "type": "Deploy",
            "name": "龙腾.A",
            "location": [
                3,
                5
            ],
            "direction": "Left"
        },
        {
            "type": "Deploy",
            "name": "龙腾.A",
            "location": [
                2,
                3
            ],
            "direction": "Up"
        },
        {
            "type": "Deploy",
            "name": "机械水獭",
            "location": [
                10,
                2
            ],
            "direction": "None"
        },
        {
            "type": "Deploy",
            "name": "龙腾.A",
            "location": [
                8,
                3
            ],
            "direction": "Up"
        },
        {
            "type": "Skill",
            "name": "麦哲伦",
            "location": [
                5,
                1
            ],
            "costs": 62,
            "rear_delay": 8000
        },
        {
            "type": "Deploy",
            "name": "龙腾.A",
            "location": [
                2,
                3
            ],
            "direction": "Up"
        },
        {
            "type": "Deploy",
            "name": "龙腾.A",
            "location": [
                8,
                3
            ],
            "direction": "Up"
        },
        {
            "type": "Deploy",
            "name": "龙腾.A",
            "location": [
                3,
                5
            ],
            "direction": "Left"
        },
        {
            "type": "Deploy",
            "name": "机械水獭",
            "location": [
                9,
                2
            ],
            "direction": "None"
        },
        {
            "type": "Skill",
            "name": "麦哲伦",
            "location": [
                5,
                1
            ],
            "costs": 99,
            "pre_delay": 4000,
            "rear_delay": 8000
        },
        {
            "type": "Deploy",
            "name": "机械水獭",
            "location": [
                6,
                4
            ],
            "direction": "None"
        },
        {
            "type": "Deploy",
            "name": "龙腾.A",
            "location": [
                10,
                3
            ],
            "direction": "Up"
        },
        {
            "type": "Deploy",
            "name": "龙腾.A",
            "location": [
                3,
                5
            ],
            "direction": "Left"
        }
    ],
    "doc": {
        "title": "辅助 - 麦哲伦 -取之不尽,用之不竭",
        "details": "作业更新日期: 2023-04-11T16:53:19Z\n统计更新日期: 2024-12-29\n好评率：88.37%  浏览量：1826\n来源：柚子desu  ID：22516\n辅助 - 麦哲伦 -取之不尽,用之不竭"
    },
    "groups": [],
    "opers": [
        {
            "name": "麦哲伦",
            "skill": 3,
            "skill_usage": 0
        }
    ]
}