{
    "actions": [
        {
            "type": "二倍速"
        },
        {
            "type": "部署",
            "name": "凛冬",
            "location": [
                5,
                3
            ],
            "direction": "右"
        },
        {
            "type": "技能",
            "name": "推进之王",
            "location": [
                3,
                5
            ],
            "kills": 1
        },
        {
            "type": "部署",
            "name": "真理",
            "location": [
                8,
                3
            ],
            "direction": "上"
        },
        {
            "type": "技能",
            "name": "真理",
            "pre_delay": 10500
        },
        {
            "type": "技能",
            "name": "推进之王",
            "location": [
                3,
                5
            ],
            "kills": 13
        },
        {
            "type": "技能",
            "name": "凛冬",
            "location": [
                5,
                3
            ]
        },
        {
            "name": "推进之王",
            "location": [
                3,
                5
            ],
            "type": "技能",
            "kills": 21
        },
        {
            "type": "技能",
            "name": "凛冬",
            "location": [
                5,
                3
            ]
        },
        {
            "type": "部署",
            "name": "早露",
            "location": [
                5,
                4
            ],
            "direction": "右"
        },
        {
            "type": "技能",
            "name": "早露",
            "pre_delay": 10000,
            "location": [
                5,
                4
            ]
        },
        {
            "type": "技能",
            "name": "真理",
            "location": [
                8,
                3
            ]
        },
        {
            "type": "技能",
            "kills": 38,
            "name": "凛冬",
            "location": [
                5,
                3
            ]
        },
        {
            "type": "技能",
            "name": "推进之王",
            "location": [
                3,
                5
            ]
        }
    ],
    "doc": {
        "title": "凛冬悖论模拟",
        "details": "统计日期：2024-05-11\n好评率：91.04%  浏览量：1628\n来源：作业代传——有问题联系原作者  ID：22765\n作者：雪\n测试干员：凛冬 精2 40级 2技能7级"
    },
    "stage_name": "mem_headbr_1",
    "opers": [
        {
            "name": "凛冬",
            "skill": 2,
            "skill_usage": 2
        }
    ],
    "minimum_required": "v4.0.0"
}