{
    "minimum_required": "v4.0.0",
    "stage_name": "mem_puzzle_1",
    "actions": [
        {
            "type": "Deploy",
            "name": "谜图",
            "location": [
                3,
                1
            ],
            "direction": "Down"
        },
        {
            "type": "SpeedUp"
        },
        {
            "type": "Deploy",
            "name": "克洛丝",
            "location": [
                2,
                2
            ],
            "direction": "Right",
            "kills": 1
        },
        {
            "type": "Deploy",
            "name": "蛇屠箱",
            "location": [
                2,
                3
            ],
            "direction": "Right"
        },
        {
            "type": "Retreat",
            "name": "谜图",
            "location": [
                3,
                1
            ],
            "kills": 7
        },
        {
            "type": "Deploy",
            "name": "谜图",
            "location": [
                5,
                5
            ],
            "direction": "Right",
            "kills": 11
        },
        {
            "type": "Skill",
            "name": "谜图"
        }
    ],
    "doc": {
        "title": "先锋 - 谜图 - 看不见的武器",
        "details": "作业更新日期: 2024-09-30T07:00:36Z\n统计更新日期: 2025-03-15\n好评率：90.48%  浏览量：307\n来源：秋之物语  ID：41802\n自制，精二一级，技能7级"
    },
    "groups": [],
    "opers": [
        {
            "name": "谜图",
            "skill": 2,
            "skill_usage": 1
        },
        {
            "name": "克洛丝",
            "skill": 1,
            "skill_usage": 0
        },
        {
            "name": "蛇屠箱",
            "skill": 2,
            "skill_usage": 0
        }
    ]
}