{
  "minimum_required": "v4.0.0",
  "stage_name": "main_07-02",
  "actions": [
    {
      "type": "SpeedUp",
      "rear_delay": 0
    },
    {
      "type": "Deploy",
      "name": "棘刺",
      "location": [
        1,
        1
      ],
      "direction": "Right",
      "rear_delay": 0
    },
    {
      "type": "Deploy",
      "name": "煌",
      "location": [
        2,
        1
      ],
      "direction": "Right",
      "rear_delay": 0
    },
    {
      "type": "Deploy",
      "name": "塞雷娅",
      "location": [
        3,
        1
      ],
      "direction": "Right",
      "doc_color": "#d63384",
      "doc": "合体完成！",
      "rear_delay": 0
    },
    {
      "type": "SkillDaemon"
    }
  ],
  "doc": {
    "title": "第七章 苦难摇篮 - 7-3 - 变节之刃",
    "details": "BV16T4y1Y7DG\nup：祈星_Estrella\n测试干员均精2，90级，7级技能或以上"
  },
  "groups": [],
  "opers": [
    {
      "name": "棘刺",
      "skill": 3,
      "skill_usage": 1
    },
    {
      "name": "煌",
      "skill": 2,
      "skill_usage": 0
    },
    {
      "name": "塞雷娅",
      "skill": 1,
      "skill_usage": 0
    }
  ],
  "difficulty": 2
}