{
  "minimum_required": "v4.0.0",
  "actions": [
    {
      "type": "SpeedUp"
    },
    {
      "type": "Deploy",
      "name": "泡泡",
      "location": [
        2,
        4
      ],
      "direction": "Up"
    },
    {
      "type": "Deploy",
      "name": "能天使",
      "location": [
        6,
        1
      ],
      "direction": "Down"
    },
    {
      "type": "Deploy",
      "name": "煌",
      "location": [
        6,
        2
      ],
      "direction": "Down"
    },
    {
      "type": "Output",
      "doc_color": "#6f42c1",
      "doc": "给个好评吧，亲~"
    }
  ],
  "doc": {
    "title": "泡泡模组摆完挂机-泡泡闪光必杀剑",
    "details": "侬无言以对模组任务摆完挂机合集:BV1wU4y177Qu\n3星通关主题曲4-6；必须编入非助战泡泡并上场，且使用泡泡灭8个敌人\n筱竹聽雨"
  },
  "groups": [],
  "opers": [
    {
      "name": "能天使",
      "skill": 1,
      "skill_usage": 0
    },
    {
      "name": "煌",
      "skill": 2,
      "skill_usage": 0
    },
    {
      "name": "泡泡",
      "skill": 1,
      "skill_usage": 0
    }
  ],
  "stage_name": "obt/main/level_main_04-06"
}