{
  "minimum_required": "v4.0.0",
  "stage_name": "act20side_08",
  "actions": [
    {
      "type": "Deploy",
      "name": "桃金娘",
      "location": [
        2,
        4
      ],
      "direction": "Right"
    },
    {
      "type": "Deploy",
      "name": "令",
      "location": [
        6,
        4
      ],
      "direction": "Left"
    },
    {
      "type": "Deploy",
      "name": "“弦惊”",
      "location": [
        1,
        4
      ],
      "direction": "Right"
    },
    {
      "type": "SpeedUp"
    },
    {
      "type": "Deploy",
      "name": "至简",
      "location": [
        7,
        4
      ],
      "direction": "Right"
    },
    {
      "type": "Deploy",
      "name": "“弦惊”",
      "location": [
        5,
        3
      ],
      "direction": "Down"
    },
    {
      "type": "Deploy",
      "name": "塞雷娅",
      "location": [
        7,
        5
      ],
      "direction": "Right"
    },
    {
      "type": "Deploy",
      "name": "“弦惊”",
      "location": [
        6,
        3
      ],
      "direction": "Left"
    },
    {
      "type": "Retreat",
      "name": "桃金娘",
      "location": [
        2,
        4
      ]
    },
    {
      "type": "Deploy",
      "name": "“弦惊”",
      "location": [
        2,
        4
      ],
      "direction": "Right"
    },
    {
      "type": "SkillDaemon"
    }
  ],
  "doc": {
    "title": "理想城：长夏狂欢季 - IC-8 - 金属气味【至简模组任务】“新家园”",
    "details": "至简模组任务：“新家园”\n任务要求：3星通关别传IC-8;必须编入非助战至简并上场，且使用至简歼灭至少2名蜜酿级醒酒助手\n练度：令精二70级3级模组"
  },
  "groups": [],
  "opers": [
    {
      "name": "令",
      "skill": 3,
      "skill_usage": 1
    },
    {
      "name": "桃金娘",
      "skill": 1,
      "skill_usage": 1
    },
    {
      "name": "至简",
      "skill": 2,
      "skill_usage": 0
    },
    {
      "name": "塞雷娅",
      "skill": 1,
      "skill_usage": 0
    }
  ]
}