{
    "minimum_required": "v4.0.0",
    "stage_name": "tough_10-15",
    "actions": [
        {
            "type": "SpeedUp"
        },
        {
            "type": "Deploy",
            "name": "近卫2",
            "location": [
                3,
                2
            ],
            "direction": "Up"
        },
        {
            "type": "Deploy",
            "name": "伊芙利特",
            "location": [
                6,
                1
            ],
            "direction": "Left"
        },
        {
            "type": "Deploy",
            "name": "近卫1",
            "location": [
                10,
                3
            ],
            "direction": "Down"
        },
        {
            "type": "Deploy",
            "name": "流明",
            "location": [
                6,
                2
            ],
            "direction": "Left"
        },
        {
            "type": "Deploy",
            "name": "吟游者",
            "location": [
                9,
                3
            ],
            "direction": "Left",
            "kills": 17
        },
        {
            "type": "Deploy",
            "name": "群奶",
            "location": [
                9,
                4
            ],
            "direction": "Up"
        },
        {
            "type": "Deploy",
            "name": "塞雷娅",
            "location": [
                10,
                4
            ],
            "direction": "Left"
        },
        {
            "type": "Deploy",
            "name": "闪灵",
            "location": [
                9,
                1
            ],
            "direction": "Down"
        },
        {
            "type": "Output",
            "kills": 23,
            "rear_delay": 10000,
            "doc": "撤退延迟",
            "doc_color": "DeepSkyBlue"
        },
        {
            "type": "Retreat",
            "name": "近卫2",
            "location": [
                3,
                2
            ]
        },
        {
            "type": "Deploy",
            "name": "重装",
            "location": [
                3,
                2
            ],
            "direction": "Up"
        },
        {
            "type": "SkillDaemon"
        }
    ],
    "doc": {
        "title": "第十章 破碎日冕 - 10-17（磨难） - 坚城高墙",
        "details": "——————————\n作业更新日期: 2025-05-02T06:58:51Z\n统计更新日期: 2025-08-30\n相对评分：89.01%  相对热度：71.01%\n来源：苍蓝残响  ID：51871\n——————————\nBV1GY411j72u\nup：萧然Q\n！标准和磨难地图不一样，务必确认难度！\n视频练度：260(?)\n"
    },
    "groups": [
        {
            "name": "近卫1",
            "opers": [
                {
                    "name": "煌",
                    "skill": 2,
                    "skill_usage": 0
                },
                {
                    "skill_times": 2,
                    "name": "棘刺",
                    "skill": 3,
                    "skill_usage": 2
                }
            ]
        },
        {
            "name": "近卫2",
            "opers": [
                {
                    "name": "山",
                    "skill": 2,
                    "skill_usage": 2,
                    "skill_times": 1
                }
            ]
        },
        {
            "name": "重装",
            "opers": [
                {
                    "name": "星熊",
                    "skill": 2,
                    "skill_usage": 0
                },
                {
                    "name": "余",
                    "skill": 2,
                    "skill_usage": 1
                }
            ]
        },
        {
            "name": "群奶",
            "opers": [
                {
                    "name": "夜莺",
                    "skill": 2,
                    "skill_usage": 0
                },
                {
                    "name": "白面鸮",
                    "skill": 2,
                    "skill_usage": 1
                }
            ]
        },
        {
            "name": "吟游者",
            "opers": [
                {
                    "name": "魔王",
                    "skill": 1,
                    "skill_usage": 0
                },
                {
                    "name": "浊心斯卡蒂",
                    "skill": 2,
                    "skill_usage": 0
                }
            ]
        }
    ],
    "opers": [
        {
            "name": "闪灵",
            "skill": 2,
            "skill_usage": 0
        },
        {
            "name": "伊芙利特",
            "skill": 2,
            "skill_usage": 0
        },
        {
            "name": "塞雷娅",
            "skill": 1,
            "skill_usage": 0
        },
        {
            "name": "流明",
            "skill": 3,
            "skill_usage": 2
        },
        {
            "name": "德克萨斯",
            "skill": 2,
            "skill_usage": 1
        }
    ]
}