{
    "minimum_required": "v4.0.0",
    "stage_name": "tough_10-02",
    "actions": [
        {
            "type": "Deploy",
            "name": "芬",
            "location": [
                7,
                5
            ],
            "direction": "Left"
        },
        {
            "type": "Deploy",
            "name": "令",
            "location": [
                7,
                4
            ],
            "direction": "Left"
        },
        {
            "type": "Deploy",
            "name": "“弦惊”",
            "location": [
                6,
                3
            ],
            "direction": "Left"
        },
        {
            "type": "SpeedUp"
        },
        {
            "type": "Deploy",
            "name": "“弦惊”",
            "location": [
                8,
                3
            ],
            "direction": "Up"
        },
        {
            "type": "Deploy",
            "name": "“弦惊”",
            "location": [
                6,
                4
            ],
            "direction": "Up"
        },
        {
            "type": "Deploy",
            "name": "“弦惊”",
            "location": [
                8,
                4
            ],
            "direction": "Up"
        },
        {
            "type": "Deploy",
            "name": "“弦惊”",
            "location": [
                3,
                2
            ],
            "direction": "Up"
        },
        {
            "type": "Deploy",
            "name": "“弦惊”",
            "location": [
                4,
                2
            ],
            "direction": "Left"
        },
        {
            "type": "SkillDaemon"
        }
    ],
    "doc": {
        "title": "第十章 破碎日冕 - 10-3（磨难） - 低下头 - 单核",
        "details": "——————————\n作业更新日期: 2025-02-17T12:06:51Z\n统计更新日期: 2025-07-29\n好评率：96.67%  浏览量：1008\n来源：小卡拉帕鲁灰  ID：47290\n——————————\n\nJSON作者小卡拉帕鲁灰\n令满级，专3，三级y模组，芬要满级，不然可能漏怪\n持续更新中，作业交流群789724611，如果作业有问题可以加群找我，评论区不能及时回复"
    },
    "groups": [],
    "opers": [
        {
            "name": "令",
            "skill": 3,
            "skill_usage": 1
        },
        {
            "name": "芬",
            "skill": 1,
            "skill_usage": 0
        }
    ]
}