{
    "minimum_required": "v4.0.0",
    "stage_name": "main_10-02",
    "actions": [
        {
            "type": "Deploy",
            "name": "塑心",
            "location": [
                7,
                3
            ],
            "direction": "Up"
        },
        {
            "type": "Deploy",
            "name": "耀骑士临光",
            "location": [
                3,
                2
            ],
            "direction": "Up"
        },
        {
            "type": "SpeedUp"
        },
        {
            "type": "Deploy",
            "name": "行医",
            "location": [
                5,
                5
            ],
            "direction": "Up"
        }
    ],
    "doc": {
        "title": "10-3【标准】【化学老师】【凝胶】【自用】",
        "details": "作业更新日期: 2024-04-01T07:00:29Z\n统计更新日期: 2024-10-07\n好评率：75.0%  浏览量：256\n来源：小茜一只  ID：35577\n视频出处https://www.bilibili.com/video/BV19K421t7YF?p=4&vd_source=070056f43601ce081289828f1ebf80bf"
    },
    "groups": [
        {
            "name": "行医",
            "opers": [
                {
                    "name": "纯烬艾雅法拉",
                    "skill": 1,
                    "skill_usage": 0
                },
                {
                    "name": "蜜莓",
                    "skill": 1,
                    "skill_usage": 0
                }
            ]
        }
    ],
    "opers": [
        {
            "name": "塑心",
            "skill": 1,
            "skill_usage": 0
        },
        {
            "name": "耀骑士临光",
            "skill": 1,
            "skill_usage": 0
        }
    ]
}