{
    "minimum_required": "v4.0.0",
    "stage_name": "tough_10-05",
    "actions": [
        {
            "type": "SpeedUp"
        },
        {
            "type": "Deploy",
            "name": "泥岩",
            "location": [
                8,
                6
            ],
            "direction": "Left",
            "costs": 35
        },
        {
            "type": "Deploy",
            "name": "伊芙利特",
            "location": [
                2,
                6
            ],
            "direction": "Right",
            "costs": 33
        }
    ],
    "doc": {
        "title": "10-6刷土信赖",
        "details": "统计日期：2024-06-01\n好评率：92.59%  浏览量：2110\n来源：atrix  ID：21339\n自用"
    },
    "groups": [],
    "opers": [
        {
            "name": "泥岩",
            "skill": 2,
            "skill_usage": 0
        },
        {
            "name": "伊芙利特",
            "skill": 2,
            "skill_usage": 0
        }
    ]
}