{
    "minimum_required": "v4.0.0",
    "stage_name": "main_10-05",
    "actions": [
        {
            "type": "SpeedUp"
        },
        {
            "type": "Deploy",
            "name": "令",
            "location": [
                4,
                3
            ],
            "direction": "Up",
            "costs": 13
        },
        {
            "type": "Deploy",
            "name": "“弦惊”",
            "location": [
                8,
                6
            ],
            "direction": "Up",
            "costs": 19
        },
        {
            "type": "Deploy",
            "name": "“弦惊”",
            "location": [
                7,
                6
            ],
            "kills": 3,
            "costs": 22,
            "direction": "Right"
        },
        {
            "type": "Skill",
            "name": "令",
            "location": [
                4,
                3
            ],
            "kills": 3,
            "costs": 20
        },
        {
            "type": "Deploy",
            "name": "“弦惊”",
            "location": [
                2,
                1
            ],
            "direction": "Down"
        },
        {
            "type": "Deploy",
            "name": "“弦惊”",
            "location": [
                5,
                3
            ],
            "direction": "Up"
        },
        {
            "type": "Deploy",
            "name": "“弦惊”",
            "location": [
                2,
                5
            ],
            "direction": "Up"
        },
        {
            "type": "Retreat",
            "name": "“弦惊”",
            "location": [
                2,
                1
            ],
            "kills": 18
        },
        {
            "type": "Deploy",
            "name": "玛恩纳",
            "location": [
                2,
                1
            ],
            "direction": "Right"
        },
        {
            "type": "Deploy",
            "name": "银灰",
            "location": [
                8,
                3
            ],
            "direction": "Up",
            "kills": 24,
            "costs": 46
        },
        {
            "type": "Skill",
            "name": "令",
            "location": [
                4,
                3
            ],
            "kills": 28
        },
        {
            "type": "Deploy",
            "name": "“弦惊”",
            "location": [
                1,
                3
            ],
            "direction": "Up"
        },
        {
            "type": "Skill",
            "name": "玛恩纳",
            "location": [
                2,
                1
            ],
            "kills": 38,
            "costs": 35
        }
    ],
    "doc": {
        "title": "第十章 破碎日冕 - 10-6（标准） - 虽非同族",
        "details": "统计日期：2024-05-31\n好评率：61.54%  浏览量：543\n来源：2217752992@qq.com  ID：23207\n照搬 B站 化学老施  10-6 作业 视频号：BV1pe411V7Ud（其实是想自己写个完全照搬的作业好挂机刷蓝土，198换泥岩缺土了，各位要用来MAA自动战斗挂机的话随便，顺便麻烦支持一波B站化学老施）\n需要 令 三技能（宁作吾）专三 二级以上模组\n        玛恩纳 三技能（未照耀的荣光）专三\n        银灰等级尽量高 三技能（真银斩）专三 银灰等级一定要高不然开技能太脆会被围殴致死\n目前已经自己测试通过 可以正常使用"
    },
    "groups": [],
    "opers": [
        {
            "name": "令",
            "skill": 3,
            "skill_usage": 0
        },
        {
            "name": "银灰",
            "skill": 3,
            "skill_usage": 1
        },
        {
            "name": "玛恩纳",
            "skill": 3,
            "skill_usage": 0
        }
    ]
}