{
    "minimum_required": "v4.0.0",
    "stage_name": "tough_10-08",
    "actions": [
        {
            "type": "SpeedUp"
        },
        {
            "type": "Deploy",
            "name": "山",
            "location": [
                10,
                3
            ],
            "direction": "Up"
        },
        {
            "type": "Deploy",
            "name": "艾雅法拉",
            "location": [
                9,
                1
            ],
            "direction": "Down"
        },
        {
            "type": "Deploy",
            "name": "闪灵",
            "location": [
                7,
                3
            ],
            "direction": "Right",
            "costs": 30
        },
        {
            "type": "Deploy",
            "name": "夜莺",
            "location": [
                7,
                5
            ],
            "direction": "Up"
        },
        {
            "type": "Deploy",
            "name": "塞雷娅",
            "location": [
                8,
                3
            ],
            "direction": "Up"
        },
        {
            "type": "SkillDaemon"
        }
    ],
    "doc": {
        "title": "第十章 破碎日冕 - 10-9（磨难） - 他乡故知",
        "details": "统计日期：2024-05-25\n好评率：100.0%  浏览量：1829\n来源：路痴的世界  ID：22540\n参考萧然Q攻略BV1GY411j72u"
    },
    "groups": [],
    "opers": [
        {
            "name": "夜莺",
            "skill": 2,
            "skill_usage": 1
        },
        {
            "name": "艾雅法拉",
            "skill": 2,
            "skill_usage": 0
        },
        {
            "name": "山",
            "skill": 2,
            "skill_usage": 2
        },
        {
            "name": "塞雷娅",
            "skill": 1,
            "skill_usage": 0
        },
        {
            "name": "闪灵",
            "skill": 2,
            "skill_usage": 0
        }
    ]
}