{
    "minimum_required": "v4.0.0",
    "stage_name": "camp_r_21",
    "actions": [
        {
            "type": "SpeedUp"
        },
        {
            "type": "Deploy",
            "name": "挡二先锋",
            "location": [
                10,
                3
            ],
            "direction": "Left"
        },
        {
            "type": "Deploy",
            "name": "至少2603的棘刺",
            "location": [
                3,
                3
            ],
            "direction": "Down"
        },
        {
            "type": "Deploy",
            "name": "至少2603的澄闪",
            "location": [
                3,
                5
            ],
            "direction": "Up"
        },
        {
            "type": "Deploy",
            "name": "元素奶（最好是精二的，干员里最好是奶羊）",
            "location": [
                5,
                3
            ],
            "direction": "Left"
        },
        {
            "type": "Deploy",
            "name": "奶盾（最好是塞雷亚和黍且2603，不是也能用）",
            "location": [
                3,
                2
            ],
            "direction": "Down"
        },
        {
            "type": "Deploy",
            "name": "流明/夜莺/华法林/苏落落/白面枭/絮语（最好是精二的）",
            "location": [
                5,
                4
            ],
            "direction": "Left"
        },
        {
            "type": "Deploy",
            "name": "至少2603的提丰",
            "location": [
                7,
                4
            ],
            "direction": "Left"
        },
        {
            "type": "Deploy",
            "name": "任意单奶",
            "location": [
                10,
                4
            ],
            "direction": "Left"
        },
        {
            "type": "SkillDaemon"
        }
    ],
    "doc": {
        "title": "汐斯塔 - 新旅店大道 - 新旅店大道  （棘刺/澄闪/提丰三核，其余通用  摆完挂机）【maa有开不了技能的bug，所以手动开一下棘刺、提丰技能】",
        "details": "作业更新日期: 2024-03-04T08:50:34Z\n统计更新日期: 2024-11-30\n好评率：100.0%  浏览量：2172\n来源：无忧无虑啦  ID：34485\n300杀撤退先锋后，留个部署位可以给快活如翼德/夜刃等，42，叔叔，以用于救场，避免意外。叔叔可以提前放在强攻手左边一格，即（9，3）位置\n------------------------------\n测试练度：棘刺、澄闪、提丰：2603，其中提丰有模组，没有能不能行暂不清楚，其余精一满级，技能7级\n------------------------------\n棘刺，提丰，澄闪必须专三！！！\n------------------------------\n有问题群找”无忧“"
    },
    "groups": [
        {
            "name": "元素奶（最好是精二的，干员里最好是奶羊）",
            "opers": [
                {
                    "name": "哈洛德",
                    "skill": 1,
                    "skill_usage": 1
                },
                {
                    "name": "桑葚",
                    "skill": 1,
                    "skill_usage": 0
                },
                {
                    "name": "蜜莓",
                    "skill": 2,
                    "skill_usage": 1
                },
                {
                    "name": "纯烬艾雅法拉"
                }
            ]
        },
        {
            "name": "奶盾（最好是塞雷亚和黍且2603，不是也能用）",
            "opers": [
                {
                    "name": "临光",
                    "skill": 1,
                    "skill_usage": 0
                },
                {
                    "name": "塞雷娅",
                    "skill": 1,
                    "skill_usage": 0
                },
                {
                    "name": "黍",
                    "skill": 1,
                    "skill_usage": 0
                },
                {
                    "name": "深律",
                    "skill": 1,
                    "skill_usage": 0
                },
                {
                    "name": "吽",
                    "skill": 1,
                    "skill_usage": 0
                },
                {
                    "name": "瑕光",
                    "skill": 1,
                    "skill_usage": 0
                }
            ]
        },
        {
            "name": "任意单奶",
            "opers": [
                {
                    "name": "嘉维尔",
                    "skill": 1,
                    "skill_usage": 0
                },
                {
                    "name": "芙蓉",
                    "skill": 1,
                    "skill_usage": 1
                },
                {
                    "name": "明椒",
                    "skill": 1,
                    "skill_usage": 0
                },
                {
                    "name": "闪灵",
                    "skill": 3,
                    "skill_usage": 1
                },
                {
                    "name": "安赛尔",
                    "skill": 1,
                    "skill_usage": 1
                }
            ]
        },
        {
            "name": "挡二先锋",
            "opers": [
                {
                    "name": "嵯峨",
                    "skill": 1,
                    "skill_usage": 0
                },
                {
                    "name": "德克萨斯",
                    "skill": 1,
                    "skill_usage": 0
                },
                {
                    "name": "红隼",
                    "skill": 1,
                    "skill_usage": 0
                },
                {
                    "name": "贾维",
                    "skill": 1,
                    "skill_usage": 0
                },
                {
                    "name": "凛冬",
                    "skill": 1,
                    "skill_usage": 0
                },
                {
                    "name": "推进之王",
                    "skill": 1,
                    "skill_usage": 0
                },
                {
                    "name": "青枳",
                    "skill": 1,
                    "skill_usage": 0
                }
            ]
        },
        {
            "name": "流明/夜莺/华法林/苏落落/白面枭/絮语（最好是精二的）",
            "opers": [
                {
                    "name": "流明",
                    "skill": 1,
                    "skill_usage": 0
                },
                {
                    "name": "华法琳",
                    "skill": 1,
                    "skill_usage": 0
                },
                {
                    "name": "夜莺",
                    "skill": 2,
                    "skill_usage": 0
                },
                {
                    "name": "苏苏洛",
                    "skill": 1,
                    "skill_usage": 1
                },
                {
                    "name": "絮雨",
                    "skill": 2,
                    "skill_usage": 0
                },
                {
                    "name": "白面鸮",
                    "skill": 2,
                    "skill_usage": 1
                }
            ]
        },
        {
            "name": "至少2603的澄闪",
            "opers": [
                {
                    "name": "澄闪",
                    "skill": 2,
                    "skill_usage": 0
                }
            ]
        },
        {
            "name": "至少2603的棘刺",
            "opers": [
                {
                    "name": "棘刺",
                    "skill": 3,
                    "skill_usage": 1
                }
            ]
        },
        {
            "name": "至少2603的提丰",
            "opers": [
                {
                    "name": "提丰",
                    "skill": 2,
                    "skill_usage": 1
                }
            ]
        }
    ],
    "opers": []
}