{
    "minimum_required": "v4.0.0",
    "stage_name": "camp_r_19",
    "actions": [
        {
            "type": "Deploy",
            "name": "桃金娘",
            "location": [
                2,
                6
            ],
            "direction": "Right"
        },
        {
            "type": "Deploy",
            "name": "菲亚梅塔",
            "location": [
                1,
                5
            ],
            "direction": "Right"
        },
        {
            "type": "SpeedUp"
        },
        {
            "type": "Deploy",
            "name": "塞雷娅",
            "location": [
                4,
                4
            ],
            "direction": "Right"
        },
        {
            "type": "Deploy",
            "name": "能天使",
            "location": [
                2,
                3
            ],
            "direction": "Up"
        },
        {
            "type": "Deploy",
            "name": "白面鸮",
            "location": [
                2,
                5
            ],
            "direction": "Right"
        },
        {
            "type": "Skill",
            "name": "白面鸮",
            "location": [
                2,
                5
            ],
            "pre_delay": 15000
        },
        {
            "type": "Deploy",
            "name": "号角",
            "location": [
                4,
                6
            ],
            "direction": "Right"
        },
        {
            "type": "SkillUsage",
            "name": "桃金娘",
            "skill_usage": 0,
            "costs": 30
        },
        {
            "type": "Retreat",
            "name": "桃金娘",
            "location": [
                2,
                6
            ]
        },
        {
            "type": "Deploy",
            "name": "桃金娘",
            "location": [
                3,
                4
            ],
            "direction": "Left"
        },
        {
            "type": "SkillDaemon"
        }
    ],
    "doc": {
        "title": "维多利亚 - 腐烂荒野 【新剿灭六人稳定挂机】",
        "details": "统计日期：2024-06-01\n好评率：88.89%  浏览量：1354\n来源：小卡拉帕鲁灰🐖  ID：29532\n菲亚梅塔是60级专3没有模组的\n桃子专3的轴开局下路刚好不会漏（也不排除抽风）\n你们打的时候可以多带一个砾或者德，防止桃子在下路开局漏怪\n号角下去后就可以稳定挂机了\nhttps://www.bilibili.com/video/BV1HC4y1H7kL/?spm_id_from=333.999.0.0&vd_source=10857a8c905c104ca2eab27415c72ffc"
    },
    "groups": [],
    "opers": [
        {
            "name": "桃金娘",
            "skill": 1,
            "skill_usage": 1
        },
        {
            "name": "菲亚梅塔",
            "skill": 3,
            "skill_usage": 2
        },
        {
            "name": "白面鸮",
            "skill": 2,
            "skill_usage": 0
        },
        {
            "name": "塞雷娅",
            "skill": 1,
            "skill_usage": 0
        },
        {
            "name": "能天使",
            "skill": 3,
            "skill_usage": 0
        },
        {
            "name": "号角",
            "skill": 1,
            "skill_usage": 0
        }
    ]
}