{
    "minimum_required": "v4.0.0",
    "stage_name": "camp_r_19",
    "actions": [
        {
            "type": "Deploy",
            "name": "德克萨斯",
            "location": [
                4,
                4
            ],
            "direction": "Right"
        },
        {
            "type": "Deploy",
            "name": "白面鸮",
            "location": [
                4,
                3
            ],
            "direction": "Down"
        },
        {
            "type": "Deploy",
            "name": "艾雅法拉",
            "location": [
                4,
                5
            ],
            "direction": "Right"
        },
        {
            "type": "SpeedUp"
        },
        {
            "type": "Deploy",
            "name": "能天使",
            "location": [
                2,
                5
            ],
            "direction": "Right"
        },
        {
            "type": "Deploy",
            "name": "奶盾",
            "location": [
                4,
                6
            ],
            "direction": "Right"
        },
        {
            "type": "Retreat",
            "name": "能天使",
            "location": [
                2,
                5
            ],
            "kills": 8
        },
        {
            "type": "Deploy",
            "name": "伊芙利特",
            "location": [
                5,
                7
            ],
            "direction": "Up"
        },
        {
            "type": "Deploy",
            "name": "能天使",
            "location": [
                4,
                2
            ],
            "direction": "Left"
        },
        {
            "type": "Deploy",
            "name": "补奶",
            "location": [
                2,
                5
            ],
            "direction": "Right"
        },
        {
            "type": "Deploy",
            "name": "煌",
            "location": [
                5,
                4
            ],
            "direction": "Up"
        },
        {
            "type": "SkillUsage",
            "name": "白面鸮",
            "skill_usage": 1
        },
        {
            "type": "SkillDaemon",
            "doc_color": "DarkCyan",
            "doc": "如果觉得实用，请赏个好评吧~"
        }
    ],
    "doc": {
        "title": "剿灭作战 - 腐烂荒野",
        "details": "统计日期：2024-06-01\n好评率：87.5%  浏览量：1584\n来源：Chiho  ID：29527\n萧然Q，https://www.bilibili.com/video/BV1sg4y1o7g7?p=2\njson:Issuing2890"
    },
    "groups": [
        {
            "name": "补奶",
            "opers": [
                {
                    "name": "流明",
                    "skill": 1,
                    "skill_usage": 0
                },
                {
                    "name": "纯烬艾雅法拉",
                    "skill": 1,
                    "skill_usage": 0
                }
            ]
        },
        {
            "name": "奶盾",
            "opers": [
                {
                    "name": "塞雷娅",
                    "skill": 2,
                    "skill_usage": 0
                },
                {
                    "name": "临光",
                    "skill": 1,
                    "skill_usage": 0
                }
            ]
        }
    ],
    "opers": [
        {
            "name": "德克萨斯",
            "skill": 1,
            "skill_usage": 0
        },
        {
            "name": "煌",
            "skill": 2,
            "skill_usage": 0
        },
        {
            "name": "能天使",
            "skill": 3,
            "skill_usage": 0
        },
        {
            "name": "艾雅法拉",
            "skill": 2,
            "skill_usage": 0
        },
        {
            "name": "伊芙利特",
            "skill": 2,
            "skill_usage": 0
        },
        {
            "name": "白面鸮",
            "skill": 1,
            "skill_usage": 0
        }
    ]
}