{
    "minimum_required": "v4.0.0",
    "doc": {
        "title": "10-9磨难双人",
        "details": "统计日期：2024-06-01\n好评率：98.77%  浏览量：5169\n来源：一只摆烂的42  ID：20623\nhttps://www.bilibili.com/video/av638173279/"
    },
    "stage_name": "tough_10-08",
    "opers": [
        {
            "name": "山",
            "skill": 2,
            "skill_usage": 2
        },
        {
            "name": "凯尔希",
            "skill": 3,
            "skill_usage": 1
        }
    ],
    "actions": [
        {
            "type": "部署",
            "name": "山",
            "location": [
                3,
                2
            ],
            "direction": "上",
            "doc_color": "Gray"
        },
        {
            "type": "部署",
            "name": "凯尔希",
            "location": [
                9,
                1
            ],
            "direction": "下",
            "doc_color": "Gray"
        },
        {
            "type": "部署",
            "name": "Mon3tr",
            "location": [
                10,
                5
            ],
            "direction": "下",
            "doc_color": "Gray"
        },
        {
            "type": "SpeedUp",
            "name": "",
            "doc_color": "Gray"
        },
        {
            "type": "Output",
            "name": "",
            "doc": "制作者2586582719",
            "doc_color": "SpringGreen"
        },
        {
            "type": "SkillDaemon",
            "name": "",
            "doc_color": "Gray"
        }
    ]
}