{
    "actions": [
        {
            "type": "二倍速"
        },
        {
            "type": "部署",
            "name": "卡缇",
            "location": [
                9,
                3
            ],
            "direction": "左"
        },
        {
            "type": "部署",
            "name": "干扰地雷",
            "location": [
                1,
                2
            ]
        },
        {
            "type": "部署",
            "name": "干扰地雷",
            "location": [
                8,
                3
            ]
        },
        {
            "name": "干扰地雷",
            "type": "部署",
            "location": [
                9,
                4
            ]
        },
        {
            "name": "干扰地雷",
            "type": "部署",
            "location": [
                1,
                4
            ]
        },
        {
            "name": "干扰地雷",
            "type": "部署",
            "location": [
                1,
                2
            ]
        },
        {
            "type": "部署",
            "name": "干扰地雷",
            "location": [
                9,
                5
            ]
        },
        {
            "name": "干扰地雷",
            "type": "部署",
            "location": [
                8,
                3
            ],
            "kills": 1
        },
        {
            "location": [
                9,
                2
            ],
            "type": "部署",
            "name": "干扰地雷"
        },
        {
            "name": "干扰地雷",
            "type": "部署",
            "location": [
                1,
                4
            ]
        },
        {
            "location": [
                1,
                2
            ],
            "type": "部署",
            "name": "干扰地雷"
        },
        {
            "location": [
                7,
                3
            ],
            "kills": 4,
            "type": "部署",
            "name": "干扰地雷"
        },
        {
            "type": "部署",
            "location": [
                9,
                5
            ],
            "name": "干扰地雷"
        },
        {
            "location": [
                9,
                1
            ],
            "type": "部署",
            "name": "干扰地雷"
        },
        {
            "location": [
                5,
                2
            ],
            "type": "部署",
            "name": "干扰地雷"
        },
        {
            "location": [
                5,
                4
            ],
            "type": "部署",
            "name": "干扰地雷"
        },
        {
            "type": "部署",
            "location": [
                8,
                3
            ],
            "name": "干扰地雷"
        },
        {
            "type": "部署",
            "location": [
                9,
                4
            ],
            "name": "干扰地雷"
        },
        {
            "type": "部署",
            "location": [
                9,
                4
            ],
            "name": "干扰地雷"
        },
        {
            "type": "部署",
            "name": "干扰地雷",
            "kills": 9,
            "location": [
                9,
                1
            ]
        },
        {
            "type": "部署",
            "name": "干扰地雷",
            "location": [
                9,
                2
            ]
        },
        {
            "type": "部署",
            "location": [
                9,
                4
            ],
            "kills": 12,
            "name": "干扰地雷"
        },
        {
            "type": "打印",
            "doc": "《教我如何不想她?》",
            "pre_delay": 100
        },
        {
            "type": "打印",
            "doc": "刘半农"
        },
        {
            "type": "打印",
            "doc": " "
        },
        {
            "type": "打印",
            "doc": "天上飘着些微云，",
            "pre_delay": 100
        },
        {
            "type": "打印",
            "doc": "地上吹着些微风。"
        },
        {
            "type": "打印",
            "doc": "啊!"
        },
        {
            "type": "打印",
            "doc": "微风吹动了我头发，",
            "pre_delay": 200
        },
        {
            "type": "打印",
            "doc": "教我如何不想她?"
        },
        {
            "type": "打印",
            "doc": "月光恋爱着海洋，",
            "pre_delay": 200
        },
        {
            "type": "打印",
            "doc": "海洋恋爱着月光。"
        },
        {
            "type": "打印",
            "doc": "啊!",
            "pre_delay": 100
        },
        {
            "type": "打印",
            "doc": "这般蜜也似的银夜，"
        },
        {
            "doc": "教我如何不想她?",
            "type": "打印"
        },
        {
            "doc": "水面落花慢慢流，",
            "type": "打印",
            "pre_delay": 200
        },
        {
            "doc": "水底鱼儿慢慢游。",
            "type": "打印"
        },
        {
            "doc": "啊!",
            "type": "打印",
            "pre_delay": 100
        },
        {
            "doc": "燕子你说些什么话?",
            "type": "打印"
        },
        {
            "doc": "教我如何不想她?",
            "type": "打印"
        },
        {
            "doc": "枯树在冷风里摇，",
            "type": "打印",
            "pre_delay": 200
        },
        {
            "doc": "野火在暮色中烧。",
            "type": "打印"
        },
        {
            "doc": "啊!",
            "type": "打印",
            "pre_delay": 100
        },
        {
            "doc": "西天还有些儿残霞，",
            "type": "打印",
            "pre_delay": 200
        },
        {
            "doc": "教我如何不想她?",
            "type": "打印",
            "pre_delay": 200
        }
    ],
    "stage_name": "mem_ardign_1",
    "doc": {
        "title": "都放下来！",
        "details": "——————————\n作业更新日期: 2023-04-19T07:07:55Z\n统计更新日期: 2025-10-09\n相对评分：71.74000000000001%  相对热度：47.67%\n来源：作业代传——有问题联系原作者  ID：22749\n——————————\n测试等级：卡缇卡精一55，一技能7级\n测试版本：397\n"
    },
    "opers": [
        {
            "name": "卡缇",
            "skill_usage": 1,
            "skill": 1
        }
    ],
    "groups": [],
    "minimum_required": "v4.0.0"
}