{
    "minimum_required": "v4.0.0",
    "stage_name": "mem_judge_1",
    "actions": [
        {
            "type": "SpeedUp"
        },
        {
            "type": "Deploy",
            "name": "伺夜",
            "location": [
                3,
                4
            ],
            "direction": "Right"
        },
        {
            "type": "Deploy",
            "name": "狼群",
            "location": [
                4,
                3
            ],
            "direction": "None"
        },
        {
            "type": "Deploy",
            "name": "德克萨斯",
            "location": [
                5,
                2
            ],
            "direction": "Down"
        },
        {
            "type": "Skill",
            "name": "德克萨斯",
            "location": [
                5,
                2
            ],
            "costs": 28
        },
        {
            "type": "Deploy",
            "name": "斥罪",
            "location": [
                5,
                3
            ],
            "direction": "Right",
            "costs": 36
        },
        {
            "type": "Skill",
            "name": "德克萨斯",
            "location": [
                5,
                2
            ],
            "costs": 52
        },
        {
            "type": "Skill",
            "name": "斥罪",
            "location": [
                5,
                3
            ],
            "costs": 70
        },
        {
            "type": "Skill",
            "name": "德克萨斯",
            "location": [
                5,
                2
            ],
            "kills": 23,
            "rear_delay": 5000
        },
        {
            "type": "Skill",
            "name": "斥罪",
            "location": [
                5,
                3
            ],
            "kills": 23,
            "rear_delay": 7000
        },
        {
            "type": "Skill",
            "name": "德克萨斯",
            "location": [
                5,
                2
            ],
            "kills": 60,
            "rear_delay": 4000
        },
        {
            "type": "Skill",
            "name": "斥罪",
            "location": [
                5,
                3
            ],
            "kills": 62,
            "cooling": 0
        }
    ],
    "doc": {
        "title": "重装 - 斥罪 - 坚如信念-悖论模拟",
        "details": "——————————\n作业更新日期: 2024-11-24T02:26:19Z\n统计更新日期: 2025-10-16\n相对评分：79.38%  相对热度：56.71000000000001%\n来源：CosDelta  ID：43904\n——————————\n精二70级二技能7级无专精无模组，参考视频：BV1hF4m1T7AH。"
    },
    "groups": [],
    "opers": [
        {
            "name": "斥罪",
            "skill": 2,
            "skill_usage": 0
        },
        {
            "name": "德克萨斯",
            "skill": 2,
            "skill_usage": 0
        },
        {
            "name": "伺夜",
            "skill": 1,
            "skill_usage": 0
        }
    ]
}