{
    "minimum_required": "v4.0.0",
    "stage_name": "mem_ashlok_1",
    "actions": [
        {
            "type": "Deploy",
            "name": "灰毫",
            "location": [
                2,
                4
            ],
            "direction": "Right"
        },
        {
            "type": "SpeedUp"
        },
        {
            "type": "Deploy",
            "name": "障碍物",
            "direction": "None",
            "location": [
                2,
                3
            ]
        },
        {
            "type": "Deploy",
            "name": "障碍物",
            "location": [
                2,
                5
            ],
            "direction": "None"
        },
        {
            "type": "Deploy",
            "name": "临光",
            "direction": "Right",
            "location": [
                4,
                4
            ]
        },
        {
            "type": "Deploy",
            "direction": "None",
            "name": "障碍物",
            "location": [
                3,
                3
            ]
        },
        {
            "type": "SkillDaemon"
        }
    ],
    "doc": {
        "title": "【悖论模拟】-灰毫-轰响 ",
        "details": "——————————\n作业更新日期: 2025-09-07T04:13:06Z\n统计更新日期: 2025-09-08\n相对评分：100.0%  相对热度：100.0%\n来源：筱竹聽雨  ID：67563\n——————————\n精二一级六级技能\n超级咸鱼的咸鱼：BV1EdamzAEHu\n林思雨"
    },
    "groups": [],
    "opers": [
        {
            "name": "灰毫",
            "skill": 2,
            "skill_usage": 1
        }
    ]
}