{
    "actions": [
        {
            "type": "二倍速"
        },
        {
            "type": "部署",
            "name": "白面鸮",
            "location": [
                8,
                5
            ],
            "direction": "上"
        },
        {
            "location": [
                4,
                2
            ],
            "type": "部署",
            "name": "蓝毒",
            "direction": "左"
        },
        {
            "type": "部署",
            "kills": 2,
            "name": "傀影",
            "location": [
                2,
                6
            ],
            "direction": "上"
        },
        {
            "type": "撤退",
            "name": "傀影",
            "location": [
                2,
                6
            ]
        },
        {
            "type": "部署",
            "kills": 13,
            "name": "傀影",
            "location": [
                10,
                2
            ],
            "direction": "上",
            "pre_delay": 500
        },
        {
            "type": "部署",
            "name": "镜中虚影",
            "location": [
                9,
                2
            ],
            "direction": "左"
        },
        {
            "type": "撤退",
            "name": "傀影",
            "location": [
                10,
                2
            ]
        },
        {
            "type": "技能",
            "kills": 23,
            "name": "蓝毒",
            "location": [
                4,
                2
            ]
        },
        {
            "type": "部署",
            "kills": 33,
            "name": "傀影",
            "location": [
                6,
                4
            ],
            "direction": "左",
            "pre_delay": 7500
        },
        {
            "type": "部署",
            "kills": 38,
            "name": "镜中虚影",
            "location": [
                7,
                5
            ],
            "direction": "下"
        },
        {
            "type": "技能",
            "name": "清道夫",
            "location": [
                9,
                6
            ]
        },
        {
            "type": "技能",
            "name": "凛冬",
            "location": [
                9,
                4
            ]
        },
        {
            "type": "撤退",
            "kills": 47,
            "name": "傀影",
            "location": [
                6,
                4
            ]
        },
        {
            "type": "技能",
            "kills": 48,
            "name": "蓝毒",
            "location": [
                4,
                2
            ]
        },
        {
            "type": "二倍速"
        },
        {
            "type": "部署",
            "name": "傀影",
            "location": [
                2,
                1
            ],
            "direction": "下",
            "pre_delay": 6000
        },
        {
            "type": "部署",
            "name": "镜中虚影",
            "location": [
                2,
                2
            ],
            "direction": "下"
        },
        {
            "type": "撤退",
            "name": "傀影",
            "location": [
                1,
                2
            ]
        },
        {
            "type": "技能",
            "name": "白面鸮",
            "location": [
                8,
                5
            ]
        },
        {
            "type": "技能",
            "name": "清道夫",
            "location": [
                9,
                6
            ]
        },
        {
            "type": "技能",
            "name": "凛冬",
            "location": [
                9,
                4
            ]
        }
    ],
    "stage_name": "mem_phatom_1",
    "doc": {
        "title": "傀影悖论模拟",
        "details": "作者：snowflake\n测试干员：傀影 精2 90级 三技能专三 模1\n作业参考视频：https://www.bilibili.com/video/av203180549"
    },
    "opers": [
        {
            "name": "傀影",
            "skill": 3
        }
    ],
    "minimum_required": "v4.0.0"
}