{
    "minimum_required": "v4.0.0",
    "stage_name": "mem_shu_1",
    "actions": [
        {
            "type": "SpeedUp"
        },
        {
            "type": "Deploy",
            "name": "黍",
            "location": [
                4,
                3
            ],
            "direction": "Right"
        },
        {
            "type": "Skill",
            "name": "黍",
            "location": [
                4,
                3
            ],
            "kills": 10
        },
        {
            "type": "Skill",
            "name": "黍",
            "location": [
                4,
                3
            ],
            "pre_delay": 42000
        }
    ],
    "doc": {
        "title": "黍黍悖论模拟",
        "details": "作业更新日期: 2025-02-14T14:37:17Z\n统计更新日期: 2025-03-07\n好评率：73.33%  浏览量：345\n来源：游梦喵Zzz  ID：47069\n黍黍我啊，【【明日方舟】黍 悖论模拟/无需专精/看一遍就过/简单操作｜焦炭 相见欢】 https://www.bilibili.com/video/BV1DTf8YdERQ/?share_source=copy_web&vd_source=a9e75c7f68d71051faf501f923d9d329\njson作者：喵师傅\n\n\n"
    },
    "groups": [],
    "opers": [
        {
            "name": "黍",
            "skill": 3,
            "skill_usage": 0
        }
    ]
}