{
    "minimum_required": "v4.0.0",
    "stage_name": "main_11-11",
    "actions": [
        {
            "type": "SpeedUp"
        },
        {
            "type": "Deploy",
            "name": "煌",
            "location": [
                2,
                4
            ],
            "direction": "Up"
        },
        {
            "type": "Deploy",
            "name": "塞雷娅",
            "location": [
                2,
                3
            ],
            "direction": "Up"
        },
        {
            "type": "Deploy",
            "name": "夜莺",
            "location": [
                1,
                3
            ],
            "direction": "Up"
        },
        {
            "type": "Deploy",
            "name": "艾雅法拉",
            "location": [
                1,
                2
            ],
            "direction": "Right"
        }
    ],
    "doc": {
        "title": "煌模组四人摆完挂机",
        "details": "统计日期：2024-05-24\n好评率：90.91%  浏览量：2246\n来源：月白今天抄作业了吗  ID：25776\n作业来源  https://www.bilibili.com/video/BV1t841127G4/\n脚本作者 月白"
    },
    "groups": [],
    "opers": [
        {
            "name": "艾雅法拉",
            "skill": 2,
            "skill_usage": 0
        },
        {
            "name": "煌",
            "skill": 2,
            "skill_usage": 0
        },
        {
            "name": "塞雷娅",
            "skill": 1,
            "skill_usage": 0
        },
        {
            "name": "夜莺",
            "skill": 2,
            "skill_usage": 0
        }
    ]
}