{
    "minimum_required": "v4.0.0",
    "stage_name": "wk_melee_6",
    "actions": [
        {
            "type": "SpeedUp"
        },
        {
            "type": "Deploy",
            "name": "煌",
            "location": [
                2,
                1
            ],
            "direction": "Down"
        },
        {
            "type": "Deploy",
            "name": "塞雷娅",
            "location": [
                1,
                2
            ],
            "direction": "Right"
        },
        {
            "type": "Deploy",
            "name": "拉普兰德",
            "location": [
                1,
                3
            ],
            "direction": "Right",
            "costs": 17
        },
        {
            "type": "SkillDaemon"
        }
    ],
    "doc": {
        "title": "货物运送 - CE-6 - 实验原件押运",
        "details": "作业更新日期: 2023-04-30T04:42:32Z\n统计更新日期: 2024-11-30\n好评率：100.0%  浏览量：134\n来源：纳米繁星  ID：23070\n自用，道爷的攻略https://www.bilibili.com/video/BV1G44y1u7L6/"
    },
    "groups": [],
    "opers": [
        {
            "name": "塞雷娅",
            "skill": 1,
            "skill_usage": 0
        },
        {
            "name": "煌",
            "skill": 2,
            "skill_usage": 0
        },
        {
            "name": "拉普兰德",
            "skill": 2,
            "skill_usage": 0
        }
    ]
}