{
  "minimum_required": "v4.0.0",
  "stage_name": "main_07-07",
  "actions": [
    {
      "type": "Deploy",
      "name": "风笛",
      "location": [
        7,
        2
      ],
      "direction": "Up"
    },
    {
      "type": "SpeedUp"
    },
    {
      "type": "Deploy",
      "name": "山",
      "location": [
        2,
        3
      ],
      "direction": "Up"
    },
    {
      "type": "Deploy",
      "name": "白面鸮",
      "location": [
        8,
        2
      ],
      "direction": "Right"
    },
    {
      "type": "Deploy",
      "name": "早露",
      "location": [
        8,
        3
      ],
      "direction": "Left"
    },
    {
      "type": "Deploy",
      "name": "煌",
      "location": [
        10,
        1
      ],
      "direction": "Left"
    },
    {
      "type": "SkillDaemon"
    }
  ],
  "doc": {
    "title": "第七章 苦难摇篮 - 7-9 - 沉默者之怒-2 早露模组攻城器械训练装置解锁任务",
    "details": "早露模组任务攻城器械训练装置\n条件：3星通关主题曲7-9；必须编入非助战早露并上场，其他成员不可编入狙击干员\n【【明日方舟】早露模组任务，5人5步，摆完挂机。】 https://www.bilibili.com/video/BV1Au411G7RD/?share_source=copy_web&vd_source=3fd5040fe25f6a00e19e6072bcccfa4e"
  },
  "groups": [],
  "opers": [
    {
      "name": "早露",
      "skill": 2,
      "skill_usage": 1
    },
    {
      "name": "风笛",
      "skill": 2,
      "skill_usage": 0
    },
    {
      "name": "山",
      "skill": 2,
      "skill_usage": 2
    },
    {
      "name": "煌",
      "skill": 2,
      "skill_usage": 0
    },
    {
      "name": "白面鸮",
      "skill": 2,
      "skill_usage": 0
    }
  ]
}