{
  "minimum_required": "v4.0.0",
  "stage_name": "act16d5_03",
  "actions": [
    {
      "type": "SpeedUp"
    },
    {
      "type": "Deploy",
      "name": "嵯峨",
      "location": [
        5,
        5
      ],
      "direction": "Left"
    },
    {
      "type": "Deploy",
      "name": "夜刀",
      "location": [
        5,
        1
      ],
      "direction": "Left"
    },
    {
      "type": "Deploy",
      "name": "山",
      "location": [
        4,
        5
      ],
      "direction": "Left"
    },
    {
      "type": "Deploy",
      "name": "风笛",
      "location": [
        4,
        1
      ],
      "direction": "Left"
    },
    {
      "type": "SkillDaemon"
    }
  ],
  "doc": {
    "title": "【模组任务】WR-3 嵯峨 何处寻驮",
    "details": "参考up主：鬼魅ghost白 https://www.bilibili.com/video/BV1zh4y1P7nh\n为了MAA稳定多塞了个夜刀\n平均练度260 如果有问题请在评论区反馈"
  },
  "groups": [],
  "opers": [
    {
      "name": "嵯峨",
      "skill": 1,
      "skill_usage": 0
    },
    {
      "name": "山",
      "skill": 2,
      "skill_usage": 2
    },
    {
      "name": "风笛",
      "skill": 2,
      "skill_usage": 0
    },
    {
      "name": "夜刀",
      "skill": 1,
      "skill_usage": 0
    }
  ]
}