{
  "minimum_required": "v4.0.0",
  "stage_name": "act23side_07",
  "actions": [
    {
      "type": "SpeedUp"
    },
    {
      "type": "Deploy",
      "name": "重岳",
      "location": [
        7,
        3
      ],
      "direction": "Right"
    },
    {
      "type": "Deploy",
      "name": "阿米娅",
      "location": [
        5,
        1
      ],
      "direction": "Right"
    },
    {
      "type": "Deploy",
      "name": "群法",
      "location": [
        5,
        5
      ],
      "direction": "Right"
    },
    {
      "type": "Deploy",
      "name": "塞雷娅",
      "location": [
        6,
        3
      ],
      "direction": "Right"
    },
    {
      "type": "SkillDaemon"
    }
  ],
  "doc": {
    "title": "【重岳模组】登临意 - WB-7 ",
    "details": "任务要求：3星通关别传WB-7;必须携带并部署非助战重岳，其他成员仅可编入4名干员\n"
  },
  "groups": [
    {
      "name": "群法",
      "opers": [
        {
          "name": "远山",
          "skill": 1,
          "skill_usage": 1
        },
        {
          "name": "澄闪",
          "skill": 2,
          "skill_usage": 0
        }
      ]
    }
  ],
  "opers": [
    {
      "skill_times": 5,
      "name": "重岳",
      "skill": 3,
      "skill_usage": 2
    },
    {
      "name": "阿米娅",
      "skill": 2,
      "skill_usage": 0
    },
    {
      "name": "塞雷娅",
      "skill": 1,
      "skill_usage": 0
    }
  ]
}