{
  "minimum_required": "v4.0.0",
  "stage_name": "act9d0_ex01",
  "actions": [
    {
      "type": "Deploy",
      "name": "煌",
      "location": [
        6,
        3
      ],
      "direction": "Left"
    },
    {
      "type": "SpeedUp"
    },
    {
      "type": "Deploy",
      "name": "塞雷娅",
      "location": [
        7,
        2
      ],
      "direction": "Left"
    },
    {
      "type": "Deploy",
      "name": "艾拉",
      "location": [
        9,
        2
      ],
      "direction": "Left"
    },
    {
      "type": "Deploy",
      "name": "山",
      "location": [
        6,
        5
      ],
      "direction": "Left"
    },
    {
      "type": "Deploy",
      "name": "能天使",
      "location": [
        7,
        4
      ],
      "direction": "Left"
    },
    {
      "type": "Deploy",
      "name": "雷鸣地雷",
      "location": [
        6,
        2
      ],
      "direction": "None",
      "kills": 15
    },
    {
      "type": "Deploy",
      "name": "雷鸣地雷",
      "location": [
        6,
        2
      ],
      "direction": "None",
      "kills": 24
    },
    {
      "type": "SkillDaemon"
    }
  ],
  "doc": {
    "title": "生于黑夜·复刻 - DM-EX-1 - 交锋 艾拉模组社会期望背包解锁任务",
    "details": "艾拉模组任务社会期望背包\n3星通关插曲DM-EX-1；必须编入非助战艾拉并上场，且使用艾拉歼灭至少2名萨卡兹穿刺手\n原作者涂绘天菜 JSON作者萨拉托加\n作业交流群545928846，如果作业有问题可以加群找我，评论区不能及时回复，还可以去群里蹲我的新作业\n【【明日方舟】“艾拉”模组任务 五人挂机打法 极其好抄】 https://www.bilibili.com/video/BV1hj421U7Ag/?share_source=copy_web&vd_source=3fd5040fe25f6a00e19e6072bcccfa4e"
  },
  "groups": [],
  "opers": [
    {
      "name": "煌",
      "skill": 2,
      "skill_usage": 0
    },
    {
      "name": "塞雷娅",
      "skill": 1,
      "skill_usage": 0
    },
    {
      "name": "山",
      "skill": 2,
      "skill_usage": 2,
      "skill_times": 1
    },
    {
      "name": "能天使",
      "skill": 3,
      "skill_usage": 0
    },
    {
      "name": "艾拉",
      "skill": 3,
      "skill_usage": 1
    }
  ]
}