{
  "minimum_required": "v4.0.0",
  "stage_name": "main_03-08",
  "actions": [
    {
      "type": "SpeedUp"
    },
    {
      "type": "Deploy",
      "name": "塞雷娅",
      "location": [
        7,
        5
      ],
      "direction": "Left"
    },
    {
      "type": "Deploy",
      "name": "能天使",
      "location": [
        5,
        3
      ],
      "direction": "Left"
    },
    {
      "type": "Deploy",
      "name": "阿米娅",
      "location": [
        8,
        6
      ],
      "direction": "Left"
    },
    {
      "type": "Deploy",
      "name": "煌",
      "location": [
        8,
        3
      ],
      "direction": "Down"
    },
    {
      "type": "Output",
      "doc_color": "#6f42c1",
      "doc": "给个好评吧，亲~"
    }
  ],
  "doc": {
    "title": "阿米娅模组摆完挂机-DWDB-221E",
    "details": "侬无言以对模组任务摆完挂机合集:BV1wU4y177Qu\n3星通关主题曲3-8；必须编入非助战中坚术师状态的阿米娅并上场，且使用中坚术师状态的阿米娅歼灭碎骨\n筱竹聽雨"
  },
  "groups": [],
  "opers": [
    {
      "name": "煌",
      "skill": 2,
      "skill_usage": 0
    },
    {
      "name": "能天使",
      "skill": 1,
      "skill_usage": 0
    },
    {
      "name": "塞雷娅",
      "skill": 1,
      "skill_usage": 0
    },
    {
      "name": "阿米娅",
      "skill": 1,
      "skill_usage": 0
    }
  ]
}