{
    "minimum_required": "v4.0.0",
    "stage_name": "act13d5_08",
    "actions": [
        {
            "type": "SpeedUp"
        },
        {
            "type": "Deploy",
            "name": "奶盾",
            "location": [
                8,
                3
            ],
            "direction": "Left"
        },
        {
            "type": "Deploy",
            "name": "耀骑士临光",
            "location": [
                7,
                4
            ],
            "direction": "Up"
        },
        {
            "type": "Deploy",
            "name": "羽毛笔",
            "location": [
                9,
                1
            ],
            "direction": "Left"
        },
        {
            "type": "Deploy",
            "name": "凯尔希",
            "location": [
                4,
                2
            ],
            "direction": "Right"
        },
        {
            "type": "Deploy",
            "name": "Mon3tr",
            "location": [
                5,
                1
            ],
            "direction": "Right"
        },
        {
            "type": "Deploy",
            "name": "奶",
            "location": [
                4,
                3
            ],
            "direction": "Right"
        },
        {
            "type": "SkillDaemon"
        }
    ],
    "doc": {
        "title": "耀骑士临光X模组任务【耀阳锋刃】 MN-8 少人半挂机【Alusia_Knight】",
        "details": "——————————\n作业更新日期: 2024-04-10T14:14:44Z\n统计更新日期: 2025-07-29\n相对评分：51.72%  相对热度：41.36%\n来源：测试用户  ID：35801\n——————————\n原视频：https://www.bilibili.com/video/BV1Lb4y1571a\n3星通关别传MN-8；必须编入非作战耀骑士临光并上场，且使用耀骑士临光歼灭至少1个腐败骑士或凋零骑士\n自用练度：耀骑士临光 2603，羽毛笔 2507，黍 2903 3级X模，凯尔希 3技能 2903 3级Y模\n凯尔希 2技能 好一些，3技能会需要高练度"
    },
    "groups": [
        {
            "name": "奶盾",
            "opers": [
                {
                    "name": "临光",
                    "skill": 1,
                    "skill_usage": 0
                },
                {
                    "name": "黍",
                    "skill": 1,
                    "skill_usage": 0
                },
                {
                    "name": "塞雷娅",
                    "skill": 1,
                    "skill_usage": 0
                }
            ]
        },
        {
            "name": "凯尔希",
            "opers": [
                {
                    "name": "凯尔希",
                    "skill": 2,
                    "skill_usage": 1
                },
                {
                    "name": "凯尔希",
                    "skill": 3,
                    "skill_usage": 1
                }
            ]
        },
        {
            "name": "奶",
            "opers": [
                {
                    "name": "流明",
                    "skill": 3,
                    "skill_usage": 1
                },
                {
                    "name": "华法琳",
                    "skill": 1,
                    "skill_usage": 0
                },
                {
                    "name": "嘉维尔",
                    "skill": 1,
                    "skill_usage": 0
                },
                {
                    "name": "安赛尔",
                    "skill": 1,
                    "skill_usage": 1
                },
                {
                    "name": "芙蓉",
                    "skill": 1,
                    "skill_usage": 1
                },
                {
                    "name": "纯烬艾雅法拉",
                    "skill": 1,
                    "skill_usage": 0
                }
            ]
        }
    ],
    "opers": [
        {
            "name": "耀骑士临光",
            "skill": 1,
            "skill_usage": 0
        },
        {
            "name": "羽毛笔",
            "skill": 1,
            "skill_usage": 0
        }
    ]
}