{
    "stage_name": "main_07-12",
    "minimum_required": "v4.0.0",
    "doc": {
        "title": "阿兰娜模组任务 - 7-14 - “随身保险杠”",
        "details": "——————————\n作业更新日期: 2025-10-02T00:33:49Z\n统计更新日期: 2025-10-03\n相对评分：100.0%  相对热度：100.0%\n来源：一只摆烂的42  ID：59691\n——————————\n阿兰娜「“随身保险杠”」模组任务\n3星通关主题曲7-14；必须编入非助战阿兰娜并上场，且至少使用2次“万斤顶”\n原作业：maa://27146\n制作者：一只摆烂的42\n有问题联系QQ2586582719\n修改自用请删除我的QQ"
    },
    "opers": [
        {
            "name": "山",
            "skill": 2,
            "skill_usage": 2
        },
        {
            "name": "桃金娘",
            "skill": 1,
            "skill_usage": 1
        },
        {
            "name": "煌",
            "skill": 2,
            "skill_usage": 0
        },
        {
            "name": "白面鸮",
            "skill": 2,
            "skill_usage": 0
        },
        {
            "name": "阿兰娜",
            "skill": 2,
            "skill_usage": 1,
            "requirements": {
                "skill_level": 7
            }
        }
    ],
    "groups": [
        {
            "name": "奶盾",
            "opers": [
                {
                    "name": "黍",
                    "skill": 1,
                    "requirements": {
                        "skill_level": 10
                    }
                },
                {
                    "name": "塞雷娅",
                    "skill": 1,
                    "skill_usage": 0
                },
                {
                    "name": "临光",
                    "skill": 1,
                    "skill_usage": 0
                }
            ]
        },
        {
            "name": "法术",
            "opers": [
                {
                    "name": "艾雅法拉",
                    "skill": 2,
                    "skill_usage": 0
                },
                {
                    "name": "逻各斯",
                    "skill": 1,
                    "skill_usage": 0
                }
            ]
        }
    ],
    "actions": [
        {
            "type": "SpeedUp"
        },
        {
            "name": "桃金娘",
            "location": [
                3,
                4
            ],
            "direction": "Down",
            "type": "Deploy"
        },
        {
            "name": "山",
            "location": [
                6,
                5
            ],
            "direction": "Right",
            "type": "Deploy"
        },
        {
            "name": "奶盾",
            "location": [
                6,
                4
            ],
            "direction": "Right",
            "type": "Deploy"
        },
        {
            "name": "法术",
            "location": [
                7,
                3
            ],
            "direction": "Down",
            "type": "Deploy"
        },
        {
            "name": "白面鸮",
            "location": [
                6,
                3
            ],
            "direction": "Up",
            "type": "Deploy"
        },
        {
            "name": "煌",
            "location": [
                5,
                1
            ],
            "direction": "Right",
            "type": "Deploy"
        },
        {
            "name": "阿兰娜",
            "location": [
                4,
                4
            ],
            "direction": "Right",
            "type": "Deploy"
        },
        {
            "type": "SkillDaemon"
        }
    ],
    "version": 3,
    "difficulty": 1
}