{
    "minimum_required": "v4.0.0",
    "stage_name": "main_03-04",
    "actions": [
        {
            "type": "SpeedUp"
        },
        {
            "type": "Deploy",
            "name": "煌",
            "location": [
                4,
                2
            ],
            "direction": "Right"
        },
        {
            "type": "Deploy",
            "name": "奶盾",
            "location": [
                5,
                1
            ],
            "direction": "Down"
        },
        {
            "type": "Deploy",
            "name": "艾雅法拉",
            "location": [
                6,
                2
            ],
            "direction": "Left"
        },
        {
            "type": "Deploy",
            "name": "隐现",
            "location": [
                7,
                4
            ],
            "direction": "Left"
        }
    ],
    "doc": {
        "title": "隐现模组任务 - 3-4 - “最初的惊喜”",
        "details": "——————————\n作业更新日期: 2024-07-07T01:16:26Z\n统计更新日期: 2025-07-29\n相对评分：100.0%  相对热度：100.0%\n来源：一只摆烂的42  ID：39172\n——————————\n隐现「“最初的惊喜”」模组任务\n3星通关主题曲3-4；必须编入非助战隐现并上场，且不编入其他狙击干员\n原视频：https://www.bilibili.com/video/BV1Uh4y1g7uq/\n制作者：一只摆烂的42\n有问题联系QQ2586582719\n修改自用请删除我的QQ"
    },
    "groups": [
        {
            "name": "奶盾",
            "opers": [
                {
                    "name": "塞雷娅",
                    "skill": 1,
                    "skill_usage": 0
                },
                {
                    "name": "黍",
                    "skill": 1,
                    "skill_usage": 0
                },
                {
                    "name": "临光",
                    "skill": 1,
                    "skill_usage": 0
                }
            ]
        }
    ],
    "opers": [
        {
            "name": "隐现",
            "skill": 2,
            "skill_usage": 0
        },
        {
            "name": "煌",
            "skill": 2,
            "skill_usage": 0
        },
        {
            "name": "艾雅法拉",
            "skill": 2,
            "skill_usage": 0
        }
    ]
}