{
  "minimum_required": "v4.0.0",
  "stage_name": "惊霆行动-1",
  "actions": [
    {
      "type": "SpeedUp",
      "rear_delay": 400
    },
    {
      "type": "Deploy",
      "name": "能天使",
      "location": [
        7,
        4
      ],
      "direction": "Up",
      "rear_delay": 100
    },
    {
      "type": "Deploy",
      "name": "棘刺",
      "location": [
        1,
        2
      ],
      "direction": "Right",
      "rear_delay": 100
    },
    {
      "type": "Deploy",
      "name": "浊心斯卡蒂",
      "location": [
        8,
        4
      ],
      "direction": "Left",
      "rear_delay": 100
    },
    {
      "type": "Deploy",
      "name": "煌",
      "location": [
        9,
        3
      ],
      "direction": "Down",
      "rear_delay": 0
    },
    {
      "type": "Retreat",
      "name": "能天使",
      "costs": 15,
      "rear_delay": 0
    },
    {
      "type": "Deploy",
      "name": "塞雷娅",
      "location": [
        10,
        4
      ],
      "direction": "Left",
      "rear_delay": 0
    },
    {
      "type": "Deploy",
      "name": "艾雅法拉",
      "location": [
        8,
        2
      ],
      "direction": "Left",
      "rear_delay": 0
    },
    {
      "type": "Deploy",
      "name": "蜜莓",
      "location": [
        7,
        4
      ],
      "direction": "Right",
      "rear_delay": 0
    },
    {
      "type": "Deploy",
      "name": "闪灵",
      "location": [
        10,
        6
      ],
      "direction": "Up",
      "rear_delay": 0
    },
    {
      "type": "Deploy",
      "name": "夜莺",
      "location": [
        10,
        2
      ],
      "direction": "Down",
      "rear_delay": 0
    },
    {
      "type": "Deploy",
      "name": "玛恩纳",
      "location": [
        9,
        5
      ],
      "direction": "Up",
      "rear_delay": 18000
    },
    {
      "type": "Skill",
      "name": "玛恩纳",
      "location": [
        9,
        5
      ],
      "rear_delay": 0,
      "kills": 38
    },
    {
      "type": "Deploy",
      "name": "能天使",
      "location": [
        6,
        2
      ],
      "cooling": 1,
      "direction": "Left",
      "rear_delay": 0
    },
    {
      "type": "Skill",
      "name": "玛恩纳",
      "location": [
        9,
        5
      ],
      "kills": 41,
      "rear_delay": 6000
    },
    {
      "type": "Deploy",
      "name": "补漏",
      "location": [
        9,
        4
      ],
      "direction": "Up",
      "kills": 48
    }
  ],
  "doc": {
    "title": "H12-1 萧然攻略BV1oL411m7bL(自用)",
    "details": "BV1oL411m7bL，补漏没测，不带补漏没模组可以过的，勾掉自动编队就行，常用干员2703的练度。\n不带模组的话成功率有点随机。"
  },
  "groups": [
    {
      "name": "补漏",
      "opers": [
        {
          "name": "缄默德克萨斯",
          "skill": 3,
          "skill_usage": 0
        },
        {
          "name": "史尔特尔",
          "skill": 3,
          "skill_usage": 2
        }
      ]
    }
  ],
  "opers": [
    {
      "name": "棘刺",
      "skill": 3,
      "skill_usage": 1
    },
    {
      "name": "玛恩纳",
      "skill": 3,
      "skill_usage": 0
    },
    {
      "name": "煌",
      "skill": 2,
      "skill_usage": 0
    },
    {
      "name": "塞雷娅",
      "skill": 1,
      "skill_usage": 0
    },
    {
      "name": "艾雅法拉",
      "skill": 2,
      "skill_usage": 0
    },
    {
      "name": "夜莺",
      "skill": 2,
      "skill_usage": 0
    },
    {
      "name": "闪灵",
      "skill": 2,
      "skill_usage": 0
    },
    {
      "name": "蜜莓",
      "skill": 1,
      "skill_usage": 0
    },
    {
      "name": "浊心斯卡蒂",
      "skill": 2,
      "skill_usage": 0
    },
    {
      "name": "能天使",
      "skill": 3,
      "skill_usage": 0
    }
  ]
}