{
    "minimum_required": "v4.0.0",
    "stage_name": "easy_14-04",
    "actions": [
        {
            "type": "Deploy",
            "name": "逻各斯",
            "location": [
                3,
                5
            ],
            "direction": "Left"
        },
        {
            "type": "Deploy",
            "name": "夜刀",
            "location": [
                1,
                6
            ],
            "direction": "Right"
        },
        {
            "type": "SpeedUp"
        }
    ],
    "doc": {
        "title": "第十四章 慈悲灯塔 - 14-5（简单） - 探查岩洞区域 逻各斯单核",
        "details": "作业更新日期: 2025-03-19T09:04:55Z\n统计更新日期: 2025-03-23\n好评率：100.0%  浏览量：4\n来源：一般路过作业人  ID：48876\n本系列为剧情模式单核攻略，原作者为低配挂机研讨会，旨在帮助萌新快速拿到六星魔王和医疗阿米娅\n原视频地址为https://www.bilibili.com/video/BV1FUDCYoE3P/?spm_id_from=333.337.search-card.all.click&vd_source=27f2336beff210c36947df72b53abb01"
    },
    "groups": [],
    "opers": [
        {
            "name": "夜刀",
            "skill": 1,
            "skill_usage": 0
        },
        {
            "name": "逻各斯",
            "skill": 1,
            "skill_usage": 0
        }
    ]
}