{
    "minimum_required": "v4.0",
    "doc": {
        "title": "【登临意】WB-9四人",
        "details": "UP主：NeincocO_o\n原视频：https://www.bilibili.com/video/av735402218/\n有问题联系制作者QQ2586582719"
    },
    "stage_name": "act23side_09",
    "opers": [
        {
            "name": "棘刺",
            "skill": 3,
            "skill_usage": 1
        },
        {
            "name": "山",
            "skill": 2,
            "skill_usage": 2
        },
        {
            "name": "泥岩",
            "skill": 2,
            "skill_usage": 0
        },
        {
            "name": "能天使",
            "skill": 3,
            "skill_usage": 0
        }
    ],
    "actions": [
        {
            "type": "二倍速",
            "name": ""
        },
        {
            "type": "部署",
            "name": "山",
            "location": [
                4,
                7
            ],
            "direction": "左"
        },
        {
            "type": "部署",
            "name": "棘刺",
            "location": [
                3,
                1
            ],
            "direction": "下"
        },
        {
            "type": "技能",
            "cost_changes": 36,
            "name": "棘刺"
        },
        {
            "type": "部署",
            "cost_changes": 5,
            "name": "能天使",
            "location": [
                5,
                6
            ],
            "direction": "左"
        },
        {
            "type": "部署",
            "name": "泥岩",
            "location": [
                4,
                1
            ],
            "direction": "右"
        },
        {
            "type": "技能",
            "cost_changes": 60,
            "name": "棘刺"
        },
        {
            "type": "打印",
            "name": "",
            "doc": "有问题联系制作者QQ2586582719",
            "doc_color": "SpringGreen"
        },
        {
            "type": "摆完挂机",
            "name": ""
        }
    ]
}