{
    "minimum_required": "v4.0.0",
    "stage_name": "tough_14-16",
    "actions": [
        {
            "type": "SpeedUp"
        },
        {
            "type": "Deploy",
            "name": "先锋-执旗手",
            "location": [
                10,
                4
            ],
            "direction": "Left"
        },
        {
            "type": "Deploy",
            "name": "提丰",
            "location": [
                9,
                3
            ],
            "direction": "Left"
        },
        {
            "type": "Deploy",
            "name": "纯烬艾雅法拉",
            "location": [
                10,
                1
            ],
            "direction": "Down"
        },
        {
            "type": "Deploy",
            "name": "澄闪",
            "location": [
                9,
                4
            ],
            "direction": "Left"
        },
        {
            "type": "Deploy",
            "name": "近卫-强攻手",
            "location": [
                9,
                2
            ],
            "direction": "Up"
        },
        {
            "type": "Deploy",
            "name": "夜莺",
            "location": [
                8,
                3
            ],
            "direction": "Down"
        },
        {
            "type": "Deploy",
            "name": "风笛",
            "location": [
                8,
                5
            ],
            "direction": "Right"
        },
        {
            "type": "Retreat",
            "name": "先锋-执旗手"
        },
        {
            "type": "Deploy",
            "name": "奶盾",
            "location": [
                7,
                3
            ],
            "direction": "Left"
        },
        {
            "type": "Skill",
            "name": "核心增幅器",
            "location": [
                9,
                1
            ],
            "pre_delay": 95000
        },
        {
            "type": "Skill",
            "location": [
                7,
                2
            ],
            "pre_delay": 1000
        },
        {
            "type": "Skill",
            "location": [
                7,
                4
            ],
            "pre_delay": 1000
        },
        {
            "type": "Skill",
            "location": [
                9,
                5
            ],
            "pre_delay": 1000
        },
        {
            "type": "Skill",
            "name": "核心增幅器",
            "location": [
                9,
                1
            ],
            "pre_delay": 3000
        },
        {
            "type": "Skill",
            "location": [
                7,
                2
            ],
            "pre_delay": 1000
        },
        {
            "type": "Skill",
            "location": [
                7,
                4
            ],
            "pre_delay": 1000
        },
        {
            "type": "Skill",
            "location": [
                9,
                5
            ],
            "pre_delay": 1000
        },
        {
            "type": "Skill",
            "location": [
                9,
                1
            ],
            "pre_delay": 3000
        },
        {
            "type": "Skill",
            "location": [
                7,
                2
            ],
            "pre_delay": 1000
        },
        {
            "type": "Skill",
            "location": [
                7,
                4
            ],
            "pre_delay": 1000
        },
        {
            "type": "Skill",
            "location": [
                9,
                5
            ],
            "pre_delay": 1000
        },
        {
            "type": "Skill",
            "location": [
                9,
                1
            ],
            "pre_delay": 3000
        },
        {
            "type": "Skill",
            "location": [
                7,
                2
            ],
            "pre_delay": 1000
        },
        {
            "type": "Skill",
            "location": [
                7,
                4
            ],
            "pre_delay": 1000
        },
        {
            "type": "Skill",
            "location": [
                9,
                5
            ],
            "pre_delay": 1000
        }
    ],
    "doc": {
        "title": "第十四章 慈悲灯塔 - 14-18（磨难） - 在炽燃间咆哮",
        "details": "统计日期：2024-06-01\n好评率：100.0%  浏览量：1076\n来源：备胎拯救方舟  ID：37084\n这关要求带阿米娅才能开启隐藏，目前maa只能自动编队术士阿米娅，如果你阿米娅不是术士maa无法自动编队，需要手动改阿米娅的职业或者手动带\nJSON作者萨拉托加\n作业交流群545928846，如果作业有问题可以加群找我，评论区不能及时回复，还可以去群里蹲我的新作业\n增加干员替代后装置会有随机性,不加备胎了"
    },
    "groups": [
        {
            "name": "先锋-执旗手",
            "opers": [
                {
                    "name": "桃金娘",
                    "skill": 1,
                    "skill_usage": 1
                },
                {
                    "name": "极境",
                    "skill": 1,
                    "skill_usage": 1
                },
                {
                    "name": "万顷",
                    "skill": 1,
                    "skill_usage": 1
                },
                {
                    "name": "琴柳",
                    "skill": 1,
                    "skill_usage": 1
                }
            ]
        },
        {
            "name": "奶盾",
            "opers": [
                {
                    "name": "黍",
                    "skill": 1,
                    "skill_usage": 0
                },
                {
                    "name": "塞雷娅",
                    "skill": 1,
                    "skill_usage": 0
                }
            ]
        },
        {
            "name": "近卫-强攻手",
            "opers": [
                {
                    "name": "煌",
                    "skill": 2,
                    "skill_usage": 0
                },
                {
                    "name": "百炼嘉维尔",
                    "skill": 2,
                    "skill_usage": 1
                },
                {
                    "name": "暴行"
                }
            ]
        }
    ],
    "opers": [
        {
            "name": "风笛",
            "skill": 2,
            "skill_usage": 0
        },
        {
            "name": "提丰",
            "skill": 2,
            "skill_usage": 1
        },
        {
            "name": "澄闪",
            "skill": 2,
            "skill_usage": 0
        },
        {
            "name": "夜莺",
            "skill": 2,
            "skill_usage": 0
        },
        {
            "name": "纯烬艾雅法拉",
            "skill": 1,
            "skill_usage": 0
        },
        {
            "name": "阿米娅",
            "skill": 1,
            "skill_usage": 0
        }
    ]
}