{
    "minimum_required": "v4.0.0",
    "stage_name": "mem_wyvern_1",
    "actions": [
        {
            "type": "Deploy",
            "name": "香草",
            "location": [
                9,
                2
            ],
            "direction": "Left"
        },
        {
            "type": "SpeedUp"
        },
        {
            "type": "Skill",
            "name": "香草",
            "location": [
                9,
                2
            ],
            "kills": 2
        },
        {
            "type": "Skill",
            "kills": 17,
            "name": "香草",
            "location": [
                9,
                2
            ]
        },
        {
            "type": "Skill",
            "name": "香草",
            "location": [
                9,
                2
            ],
            "kills": 34
        },
        {
            "type": "Skill",
            "name": "香草",
            "location": [
                9,
                2
            ],
            "kills": 50
        },
        {
            "type": "Skill",
            "location": [
                4,
                1
            ]
        },
        {
            "type": "Deploy",
            "name": "克洛丝",
            "location": [
                8,
                5
            ],
            "direction": "Left"
        },
        {
            "type": "Skill",
            "name": "香草",
            "location": [
                9,
                2
            ],
            "kills": 72
        }
    ],
    "doc": {
        "title": "先锋 - 香草 - 告别软弱",
        "details": "作业更新日期: 2023-04-10T20:27:30Z\n统计更新日期: 2024-11-24\n好评率：85.71%  浏览量：584\n来源：柚子desu  ID：22499\n我自己香草55级，6级技能测试成功"
    },
    "groups": [],
    "opers": [
        {
            "name": "香草",
            "skill": 1,
            "skill_usage": 0
        },
        {
            "name": "克洛丝",
            "skill": 1,
            "skill_usage": 0
        }
    ]
}