{
    "minimum_required": "v4.0",
    "doc": {
        "title": "【孤星】CW-10四人",
        "details": "侬无言以对\n原视频：https://www.bilibili.com/video/BV1Gk4y1E7WN/?p=1&t=79\n——————\n星熊一定要带Y模！！！\n怕一次过不了就带德狗\n——————\n制作者：一只摆烂的42\n有问题联系QQ2586582719"
    },
    "stage_name": "CW-10",
    "opers": [
        {
            "name": "煌",
            "skill": 2,
            "skill_usage": 0
        },
        {
            "name": "星熊",
            "skill": 2,
            "skill_usage": 0
        },
        {
            "name": "能天使",
            "skill": 3,
            "skill_usage": 0
        },
        {
            "name": "夜莺",
            "skill": 2,
            "skill_usage": 0
        },
        {
            "name": "德克萨斯",
            "skill": 1,
            "skill_usage": 0
        }
    ],
    "actions": [
        {
            "type": "部署",
            "name": "星熊",
            "location": [
                1,
                4
            ],
            "direction": "上"
        },
        {
            "type": "部署",
            "name": "能天使",
            "location": [
                1,
                6
            ],
            "direction": "上",
            "doc": "如果能天使下慢了导致漏怪了带德狗补费用",
            "doc_color": "DarkRed"
        },
        {
            "type": "二倍速",
            "name": ""
        },
        {
            "type": "部署",
            "name": "煌",
            "location": [
                1,
                5
            ],
            "direction": "上"
        },
        {
            "type": "部署",
            "name": "夜莺",
            "location": [
                2,
                6
            ],
            "direction": "上"
        }
    ]
}