{
  "minimum_required": "v4.0.0",
  "stage_name": "CW-EX-6",
  "actions": [
    {
      "type": "SpeedUp"
    },
    {
      "type": "Deploy",
      "name": "煌",
      "location": [
        11,
        1
      ],
      "direction": "Left"
    },
    {
      "type": "Deploy",
      "name": "棘刺",
      "location": [
        8,
        7
      ],
      "direction": "Left"
    },
    {
      "type": "Deploy",
      "name": "山",
      "location": [
        6,
        7
      ],
      "direction": "Up"
    },
    {
      "type": "Deploy",
      "name": "伊芙利特",
      "location": [
        5,
        2
      ],
      "direction": "Down"
    },
    {
      "type": "Deploy",
      "name": "塞雷娅",
      "location": [
        6,
        6
      ],
      "direction": "Left"
    },
    {
      "type": "Deploy",
      "name": "星熊",
      "location": [
        7,
        7
      ],
      "direction": "Left"
    },
    {
      "type": "Deploy",
      "name": "艾雅法拉",
      "location": [
        10,
        3
      ],
      "direction": "Up"
    }
  ],
  "doc": {
    "title": "【萧然Q】孤星 - CW-EX-6 普通/突袭- 交通要道",
    "details": "原视频 萧然Q BV1ch4y1J7x2?p\nyc.exe"
  },
  "groups": [],
  "opers": [
    {
      "name": "煌",
      "skill": 2,
      "skill_usage": 0
    },
    {
      "name": "山",
      "skill": 2,
      "skill_usage": 2
    },
    {
      "name": "棘刺",
      "skill": 3,
      "skill_usage": 1
    },
    {
      "name": "塞雷娅",
      "skill": 1,
      "skill_usage": 0
    },
    {
      "name": "星熊",
      "skill": 2,
      "skill_usage": 0
    },
    {
      "name": "艾雅法拉",
      "skill": 2,
      "skill_usage": 0
    },
    {
      "name": "伊芙利特",
      "skill": 2,
      "skill_usage": 0
    }
  ]
}