{
  "minimum_required": "v4.0.0",
  "stage_name": "CW-EX-8",
  "actions": [
    {
      "type": "Deploy",
      "name": "桃金娘",
      "location": [
        9,
        6
      ],
      "direction": "Up"
    },
    {
      "type": "Deploy",
      "name": "推进之王",
      "location": [
        9,
        5
      ],
      "direction": "Up"
    },
    {
      "type": "SkillUsage",
      "name": "桃金娘",
      "skill_usage": 1
    },
    {
      "type": "Deploy",
      "name": "温蒂",
      "location": [
        1,
        3
      ],
      "direction": "Right"
    },
    {
      "type": "Deploy",
      "name": "铃兰",
      "location": [
        8,
        5
      ],
      "direction": "Up"
    },
    {
      "type": "Deploy",
      "name": "工程蓄水炮",
      "location": [
        11,
        6
      ],
      "direction": "Left"
    },
    {
      "type": "Deploy",
      "name": "夜莺",
      "location": [
        8,
        4
      ],
      "direction": "Up"
    },
    {
      "type": "Deploy",
      "name": "刻俄柏",
      "location": [
        1,
        2
      ],
      "direction": "Right"
    },
    {
      "type": "Deploy",
      "name": "星熊",
      "location": [
        7,
        4
      ],
      "direction": "Left"
    },
    {
      "type": "Deploy",
      "name": "老鲤",
      "location": [
        1,
        7
      ],
      "direction": "Up"
    },
    {
      "type": "SpeedUp"
    },
    {
      "type": "Deploy",
      "name": "调香师",
      "location": [
        1,
        6
      ],
      "direction": "Up",
      "costs": 20
    },
    {
      "type": "Retreat",
      "name": "推进之王",
      "location": [
        9,
        5
      ],
      "costs": 70
    },
    {
      "type": "Deploy",
      "name": "煌",
      "location": [
        9,
        5
      ],
      "direction": "Up"
    },
    {
      "type": "Retreat",
      "name": "桃金娘",
      "location": [
        9,
        6
      ],
      "cost_changes": 32
    },
    {
      "type": "Deploy",
      "name": "伊芙利特",
      "location": [
        10,
        4
      ],
      "direction": "Left"
    }
  ],
  "doc": {
    "title": "孤星 - CW-EX-8 普通/突袭- 寂寥的光",
    "details": "星熊挡4\n小刻要有模组，不然球来不及打掉\n老鲤应该都有模组吧\n没有轴，容错蛮高，就是练度可能要高点\n道爷的很多干员都专精和开模组了，我的练度差很多不过还是过了\n后面星熊挡住BOSS，小火龙要打很久年糕，可以自己带一个临光提提速，手操一下~\nup:自在道爷\nhttps://www.bilibili.com/video/BV1PM4y187P6?p=9&vd_source=a45ad9a88d65f196e9f46ee8c45ff86b"
  },
  "groups": [],
  "opers": [
    {
      "name": "桃金娘",
      "skill": 1,
      "skill_usage": 0
    },
    {
      "name": "推进之王",
      "skill": 2,
      "skill_usage": 0
    },
    {
      "name": "煌",
      "skill": 2,
      "skill_usage": 0
    },
    {
      "name": "星熊",
      "skill": 2,
      "skill_usage": 0
    },
    {
      "name": "伊芙利特",
      "skill": 2,
      "skill_usage": 0
    },
    {
      "name": "刻俄柏",
      "skill": 1,
      "skill_usage": 0
    },
    {
      "name": "夜莺",
      "skill": 2,
      "skill_usage": 0
    },
    {
      "name": "调香师",
      "skill": 2,
      "skill_usage": 0
    },
    {
      "name": "铃兰",
      "skill": 2,
      "skill_usage": 0
    },
    {
      "name": "老鲤",
      "skill": 3,
      "skill_usage": 0
    },
    {
      "name": "温蒂",
      "skill": 2,
      "skill_usage": 0
    }
  ]
}