{
  "minimum_required": "v4.0.0",
  "stage_name": "act25side_s02_a",
  "actions": [
    {
      "type": "SpeedUp"
    },
    {
      "type": "Deploy",
      "name": "德克萨斯",
      "location": [
        1,
        3
      ],
      "direction": "Right"
    },
    {
      "type": "Deploy",
      "name": "拉普兰德",
      "location": [
        1,
        4
      ],
      "direction": "Right"
    },
    {
      "type": "Deploy",
      "name": "白面鸮",
      "location": [
        2,
        2
      ],
      "direction": "Down"
    },
    {
      "type": "Deploy",
      "name": "煌",
      "location": [
        3,
        3
      ],
      "direction": "Right"
    },
    {
      "type": "Deploy",
      "name": "艾雅法拉",
      "location": [
        10,
        1
      ],
      "direction": "Down"
    },
    {
      "type": "Deploy",
      "name": "塞雷娅",
      "location": [
        3,
        4
      ],
      "direction": "Right"
    },
    {
      "type": "Deploy",
      "name": "铃兰",
      "location": [
        10,
        3
      ],
      "direction": "Down"
    },
    {
      "type": "Deploy",
      "name": "伊芙利特",
      "location": [
        4,
        2
      ],
      "direction": "Down"
    },
    {
      "type": "SkillDaemon"
    }
  ],
  "doc": {
    "title": "【自在道爷】孤星 - CW-S-2-A / CW-S-2-B通用",
    "details": "自在道爷\nhttps://www.bilibili.com/video/BV1gs4y1M7Dm/?p=3\n如果担心萧然Q的那一份漏狗，可以用这个"
  },
  "groups": [],
  "opers": [
    {
      "name": "德克萨斯",
      "skill": 1,
      "skill_usage": 0
    },
    {
      "name": "拉普兰德",
      "skill": 2,
      "skill_usage": 0
    },
    {
      "name": "煌",
      "skill": 2,
      "skill_usage": 0
    },
    {
      "name": "塞雷娅",
      "skill": 2,
      "skill_usage": 0
    },
    {
      "name": "伊芙利特",
      "skill": 2,
      "skill_usage": 0
    },
    {
      "name": "艾雅法拉",
      "skill": 2,
      "skill_usage": 0
    },
    {
      "name": "铃兰",
      "skill": 2,
      "skill_usage": 0
    },
    {
      "name": "白面鸮",
      "skill": 2,
      "skill_usage": 0
    }
  ]
}