{
    "minimum_required": "v4.0",
    "doc": {
        "title": "【覆潮之下】SV-3双人",
        "details": "UP主：萧然Q\n原视频：https://www.bilibili.com/video/av512053357?p=3\n有问题联系制作者QQ2586582719"
    },
    "stage_name": "act18d3_03",
    "opers": [
        {
            "name": "能天使",
            "skill": 1,
            "skill_usage": 0
        },
        {
            "name": "艾雅法拉",
            "skill": 2,
            "skill_usage": 0
        }
    ],
    "actions": [
        {
            "type": "二倍速",
            "name": ""
        },
        {
            "type": "部署",
            "name": "能天使",
            "location": [
                3,
                5
            ],
            "direction": "上"
        },
        {
            "type": "部署",
            "name": "艾雅法拉",
            "location": [
                6,
                5
            ],
            "direction": "上"
        },
        {
            "type": "打印",
            "name": "",
            "doc": "有问题联系制作者QQ2586582719",
            "doc_color": "SpringGreen"
        }
    ]
}