{
    "minimum_required": "v4.0",
    "doc": {
        "title": "【覆潮之下】SV-EX-4突袭六人",
        "details": "UP主：萧然Q\n原视频：https://www.bilibili.com/video/av512053357?p=16\n有问题联系制作者QQ2586582719"
    },
    "stage_name": "act18d3_ex04",
    "opers": [
        {
            "name": "桃金娘",
            "skill": 1,
            "skill_usage": 2
        },
        {
            "name": "德克萨斯",
            "skill": 1,
            "skill_usage": 0
        },
        {
            "name": "煌",
            "skill": 2,
            "skill_usage": 0
        },
        {
            "name": "拉普兰德",
            "skill": 2,
            "skill_usage": 0
        },
        {
            "name": "黑角",
            "skill": 1,
            "skill_usage": 0
        },
        {
            "name": "蜜莓",
            "skill": 1,
            "skill_usage": 0
        }
    ],
    "actions": [
        {
            "type": "二倍速",
            "name": ""
        },
        {
            "type": "部署",
            "name": "桃金娘",
            "location": [
                10,
                6
            ],
            "direction": "上"
        },
        {
            "type": "部署",
            "name": "德克萨斯",
            "location": [
                1,
                1
            ],
            "direction": "下"
        },
        {
            "type": "部署",
            "name": "蜜莓",
            "location": [
                3,
                4
            ],
            "direction": "右"
        },
        {
            "type": "部署",
            "name": "拉普兰德",
            "location": [
                6,
                3
            ],
            "direction": "上"
        },
        {
            "type": "部署",
            "name": "煌",
            "location": [
                5,
                2
            ],
            "direction": "右"
        },
        {
            "type": "部署",
            "name": "黑角",
            "location": [
                5,
                5
            ],
            "direction": "右"
        },
        {
            "type": "打印",
            "name": "",
            "doc": "有问题联系制作者QQ2586582719",
            "doc_color": "SpringGreen"
        }
    ]
}