{
    "minimum_required": "v4.0.0",
    "stage_name": "mem_myrrh_1",
    "actions": [
        {
            "type": "SpeedUp",
            "kills": 0
        },
        {
            "type": "Deploy",
            "name": "蛇屠箱",
            "location": [
                4,
                3
            ],
            "direction": "Left"
        },
        {
            "type": "Deploy",
            "name": "泡泡",
            "location": [
                6,
                3
            ],
            "direction": "Right"
        },
        {
            "type": "Deploy",
            "name": "夜刀",
            "location": [
                4,
                5
            ],
            "direction": "Left"
        },
        {
            "type": "Deploy",
            "name": "末药",
            "location": [
                5,
                5
            ],
            "direction": "Up"
        },
        {
            "type": "Skill",
            "name": "蛇屠箱",
            "location": [
                4,
                3
            ],
            "kills": 25
        },
        {
            "type": "Skill",
            "name": "泡泡",
            "location": [
                6,
                3
            ]
        },
        {
            "type": "Skill",
            "name": "蛇屠箱",
            "location": [
                4,
                3
            ],
            "kills": 51
        },
        {
            "type": "Skill",
            "name": "泡泡",
            "location": [
                6,
                3
            ]
        }
    ],
    "doc": {
        "title": "医疗 - 末药 - 良药苦口",
        "details": "统计日期：2024-05-02\n好评率：100.0%  浏览量：416\n夜羽孤枫痕  https://www.bilibili.com/video/BV1U3411W7dT/\n末药  精二1级  1技能7级"
    },
    "groups": [],
    "opers": [
        {
            "name": "末药",
            "skill": 1,
            "skill_usage": 0
        },
        {
            "name": "蛇屠箱",
            "skill": 1,
            "skill_usage": 0
        },
        {
            "name": "泡泡",
            "skill": 1,
            "skill_usage": 0
        },
        {
            "name": "夜刀",
            "skill": 1,
            "skill_usage": 0
        }
    ]
}