{
    "minimum_required": "v4.0.0",
    "stage_name": "wk_fly_5",
    "actions": [
        {
            "type": "SpeedUp"
        },
        {
            "type": "Deploy",
            "name": "林",
            "location": [
                9,
                4
            ],
            "direction": "Right"
        },
        {
            "type": "Deploy",
            "name": "娜仁图亚",
            "location": [
                3,
                5
            ],
            "direction": "Up"
        },
        {
            "type": "Retreat",
            "name": "林",
            "location": [
                9,
                4
            ],
            "kills": 14
        },
        {
            "type": "Skill",
            "name": "娜仁图亚",
            "location": [
                3,
                5
            ],
            "kills": 15
        },
        {
            "type": "Deploy",
            "name": "林",
            "location": [
                9,
                3
            ],
            "direction": "Right"
        },
        {
            "type": "Skill",
            "name": "娜仁图亚",
            "location": [
                3,
                5
            ],
            "kills": 28
        },
        {
            "type": "Skill",
            "name": "林",
            "location": [
                9,
                3
            ],
            "kills": 41
        },
        {
            "type": "Skill",
            "name": "娜仁图亚",
            "location": [
                3,
                5
            ],
            "kills": 47
        },
        {
            "type": "SkillDaemon"
        }
    ],
    "doc": {
        "title": "CA-5（技能书）2人速刷",
        "details": "——————————\n作业更新日期: 2025-04-05T05:47:29Z\n统计更新日期: 2025-06-11\n好评率：100.0%  浏览量：140\n来源：暝夜祈霖  ID：49520\n——————————\n\n参考打法：https://b23.tv/IjXxEbz（up主：霧_雨）\n将视频中的异客更换为操作要求更低的娜仁图亚，林的技能轴与视频中一致"
    },
    "groups": [],
    "opers": [
        {
            "name": "娜仁图亚",
            "skill": 3,
            "skill_usage": 0
        },
        {
            "name": "林",
            "skill": 3,
            "skill_usage": 1
        }
    ]
}