{
    "minimum_required": "v4.0.0",
    "stage_name": "wk_armor_2",
    "actions": [
        {
            "type": "SpeedUp"
        },
        {
            "type": "Deploy",
            "name": "芬",
            "location": [
                1,
                5
            ],
            "direction": "Right"
        },
        {
            "type": "Deploy",
            "name": "阿米娅",
            "location": [
                3,
                4
            ],
            "direction": "Down"
        },
        {
            "type": "Deploy",
            "name": "米格鲁",
            "location": [
                2,
                5
            ],
            "direction": "Right"
        },
        {
            "type": "Deploy",
            "name": "临光",
            "location": [
                2,
                6
            ],
            "direction": "Right"
        },
        {
            "type": "Deploy",
            "name": "炎熔",
            "location": [
                2,
                4
            ],
            "direction": "Down"
        },
        {
            "type": "Deploy",
            "name": "芙蓉",
            "location": [
                1,
                4
            ],
            "direction": "Down"
        },
        {
            "type": "Deploy",
            "name": "杜林",
            "location": [
                4,
                4
            ],
            "direction": "Down"
        },
        {
            "type": "Deploy",
            "name": "梓兰",
            "location": [
                5,
                4
            ],
            "direction": "Right"
        }
    ],
    "doc": {
        "title": "资源保障 - SK-2 - 窝点清剿",
        "details": "——————————\n作业更新日期: 2025-02-26T14:33:51Z\n统计更新日期: 2025-07-11\n好评率：100.0%  浏览量：208\n来源：534159306@qq.com  ID：47716\n——————————\n\n自用\n【【明日方舟】SK-12345碳关卡攻略 绝对低配+好抄+带解说【小狼XF】】 https://www.bilibili.com/video/BV1S441177Um/?p=2&share_source=copy_web&vd_source=f471f6f9fed74b5a9a9044e18de8974a"
    },
    "groups": [],
    "opers": [
        {
            "name": "阿米娅"
        },
        {
            "name": "杜林"
        },
        {
            "name": "炎熔"
        },
        {
            "name": "米格鲁"
        },
        {
            "name": "卡缇"
        },
        {
            "name": "临光",
            "skill": 1,
            "skill_usage": 0
        },
        {
            "name": "芙蓉"
        },
        {
            "name": "安赛尔"
        },
        {
            "name": "梓兰"
        },
        {
            "name": "芬"
        }
    ]
}