{
    "minimum_required": "v4.0.0",
    "stage_name": "main_00-01",
    "actions": [
        {
            "type": "Deploy",
            "name": "11",
            "location": [
                2,
                1
            ],
            "direction": "Down"
        }
    ],
    "doc": {
        "title": "序章 黑暗时代·上 - 0-1 - 坍塌",
        "details": "统计日期：2024-05-24\n好评率：100.0%  浏览量：48\n来源：shiinayukari  ID：29869\n序章 黑暗时代·上 - 0-1 - 坍塌"
    },
    "groups": [
        {
            "name": "11",
            "opers": [
                {
                    "name": "阿米娅",
                    "skill": 1,
                    "skill_usage": 1
                }
            ]
        }
    ],
    "opers": [],
    "difficulty": 1
}