{
    "minimum_required": "v4.0.0",
    "doc": {
        "title": "H11-2八人（注意：时长接近8min，介意勿抄）",
        "details": "统计日期：2024-05-11\n好评率：85.87%  浏览量：3841\n来源：一只摆烂的42  ID：22001\n制作者：一只摆烂的42\n有问题联系QQ2586582719\nhttps://www.bilibili.com/video/av261647016/\n（注意：年和归溟幽灵鲨是不开技能的！！！）"
    },
    "stage_name": "hard_11-02",
    "opers": [
        {
            "name": "星熊",
            "skill": 2,
            "skill_usage": 0
        },
        {
            "name": "白金",
            "skill": 2,
            "skill_usage": 0
        },
        {
            "name": "闪灵",
            "skill": 2,
            "skill_usage": 0
        },
        {
            "name": "夜莺",
            "skill": 2,
            "skill_usage": 0
        },
        {
            "name": "拉普兰德",
            "skill": 2,
            "skill_usage": 0
        },
        {
            "name": "归溟幽灵鲨",
            "skill": 2,
            "skill_usage": 0
        },
        {
            "name": "浊心斯卡蒂",
            "skill": 2,
            "skill_usage": 0
        },
        {
            "name": "年",
            "skill": 2,
            "skill_usage": 0
        }
    ],
    "actions": [
        {
            "type": "SpeedUp",
            "name": "",
            "doc_color": "Gray"
        },
        {
            "type": "部署",
            "name": "白金",
            "location": [
                1,
                1
            ],
            "direction": "右"
        },
        {
            "type": "部署",
            "name": "浊心斯卡蒂",
            "location": [
                3,
                5
            ],
            "direction": "右"
        },
        {
            "type": "部署",
            "name": "闪灵",
            "location": [
                4,
                5
            ],
            "direction": "左"
        },
        {
            "type": "部署",
            "name": "拉普兰德",
            "location": [
                4,
                4
            ],
            "direction": "下"
        },
        {
            "type": "部署",
            "name": "夜莺",
            "location": [
                2,
                5
            ],
            "direction": "右"
        },
        {
            "type": "部署",
            "name": "星熊",
            "location": [
                3,
                6
            ],
            "direction": "右"
        },
        {
            "type": "部署",
            "name": "年",
            "location": [
                3,
                4
            ],
            "direction": "右"
        },
        {
            "type": "部署",
            "name": "归溟幽灵鲨",
            "location": [
                7,
                2
            ],
            "direction": "上"
        },
        {
            "type": "Output",
            "name": "",
            "doc": "制作者2586582719",
            "doc_color": "SpringGreen"
        }
    ]
}