{
    "minimum_required": "v4.0.0",
    "stage_name": "tough_11-05",
    "actions": [
        {
            "type": "SpeedUp",
            "costs": 1
        },
        {
            "type": "Deploy",
            "name": "山",
            "location": [
                4,
                3
            ],
            "direction": "Left"
        },
        {
            "type": "BulletTime",
            "costs": 22
        },
        {
            "type": "Deploy",
            "name": "煌",
            "location": [
                5,
                3
            ],
            "direction": "Left",
            "costs": 24
        },
        {
            "type": "BulletTime",
            "costs": 17
        },
        {
            "type": "Deploy",
            "name": "夜莺",
            "location": [
                5,
                4
            ],
            "direction": "Left",
            "costs": 19
        },
        {
            "type": "BulletTime",
            "costs": 20
        },
        {
            "type": "Deploy",
            "name": "塞雷娅",
            "location": [
                3,
                4
            ],
            "direction": "Left",
            "costs": 22
        },
        {
            "type": "BulletTime",
            "costs": 18
        },
        {
            "type": "Deploy",
            "name": "拉普兰德",
            "location": [
                6,
                3
            ],
            "direction": "Left",
            "costs": 20
        },
        {
            "type": "Deploy",
            "name": "伊芙利特",
            "location": [
                4,
                4
            ],
            "direction": "Up",
            "costs": 34
        },
        {
            "type": "Deploy",
            "name": "泥岩",
            "location": [
                4,
                2
            ],
            "direction": "Up",
            "costs": 36
        }
    ],
    "doc": {
        "title": "第十一章 淬火尘霾 - 11-6（磨难） - 演绎文明",
        "details": "统计日期：2024-05-11\n好评率：91.88%  浏览量：6252\n来源：YAKUMOI  ID：21108\n攻略作者：萧然Q BV1cG411J7Mu\n自动战斗作者：YAKUMOI \n平均练度：2603\n已完成测试  测试人：YAKUMOI"
    },
    "groups": [],
    "opers": [
        {
            "name": "山",
            "skill": 2,
            "skill_usage": 2
        },
        {
            "name": "拉普兰德",
            "skill": 2,
            "skill_usage": 0
        },
        {
            "name": "泥岩",
            "skill": 2,
            "skill_usage": 0
        },
        {
            "name": "夜莺",
            "skill": 2,
            "skill_usage": 0
        },
        {
            "name": "煌",
            "skill": 2,
            "skill_usage": 0
        },
        {
            "name": "塞雷娅",
            "skill": 1,
            "skill_usage": 0
        },
        {
            "name": "伊芙利特",
            "skill": 2,
            "skill_usage": 0
        }
    ]
}