{
    "minimum_required": "v4.0.0",
    "doc": {
        "title": "11-20磨难七人 乐逍遥年修复版（）看简介",
        "details": "统计日期：2024-05-11\n好评率：87.01%  浏览量：3259\n来源：Dayheart  ID：28142\nhttps://www.bilibili.com/video/BV1re4y1q7aE\n\n当出现干员摆不下去时，把MAA\\cache\\avatars路径里面所有图片删掉让MAA重新自动识别即可\n原理：MAA将年乐逍遥误命名为了其他角色，所以编队中有年乐逍遥头像但是MAA找不到【年】对应的年原皮肤。棘刺闪灵夜莺同理。\n\n以下是原简介\n正在修复乐逍遥年摆不下去的问题...勿抄x\n已解决，单次操作一劳永逸\n在暂停部署界面选中干员，用该界面大图抠出皮肤头像替换掉原皮头像，路径：MAA\\cache\\avatars\\年.png\n然后用MAA自动编队功能进入战斗，战斗开始时会自动识别角色头像并替换，此时检查图片是否被替换，若替换则成功\nqq632506748"
    },
    "stage_name": "tough_11-18",
    "opers": [
        {
            "name": "煌",
            "skill": 2,
            "skill_usage": 0
        },
        {
            "name": "夜莺",
            "skill": 2,
            "skill_usage": 0
        },
        {
            "name": "闪灵",
            "skill": 2,
            "skill_usage": 0
        },
        {
            "name": "浊心斯卡蒂",
            "skill": 2,
            "skill_usage": 0
        }
    ],
    "actions": [
        {
            "type": "SpeedUp",
            "name": "",
            "doc_color": "Gray"
        },
        {
            "type": "SkillUsage",
            "name": "盾",
            "costs": 23,
            "skill_usage": 1
        },
        {
            "type": "Deploy",
            "name": "盾",
            "location": [
                8,
                4
            ],
            "direction": "Left"
        },
        {
            "type": "Deploy",
            "name": "浊心斯卡蒂",
            "location": [
                7,
                3
            ],
            "direction": "Right"
        },
        {
            "type": "Deploy",
            "name": "煌",
            "location": [
                6,
                2
            ],
            "direction": "Left"
        },
        {
            "type": "Deploy",
            "name": "夜莺",
            "location": [
                7,
                2
            ],
            "direction": "Down"
        },
        {
            "type": "Deploy",
            "name": "法",
            "location": [
                7,
                5
            ],
            "direction": "Up"
        },
        {
            "type": "Deploy",
            "name": "闪灵",
            "location": [
                9,
                5
            ],
            "direction": "Up"
        },
        {
            "type": "Deploy",
            "name": "奶盾",
            "location": [
                9,
                3
            ],
            "direction": "Right"
        },
        {
            "type": "Output",
            "name": "",
            "doc": "制作者2586582719",
            "doc_color": "SpringGreen"
        }
    ],
    "groups": [
        {
            "name": "盾",
            "opers": [
                {
                    "name": "年",
                    "skill": 2,
                    "skill_usage": 1
                },
                {
                    "name": "星熊",
                    "skill": 2,
                    "skill_usage": 0
                }
            ]
        },
        {
            "name": "奶盾",
            "opers": [
                {
                    "name": "塞雷娅",
                    "skill": 1,
                    "skill_usage": 0
                },
                {
                    "name": "临光",
                    "skill": 1,
                    "skill_usage": 0
                }
            ]
        },
        {
            "name": "法",
            "opers": [
                {
                    "name": "艾雅法拉",
                    "skill": 2,
                    "skill_usage": 0
                },
                {
                    "name": "澄闪",
                    "skill": 2,
                    "skill_usage": 0
                }
            ]
        }
    ]
}