{
    "minimum_required": "v4.0.0",
    "stage_name": "main_04-06",
    "actions": [
        {
            "type": "Deploy",
            "name": "棘刺",
            "location": [
                6,
                3
            ],
            "direction": "Left"
        },
        {
            "type": "SpeedUp"
        },
        {
            "type": "Deploy",
            "name": "卡涅利安",
            "location": [
                3,
                3
            ],
            "direction": "Left"
        },
        {
            "type": "Deploy",
            "name": "塞雷娅",
            "location": [
                6,
                4
            ],
            "direction": "Left"
        },
        {
            "type": "Skill",
            "name": "卡涅利安",
            "kills": 13
        },
        {
            "type": "Skill",
            "name": "卡涅利安",
            "kills": 28
        },
        {
            "type": "Deploy",
            "name": "Lancet-2",
            "location": [
                7,
                5
            ],
            "direction": "Up",
            "kills": 44
        },
        {
            "type": "Skill",
            "name": "卡涅利安",
            "kills": 44
        },
        {
            "type": "SkillDaemon"
        }
    ],
    "doc": {
        "title": "第四章 急性衰竭 - 4-6 - 少见多怪 卡涅利安模组乡音解锁任务",
        "details": "——————————\n作业更新日期: 2023-12-05T14:16:21Z\n统计更新日期: 2025-07-12\n好评率：100.0%  浏览量：505\n来源：萨拉托加  ID：30673\n——————————\n卡涅利安模组任务乡音\n3星通关主题曲4-6;必须编入非助战卡涅利安并上场，其他成员仅可编入6名干员\n原作者涂绘天菜 JSON作者萨拉托加\n作业交流群545928846，如果作业有问题可以加群找我，评论区不能及时回复，还可以去群里蹲我的新作业\n【【明日方舟】卡涅利安二模 模组任务 三人半挂机打法 极其好抄】 https://www.bilibili.com/video/BV1sC4y1R7co/?share_source=copy_web&vd_source=3fd5040fe25f6a00e19e6072bcccfa4e"
    },
    "groups": [],
    "opers": [
        {
            "name": "塞雷娅",
            "skill": 1,
            "skill_usage": 0
        },
        {
            "name": "棘刺",
            "skill": 3,
            "skill_usage": 1
        },
        {
            "name": "卡涅利安",
            "skill": 3,
            "skill_usage": 0
        },
        {
            "name": "Lancet-2",
            "skill": 1,
            "skill_usage": 0
        }
    ],
    "difficulty": 1
}