{
    "minimum_required": "v4.0.0",
    "stage_name": "main_09-04",
    "actions": [
        {
            "type": "Deploy",
            "name": "号角",
            "location": [
                9,
                5
            ],
            "direction": "Left"
        },
        {
            "type": "SpeedUp"
        },
        {
            "type": "Deploy",
            "name": "泥岩",
            "location": [
                8,
                5
            ],
            "direction": "Right"
        }
    ],
    "doc": {
        "title": "第九章 风暴瞭望 - 9-5（标准） - 临界值【号角模组任务（二模）】",
        "details": "——————————\n作业更新日期: 2024-10-09T04:40:56Z\n统计更新日期: 2025-07-29\n相对评分：86.36%  相对热度：68.10000000000001%\n来源：小卡拉帕鲁灰  ID：42225\n——————————\n厨就开\n10w伤害"
    },
    "groups": [],
    "opers": [
        {
            "name": "号角",
            "skill": 1,
            "skill_usage": 0
        },
        {
            "name": "泥岩",
            "skill": 2,
            "skill_usage": 0
        }
    ],
    "difficulty": 1
}