{
    "minimum_required": "v4.0.0",
    "stage_name": "main_11-05",
    "actions": [
        {
            "type": "SpeedUp"
        },
        {
            "type": "Deploy",
            "name": "浊心斯卡蒂",
            "location": [
                5,
                4
            ],
            "direction": "Left"
        },
        {
            "type": "Deploy",
            "name": "羽毛笔",
            "location": [
                5,
                3
            ],
            "direction": "Left"
        },
        {
            "type": "Deploy",
            "name": "奶盾",
            "location": [
                3,
                4
            ],
            "direction": "Up"
        }
    ],
    "doc": {
        "title": "羽毛笔模组任务 - 11-6（标准）",
        "details": "——————————\n作业更新日期: 2023-08-09T11:26:57Z\n统计更新日期: 2025-06-17\n好评率：94.29%  浏览量：1340\n来源：一只摆烂的42  ID：25369\n——————————\nhttps://www.bilibili.com/video/BV1VN411h7RK/\n不建议使用古米 但是测试精一古米过了\n制作者：一只摆烂的42\n有问题联系QQ2586582719"
    },
    "groups": [
        {
            "name": "奶盾",
            "opers": [
                {
                    "name": "塞雷娅",
                    "skill": 1,
                    "skill_usage": 0
                },
                {
                    "name": "临光",
                    "skill": 1,
                    "skill_usage": 0
                },
                {
                    "name": "古米",
                    "skill": 1,
                    "skill_usage": 0
                }
            ]
        }
    ],
    "opers": [
        {
            "name": "羽毛笔",
            "skill": 1,
            "skill_usage": 0
        },
        {
            "name": "浊心斯卡蒂",
            "skill": 2,
            "skill_usage": 0
        }
    ]
}