{
    "minimum_required": "v4.0.0",
    "actions": [
        {
            "type": "SpeedUp"
        },
        {
            "type": "Deploy",
            "name": "麦哲伦",
            "location": [
                8,
                1
            ],
            "direction": "Left"
        },
        {
            "type": "Deploy",
            "name": "龙腾.A",
            "location": [
                3,
                2
            ],
            "direction": "Right"
        },
        {
            "type": "Deploy",
            "name": "风笛",
            "location": [
                7,
                2
            ],
            "direction": "Down"
        },
        {
            "type": "Deploy",
            "name": "龙腾.A",
            "location": [
                3,
                4
            ],
            "direction": "Left"
        },
        {
            "type": "Deploy",
            "name": "龙腾.A",
            "location": [
                6,
                5
            ],
            "direction": "Left"
        },
        {
            "type": "Output",
            "doc_color": "#6f42c1",
            "doc": "给个好评吧，亲~"
        }
    ],
    "doc": {
        "title": "麦哲伦模组摆完挂机-专业无人机操作模块",
        "details": "——————————\n作业更新日期: 2023-02-18T00:53:50Z\n统计更新日期: 2025-07-29\n相对评分：100.0%  相对热度：100.0%\n来源：作业代传——有问题联系原作者  ID：20927\n——————————\n侬无言以对模组任务摆完挂机合集:BV1wU4y177Qu\n使用至多2人（包含助战）的队伍3星通关主题曲2-5；必须编入非助战麦哲伦并上场，其他成员仅可编入先锋干员\n筱竹聽雨"
    },
    "groups": [],
    "opers": [
        {
            "name": "麦哲伦",
            "skill": 3,
            "skill_usage": 0
        },
        {
            "name": "风笛",
            "skill": 2,
            "skill_usage": 0
        }
    ],
    "stage_name": "main_02-05"
}