{
    "minimum_required": "v4.0",
    "doc": {
        "title": "【风雪过境】BI-3单人",
        "details": "原视频：https://www.bilibili.com/video/av722598942/\nUP：刻俄柏\n【注意】：没满潜请带上潜能模拟器-德克萨斯（满潜随意）\n有问题联系制作者QQ2586582719"
    },
    "stage_name": "act14side_03",
    "opers": [
        {
            "name": "煌",
            "skill": 2,
            "skill_usage": 0
        },
        {
            "name": "德克萨斯",
            "skill": 1,
            "skill_usage": 0
        }
    ],
    "actions": [
        {
            "type": "二倍速",
            "name": ""
        },
        {
            "type": "部署",
            "name": "煌",
            "location": [
                8,
                1
            ],
            "direction": "左"
        },
        {
            "type": "打印",
            "name": "",
            "doc": "有问题联系制作者QQ2586582719",
            "doc_color": "SpringGreen"
        }
    ]
}