{
    "minimum_required": "v4.0",
    "doc": {
        "title": "【风雪过境】BI-4单人",
        "details": "原视频：https://www.bilibili.com/video/av722570877/\nUP：風的传说\n有问题联系制作者QQ2586582719"
    },
    "stage_name": "BI-4",
    "opers": [
        {
            "name": "煌",
            "skill": 2,
            "skill_usage": 0
        }
    ],
    "actions": [
        {
            "type": "二倍速",
            "name": ""
        },
        {
            "type": "部署",
            "name": "煌",
            "location": [
                3,
                3
            ],
            "direction": "左"
        },
        {
            "type": "打印",
            "name": "",
            "doc": "有问题联系制作者QQ2586582719",
            "doc_color": "SpringGreen"
        }
    ]
}