{
    "minimum_required": "v4.0",  
    "difficulty": 3,
    "doc": {
        "title": "【风雪过境】BI-EX-1突袭四人",
        "details": "原视频：https://www.bilibili.com/video/av935155506/\nUP：侬无言以对\n有问题联系制作者QQ2586582719"
    },
    "stage_name": "act14side_ex01",
    "opers": [
        {
            "name": "塞雷娅",
            "skill": 1,
            "skill_usage": 0
        },
        {
            "name": "煌",
            "skill": 2,
            "skill_usage": 0
        },
        {
            "name": "推进之王",
            "skill": 2,
            "skill_usage": 0
        },
        {
            "name": "艾雅法拉",
            "skill": 2,
            "skill_usage": 0
        }
    ],
    "actions": [
        {
            "type": "二倍速",
            "name": ""
        },
        {
            "type": "部署",
            "name": "煌",
            "location": [
                4,
                5
            ],
            "direction": "右"
        },
        {
            "type": "部署",
            "name": "塞雷娅",
            "location": [
                5,
                5
            ],
            "direction": "右"
        },
        {
            "type": "部署",
            "name": "推进之王",
            "location": [
                1,
                4
            ],
            "direction": "下"
        },
        {
            "type": "部署",
            "name": "艾雅法拉",
            "location": [
                6,
                4
            ],
            "direction": "右"
        },
        {
            "type": "打印",
            "name": "",
            "doc": "有问题联系制作者QQ2586582719",
            "doc_color": "SpringGreen"
        }
    ]
}