{
    "minimum_required": "v4.0.0",
    "difficulty": 3,
    "doc": {
        "title": "【风雪过境】BI-EX-1突袭三人",
        "details": "作业更新日期: 2023-04-30T00:32:22Z\n统计更新日期: 2024-08-11\n好评率：95.12%  浏览量：376\n来源：一只摆烂的42  ID：22962\n\n原视频：https://www.bilibili.com/video/av765172003/\nUP：刻俄柏\n有问题联系制作者QQ2586582719"
    },
    "stage_name": "act14side_ex01#f#",
    "opers": [
        {
            "name": "塞雷娅",
            "skill": 1,
            "skill_usage": 0
        },
        {
            "name": "煌",
            "skill": 2,
            "skill_usage": 0
        },
        {
            "name": "山",
            "skill": 2,
            "skill_usage": 2
        }
    ],
    "actions": [
        {
            "type": "二倍速",
            "name": ""
        },
        {
            "type": "部署",
            "name": "煌",
            "location": [
                4,
                5
            ],
            "direction": "右"
        },
        {
            "type": "部署",
            "name": "山",
            "location": [
                7,
                3
            ],
            "direction": "上"
        },
        {
            "type": "部署",
            "name": "塞雷娅",
            "location": [
                5,
                5
            ],
            "direction": "右"
        },
        {
            "type": "打印",
            "name": "",
            "doc": "有问题联系制作者QQ2586582719",
            "doc_color": "SpringGreen"
        }
    ]
}