{
    "minimum_required": "v4.0.0",
    "difficulty": 3,
    "doc": {
        "title": "【风雪过境】BI-EX-3突袭五人",
        "details": "作业更新日期: 2024-08-11T01:30:20Z\n统计更新日期: 2024-08-11\n好评率：100.0%  浏览量：1280\n来源：一只摆烂的42  ID：22970\n\n原视频：https://www.bilibili.com/video/av380221091/\nUP：侬无言以对\n制作者：一只摆烂的42\n有问题联系QQ2586582719\n修改自用请删除我的QQ"
    },
    "stage_name": "act14side_ex03#f#",
    "opers": [
        {
            "name": "能天使",
            "skill": 3,
            "skill_usage": 0
        },
        {
            "name": "伊芙利特",
            "skill": 2,
            "skill_usage": 0
        }
    ],
    "actions": [
        {
            "type": "二倍速",
            "name": ""
        },
        {
            "type": "Deploy",
            "name": "先锋",
            "direction": "Up",
            "location": [
                5,
                4
            ]
        },
        {
            "type": "部署",
            "kills": 2,
            "name": "能天使",
            "location": [
                8,
                4
            ],
            "direction": "左"
        },
        {
            "type": "Deploy",
            "name": "奶盾",
            "direction": "Left",
            "location": [
                9,
                3
            ]
        },
        {
            "type": "Deploy",
            "name": "奶",
            "direction": "Left",
            "location": [
                7,
                5
            ]
        },
        {
            "type": "部署",
            "name": "伊芙利特",
            "location": [
                8,
                5
            ],
            "direction": "上"
        }
    ],
    "groups": [
        {
            "name": "奶",
            "opers": [
                {
                    "name": "纯烬艾雅法拉",
                    "skill": 1,
                    "skill_usage": 0
                },
                {
                    "name": "夜莺",
                    "skill": 2,
                    "skill_usage": 0
                },
                {
                    "name": "白面鸮",
                    "skill": 2,
                    "skill_usage": 0
                }
            ]
        },
        {
            "name": "先锋",
            "opers": [
                {
                    "name": "推进之王",
                    "skill": 2,
                    "skill_usage": 0
                },
                {
                    "name": "风笛",
                    "skill": 2,
                    "skill_usage": 0
                },
                {
                    "name": "山",
                    "skill": 2,
                    "skill_usage": 2,
                    "skill_times": 1
                }
            ]
        },
        {
            "name": "奶盾",
            "opers": [
                {
                    "name": "黍",
                    "skill": 1,
                    "skill_usage": 0
                },
                {
                    "name": "塞雷娅",
                    "skill": 1,
                    "skill_usage": 0
                }
            ]
        }
    ]
}