{
    "minimum_required": "v4.0.0",
    "difficulty": 3,
    "doc": {
        "title": "【风雪过境】BI-EX-7突袭八人",
        "details": "作业更新日期: 2024-08-11T01:32:29Z\n统计更新日期: 2024-08-11\n好评率：96.64%  浏览量：1456\n来源：一只摆烂的42  ID：22979\n\n原视频：https://www.bilibili.com/video/av465160783/\nUP：侬无言以对\n制作者：一只摆烂的42\n有问题联系QQ2586582719\n修改自用请删除我的QQ"
    },
    "stage_name": "act14side_ex07#f#",
    "opers": [
        {
            "name": "推进之王",
            "skill": 2,
            "skill_usage": 0
        },
        {
            "name": "风笛",
            "skill": 2,
            "skill_usage": 0
        },
        {
            "name": "煌",
            "skill": 2,
            "skill_usage": 0
        },
        {
            "name": "艾雅法拉",
            "skill": 2,
            "skill_usage": 0
        },
        {
            "name": "塞雷娅",
            "skill": 2,
            "skill_usage": 0
        }
    ],
    "actions": [
        {
            "type": "部署",
            "name": "推进之王",
            "location": [
                2,
                1
            ],
            "direction": "左"
        },
        {
            "type": "二倍速",
            "name": ""
        },
        {
            "type": "部署",
            "name": "煌",
            "location": [
                3,
                1
            ],
            "direction": "下"
        },
        {
            "type": "部署",
            "name": "塞雷娅",
            "location": [
                4,
                3
            ],
            "direction": "左"
        },
        {
            "type": "部署",
            "name": "风笛",
            "location": [
                9,
                1
            ],
            "direction": "右"
        },
        {
            "type": "Deploy",
            "name": "奶2",
            "direction": "Left",
            "location": [
                6,
                2
            ]
        },
        {
            "type": "Deploy",
            "name": "奶2",
            "direction": "Right",
            "location": [
                7,
                2
            ]
        },
        {
            "type": "部署",
            "name": "艾雅法拉",
            "location": [
                4,
                5
            ],
            "direction": "上"
        },
        {
            "type": "Deploy",
            "name": "奶盾",
            "direction": "Down",
            "location": [
                8,
                1
            ]
        }
    ],
    "groups": [
        {
            "name": "奶盾",
            "opers": [
                {
                    "name": "黍",
                    "skill": 1,
                    "skill_usage": 0
                },
                {
                    "name": "临光",
                    "skill": 1,
                    "skill_usage": 0
                }
            ]
        },
        {
            "name": "奶1",
            "opers": [
                {
                    "name": "纯烬艾雅法拉",
                    "skill": 1,
                    "skill_usage": 0
                },
                {
                    "name": "夜莺",
                    "skill": 2,
                    "skill_usage": 0
                }
            ]
        },
        {
            "name": "奶2",
            "opers": [
                {
                    "name": "闪灵",
                    "skill": 2,
                    "skill_usage": 0
                },
                {
                    "name": "流明",
                    "skill": 1,
                    "skill_usage": 0
                }
            ]
        }
    ]
}