{
    "actions": [
        {
            "type": "打印",
            "doc": "代理如有问题请群里@碎蜂",
            "doc_color": "#008000"
        },
        {
            "type": "二倍速"
        },
        {
            "type": "部署",
            "name": "塞雷娅",
            "location": [
                5,
                5
            ],
            "direction": "左"
        },
        {
            "type": "部署",
            "name": "拉普兰德",
            "location": [
                5,
                4
            ],
            "direction": "下"
        },
        {
            "type": "部署",
            "name": "泥岩",
            "location": [
                5,
                1
            ],
            "direction": "左"
        },
        {
            "type": "部署",
            "name": "煌",
            "location": [
                6,
                5
            ],
            "direction": "左"
        }
    ],
    "opers": [
        {
            "name": "拉普兰德",
            "skill": 2
        },
        {
            "name": "塞雷娅",
            "skill": 1
        },
        {
            "name": "泥岩",
            "skill": 2
        },
        {
            "name": "煌",
            "skill": 2
        }
    ],
    "doc": {
        "details": "up:侬无言以对\n代理如有问题请群里@碎蜂",
        "title": "IC-EX-3"
    },
    "stage_name": "IC-EX-3",
    "groups": []
}