{
    "minimum_required": "v4.0.0",
    "stage_name": "tough_11-12",
    "actions": [
        {
            "type": "SpeedUp"
        },
        {
            "type": "Deploy",
            "name": "塞雷娅",
            "location": [
                6,
                4
            ],
            "direction": "Right"
        },
        {
            "type": "Deploy",
            "name": "艾雅法拉",
            "location": [
                5,
                3
            ],
            "direction": "Right"
        },
        {
            "type": "SpeedUp"
        },
        {
            "type": "Deploy",
            "costs": 26,
            "name": "能天使",
            "location": [
                4,
                5
            ],
            "direction": "Left"
        },
        {
            "type": "Deploy",
            "name": "白面鸮",
            "location": [
                5,
                5
            ],
            "direction": "Up"
        },
        {
            "type": "SpeedUp"
        }
    ],
    "doc": {
        "title": "第十一章 淬火尘霾 - 11-14（磨难） - 一场相见",
        "details": "统计日期：2024-05-25\n好评率：89.52%  浏览量：2685\n来源：Elsa  ID：29032\nhttps://www.bilibili.com/video/BV1Hm4y1w79J/?spm_id_from=333.337.search-card.all.click&vd_source=18e5235424235b1cb266eeb38c40fa20"
    },
    "groups": [],
    "opers": [
        {
            "name": "能天使",
            "skill": 3,
            "skill_usage": 0
        },
        {
            "name": "艾雅法拉",
            "skill": 2,
            "skill_usage": 0
        },
        {
            "name": "白面鸮",
            "skill": 2,
            "skill_usage": 0
        },
        {
            "name": "塞雷娅",
            "skill": 1,
            "skill_usage": 0
        }
    ]
}