{
    "minimum_required": "v4.0.0",
    "stage_name": "tough_14-15",
    "actions": [
        {
            "type": "Deploy",
            "name": "桃金娘",
            "location": [
                10,
                6
            ],
            "direction": "Left"
        },
        {
            "type": "Deploy",
            "name": "德克萨斯",
            "location": [
                10,
                5
            ],
            "direction": "Left"
        },
        {
            "type": "Deploy",
            "name": "煌",
            "location": [
                9,
                6
            ],
            "direction": "Up"
        },
        {
            "type": "SpeedUp"
        },
        {
            "type": "Deploy",
            "name": "能天使",
            "location": [
                6,
                5
            ],
            "direction": "Up"
        },
        {
            "type": "Deploy",
            "name": "纯烬艾雅法拉",
            "location": [
                8,
                3
            ],
            "direction": "Down"
        },
        {
            "type": "Deploy",
            "name": "艾雅法拉",
            "location": [
                9,
                4
            ],
            "direction": "Down"
        },
        {
            "type": "Deploy",
            "name": "夜莺",
            "location": [
                9,
                3
            ],
            "direction": "Down"
        },
        {
            "type": "Retreat",
            "name": "德克萨斯",
            "costs": 20
        },
        {
            "type": "Deploy",
            "name": "塞雷娅",
            "location": [
                10,
                5
            ],
            "direction": "Left"
        },
        {
            "type": "SkillUsage",
            "name": "桃金娘",
            "skill_usage": 0
        },
        {
            "type": "SkillDaemon"
        }
    ],
    "doc": {
        "title": "第十四章 慈悲灯塔 - 14-17（磨难） - 核心舱攻防战",
        "details": "作业更新日期: 2024-05-07T15:25:20Z\n统计更新日期: 2024-10-07\n好评率：99.22%  浏览量：17482\n来源：萨拉托加  ID：36768\n原作者萧然Q JSON作者萨拉托加\n作业交流群545928846，如果作业有问题可以加群找我，评论区不能及时回复，还可以去群里蹲我的新作业\n【【慈悲灯塔】磨难险地14章主线全关卡 摆完挂机 简单好抄】 https://www.bilibili.com/video/BV1at421c7NY/?p=16&share_source=copy_web&vd_source=3fd5040fe25f6a00e19e6072bcccfa4e"
    },
    "groups": [],
    "opers": [
        {
            "name": "煌",
            "skill": 2,
            "skill_usage": 0
        },
        {
            "name": "纯烬艾雅法拉",
            "skill": 1,
            "skill_usage": 0
        },
        {
            "name": "艾雅法拉",
            "skill": 2,
            "skill_usage": 0
        },
        {
            "name": "能天使",
            "skill": 3,
            "skill_usage": 0
        },
        {
            "name": "桃金娘",
            "skill": 1,
            "skill_usage": 1
        },
        {
            "name": "德克萨斯",
            "skill": 1,
            "skill_usage": 0
        },
        {
            "name": "夜莺",
            "skill": 2,
            "skill_usage": 0
        },
        {
            "name": "塞雷娅",
            "skill": 2,
            "skill_usage": 0
        }
    ]
}