{
    "minimum_required": "v4.0.0",
    "stage_name": "main_14-12",
    "actions": [
        {
            "type": "SpeedUp"
        },
        {
            "type": "Deploy",
            "name": "泥岩",
            "location": [
                5,
                3
            ],
            "direction": "Right"
        },
        {
            "type": "SkillDaemon"
        }
    ],
    "doc": {
        "title": "第十四章 慈悲灯塔 - 14-14（标准） - 高空拒阻行动",
        "details": "统计日期：2024-05-25\n好评率：100.0%  浏览量：54\n来源：114514  ID：37365\n第十四章 慈悲灯塔 - 14-14（标准） - 高空拒阻行动"
    },
    "groups": [],
    "opers": [
        {
            "name": "泥岩",
            "skill": 2,
            "skill_usage": 0
        }
    ]
}