{
    "minimum_required": "v4.0.0",
    "stage_name": "tough_14-10",
    "actions": [
        {
            "type": "Deploy",
            "name": "维什戴尔",
            "location": [
                7,
                4
            ],
            "direction": "Left",
            "costs": 28
        },
        {
            "type": "SpeedUp"
        },
        {
            "type": "Deploy",
            "name": "医疗",
            "location": [
                7,
                1
            ],
            "direction": "Down"
        },
        {
            "type": "Skill",
            "name": "维什戴尔",
            "location": [
                7,
                4
            ],
            "kills": 120,
            "pre_delay": 9000
        },
        {
            "type": "SkillDaemon"
        }
    ],
    "doc": {
        "title": "第十四章 慈悲灯塔 - 14-11（磨难） - 所谓“英雄” - 单核",
        "details": "——————————\n作业更新日期: 2025-03-02T13:29:05Z\n统计更新日期: 2025-07-30\n相对评分：81.82%  相对热度：54.00%\n来源：小卡拉帕鲁灰  ID：47929\n——————————\nJSON作者小卡拉帕鲁灰\nEW满级，专3，三级模组\n持续更新中，作业交流群789724611，如果作业有问题可以加群找我，评论区不能及时回复"
    },
    "groups": [
        {
            "name": "医疗",
            "opers": [
                {
                    "name": "闪灵",
                    "skill": 2,
                    "skill_usage": 0
                },
                {
                    "name": "纯烬艾雅法拉",
                    "skill": 1,
                    "skill_usage": 0
                },
                {
                    "name": "苏苏洛",
                    "skill": 1,
                    "skill_usage": 1
                },
                {
                    "name": "赫默",
                    "skill": 1,
                    "skill_usage": 1
                },
                {
                    "name": "亚叶",
                    "skill": 1,
                    "skill_usage": 1
                },
                {
                    "name": "流明",
                    "skill": 3,
                    "skill_usage": 1
                },
                {
                    "name": "嘉维尔",
                    "skill": 1,
                    "skill_usage": 0
                },
                {
                    "name": "华法琳",
                    "skill": 1,
                    "skill_usage": 0
                },
                {
                    "name": "芙蓉",
                    "skill": 1,
                    "skill_usage": 1
                },
                {
                    "name": "安赛尔",
                    "skill": 1,
                    "skill_usage": 1
                },
                {
                    "name": "末药",
                    "skill": 1,
                    "skill_usage": 0
                }
            ]
        }
    ],
    "opers": [
        {
            "name": "维什戴尔",
            "skill": 3,
            "skill_usage": 0
        }
    ]
}