{
    "minimum_required": "v4.0.0",
    "stage_name": "main_14-09",
    "actions": [
        {
            "type": "SpeedUp"
        },
        {
            "type": "SkillDaemon"
        }
    ],
    "doc": {
        "title": "第十四章 慈悲灯塔 - 14-10（标准） - 自光辉中奔涌",
        "details": "作业更新日期: 2024-05-01T14:25:23Z\n统计更新日期: 2024-10-07\n好评率：83.58%  浏览量：12782\n来源：萨拉托加  ID：36725\n无需操作，只需点剧情\nJSON作者萨拉托加\n作业交流群545928846，如果作业有问题可以加群找我，评论区不能及时回复，还可以去群里蹲我的新作业"
    },
    "groups": [],
    "opers": []
}