{
    "minimum_required": "v4.0.0",
    "stage_name": "tough_14-14",
    "actions": [
        {
            "type": "SpeedUp"
        },
        {
            "type": "Deploy",
            "name": "艾雅法拉",
            "location": [
                3,
                6
            ],
            "direction": "Up"
        },
        {
            "type": "Deploy",
            "name": "术师-驭械术师",
            "location": [
                1,
                2
            ],
            "direction": "Right"
        },
        {
            "type": "Deploy",
            "name": "号角",
            "location": [
                2,
                3
            ],
            "direction": "Right"
        },
        {
            "type": "Deploy",
            "name": "奶盾",
            "location": [
                2,
                4
            ],
            "direction": "Right"
        },
        {
            "type": "Deploy",
            "name": "医疗-医师",
            "location": [
                2,
                6
            ],
            "direction": "Up"
        },
        {
            "type": "Deploy",
            "name": "特种-伏击客",
            "location": [
                7,
                3
            ],
            "direction": "Down",
            "kills": 18
        },
        {
            "type": "SkillDaemon"
        }
    ],
    "doc": {
        "title": "第十四章 慈悲灯塔 - 14-16（磨难） - 抢占舷侧区域",
        "details": "——————————\n作业更新日期: 2024-05-07T12:46:28Z\n统计更新日期: 2025-06-11\n好评率：100.0%  浏览量：1127\n来源：作业超大杯  ID：37082\n——————————\n\n萧然Q"
    },
    "groups": [
        {
            "name": "奶盾",
            "opers": [
                {
                    "name": "黍",
                    "skill": 1,
                    "skill_usage": 0
                },
                {
                    "name": "塞雷娅",
                    "skill": 2,
                    "skill_usage": 0
                }
            ]
        },
        {
            "name": "术师-驭械术师",
            "opers": [
                {
                    "name": "澄闪",
                    "skill": 2,
                    "skill_usage": 0
                },
                {
                    "name": "提丰",
                    "skill": 2,
                    "skill_usage": 2,
                    "skill_times": 2
                },
                {
                    "name": "莱伊",
                    "skill": 3,
                    "skill_usage": 1
                }
            ]
        },
        {
            "name": "医疗-医师",
            "opers": [
                {
                    "name": "华法琳",
                    "skill": 1,
                    "skill_usage": 0
                },
                {
                    "name": "闪灵",
                    "skill": 2,
                    "skill_usage": 0
                },
                {
                    "name": "纯烬艾雅法拉",
                    "skill": 1,
                    "skill_usage": 0
                },
                {
                    "name": "夜莺",
                    "skill": 2,
                    "skill_usage": 0
                }
            ]
        },
        {
            "name": "特种-伏击客",
            "opers": [
                {
                    "name": "水月",
                    "skill": 1,
                    "skill_usage": 0
                },
                {
                    "name": "阿斯卡伦",
                    "skill": 1,
                    "skill_usage": 0
                },
                {
                    "name": "玛恩纳",
                    "skill": 3,
                    "skill_usage": 1
                },
                {
                    "name": "史尔特尔",
                    "skill": 3,
                    "skill_usage": 1
                }
            ]
        }
    ],
    "opers": [
        {
            "name": "艾雅法拉",
            "skill": 2,
            "skill_usage": 0
        },
        {
            "name": "号角",
            "skill": 1,
            "skill_usage": 0
        }
    ]
}