{
    "minimum_required": "v4.0.0",
    "stage_name": "tough_14-17",
    "actions": [
        {
            "type": "Deploy",
            "name": "玛恩纳",
            "location": [
                4,
                3
            ],
            "direction": "Right"
        },
        {
            "type": "SpeedUp"
        },
        {
            "type": "Deploy",
            "name": "纯烬艾雅法拉",
            "location": [
                1,
                3
            ],
            "direction": "Right"
        },
        {
            "type": "Deploy",
            "name": "山",
            "location": [
                3,
                4
            ],
            "direction": "Right"
        },
        {
            "type": "Skill",
            "name": "玛恩纳",
            "location": [
                4,
                3
            ],
            "kills": 32,
            "costs": 20
        },
        {
            "type": "Deploy",
            "name": "泥岩",
            "location": [
                3,
                2
            ],
            "direction": "Up"
        },
        {
            "type": "Skill",
            "kills": 55,
            "costs": 56,
            "name": "玛恩纳",
            "location": [
                4,
                3
            ]
        },
        {
            "type": "SkillUsage",
            "name": "玛恩纳",
            "skill_usage": 1
        },
        {
            "type": "SkillDaemon"
        }
    ],
    "doc": {
        "title": "第十四章 慈悲灯塔 - 14-19（磨难） - 晶簇之内",
        "details": "作业更新日期: 2024-05-01T15:22:15Z\n统计更新日期: 2024-11-30\n好评率：98.65%  浏览量：1177\n来源：没有提丰攻略组  ID：36796\njson原作者:早见秋岚\n原视频 https://www.bilibili.com/video/BV19z421S7o3"
    },
    "groups": [],
    "opers": [
        {
            "name": "纯烬艾雅法拉",
            "skill": 1,
            "skill_usage": 0
        },
        {
            "name": "山",
            "skill": 2,
            "skill_usage": 2,
            "skill_times": 1
        },
        {
            "name": "玛恩纳",
            "skill": 3,
            "skill_usage": 0
        },
        {
            "name": "泥岩",
            "skill": 2,
            "skill_usage": 0
        }
    ]
}