{
    "minimum_required": "v4.0.0",
    "stage_name": "tough_14-14",
    "actions": [
        {
            "type": "SpeedUp"
        },
        {
            "type": "Deploy",
            "name": "澄闪",
            "location": [
                8,
                6
            ],
            "direction": "Up",
            "costs": 22,
            "doc_color": "#d63384",
            "doc": "有费用就放,有技能就用"
        },
        {
            "type": "Skill",
            "name": "澄闪",
            "location": [
                8,
                6
            ],
            "cost_changes": 18,
            "doc_color": "#d63384",
            "doc": "有费用就放,有技能就用"
        },
        {
            "type": "Deploy",
            "name": "银灰",
            "location": [
                8,
                4
            ],
            "direction": "Right",
            "cost_changes": 6
        },
        {
            "type": "Skill",
            "name": "银灰",
            "location": [
                8,
                4
            ],
            "costs": 23
        },
        {
            "type": "Deploy",
            "name": "维什戴尔",
            "location": [
                8,
                1
            ],
            "direction": "Down"
        },
        {
            "type": "Skill",
            "location": [
                8,
                1
            ],
            "cost_changes": 15
        }
    ],
    "doc": {
        "title": "*速刷*第十四章 慈悲灯塔 - 14-16（磨难） - 抢占舷侧区域",
        "details": "统计日期：2024-05-25\n好评率：92.77%  浏览量：3206\n来源：Luzz  ID：36852\n小猪六十专三有模组，银灰九十专三无模组，ew六十无专无模组\n很简单实测磨难也能打,第一次写这个不知道为啥一直进入子弹时间,可以配合手操一下\n*更新：好好好研究了半天终于弄好了,虽然仍然不知道是什么原因导致的.能用就行"
    },
    "groups": [],
    "opers": [
        {
            "name": "澄闪",
            "skill": 3,
            "skill_usage": 0
        },
        {
            "name": "银灰",
            "skill": 3,
            "skill_usage": 0
        },
        {
            "name": "维什戴尔",
            "skill": 3,
            "skill_usage": 0
        }
    ]
}