{
    "minimum_required": "v4.0.0",
    "stage_name": "tough_14-13",
    "actions": [
        {
            "type": "Deploy",
            "name": "能天使",
            "location": [
                2,
                3
            ],
            "direction": "Right"
        },
        {
            "type": "SpeedUp"
        },
        {
            "type": "Deploy",
            "name": "塞雷娅",
            "location": [
                2,
                4
            ],
            "direction": "Right"
        },
        {
            "type": "Deploy",
            "name": "夜莺",
            "location": [
                1,
                3
            ],
            "direction": "Right"
        },
        {
            "type": "Deploy",
            "name": "星熊",
            "location": [
                2,
                2
            ],
            "direction": "Right"
        },
        {
            "type": "SkillDaemon"
        }
    ],
    "doc": {
        "title": "第十四章 慈悲灯塔 - 14-15（磨难） - 突破外围防线",
        "details": "统计日期：2024-05-25\n好评率：98.31%  浏览量：8061\n来源：早见秋岚  ID：36740\n能天使需要290+模组/高潜能 否则可能导致暴毙 https://www.bilibili.com/video/BV13f421S7Gk/?spm_id_from=333.337.search-card.all.click&vd_source=2262fcddd66418dcd5d6a18342d0b154"
    },
    "groups": [],
    "opers": [
        {
            "name": "能天使",
            "skill": 3,
            "skill_usage": 0
        },
        {
            "name": "星熊",
            "skill": 2,
            "skill_usage": 0
        },
        {
            "name": "塞雷娅",
            "skill": 1,
            "skill_usage": 0
        },
        {
            "name": "夜莺",
            "skill": 2,
            "skill_usage": 0
        }
    ]
}