{
    "minimum_required": "v4.0.0",
    "stage_name": "tough_14-14",
    "actions": [
        {
            "type": "Deploy",
            "name": "维什戴尔",
            "location": [
                4,
                6
            ],
            "direction": "Up"
        },
        {
            "type": "SpeedUp"
        },
        {
            "type": "Deploy",
            "name": "斑点",
            "location": [
                2,
                3
            ],
            "direction": "Right",
            "costs": 30
        },
        {
            "type": "Deploy",
            "name": "黑角",
            "location": [
                2,
                4
            ],
            "direction": "Right"
        },
        {
            "type": "SkillDaemon"
        }
    ],
    "doc": {
        "title": "第十四章 慈悲灯塔 - 14-16（磨难） - 抢占舷侧区域 - 单核",
        "details": "——————————\n作业更新日期: 2025-03-21T14:47:12Z\n统计更新日期: 2025-10-31\n相对评分：83.67%  相对热度：54.89%\n来源：小卡拉帕鲁灰  ID：48926\n——————————\nJSON作者小卡拉帕鲁灰\n维满级，专3，三级模组\n持续更新中，作业交流群789724611，如果作业有问题可以加群找我，评论区不能及时回复"
    },
    "groups": [],
    "opers": [
        {
            "name": "维什戴尔",
            "skill": 3,
            "skill_usage": 1
        },
        {
            "name": "斑点",
            "skill": 1,
            "skill_usage": 0
        },
        {
            "name": "黑角",
            "skill": 1,
            "skill_usage": 0
        }
    ]
}