{
    "minimum_required": "v4.0.0",
    "stage_name": "main_14-15",
    "actions": [
        {
            "type": "Deploy",
            "name": "能天使",
            "location": [
                8,
                3
            ],
            "direction": "Down"
        },
        {
            "type": "SpeedUp"
        },
        {
            "type": "Deploy",
            "name": "令",
            "location": [
                9,
                3
            ],
            "direction": "Left"
        },
        {
            "type": "Deploy",
            "name": "“弦惊”",
            "location": [
                7,
                3
            ],
            "direction": "Up"
        },
        {
            "type": "Deploy",
            "name": "“弦惊”",
            "location": [
                7,
                4
            ],
            "direction": "Up"
        },
        {
            "type": "Deploy",
            "name": "“弦惊”",
            "location": [
                7,
                5
            ],
            "direction": "Up"
        },
        {
            "type": "Deploy",
            "name": "“弦惊”",
            "location": [
                7,
                4
            ],
            "direction": "Down"
        },
        {
            "type": "Deploy",
            "name": "黑角",
            "location": [
                4,
                1
            ],
            "direction": "Up",
            "costs": 53
        },
        {
            "type": "Deploy",
            "name": "“弦惊”",
            "location": [
                10,
                2
            ],
            "direction": "Up",
            "kills": 45
        },
        {
            "type": "Deploy",
            "name": "“弦惊”",
            "location": [
                10,
                3
            ],
            "direction": "Up"
        },
        {
            "type": "Retreat",
            "name": "“弦惊”",
            "location": [
                7,
                5
            ]
        },
        {
            "type": "Deploy",
            "name": "艾拉",
            "location": [
                9,
                4
            ],
            "direction": "Down"
        },
        {
            "type": "Deploy",
            "name": "雷鸣地雷",
            "location": [
                9,
                1
            ],
            "direction": "None",
            "costs": 49
        },
        {
            "type": "Deploy",
            "name": "雷鸣地雷",
            "location": [
                9,
                1
            ],
            "direction": "None"
        },
        {
            "type": "Deploy",
            "name": "雷鸣地雷",
            "location": [
                9,
                1
            ],
            "direction": "None"
        },
        {
            "type": "Deploy",
            "name": "雷鸣地雷",
            "location": [
                9,
                1
            ],
            "direction": "None"
        },
        {
            "type": "Deploy",
            "name": "雷鸣地雷",
            "location": [
                9,
                1
            ],
            "direction": "None"
        },
        {
            "type": "SkillDaemon"
        }
    ],
    "doc": {
        "title": "14-17 令单核速刷 修改自用",
        "details": "统计日期：2024-05-31\n好评率：100.0%  浏览量：49\n来源：wdnmd  ID：37602\n原作者：帅气的小欢\n修改自用"
    },
    "groups": [],
    "opers": [
        {
            "name": "令",
            "skill": 3,
            "skill_usage": 1
        },
        {
            "name": "能天使",
            "skill": 3,
            "skill_usage": 0
        },
        {
            "name": "黑角",
            "skill": 1,
            "skill_usage": 0
        },
        {
            "name": "艾拉",
            "skill": 3,
            "skill_usage": 1
        }
    ]
}