{
    "minimum_required": "v4.0.0",
    "stage_name": "tough_14-01",
    "actions": [
        {
            "type": "SpeedUp"
        },
        {
            "type": "Deploy",
            "name": "煌",
            "location": [
                9,
                5
            ],
            "direction": "Up"
        }
    ],
    "doc": {
        "title": "第十四章 慈悲灯塔 - 14-2（磨难） - 作战对策会议",
        "details": "作业更新日期: 2024-05-01T08:20:30Z\n统计更新日期: 2024-10-07\n好评率：99.04%  浏览量：2105\n来源：Dr_MO  ID：36652\n第十四章 慈悲灯塔 - 14-2（磨难） - 作战对策会议"
    },
    "groups": [],
    "opers": [
        {
            "name": "煌",
            "skill": 2,
            "skill_usage": 0
        }
    ]
}