{
    "minimum_required": "v4.0.0",
    "stage_name": "tough_14-18",
    "actions": [
        {
            "type": "SpeedUp"
        },
        {
            "type": "Deploy",
            "name": "先锋-尖兵",
            "location": [
                1,
                3
            ],
            "direction": "Right"
        },
        {
            "type": "Skill",
            "location": [
                4,
                3
            ],
            "kills": 1,
            "pre_delay": 1500
        },
        {
            "type": "Deploy",
            "name": "近卫-强攻手",
            "location": [
                5,
                4
            ],
            "direction": "Up"
        },
        {
            "type": "Deploy",
            "name": "纯烬艾雅法拉",
            "location": [
                3,
                1
            ],
            "direction": "Down"
        },
        {
            "type": "Deploy",
            "name": "术师-中坚术师",
            "location": [
                4,
                1
            ],
            "direction": "Right"
        },
        {
            "type": "Deploy",
            "name": "奶盾",
            "location": [
                4,
                2
            ],
            "direction": "Right"
        },
        {
            "type": "Deploy",
            "name": "术师-轰击术师",
            "location": [
                1,
                2
            ],
            "direction": "Right"
        },
        {
            "type": "Skill",
            "location": [
                4,
                3
            ],
            "kills": 13
        },
        {
            "type": "Skill",
            "location": [
                4,
                3
            ],
            "kills": 33,
            "pre_delay": 15000
        },
        {
            "type": "Skill",
            "location": [
                4,
                3
            ],
            "kills": 49,
            "pre_delay": 20000
        },
        {
            "type": "Skill",
            "location": [
                4,
                3
            ],
            "kills": 53,
            "pre_delay": 5000
        },
        {
            "type": "SkillDaemon"
        }
    ],
    "doc": {
        "title": "第十四章 慈悲灯塔 - 14-20（磨难） - 列王行迹",
        "details": "统计日期：2024-05-31\n好评率：100.0%  浏览量：1155\n来源：备胎拯救方舟  ID：37086\nJSON作者萨拉托加\n作业交流群545928846，如果作业有问题可以加群找我，评论区不能及时回复，还可以去群里蹲我的新作业"
    },
    "groups": [
        {
            "name": "先锋-尖兵",
            "opers": [
                {
                    "name": "德克萨斯",
                    "skill": 2,
                    "skill_usage": 1
                },
                {
                    "name": "推进之王"
                },
                {
                    "name": "凛冬"
                },
                {
                    "name": "焰尾"
                },
                {
                    "name": "青枳"
                },
                {
                    "name": "红隼",
                    "skill": 1,
                    "skill_usage": 0
                },
                {
                    "name": "贾维"
                }
            ]
        },
        {
            "name": "近卫-强攻手",
            "opers": [
                {
                    "name": "百炼嘉维尔",
                    "skill": 2,
                    "skill_usage": 1
                },
                {
                    "name": "煌",
                    "skill": 2,
                    "skill_usage": 0
                },
                {
                    "name": "山",
                    "skill": 2,
                    "skill_usage": 2,
                    "skill_times": 1
                }
            ]
        },
        {
            "name": "术师-中坚术师",
            "opers": [
                {
                    "name": "艾雅法拉",
                    "skill": 2,
                    "skill_usage": 0
                },
                {
                    "name": "刻俄柏",
                    "skill": 2,
                    "skill_usage": 1
                },
                {
                    "name": "澄闪",
                    "skill": 2,
                    "skill_usage": 0
                }
            ]
        },
        {
            "name": "术师-轰击术师",
            "opers": [
                {
                    "name": "伊芙利特",
                    "skill": 2,
                    "skill_usage": 0
                },
                {
                    "name": "提丰",
                    "skill": 2,
                    "skill_usage": 2,
                    "skill_times": 2
                },
                {
                    "name": "维什戴尔",
                    "skill": 3,
                    "skill_usage": 1
                },
                {
                    "name": "莱伊",
                    "skill": 3,
                    "skill_usage": 1
                },
                {
                    "name": "菲亚梅塔",
                    "skill": 3,
                    "skill_usage": 1
                }
            ]
        },
        {
            "name": "奶盾",
            "opers": [
                {
                    "name": "黍",
                    "skill": 1,
                    "skill_usage": 0
                },
                {
                    "name": "塞雷娅",
                    "skill": 1,
                    "skill_usage": 0
                }
            ]
        }
    ],
    "opers": [
        {
            "name": "纯烬艾雅法拉",
            "skill": 1,
            "skill_usage": 0
        }
    ]
}