{
    "minimum_required": "v4.0.0",
    "stage_name": "tough_14-02",
    "actions": [
        {
            "type": "SpeedUp"
        },
        {
            "type": "Deploy",
            "name": "煌",
            "location": [
                5,
                5
            ],
            "direction": "Left"
        },
        {
            "type": "Deploy",
            "name": "塞雷娅",
            "location": [
                4,
                6
            ],
            "direction": "Up"
        },
        {
            "type": "Deploy",
            "name": "闪灵",
            "location": [
                6,
                6
            ],
            "direction": "Up"
        },
        {
            "type": "Deploy",
            "name": "艾雅法拉",
            "location": [
                6,
                4
            ],
            "direction": "Left"
        }
    ],
    "doc": {
        "title": "第十四章 慈悲灯塔 - 14-3（磨难） - 破解锤砧战术",
        "details": "统计日期：2024-06-01\n好评率：100.0%  浏览量：2138\n来源：Dr_MO  ID：36655\n第十四章 慈悲灯塔 - 14-3（磨难） - 破解锤砧战术"
    },
    "groups": [],
    "opers": [
        {
            "name": "煌",
            "skill": 2,
            "skill_usage": 0
        },
        {
            "name": "塞雷娅",
            "skill": 1,
            "skill_usage": 0
        },
        {
            "name": "闪灵",
            "skill": 2,
            "skill_usage": 0
        },
        {
            "name": "艾雅法拉",
            "skill": 2,
            "skill_usage": 0
        }
    ]
}