{
    "minimum_required": "v4.0.0",
    "stage_name": "main_14-03",
    "actions": [
        {
            "type": "SpeedUp"
        },
        {
            "type": "Deploy",
            "name": "煌",
            "location": [
                7,
                3
            ],
            "direction": "Right"
        },
        {
            "type": "Deploy",
            "name": "艾雅法拉",
            "location": [
                6,
                4
            ],
            "direction": "Right"
        },
        {
            "type": "Deploy",
            "name": "塞雷娅",
            "location": [
                5,
                5
            ],
            "direction": "Right"
        },
        {
            "type": "Deploy",
            "name": "闪灵",
            "location": [
                6,
                2
            ],
            "direction": "Down"
        }
    ],
    "doc": {
        "title": "第十四章 慈悲灯塔 - 14-4（标准） - 通讯静默解除 ",
        "details": "作业更新日期: 2024-05-01T08:57:33Z\n统计更新日期: 2024-11-30\n好评率：87.04%  浏览量：1490\n来源：59    ID：36659\n测试练度90级专3"
    },
    "groups": [],
    "opers": [
        {
            "name": "煌",
            "skill": 2,
            "skill_usage": 0
        },
        {
            "name": "塞雷娅",
            "skill": 1,
            "skill_usage": 0
        },
        {
            "name": "闪灵",
            "skill": 2,
            "skill_usage": 0
        },
        {
            "name": "艾雅法拉",
            "skill": 2,
            "skill_usage": 0
        }
    ]
}