{
    "minimum_required": "v4.0.0",
    "stage_name": "tough_14-04",
    "actions": [
        {
            "type": "SpeedUp"
        },
        {
            "type": "Deploy",
            "name": "术师-中坚术师",
            "location": [
                4,
                5
            ],
            "direction": "Left"
        },
        {
            "type": "Deploy",
            "name": "辅助-巫役",
            "location": [
                2,
                5
            ],
            "direction": "Right"
        },
        {
            "type": "Deploy",
            "name": "近卫-斗士",
            "location": [
                2,
                2
            ],
            "direction": "Right"
        },
        {
            "type": "Deploy",
            "name": "凝滞师",
            "location": [
                3,
                5
            ],
            "direction": "Left"
        },
        {
            "type": "Output",
            "doc_color": "#d63384",
            "doc": "如果觉得实用，请赏个好评吧~"
        }
    ],
    "doc": {
        "title": "第十四章 慈悲灯塔 - 14-5（磨难） - 探查岩洞区域",
        "details": "统计日期：2024-05-31\n好评率：99.41%  浏览量：1159\n来源：备胎拯救方舟  ID：36964\n萧然Q，https://www.bilibili.com/video/BV1at421c7NY?p=5\n魔法Zc目录，https://www.bilibili.com/video/BV1rJ4m1E7t9?p=5"
    },
    "groups": [
        {
            "name": "近卫-斗士",
            "opers": [
                {
                    "name": "山",
                    "skill": 2,
                    "skill_usage": 2,
                    "skill_times": 1
                },
                {
                    "name": "泥岩",
                    "skill": 2,
                    "skill_usage": 0
                }
            ]
        },
        {
            "name": "术师-中坚术师",
            "opers": [
                {
                    "name": "艾雅法拉",
                    "skill": 2,
                    "skill_usage": 0
                }
            ]
        },
        {
            "name": "凝滞师",
            "opers": [
                {
                    "name": "梓兰",
                    "skill": 1,
                    "skill_usage": 1
                },
                {
                    "name": "波登可",
                    "skill": 1,
                    "skill_usage": 0
                },
                {
                    "name": "安洁莉娜",
                    "skill": 1,
                    "skill_usage": 0
                },
                {
                    "name": "铃兰",
                    "skill": 2,
                    "skill_usage": 0
                }
            ]
        },
        {
            "name": "辅助-巫役",
            "opers": [
                {
                    "name": "提丰",
                    "skill": 2,
                    "skill_usage": 2,
                    "skill_times": 2
                },
                {
                    "name": "塑心",
                    "skill": 1,
                    "skill_usage": 0
                },
                {
                    "name": "澄闪",
                    "skill": 2,
                    "skill_usage": 0
                }
            ]
        }
    ],
    "opers": []
}