{
    "minimum_required": "v4.0.0",
    "stage_name": "tough_14-07",
    "actions": [
        {
            "type": "Deploy",
            "name": "温蒂",
            "location": [
                10,
                4
            ],
            "direction": "Left"
        },
        {
            "type": "SpeedUp"
        },
        {
            "type": "Deploy",
            "name": "枯朽祭坛",
            "location": [
                9,
                4
            ],
            "direction": "None"
        },
        {
            "type": "Skill",
            "name": "温蒂",
            "kills": 2
        },
        {
            "type": "Deploy",
            "name": "工程蓄水炮",
            "location": [
                8,
                4
            ],
            "direction": "Left"
        },
        {
            "type": "Deploy",
            "name": "奶盾",
            "location": [
                9,
                3
            ],
            "direction": "Down"
        },
        {
            "type": "Retreat",
            "name": "温蒂",
            "costs": 35
        },
        {
            "type": "Deploy",
            "name": "伊芙利特",
            "location": [
                10,
                4
            ],
            "direction": "Left"
        },
        {
            "type": "SkillDaemon"
        }
    ],
    "doc": {
        "title": "第十四章 慈悲灯塔 - 14-8（磨难） - 抵近支援作战",
        "details": "作业更新日期: 2024-05-01T14:23:29Z\n统计更新日期: 2024-11-30\n好评率：99.47%  浏览量：31801\n来源：萨拉托加  ID：36708\nJSON作者萨拉托加\n作业交流群545928846，如果作业有问题可以加群找我，评论区不能及时回复，还可以去群里蹲我的新作业"
    },
    "groups": [
        {
            "name": "奶盾",
            "opers": [
                {
                    "name": "黍",
                    "skill": 1,
                    "skill_usage": 0
                },
                {
                    "name": "塞雷娅",
                    "skill": 1,
                    "skill_usage": 0
                }
            ]
        }
    ],
    "opers": [
        {
            "name": "温蒂",
            "skill": 3,
            "skill_usage": 0
        },
        {
            "name": "伊芙利特",
            "skill": 2,
            "skill_usage": 0
        }
    ]
}