{
    "stageName": "main_14-08",
    "doc": {
        "title": "第十四章 慈悲灯塔 - 14-9（标准） - 应对饱和打击",
        "title_color": "Gray",
        "details": "——————————\n作业更新日期: 2025-04-07T14:39:09Z\n统计更新日期: 2025-04-12\n好评率：100.0%  浏览量：55\n来源：Dr_MO  ID：49662\n——————————\n\n【明日方舟 模组任务】逻各斯「《语义范式百科》」摆完挂机（3人3步）\nhttps://www.bilibili.com/video/BV11LR2YDE8X/?spm_id_from=333.337.search-card.all.click&vd_source=375c92f84c507a5fc51c5e4fc821c6e8\n\nMO",
        "details_color": "Gray"
    },
    "opers": [
        {
            "name": "桃金娘",
            "skill": 1,
            "skill_usage": 1,
            "requirements": {
                "elite": 0,
                "level": 0,
                "skill_level": 0,
                "module": 0,
                "potentiality": 0
            }
        },
        {
            "name": "逻各斯",
            "skill": 1,
            "skill_usage": 0,
            "requirements": {
                "elite": 0,
                "level": 0,
                "skill_level": 0,
                "module": 0,
                "potentiality": 0
            }
        },
        {
            "name": "泥岩",
            "skill": 2,
            "skill_usage": 0,
            "requirements": {
                "elite": 0,
                "level": 0,
                "skill_level": 0,
                "module": 0,
                "potentiality": 0
            }
        },
        {
            "name": "歌蕾蒂娅",
            "skill": 1,
            "skill_usage": 0,
            "requirements": {
                "elite": 0,
                "level": 0,
                "skill_level": 0,
                "module": 0,
                "potentiality": 0
            }
        }
    ],
    "groups": [],
    "minimumRequired": "v4.0.0",
    "difficulty": 0
}