{
    "minimum_required": "v4.0.0",
    "stage_name": "hard_14-02",
    "actions": [
        {
            "type": "Output",
            "doc_color": "#d63384",
            "doc": "请确认夜莺开启模组，否则请勿使用本作业！"
        },
        {
            "type": "SpeedUp"
        },
        {
            "type": "Deploy",
            "name": "桃金娘",
            "location": [
                7,
                7
            ],
            "direction": "Right"
        },
        {
            "type": "Deploy",
            "name": "玛恩纳",
            "location": [
                9,
                4
            ],
            "direction": "Left"
        },
        {
            "type": "Deploy",
            "name": "煌",
            "location": [
                9,
                6
            ],
            "direction": "Up"
        },
        {
            "type": "Deploy",
            "name": "夜莺",
            "location": [
                10,
                5
            ],
            "direction": "Up"
        },
        {
            "type": "SkillUsage",
            "name": "桃金娘",
            "skill_usage": 0
        },
        {
            "type": "Skill",
            "name": "玛恩纳",
            "location": [
                9,
                4
            ],
            "kills": 16,
            "pre_delay": 9200
        },
        {
            "type": "SkillUsage",
            "name": "桃金娘",
            "skill_usage": 1
        },
        {
            "type": "Deploy",
            "name": "奶盾",
            "location": [
                10,
                4
            ],
            "direction": "Left"
        },
        {
            "type": "Deploy",
            "pre_delay": 5200,
            "name": "能天使",
            "location": [
                10,
                3
            ],
            "direction": "Left"
        },
        {
            "type": "Deploy",
            "name": "奶",
            "location": [
                11,
                5
            ],
            "direction": "Left"
        },
        {
            "type": "Deploy",
            "name": "星熊",
            "location": [
                10,
                2
            ],
            "direction": "Left"
        },
        {
            "type": "Skill",
            "kills": 20,
            "pre_delay": 5800,
            "name": "玛恩纳",
            "location": [
                9,
                4
            ]
        },
        {
            "type": "SkillUsage",
            "name": "玛恩纳",
            "skill_usage": 1
        },
        {
            "type": "SkillDaemon"
        }
    ],
    "doc": {
        "title": "第十四章 慈悲灯塔 - H14-2（标准） - 灯塔行动-2",
        "details": "统计日期：2024-05-25\n好评率：98.21%  浏览量：6595\n来源：JYu0828  ID：37326\n2603 夜莺必须有模组！\n搬运自up主：祈星_Estrella\n原视频：https://www.bilibili.com/video/BV1Kw4m1Q7Jv/"
    },
    "groups": [
        {
            "name": "奶盾",
            "opers": [
                {
                    "name": "塞雷娅",
                    "skill": 1,
                    "skill_usage": 0
                },
                {
                    "name": "黍",
                    "skill": 1,
                    "skill_usage": 0
                }
            ]
        },
        {
            "name": "奶",
            "opers": [
                {
                    "name": "闪灵",
                    "skill": 2,
                    "skill_usage": 0
                },
                {
                    "name": "纯烬艾雅法拉",
                    "skill": 1,
                    "skill_usage": 0
                }
            ]
        }
    ],
    "opers": [
        {
            "name": "玛恩纳",
            "skill": 3,
            "skill_usage": 0
        },
        {
            "name": "夜莺",
            "skill": 2,
            "skill_usage": 0
        },
        {
            "name": "星熊",
            "skill": 2,
            "skill_usage": 0
        },
        {
            "name": "能天使",
            "skill": 3,
            "skill_usage": 0
        },
        {
            "name": "桃金娘",
            "skill": 1,
            "skill_usage": 1
        },
        {
            "name": "煌",
            "skill": 2,
            "skill_usage": 0
        }
    ]
}