{
    "minimum_required": "v4.0.0",
    "stage_name": "hard_14-04",
    "actions": [
        {
            "type": "Deploy",
            "name": "桃金娘",
            "location": [
                1,
                7
            ],
            "direction": "Right"
        },
        {
            "type": "SpeedUp"
        },
        {
            "type": "Deploy",
            "name": "棘刺",
            "location": [
                5,
                6
            ],
            "direction": "Up"
        },
        {
            "type": "Deploy",
            "name": "障碍物",
            "location": [
                3,
                6
            ],
            "direction": "None"
        },
        {
            "type": "Deploy",
            "name": "能天使",
            "location": [
                7,
                7
            ],
            "direction": "Up"
        },
        {
            "type": "Deploy",
            "name": "夜莺",
            "location": [
                5,
                7
            ],
            "direction": "Up"
        },
        {
            "type": "Deploy",
            "name": "长手群攻",
            "location": [
                9,
                5
            ],
            "direction": "Left"
        },
        {
            "type": "Deploy",
            "name": "奶",
            "location": [
                4,
                7
            ],
            "direction": "Right"
        },
        {
            "type": "Deploy",
            "name": "泥岩",
            "location": [
                10,
                1
            ],
            "direction": "Left"
        },
        {
            "type": "Deploy",
            "name": "艾雅法拉",
            "location": [
                5,
                5
            ],
            "direction": "Right",
            "kills": 6
        },
        {
            "type": "Deploy",
            "name": "速狙",
            "location": [
                10,
                7
            ],
            "direction": "Up"
        },
        {
            "type": "Deploy",
            "name": "伊芙利特",
            "location": [
                6,
                6
            ],
            "direction": "Up",
            "kills": 8
        },
        {
            "type": "Deploy",
            "name": "奶盾",
            "location": [
                5,
                4
            ],
            "direction": "Right"
        },
        {
            "type": "Deploy",
            "name": "史尔特尔",
            "location": [
                7,
                4
            ],
            "direction": "Left"
        },
        {
            "type": "SkillUsage",
            "name": "桃金娘",
            "skill_usage": 0
        },
        {
            "type": "SkillDaemon"
        }
    ],
    "doc": {
        "title": "第十四章 慈悲灯塔 - H14-4（标准） - 灯塔行动-4",
        "details": "统计日期：2024-05-24\n好评率：96.13%  浏览量：4255\n来源：JYu0828  ID：37392\n2703\n搬运自up主：柠檬味の小小猪\n原视频：https://www.bilibili.com/video/BV11E421V76U/"
    },
    "groups": [
        {
            "name": "速狙",
            "opers": [
                {
                    "name": "空弦"
                },
                {
                    "name": "白金",
                    "skill": 2,
                    "skill_usage": 0
                },
                {
                    "name": "蓝毒"
                },
                {
                    "name": "杰西卡"
                },
                {
                    "name": "流星"
                },
                {
                    "name": "克洛丝"
                }
            ]
        },
        {
            "name": "奶盾",
            "opers": [
                {
                    "name": "黍",
                    "skill": 1,
                    "skill_usage": 0
                },
                {
                    "name": "塞雷娅",
                    "skill": 1,
                    "skill_usage": 0
                }
            ]
        },
        {
            "name": "奶",
            "opers": [
                {
                    "name": "纯烬艾雅法拉",
                    "skill": 1,
                    "skill_usage": 0
                },
                {
                    "name": "闪灵",
                    "skill": 2,
                    "skill_usage": 0
                }
            ]
        },
        {
            "name": "长手群攻",
            "opers": [
                {
                    "name": "维什戴尔",
                    "skill": 2,
                    "skill_usage": 1
                },
                {
                    "name": "号角",
                    "skill": 1,
                    "skill_usage": 0
                }
            ]
        }
    ],
    "opers": [
        {
            "name": "棘刺",
            "skill": 3,
            "skill_usage": 1
        },
        {
            "name": "泥岩",
            "skill": 2,
            "skill_usage": 0
        },
        {
            "name": "能天使",
            "skill": 3,
            "skill_usage": 0
        },
        {
            "name": "艾雅法拉",
            "skill": 2,
            "skill_usage": 0
        },
        {
            "name": "伊芙利特",
            "skill": 2,
            "skill_usage": 0
        },
        {
            "name": "夜莺",
            "skill": 2,
            "skill_usage": 0
        },
        {
            "name": "桃金娘",
            "skill": 1,
            "skill_usage": 1
        },
        {
            "name": "史尔特尔",
            "skill": 3,
            "skill_usage": 1
        }
    ]
}