{
    "minimum_required": "v4.0.0",
    "stage_name": "hard_14-04",
    "actions": [
        {
            "type": "Deploy",
            "name": "浊心斯卡蒂",
            "location": [
                5,
                7
            ],
            "direction": "Left"
        },
        {
            "type": "Deploy",
            "name": "障碍物",
            "location": [
                3,
                6
            ],
            "direction": "Up",
            "costs": 5
        },
        {
            "type": "SpeedUp"
        },
        {
            "type": "Deploy",
            "name": "棘刺",
            "location": [
                5,
                6
            ],
            "direction": "Up"
        },
        {
            "type": "Deploy",
            "name": "澄闪",
            "location": [
                4,
                7
            ],
            "direction": "Up"
        },
        {
            "type": "Deploy",
            "name": "能天使",
            "location": [
                7,
                7
            ],
            "direction": "Up"
        },
        {
            "type": "Deploy",
            "name": "纯烬艾雅法拉",
            "location": [
                3,
                7
            ],
            "direction": "Right"
        },
        {
            "type": "Deploy",
            "name": "塑心",
            "location": [
                5,
                5
            ],
            "direction": "Right"
        },
        {
            "type": "Deploy",
            "name": "塞雷娅",
            "location": [
                11,
                1
            ],
            "direction": "Left"
        },
        {
            "type": "Deploy",
            "name": "星熊",
            "location": [
                10,
                1
            ],
            "direction": "Left"
        },
        {
            "type": "Deploy",
            "name": "艾雅法拉",
            "location": [
                6,
                6
            ],
            "direction": "Up"
        },
        {
            "type": "SkillDaemon"
        }
    ],
    "doc": {
        "title": "第十四章 慈悲灯塔 - H14-4（标准） - 灯塔行动-4",
        "details": "作业更新日期: 2024-05-08T15:22:40Z\n统计更新日期: 2024-11-30\n好评率：89.74%  浏览量：2765\n来源：jjhujh  ID：37347\nhttps://www.bilibili.com/video/BV1ef42127uN?p=6&vd_source=796c43c38b1657f3ff7b41acec078983\n塞雷亚Y模组，鸡翅最好有模组"
    },
    "groups": [],
    "opers": [
        {
            "name": "纯烬艾雅法拉",
            "skill": 1,
            "skill_usage": 0
        },
        {
            "name": "棘刺",
            "skill": 3,
            "skill_usage": 1
        },
        {
            "name": "能天使",
            "skill": 3,
            "skill_usage": 0
        },
        {
            "name": "浊心斯卡蒂",
            "skill": 2,
            "skill_usage": 0
        },
        {
            "name": "星熊",
            "skill": 2,
            "skill_usage": 0
        },
        {
            "name": "塞雷娅",
            "skill": 1,
            "skill_usage": 0
        },
        {
            "name": "澄闪",
            "skill": 2,
            "skill_usage": 0
        },
        {
            "name": "塑心",
            "skill": 1,
            "skill_usage": 0
        },
        {
            "name": "艾雅法拉",
            "skill": 2,
            "skill_usage": 0
        },
        {
            "name": "障碍物",
            "skill": 1,
            "skill_usage": 0
        }
    ]
}