{
    "minimum_required": "v4.0.0",
    "stage_name": "mem_liskam_1",
    "actions": [
        {
            "type": "SpeedUp",
            "rear_delay": 500
        },
        {
            "type": "Deploy",
            "name": "障碍物",
            "location": [
                4,
                1
            ],
            "direction": "None"
        },
        {
            "type": "Deploy",
            "name": "障碍物",
            "location": [
                3,
                5
            ],
            "direction": "None"
        },
        {
            "type": "Deploy",
            "name": "陨星",
            "location": [
                4,
                3
            ],
            "direction": "Right"
        },
        {
            "type": "Deploy",
            "name": "雷蛇",
            "location": [
                4,
                4
            ],
            "direction": "Right"
        },
        {
            "type": "Deploy",
            "name": "华法琳",
            "location": [
                3,
                3
            ],
            "direction": "Right"
        },
        {
            "type": "Output",
            "kills": 25,
            "rear_delay": 2000,
            "doc_color": "Gray",
            "doc": "准备晕人"
        },
        {
            "type": "Deploy",
            "name": "轰隆隆先生",
            "location": [
                6,
                4
            ],
            "direction": "None",
            "rear_delay": 5000
        },
        {
            "type": "Deploy",
            "name": "轰隆隆先生",
            "location": [
                6,
                4
            ],
            "direction": "None",
            "rear_delay": 5000
        },
        {
            "type": "Deploy",
            "name": "轰隆隆先生",
            "location": [
                6,
                4
            ],
            "direction": "None",
            "rear_delay": 5000
        },
        {
            "type": "Deploy",
            "name": "轰隆隆先生",
            "location": [
                6,
                4
            ],
            "direction": "None",
            "rear_delay": 5000
        },
        {
            "type": "SkillDaemon"
        }
    ],
    "doc": {
        "title": "重装 - 雷蛇 - 攻守兼备 悖论模拟",
        "details": "作业更新日期: 2024-07-20T08:48:58Z\n统计更新日期: 2024-11-24\n好评率：90.0%  浏览量：283\n来源：木木天宁  ID：39552\n自用的雷蛇因为要上破隐模组，所以有精二50级，7级一技能，测试通过。\n\n过试炼的话，等级可以放低一些，欢迎评论。"
    },
    "groups": [],
    "opers": [
        {
            "name": "雷蛇",
            "skill": 1,
            "skill_usage": 0
        },
        {
            "name": "华法琳",
            "skill": 1,
            "skill_usage": 0
        },
        {
            "name": "陨星",
            "skill": 1,
            "skill_usage": 0
        }
    ]
}