{
  "minimum_required": "v4.0.0",
  "stage_name": "easy_11-05",
  "actions": [
    {
      "type": "Deploy",
      "name": "焰影苇草",
      "location": [
        8,
        4
      ],
      "direction": "Left"
    },
    {
      "type": "SpeedUp"
    },
    {
      "type": "Deploy",
      "name": "医疗",
      "location": [
        7,
        4
      ],
      "direction": "Up"
    },
    {
      "type": "Deploy",
      "name": "塞雷娅",
      "location": [
        7,
        3
      ],
      "direction": "Left"
    },
    {
      "type": "Deploy",
      "name": "煌",
      "location": [
        8,
        3
      ],
      "direction": "Down"
    },
    {
      "type": "SkillDaemon"
    }
  ],
  "doc": {
    "title": "第十一章 淬火尘霾 - 11-6（简单） - 演绎文明【焰影苇草模组任务】“赠予红龙的花冠” ",
    "details": "焰影苇草模组任务：“赠予红龙的花冠” \n任务要求：3星通关主题曲11-6标准实战环境;必须编入非助战焰影苇草并上场，且使用焰影苇草至少歼灭40个敌人\n模组除了那点攻击，全是加治疗量（备战2模）\n建议模组块充足的玩家开个1模就行了，不建议缺模组块的玩家开\n练度：精二90级专三【未开服未测试】"
  },
  "groups": [
    {
      "name": "医疗",
      "opers": [
        {
          "name": "纯烬艾雅法拉",
          "skill": 1,
          "skill_usage": 0
        },
        {
          "name": "流明",
          "skill": 1,
          "skill_usage": 0
        },
        {
          "name": "闪灵",
          "skill": 1,
          "skill_usage": 0
        }
      ]
    }
  ],
  "opers": [
    {
      "name": "焰影苇草",
      "skill": 3,
      "skill_usage": 1
    },
    {
      "name": "煌",
      "skill": 2,
      "skill_usage": 0
    },
    {
      "name": "塞雷娅",
      "skill": 1,
      "skill_usage": 0
    }
  ]
}