{
  "minimum_required": "v4.0.0",
  "stage_name": "main_11-11",
  "actions": [
    {
      "type": "SpeedUp"
    },
    {
      "type": "Deploy",
      "name": "煌",
      "location": [
        2,
        4
      ],
      "direction": "Up"
    },
    {
      "type": "Deploy",
      "name": "塞雷娅",
      "location": [
        2,
        3
      ],
      "direction": "Up"
    },
    {
      "type": "Deploy",
      "name": "夜莺",
      "location": [
        1,
        3
      ],
      "direction": "Right"
    },
    {
      "type": "Deploy",
      "name": "艾雅法拉",
      "location": [
        1,
        2
      ],
      "direction": "Right"
    }
  ],
  "doc": {
    "title": "煌 模组任务 11-13（标准）",
    "details": "UP:涂绘天菜  视频地址：https://www.bilibili.com/video/BV1t841127G4/"
  },
  "groups": [],
  "opers": [
    {
      "name": "煌",
      "skill": 2,
      "skill_usage": 0
    },
    {
      "name": "艾雅法拉",
      "skill": 2,
      "skill_usage": 0
    },
    {
      "name": "塞雷娅",
      "skill": 1,
      "skill_usage": 0
    },
    {
      "name": "夜莺",
      "skill": 2,
      "skill_usage": 0
    }
  ]
}