{
    "minimum_required": "v4.0.0",
    "stage_name": "mem_kalts_1",
    "actions": [
        {
            "type": "SpeedUp"
        },
        {
            "type": "Deploy",
            "name": "凯尔希",
            "location": [
                9,
                3
            ],
            "direction": "Left"
        },
        {
            "type": "Deploy",
            "name": "Mon3tr",
            "location": [
                6,
                2
            ],
            "direction": "Left"
        },
        {
            "type": "Deploy",
            "name": "红",
            "location": [
                6,
                2
            ],
            "cooling": 1,
            "direction": "Left"
        },
        {
            "type": "Deploy",
            "name": "Mon3tr",
            "location": [
                8,
                3
            ],
            "direction": "Up",
            "cooling": 0
        },
        {
            "type": "Deploy",
            "name": "红",
            "location": [
                9,
                2
            ],
            "direction": "Left",
            "cooling": 0
        },
        {
            "type": "Deploy",
            "name": "Mon3tr",
            "location": [
                4,
                5
            ],
            "direction": "Right",
            "cooling": 0
        },
        {
            "type": "Deploy",
            "name": "红",
            "location": [
                5,
                4
            ],
            "direction": "Down",
            "cooling": 0
        },
        {
            "type": "Deploy",
            "name": "Mon3tr",
            "location": [
                3,
                2
            ],
            "direction": "Left",
            "cooling": 0
        },
        {
            "type": "Deploy",
            "name": "红",
            "location": [
                2,
                1
            ],
            "direction": "Down",
            "cooling": 0
        },
        {
            "type": "Deploy",
            "name": "Mon3tr",
            "location": [
                9,
                2
            ],
            "direction": "Left",
            "cooling": 0
        },
        {
            "type": "Deploy",
            "name": "红",
            "location": [
                8,
                1
            ],
            "direction": "Down",
            "cooling": 0
        },
        {
            "type": "Skill",
            "name": "凯尔希",
            "location": [
                9,
                3
            ],
            "direction": "Left"
        },
        {
            "type": "Skill",
            "name": "凯尔希",
            "location": [
                9,
                3
            ],
            "direction": "Left"
        }
    ],
    "doc": {
        "title": "凯尔希--悖论模拟",
        "details": "——————————\n作业更新日期: 2025-08-15T14:02:17Z\n统计更新日期: 2025-08-17\n相对评分：75.29%  相对热度：54.65%\n来源：童话重度依赖  ID：56241\n——————————\n专三3技能--精2--70级   自测可过\n概率翻车，可以多打几次\n【赠送干员满潜能】【满信赖】【无模组】\n有问题请反馈    BID：童话重度依赖症"
    },
    "groups": [],
    "opers": [
        {
            "name": "凯尔希",
            "skill": 3,
            "skill_usage": 1
        },
        {
            "name": "红",
            "skill": 1,
            "skill_usage": 0
        }
    ]
}