{
    "minimum_required": "v4.0.0",
    "stage_name": "mem_kalts_1",
    "actions": [
        {
            "type": "Deploy",
            "name": "凯尔希",
            "location": [
                9,
                3
            ],
            "direction": "Left"
        },
        {
            "type": "Deploy",
            "name": "Mon3tr",
            "location": [
                7,
                2
            ],
            "direction": "Left"
        },
        {
            "type": "SpeedUp"
        },
        {
            "type": "Deploy",
            "name": "红",
            "location": [
                6,
                2
            ],
            "direction": "Right"
        },
        {
            "type": "Deploy",
            "name": "红",
            "location": [
                6,
                2
            ],
            "direction": "Right"
        },
        {
            "type": "Deploy",
            "name": "Mon3tr",
            "location": [
                8,
                4
            ],
            "direction": "Up"
        },
        {
            "type": "Deploy",
            "name": "红",
            "location": [
                8,
                3
            ],
            "direction": "Up"
        },
        {
            "type": "Deploy",
            "name": "红",
            "location": [
                8,
                3
            ],
            "direction": "Down"
        },
        {
            "type": "Deploy",
            "name": "Mon3tr",
            "location": [
                5,
                4
            ],
            "direction": "Down"
        },
        {
            "type": "Deploy",
            "name": "红",
            "location": [
                4,
                5
            ],
            "direction": "Right"
        },
        {
            "type": "Deploy",
            "name": "红",
            "location": [
                4,
                5
            ],
            "direction": "Right"
        },
        {
            "type": "Deploy",
            "name": "Mon3tr",
            "location": [
                2,
                1
            ],
            "direction": "Down"
        },
        {
            "type": "Deploy",
            "name": "红",
            "location": [
                2,
                4
            ],
            "direction": "Down"
        },
        {
            "type": "SkillDaemon"
        }
    ],
    "doc": {
        "title": "医疗 - 凯尔希 - 文明切片-凯尔希悖论模拟",
        "details": "——————————\n作业更新日期: 2025-04-12T13:27:52Z\n统计更新日期: 2025-07-29\n相对评分：100.0%  相对热度：100.0%\n来源：小卡拉帕鲁灰  ID：50085\n——————————\n牢猫别走\n做了很多容错，练度要求应该没有那么高\n精二60专3"
    },
    "groups": [],
    "opers": [
        {
            "name": "凯尔希",
            "skill": 3,
            "skill_usage": 1
        },
        {
            "name": "红",
            "skill": 1,
            "skill_usage": 0
        }
    ]
}