{
    "minimum_required": "v4.0.0",
    "stage_name": "mem_ansel_1",
    "actions": [
        {
            "type": "Deploy",
            "name": "安赛尔",
            "location": [
                1,
                3
            ],
            "direction": "Right",
            "costs": 15
        },
        {
            "type": "Deploy",
            "name": "安德切尔",
            "location": [
                5,
                4
            ],
            "direction": "Up",
            "costs": 11
        },
        {
            "type": "SpeedUp"
        },
        {
            "type": "Deploy",
            "name": "米格鲁",
            "location": [
                6,
                3
            ],
            "direction": "Up",
            "costs": 18
        },
        {
            "type": "Skill",
            "name": "安赛尔",
            "location": [
                1,
                3
            ],
            "costs": 35
        },
        {
            "type": "Skill",
            "name": "安德切尔",
            "location": [
                5,
                4
            ],
            "costs": 68
        },
        {
            "type": "Skill",
            "name": "米格鲁",
            "location": [
                6,
                3
            ],
            "costs": 92
        },
        {
            "type": "Skill",
            "name": "安赛尔",
            "location": [
                1,
                3
            ],
            "costs": 99
        },
        {
            "type": "Skill",
            "name": "玫兰莎",
            "location": [
                1,
                4
            ],
            "kills": 36,
            "pre_delay": 3800
        },
        {
            "type": "Skill",
            "name": "泡普卡",
            "location": [
                1,
                2
            ],
            "kills": 36,
            "pre_delay": 200
        }
    ],
    "doc": {
        "title": "悖论模拟 - 安赛尔 - 冷静的支援者",
        "details": "——————————\n作业更新日期: 2024-11-08T13:18:39Z\n统计更新日期: 2025-07-29\n相对评分：100.0%  相对热度：100.0%\n来源：钙片#6682  ID：43217\n——————————\n满潜 技能7级 精一 Lv.55 - 已测试\n\n原作者：假装摆烂嘉\n链接：https://www.bilibili.com/video/BV1C64y1K7xu"
    },
    "groups": [],
    "opers": [
        {
            "name": "安赛尔",
            "skill": 1,
            "skill_usage": 0
        }
    ]
}