{
    "minimum_required": "v4.0.0",
    "stage_name": "mem_mberry_1",
    "actions": [
        {
            "type": "SpeedUp"
        },
        {
            "type": "Deploy",
            "name": "惊蛰",
            "location": [
                5,
                2
            ],
            "direction": "Left"
        },
        {
            "type": "Deploy",
            "name": "寒芒克洛丝",
            "location": [
                5,
                4
            ],
            "direction": "Left"
        },
        {
            "type": "Deploy",
            "name": "桑葚",
            "location": [
                7,
                3
            ],
            "direction": "Left"
        },
        {
            "type": "Deploy",
            "name": "乌有",
            "location": [
                4,
                3
            ],
            "direction": "Left",
            "costs": 22
        },
        {
            "type": "Skill",
            "name": "惊蛰",
            "location": [
                5,
                2
            ],
            "pre_delay": 10300
        },
        {
            "type": "Skill",
            "name": "寒芒克洛丝",
            "location": [
                5,
                4
            ],
            "pre_delay": 6000
        },
        {
            "type": "Skill",
            "name": "寒芒克洛丝",
            "location": [
                5,
                4
            ],
            "kills": 8
        },
        {
            "type": "Skill",
            "name": "桑葚",
            "location": [
                7,
                3
            ]
        },
        {
            "type": "SkillUsage",
            "name": "惊蛰",
            "skill_usage": 1
        },
        {
            "type": "SkillDaemon"
        }
    ],
    "doc": {
        "title": "桑葚 悖论模拟 无需专精",
        "details": "——————————\n作业更新日期: 2023-02-12T03:02:15Z\n统计更新日期: 2025-07-29\n相对评分：90.59%  相对热度：90.78%\n来源：鱼丸不是鱼van  ID：20110\n——————————\n攻略作者：倾九_Komy    BV1iA411o7rJ\n自动战斗作者：鱼丸\n请使用 桑葚 二技能\n技能无需专精 通过率约为90% 乌有技能有随机效果可能导致无法通关"
    },
    "groups": [],
    "opers": [
        {
            "name": "乌有",
            "skill": 1,
            "skill_usage": 2
        },
        {
            "name": "惊蛰",
            "skill": 1,
            "skill_usage": 0
        }
    ],
    "difficulty": 0
}