{
    "minimum_required": "v4.0.0",
    "stage_name": "hard_13-01",
    "actions": [
        {
            "type": "Deploy",
            "name": "桃金娘",
            "location": [
                9,
                5
            ],
            "direction": "Up"
        },
        {
            "type": "SpeedUp"
        },
        {
            "type": "Deploy",
            "name": "星熊",
            "location": [
                7,
                6
            ],
            "cost_changes": 0,
            "direction": "Left"
        },
        {
            "type": "Deploy",
            "name": "煌",
            "location": [
                6,
                5
            ],
            "direction": "Down"
        },
        {
            "type": "Deploy",
            "name": "纯烬艾雅法拉",
            "location": [
                8,
                3
            ],
            "direction": "Down"
        },
        {
            "type": "Deploy",
            "name": "澄闪",
            "location": [
                7,
                4
            ],
            "direction": "Left"
        },
        {
            "type": "Deploy",
            "name": "塞雷娅",
            "location": [
                7,
                5
            ],
            "direction": "Up"
        },
        {
            "type": "Deploy",
            "name": "伊芙利特",
            "location": [
                9,
                6
            ],
            "direction": "Left"
        },
        {
            "type": "Deploy",
            "name": "号角",
            "location": [
                7,
                3
            ],
            "direction": "Left"
        },
        {
            "type": "Retreat",
            "name": "桃金娘",
            "location": [
                9,
                5
            ],
            "costs": 10
        },
        {
            "type": "Deploy",
            "name": "温蒂",
            "location": [
                8,
                4
            ],
            "direction": "Right"
        },
        {
            "type": "Skill",
            "location": [
                2,
                2
            ],
            "kills": 16
        },
        {
            "type": "Deploy",
            "name": "工程蓄水炮",
            "location": [
                3,
                1
            ],
            "direction": "Down",
            "kills": 18
        },
        {
            "type": "Skill",
            "location": [
                4,
                5
            ],
            "kills": 27
        }
    ],
    "doc": {
        "title": "第十三章 恶兆湍流  H13-1（9人挂机）",
        "details": "统计日期：2024-05-11\n好评率：80.56%  浏览量：1618\n来源：小卡拉帕鲁灰🐖  ID：29079\n自己写的挂机作业，没人看55555，\n链接在下面，求波3连，练度要求90级专3且一级模组，尤其是地面和奶羊，压力很大的\n我先自己测试一下，测试完后会备注（备注：已过，练度60级不推荐抄，90级血量都在蹦迪）\nhttps://www.bilibili.com/video/BV1vp4y1u7Nm/?spm_id_from=333.999.0.0&vd_source=10857a8c905c104ca2eab27415c72ffc"
    },
    "groups": [],
    "opers": [
        {
            "name": "煌",
            "skill": 2,
            "skill_usage": 0
        },
        {
            "name": "澄闪",
            "skill": 2,
            "skill_usage": 0
        },
        {
            "name": "星熊",
            "skill": 2,
            "skill_usage": 0
        },
        {
            "name": "号角",
            "skill": 1,
            "skill_usage": 0
        },
        {
            "name": "纯烬艾雅法拉",
            "skill": 1,
            "skill_usage": 0
        },
        {
            "name": "塞雷娅",
            "skill": 1,
            "skill_usage": 0
        },
        {
            "name": "温蒂",
            "skill": 1,
            "skill_usage": 0
        },
        {
            "name": "伊芙利特",
            "skill": 2,
            "skill_usage": 0
        },
        {
            "name": "桃金娘",
            "skill": 1,
            "skill_usage": 1
        }
    ]
}