{
    "minimum_required": "v4.0.0",
    "stage_name": "tough_13-15",
    "actions": [
        {
            "type": "SpeedUp"
        },
        {
            "type": "Deploy",
            "name": "塞雷娅",
            "location": [
                9,
                1
            ],
            "direction": "Left"
        },
        {
            "type": "Deploy",
            "name": "水月",
            "location": [
                8,
                2
            ],
            "direction": "Left"
        },
        {
            "type": "Deploy",
            "name": "刻俄柏",
            "location": [
                2,
                5
            ],
            "direction": "Up"
        },
        {
            "type": "Deploy",
            "name": "艾雅法拉",
            "location": [
                9,
                2
            ],
            "direction": "Left"
        },
        {
            "type": "Skill",
            "name": "炸弹载荷点",
            "location": [
                1,
                6
            ],
            "kills": 10
        },
        {
            "type": "Deploy",
            "name": "正义骑士号",
            "location": [
                2,
                2
            ],
            "direction": "Up"
        },
        {
            "type": "Deploy",
            "name": "巡林者",
            "location": [
                5,
                2
            ],
            "direction": "Up"
        },
        {
            "type": "Deploy",
            "name": "速狙",
            "location": [
                10,
                3
            ],
            "direction": "Left"
        },
        {
            "type": "Deploy",
            "name": "能天使",
            "location": [
                10,
                5
            ],
            "direction": "Left"
        },
        {
            "type": "SkillDaemon"
        }
    ],
    "doc": {
        "title": "第十三章 恶兆湍流 - 13-17（磨难） - 谁来倾诉",
        "details": "统计日期：2024-05-11\n好评率：93.46%  浏览量：3561\n来源：萨拉托加  ID：28823\n13-17磨难，2603一级模组\n【【明日方舟】13-17摆完挂机（磨难险地环境/恶兆湍流）】 https://www.bilibili.com/video/BV178411k75x/?share_source=copy_web&vd_source=3fd5040fe25f6a00e19e6072bcccfa4e UP侬无言以对"
    },
    "groups": [
        {
            "name": "速狙",
            "opers": [
                {
                    "name": "蓝毒",
                    "skill": 1,
                    "skill_usage": 0
                },
                {
                    "name": "克洛丝",
                    "skill": 1,
                    "skill_usage": 0
                }
            ]
        }
    ],
    "opers": [
        {
            "name": "水月",
            "skill": 1,
            "skill_usage": 0
        },
        {
            "name": "塞雷娅",
            "skill": 1,
            "skill_usage": 0
        },
        {
            "name": "艾雅法拉",
            "skill": 2,
            "skill_usage": 0
        },
        {
            "name": "刻俄柏",
            "skill": 1,
            "skill_usage": 0
        },
        {
            "name": "能天使",
            "skill": 3,
            "skill_usage": 0
        },
        {
            "name": "正义骑士号",
            "skill": 1,
            "skill_usage": 0
        },
        {
            "name": "巡林者",
            "skill": 1,
            "skill_usage": 0
        }
    ]
}