{
    "minimum_required": "v4.0.0",
    "stage_name": "tough_13-13",
    "actions": [
        {
            "type": "Deploy",
            "name": "推进之王",
            "location": [
                6,
                3
            ],
            "direction": "Right"
        },
        {
            "type": "SpeedUp"
        },
        {
            "type": "Deploy",
            "name": "艾雅法拉",
            "location": [
                5,
                2
            ],
            "direction": "Right"
        },
        {
            "type": "Deploy",
            "name": "正义骑士号",
            "location": [
                4,
                2
            ],
            "direction": "Left"
        },
        {
            "type": "Deploy",
            "name": "星熊",
            "location": [
                7,
                5
            ],
            "direction": "Right"
        },
        {
            "type": "Skill",
            "name": "炸弹载荷点",
            "location": [
                1,
                1
            ],
            "costs": 10
        },
        {
            "type": "Deploy",
            "name": "澄闪",
            "location": [
                8,
                4
            ],
            "direction": "Right"
        },
        {
            "type": "Deploy",
            "name": "浊心斯卡蒂",
            "location": [
                6,
                4
            ],
            "direction": "Right"
        },
        {
            "type": "Deploy",
            "name": "塞雷娅",
            "location": [
                7,
                7
            ],
            "direction": "Right"
        },
        {
            "type": "Deploy",
            "name": "闪灵",
            "location": [
                7,
                4
            ],
            "direction": "Down"
        },
        {
            "type": "Deploy",
            "name": "煌",
            "location": [
                6,
                7
            ],
            "direction": "Right"
        },
        {
            "type": "Skill",
            "name": "炸弹载荷点",
            "location": [
                8,
                3
            ],
            "pre_delay": 10000
        },
        {
            "type": "Skill",
            "name": "炸弹载荷点",
            "location": [
                8,
                3
            ],
            "pre_delay": 20000
        },
        {
            "type": "Skill",
            "name": "炸弹载荷点",
            "location": [
                8,
                3
            ],
            "pre_delay": 20000
        },
        {
            "type": "SkillDaemon"
        }
    ],
    "doc": {
        "title": "第十三章 恶兆湍流 - 13-15（磨难） - 短暂齐聚",
        "details": "统计日期：2024-05-11\n好评率：94.39%  浏览量：4812\n来源：萨拉托加  ID：28818\n13-15磨难，2603\n【【明日方舟】13-15摆完挂机（磨难险地环境/建议加人/恶兆湍流）】 https://www.bilibili.com/video/BV1Tm4y1g74Y/?share_source=copy_web&vd_source=3fd5040fe25f6a00e19e6072bcccfa4e UP侬无言以对"
    },
    "groups": [],
    "opers": [
        {
            "name": "艾雅法拉",
            "skill": 2,
            "skill_usage": 0
        },
        {
            "name": "澄闪",
            "skill": 2,
            "skill_usage": 0
        },
        {
            "name": "闪灵",
            "skill": 2,
            "skill_usage": 0
        },
        {
            "name": "推进之王",
            "skill": 2,
            "skill_usage": 0
        },
        {
            "name": "塞雷娅",
            "skill": 1,
            "skill_usage": 0
        },
        {
            "name": "星熊",
            "skill": 2,
            "skill_usage": 0
        },
        {
            "name": "正义骑士号",
            "skill": 1,
            "skill_usage": 0
        },
        {
            "name": "浊心斯卡蒂",
            "skill": 2,
            "skill_usage": 0
        },
        {
            "name": "煌",
            "skill": 2,
            "skill_usage": 0
        }
    ]
}