{
    "minimum_required": "v4.0",
    "doc": {
        "title": "（无骑士之徽）三人NL-5",
        "details": "原视频：https://www.bilibili.com/video/av943312968/\n制作者：2586582719"
    },
    "stage_name": "NL-5",
    "opers": [
        {
            "name": "星熊",
            "skill": 2,
            "skill_usage": 0
        },
        {
            "name": "煌",
            "skill": 2,
            "skill_usage": 0
        },
        {
            "name": "蜜莓",
            "skill": 1,
            "skill_usage": 0
        }
    ],
    "actions": [
        {
            "type": "二倍速",
            "name": ""
        },
        {
            "type": "部署",
            "name": "蜜莓",
            "location": [
                10,
                6
            ],
            "direction": "上"
        },
        {
            "type": "部署",
            "name": "煌",
            "location": [
                9,
                5
            ],
            "direction": "上"
        },
        {
            "type": "部署",
            "name": "星熊",
            "location": [
                10,
                3
            ],
            "direction": "左"
        },
        {
            "type": "打印",
            "name": "",
            "doc": "制作者：2586582719",
            "doc_color": "#008000"
        }
    ]
}