{
    "minimum_required": "v4.0",
    "doc": {
        "title": "（无骑士之徽）四人NL-8",
        "details": "原视频：https://www.bilibili.com/video/av730812687/\n制作者：2586582719"
    },
    "stage_name": "NL-8",
    "opers": [
        {
            "name": "塞雷娅",
            "skill": 1,
            "skill_usage": 0
        },
        {
            "name": "棘刺",
            "skill": 3,
            "skill_usage": 1
        },
        {
            "name": "山",
            "skill": 2,
            "skill_usage": 2
        },
        {
            "name": "艾雅法拉",
            "skill": 2,
            "skill_usage": 0
        }
    ],
    "actions": [
        {
            "type": "二倍速",
            "name": ""
        },
        {
            "type": "部署",
            "name": "山",
            "location": [
                2,
                1
            ],
            "direction": "右"
        },
        {
            "type": "部署",
            "name": "艾雅法拉",
            "location": [
                1,
                2
            ],
            "direction": "下"
        },
        {
            "type": "部署",
            "name": "棘刺",
            "location": [
                9,
                5
            ],
            "direction": "上"
        },
        {
            "type": "部署",
            "name": "塞雷娅",
            "location": [
                8,
                5
            ],
            "direction": "上"
        },
        {
            "type": "打印",
            "name": "",
            "doc": "制作者：2586582719",
            "doc_color": "#008000"
        },
        {
            "type": "摆完挂机",
            "name": ""
        }
    ]
}