{
    "minimum_required": "v4.0.0",
    "stage_name": "main_09-08",
    "actions": [
        {
            "type": "SpeedUp"
        },
        {
            "type": "Deploy",
            "name": "先锋",
            "location": [
                5,
                6
            ],
            "direction": "Left"
        },
        {
            "type": "Deploy",
            "name": "桃金娘",
            "location": [
                6,
                6
            ],
            "direction": "Left"
        },
        {
            "type": "Deploy",
            "name": "拉普兰德",
            "location": [
                5,
                5
            ],
            "direction": "Left"
        },
        {
            "type": "Deploy",
            "name": "艾雅法拉",
            "location": [
                2,
                5
            ],
            "direction": "Right"
        },
        {
            "type": "Deploy",
            "name": "伊芙利特",
            "location": [
                4,
                3
            ],
            "direction": "Down"
        },
        {
            "type": "Deploy",
            "name": "塞雷娅",
            "location": [
                3,
                6
            ],
            "direction": "Right"
        }
    ],
    "doc": {
        "title": "第九章 风暴瞭望 - 9-10（标准） - 雷声轰鸣",
        "details": "作业更新日期: 2023-09-20T11:37:13Z\n统计更新日期: 2024-10-07\n好评率：96.82%  浏览量：3149\n来源：Chiho  ID：28113\nUP:侬无言以对\nLINK:【【明日方舟】9-10突袭摆完挂机】 https://www.bilibili.com/video/BV1Ff4y1E7Tp/?share_source=copy_web&vd_source=dcc7ddeba31e59bccd51d29a07ff1565\n精二603"
    },
    "groups": [
        {
            "name": "先锋",
            "opers": [
                {
                    "name": "山",
                    "skill": 2,
                    "skill_usage": 2
                },
                {
                    "name": "推进之王",
                    "skill": 2,
                    "skill_usage": 0
                }
            ]
        }
    ],
    "opers": [
        {
            "name": "桃金娘",
            "skill": 1,
            "skill_usage": 1
        },
        {
            "name": "拉普兰德",
            "skill": 2,
            "skill_usage": 0
        },
        {
            "name": "塞雷娅",
            "skill": 2,
            "skill_usage": 0
        },
        {
            "name": "艾雅法拉",
            "skill": 2,
            "skill_usage": 0
        },
        {
            "name": "伊芙利特",
            "skill": 2,
            "skill_usage": 0
        }
    ],
    "difficulty": 3
}