{
    "minimum_required": "v4.0.0",
    "stage_name": "main_09-12",
    "actions": [
        {
            "type": "Deploy",
            "name": "斑点",
            "location": [
                8,
                4
            ],
            "direction": "Right"
        },
        {
            "type": "Deploy",
            "name": "维什戴尔",
            "location": [
                7,
                3
            ],
            "direction": "Right"
        },
        {
            "type": "SpeedUp"
        },
        {
            "type": "Deploy",
            "name": "医疗",
            "location": [
                5,
                4
            ],
            "direction": "Right"
        },
        {
            "type": "SkillDaemon"
        }
    ],
    "doc": {
        "title": "第九章 风暴瞭望 - 9-14（标准） - 风中旗帜 - 单核",
        "details": "——————————\n作业更新日期: 2025-02-16T11:59:47Z\n统计更新日期: 2025-06-11\n好评率：98.29%  浏览量：1856\n来源：小卡拉帕鲁灰  ID：47235\n——————————\n\n兼容突袭\nJSON作者：小卡拉帕鲁灰\nEW满级，专3，三级模组\n持续更新中，作业交流群789724611，如果作业有问题可以加群找我，评论区不能及时回复"
    },
    "groups": [
        {
            "name": "医疗",
            "opers": [
                {
                    "name": "闪灵",
                    "skill": 2,
                    "skill_usage": 0
                },
                {
                    "name": "纯烬艾雅法拉",
                    "skill": 1,
                    "skill_usage": 0
                },
                {
                    "name": "苏苏洛",
                    "skill": 1,
                    "skill_usage": 1
                },
                {
                    "name": "赫默",
                    "skill": 1,
                    "skill_usage": 1
                },
                {
                    "name": "亚叶",
                    "skill": 1,
                    "skill_usage": 1
                },
                {
                    "name": "流明",
                    "skill": 3,
                    "skill_usage": 1
                },
                {
                    "name": "嘉维尔",
                    "skill": 1,
                    "skill_usage": 0
                },
                {
                    "name": "华法琳",
                    "skill": 1,
                    "skill_usage": 0
                },
                {
                    "name": "芙蓉",
                    "skill": 1,
                    "skill_usage": 1
                },
                {
                    "name": "安赛尔",
                    "skill": 1,
                    "skill_usage": 1
                },
                {
                    "name": "末药",
                    "skill": 1,
                    "skill_usage": 0
                }
            ]
        }
    ],
    "opers": [
        {
            "name": "维什戴尔",
            "skill": 3,
            "skill_usage": 1
        },
        {
            "name": "斑点",
            "skill": 1,
            "skill_usage": 1
        }
    ],
    "difficulty": 3
}