{
    "minimum_required": "v4.0.0",
    "stage_name": "main_09-12",
    "actions": [
        {
            "type": "SpeedUp"
        },
        {
            "type": "Deploy",
            "name": "棘刺",
            "location": [
                8,
                4
            ],
            "direction": "Up"
        },
        {
            "type": "Deploy",
            "name": "假日威龙陈",
            "location": [
                7,
                5
            ],
            "direction": "Right"
        },
        {
            "type": "Deploy",
            "name": "白面鸮",
            "location": [
                7,
                3
            ],
            "direction": "Down"
        },
        {
            "type": "Skill",
            "kills": 12,
            "location": [
                7,
                5
            ]
        },
        {
            "type": "SkillUsage",
            "name": "假日威龙陈",
            "skill_usage": 0
        },
        {
            "type": "Skill",
            "location": [
                7,
                5
            ],
            "kills": 26
        },
        {
            "type": "SkillDaemon"
        }
    ],
    "doc": {
        "title": "第九章 风暴瞭望 - 9-14（突袭） - 风中旗帜  摆完挂机",
        "details": "统计日期：2024-06-01\n好评率：94.81%  浏览量：5049\n来源：熙墨凛XL  ID：24608\n攻略作者：萧然Q https://www.bilibili.com/video/BV1QQ4y1r7Ni  记得去b站给萧然宝贝点赞三连\n\njson作者：熙墨凛  有问题请点踩然后在评论区反馈 \n\n评论区不解决maa问题 评论区不解决maa问题 谢谢理解\n\n需要上下位替代可以自己下载json进行修改\n\n连接模式请使用minitouch或者maatouch 不兼容ADB Input模式：-）\n\n平均练度 2603\n\n已测试"
    },
    "groups": [],
    "opers": [
        {
            "name": "白面鸮",
            "skill": 2,
            "skill_usage": 1
        },
        {
            "name": "棘刺",
            "skill": 3,
            "skill_usage": 1
        },
        {
            "name": "假日威龙陈",
            "skill": 3,
            "skill_usage": 1
        }
    ],
    "difficulty": 2
}