{
    "minimum_required": "v4.0.0",
    "stage_name": "main_09-13",
    "actions": [
        {
            "type": "SpeedUp"
        },
        {
            "type": "Deploy",
            "name": "煌",
            "location": [
                8,
                4
            ],
            "direction": "Left"
        },
        {
            "type": "Deploy",
            "name": "能天使",
            "location": [
                9,
                3
            ],
            "direction": "Up"
        },
        {
            "type": "Deploy",
            "name": "白面鸮",
            "location": [
                8,
                3
            ],
            "direction": "Down"
        },
        {
            "type": "Deploy",
            "name": "艾雅法拉",
            "location": [
                7,
                5
            ],
            "direction": "Left"
        },
        {
            "type": "Deploy",
            "name": "塞雷娅",
            "location": [
                7,
                4
            ],
            "direction": "Left"
        },
        {
            "type": "SkillDaemon"
        }
    ],
    "doc": {
        "title": "第九章 风暴瞭望 - 9-15（标准） - 大地滚烫 - 突袭",
        "details": "统计日期：2024-06-01\n好评率：96.97%  浏览量：2529\n来源：_ 蘿卜卜  ID：22476\nBV1QQ4y1r7Ni\nup：萧然Q\n视频练度：260(?)\n已测试"
    },
    "groups": [],
    "opers": [
        {
            "name": "能天使",
            "skill": 3,
            "skill_usage": 0
        },
        {
            "name": "煌",
            "skill": 2,
            "skill_usage": 0
        },
        {
            "name": "塞雷娅",
            "skill": 1,
            "skill_usage": 0
        },
        {
            "name": "艾雅法拉",
            "skill": 2,
            "skill_usage": 0
        },
        {
            "name": "白面鸮",
            "skill": 2,
            "skill_usage": 0
        }
    ],
    "difficulty": 2
}