{
    "minimum_required": "v4.0.0",
    "stage_name": "main_09-14",
    "actions": [
        {
            "type": "SpeedUp"
        },
        {
            "type": "Deploy",
            "name": "煌",
            "location": [
                9,
                1
            ],
            "direction": "Left"
        },
        {
            "type": "Deploy",
            "name": "1",
            "location": [
                9,
                3
            ],
            "direction": "Right"
        },
        {
            "type": "Deploy",
            "name": "华法琳",
            "location": [
                7,
                2
            ],
            "direction": "Right"
        },
        {
            "type": "Deploy",
            "name": "能天使",
            "location": [
                6,
                6
            ],
            "direction": "Right",
            "costs": 23
        },
        {
            "type": "SkillDaemon"
        }
    ],
    "doc": {
        "title": "第九章 风暴瞭望 - 9-16（标准） - 突围【萧然Q】摆完挂机",
        "details": "作业更新日期: 2023-05-07T05:56:59Z\n统计更新日期: 2024-11-30\n好评率：88.46%  浏览量：2736\n来源：GGGGGjn  ID：23267\nhttps://www.bilibili.com/video/BV1QQ4y1r7Ni?p=18&vd_source=24685a4f3d3c476e9ab276dda2b2c262\n带个德狗当挂件 防止卡费"
    },
    "groups": [
        {
            "name": "1",
            "opers": [
                {
                    "name": "风笛",
                    "skill": 2,
                    "skill_usage": 0
                },
                {
                    "name": "山",
                    "skill": 2,
                    "skill_usage": 2
                }
            ]
        }
    ],
    "opers": [
        {
            "name": "煌",
            "skill": 2,
            "skill_usage": 0
        },
        {
            "name": "能天使",
            "skill": 3,
            "skill_usage": 0
        },
        {
            "name": "华法琳",
            "skill": 1,
            "skill_usage": 0
        },
        {
            "name": "德克萨斯",
            "skill": 1,
            "skill_usage": 0
        }
    ],
    "difficulty": 3
}