{
    "minimum_required": "v4.0.0",
    "stage_name": "main_09-14",
    "actions": [
        {
            "type": "Deploy",
            "name": "斑点",
            "location": [
                9,
                1
            ],
            "direction": "Left"
        },
        {
            "type": "Deploy",
            "name": "维什戴尔",
            "location": [
                9,
                2
            ],
            "direction": "Left"
        },
        {
            "type": "SpeedUp"
        },
        {
            "type": "Retreat",
            "name": "斑点",
            "location": [
                9,
                1
            ],
            "kills": 12
        },
        {
            "type": "SkillDaemon"
        }
    ],
    "doc": {
        "title": "第九章 风暴瞭望 - 9-16（标准） - 突围 - 单核",
        "details": "——————————\n作业更新日期: 2025-02-16T12:19:48Z\n统计更新日期: 2025-06-11\n好评率：98.33%  浏览量：1373\n来源：小卡拉帕鲁灰  ID：47238\n——————————\n\n兼容突袭\nJSON作者：小卡拉帕鲁灰\nEW满级，专3，三级模组\n持续更新中，作业交流群789724611，如果作业有问题可以加群找我，评论区不能及时回复"
    },
    "groups": [],
    "opers": [
        {
            "name": "维什戴尔",
            "skill": 3,
            "skill_usage": 1
        },
        {
            "name": "斑点",
            "skill": 1,
            "skill_usage": 0
        }
    ],
    "difficulty": 3
}