{
    "minimum_required": "v4.0.0",
    "stage_name": "main_09-15",
    "actions": [
        {
            "type": "Deploy",
            "name": "芬",
            "location": [
                4,
                4
            ],
            "direction": "Left"
        },
        {
            "type": "Deploy",
            "name": "斑点",
            "location": [
                4,
                6
            ],
            "direction": "Left"
        },
        {
            "type": "Deploy",
            "name": "维什戴尔",
            "location": [
                4,
                3
            ],
            "direction": "Left"
        },
        {
            "type": "SpeedUp"
        },
        {
            "type": "Deploy",
            "name": "克洛丝",
            "location": [
                3,
                5
            ],
            "direction": "Left"
        },
        {
            "type": "Deploy",
            "name": "稀音",
            "location": [
                6,
                5
            ],
            "direction": "Left"
        },
        {
            "type": "Deploy",
            "name": "移动摄影器",
            "location": [
                3,
                1
            ],
            "direction": "Left"
        },
        {
            "type": "Skill",
            "name": "稀音",
            "location": [
                6,
                5
            ],
            "kills": 16,
            "pre_delay": 12000
        },
        {
            "type": "Skill",
            "name": "稀音",
            "location": [
                6,
                5
            ],
            "kills": 26
        },
        {
            "type": "SkillDaemon"
        }
    ],
    "doc": {
        "title": "第九章 风暴瞭望 - 9-17（标准） - 维多利亚士兵 - 单核",
        "details": "——————————\n作业更新日期: 2025-02-16T12:40:23Z\n统计更新日期: 2025-06-11\n好评率：98.0%  浏览量：1056\n来源：小卡拉帕鲁灰  ID：47239\n——————————\n\n兼容突袭\nJSON作者：小卡拉帕鲁灰\nEW满级，专3，三级模组，稀音精一1级、7级二技能\n持续更新中，作业交流群789724611，如果作业有问题可以加群找我，评论区不能及时回复"
    },
    "groups": [],
    "opers": [
        {
            "name": "维什戴尔",
            "skill": 3,
            "skill_usage": 1
        },
        {
            "name": "稀音",
            "skill": 2,
            "skill_usage": 0
        },
        {
            "name": "斑点",
            "skill": 1,
            "skill_usage": 1
        },
        {
            "name": "芬",
            "skill": 1,
            "skill_usage": 0
        },
        {
            "name": "克洛丝",
            "skill": 1,
            "skill_usage": 0
        }
    ],
    "difficulty": 3
}