{
    "minimum_required": "v4.0.0",
    "doc": {
        "title": "【加速挂机】9-19 9人 补输出版",
        "details": "统计日期：2024-06-01\n好评率：88.0%  浏览量：1203\n来源：Dayheart  ID：28252\nUP：功课姬\n原视频：https://www.bilibili.com/video/av633065115/\n——————\n需要手动操作，请不要无人值守！\n曼德拉二阶段出现血条后，把爆破装置放到左上角红门下，朝右打柱子"
    },
    "stage_name": "main_09-17",
    "opers": [
        {
            "name": "煌",
            "skill": 2,
            "skill_usage": 0
        },
        {
            "name": "棘刺",
            "skill": 3,
            "skill_usage": 1
        },
        {
            "name": "拉普兰德",
            "skill": 2,
            "skill_usage": 0
        },
        {
            "name": "塞雷娅",
            "skill": 1,
            "skill_usage": 0
        },
        {
            "name": "能天使",
            "skill": 3,
            "skill_usage": 0
        },
        {
            "name": "艾雅法拉",
            "skill": 2,
            "skill_usage": 0
        },
        {
            "name": "伊芙利特",
            "skill": 2,
            "skill_usage": 0
        },
        {
            "name": "夜莺",
            "skill": 2,
            "skill_usage": 0
        }
    ],
    "actions": [
        {
            "type": "SpeedUp",
            "name": ""
        },
        {
            "type": "Deploy",
            "name": "棘刺",
            "location": [
                1,
                5
            ],
            "direction": "Up"
        },
        {
            "type": "Deploy",
            "name": "能天使",
            "location": [
                2,
                6
            ],
            "direction": "Up"
        },
        {
            "type": "Deploy",
            "name": "煌",
            "location": [
                8,
                4
            ],
            "direction": "Left"
        },
        {
            "type": "Deploy",
            "name": "夜莺",
            "location": [
                7,
                3
            ],
            "direction": "Down"
        },
        {
            "type": "Deploy",
            "name": "塞雷娅",
            "location": [
                6,
                3
            ],
            "direction": "Up"
        },
        {
            "type": "Deploy",
            "name": "伊芙利特",
            "location": [
                9,
                3
            ],
            "direction": "Left"
        },
        {
            "type": "Deploy",
            "name": "拉普兰德",
            "location": [
                8,
                2
            ],
            "direction": "Left"
        },
        {
            "type": "Deploy",
            "name": "5格远程",
            "location": [
                7,
                6
            ],
            "direction": "Up"
        },
        {
            "type": "Deploy",
            "name": "艾雅法拉",
            "location": [
                7,
                5
            ],
            "direction": "Up"
        },
        {
            "type": "Output",
            "name": "",
            "doc": "曼德拉二阶段出现血条后，把爆破装置放到左上角红门下，朝右打柱子",
            "doc_color": "#d63384"
        },
        {
            "type": "Output",
            "name": "",
            "doc": "曼德拉二阶段出现血条后，把爆破装置放到左上角红门下，朝右打柱子",
            "doc_color": "#d63384"
        },
        {
            "type": "Output",
            "name": "",
            "doc": "曼德拉二阶段出现血条后，把爆破装置放到左上角红门下，朝右打柱子",
            "doc_color": "#d63384"
        }
    ],
    "difficulty": 1,
    "groups": [
        {
            "name": "5格远程",
            "opers": [
                {
                    "name": "提丰",
                    "skill": 3,
                    "skill_usage": 1
                },
                {
                    "name": "菲亚梅塔",
                    "skill": 3,
                    "skill_usage": 2
                },
                {
                    "name": "W",
                    "skill": 2,
                    "skill_usage": 0
                },
                {
                    "name": "早露",
                    "skill": 2,
                    "skill_usage": 1
                },
                {
                    "name": "白金",
                    "skill": 2,
                    "skill_usage": 0
                },
                {
                    "name": "澄闪",
                    "skill": 3,
                    "skill_usage": 1
                }
            ]
        }
    ]
}