{
    "minimum_required": "v4.0.0",
    "stage_name": "main_09-17",
    "actions": [
        {
            "type": "SpeedUp"
        },
        {
            "type": "Deploy",
            "name": "拉普兰德",
            "location": [
                3,
                5
            ],
            "direction": "Up"
        },
        {
            "type": "Deploy",
            "name": "艾雅法拉",
            "location": [
                3,
                6
            ],
            "direction": "Up"
        },
        {
            "type": "Deploy",
            "name": "煌",
            "location": [
                8,
                5
            ],
            "direction": "Left"
        },
        {
            "type": "Deploy",
            "name": "浊心斯卡蒂",
            "location": [
                7,
                6
            ],
            "direction": "Left"
        },
        {
            "type": "Deploy",
            "name": "伊芙利特",
            "location": [
                9,
                4
            ],
            "direction": "Left"
        },
        {
            "type": "Deploy",
            "name": "塞雷娅",
            "location": [
                6,
                5
            ],
            "direction": "Up",
            "kills": 26
        },
        {
            "type": "Deploy",
            "name": "夜莺",
            "location": [
                7,
                5
            ],
            "direction": "Right"
        },
        {
            "type": "Deploy",
            "name": "白面鸮",
            "location": [
                4,
                5
            ],
            "direction": "Right"
        },
        {
            "type": "Deploy",
            "name": "能天使",
            "location": [
                7,
                7
            ],
            "direction": "Up"
        },
        {
            "type": "Output",
            "doc_color": "DarkRed",
            "doc": "蔓德拉二阶段无敌一过用装置把右边柱子推倒"
        },
        {
            "type": "SkillDaemon"
        }
    ],
    "doc": {
        "title": "第九章 风暴瞭望 - 9-19（突袭） - 长夜枪火  半挂机（要手动推柱子）",
        "details": "作业更新日期: 2023-07-28T13:17:48Z\n统计更新日期: 2024-11-30\n好评率：80.0%  浏览量：1736\n来源：熙墨凛XL  ID：24927\n攻略作者：侬无言以对 https://www.bilibili.com/video/BV1cA4y1D7fL 记得去b站给作者点赞三连\n\njson作者：熙墨凛 有问题请点踩然后在评论区反馈\n\n评论区不解决maa问题 评论区不解决maa问题 谢谢理解\n\n需要上下位替代可以自己下载json进行修改\n\n连接模式请使用minitouch或者maatouch 不兼容ADB Input模式：-）\n\n平均练度 2603\n\n蔓德拉二阶段无敌一过记得用装置把右边柱子推倒\n\n已测试"
    },
    "groups": [],
    "opers": [
        {
            "name": "煌",
            "skill": 2,
            "skill_usage": 0
        },
        {
            "name": "拉普兰德",
            "skill": 2,
            "skill_usage": 0
        },
        {
            "name": "能天使",
            "skill": 3,
            "skill_usage": 0
        },
        {
            "name": "伊芙利特",
            "skill": 2,
            "skill_usage": 0
        },
        {
            "name": "夜莺",
            "skill": 2,
            "skill_usage": 0
        },
        {
            "name": "浊心斯卡蒂",
            "skill": 2,
            "skill_usage": 0
        },
        {
            "name": "白面鸮",
            "skill": 2,
            "skill_usage": 0
        },
        {
            "name": "艾雅法拉",
            "skill": 2,
            "skill_usage": 0
        },
        {
            "name": "塞雷娅",
            "skill": 1,
            "skill_usage": 0
        }
    ],
    "difficulty": 2
}