{
    "minimum_required": "v4.0.0",
    "stage_name": "main_09-17",
    "actions": [
        {
            "type": "Deploy",
            "name": "棘刺",
            "location": [
                2,
                5
            ],
            "direction": "Up"
        },
        {
            "type": "Deploy",
            "name": "煌",
            "location": [
                8,
                5
            ],
            "direction": "Down"
        },
        {
            "type": "Deploy",
            "name": "能天使",
            "location": [
                7,
                5
            ],
            "direction": "Up"
        },
        {
            "type": "Deploy",
            "name": "提丰",
            "location": [
                9,
                3
            ],
            "direction": "Left",
            "kills": 13
        },
        {
            "type": "SpeedUp"
        },
        {
            "type": "Deploy",
            "name": "夜莺",
            "location": [
                7,
                3
            ],
            "direction": "Down"
        },
        {
            "type": "Deploy",
            "name": "塞雷娅",
            "location": [
                6,
                3
            ],
            "direction": "Down"
        },
        {
            "type": "SkillDaemon"
        }
    ],
    "doc": {
        "title": "第九章 风暴瞭望 - 9-19（标准） - 长夜枪火 刷刺球",
        "details": "统计日期：2024-05-25\n好评率：97.3%  浏览量：1168\n来源：萨拉托加  ID：30584\n灰bao的作业我用总翻车还是自己写的作业适合自己用\n塞雷娅选Y模\n原作者不知夜墨 JSON作者萨拉托加\n作业问题反馈群545928846，如果作业有问题可以加群找我，评论区不能及时回复，还可以去群里蹲我的新作业\n【［夜墨］明日方舟主线9-19 最高效率RMA70-12(刺球) 五人高配摆完挂机攻略<2p有不需要轴不需要推柱子的打法>不按照这个轴好像也能打过】 https://www.bilibili.com/video/BV1Yw411F7Da/?p=2&share_source=copy_web&vd_source=3fd5040fe25f6a00e19e6072bcccfa4e"
    },
    "groups": [],
    "opers": [
        {
            "name": "能天使",
            "skill": 3,
            "skill_usage": 0
        },
        {
            "name": "夜莺",
            "skill": 2,
            "skill_usage": 0
        },
        {
            "name": "棘刺",
            "skill": 3,
            "skill_usage": 1
        },
        {
            "name": "塞雷娅",
            "skill": 1,
            "skill_usage": 0
        },
        {
            "name": "煌",
            "skill": 2,
            "skill_usage": 0
        },
        {
            "name": "提丰",
            "skill": 2,
            "skill_usage": 1
        }
    ],
    "difficulty": 1
}