{
    "minimum_required": "v4.0.0",
    "stage_name": "main_09-05",
    "actions": [
        {
            "type": "SpeedUp"
        },
        {
            "type": "Deploy",
            "name": "煌",
            "location": [
                1,
                6
            ],
            "direction": "Right"
        },
        {
            "type": "Deploy",
            "name": "塞雷娅",
            "location": [
                2,
                6
            ],
            "direction": "Right"
        },
        {
            "type": "Deploy",
            "name": "泥岩",
            "location": [
                1,
                5
            ],
            "direction": "Up"
        },
        {
            "type": "SkillDaemon"
        }
    ],
    "doc": {
        "title": "第九章 风暴瞭望 - 9-6（标准） - 深池",
        "details": "作业更新日期: 2023-05-03T03:52:45Z\n统计更新日期: 2024-10-07\n好评率：100.0%  浏览量：1056\n来源：nbbwzx  ID：23182\nhttps://www.bilibili.com/video/BV1PQ4y1k7Uk\n【明日方舟】9-6突袭摆完挂机"
    },
    "groups": [],
    "opers": [
        {
            "name": "煌",
            "skill": 2,
            "skill_usage": 0
        },
        {
            "name": "泥岩",
            "skill": 2,
            "skill_usage": 0
        },
        {
            "name": "塞雷娅",
            "skill": 1,
            "skill_usage": 0
        }
    ]
}