{
    "minimum_required": "v4.0.0",
    "stage_name": "hard_09-02",
    "actions": [
        {
            "type": "SpeedUp"
        },
        {
            "type": "Deploy",
            "name": "能天使",
            "location": [
                8,
                3
            ],
            "direction": "Left",
            "costs": 22
        },
        {
            "type": "Deploy",
            "name": "号角",
            "location": [
                6,
                6
            ],
            "direction": "Up"
        },
        {
            "type": "Deploy",
            "name": "艾雅法拉",
            "location": [
                8,
                5
            ],
            "direction": "Left"
        },
        {
            "type": "Deploy",
            "name": "伊芙利特",
            "location": [
                10,
                5
            ],
            "direction": "Left"
        }
    ],
    "doc": {
        "title": "第九章 风暴瞭望 - H9-2（标准） - 暴风行动-2",
        "details": "——————————\n作业更新日期: 2023-09-20T13:51:20Z\n统计更新日期: 2025-06-11\n好评率：100.0%  浏览量：1204\n来源：Chiho  ID：28129\n——————————\n\nup:侬无言以对\nlink:【【明日方舟】H9-2摆完挂机（风暴瞭望-磨难险地环境）】 https://www.bilibili.com/video/BV1xs4y1N7wS/?share_source=copy_web&vd_source=dcc7ddeba31e59bccd51d29a07ff1565\n精二603\n能天使需要开模组"
    },
    "groups": [],
    "opers": [
        {
            "name": "号角",
            "skill": 1,
            "skill_usage": 0
        },
        {
            "name": "艾雅法拉",
            "skill": 2,
            "skill_usage": 0
        },
        {
            "name": "能天使",
            "skill": 3,
            "skill_usage": 0
        },
        {
            "name": "伊芙利特",
            "skill": 2,
            "skill_usage": 0
        }
    ]
}