{
    "minimum_required": "v4.0.0",
    "stage_name": "hard_09-02",
    "actions": [
        {
            "type": "Deploy",
            "name": "史尔特尔",
            "location": [
                7,
                1
            ],
            "direction": "Left"
        },
        {
            "type": "SpeedUp"
        },
        {
            "type": "Skill",
            "name": "史尔特尔",
            "cost_changes": 20
        },
        {
            "type": "Deploy",
            "name": "伊芙利特",
            "location": [
                1,
                5
            ],
            "direction": "Up"
        },
        {
            "type": "Deploy",
            "name": "泥岩",
            "location": [
                2,
                4
            ],
            "direction": "Left"
        },
        {
            "type": "Deploy",
            "name": "奶",
            "location": [
                2,
                6
            ],
            "direction": "Right"
        },
        {
            "type": "Deploy",
            "name": "煌",
            "location": [
                5,
                5
            ],
            "direction": "Up",
            "cost_changes": 25
        },
        {
            "type": "Deploy",
            "name": "史尔特尔",
            "location": [
                3,
                1
            ],
            "direction": "Right",
            "kills": 25,
            "cost_changes": 25,
            "rear_delay": 2000
        },
        {
            "type": "Skill",
            "name": "史尔特尔"
        },
        {
            "type": "SkillDaemon"
        }
    ],
    "doc": {
        "title": "第九章 风暴瞭望 - H9-2（标准） - 暴风行动-2",
        "details": "作业更新日期: 2023-09-27T06:39:25Z\n统计更新日期: 2024-10-07\n好评率：95.42%  浏览量：4838\n来源：萨拉托加  ID：28370\n【【第九章风暴瞭望】突袭全关卡 摆完挂机 简单好抄】 https://www.bilibili.com/video/BV1QQ4y1r7Ni/?p=25&share_source=copy_web&vd_source=3fd5040fe25f6a00e19e6072bcccfa4e UP萧然Q 萨拉托加搬运\n六星精二60专三"
    },
    "groups": [
        {
            "name": "奶",
            "opers": [
                {
                    "name": "华法琳",
                    "skill": 1,
                    "skill_usage": 0
                },
                {
                    "name": "闪灵",
                    "skill": 2,
                    "skill_usage": 0
                },
                {
                    "name": "纯烬艾雅法拉",
                    "skill": 1,
                    "skill_usage": 0
                }
            ]
        }
    ],
    "opers": [
        {
            "name": "史尔特尔",
            "skill": 3,
            "skill_usage": 0
        },
        {
            "name": "伊芙利特",
            "skill": 2,
            "skill_usage": 0
        },
        {
            "name": "泥岩",
            "skill": 2,
            "skill_usage": 0
        },
        {
            "name": "煌",
            "skill": 2,
            "skill_usage": 0
        }
    ]
}