{
    "minimum_required": "v4.0.0",
    "doc": {
        "title": "H9-3 摆完挂机",
        "details": "统计日期：2024-05-24\n好评率：98.18%  浏览量：2578\n来源：一只摆烂的42  ID：22190\n侬无言以对\n原视频：https://www.bilibili.com/video/BV1ph411p7NE/\n制作者：一只摆烂的42\n有问题联系QQ2586582719"
    },
    "stage_name": "hard_09-03",
    "opers": [
        {
            "name": "拉普兰德",
            "skill": 2,
            "skill_usage": 0
        },
        {
            "name": "煌",
            "skill": 2,
            "skill_usage": 0
        },
        {
            "name": "艾雅法拉",
            "skill": 2,
            "skill_usage": 0
        },
        {
            "name": "伊芙利特",
            "skill": 2,
            "skill_usage": 0
        },
        {
            "name": "塞雷娅",
            "skill": 1,
            "skill_usage": 0
        },
        {
            "name": "闪灵",
            "skill": 2,
            "skill_usage": 0
        },
        {
            "name": "夜莺",
            "skill": 2,
            "skill_usage": 0
        }
    ],
    "actions": [
        {
            "type": "二倍速",
            "name": ""
        },
        {
            "type": "部署",
            "name": "艾雅法拉",
            "location": [
                4,
                2
            ],
            "direction": "下"
        },
        {
            "type": "部署",
            "name": "拉普兰德",
            "location": [
                2,
                3
            ],
            "direction": "右"
        },
        {
            "type": "部署",
            "name": "煌",
            "location": [
                3,
                3
            ],
            "direction": "上"
        },
        {
            "type": "部署",
            "name": "塞雷娅",
            "location": [
                3,
                2
            ],
            "direction": "上"
        },
        {
            "type": "部署",
            "name": "闪灵",
            "location": [
                2,
                6
            ],
            "direction": "上"
        },
        {
            "type": "部署",
            "name": "伊芙利特",
            "location": [
                2,
                1
            ],
            "direction": "右"
        },
        {
            "type": "部署",
            "name": "夜莺",
            "location": [
                1,
                2
            ],
            "direction": "右"
        }
    ]
}