{
    "minimum_required": "v4.0.0",
    "stage_name": "hard_09-04",
    "actions": [
        {
            "type": "SpeedUp"
        },
        {
            "type": "Deploy",
            "name": "推进之王",
            "location": [
                4,
                4
            ],
            "direction": "Down"
        },
        {
            "type": "Deploy",
            "name": "拉普兰德",
            "location": [
                7,
                4
            ],
            "direction": "Right"
        },
        {
            "type": "Deploy",
            "name": "伊芙利特",
            "location": [
                4,
                3
            ],
            "direction": "Down"
        },
        {
            "type": "Deploy",
            "name": "艾雅法拉",
            "location": [
                6,
                5
            ],
            "direction": "Left"
        },
        {
            "type": "Deploy",
            "name": "能天使",
            "location": [
                9,
                2
            ],
            "direction": "Down",
            "kills": 13,
            "pre_delay": 4000
        },
        {
            "type": "Deploy",
            "name": "煌",
            "location": [
                5,
                4
            ],
            "direction": "Left"
        },
        {
            "type": "Retreat",
            "name": "推进之王"
        },
        {
            "type": "Deploy",
            "name": "白面鸮",
            "location": [
                7,
                3
            ],
            "direction": "Left"
        },
        {
            "type": "Deploy",
            "name": "塞雷娅",
            "location": [
                3,
                2
            ],
            "direction": "Up"
        },
        {
            "type": "SkillDaemon"
        }
    ],
    "doc": {
        "title": "第九章 风暴瞭望 - H9-4（标准） - 急雨行动-1",
        "details": "作业更新日期: 2023-09-27T07:37:37Z\n统计更新日期: 2024-10-07\n好评率：96.3%  浏览量：3334\n来源：萨拉托加  ID：28373\n【【第九章风暴瞭望】突袭全关卡 摆完挂机 简单好抄】 https://www.bilibili.com/video/BV1QQ4y1r7Ni/?p=27&share_source=copy_web&vd_source=3fd5040fe25f6a00e19e6072bcccfa4e UP萧然Q 萨拉托加搬运\n六星2603"
    },
    "groups": [],
    "opers": [
        {
            "name": "能天使",
            "skill": 3,
            "skill_usage": 0
        },
        {
            "name": "煌",
            "skill": 2,
            "skill_usage": 0
        },
        {
            "name": "艾雅法拉",
            "skill": 2,
            "skill_usage": 0
        },
        {
            "name": "塞雷娅",
            "skill": 1,
            "skill_usage": 0
        },
        {
            "name": "推进之王",
            "skill": 2,
            "skill_usage": 0
        },
        {
            "name": "伊芙利特",
            "skill": 2,
            "skill_usage": 0
        },
        {
            "name": "拉普兰德",
            "skill": 2,
            "skill_usage": 0
        },
        {
            "name": "白面鸮",
            "skill": 2,
            "skill_usage": 0
        }
    ]
}