{
    "minimum_required": "v4.0.0",
    "stage_name": "tough_13-09",
    "actions": [
        {
            "type": "Deploy",
            "name": "桃金娘",
            "location": [
                8,
                1
            ],
            "direction": "Left"
        },
        {
            "type": "Deploy",
            "name": "煌",
            "location": [
                5,
                3
            ],
            "direction": "Right"
        },
        {
            "type": "SpeedUp"
        },
        {
            "type": "Deploy",
            "name": "纯烬艾雅法拉",
            "location": [
                6,
                2
            ],
            "direction": "Down"
        },
        {
            "type": "Deploy",
            "name": "艾雅法拉",
            "location": [
                5,
                2
            ],
            "direction": "Left"
        },
        {
            "type": "Deploy",
            "name": "能天使",
            "location": [
                7,
                2
            ],
            "direction": "Left"
        },
        {
            "type": "Skill",
            "name": "炸弹载荷点",
            "location": [
                9,
                1
            ],
            "costs": 10
        },
        {
            "type": "Deploy",
            "name": "山",
            "location": [
                4,
                4
            ],
            "direction": "Down"
        },
        {
            "type": "Deploy",
            "name": "澄闪",
            "location": [
                7,
                4
            ],
            "direction": "Left"
        },
        {
            "type": "Retreat",
            "name": "桃金娘",
            "location": [
                8,
                1
            ]
        },
        {
            "type": "Deploy",
            "name": "伊芙利特",
            "location": [
                1,
                5
            ],
            "direction": "Right"
        },
        {
            "type": "Deploy",
            "name": "桃金娘",
            "location": [
                2,
                4
            ],
            "direction": "Up"
        },
        {
            "type": "Skill",
            "name": "炸弹载荷点",
            "location": [
                2,
                2
            ],
            "costs": 10
        },
        {
            "type": "SkillDaemon",
            "doc": "有帮助的话 给个好评吧~",
            "doc_color": "#d63384"
        }
    ],
    "doc": {
        "title": "主线十三章 恶兆湍流 13-11（磨难） 萧然攻略",
        "details": "统计日期：2024-05-02\n好评率：82.77%  浏览量：19542\n这是磨难难度 普通难度地图不一样 别用磨难的打普通\n攻略作者：萧然Q BV1Hw411A7iG 记得去b站给萧然Q点赞三连\njson作者：鱼丸 评论区不解决maa问题\n已测试 有小概率开局漏怪\n平均练度2603"
    },
    "groups": [],
    "opers": [
        {
            "name": "艾雅法拉",
            "skill": 2,
            "skill_usage": 0
        },
        {
            "name": "纯烬艾雅法拉",
            "skill": 1,
            "skill_usage": 0
        },
        {
            "name": "煌",
            "skill": 2,
            "skill_usage": 0
        },
        {
            "name": "澄闪",
            "skill": 2,
            "skill_usage": 0
        },
        {
            "name": "桃金娘",
            "skill": 1,
            "skill_usage": 1
        },
        {
            "name": "山",
            "skill": 2,
            "skill_usage": 2
        },
        {
            "name": "能天使",
            "skill": 3,
            "skill_usage": 0
        },
        {
            "name": "伊芙利特",
            "skill": 2,
            "skill_usage": 0
        }
    ]
}