{
  "minimum_required": "v4.0.0",
  "stage_name": "act17d0_03",
  "actions": [
    {
      "type": "Deploy",
      "name": "令",
      "location": [
        8,
        4
      ],
      "direction": "Left"
    },
    {
      "type": "SpeedUp"
    },
    {
      "type": "Deploy",
      "name": "“弦惊”",
      "location": [
        7,
        3
      ],
      "direction": "Left"
    },
    {
      "type": "Deploy",
      "name": "“弦惊”",
      "location": [
        6,
        3
      ],
      "direction": "Left"
    },
    {
      "type": "Deploy",
      "name": "“弦惊”",
      "location": [
        5,
        2
      ],
      "direction": "Down"
    },
    {
      "type": "Deploy",
      "name": "“弦惊”",
      "location": [
        5,
        1
      ],
      "direction": "Down"
    },
    {
      "type": "Deploy",
      "name": "“弦惊”",
      "location": [
        7,
        3
      ],
      "direction": "Left"
    },
    {
      "type": "Deploy",
      "name": "“弦惊”",
      "location": [
        8,
        3
      ],
      "direction": "Left"
    },
    {
      "type": "Deploy",
      "name": "“弦惊”",
      "location": [
        8,
        3
      ],
      "direction": "Left"
    },
    {
      "type": "Deploy",
      "name": "“弦惊”",
      "location": [
        9,
        3
      ],
      "direction": "Left"
    },
    {
      "type": "SkillDaemon"
    }
  ],
  "doc": {
    "title": "源石尘行动 - OD-3 - 安全屋攻防战 -令",
    "details": "OD-令\n令练度：精二90级专3，三级模组\n已测试"
  },
  "groups": [],
  "opers": [
    {
      "name": "令",
      "skill": 3,
      "skill_usage": 1
    }
  ]
}