{
  "minimum_required": "v4.0.0",
  "stage_name": "act17d0_tr01",
  "actions": [
    {
      "type": "Deploy",
      "name": "战车",
      "location": [
        7,
        4
      ],
      "direction": "Up"
    },
    {
      "type": "Deploy",
      "name": "加固装置",
      "location": [
        4,
        4
      ],
      "direction": "Down"
    },
    {
      "type": "Skill",
      "costs": 20,
      "location": [
        7,
        1
      ]
    },
    {
      "type": "Skill",
      "location": [
        8,
        2
      ],
      "costs": 38
    },
    {
      "type": "Skill",
      "location": [
        8,
        2
      ],
      "costs": 65
    },
    {
      "type": "SkillDaemon"
    }
  ],
  "doc": {
    "title": "源石尘行动 - OD-TR-1 - 萨尔贡岩漠",
    "details": "JSON作者萨拉托加\n作业交流群545928846，如果作业有问题可以加群找我，评论区不能及时回复，还可以去群里蹲我的新作业"
  },
  "groups": [],
  "opers": []
}