{
  "minimum_required": "v4.0.0",
  "stage_name": "act17d0_ex05",
  "actions": [
    {
      "type": "Deploy",
      "name": "煌",
      "location": [
        4,
        6
      ],
      "direction": "Left"
    },
    {
      "type": "SpeedUp"
    },
    {
      "type": "Deploy",
      "name": "艾雅法拉",
      "location": [
        4,
        5
      ],
      "direction": "Left"
    },
    {
      "type": "Deploy",
      "name": "能天使",
      "location": [
        7,
        2
      ],
      "direction": "Right"
    },
    {
      "type": "Deploy",
      "name": "泥岩",
      "location": [
        3,
        6
      ],
      "direction": "Left"
    },
    {
      "type": "Deploy",
      "name": "伊芙利特",
      "location": [
        2,
        3
      ],
      "direction": "Down"
    },
    {
      "type": "SkillDaemon"
    }
  ],
  "doc": {
    "title": "源石尘行动 - OD-EX-5 - 场地优势",
    "details": "原作者自在道爷 JSON作者萨拉托加\n作业交流群545928846，如果作业有问题可以加群找我，评论区不能及时回复，还可以去群里蹲我的新作业\n【【源石尘行动】EX关挂机流，突袭虫海无敌手！语音详解，最高精二31，轻松解放双手~ | 备战训练】 https://www.bilibili.com/video/BV1xb4y1Q7kT/?share_source=copy_web"
  },
  "groups": [],
  "opers": [
    {
      "name": "艾雅法拉",
      "skill": 2,
      "skill_usage": 0
    },
    {
      "name": "伊芙利特",
      "skill": 2,
      "skill_usage": 0
    },
    {
      "name": "煌",
      "skill": 2,
      "skill_usage": 0
    },
    {
      "name": "泥岩",
      "skill": 2,
      "skill_usage": 0
    },
    {
      "name": "能天使",
      "skill": 3,
      "skill_usage": 0
    }
  ],
  "difficulty": 3
}