{
    "minimum_required": "v4.0.0",
    "stage_name": "main_07-09",
    "actions": [
        {
            "type": "SpeedUp"
        },
        {
            "type": "Deploy",
            "name": "止颂",
            "location": [
                2,
                4
            ],
            "direction": "Down",
            "costs": 30
        },
        {
            "type": "Deploy",
            "name": "塞雷娅",
            "location": [
                3,
                5
            ],
            "direction": "Left"
        },
        {
            "type": "Deploy",
            "name": "艾雅法拉",
            "location": [
                9,
                3
            ],
            "direction": "Down"
        },
        {
            "type": "Deploy",
            "name": "临光",
            "location": [
                2,
                3
            ],
            "direction": "Down"
        },
        {
            "type": "SkillDaemon"
        }
    ],
    "doc": {
        "title": "【模组任务】7-11 止颂 沉锋之束",
        "details": "统计日期：2024-05-31\n好评率：66.67%  浏览量：143\n来源：SkadeYYDS  ID：34205\n3星通关主题曲7-11；必须编入非助战止颂并上场，且使用止颂歼灭至少2名雇佣军萨卡兹战士。\n\n攻略&json作者：SkadeYYDS\n平均练度260 如果有问题请在评论区反馈"
    },
    "groups": [],
    "opers": [
        {
            "name": "止颂",
            "skill": 1,
            "skill_usage": 0
        },
        {
            "name": "临光",
            "skill": 1,
            "skill_usage": 0
        },
        {
            "name": "塞雷娅",
            "skill": 1,
            "skill_usage": 0
        },
        {
            "name": "艾雅法拉",
            "skill": 2,
            "skill_usage": 0
        }
    ],
    "difficulty": 1
}