{
    "minimum_required": "v4.0.0",
    "stage_name": "main_02-10",
    "actions": [
        {
            "type": "Deploy",
            "name": "拉普兰德",
            "location": [
                6,
                5
            ],
            "direction": "Up",
            "costs": 19
        },
        {
            "type": "Deploy",
            "name": "煌",
            "location": [
                4,
                5
            ],
            "direction": "Right",
            "costs": 25
        },
        {
            "type": "Deploy",
            "name": "鸿雪",
            "location": [
                2,
                3
            ],
            "direction": "Right",
            "costs": 20
        },
        {
            "type": "Deploy",
            "name": "闪灵",
            "location": [
                3,
                6
            ],
            "direction": "Up",
            "costs": 20
        },
        {
            "type": "Deploy",
            "name": "“打字机”",
            "location": [
                3,
                2
            ],
            "direction": "Left",
            "kills": 22,
            "costs": 45
        },
        {
            "type": "Skill",
            "name": "鸿雪",
            "location": [
                2,
                3
            ],
            "costs": 46
        }
    ],
    "doc": {
        "title": "鸿雪模组任务2-10",
        "details": "统计日期：2024-05-31\n好评率：75.0%  浏览量：707\n来源：萝莉赛高555  ID：21445\n挂机思路   侬无言以对模组任务摆完挂机合集:BV1wU4y177Qu\n"
    },
    "groups": [],
    "opers": [
        {
            "name": "鸿雪",
            "skill": 3,
            "skill_usage": 0
        },
        {
            "name": "煌",
            "skill": 2,
            "skill_usage": 0
        },
        {
            "name": "闪灵",
            "skill": 2,
            "skill_usage": 0
        },
        {
            "name": "拉普兰德",
            "skill": 2,
            "skill_usage": 0
        }
    ],
    "difficulty": 1
}