{
    "minimum_required": "v4.0.0",
    "stage_name": "main_06-09",
    "actions": [
        {
            "type": "Deploy",
            "doc": "一倍速放煌",
            "name": "煌",
            "location": [
                9,
                3
            ],
            "direction": "Left",
            "doc_color": "Gray"
        },
        {
            "type": "SpeedUp"
        },
        {
            "type": "Deploy",
            "name": "华法琳",
            "location": [
                8,
                1
            ],
            "direction": "Down"
        },
        {
            "type": "Deploy",
            "name": "拉普兰德",
            "location": [
                8,
                2
            ],
            "direction": "Down"
        },
        {
            "type": "Deploy",
            "name": "能天使",
            "location": [
                7,
                1
            ],
            "direction": "Down"
        },
        {
            "type": "SkillDaemon"
        }
    ],
    "doc": {
        "title": "第六章 局部坏死 - 6-10 - 解开铃铛 - 普通&突袭",
        "details": "作业更新日期: 2023-04-12T02:46:02Z\n统计更新日期: 2025-03-02\n好评率：92.86%  浏览量：1000\n来源：_ 蘿卜卜  ID：22258\nBV1j44y1a7xo\nup：无名山下小莉莉\n视频练度：270(?)\n已测试"
    },
    "groups": [],
    "opers": [
        {
            "name": "煌",
            "skill": 2,
            "skill_usage": 0
        },
        {
            "name": "华法琳",
            "skill": 1,
            "skill_usage": 0
        },
        {
            "name": "拉普兰德",
            "skill": 2,
            "skill_usage": 0
        },
        {
            "name": "能天使",
            "skill": 1,
            "skill_usage": 0
        }
    ],
    "difficulty": 3
}