{
    "minimum_required": "v4.0.0",
    "stage_name": "main_06-09",
    "actions": [
        {
            "type": "SpeedUp"
        },
        {
            "type": "Deploy",
            "name": "煌",
            "location": [
                9,
                3
            ],
            "direction": "Left"
        },
        {
            "type": "Deploy",
            "name": "闪灵",
            "location": [
                8,
                1
            ],
            "direction": "Down"
        },
        {
            "type": "Deploy",
            "name": "拉普兰德",
            "location": [
                8,
                2
            ],
            "direction": "Down"
        },
        {
            "type": "SkillDaemon"
        }
    ],
    "doc": {
        "title": "第六章 局部坏死 - 6-10 - 解开铃铛  突袭补完计划启动",
        "details": "作业更新日期: 2024-01-13T09:18:05Z\n统计更新日期: 2025-03-15\n好评率：98.89%  浏览量：1002\n来源：姑蓥....  ID：31802\n攻略作者 https://www.bilibili.com/video/BV1uh411t7ou/?spm_id_from=333.337.search-card.all.click&vd_source=a2596108ea931a5c93dc1e95cea42db6\njson作者 姑蓥\n已测 均2603"
    },
    "groups": [],
    "opers": [
        {
            "name": "煌",
            "skill": 2,
            "skill_usage": 0
        },
        {
            "name": "拉普兰德",
            "skill": 2,
            "skill_usage": 0
        },
        {
            "name": "闪灵",
            "skill": 2,
            "skill_usage": 0
        }
    ],
    "difficulty": 2
}