{
    "minimum_required": "v4.0.0",
    "stage_name": "main_06-10",
    "actions": [
        {
            "type": "SpeedUp"
        },
        {
            "type": "Deploy",
            "costs": 30,
            "name": "拉普兰德",
            "location": [
                2,
                3
            ],
            "direction": "Right"
        },
        {
            "type": "Deploy",
            "name": "纯烬艾雅法拉",
            "location": [
                3,
                5
            ],
            "direction": "Up"
        },
        {
            "type": "SpeedUp",
            "costs": 20
        },
        {
            "type": "Deploy",
            "name": "煌",
            "location": [
                3,
                4
            ],
            "direction": "Up"
        },
        {
            "type": "SpeedUp"
        },
        {
            "type": "Deploy",
            "name": "能天使",
            "location": [
                2,
                2
            ],
            "direction": "Right"
        },
        {
            "type": "Deploy",
            "name": "伊芙利特",
            "location": [
                4,
                5
            ],
            "direction": "Up"
        },
        {
            "type": "SkillDaemon"
        }
    ],
    "doc": {
        "title": "第六章 局部坏死 - 6-11 - “这种事” - 普通&突袭 自用",
        "details": "统计日期：2024-06-01\n好评率：97.06%  浏览量：2078\n来源：笑容不是为我  ID：28078\nBV1j44y1a7xo\nup：无名山下小莉莉\n视频练度：270(?)\n已测试"
    },
    "groups": [],
    "opers": [
        {
            "name": "拉普兰德",
            "skill": 2,
            "skill_usage": 0
        },
        {
            "name": "纯烬艾雅法拉",
            "skill": 1,
            "skill_usage": 0
        },
        {
            "name": "能天使",
            "skill": 3,
            "skill_usage": 0
        },
        {
            "name": "煌",
            "skill": 2,
            "skill_usage": 0
        },
        {
            "name": "伊芙利特",
            "skill": 2,
            "skill_usage": 0
        }
    ],
    "difficulty": 3
}