{
    "stage_name": "main_06-10",
    "minimum_required": "v4.0.0",
    "doc": {
        "title": "第六章 局部坏死 - 6-11 - “这种事”",
        "details": "——————————\n作业更新日期: 2025-07-26T02:58:04Z\n统计更新日期: 2025-11-03\n相对评分：98.97%  相对热度：82.15%\n来源：dim32  ID：63483\n——————————\n第六章 局部坏死 - 6-11 - “这种事”"
    },
    "opers": [
        {
            "name": "逻各斯",
            "skill": 1,
            "skill_usage": 0
        },
        {
            "name": "维什戴尔",
            "skill": 3,
            "skill_usage": 1
        }
    ],
    "groups": [],
    "actions": [
        {
            "name": "维什戴尔",
            "location": [
                4,
                5
            ],
            "direction": "Up",
            "type": "Deploy"
        },
        {
            "type": "SpeedUp"
        },
        {
            "name": "逻各斯",
            "location": [
                3,
                2
            ],
            "direction": "Right",
            "type": "Deploy"
        }
    ],
    "difficulty": 2
}