{
    "minimum_required": "v4.0.0",
    "stage_name": "main_06-12",
    "actions": [
        {
            "type": "SpeedUp"
        },
        {
            "type": "Deploy",
            "name": "娜仁图亚",
            "location": [
                3,
                3
            ],
            "direction": "Down"
        },
        {
            "type": "Deploy",
            "name": "米格鲁",
            "location": [
                4,
                1
            ],
            "direction": "Right"
        },
        {
            "type": "Deploy",
            "name": "黑角",
            "location": [
                3,
                5
            ],
            "direction": "Right"
        },
        {
            "type": "Deploy",
            "name": "克洛丝",
            "location": [
                2,
                2
            ],
            "direction": "Right"
        },
        {
            "type": "Deploy",
            "name": "芙蓉",
            "location": [
                1,
                2
            ],
            "direction": "Right"
        },
        {
            "type": "Deploy",
            "name": "安赛尔",
            "location": [
                1,
                5
            ],
            "direction": "Right"
        },
        {
            "type": "SkillDaemon"
        }
    ],
    "doc": {
        "title": "第六章 局部坏死 - 6-14 - 冰原之霜",
        "details": "——————————\n作业更新日期: 2025-05-06T02:59:53Z\n统计更新日期: 2025-10-05\n相对评分：84.95%  相对热度：69.39%\n来源：魔芋葱油长豆角  ID：52547\n——————————\n原作者：低配挂机研讨会\n\n视频地址：https://www.bilibili.com/video/BV1a7V5z5Eci?spm_id_from=333.788.videopod.sections&vd_source=a022f0b9420b7e9fe33605d41aed4c75&p=147\n\n阿米娅是吉祥物"
    },
    "groups": [],
    "opers": [
        {
            "name": "阿米娅",
            "skill": 1,
            "skill_usage": 1
        },
        {
            "name": "米格鲁",
            "skill": 1,
            "skill_usage": 1
        },
        {
            "name": "黑角",
            "skill": 1,
            "skill_usage": 0
        },
        {
            "name": "芙蓉",
            "skill": 1,
            "skill_usage": 1
        },
        {
            "name": "克洛丝",
            "skill": 1,
            "skill_usage": 0
        },
        {
            "name": "娜仁图亚",
            "skill": 1,
            "skill_usage": 2,
            "skill_times": 1
        },
        {
            "name": "安赛尔",
            "skill": 1,
            "skill_usage": 1
        }
    ],
    "difficulty": 3
}