{
    "minimum_required": "v4.0.0",
    "stage_name": "main_06-14",
    "actions": [
        {
            "type": "SpeedUp"
        },
        {
            "type": "Deploy",
            "name": "能天使",
            "location": [
                6,
                3
            ],
            "direction": "Right"
        },
        {
            "type": "Deploy",
            "name": "山",
            "location": [
                7,
                6
            ],
            "direction": "Left"
        },
        {
            "type": "Deploy",
            "name": "塞雷娅",
            "location": [
                7,
                4
            ],
            "direction": "Left"
        },
        {
            "type": "Deploy",
            "name": "棘刺",
            "location": [
                6,
                4
            ],
            "direction": "Down"
        }
    ],
    "doc": {
        "title": "第六章 局部坏死 - 6-16 - 黑兔子,白兔子 自用（自改塞雷娅）",
        "details": "——————————\n作业更新日期: 2025-05-04T16:35:51Z\n统计更新日期: 2025-11-13\n相对评分：87.50%  相对热度：67.92%\n来源：叶子子子  ID：52340\n——————————\n能天使专三二模"
    },
    "groups": [],
    "opers": [
        {
            "name": "能天使",
            "skill": 3,
            "skill_usage": 0
        },
        {
            "name": "山",
            "skill": 2,
            "skill_usage": 2
        },
        {
            "name": "塞雷娅",
            "skill": 1,
            "skill_usage": 0
        },
        {
            "name": "棘刺",
            "skill": 3,
            "skill_usage": 1
        }
    ],
    "difficulty": 3
}