{
    "minimum_required": "v4.0.0",
    "stage_name": "main_06-14",
    "actions": [
        {
            "type": "SpeedUp"
        },
        {
            "type": "Deploy",
            "name": "能天使",
            "location": [
                6,
                3
            ],
            "direction": "Right"
        },
        {
            "type": "Deploy",
            "name": "山",
            "location": [
                7,
                6
            ],
            "direction": "Left"
        },
        {
            "type": "Deploy",
            "name": "塞雷娅",
            "location": [
                7,
                4
            ],
            "direction": "Left"
        },
        {
            "type": "Deploy",
            "name": "煌",
            "location": [
                6,
                4
            ],
            "direction": "Down"
        }
    ],
    "doc": {
        "title": "第六章 局部坏死 - 6-16 - 黑兔子,白兔子",
        "details": "统计日期：2024-05-24\n好评率：93.27%  浏览量：3062\n来源：Chiho  ID：26991\n侬无言以对\nhttps://www.bilibili.com/video/BV1pQ4y1U7sP/?spm_id_from=333.337.search-card.all.click&vd_source=94f0d2e447f5bf15a4e11e757327354b\n推王改成山了"
    },
    "groups": [],
    "opers": [
        {
            "name": "能天使",
            "skill": 3,
            "skill_usage": 0
        },
        {
            "name": "煌",
            "skill": 2,
            "skill_usage": 0
        },
        {
            "name": "山",
            "skill": 2,
            "skill_usage": 2
        },
        {
            "name": "塞雷娅",
            "skill": 1,
            "skill_usage": 0
        }
    ],
    "difficulty": 3
}