{
    "minimum_required": "v4.0.0",
    "stage_name": "main_06-01",
    "actions": [
        {
            "type": "SpeedUp"
        },
        {
            "type": "Deploy",
            "name": "娜仁图亚",
            "location": [
                8,
                2
            ],
            "direction": "Down"
        },
        {
            "type": "Deploy",
            "name": "黑角",
            "location": [
                9,
                1
            ],
            "direction": "Left"
        },
        {
            "type": "Deploy",
            "name": "芙蓉",
            "location": [
                9,
                2
            ],
            "direction": "Left"
        },
        {
            "type": "SkillDaemon"
        }
    ],
    "doc": {
        "title": "第六章 局部坏死 - 6-1 - 僵局",
        "details": "——————————\n作业更新日期: 2025-05-05T08:29:08Z\n统计更新日期: 2025-11-03\n相对评分：90.82%  相对热度：82.21%\n来源：魔芋葱油长豆角  ID：52358\n——————————\n原作者：低配挂机研讨会\n\n视频地址：https://www.bilibili.com/video/BV1a7V5z5Eci?spm_id_from=333.788.videopod.sections&vd_source=a022f0b9420b7e9fe33605d41aed4c75&p=128\n\n阿米娅是吉祥物"
    },
    "groups": [],
    "opers": [
        {
            "name": "阿米娅",
            "skill": 1,
            "skill_usage": 1
        },
        {
            "name": "芙蓉",
            "skill": 1,
            "skill_usage": 1
        },
        {
            "name": "黑角",
            "skill": 1,
            "skill_usage": 0
        },
        {
            "name": "娜仁图亚",
            "skill": 1,
            "skill_usage": 2,
            "skill_times": 1
        }
    ],
    "difficulty": 3
}