{
    "minimum_required": "v4.0.0",
    "stage_name": "main_06-01",
    "actions": [
        {
            "type": "SpeedUp"
        },
        {
            "type": "Deploy",
            "name": "煌",
            "location": [
                7,
                4
            ],
            "direction": "Up"
        },
        {
            "type": "Deploy",
            "name": "白面鸮",
            "location": [
                8,
                2
            ],
            "direction": "Down"
        },
        {
            "type": "Deploy",
            "name": "地面奶",
            "location": [
                8,
                3
            ],
            "direction": "Left"
        },
        {
            "type": "Deploy",
            "name": "拉普兰德",
            "location": [
                7,
                1
            ],
            "direction": "Left"
        }
    ],
    "doc": {
        "title": "第六章 局部坏死 - 6-1  突袭",
        "details": "统计日期：2024-06-01\n好评率：100.0%  浏览量：954\n来源：Chiho  ID：26802\n无名山的莉莉，https://www.bilibili.com/video/BV1j44y1a7xo\n原作者：Issuing2890\n添加临光替换塞雷娅"
    },
    "groups": [
        {
            "name": "地面奶",
            "opers": [
                {
                    "name": "塞雷娅",
                    "skill": 2,
                    "skill_usage": 0
                },
                {
                    "name": "临光",
                    "skill": 1,
                    "skill_usage": 0
                }
            ]
        }
    ],
    "opers": [
        {
            "name": "煌",
            "skill": 2,
            "skill_usage": 0
        },
        {
            "name": "拉普兰德",
            "skill": 2,
            "skill_usage": 0
        },
        {
            "name": "白面鸮",
            "skill": 1,
            "skill_usage": 1
        }
    ],
    "difficulty": 2
}