{
    "minimum_required": "v4.0.0",
    "stage_name": "hard_06-01",
    "actions": [
        {
            "type": "SpeedUp"
        },
        {
            "type": "Deploy",
            "name": "棘刺",
            "location": [
                6,
                6
            ],
            "direction": "Left"
        },
        {
            "type": "Deploy",
            "name": "塞雷娅",
            "location": [
                4,
                1
            ],
            "direction": "Right"
        },
        {
            "type": "Deploy",
            "name": "艾雅法拉",
            "location": [
                2,
                1
            ],
            "direction": "Right"
        },
        {
            "type": "Deploy",
            "name": "伊芙利特",
            "location": [
                8,
                6
            ],
            "direction": "Left"
        },
        {
            "type": "Deploy",
            "name": "流明",
            "location": [
                9,
                6
            ],
            "direction": "Left"
        },
        {
            "type": "SkillDaemon"
        }
    ],
    "doc": {
        "title": "第六章 局部坏死 - H6-1 - 冰狱行动-1 突袭补完计划，启动！",
        "details": "——————————\n作业更新日期: 2025-05-04T03:17:02Z\n统计更新日期: 2025-10-31\n相对评分：93.68%  相对热度：85.90%\n来源：自用修改ing  ID：52236\n——————————\n攻略作者https://www.bilibili.com/video/BV1pQ4y1U7sP/?spm_id_from=333.337.search-card.all.click&vd_source=a2596108ea931a5c93dc1e95cea42db6\njson作者 姑蓥 \n已测 2603"
    },
    "groups": [],
    "opers": [
        {
            "name": "流明",
            "skill": 2,
            "skill_usage": 1
        },
        {
            "name": "艾雅法拉",
            "skill": 2,
            "skill_usage": 0
        },
        {
            "name": "塞雷娅",
            "skill": 1,
            "skill_usage": 0
        },
        {
            "name": "棘刺",
            "skill": 2,
            "skill_usage": 1
        },
        {
            "name": "伊芙利特",
            "skill": 2,
            "skill_usage": 0
        }
    ]
}