{
    "minimum_required": "v4.0.0",
    "stage_name": "hard_06-02",
    "actions": [
        {
            "type": "SpeedUp"
        },
        {
            "type": "Deploy",
            "name": "能天使",
            "location": [
                5,
                3
            ],
            "direction": "Right"
        },
        {
            "type": "Deploy",
            "name": "铃兰",
            "location": [
                7,
                3
            ],
            "direction": "Left"
        },
        {
            "type": "Deploy",
            "name": "泥岩",
            "location": [
                2,
                6
            ],
            "direction": "Right"
        },
        {
            "type": "SkillDaemon"
        }
    ],
    "doc": {
        "title": "第六章 局部坏死 - H6-2 - 冰狱行动-2 突袭补完计划，启动！",
        "details": "——————————\n作业更新日期: 2024-01-14T04:52:11Z\n统计更新日期: 2025-06-11\n好评率：95.16%  浏览量：1016\n来源：姑蓥....  ID：31818\n——————————\n\n攻略作者 https://www.bilibili.com/video/BV1Q341167dm/?spm_id_from=333.337.search-card.all.click&vd_source=a2596108ea931a5c93dc1e95cea42db6\njson作者 姑蓥 \n已测 2603"
    },
    "groups": [],
    "opers": [
        {
            "name": "能天使",
            "skill": 3,
            "skill_usage": 0
        },
        {
            "name": "铃兰",
            "skill": 2,
            "skill_usage": 0
        },
        {
            "name": "泥岩",
            "skill": 2,
            "skill_usage": 0
        }
    ]
}