{
    "minimum_required": "v4.0.0",
    "stage_name": "hard_06-03",
    "actions": [
        {
            "type": "SpeedUp"
        },
        {
            "type": "Deploy",
            "name": "煌",
            "location": [
                1,
                5
            ],
            "direction": "Up"
        },
        {
            "type": "Deploy",
            "name": "桃金娘",
            "location": [
                9,
                6
            ],
            "direction": "Left"
        },
        {
            "type": "Deploy",
            "name": "给一口奶",
            "location": [
                2,
                6
            ],
            "direction": "Up"
        },
        {
            "type": "Deploy",
            "name": "狙击",
            "location": [
                6,
                2
            ],
            "direction": "Left"
        },
        {
            "type": "Deploy",
            "name": "伊芙利特",
            "location": [
                6,
                4
            ],
            "direction": "Left"
        },
        {
            "type": "Deploy",
            "name": "给两口奶",
            "location": [
                6,
                3
            ],
            "direction": "Down"
        },
        {
            "type": "Deploy",
            "name": "艾雅法拉",
            "location": [
                10,
                3
            ],
            "direction": "Down"
        },
        {
            "type": "Retreat",
            "kills": 63,
            "name": "桃金娘",
            "location": [
                9,
                6
            ]
        },
        {
            "type": "SkillDaemon"
        }
    ],
    "doc": {
        "title": "第六章 局部坏死 - H6-3 - 冰狱行动-3【摆完挂机】",
        "details": "作业更新日期: 2023-12-07T09:59:17Z\n统计更新日期: 2025-01-17\n好评率：93.65%  浏览量：1019\n来源：我怎么借不到干员啊  ID：30799\n【摆完挂机】  作业抄不了自己写了\n视频链接：https://www.bilibili.com/video/BV15b4y1h76y/?share_source=copy_web&vd_source=6505e26bc3ab2a3047a492d5d3214e54\nup：侬无言以对\njson作者：我怎么借不到干员啊\n平均练度2601"
    },
    "groups": [
        {
            "name": "狙击",
            "opers": [
                {
                    "name": "蓝毒",
                    "skill": 2,
                    "skill_usage": 0
                },
                {
                    "name": "能天使",
                    "skill": 3,
                    "skill_usage": 0
                },
                {
                    "name": "提丰",
                    "skill": 2,
                    "skill_usage": 1
                },
                {
                    "name": "黑键",
                    "skill": 2,
                    "skill_usage": 0
                }
            ]
        },
        {
            "name": "给一口奶",
            "opers": [
                {
                    "name": "流明",
                    "skill": 3,
                    "skill_usage": 1
                },
                {
                    "name": "纯烬艾雅法拉",
                    "skill": 1,
                    "skill_usage": 0
                },
                {
                    "name": "闪灵",
                    "skill": 1,
                    "skill_usage": 0
                }
            ]
        },
        {
            "name": "给两口奶",
            "opers": [
                {
                    "name": "夜莺",
                    "skill": 2,
                    "skill_usage": 0
                },
                {
                    "name": "白面鸮",
                    "skill": 2,
                    "skill_usage": 0
                }
            ]
        }
    ],
    "opers": [
        {
            "name": "煌",
            "skill": 2,
            "skill_usage": 0
        },
        {
            "name": "伊芙利特",
            "skill": 2,
            "skill_usage": 0
        },
        {
            "name": "艾雅法拉",
            "skill": 2,
            "skill_usage": 0
        },
        {
            "name": "桃金娘",
            "skill": 1,
            "skill_usage": 1
        }
    ]
}