{
    "minimum_required": "v4.0.0",
    "stage_name": "hard_06-03",
    "actions": [
        {
            "type": "SpeedUp"
        },
        {
            "type": "Deploy",
            "name": "煌",
            "location": [
                1,
                5
            ],
            "direction": "Up"
        },
        {
            "type": "Deploy",
            "name": "闪灵",
            "location": [
                2,
                6
            ],
            "direction": "Up"
        },
        {
            "type": "Deploy",
            "name": "蓝毒",
            "location": [
                6,
                2
            ],
            "direction": "Left"
        },
        {
            "type": "Deploy",
            "name": "伊芙利特",
            "location": [
                6,
                4
            ],
            "direction": "Left"
        },
        {
            "type": "Deploy",
            "name": "夜莺",
            "location": [
                6,
                3
            ],
            "direction": "Left"
        },
        {
            "type": "Deploy",
            "name": "艾雅法拉",
            "location": [
                10,
                3
            ],
            "direction": "Down"
        },
        {
            "type": "SkillDaemon"
        }
    ],
    "doc": {
        "title": "第六章 局部坏死 - H6-3 - 冰狱行动-3 突袭补完计划，启动！",
        "details": "作业更新日期: 2024-01-14T06:00:05Z\n统计更新日期: 2024-12-07\n好评率：98.08%  浏览量：1001\n来源：姑蓥....  ID：31819\n攻略作者 https://www.bilibili.com/video/BV15b4y1h76y/?spm_id_from=333.337.search-card.all.click&vd_source=a2596108ea931a5c93dc1e95cea42db6\njson作者 姑蓥 \n已测 2603"
    },
    "groups": [],
    "opers": [
        {
            "name": "蓝毒",
            "skill": 1,
            "skill_usage": 0
        },
        {
            "name": "夜莺",
            "skill": 2,
            "skill_usage": 0
        },
        {
            "name": "伊芙利特",
            "skill": 2,
            "skill_usage": 0
        },
        {
            "name": "煌",
            "skill": 2,
            "skill_usage": 0
        },
        {
            "name": "闪灵",
            "skill": 2,
            "skill_usage": 0
        },
        {
            "name": "艾雅法拉",
            "skill": 2,
            "skill_usage": 0
        }
    ]
}