{
    "minimum_required": "v4.0.0",
    "stage_name": "sub_06-2-2",
    "actions": [
        {
            "type": "SpeedUp"
        },
        {
            "type": "Deploy",
            "name": "煌",
            "location": [
                6,
                3
            ],
            "direction": "Down"
        },
        {
            "type": "Deploy",
            "name": "地面奶",
            "location": [
                5,
                5
            ],
            "direction": "Right"
        },
        {
            "type": "Deploy",
            "name": "奶",
            "location": [
                4,
                4
            ],
            "direction": "Right"
        }
    ],
    "doc": {
        "title": "第六章 局部坏死 - S6-4 - 霜冻-2",
        "details": "统计日期：2024-05-31\n好评率：91.67%  浏览量：692\n来源：Chiho  ID：27001\nUP:侬无言以对\nlink:【【明日方舟】S6-4摆完挂机（替代思路）】 https://www.bilibili.com/video/BV1dR4y1J7SM/?share_source=copy_web&vd_source=dcc7ddeba31e59bccd51d29a07ff1565\n平均精二60"
    },
    "groups": [
        {
            "name": "地面奶",
            "opers": [
                {
                    "name": "塞雷娅",
                    "skill": 1,
                    "skill_usage": 0
                },
                {
                    "name": "临光",
                    "skill": 1,
                    "skill_usage": 0
                }
            ]
        },
        {
            "name": "奶",
            "opers": [
                {
                    "name": "流明",
                    "skill": 1,
                    "skill_usage": 0
                },
                {
                    "name": "闪灵",
                    "skill": 2,
                    "skill_usage": 0
                }
            ]
        }
    ],
    "opers": [
        {
            "name": "煌",
            "skill": 2,
            "skill_usage": 0
        }
    ]
}