{
    "minimum_required": "v4.0.0",
    "stage_name": "mem_takila_1",
    "actions": [
        {
            "type": "SpeedUp",
            "kills": 0
        },
        {
            "type": "Deploy",
            "name": "羽毛笔",
            "location": [
                5,
                2
            ],
            "direction": "Down"
        },
        {
            "type": "Deploy",
            "name": "巫恋",
            "location": [
                6,
                1
            ],
            "direction": "Down"
        },
        {
            "type": "Deploy",
            "name": "锡兰",
            "location": [
                4,
                1
            ],
            "direction": "Right"
        },
        {
            "type": "Deploy",
            "name": "龙舌兰",
            "location": [
                5,
                1
            ],
            "direction": "Down"
        },
        {
            "type": "Skill",
            "location": [
                5,
                1
            ],
            "kills": 11
        },
        {
            "type": "SpeedUp",
            "kills": 27
        },
        {
            "type": "Output",
            "kills": 29,
            "rear_delay": 14000
        },
        {
            "type": "Skill",
            "name": "龙舌兰",
            "location": [
                5,
                1
            ]
        },
        {
            "type": "SpeedUp"
        }
    ],
    "doc": {
        "title": "龙舌兰 悖论模拟",
        "details": "作业更新日期: 2023-04-11T21:48:22Z\n统计更新日期: 2024-08-25\n好评率：92.31%  浏览量：2866\n来源：_ 蘿卜卜  ID：22525\nBV1VG411T71y\nup：倾九_Komy\njson：xf22cn（maa://21284）\n修改原作业龙舌兰结尾的技能时机\n2017已测试"
    },
    "groups": [],
    "opers": [
        {
            "name": "龙舌兰",
            "skill": 2,
            "skill_usage": 0
        }
    ]
}