{
    "minimum_required": "v4.0.0",
    "stage_name": "mem_mgllan_1",
    "actions": [
        {
            "type": "SpeedUp"
        },
        {
            "type": "Deploy",
            "name": "麦哲伦",
            "location": [
                5,
                1
            ],
            "direction": "Left"
        },
        {
            "type": "Deploy",
            "name": "龙腾.A",
            "location": [
                3,
                5
            ],
            "direction": "Left"
        },
        {
            "type": "Deploy",
            "name": "机械水獭",
            "location": [
                7,
                5
            ],
            "direction": "Right"
        },
        {
            "type": "Deploy",
            "name": "龙腾.A",
            "location": [
                2,
                3
            ],
            "direction": "Up",
            "costs": 22
        },
        {
            "type": "Skill",
            "name": "麦哲伦",
            "location": [
                5,
                1
            ],
            "costs": 22
        },
        {
            "type": "Deploy",
            "name": "龙腾.A",
            "location": [
                8,
                3
            ],
            "kills": 10,
            "direction": "Up"
        },
        {
            "type": "Deploy",
            "name": "机械水獭",
            "location": [
                10,
                1
            ],
            "direction": "Left"
        },
        {
            "type": "Deploy",
            "name": "龙腾.A",
            "location": [
                2,
                3
            ],
            "direction": "Up",
            "costs": 38
        },
        {
            "type": "Deploy",
            "name": "龙腾.A",
            "location": [
                3,
                5
            ],
            "direction": "Left",
            "costs": 40
        },
        {
            "type": "Skill",
            "name": "麦哲伦",
            "location": [
                5,
                1
            ],
            "costs": 68
        },
        {
            "type": "Deploy",
            "name": "龙腾.A",
            "location": [
                8,
                3
            ],
            "direction": "Up"
        },
        {
            "type": "Deploy",
            "name": "龙腾.A",
            "location": [
                2,
                3
            ],
            "direction": "Up",
            "kills": 34
        },
        {
            "type": "Deploy",
            "name": "龙腾.A",
            "location": [
                3,
                5
            ],
            "direction": "Left"
        },
        {
            "type": "Skill",
            "name": "麦哲伦",
            "location": [
                5,
                1
            ],
            "kills": 37
        },
        {
            "type": "Deploy",
            "name": "龙腾.A",
            "location": [
                8,
                3
            ],
            "direction": "Up"
        },
        {
            "type": "Deploy",
            "name": "机械水獭",
            "location": [
                10,
                1
            ],
            "direction": "Left"
        },
        {
            "type": "Deploy",
            "name": "龙腾.A",
            "location": [
                8,
                3
            ],
            "direction": "Up"
        },
        {
            "type": "Deploy",
            "name": "机械水獭",
            "location": [
                6,
                4
            ],
            "direction": "Left"
        },
        {
            "type": "Deploy",
            "name": "龙腾.A",
            "location": [
                6,
                6
            ],
            "direction": "Up",
            "kills": 53
        }
    ],
    "doc": {
        "title": "悖论模拟 - 麦哲伦 - 取之不尽，用之不竭",
        "details": "统计日期：2024-05-02\n好评率：52.31%  浏览量：1332\n原视频b站：https://www.bilibili.com/video/BV1Zh411Z7KB?p=3&vd_source=4ca18fc68b57aad4119bd4285367574f\nup主 魔法Zc目录\n麦哲伦 三技能\n制作者 崆飨"
    },
    "groups": [],
    "opers": []
}