{
  "minimum_required": "v4.0.0",
  "stage_name": "tough_13-16",
  "actions": [
    {
      "type": "SpeedUp"
    },
    {
      "type": "Deploy",
      "name": "桃金娘",
      "location": [
        10,
        4
      ],
      "direction": "Left"
    },
    {
      "type": "Deploy",
      "name": "德克萨斯",
      "location": [
        9,
        6
      ],
      "direction": "Left"
    },
    {
      "type": "Deploy",
      "name": "山",
      "location": [
        9,
        4
      ],
      "direction": "Left"
    },
    {
      "type": "Deploy",
      "name": "伊芙利特",
      "location": [
        8,
        5
      ],
      "direction": "Up"
    },
    {
      "type": "Skill",
      "name": "炸弹载荷点",
      "location": [
        10,
        3
      ],
      "costs": 10
    },
    {
      "type": "Deploy",
      "name": "能天使",
      "location": [
        6,
        5
      ],
      "direction": "Left"
    },
    {
      "type": "Deploy",
      "name": "银灰",
      "location": [
        7,
        1
      ],
      "direction": "Left"
    },
    {
      "type": "Skill",
      "name": "炸弹载荷点",
      "location": [
        4,
        2
      ],
      "costs": 10
    },
    {
      "type": "Deploy",
      "name": "号角",
      "location": [
        1,
        1
      ],
      "direction": "Down"
    },
    {
      "type": "Deploy",
      "name": "闪灵",
      "location": [
        5,
        2
      ],
      "direction": "Right"
    },
    {
      "type": "Skill",
      "name": "银灰",
      "location": [
        7,
        1
      ]
    },
    {
      "type": "SkillUsage",
      "name": "桃金娘",
      "skill_usage": 0
    },
    {
      "type": "SkillDaemon",
      "doc": "有帮助的话 给个好评吧~",
      "doc_color": "#d63384"
    }
  ],
  "doc": {
    "title": "主线十三章 恶兆湍流 13-18（磨难） 萧然攻略",
    "details": "这是磨难难度 普通难度地图不一样 别用磨难的打普通\n攻略作者：萧然Q BV1Hw411A7iG 记得去b站给萧然Q点赞三连\njson作者：鱼丸 评论区不解决maa问题\n已测试\n平均练度2603 需要干员替换自己动动手"
  },
  "groups": [],
  "opers": [
    {
      "name": "桃金娘",
      "skill": 1,
      "skill_usage": 1
    },
    {
      "name": "德克萨斯",
      "skill": 1,
      "skill_usage": 0
    },
    {
      "name": "山",
      "skill": 2,
      "skill_usage": 2
    },
    {
      "name": "银灰",
      "skill": 2,
      "skill_usage": 0
    },
    {
      "name": "号角",
      "skill": 1,
      "skill_usage": 0
    },
    {
      "name": "能天使",
      "skill": 3,
      "skill_usage": 0
    },
    {
      "name": "闪灵",
      "skill": 2,
      "skill_usage": 0
    },
    {
      "name": "伊芙利特",
      "skill": 2,
      "skill_usage": 0
    }
  ]
}