{
    "minimum_required": "v4.0.0",
    "doc": {
        "title": "【风雪过境】BI-1单人",
        "details": "作业更新日期: 2023-04-30T00:32:22Z\n统计更新日期: 2024-08-11\n好评率：100.0%  浏览量：222\n来源：一只摆烂的42  ID：22947\n\n原视频：https://www.bilibili.com/video/av677541589/\nUP：揽月赏星河\n有问题联系制作者QQ2586582719"
    },
    "stage_name": "act14side_01",
    "opers": [
        {
            "name": "银灰",
            "skill": 1,
            "skill_usage": 0
        }
    ],
    "actions": [
        {
            "type": "二倍速",
            "name": ""
        },
        {
            "type": "部署",
            "name": "银灰",
            "location": [
                7,
                1
            ],
            "direction": "左"
        },
        {
            "type": "打印",
            "name": "",
            "doc": "有问题联系制作者QQ2586582719",
            "doc_color": "SpringGreen"
        }
    ]
}