{
    "minimum_required": "v4.0.0",
    "doc": {
        "title": "【风雪过境】BI-4单人",
        "details": "作业更新日期: 2023-04-30T00:32:22Z\n统计更新日期: 2024-08-11\n好评率：100.0%  浏览量：59\n来源：一只摆烂的42  ID：22955\n\n原视频：https://www.bilibili.com/video/av337440110/\nUP：夕暮Ark\n一技能，需要专三\n有问题联系制作者QQ2586582719"
    },
    "stage_name": "act14side_04",
    "opers": [
        {
            "name": "羽毛笔",
            "skill": 1,
            "skill_usage": 0
        }
    ],
    "actions": [
        {
            "type": "二倍速",
            "name": ""
        },
        {
            "type": "部署",
            "name": "羽毛笔",
            "location": [
                8,
                1
            ],
            "direction": "右"
        },
        {
            "type": "打印",
            "name": "",
            "doc": "有问题联系制作者QQ2586582719",
            "doc_color": "SpringGreen"
        }
    ]
}