{
    "minimum_required": "v4.0",
    "doc": {
        "title": "【风雪过境】BI-5双人-蚀刻章",
        "details": "原视频：https://www.bilibili.com/video/av719911151/\nUP：橘榴\n有问题联系制作者QQ2586582719"
    },
    "stage_name": "act14side_05",
    "opers": [
        {
            "name": "煌",
            "skill": 2,
            "skill_usage": 0
        },
        {
            "name": "阿消",
            "skill": 1,
            "skill_usage": 0
        }
    ],
    "actions": [
        {
            "type": "二倍速",
            "name": ""
        },
        {
            "type": "部署",
            "name": "煌",
            "location": [
                9,
                2
            ],
            "direction": "左"
        },
        {
            "type": "部署",
            "name": "阿消",
            "location": [
                3,
                1
            ],
            "direction": "下"
        },
        {
            "type": "打印",
            "name": "",
            "doc": "有问题联系制作者QQ2586582719",
            "doc_color": "SpringGreen"
        }
    ]
}