{
    "minimum_required": "v4.0.0",
    "stage_name": "act14side_06",
    "actions": [
        {
            "type": "Deploy",
            "name": "德克萨斯",
            "location": [
                5,
                1
            ],
            "direction": "Left"
        },
        {
            "type": "SpeedUp"
        },
        {
            "type": "Deploy",
            "name": "塞雷娅",
            "location": [
                4,
                1
            ],
            "direction": "Left"
        },
        {
            "type": "Deploy",
            "name": "锏",
            "location": [
                3,
                2
            ],
            "direction": "Up"
        },
        {
            "type": "Deploy",
            "name": "阻挡求稳",
            "location": [
                4,
                2
            ],
            "direction": "Right"
        },
        {
            "type": "SkillDaemon"
        }
    ],
    "doc": {
        "title": "风雪过境·复刻 - BI-6 - 歧路【锏模组任务】“过往的注脚”",
        "details": "作业更新日期: 2023-12-05T10:16:58Z\n统计更新日期: 2024-08-11\n好评率：98.11%  浏览量：1750\n来源：小卡拉帕鲁灰🐖  ID：30669\n\n锏模组任务：“过往的注脚”【手动编队】\n任务要求：完成5次战斗;必须编入非助战锏并上场，且每次战斗至少释放1次归于宁静3.3星通关别传Bl-6;必须编入非助战锏并上场，且使用锏至少歼灭10个敌人\n练度要求：应该不高，地图怪比较垃圾\n测试通过，如果不识别锏，请更新内测版"
    },
    "groups": [
        {
            "name": "阻挡求稳",
            "opers": [
                {
                    "name": "星熊",
                    "skill": 2,
                    "skill_usage": 0
                },
                {
                    "name": "年",
                    "skill": 1,
                    "skill_usage": 0
                },
                {
                    "name": "斑点",
                    "skill": 1,
                    "skill_usage": 0
                }
            ]
        }
    ],
    "opers": [
        {
            "name": "锏",
            "skill": 3,
            "skill_usage": 1
        },
        {
            "name": "德克萨斯",
            "skill": 1,
            "skill_usage": 0
        },
        {
            "name": "塞雷娅",
            "skill": 1,
            "skill_usage": 0
        }
    ]
}