{
    "minimum_required": "v4.0",
    "doc": {
        "title": "【风雪过境】BI-EX-2普通三人-【镀层】",
        "details": "原视频：https://www.bilibili.com/video/av807726216/\nUP：侬无言以对\n有问题联系制作者QQ2586582719"
    },
    "stage_name": "act14side_ex02",
    "opers": [
        {
            "name": "艾雅法拉",
            "skill": 2,
            "skill_usage": 0
        },
        {
            "name": "阿消",
            "skill": 1,
            "skill_usage": 0
        },
        {
            "name": "暗索",
            "skill": 1,
            "skill_usage": 0
        }
    ],
    "actions": [
        {
            "type": "部署",
            "name": "暗索",
            "location": [
                9,
                2
            ],
            "direction": "左"
        },
        {
            "type": "二倍速",
            "name": ""
        },
        {
            "type": "部署",
            "name": "艾雅法拉",
            "location": [
                3,
                3
            ],
            "direction": "右"
        },
        {
            "type": "部署",
            "name": "阿消",
            "location": [
                4,
                4
            ],
            "direction": "右"
        },
        {
            "type": "打印",
            "name": "",
            "doc": "有问题联系制作者QQ2586582719",
            "doc_color": "SpringGreen"
        }
    ]
}