{
    "minimum_required": "v4.0",  
    "difficulty": 3,
    "doc": {
        "title": "【风雪过境】BI-EX-5突袭七人",
        "details": "原视频：https://www.bilibili.com/video/av850162018/\nUP：刻俄柏\n——————\n属实是有点杀鸡用牛刀了\n——————\n有问题联系制作者QQ2586582719"
    },
    "stage_name": "act14side_ex05",
    "opers": [
        {
            "name": "棘刺",
            "skill": 3,
            "skill_usage": 1
        },
        {
            "name": "夜莺",
            "skill": 2,
            "skill_usage": 0
        },
        {
            "name": "山",
            "skill": 2,
            "skill_usage": 2
        },
        {
            "name": "闪灵",
            "skill": 2,
            "skill_usage": 0
        },
        {
            "name": "絮雨",
            "skill": 2,
            "skill_usage": 0
        },
        {
            "name": "风笛",
            "skill": 2,
            "skill_usage": 0
        },
        {
            "name": "推进之王",
            "skill": 2,
            "skill_usage": 0
        }
    ],
    "actions": [
        {
            "type": "部署",
            "name": "推进之王",
            "location": [
                4,
                3
            ],
            "direction": "左"
        },
        {
            "type": "二倍速",
            "name": ""
        },
        {
            "type": "部署",
            "name": "风笛",
            "location": [
                3,
                4
            ],
            "direction": "上"
        },
        {
            "type": "部署",
            "name": "山",
            "location": [
                1,
                4
            ],
            "direction": "下"
        },
        {
            "type": "部署",
            "name": "闪灵",
            "location": [
                2,
                3
            ],
            "direction": "下"
        },
        {
            "type": "部署",
            "name": "夜莺",
            "location": [
                4,
                4
            ],
            "direction": "左"
        },
        {
            "type": "部署",
            "name": "絮雨",
            "location": [
                3,
                2
            ],
            "direction": "下"
        },
        {
            "type": "部署",
            "name": "棘刺",
            "location": [
                4,
                5
            ],
            "direction": "左"
        },
        {
            "type": "打印",
            "name": "",
            "doc": "有问题联系制作者QQ2586582719",
            "doc_color": "SpringGreen"
        },
        {
            "type": "摆完挂机",
            "name": ""
        }
    ]
}