{
    "minimum_required": "v4.0.0",
    "difficulty": 3,
    "doc": {
        "title": "【风雪过境】BI-EX-8突袭七人",
        "details": "作业更新日期: 2024-08-11T01:43:29Z\n统计更新日期: 2024-08-11\n好评率：99.21%  浏览量：1382\n来源：一只摆烂的42  ID：22981\n\n原视频：https://www.bilibili.com/video/av295224718/\nUP：侬无言以对\n制作者：一只摆烂的42\n有问题联系QQ2586582719\n修改自用请删除我的QQ"
    },
    "stage_name": "act14side_ex08#f#",
    "opers": [
        {
            "name": "银灰",
            "skill": 1,
            "skill_usage": 0
        },
        {
            "name": "煌",
            "skill": 2,
            "skill_usage": 0
        },
        {
            "name": "白金",
            "skill": 2,
            "skill_usage": 0
        },
        {
            "name": "能天使",
            "skill": 3,
            "skill_usage": 0
        },
        {
            "name": "伊芙利特",
            "skill": 2,
            "skill_usage": 0
        },
        {
            "name": "浊心斯卡蒂",
            "skill": 2,
            "skill_usage": 0
        }
    ],
    "actions": [
        {
            "type": "Deploy",
            "doc_color": "SpringGreen",
            "doc": "有问题联系制作者QQ2586582719",
            "name": "先锋",
            "direction": "Up",
            "location": [
                5,
                6
            ]
        },
        {
            "type": "二倍速",
            "name": ""
        },
        {
            "type": "部署",
            "name": "煌",
            "location": [
                7,
                1
            ],
            "direction": "左"
        },
        {
            "type": "部署",
            "name": "浊心斯卡蒂",
            "location": [
                8,
                2
            ],
            "direction": "左"
        },
        {
            "type": "部署",
            "name": "白金",
            "location": [
                9,
                2
            ],
            "direction": "下"
        },
        {
            "type": "部署",
            "name": "银灰",
            "location": [
                10,
                3
            ],
            "direction": "下"
        },
        {
            "type": "部署",
            "name": "伊芙利特",
            "location": [
                10,
                1
            ],
            "direction": "下"
        },
        {
            "type": "部署",
            "kills": 14,
            "name": "能天使",
            "location": [
                9,
                3
            ],
            "direction": "下",
            "pre_delay": 15000
        },
        {
            "type": "打印",
            "name": "",
            "doc": "能天使应该是锏刚开始动落地，不是寄了请换作业",
            "doc_color": "#6f42c1"
        }
    ],
    "groups": [
        {
            "name": "先锋",
            "opers": [
                {
                    "name": "推进之王",
                    "skill": 2,
                    "skill_usage": 0
                },
                {
                    "name": "风笛",
                    "skill": 2,
                    "skill_usage": 0
                }
            ]
        }
    ]
}