{
    "minimum_required": "v4.0.0",
    "difficulty": 3,
    "doc": {
        "title": "【风雪过境】BI-EX-5突袭四人",
        "details": "作业更新日期: 2024-08-11T01:25:03Z\n统计更新日期: 2024-08-11\n好评率：85.51%  浏览量：1411\n来源：一只摆烂的42  ID：22973\n\n原视频：https://www.bilibili.com/video/BV1yq4y117GP\nUP：侬无言以对\n制作者：一只摆烂的42\n有问题联系QQ2586582719\n修改自用请删除我的QQ"
    },
    "stage_name": "act14side_ex05#f#",
    "opers": [
        {
            "name": "煌",
            "skill": 2,
            "skill_usage": 0
        },
        {
            "name": "能天使",
            "skill": 3,
            "skill_usage": 0
        }
    ],
    "actions": [
        {
            "type": "Deploy",
            "name": "先锋",
            "location": [
                5,
                3
            ],
            "direction": "Left"
        },
        {
            "type": "二倍速",
            "name": ""
        },
        {
            "type": "Deploy",
            "name": "能天使",
            "location": [
                4,
                4
            ],
            "direction": "Down",
            "costs": 15
        },
        {
            "type": "打印",
            "name": "",
            "doc": "能天使应该是左边狙击刚出红门落地，不是寄了请换作业",
            "doc_color": "#6f42c1"
        },
        {
            "type": "Deploy",
            "doc_color": "#6f42c1",
            "doc": "能天使应该是左边狙击刚出红门落地，不是寄了请换作业",
            "name": "煌",
            "direction": "Down",
            "location": [
                3,
                4
            ]
        },
        {
            "type": "Deploy",
            "name": "奶",
            "location": [
                4,
                2
            ],
            "direction": "Down",
            "doc_color": "SpringGreen",
            "doc": "有问题联系制作者QQ2586582719"
        }
    ],
    "groups": [
        {
            "name": "奶",
            "opers": [
                {
                    "name": "纯烬艾雅法拉",
                    "skill": 1,
                    "skill_usage": 0
                },
                {
                    "name": "夜莺",
                    "skill": 2,
                    "skill_usage": 0
                }
            ]
        },
        {
            "name": "先锋",
            "opers": [
                {
                    "name": "山",
                    "skill": 2,
                    "skill_usage": 2,
                    "skill_times": 1
                },
                {
                    "name": "风笛",
                    "skill": 2,
                    "skill_usage": 0
                },
                {
                    "name": "推进之王",
                    "skill": 2,
                    "skill_usage": 0
                }
            ]
        }
    ]
}