{
    "minimum_required": "v4.0.0",
    "stage_name": "tough_14-12",
    "actions": [
        {
            "type": "SpeedUp"
        },
        {
            "type": "Deploy",
            "name": "塞雷娅",
            "location": [
                6,
                3
            ],
            "direction": "Right"
        },
        {
            "type": "Deploy",
            "name": "艾雅法拉",
            "location": [
                7,
                2
            ],
            "direction": "Down"
        },
        {
            "type": "Deploy",
            "name": "夜莺",
            "location": [
                5,
                2
            ],
            "direction": "Right"
        },
        {
            "type": "SkillDaemon"
        }
    ],
    "doc": {
        "title": "第十四章 慈悲灯塔 - 14-14（磨难） - 高空拒阻行动",
        "details": "统计日期：2024-05-11\n好评率：99.35%  浏览量：11559\n来源：1937879212@qq.com  ID：36735\nhttps://www.bilibili.com/video/BV1gH4y1V7hH/?spm_id_from=333.788.top_right_bar_window_history.content.click&vd_source=90e612f08089afb928a1a33acafa836a"
    },
    "groups": [],
    "opers": [
        {
            "name": "艾雅法拉",
            "skill": 2,
            "skill_usage": 0
        },
        {
            "name": "夜莺",
            "skill": 2,
            "skill_usage": 0
        },
        {
            "name": "塞雷娅",
            "skill": 1,
            "skill_usage": 0
        }
    ]
}