{
    "minimum_required": "v4.0.0",
    "stage_name": "tough_12-16",
    "actions": [
        {
            "type": "SpeedUp"
        },
        {
            "type": "Deploy",
            "name": "能天使",
            "location": [
                8,
                2
            ],
            "direction": "Left",
            "costs": 15
        },
        {
            "type": "Deploy",
            "name": "棘刺",
            "location": [
                4,
                1
            ],
            "direction": "Down"
        },
        {
            "type": "Deploy",
            "name": "桃金娘",
            "location": [
                1,
                4
            ],
            "direction": "Up",
            "pre_delay": 12000
        },
        {
            "type": "Deploy",
            "name": "塞雷娅",
            "location": [
                4,
                3
            ],
            "direction": "Right"
        },
        {
            "type": "Deploy",
            "name": "盾奶",
            "location": [
                3,
                4
            ],
            "direction": "Up"
        },
        {
            "type": "Deploy",
            "name": "艾雅法拉",
            "location": [
                3,
                2
            ],
            "direction": "Right"
        },
        {
            "type": "Deploy",
            "name": "盾",
            "location": [
                2,
                3
            ],
            "direction": "Right"
        },
        {
            "type": "Retreat",
            "name": "桃金娘",
            "location": [
                1,
                4
            ],
            "costs": 9
        },
        {
            "type": "Deploy",
            "name": "山",
            "location": [
                1,
                4
            ],
            "direction": "Up"
        },
        {
            "type": "Output",
            "doc_color": "DeepSkyBlue",
            "doc": "过了的话给我和萧然点个赞吧"
        },
        {
            "type": "SkillDaemon"
        }
    ],
    "doc": {
        "title": "主线十二章 惊霆无声 12-18（磨难） 萧然攻略",
        "details": "——————————\n作业更新日期: 2024-12-24T13:33:11Z\n统计更新日期: 2025-06-11\n好评率：95.76%  浏览量：1093\n来源：kree  ID：44967\n——————————\n\n攻略作者：萧然Q BV1oL411m7bL\njson作者：Genicur\n平均练度 2703\n已测试"
    },
    "groups": [
        {
            "name": "盾",
            "opers": [
                {
                    "name": "星熊",
                    "skill": 2,
                    "skill_usage": 0
                },
                {
                    "name": "角峰",
                    "skill": 2,
                    "skill_usage": 1
                }
            ]
        },
        {
            "name": "盾奶",
            "opers": [
                {
                    "name": "闪灵",
                    "skill": 2,
                    "skill_usage": 0
                },
                {
                    "name": "夜莺",
                    "skill": 2,
                    "skill_usage": 0
                }
            ]
        }
    ],
    "opers": [
        {
            "name": "桃金娘",
            "skill": 1,
            "skill_usage": 1
        },
        {
            "name": "山",
            "skill": 2,
            "skill_usage": 2
        },
        {
            "name": "棘刺",
            "skill": 3,
            "skill_usage": 1
        },
        {
            "name": "塞雷娅",
            "skill": 1,
            "skill_usage": 0
        },
        {
            "name": "能天使",
            "skill": 3,
            "skill_usage": 0
        },
        {
            "name": "艾雅法拉",
            "skill": 2,
            "skill_usage": 0
        }
    ]
}