{
    "minimum_required": "v4.0.0",
    "stage_name": "main_12-14",
    "actions": [
        {
            "type": "SpeedUp"
        },
        {
            "type": "Deploy",
            "name": "山",
            "location": [
                4,
                5
            ],
            "direction": "Right"
        },
        {
            "type": "Deploy",
            "name": "德克萨斯",
            "location": [
                7,
                5
            ],
            "direction": "Left"
        },
        {
            "type": "Deploy",
            "name": "纯烬艾雅法拉",
            "location": [
                8,
                3
            ],
            "direction": "Down"
        },
        {
            "type": "Deploy",
            "name": "煌",
            "location": [
                9,
                5
            ],
            "direction": "Left"
        },
        {
            "type": "Deploy",
            "name": "艾雅法拉",
            "location": [
                7,
                4
            ],
            "direction": "Left"
        },
        {
            "type": "Deploy",
            "name": "塞雷娅",
            "location": [
                8,
                5
            ],
            "direction": "Left"
        },
        {
            "type": "SkillDaemon",
            "doc": "给个好评吧 宝贝",
            "doc_color": "#d63384"
        }
    ],
    "doc": {
        "title": "主线十二章 惊霆无声 12-16 萧然攻略",
        "details": "统计日期：2024-05-31\n好评率：99.67%  浏览量：5196\n来源：zhengsid  ID：28536\n攻略作者：萧然Q BV1oL411m7bL 记得去b站给萧然宝贝点赞三连\njson作者：鱼丸 有问题请联系qq2877734958\nmaa问题就别联系了 臭写作业的真不懂maa（）\n平均练度 2603\n已测试 测试人鱼丸 maa还没更新地图 更新地图才能用"
    },
    "groups": [],
    "opers": [
        {
            "name": "煌",
            "skill": 2,
            "skill_usage": 0
        },
        {
            "name": "山",
            "skill": 2,
            "skill_usage": 2
        },
        {
            "name": "塞雷娅",
            "skill": 1,
            "skill_usage": 0
        },
        {
            "name": "德克萨斯",
            "skill": 1,
            "skill_usage": 0
        },
        {
            "name": "艾雅法拉",
            "skill": 2,
            "skill_usage": 0
        },
        {
            "name": "纯烬艾雅法拉",
            "skill": 1,
            "skill_usage": 0
        }
    ]
}