{
    "minimum_required": "v4.0.0",
    "stage_name": "tough_12-11",
    "actions": [
        {
            "type": "Deploy",
            "name": "令",
            "location": [
                6,
                2
            ],
            "direction": "Right"
        },
        {
            "type": "Deploy",
            "name": "“弦惊”",
            "location": [
                4,
                4
            ],
            "direction": "Right"
        },
        {
            "type": "Deploy",
            "name": "“弦惊”",
            "location": [
                8,
                6
            ],
            "direction": "Right"
        },
        {
            "type": "Skill",
            "name": "伊内丝",
            "location": [
                5,
                2
            ],
            "costs": 12
        },
        {
            "type": "SpeedUp"
        },
        {
            "type": "Deploy",
            "name": "“弦惊”",
            "location": [
                5,
                3
            ],
            "direction": "Down"
        },
        {
            "type": "Skill",
            "name": "令",
            "location": [
                6,
                2
            ],
            "kills": 7
        },
        {
            "type": "Deploy",
            "name": "“弦惊”",
            "location": [
                4,
                3
            ],
            "direction": "Down"
        },
        {
            "type": "Skill",
            "name": "伊内丝",
            "location": [
                5,
                2
            ],
            "kills": 10
        },
        {
            "type": "Deploy",
            "name": "“弦惊”",
            "location": [
                4,
                3
            ],
            "direction": "Right"
        },
        {
            "type": "Deploy",
            "name": "“弦惊”",
            "location": [
                3,
                4
            ],
            "direction": "Right"
        },
        {
            "type": "Skill",
            "name": "伊内丝",
            "location": [
                5,
                2
            ]
        },
        {
            "type": "SkillUsage",
            "name": "令",
            "skill_usage": 1
        },
        {
            "type": "Retreat",
            "name": "“弦惊”",
            "location": [
                4,
                4
            ],
            "kills": 33
        },
        {
            "type": "Deploy",
            "name": "“弦惊”",
            "location": [
                4,
                4
            ],
            "direction": "Right"
        },
        {
            "type": "Deploy",
            "name": "“弦惊”",
            "location": [
                2,
                3
            ],
            "direction": "Right"
        },
        {
            "type": "Skill",
            "name": "伊内丝",
            "location": [
                5,
                2
            ]
        },
        {
            "type": "Retreat",
            "name": "“弦惊”",
            "location": [
                8,
                6
            ],
            "pre_delay": 10000
        },
        {
            "type": "Deploy",
            "name": "“弦惊”",
            "location": [
                3,
                4
            ],
            "direction": "Up"
        },
        {
            "type": "Skill",
            "name": "伊内丝",
            "location": [
                5,
                2
            ],
            "kills": 60
        },
        {
            "type": "Retreat",
            "name": "“弦惊”",
            "location": [
                5,
                3
            ],
            "kills": 70
        },
        {
            "type": "Deploy",
            "name": "“弦惊”",
            "location": [
                3,
                6
            ],
            "direction": "Right"
        },
        {
            "type": "SkillDaemon"
        }
    ],
    "doc": {
        "title": "第十二章 惊霆无声 - 12-13（磨难） - 逆光阴影 - 单核",
        "details": "——————————\n作业更新日期: 2025-02-23T04:39:00Z\n统计更新日期: 2025-06-11\n好评率：100.0%  浏览量：1151\n来源：小卡拉帕鲁灰  ID：47462\n——————————\n\nJSON作者小卡拉帕鲁灰\n令满级，专3，三级y模组\n持续更新中，作业交流群789724611，如果作业有问题可以加群找我，评论区不能及时回复"
    },
    "groups": [],
    "opers": [
        {
            "name": "令",
            "skill": 3,
            "skill_usage": 0
        }
    ]
}