{
    "minimum_required": "v4.0.0",
    "stage_name": "tough_12-09",
    "actions": [
        {
            "type": "SpeedUp"
        },
        {
            "type": "Deploy",
            "name": "山",
            "location": [
                2,
                5
            ],
            "direction": "Down"
        },
        {
            "type": "Deploy",
            "name": "塞雷娅",
            "location": [
                5,
                3
            ],
            "direction": "Right"
        },
        {
            "type": "Skill",
            "name": "山",
            "location": [
                2,
                5
            ]
        },
        {
            "type": "Deploy",
            "name": "狙击-速射手",
            "location": [
                4,
                2
            ],
            "direction": "Right"
        },
        {
            "type": "Deploy",
            "name": "棘刺",
            "location": [
                6,
                4
            ],
            "direction": "Right"
        },
        {
            "type": "SkillDaemon"
        }
    ],
    "doc": {
        "title": "第十二章 惊霆无声 - 12-10（磨难） - 广播热线正繁忙",
        "details": "——————————\n作业更新日期: 2025-03-23T15:35:46Z\n统计更新日期: 2025-06-11\n好评率：99.25%  浏览量：1107\n来源：飘ipao（B站同名，qq3978869946）  ID：49038\n——————————\n\n测试已过\n能天使2603 3y\n塞雷娅2803 3y\n山2603 3x\n棘刺2603 3x\n塞雷娅x模应该可行\n仅仅测试了能天使，有棘刺小范围兜底，其他狙击应该可过"
    },
    "groups": [
        {
            "name": "狙击-速射手",
            "opers": [
                {
                    "name": "能天使",
                    "skill": 1,
                    "skill_usage": 0
                },
                {
                    "name": "白金",
                    "skill": 2,
                    "skill_usage": 0
                },
                {
                    "name": "蓝毒",
                    "skill": 1,
                    "skill_usage": 0
                },
                {
                    "name": "灰喉",
                    "skill": 1,
                    "skill_usage": 0
                }
            ]
        }
    ],
    "opers": [
        {
            "name": "棘刺",
            "skill": 3,
            "skill_usage": 2,
            "skill_times": 2
        },
        {
            "name": "山",
            "skill": 2,
            "skill_usage": 0
        },
        {
            "name": "塞雷娅",
            "skill": 1,
            "skill_usage": 0
        }
    ]
}