{
    "minimum_required": "v4.0.0",
    "stage_name": "main_12-10",
    "actions": [
        {
            "type": "Deploy",
            "name": "伊内丝",
            "location": [
                8,
                3
            ],
            "direction": "Left"
        },
        {
            "type": "Deploy",
            "name": "黑角",
            "location": [
                7,
                3
            ],
            "direction": "Left"
        },
        {
            "type": "Deploy",
            "name": "棘刺",
            "location": [
                9,
                3
            ],
            "direction": "Left"
        },
        {
            "type": "Retreat",
            "name": "黑角",
            "location": [
                7,
                3
            ],
            "costs": 23
        },
        {
            "type": "Deploy",
            "name": "奶盾",
            "location": [
                7,
                3
            ],
            "direction": "Left"
        },
        {
            "type": "Deploy",
            "name": "奶",
            "location": [
                9,
                4
            ],
            "direction": "Left"
        },
        {
            "type": "SpeedUp"
        },
        {
            "type": "SkillDaemon"
        }
    ],
    "doc": {
        "title": "自用12-12伊内丝Y模组任务二",
        "details": "——————————\n作业更新日期: 2025-04-15T12:01:11Z\n统计更新日期: 2025-06-11\n好评率：97.45%  浏览量：5174\n来源：Z2z7z2  ID：50280\n——————————\n\n【【明日方舟】伊内丝模组任务，3人3步，摆完随意开技能，无轴。】 https://www.bilibili.com/video/BV1JhRUYEEBJ/?share_source=copy_web&vd_source=fbabb53e5e9ac71bfc3507e2282912e6"
    },
    "groups": [
        {
            "name": "奶盾",
            "opers": [
                {
                    "name": "塞雷娅",
                    "skill": 1,
                    "skill_usage": 0
                },
                {
                    "name": "黍",
                    "skill": 1,
                    "skill_usage": 0
                }
            ]
        },
        {
            "name": "奶",
            "opers": [
                {
                    "name": "夜莺",
                    "skill": 1,
                    "skill_usage": 0
                },
                {
                    "name": "闪灵",
                    "skill": 1,
                    "skill_usage": 0
                },
                {
                    "name": "纯烬艾雅法拉",
                    "skill": 1,
                    "skill_usage": 0
                }
            ]
        }
    ],
    "opers": [
        {
            "name": "伊内丝",
            "skill": 2,
            "skill_usage": 1
        },
        {
            "name": "棘刺",
            "skill": 3,
            "skill_usage": 1
        },
        {
            "name": "黑角",
            "skill": 1,
            "skill_usage": 0
        }
    ]
}