{
    "minimum_required": "v4.0.0",
    "stage_name": "tough_12-18",
    "actions": [
        {
            "type": "SpeedUp"
        },
        {
            "type": "Deploy",
            "name": "德克萨斯",
            "location": [
                5,
                3
            ],
            "direction": "Right"
        },
        {
            "type": "Deploy",
            "name": "浊心斯卡蒂",
            "location": [
                5,
                2
            ],
            "direction": "Right"
        },
        {
            "type": "Deploy",
            "name": "棘刺",
            "location": [
                8,
                3
            ],
            "direction": "Left",
            "doc": "棘刺这里有点极限，如果德狗攻击力不够打不掉箱子，可能会漏一个真平民\n“盲目信任在战场上是不负责任的，博士”",
            "doc_color": "Gold"
        },
        {
            "type": "Deploy",
            "name": "山",
            "location": [
                8,
                4
            ],
            "direction": "Right"
        },
        {
            "type": "Deploy",
            "name": "塞雷娅",
            "location": [
                6,
                3
            ],
            "direction": "Left"
        },
        {
            "type": "Deploy",
            "name": "煌",
            "location": [
                5,
                4
            ],
            "direction": "Up",
            "kills": 7,
            "costs": 0,
            "doc": "煌设定为7击杀数时部署，此时有减费怪因此费用波动较大，请确保你的煌放下去了",
            "doc_color": "Gold"
        },
        {
            "type": "Deploy",
            "name": "行医",
            "location": [
                3,
                2
            ],
            "direction": "Right"
        },
        {
            "type": "Retreat",
            "name": "德克萨斯",
            "location": [
                5,
                3
            ],
            "kills": 15,
            "doc": "撤德狗原地下水月",
            "doc_color": "Gray"
        },
        {
            "type": "Deploy",
            "name": "地刺",
            "location": [
                5,
                3
            ],
            "direction": "Left"
        },
        {
            "type": "Deploy",
            "name": "史尔特尔",
            "location": [
                1,
                2
            ],
            "direction": "Up",
            "kills": 18,
            "doc": "设定为18杀时部署，确保42在平民过去后再下",
            "doc_color": "Gold"
        },
        {
            "type": "Skill",
            "name": "史尔特尔",
            "location": [
                1,
                2
            ],
            "kills": 28,
            "doc": "设定为28杀时开技能，实际上灰礼帽出来就可以开了",
            "doc_color": "Gold"
        },
        {
            "type": "Deploy",
            "name": "德克萨斯",
            "location": [
                4,
                2
            ],
            "costs": 34,
            "doc": "42燃尽了就可以下德狗了，设定为34费用时部署，留出余量",
            "direction": "Down",
            "doc_color": "Gold"
        },
        {
            "type": "SkillDaemon",
            "doc": "PRTS-MAA已完成作战部署，指挥权移交博士\n后期请观察塞雷娅及煌是否有漏怪可能，如果有那就在塞爹下面部署带控制的快活/耀光等干员补救一下，快结束时如果煌暴毙可以直接原地上42开大",
            "doc_color": "DarkRed"
        }
    ],
    "doc": {
        "title": "第十二章 惊霆无声 - 12-20（磨难） - 诚挚邀请 萧然攻略 纯艾阿斯卡纶替换",
        "details": "统计日期：2024-06-01\n好评率：82.05%  浏览量：1362\n来源：Ryan  ID：36033\n改编自maa://22371\n加入纯艾阿斯卡纶替换，自用"
    },
    "groups": [
        {
            "name": "行医",
            "opers": [
                {
                    "name": "纯烬艾雅法拉",
                    "skill": 1,
                    "skill_usage": 0
                },
                {
                    "name": "蜜莓",
                    "skill": 1,
                    "skill_usage": 0
                }
            ]
        },
        {
            "name": "地刺",
            "opers": [
                {
                    "name": "阿斯卡纶",
                    "skill": 1,
                    "skill_usage": 0
                },
                {
                    "name": "水月",
                    "skill": 1,
                    "skill_usage": 0
                }
            ]
        }
    ],
    "opers": [
        {
            "name": "德克萨斯",
            "skill": 1,
            "skill_usage": 0
        },
        {
            "name": "史尔特尔",
            "skill": 3,
            "skill_usage": 0
        },
        {
            "name": "煌",
            "skill": 2,
            "skill_usage": 0
        },
        {
            "name": "棘刺",
            "skill": 3,
            "skill_usage": 1
        },
        {
            "name": "山",
            "skill": 2,
            "skill_usage": 2
        },
        {
            "name": "塞雷娅",
            "skill": 2,
            "skill_usage": 0
        },
        {
            "name": "浊心斯卡蒂",
            "skill": 2,
            "skill_usage": 0
        }
    ]
}