{
    "minimum_required": "v4.0.0",
    "stage_name": "tough_12-01",
    "actions": [
        {
            "type": "SpeedUp"
        },
        {
            "type": "Deploy",
            "name": "令",
            "location": [
                7,
                4
            ],
            "direction": "Left"
        },
        {
            "type": "Deploy",
            "name": "“弦惊”",
            "location": [
                8,
                3
            ],
            "direction": "Right"
        },
        {
            "type": "Deploy",
            "name": "“弦惊”",
            "location": [
                8,
                3
            ],
            "direction": "Right"
        },
        {
            "type": "Deploy",
            "name": "“弦惊”",
            "location": [
                8,
                2
            ],
            "direction": "Right"
        },
        {
            "type": "Deploy",
            "name": "“弦惊”",
            "location": [
                9,
                2
            ],
            "direction": "Down"
        },
        {
            "type": "Deploy",
            "name": "“弦惊”",
            "location": [
                9,
                3
            ],
            "direction": "Left"
        },
        {
            "type": "Deploy",
            "name": "“弦惊”",
            "location": [
                5,
                3
            ],
            "direction": "Down"
        },
        {
            "type": "Deploy",
            "name": "“弦惊”",
            "location": [
                5,
                2
            ],
            "direction": "Down"
        },
        {
            "type": "Skill",
            "name": "令",
            "location": [
                7,
                4
            ],
            "kills": 32
        }
    ],
    "doc": {
        "title": "第十二章 惊霆无声 - 12-2（磨难） - 静候驾临 令单人",
        "details": "统计日期：2024-05-25\n好评率：83.33%  浏览量：1088\n来源：一闪一闪亮晶晶  ID：22367\n视频作者：B站 @Ke_lin\njson作者：椴诮  qq：1917178499\n令单人\n作业目前可用\nB站视频链接：https://www.bilibili.com/video/BV1km4y1B7Jh?p=1"
    },
    "groups": [],
    "opers": [
        {
            "name": "令",
            "skill": 3,
            "skill_usage": 0
        }
    ]
}