{
    "minimum_required": "v4.0.0",
    "stage_name": "tough_12-02",
    "actions": [
        {
            "type": "SpeedUp"
        },
        {
            "type": "Deploy",
            "name": "山",
            "location": [
                4,
                2
            ],
            "direction": "Left"
        },
        {
            "type": "Deploy",
            "name": "广域",
            "location": [
                6,
                3
            ],
            "direction": "Down"
        },
        {
            "type": "Deploy",
            "name": "狙击-速射手",
            "location": [
                2,
                5
            ],
            "direction": "Up"
        },
        {
            "type": "Deploy",
            "name": "奶盾1",
            "location": [
                1,
                5
            ],
            "direction": "Up"
        },
        {
            "type": "Deploy",
            "name": "奶盾2",
            "location": [
                5,
                2
            ],
            "direction": "Left"
        },
        {
            "type": "SkillDaemon"
        }
    ],
    "doc": {
        "title": "第十二章 惊霆无声 - 12-3（磨难） - 善意背叛",
        "details": "——————————\n作业更新日期: 2025-03-24T04:46:13Z\n统计更新日期: 2025-06-11\n好评率：98.61%  浏览量：1220\n来源：飘ipao（B站同名，qq3978869946）  ID：48979\n——————————\n\n测试已过\n古米精一一级\n满级克洛丝\n山2603 3级x模组\n塞雷亚2803 3级y模组\n絮语\n之前忘了投掷手费用＞20，已调整"
    },
    "groups": [
        {
            "name": "广域",
            "opers": [
                {
                    "name": "流明",
                    "skill": 3,
                    "skill_usage": 2,
                    "skill_times": 1
                },
                {
                    "name": "诺威尔"
                },
                {
                    "name": "锡兰"
                },
                {
                    "name": "絮雨"
                },
                {
                    "name": "清流"
                },
                {
                    "name": "纯烬艾雅法拉",
                    "skill": 1,
                    "skill_usage": 0
                },
                {
                    "name": "哈洛德"
                },
                {
                    "name": "蜜莓",
                    "skill": 1,
                    "skill_usage": 0
                },
                {
                    "name": "桑葚"
                },
                {
                    "name": "褐果"
                }
            ]
        },
        {
            "name": "奶盾1",
            "opers": [
                {
                    "name": "塞雷娅",
                    "skill": 1,
                    "skill_usage": 0
                },
                {
                    "name": "黍"
                }
            ]
        },
        {
            "name": "奶盾2",
            "opers": [
                {
                    "name": "古米"
                },
                {
                    "name": "深律"
                },
                {
                    "name": "临光"
                }
            ]
        },
        {
            "name": "狙击-速射手",
            "opers": [
                {
                    "name": "灰烬"
                },
                {
                    "name": "空弦"
                },
                {
                    "name": "能天使",
                    "skill": 3,
                    "skill_usage": 0
                },
                {
                    "name": "灰喉"
                },
                {
                    "name": "克洛丝"
                },
                {
                    "name": "流星"
                },
                {
                    "name": "梅"
                },
                {
                    "name": "蓝毒",
                    "skill": 1,
                    "skill_usage": 0
                }
            ]
        }
    ],
    "opers": [
        {
            "name": "山",
            "skill": 2,
            "skill_usage": 2,
            "skill_times": 1
        }
    ]
}