{
    "minimum_required": "v4.0.0",
    "stage_name": "tough_12-02",
    "actions": [
        {
            "type": "SpeedUp"
        },
        {
            "type": "Deploy",
            "name": "令",
            "location": [
                2,
                5
            ],
            "direction": "Right"
        },
        {
            "type": "Deploy",
            "name": "“弦惊”",
            "location": [
                8,
                1
            ],
            "direction": "Left"
        },
        {
            "type": "Deploy",
            "name": "“弦惊”",
            "location": [
                2,
                3
            ],
            "direction": "Up"
        },
        {
            "type": "SkillUsage",
            "name": "令",
            "skill_usage": 0
        },
        {
            "type": "Deploy",
            "name": "“弦惊”",
            "location": [
                3,
                3
            ],
            "direction": "Left"
        },
        {
            "type": "Deploy",
            "name": "“弦惊”",
            "location": [
                3,
                2
            ],
            "direction": "Left"
        },
        {
            "type": "Deploy",
            "name": "“弦惊”",
            "location": [
                4,
                2
            ],
            "direction": "Left"
        }
    ],
    "doc": {
        "title": "第十二章 惊霆无声 - 12-3（磨难）令单人 修复版",
        "details": "作业更新日期: 2023-04-08T06:48:15Z\n统计更新日期: 2024-10-07\n好评率：82.35%  浏览量：1646\n来源：一只摆烂的42  ID：22383\n视频作者：B站 @Ke_lin\njson作者：椴诮  qq：1917178499\n令单人\n作业目前可用\nB站视频链接：https://www.bilibili.com/video/BV1km4y1B7Jh?p=2\n一只摆烂的42：修复原作业令不开技能导致开局漏怪。请不要使用adb input。\n——————\n诚邀您参与【12章磨难低配作业需求调查】\nhttps://www.wjx.cn/vm/eToOAgs.aspx# \n如果需要剩余12章低配作业请麻烦填写一下\n——————"
    },
    "groups": [],
    "opers": [
        {
            "name": "令",
            "skill": 3,
            "skill_usage": 1
        }
    ]
}