{
    "minimum_required": "v4.0.0",
    "stage_name": "tough_12-04",
    "actions": [
        {
            "type": "SpeedUp"
        },
        {
            "type": "Deploy",
            "name": "山",
            "location": [
                7,
                2
            ],
            "direction": "Left"
        },
        {
            "type": "Deploy",
            "name": "推进之王",
            "location": [
                5,
                4
            ],
            "direction": "Up"
        },
        {
            "type": "Deploy",
            "name": "奶盾",
            "location": [
                5,
                5
            ],
            "direction": "Up"
        },
        {
            "type": "Deploy",
            "name": "闪灵",
            "location": [
                8,
                3
            ],
            "direction": "Left"
        },
        {
            "type": "Deploy",
            "name": "艾雅法拉",
            "location": [
                6,
                4
            ],
            "direction": "Up"
        },
        {
            "type": "Deploy",
            "name": "塞雷娅",
            "location": [
                8,
                2
            ],
            "direction": "Left"
        },
        {
            "type": "SkillDaemon",
            "doc": "给个好评吧 宝贝",
            "doc_color": "#d63384"
        }
    ],
    "doc": {
        "title": "主线十二章 惊霆无声 12-5（磨难） 萧然攻略",
        "details": "统计日期：2024-05-31\n好评率：99.28%  浏览量：11070\n来源：鱼丸不是鱼van  ID：22320\n这是磨难难度 普通难度地图不一样 别用磨难的打普通\n攻略作者：萧然Q BV1oL411m7bL 记得去b站给萧然宝贝点赞三连\njson作者：鱼丸 有问题请联系qq2877734958\nmaa问题就别联系了 臭写作业的真不懂maa（）\n平均练度 2603\n已测试 测试人鱼丸 maa还没更新地图 更新地图才能用"
    },
    "groups": [
        {
            "name": "奶盾",
            "opers": [
                {
                    "name": "古米",
                    "skill": 1,
                    "skill_usage": 0
                },
                {
                    "name": "临光",
                    "skill": 1,
                    "skill_usage": 0
                }
            ]
        }
    ],
    "opers": [
        {
            "name": "山",
            "skill": 2,
            "skill_usage": 2
        },
        {
            "name": "塞雷娅",
            "skill": 1,
            "skill_usage": 0
        },
        {
            "name": "推进之王",
            "skill": 2,
            "skill_usage": 0
        },
        {
            "name": "闪灵",
            "skill": 2,
            "skill_usage": 0
        },
        {
            "name": "艾雅法拉",
            "skill": 2,
            "skill_usage": 0
        }
    ]
}