{
    "minimum_required": "v4.0.0",
    "stage_name": "hard_12-02",
    "actions": [
        {
            "type": "Deploy",
            "name": "能天使",
            "location": [
                3,
                5
            ],
            "direction": "Up"
        },
        {
            "type": "Deploy",
            "name": "砾",
            "location": [
                3,
                4
            ],
            "direction": "Right",
            "rear_delay": 0
        },
        {
            "type": "Deploy",
            "name": "桃金娘",
            "location": [
                4,
                6
            ],
            "direction": "Right"
        },
        {
            "type": "Deploy",
            "name": "德克萨斯",
            "location": [
                3,
                6
            ],
            "direction": "Right"
        },
        {
            "type": "SpeedUp"
        },
        {
            "type": "Deploy",
            "name": "棘刺",
            "location": [
                4,
                5
            ],
            "direction": "Right"
        },
        {
            "type": "Deploy",
            "name": "山",
            "location": [
                6,
                1
            ],
            "direction": "Down"
        },
        {
            "type": "Deploy",
            "name": "浊心斯卡蒂",
            "location": [
                3,
                3
            ],
            "direction": "Left"
        },
        {
            "type": "Deploy",
            "name": "流明",
            "location": [
                1,
                5
            ],
            "direction": "Right"
        },
        {
            "type": "Deploy",
            "name": "艾雅法拉",
            "location": [
                2,
                3
            ],
            "direction": "Up"
        },
        {
            "type": "Retreat",
            "name": "桃金娘",
            "location": [
                4,
                6
            ],
            "kills": 0
        },
        {
            "type": "Deploy",
            "name": "塞雷娅",
            "location": [
                4,
                3
            ],
            "direction": "Up"
        },
        {
            "type": "Retreat",
            "name": "桃金娘",
            "kills": 15
        },
        {
            "type": "Retreat",
            "name": "德克萨斯",
            "kills": 0
        },
        {
            "type": "Retreat",
            "name": "山"
        },
        {
            "type": "Deploy",
            "name": "拉普兰德",
            "location": [
                3,
                6
            ],
            "direction": "Right"
        },
        {
            "type": "Deploy",
            "name": "星熊",
            "location": [
                4,
                6
            ],
            "direction": "Right"
        },
        {
            "type": "SkillDaemon"
        }
    ],
    "doc": {
        "title": "H12-2",
        "details": "统计日期：2024-06-05\n好评率：80.39%  浏览量：2282\n来源：Robot  ID：28306\n自用，优化了一点，无闪灵，流明替；加个桃子，减少德克萨斯压力。\n红蒂提前放，避免漏怪，感觉拉普兰德能优化掉（懒得改了，以后再说）\n原作者：面包猫南北\n萧然Q挂机作业：注意高练度要求\n过不去别找面包猫南北"
    },
    "groups": [],
    "opers": [
        {
            "name": "棘刺",
            "skill": 3,
            "skill_usage": 1
        },
        {
            "name": "山",
            "skill": 2,
            "skill_usage": 2
        },
        {
            "name": "浊心斯卡蒂",
            "skill": 2,
            "skill_usage": 0
        },
        {
            "name": "塞雷娅",
            "skill": 1,
            "skill_usage": 0
        },
        {
            "name": "艾雅法拉",
            "skill": 2,
            "skill_usage": 0
        },
        {
            "name": "流明",
            "skill": 3,
            "skill_usage": 2
        },
        {
            "name": "能天使",
            "skill": 3,
            "skill_usage": 0
        },
        {
            "name": "拉普兰德",
            "skill": 2,
            "skill_usage": 0
        },
        {
            "name": "星熊",
            "skill": 2,
            "skill_usage": 0
        },
        {
            "name": "砾",
            "skill": 1,
            "skill_usage": 0
        },
        {
            "name": "桃金娘",
            "skill": 1,
            "skill_usage": 1
        },
        {
            "name": "德克萨斯",
            "skill": 1,
            "skill_usage": 0
        }
    ]
}