{
    "minimum_required": "v4.0.0",
    "stage_name": "act19side_03",
    "actions": [
        {
            "type": "SpeedUp"
        },
        {
            "type": "Deploy",
            "name": "煌",
            "location": [
                6,
                2
            ],
            "direction": "Down"
        },
        {
            "type": "Deploy",
            "name": "德克萨斯",
            "location": [
                5,
                4
            ],
            "direction": "Right"
        },
        {
            "type": "Deploy",
            "name": "艾雅法拉",
            "location": [
                5,
                1
            ],
            "direction": "Right"
        }
    ],
    "doc": {
        "title": "DV-3 动力装甲",
        "details": "作业更新日期: 2023-08-27T03:51:16Z\n统计更新日期: 2024-07-16\n好评率：100.0%  浏览量：462\n来源：sy秋梧  ID：26953\n\n参考萧然Q https://www.bilibili.com/video/BV1KZ4y1v7gZ?p=4&vd_source=8f191e1e374df24e4d76ca2070893cfe"
    },
    "groups": [],
    "opers": [
        {
            "name": "德克萨斯",
            "skill": 1,
            "skill_usage": 0
        },
        {
            "name": "煌",
            "skill": 2,
            "skill_usage": 0
        },
        {
            "name": "艾雅法拉",
            "skill": 2,
            "skill_usage": 0
        }
    ]
}