{
    "minimum_required": "v4.0.0",
    "stage_name": "act19side_ex08",
    "actions": [
        {
            "type": "Deploy",
            "name": "桃金娘",
            "location": [
                9,
                6
            ],
            "direction": "Up"
        },
        {
            "type": "Deploy",
            "name": "德克萨斯",
            "location": [
                10,
                6
            ],
            "direction": "Up"
        },
        {
            "type": "Deploy",
            "name": "重装",
            "location": [
                7,
                3
            ],
            "direction": "Left"
        },
        {
            "type": "SpeedUp"
        },
        {
            "type": "Deploy",
            "name": "艾雅法拉",
            "location": [
                8,
                6
            ],
            "direction": "Left"
        },
        {
            "type": "Deploy",
            "name": "泥岩",
            "location": [
                3,
                5
            ],
            "direction": "Down"
        },
        {
            "type": "Deploy",
            "name": "拉普兰德",
            "location": [
                8,
                3
            ],
            "direction": "Left"
        },
        {
            "type": "Deploy",
            "name": "塞雷娅",
            "location": [
                8,
                5
            ],
            "direction": "Right"
        },
        {
            "type": "Deploy",
            "name": "史尔特尔",
            "location": [
                9,
                1
            ],
            "direction": "Left"
        },
        {
            "type": "Skill",
            "name": "史尔特尔",
            "location": [
                9,
                1
            ],
            "costs": 23
        },
        {
            "type": "Deploy",
            "name": "伊芙利特",
            "location": [
                10,
                5
            ],
            "direction": "Left"
        },
        {
            "type": "Retreat",
            "name": "德克萨斯",
            "location": [
                10,
                6
            ]
        },
        {
            "type": "Deploy",
            "name": "煌",
            "location": [
                7,
                5
            ],
            "direction": "Left"
        },
        {
            "type": "Retreat",
            "name": "史尔特尔",
            "location": [
                9,
                1
            ],
            "kills": 15
        },
        {
            "type": "Deploy",
            "name": "单奶",
            "location": [
                7,
                2
            ],
            "direction": "Down"
        },
        {
            "type": "Retreat",
            "name": "桃金娘",
            "location": [
                9,
                6
            ]
        },
        {
            "type": "Deploy",
            "name": "夜莺",
            "location": [
                9,
                2
            ],
            "direction": "Left"
        },
        {
            "type": "SkillDaemon"
        }
    ],
    "doc": {
        "title": "DV-EX-8 自用（自用替换）",
        "details": "作业更新日期: 2023-07-19T04:05:05Z\n统计更新日期: 2024-07-16\n好评率：78.26%  浏览量：1837\n来源：CYan  ID：24722\n\n萧然q https://www.bilibili.com/video/BV1KZ4y1v7gZ\n鱼丸\n补流明替换闪灵，年替换星熊"
    },
    "groups": [
        {
            "name": "单奶",
            "opers": [
                {
                    "name": "闪灵",
                    "skill": 2,
                    "skill_usage": 0
                },
                {
                    "name": "流明",
                    "skill": 3,
                    "skill_usage": 1
                }
            ]
        },
        {
            "name": "重装",
            "opers": [
                {
                    "name": "星熊",
                    "skill": 2,
                    "skill_usage": 0
                },
                {
                    "name": "年",
                    "skill": 2,
                    "skill_usage": 1
                }
            ]
        }
    ],
    "opers": [
        {
            "name": "桃金娘",
            "skill": 1,
            "skill_usage": 1
        },
        {
            "name": "德克萨斯",
            "skill": 1,
            "skill_usage": 0
        },
        {
            "name": "煌",
            "skill": 2,
            "skill_usage": 0
        },
        {
            "name": "拉普兰德",
            "skill": 2,
            "skill_usage": 0
        },
        {
            "name": "史尔特尔",
            "skill": 3,
            "skill_usage": 0
        },
        {
            "name": "泥岩",
            "skill": 2,
            "skill_usage": 0
        },
        {
            "name": "塞雷娅",
            "skill": 2,
            "skill_usage": 0
        },
        {
            "name": "艾雅法拉",
            "skill": 2,
            "skill_usage": 0
        },
        {
            "name": "伊芙利特",
            "skill": 2,
            "skill_usage": 0
        },
        {
            "name": "夜莺",
            "skill": 2,
            "skill_usage": 0
        }
    ],
    "difficulty": 2
}