{
    "minimum_required": "v4.0.0",
    "stage_name": "act19side_ex07",
    "actions": [
        {
            "type": "SpeedUp"
        },
        {
            "type": "Deploy",
            "name": "德克萨斯",
            "location": [
                4,
                2
            ],
            "direction": "Right"
        },
        {
            "type": "Deploy",
            "name": "艾雅法拉",
            "location": [
                6,
                1
            ],
            "direction": "Down"
        },
        {
            "type": "Deploy",
            "name": "拉普兰德",
            "location": [
                4,
                5
            ],
            "direction": "Right"
        },
        {
            "type": "Deploy",
            "name": "纯烬艾雅法拉",
            "location": [
                4,
                1
            ],
            "direction": "Right"
        },
        {
            "type": "Deploy",
            "name": "白面鸮",
            "location": [
                4,
                6
            ],
            "direction": "Up"
        },
        {
            "type": "Deploy",
            "name": "塞雷娅",
            "location": [
                5,
                5
            ],
            "direction": "Right"
        },
        {
            "type": "Deploy",
            "name": "重装",
            "location": [
                5,
                2
            ],
            "direction": "Right"
        },
        {
            "type": "Skill",
            "location": [
                4,
                6
            ],
            "kills": 21
        },
        {
            "type": "Output",
            "doc_color": "#6f42c1",
            "doc": "亲~给个好评吧"
        }
    ],
    "doc": {
        "title": "2022绿野幻梦DV-EX-7摆完挂机（待测（自用替换）",
        "details": "作业更新日期: 2024-05-11T09:58:49Z\n统计更新日期: 2024-07-16\n好评率：100.0%  浏览量：96\n来源：缘起笙箫  ID：37506\n\n萧然Q：BV1KZ4y1v7gZ\n刻章，建议全员2603，艾雅法拉不要带模组！\n筱竹聽雨\n补流明替换闪灵，年替换星熊\n流明不知道为什么脚本不自动开注意手动开一下技能"
    },
    "groups": [
        {
            "name": "重装",
            "opers": [
                {
                    "name": "年",
                    "skill": 2,
                    "skill_usage": 1
                },
                {
                    "name": "星熊",
                    "skill": 2,
                    "skill_usage": 0
                }
            ]
        }
    ],
    "opers": [
        {
            "name": "艾雅法拉",
            "skill": 2,
            "skill_usage": 0
        },
        {
            "name": "塞雷娅",
            "skill": 1,
            "skill_usage": 0
        },
        {
            "name": "德克萨斯",
            "skill": 1,
            "skill_usage": 0
        },
        {
            "name": "拉普兰德",
            "skill": 2,
            "skill_usage": 0
        },
        {
            "name": "白面鸮",
            "skill": 2,
            "skill_usage": 0
        },
        {
            "name": "纯烬艾雅法拉",
            "skill": 1,
            "skill_usage": 0
        }
    ],
    "difficulty": 3
}