{
    "minimum_required": "v4.0.0",
    "stage_name": "act19side_ex07",
    "actions": [
        {
            "type": "SpeedUp"
        },
        {
            "type": "Deploy",
            "name": "推进之王",
            "location": [
                4,
                2
            ],
            "direction": "Down"
        },
        {
            "type": "Deploy",
            "name": "艾雅法拉",
            "location": [
                6,
                1
            ],
            "direction": "Down"
        },
        {
            "type": "Deploy",
            "name": "煌",
            "location": [
                5,
                5
            ],
            "direction": "Up"
        },
        {
            "type": "Deploy",
            "name": "闪灵",
            "location": [
                4,
                1
            ],
            "direction": "Right"
        },
        {
            "type": "Deploy",
            "name": "群奶",
            "location": [
                4,
                6
            ],
            "direction": "Right"
        },
        {
            "type": "Deploy",
            "name": "浊心斯卡蒂",
            "location": [
                6,
                6
            ],
            "direction": "Left"
        },
        {
            "type": "Retreat",
            "name": "推进之王",
            "location": [
                4,
                2
            ],
            "kills": 9
        },
        {
            "type": "Deploy",
            "name": "拉普兰德",
            "location": [
                4,
                2
            ],
            "direction": "Right"
        },
        {
            "type": "Deploy",
            "name": "星熊",
            "location": [
                5,
                2
            ],
            "direction": "Right"
        },
        {
            "type": "Deploy",
            "name": "塞雷娅",
            "location": [
                6,
                4
            ],
            "direction": "Down"
        }
    ],
    "doc": {
        "title": "绿野幻梦 - DV-EX-7 - 筛选方法",
        "details": "作业更新日期: 2023-07-20T04:30:10Z\n统计更新日期: 2024-07-16\n好评率：90.62%  浏览量：1059\n来源：墨玉华水  ID：24757\n\n原链接：https://www.bilibili.com/video/BV1KZ4y1v7gZ?p=27&vd_source=a7109b53d61c96319c37b2de325bd570\n作者：萧然Q \n平台：bilibili\n因为没白面鸮，做了一些调整（不能用夜莺，用夜莺会导致塞雷亚下场慢了，没人分摊伤害导致干员撤退）"
    },
    "groups": [
        {
            "name": "群奶",
            "opers": [
                {
                    "name": "白面鸮",
                    "skill": 1,
                    "skill_usage": 0
                },
                {
                    "name": "调香师",
                    "skill": 1,
                    "skill_usage": 0
                }
            ]
        }
    ],
    "opers": [
        {
            "name": "推进之王",
            "skill": 2,
            "skill_usage": 0
        },
        {
            "name": "煌",
            "skill": 2,
            "skill_usage": 0
        },
        {
            "name": "拉普兰德",
            "skill": 2,
            "skill_usage": 0
        },
        {
            "name": "星熊",
            "skill": 2,
            "skill_usage": 0
        },
        {
            "name": "塞雷娅",
            "skill": 1,
            "skill_usage": 0
        },
        {
            "name": "艾雅法拉",
            "skill": 2,
            "skill_usage": 0
        },
        {
            "name": "浊心斯卡蒂",
            "skill": 2,
            "skill_usage": 0
        },
        {
            "name": "闪灵",
            "skill": 2,
            "skill_usage": 0
        }
    ],
    "difficulty": 3
}