{
    "minimum_required": "v4.0.0",
    "stage_name": "main_02-01",
    "actions": [
        {
            "type": "SpeedUp"
        },
        {
            "type": "Deploy",
            "name": "梓兰",
            "location": [
                3,
                4
            ],
            "direction": "Right",
            "costs": 10
        },
        {
            "type": "Deploy",
            "name": "巡林者",
            "location": [
                8,
                1
            ],
            "direction": "Left",
            "costs": 7
        },
        {
            "type": "Deploy",
            "name": "芬",
            "location": [
                8,
                3
            ],
            "direction": "Left",
            "costs": 9
        },
        {
            "type": "Deploy",
            "name": "翎羽",
            "location": [
                7,
                3
            ],
            "direction": "Up",
            "costs": 8
        },
        {
            "type": "Deploy",
            "name": "杜林",
            "location": [
                2,
                4
            ],
            "direction": "Right",
            "costs": 12
        },
        {
            "type": "Deploy",
            "name": "克洛丝",
            "location": [
                6,
                3
            ],
            "direction": "Up",
            "costs": 10
        },
        {
            "type": "Deploy",
            "name": "杰西卡",
            "location": [
                5,
                2
            ],
            "direction": "Right",
            "costs": 10
        },
        {
            "type": "Deploy",
            "name": "芙蓉",
            "location": [
                9,
                4
            ],
            "direction": "Left",
            "costs": 15
        },
        {
            "type": "Retreat",
            "name": "杰西卡",
            "location": [
                5,
                2
            ],
            "kills": 23
        },
        {
            "type": "Deploy",
            "name": "阿米娅",
            "location": [
                9,
                1
            ],
            "direction": "Left",
            "costs": 18
        },
        {
            "type": "Retreat",
            "name": "梅",
            "location": [
                6,
                3
            ],
            "kills": 30
        },
        {
            "type": "Deploy",
            "name": "炎熔",
            "location": [
                6,
                3
            ],
            "direction": "Up",
            "costs": 26
        },
        {
            "type": "Retreat",
            "name": "炎熔",
            "location": [
                6,
                3
            ],
            "kills": 39
        },
        {
            "type": "Deploy",
            "name": "12F",
            "location": [
                6,
                3
            ],
            "direction": "Up",
            "costs": 24
        },
        {
            "type": "Skill",
            "name": "翎羽"
        }
    ],
    "doc": {
        "title": "第二章 异卵同生 - 2-1 - 龙门之行",
        "details": "——————————\n作业更新日期: 2024-05-08T10:02:59Z\n统计更新日期: 2025-08-08\n相对评分：100.00%  相对热度：100.00%\n来源：466212574  ID：37315\n——————————\n练度0"
    },
    "groups": [],
    "opers": [
        {
            "name": "梓兰",
            "skill": 1,
            "skill_usage": 0
        },
        {
            "name": "杜林",
            "skill": 1,
            "skill_usage": 0
        },
        {
            "name": "杰西卡",
            "skill": 1,
            "skill_usage": 0
        },
        {
            "name": "芬",
            "skill": 1,
            "skill_usage": 0
        },
        {
            "name": "12F",
            "skill": 1,
            "skill_usage": 0
        },
        {
            "name": "炎熔",
            "skill": 1,
            "skill_usage": 0
        },
        {
            "name": "阿米娅",
            "skill": 1,
            "skill_usage": 0
        },
        {
            "name": "翎羽",
            "skill": 1,
            "skill_usage": 0
        },
        {
            "name": "巡林者",
            "skill": 1,
            "skill_usage": 1
        },
        {
            "name": "芙蓉",
            "skill": 1,
            "skill_usage": 0
        },
        {
            "name": "克洛丝",
            "skill": 1,
            "skill_usage": 0
        }
    ],
    "difficulty": 1
}