{
    "minimum_required": "v4.0.0",
    "actions": [
        {
            "type": "SpeedUp"
        },
        {
            "type": "Deploy",
            "name": "银灰",
            "location": [
                6,
                5
            ],
            "direction": "Up"
        },
        {
            "type": "Deploy",
            "name": "拉普兰德",
            "location": [
                4,
                4
            ],
            "direction": "Up"
        },
        {
            "type": "Deploy",
            "name": "煌",
            "location": [
                7,
                5
            ],
            "direction": "Up"
        },
        {
            "type": "Deploy",
            "name": "华法琳",
            "location": [
                7,
                6
            ],
            "direction": "Up"
        },
        {
            "type": "Output",
            "doc_color": "#6f42c1",
            "doc": "给个好评吧，亲~"
        }
    ],
    "doc": {
        "title": "华法琳模组摆完挂机-应急储备",
        "details": "统计日期：2024-06-01\n好评率：76.19%  浏览量：1044\n来源：作业代传——有问题联系原作者  ID：20892\n侬无言以对模组任务摆完挂机合集:BV1wU4y177Qu\n使用至多7人（包含助战）的队伍3星通关主题曲2-10；必须编入非助战华法琳并上场，其他成员仅可编入近卫干员\n筱竹聽雨"
    },
    "groups": [],
    "opers": [
        {
            "name": "银灰",
            "skill": 1,
            "skill_usage": 0
        },
        {
            "name": "拉普兰德",
            "skill": 2,
            "skill_usage": 0
        },
        {
            "name": "华法琳",
            "skill": 1,
            "skill_usage": 0
        },
        {
            "name": "煌",
            "skill": 2,
            "skill_usage": 0
        }
    ],
    "stage_name": "main_02-10"
}