{
    "minimum_required": "v4.0.0",
    "stage_name": "main_02-04",
    "actions": [
        {
            "type": "SpeedUp"
        },
        {
            "type": "Deploy",
            "name": "煌",
            "location": [
                1,
                4
            ],
            "direction": "Up"
        },
        {
            "type": "Deploy",
            "name": "塞雷娅",
            "location": [
                1,
                5
            ],
            "direction": "Up"
        }
    ],
    "doc": {
        "title": "第二章 异卵同生 - 2-4 - 企鹅物流",
        "details": "统计日期：2024-06-01\n好评率：100.0%  浏览量：84\n来源：Chiho  ID：35771\n2603"
    },
    "groups": [],
    "opers": [
        {
            "name": "煌",
            "skill": 2,
            "skill_usage": 0
        },
        {
            "name": "塞雷娅",
            "skill": 1,
            "skill_usage": 0
        }
    ],
    "difficulty": 3
}