{
    "minimum_required": "v4.0.0",
    "actions": [
        {
            "type": "SpeedUp"
        },
        {
            "type": "Deploy",
            "name": "陨星",
            "location": [
                2,
                5
            ],
            "direction": "Up"
        },
        {
            "type": "Deploy",
            "name": "推进之王",
            "location": [
                1,
                5
            ],
            "direction": "Up"
        },
        {
            "type": "Deploy",
            "name": "夜莺",
            "location": [
                2,
                3
            ],
            "direction": "Down"
        },
        {
            "type": "Output",
            "doc_color": "#6f42c1",
            "doc": "给个好评吧，亲~"
        }
    ],
    "doc": {
        "title": "陨星模组摆完挂机-无名的身份牌",
        "details": "统计日期：2024-06-01\n好评率：100.0%  浏览量：121\n来源：作业代传——有问题联系原作者  ID：20997\n侬无言以对模组任务摆完挂机合集:BV1wU4y177Qu\n3星通关主题曲2-4；必须编入非助战陨星并上场，其他成员仅可编入先锋与医疗干员\n筱竹聽雨"
    },
    "groups": [],
    "opers": [
        {
            "name": "夜莺",
            "skill": 2,
            "skill_usage": 0
        },
        {
            "name": "推进之王",
            "skill": 2,
            "skill_usage": 0
        },
        {
            "name": "陨星",
            "skill": 1,
            "skill_usage": 0
        }
    ],
    "stage_name": "main_02-04"
}