{
    "minimum_required": "v4.0.0",
    "stage_name": "main_02-06",
    "actions": [
        {
            "type": "SpeedUp"
        },
        {
            "type": "Deploy",
            "name": "翎羽",
            "location": [
                6,
                3
            ],
            "direction": "Left"
        },
        {
            "type": "Deploy",
            "name": "芬",
            "location": [
                8,
                4
            ],
            "direction": "Left"
        },
        {
            "type": "Deploy",
            "name": "克洛丝",
            "location": [
                8,
                5
            ],
            "direction": "Left"
        },
        {
            "type": "Deploy",
            "name": "巡林者",
            "location": [
                8,
                2
            ],
            "direction": "Left"
        },
        {
            "type": "Deploy",
            "name": "安赛尔",
            "location": [
                7,
                5
            ],
            "direction": "Up"
        },
        {
            "type": "Deploy",
            "name": "芙蓉",
            "location": [
                7,
                2
            ],
            "direction": "Down"
        },
        {
            "type": "Retreat",
            "name": "芬",
            "costs": 15
        },
        {
            "type": "Deploy",
            "name": "黑角",
            "location": [
                8,
                4
            ],
            "direction": "Left"
        },
        {
            "type": "Deploy",
            "name": "玫兰莎",
            "location": [
                7,
                6
            ],
            "direction": "Left"
        },
        {
            "type": "Skill",
            "name": "翎羽",
            "kills": 13
        },
        {
            "type": "Retreat",
            "name": "翎羽",
            "kills": 17
        },
        {
            "type": "Deploy",
            "name": "米格鲁",
            "location": [
                8,
                3
            ],
            "direction": "Left"
        },
        {
            "type": "Deploy",
            "name": "夜刀",
            "location": [
                7,
                1
            ],
            "direction": "Left"
        },
        {
            "type": "Skill",
            "name": "芙蓉",
            "kills": 26
        },
        {
            "type": "Skill",
            "name": "安赛尔",
            "kills": 32
        },
        {
            "type": "Skill",
            "name": "玫兰莎",
            "kills": 38
        },
        {
            "type": "Retreat",
            "name": "安赛尔",
            "kills": 40
        },
        {
            "type": "Deploy",
            "name": "芬",
            "location": [
                9,
                2
            ],
            "direction": "Up"
        }
    ],
    "doc": {
        "title": "第二章 异卵同生 - 2-6 - 握紧扶手",
        "details": "作业更新日期: 2024-05-07T12:25:08Z\n统计更新日期: 2024-09-15\n好评率：80.0%  浏览量：159\n来源：luka  ID：37267\n【【明日方舟】主线 2-6 低配 无潜力 平民打法】 https://www.bilibili.com/video/BV1fu411k7Ru/?share_source=copy_web&vd_source=7daa71e9a5673ece62562961bfa02bb4"
    },
    "groups": [],
    "opers": [
        {
            "name": "翎羽",
            "skill": 1,
            "skill_usage": 0
        },
        {
            "name": "芬",
            "skill": 1,
            "skill_usage": 0
        },
        {
            "name": "夜刀",
            "skill": 1,
            "skill_usage": 0
        },
        {
            "name": "安赛尔",
            "skill": 1,
            "skill_usage": 0
        },
        {
            "name": "芙蓉",
            "skill": 1,
            "skill_usage": 0
        },
        {
            "name": "玫兰莎",
            "skill": 1,
            "skill_usage": 0
        },
        {
            "name": "黑角"
        },
        {
            "name": "巡林者"
        },
        {
            "name": "克洛丝"
        },
        {
            "name": "米格鲁",
            "skill": 1,
            "skill_usage": 0
        }
    ]
}