{
    "minimum_required": "v4.0.0",
    "stage_name": "sub_02-12",
    "actions": [
        {
            "type": "Deploy",
            "name": "芬",
            "location": [
                1,
                5
            ],
            "direction": "Right"
        },
        {
            "type": "SpeedUp"
        },
        {
            "type": "Deploy",
            "name": "阿消",
            "location": [
                3,
                5
            ],
            "direction": "Right"
        },
        {
            "type": "Deploy",
            "name": "克洛丝",
            "location": [
                2,
                4
            ],
            "direction": "Right"
        },
        {
            "type": "Deploy",
            "name": "芙蓉",
            "location": [
                2,
                3
            ],
            "direction": "Down"
        },
        {
            "type": "Deploy",
            "name": "杰西卡",
            "location": [
                3,
                3
            ],
            "direction": "Up"
        },
        {
            "type": "Deploy",
            "name": "月见夜",
            "location": [
                7,
                2
            ],
            "direction": "Left"
        },
        {
            "type": "Deploy",
            "name": "卡缇",
            "location": [
                5,
                1
            ],
            "direction": "Down"
        },
        {
            "type": "Deploy",
            "name": "调香师",
            "location": [
                6,
                2
            ],
            "direction": "Left"
        },
        {
            "type": "Retreat",
            "name": "芬",
            "location": [
                1,
                5
            ],
            "costs": 17
        },
        {
            "type": "Deploy",
            "name": "斑点",
            "location": [
                1,
                5
            ],
            "direction": "Right"
        },
        {
            "type": "SkillDaemon"
        }
    ],
    "doc": {
        "title": "第二章 异卵同生 - S2-12 - 窒息-3",
        "details": "——————————\n作业更新日期: 2024-12-02T06:03:49Z\n统计更新日期: 2025-07-11\n好评率：76.92%  浏览量：437\n来源：乔芳酱w  ID：44183\n——————————\n\n自用"
    },
    "groups": [],
    "opers": [
        {
            "name": "芬",
            "skill": 1,
            "skill_usage": 0
        },
        {
            "name": "克洛丝",
            "skill": 1,
            "skill_usage": 0
        },
        {
            "name": "杰西卡",
            "skill": 1,
            "skill_usage": 0
        },
        {
            "name": "月见夜",
            "skill": 1,
            "skill_usage": 1
        },
        {
            "name": "阿消",
            "skill": 1,
            "skill_usage": 0
        },
        {
            "name": "卡缇",
            "skill": 1,
            "skill_usage": 1
        },
        {
            "name": "调香师",
            "skill": 1,
            "skill_usage": 1
        },
        {
            "name": "黑角",
            "skill": 1,
            "skill_usage": 0
        },
        {
            "name": "米格鲁",
            "skill": 1,
            "skill_usage": 1
        },
        {
            "name": "斑点",
            "skill": 1,
            "skill_usage": 1
        },
        {
            "name": "玫兰莎",
            "skill": 1,
            "skill_usage": 1
        },
        {
            "name": "芙蓉",
            "skill": 1,
            "skill_usage": 1
        }
    ]
}