{
    "minimum_required": "v4.0.0",
    "stage_name": "S2-2",
    "actions": [
        {
            "type": "SpeedUp"
        },
        {
            "type": "Deploy",
            "name": "安德切尔",
            "location": [
                5,
                4
            ],
            "direction": "Up",
            "costs": 9
        },
        {
            "type": "Deploy",
            "name": "杰西卡",
            "location": [
                5,
                2
            ],
            "direction": "Down",
            "costs": 10
        },
        {
            "type": "Deploy",
            "name": "梓兰",
            "location": [
                3,
                2
            ],
            "direction": "Left",
            "costs": 10
        },
        {
            "type": "Deploy",
            "name": "玫兰莎",
            "location": [
                4,
                5
            ],
            "direction": "Up",
            "costs": 12
        },
        {
            "type": "Deploy",
            "name": "阿米娅",
            "location": [
                2,
                3
            ],
            "direction": "Up",
            "costs": 18
        },
        {
            "type": "Skill",
            "name": "安德切尔"
        },
        {
            "type": "Deploy",
            "name": "芙蓉",
            "location": [
                7,
                5
            ],
            "direction": "Left",
            "costs": 15
        },
        {
            "type": "Skill",
            "name": "梓兰",
            "kills": 13
        },
        {
            "type": "Deploy",
            "name": "巡林者",
            "location": [
                2,
                2
            ],
            "direction": "Right",
            "costs": 7
        },
        {
            "type": "Deploy",
            "name": "杜林",
            "location": [
                3,
                4
            ],
            "direction": "Right",
            "costs": 12
        },
        {
            "type": "Deploy",
            "name": "Lancet-2",
            "location": [
                2,
                4
            ],
            "direction": "Right",
            "costs": 3
        },
        {
            "type": "Skill",
            "name": "玫兰莎",
            "kills": 22
        },
        {
            "type": "Skill",
            "name": "安德切尔",
            "kills": 33
        },
        {
            "type": "Skill",
            "name": "芙蓉",
            "kills": 43
        },
        {
            "type": "Skill",
            "name": "梓兰",
            "kills": 43
        },
        {
            "type": "Skill",
            "name": "阿米娅",
            "kills": 43
        }
    ],
    "doc": {
        "title": "第二章 异卵同生 - S2-2 - 迟缓-2",
        "details": "统计日期：2024-06-01\n好评率：91.67%  浏览量：430\n来源：聪明的刀客塔  ID：24930\n练度0"
    },
    "groups": [],
    "opers": [
        {
            "name": "阿米娅",
            "skill": 1,
            "skill_usage": 0
        },
        {
            "name": "杰西卡",
            "skill": 1,
            "skill_usage": 0
        },
        {
            "name": "安德切尔",
            "skill": 1,
            "skill_usage": 0
        },
        {
            "name": "玫兰莎",
            "skill": 1,
            "skill_usage": 0
        },
        {
            "name": "芙蓉",
            "skill": 1,
            "skill_usage": 0
        },
        {
            "name": "梓兰",
            "skill": 1,
            "skill_usage": 0
        },
        {
            "name": "巡林者",
            "skill": 1,
            "skill_usage": 0
        },
        {
            "name": "杜林",
            "skill": 1,
            "skill_usage": 0
        },
        {
            "name": "Lancet-2",
            "skill": 1,
            "skill_usage": 0
        }
    ],
    "difficulty": 1
}