{
    "minimum_required": "v4.0.0",
    "stage_name": "sub_02-05",
    "actions": [
        {
            "type": "Deploy",
            "name": "芬",
            "location": [
                1,
                5
            ],
            "direction": "Up"
        },
        {
            "type": "Deploy",
            "name": "克洛丝",
            "location": [
                3,
                1
            ],
            "direction": "Left"
        },
        {
            "type": "Deploy",
            "name": "米格鲁",
            "location": [
                1,
                2
            ],
            "direction": "Right"
        },
        {
            "type": "Deploy",
            "name": "安德切尔",
            "location": [
                4,
                1
            ],
            "direction": "Left"
        },
        {
            "type": "Deploy",
            "name": "芙蓉",
            "location": [
                2,
                3
            ],
            "direction": "Up"
        },
        {
            "type": "Deploy",
            "name": "安赛尔",
            "location": [
                6,
                1
            ],
            "direction": "Left"
        },
        {
            "type": "Deploy",
            "name": "玫兰莎",
            "location": [
                7,
                4
            ],
            "direction": "Down"
        },
        {
            "type": "Retreat",
            "name": "玫兰莎",
            "location": [
                7,
                4
            ],
            "kills": 11
        },
        {
            "type": "Deploy",
            "name": "清流",
            "location": [
                7,
                2
            ],
            "direction": "Left"
        },
        {
            "type": "Deploy",
            "name": "黑角",
            "location": [
                3,
                2
            ],
            "direction": "Right"
        },
        {
            "type": "Retreat",
            "name": "芙蓉",
            "location": [
                2,
                3
            ],
            "kills": 19
        },
        {
            "type": "Deploy",
            "name": "炎熔",
            "location": [
                2,
                3
            ],
            "direction": "Up"
        },
        {
            "type": "Retreat",
            "name": "米格鲁",
            "location": [
                1,
                2
            ],
            "kills": 24
        },
        {
            "type": "Deploy",
            "name": "蛇屠箱",
            "location": [
                1,
                2
            ],
            "direction": "Right"
        },
        {
            "type": "Retreat",
            "name": "黑角",
            "location": [
                3,
                2
            ],
            "kills": 29
        },
        {
            "type": "Deploy",
            "name": "梓兰",
            "location": [
                2,
                4
            ],
            "direction": "Up"
        },
        {
            "type": "SpeedUp"
        }
    ],
    "doc": {
        "title": "第二章 异卵同生 - S2-5 - 术师-1",
        "details": "——————————\n作业更新日期: 2025-04-27T15:41:47Z\n统计更新日期: 2025-09-10\n相对评分：70.83%  相对热度：68.39%\n来源：18107452646@163.com  ID：51209\n——————————\n全员零练度通关"
    },
    "groups": [],
    "opers": [
        {
            "name": "梓兰",
            "skill": 1,
            "skill_usage": 0
        },
        {
            "name": "芬",
            "skill": 1,
            "skill_usage": 0
        },
        {
            "name": "安赛尔",
            "skill": 1,
            "skill_usage": 0
        },
        {
            "name": "炎熔",
            "skill": 1,
            "skill_usage": 0
        },
        {
            "name": "克洛丝",
            "skill": 1,
            "skill_usage": 0
        },
        {
            "name": "芙蓉",
            "skill": 1,
            "skill_usage": 0
        },
        {
            "name": "安德切尔",
            "skill": 1,
            "skill_usage": 0
        },
        {
            "name": "米格鲁",
            "skill": 1,
            "skill_usage": 0
        },
        {
            "name": "蛇屠箱",
            "skill": 1,
            "skill_usage": 0
        },
        {
            "name": "黑角",
            "skill": 1,
            "skill_usage": 0
        },
        {
            "name": "玫兰莎",
            "skill": 1,
            "skill_usage": 0
        },
        {
            "name": "清流",
            "skill": 1,
            "skill_usage": 0
        }
    ]
}