{
    "minimum_required": "v4.0.0",
    "stage_name": "sub_02-08",
    "actions": [
        {
            "type": "SpeedUp"
        },
        {
            "type": "Deploy",
            "name": "羽毛笔",
            "location": [
                4,
                3
            ],
            "direction": "Up"
        },
        {
            "type": "Deploy",
            "name": "克洛丝",
            "location": [
                2,
                3
            ],
            "direction": "Right"
        },
        {
            "type": "Deploy",
            "name": "阿消",
            "location": [
                1,
                3
            ],
            "direction": "Up"
        }
    ],
    "doc": {
        "title": "S2-8 - 陷阱-1",
        "details": "统计日期：2024-05-24\n好评率：100.0%  浏览量：93\n来源：moran0630  ID：32264\n【【有精二就能杀】明日方舟全主线单核低配-哔哩哔哩】 https://[删除]b23.tv/7IiCTbC\nb站有精二就能杀攻略组"
    },
    "groups": [],
    "opers": [
        {
            "name": "阿消",
            "skill": 1,
            "skill_usage": 0
        },
        {
            "name": "克洛丝",
            "skill": 1,
            "skill_usage": 0
        },
        {
            "name": "羽毛笔",
            "skill": 1,
            "skill_usage": 0
        }
    ]
}