{
    "minimum_required": "v4.0.0",
    "stage_name": "sub_02-08",
    "actions": [
        {
            "type": "Deploy",
            "name": "讯使",
            "location": [
                2,
                5
            ],
            "direction": "Right"
        },
        {
            "type": "Deploy",
            "name": "杰西卡",
            "location": [
                2,
                3
            ],
            "direction": "Up"
        },
        {
            "type": "Deploy",
            "name": "流星",
            "location": [
                2,
                4
            ],
            "direction": "Right",
            "cost_changes": 0
        },
        {
            "type": "Deploy",
            "name": "阿消",
            "location": [
                1,
                3
            ],
            "direction": "Up"
        },
        {
            "type": "Deploy",
            "name": "芙蓉",
            "location": [
                3,
                4
            ],
            "direction": "Left"
        },
        {
            "type": "Deploy",
            "name": "蛇屠箱",
            "location": [
                3,
                5
            ],
            "direction": "Right"
        },
        {
            "type": "Deploy",
            "name": "阿米娅",
            "location": [
                3,
                3
            ],
            "direction": "Down"
        }
    ],
    "doc": {
        "title": "第二章 异卵同生 - S2-8 - 陷阱-1",
        "details": "作业更新日期: 2024-01-18T19:49:22Z\n统计更新日期: 2024-10-07\n好评率：66.67%  浏览量：241\n来源：x897311645  ID：31972\n小狼XF 小号推图用"
    },
    "groups": [],
    "opers": [
        {
            "name": "杰西卡",
            "skill": 1,
            "skill_usage": 1
        },
        {
            "name": "流星",
            "skill": 1,
            "skill_usage": 1
        },
        {
            "name": "蛇屠箱",
            "skill": 1,
            "skill_usage": 0
        },
        {
            "name": "米格鲁",
            "skill": 1,
            "skill_usage": 0
        },
        {
            "name": "讯使",
            "skill": 1,
            "skill_usage": 0
        },
        {
            "name": "芙蓉",
            "skill": 1,
            "skill_usage": 0
        },
        {
            "name": "阿消",
            "skill": 1,
            "skill_usage": 0
        },
        {
            "name": "阿米娅",
            "skill": 1,
            "skill_usage": 0
        }
    ]
}