{
    "minimum_required": "v4.0.0",
    "stage_name": "act41side_07",
    "actions": [
        {
            "type": "SpeedUp"
        },
        {
            "type": "Deploy",
            "name": "棘刺",
            "location": [
                5,
                2
            ],
            "direction": "Right"
        },
        {
            "type": "Deploy",
            "name": "煌",
            "location": [
                2,
                3
            ],
            "direction": "Down"
        },
        {
            "type": "Deploy",
            "name": "塞雷娅",
            "location": [
                2,
                4
            ],
            "direction": "Down"
        },
        {
            "type": "SkillDaemon"
        }
    ],
    "doc": {
        "title": "EA-7 - 烧灯者",
        "details": "作业更新日期: 2025-03-07T09:06:37Z\n统计更新日期: 2025-03-15\n好评率：100.0%  浏览量：1196\n来源：不会玩的辅助  ID：48133\n参考视频：安晚楠风\nhttps://www.bilibili.com/video/BV1Pg91YGEvB\nJSON：不会玩的辅助"
    },
    "groups": [],
    "opers": [
        {
            "name": "煌",
            "skill": 2,
            "skill_usage": 0
        },
        {
            "name": "塞雷娅",
            "skill": 1,
            "skill_usage": 0
        },
        {
            "name": "棘刺",
            "skill": 3,
            "skill_usage": 2,
            "skill_times": 2
        }
    ]
}