{
    "minimum_required": "v4.0.0",
    "stage_name": "act41side_07",
    "actions": [
        {
            "type": "Deploy",
            "name": "桃金娘",
            "location": [
                5,
                2
            ],
            "direction": "Right"
        },
        {
            "type": "SpeedUp"
        },
        {
            "type": "Deploy",
            "name": "维什戴尔",
            "location": [
                4,
                1
            ],
            "direction": "Down"
        },
        {
            "type": "Deploy",
            "name": "巡林者",
            "location": [
                8,
                4
            ],
            "direction": "Down"
        },
        {
            "type": "Deploy",
            "name": "克洛丝",
            "location": [
                4,
                4
            ],
            "direction": "Down"
        },
        {
            "type": "Deploy",
            "name": "安德切尔",
            "location": [
                1,
                4
            ],
            "direction": "Down"
        },
        {
            "type": "Skill",
            "location": [
                4,
                1
            ],
            "kills": 7
        },
        {
            "type": "SkillUsage",
            "name": "维什戴尔",
            "skill_usage": 2,
            "kills": 21,
            "skill_times": 1
        },
        {
            "type": "SkillDaemon"
        }
    ],
    "doc": {
        "title": "EA-7 - 烧灯者",
        "details": "作业更新日期: 2025-03-19T09:04:19Z\n统计更新日期: 2025-03-20\n好评率：99.74%  浏览量：1436\n来源：焕彩gg  ID：48178\nB站ID：焕彩GG 主页：https://space.bilibili.com/10123796\n\n求关注。"
    },
    "groups": [],
    "opers": [
        {
            "name": "维什戴尔",
            "skill": 3,
            "skill_usage": 0
        },
        {
            "name": "克洛丝",
            "skill": 1,
            "skill_usage": 0
        },
        {
            "name": "安德切尔",
            "skill": 1,
            "skill_usage": 0
        },
        {
            "name": "巡林者",
            "skill": 1,
            "skill_usage": 0
        },
        {
            "name": "桃金娘",
            "skill": 1,
            "skill_usage": 2,
            "skill_times": 1
        }
    ]
}