{
    "minimum_required": "v4.0.0",
    "stage_name": "act41side_08",
    "actions": [
        {
            "type": "Deploy",
            "name": "棘刺",
            "location": [
                9,
                2
            ],
            "direction": "Left"
        },
        {
            "type": "Deploy",
            "name": "桃金娘",
            "location": [
                10,
                2
            ],
            "direction": "Left"
        },
        {
            "type": "SpeedUp"
        },
        {
            "type": "Deploy",
            "name": "奶",
            "location": [
                10,
                4
            ],
            "direction": "Up"
        },
        {
            "type": "Deploy",
            "name": "狙击-速射手",
            "location": [
                9,
                6
            ],
            "direction": "Left"
        },
        {
            "type": "Deploy",
            "name": "近卫-强攻手",
            "location": [
                9,
                3
            ],
            "direction": "Down"
        },
        {
            "type": "Deploy",
            "name": "术师-中坚术师",
            "location": [
                9,
                1
            ],
            "direction": "Down"
        },
        {
            "type": "Deploy",
            "name": "医疗-群愈师",
            "location": [
                10,
                3
            ],
            "direction": "Left"
        },
        {
            "type": "Deploy",
            "name": "重装-守护者",
            "location": [
                8,
                3
            ],
            "direction": "Up"
        },
        {
            "type": "Retreat",
            "name": "桃金娘"
        },
        {
            "type": "Deploy",
            "name": "近卫-解放者",
            "location": [
                8,
                1
            ],
            "direction": "Left",
            "kills": 21
        },
        {
            "type": "SkillDaemon"
        }
    ],
    "doc": {
        "title": "EA-8 - 夜尽之时",
        "details": "作业更新日期: 2025-03-09T07:07:30Z\n统计更新日期: 2025-03-15\n好评率：99.74%  浏览量：2089\n来源：作业超大杯  ID：48280\njson原作者：萨拉托加\n作业交流群群号1009052305，可蹲作业，有问题进群找我，作业站消息没提醒看不到"
    },
    "groups": [
        {
            "name": "近卫-强攻手",
            "opers": [
                {
                    "name": "煌",
                    "skill": 2,
                    "skill_usage": 0
                },
                {
                    "name": "重岳",
                    "skill": 3,
                    "skill_usage": 2,
                    "skill_times": 5
                }
            ]
        },
        {
            "name": "重装-守护者",
            "opers": [
                {
                    "name": "塞雷娅",
                    "skill": 2,
                    "skill_usage": 0
                },
                {
                    "name": "黍",
                    "skill": 3,
                    "skill_usage": 1
                }
            ]
        },
        {
            "name": "狙击-速射手",
            "opers": [
                {
                    "name": "能天使",
                    "skill": 3,
                    "skill_usage": 0
                },
                {
                    "name": "空弦",
                    "skill": 3,
                    "skill_usage": 1
                }
            ]
        },
        {
            "name": "术师-中坚术师",
            "opers": [
                {
                    "name": "澄闪",
                    "skill": 2,
                    "skill_usage": 0
                },
                {
                    "name": "逻各斯",
                    "skill": 1,
                    "skill_usage": 0
                },
                {
                    "name": "艾雅法拉",
                    "skill": 2,
                    "skill_usage": 0
                },
                {
                    "name": "荒芜拉普兰德",
                    "skill": 3,
                    "skill_usage": 1
                }
            ]
        },
        {
            "name": "奶",
            "opers": [
                {
                    "name": "纯烬艾雅法拉",
                    "skill": 1,
                    "skill_usage": 0
                },
                {
                    "name": "蜜莓",
                    "skill": 1,
                    "skill_usage": 0
                }
            ]
        },
        {
            "name": "医疗-群愈师",
            "opers": [
                {
                    "name": "夜莺",
                    "skill": 2,
                    "skill_usage": 0
                },
                {
                    "name": "浊心斯卡蒂",
                    "skill": 2,
                    "skill_usage": 0
                }
            ]
        },
        {
            "name": "近卫-解放者",
            "opers": [
                {
                    "name": "玛恩纳",
                    "skill": 3,
                    "skill_usage": 1
                },
                {
                    "name": "锏",
                    "skill": 3,
                    "skill_usage": 1
                },
                {
                    "name": "银灰",
                    "skill": 3,
                    "skill_usage": 1
                }
            ]
        }
    ],
    "opers": [
        {
            "name": "桃金娘",
            "skill": 1,
            "skill_usage": 1
        },
        {
            "name": "棘刺",
            "skill": 3,
            "skill_usage": 1
        }
    ]
}