{
    "minimum_required": "v4.0.0",
    "stage_name": "act41side_ex01",
    "actions": [
        {
            "type": "SpeedUp"
        },
        {
            "type": "Deploy",
            "name": "煌",
            "location": [
                7,
                7
            ],
            "direction": "Up"
        },
        {
            "type": "Deploy",
            "name": "先锋",
            "location": [
                5,
                7
            ],
            "direction": "Up"
        },
        {
            "type": "Deploy",
            "name": "地面群攻",
            "location": [
                6,
                5
            ],
            "direction": "Left"
        },
        {
            "type": "Deploy",
            "name": "术士",
            "location": [
                6,
                6
            ],
            "direction": "Up"
        },
        {
            "type": "Deploy",
            "name": "泥岩",
            "location": [
                7,
                6
            ],
            "direction": "Up"
        },
        {
            "type": "Deploy",
            "name": "塞雷娅",
            "location": [
                5,
                6
            ],
            "direction": "Up"
        },
        {
            "type": "Output",
            "doc_color": "SpringGreen",
            "doc": "Ciallo～(∠・ω< )⌒★"
        },
        {
            "type": "SkillDaemon"
        }
    ],
    "doc": {
        "title": "EA-EX-1",
        "details": "作业更新日期: 2025-03-14T15:19:51Z\n统计更新日期: 2025-03-16\n好评率：100.0%  浏览量：1652\n来源：萨扌立托加  ID：48506\n攻略作者：自在道爷 json作者：萨扌立托加\n作业交流群群号1009052305，可蹲作业，有问题进群找萨扌立托加，作业站消息一般看不到\n❤️"
    },
    "groups": [
        {
            "name": "先锋",
            "opers": [
                {
                    "name": "风笛",
                    "skill": 2,
                    "skill_usage": 0
                },
                {
                    "name": "忍冬",
                    "skill": 1,
                    "skill_usage": 0
                },
                {
                    "name": "推进之王",
                    "skill": 2,
                    "skill_usage": 0
                }
            ]
        },
        {
            "name": "术士",
            "opers": [
                {
                    "name": "逻各斯",
                    "skill": 1,
                    "skill_usage": 0
                },
                {
                    "name": "艾雅法拉",
                    "skill": 2,
                    "skill_usage": 0
                },
                {
                    "name": "玛露西尔",
                    "skill": 2,
                    "skill_usage": 0
                }
            ]
        },
        {
            "name": "地面群攻",
            "opers": [
                {
                    "name": "阿斯卡纶",
                    "skill": 1,
                    "skill_usage": 0
                },
                {
                    "name": "羽毛笔",
                    "skill": 1,
                    "skill_usage": 0
                },
                {
                    "name": "海沫",
                    "skill": 1,
                    "skill_usage": 0
                },
                {
                    "name": "隐德来希",
                    "skill": 1,
                    "skill_usage": 0
                }
            ]
        }
    ],
    "opers": [
        {
            "name": "煌",
            "skill": 2,
            "skill_usage": 0
        },
        {
            "name": "泥岩",
            "skill": 2,
            "skill_usage": 0
        },
        {
            "name": "塞雷娅",
            "skill": 2,
            "skill_usage": 0
        }
    ],
    "difficulty": 3
}