{
    "minimum_required": "v4.0.0",
    "stage_name": "mem_vvana_1",
    "actions": [
        {
            "type": "SpeedUp"
        },
        {
            "type": "Deploy",
            "kills": 0,
            "name": "薇薇安娜",
            "direction": "Right",
            "location": [
                3,
                4
            ]
        },
        {
            "type": "BulletTime",
            "kills": 17,
            "name": "薇薇安娜",
            "location": [
                3,
                4
            ],
            "direction": "Right"
        },
        {
            "type": "Skill",
            "kills": 0,
            "pre_delay": 2000,
            "name": "薇薇安娜",
            "direction": "Right",
            "location": [
                3,
                4
            ]
        }
    ],
    "doc": {
        "title": "薇薇安娜--悖论模拟",
        "details": "——————————\n作业更新日期: 2025-08-15T13:59:35Z\n统计更新日期: 2025-11-06\n相对评分：59.599999999999994%  相对热度：49.88%\n来源：童话重度依赖  ID：59693\n——————————\n7级3技能--精2--60级 自测可过\n【赠送干员满潜能】【满信赖】【无模组】\n有问题请反馈 BID：童话重度依赖症"
    },
    "groups": [],
    "opers": [
        {
            "skill_times": 1,
            "name": "薇薇安娜",
            "skill_usage": 2,
            "skill": 1
        }
    ]
}