{
    "minimum_required": "v4.0.0",
    "stage_name": "mem_chen_1",
    "actions": [
        {
            "type": "Deploy",
            "name": "陈",
            "location": [
                5,
                3
            ],
            "direction": "Left"
        },
        {
            "type": "Deploy",
            "name": "芙蓉",
            "location": [
                8,
                4
            ],
            "direction": "Left"
        },
        {
            "type": "Deploy",
            "name": "华法琳",
            "location": [
                8,
                2
            ],
            "direction": "Left"
        },
        {
            "type": "Skill",
            "name": "陈",
            "location": [
                5,
                3
            ],
            "cost_changes": 30
        },
        {
            "type": "Skill",
            "name": "华法琳",
            "location": [
                8,
                2
            ],
            "cost_changes": 50
        },
        {
            "type": "Skill",
            "name": "陈",
            "location": [
                5,
                3
            ]
        },
        {
            "type": "SpeedUp"
        },
        {
            "type": "SpeedUp",
            "kills": 16
        },
        {
            "type": "Skill",
            "name": "华法琳",
            "location": [
                8,
                2
            ],
            "pre_delay": 10000
        },
        {
            "type": "Skill",
            "name": "陈",
            "location": [
                5,
                3
            ]
        }
    ],
    "doc": {
        "title": "陈 永不后退 悖论模拟 ",
        "details": "——————————\n作业更新日期: 2025-05-10T15:23:43Z\n统计更新日期: 2025-11-10\n相对评分：67.36999999999999%  相对热度：60.4%\n来源：Z2z7z2  ID：53361\n——————————\n视频评论区：陈不要带模组，不然杀太快亏sp。练度太高据说也有问题。\n本人使用精二1级，7级技能\n【【明日方舟】陈 悖论模拟/无需专精/看一遍就过/简单操作/阴云火花】 https://www.bilibili.com/video/BV1j44y1p7Pk/?share_source=copy_web&vd_source=fbabb53e5e9ac71bfc3507e2282912e6"
    },
    "groups": [],
    "opers": [
        {
            "name": "陈",
            "skill": 3,
            "skill_usage": 0
        },
        {
            "name": "芙蓉",
            "skill": 1,
            "skill_usage": 0
        },
        {
            "name": "华法琳",
            "skill": 1,
            "skill_usage": 0
        }
    ]
}