{
    "minimum_required": "v4.0.0",
    "stage_name": "mem_kirara_1",
    "actions": [
        {
            "type": "SpeedUp"
        },
        {
            "type": "Deploy",
            "name": "绮良",
            "location": [
                6,
                2
            ],
            "direction": "Left"
        },
        {
            "type": "Deploy",
            "costs": 24,
            "name": "宴",
            "location": [
                3,
                5
            ],
            "direction": "Right"
        },
        {
            "type": "Skill",
            "name": "宴",
            "costs": 9
        },
        {
            "type": "Skill",
            "name": "绮良",
            "costs": 13
        },
        {
            "type": "Skill",
            "name": "宴",
            "kills": 3
        },
        {
            "type": "Skill",
            "name": "绮良",
            "costs": 58
        },
        {
            "type": "Skill",
            "name": "宴",
            "costs": 67
        },
        {
            "type": "Skill",
            "name": "宴",
            "costs": 94
        },
        {
            "type": "Skill",
            "name": "绮良",
            "costs": 96
        },
        {
            "type": "Skill",
            "name": "宴",
            "pre_delay": 14000
        },
        {
            "type": "Skill",
            "name": "绮良",
            "pre_delay": 4000
        },
        {
            "type": "Skill",
            "name": "宴",
            "pre_delay": 12000
        },
        {
            "type": "Skill",
            "name": "绮良",
            "pre_delay": 4000
        }
    ],
    "doc": {
        "title": "特种 - 绮良 - 最佳拍档",
        "details": "统计日期：2024-05-05\n好评率：91.67%  浏览量：158\n来源：S.Staf  ID：31489\n参考：www.bilibili.com/video/BV1ro4y1o7MS/?p=108\n测试使用：精二50级绮良，7级技能"
    },
    "groups": [],
    "opers": [
        {
            "name": "绮良",
            "skill": 2,
            "skill_usage": 0
        }
    ]
}