{
    "minimum_required": "v4.0.0",
    "stage_name": "mem_forcer_1",
    "actions": [
        {
            "type": "SpeedUp",
            "name": ""
        },
        {
            "type": "Deploy",
            "name": "见行者",
            "location": [
                6,
                3
            ],
            "direction": "Left"
        },
        {
            "type": "Deploy",
            "name": "障碍物",
            "location": [
                3,
                2
            ],
            "direction": "None"
        },
        {
            "type": "Deploy",
            "name": "障碍物",
            "location": [
                3,
                4
            ],
            "direction": "None"
        },
        {
            "type": "Deploy",
            "name": "芙蓉",
            "location": [
                7,
                4
            ],
            "direction": "Left"
        },
        {
            "type": "SpeedUp",
            "name": "",
            "costs": 18
        },
        {
            "type": "Skill",
            "name": "见行者",
            "location": [
                6,
                3
            ],
            "costs": 24
        },
        {
            "type": "SpeedUp",
            "name": ""
        },
        {
            "type": "SpeedUp",
            "name": "",
            "costs": 65
        },
        {
            "type": "Output",
            "doc_color": "Gold",
            "doc": "后面全程一倍速，千万别手动2倍速"
        },
        {
            "type": "Skill",
            "name": "见行者",
            "location": [
                6,
                3
            ],
            "costs": 74
        },
        {
            "type": "Skill",
            "name": "见行者",
            "location": [
                6,
                3
            ],
            "costs": 99,
            "pre_delay": 35000
        },
        {
            "type": "SkillDaemon"
        }
    ],
    "doc": {
        "title": "悖论模拟 - 特种 - 【见行者悖论模拟】",
        "details": "作业更新日期: 2023-12-01T09:33:14Z\n统计更新日期: 2024-08-17\n好评率：85.71%  浏览量：601\n来源：小卡拉帕鲁灰🐖  ID：30511\n悖论模拟 - 特种 - 见行者\n练度：精二1级7级技能\n悖论模拟需要在MAA中关闭“自动编队”，\n选好二技能后处于红色ui“开始模拟”界面，maa就可以按开始了\n测试通过，别动倍速就行\n最好放前台打，放后台操作慢一秒容易翻车\n"
    },
    "groups": [],
    "opers": [
        {
            "name": "见行者",
            "skill": 2,
            "skill_usage": 0
        },
        {
            "name": "芙蓉",
            "skill": 1,
            "skill_usage": 0
        }
    ]
}