{
    "minimum_required": "v4.0.0",
    "actions": [
        {
            "type": "SpeedUp"
        },
        {
            "type": "Deploy",
            "name": "暗索",
            "location": [
                7,
                5
            ],
            "direction": "Left"
        },
        {
            "type": "Deploy",
            "name": "塞雷娅",
            "location": [
                4,
                6
            ],
            "direction": "Left"
        },
        {
            "type": "Deploy",
            "name": "煌",
            "location": [
                7,
                2
            ],
            "direction": "Left"
        },
        {
            "type": "Deploy",
            "name": "银灰",
            "location": [
                2,
                1
            ],
            "direction": "Down"
        },
        {
            "type": "Output",
            "doc_color": "#6f42c1",
            "doc": "给个好评吧，亲~"
        }
    ],
    "doc": {
        "title": "暗索模组摆完挂机-铁皮首饰盒",
        "details": "——————————\n作业更新日期: 2023-02-18T00:53:48Z\n统计更新日期: 2025-07-25\n好评率：83.33%  浏览量：242\n来源：作业代传——有问题联系原作者  ID：20848\n——————————\n侬无言以对模组任务摆完挂机合集:BV1wU4y177Qu\n3星通关主题曲3-3；必须编入非助战暗索[注 1]，且使弑君者坠落地穴\n筱竹聽雨"
    },
    "groups": [],
    "opers": [
        {
            "name": "塞雷娅",
            "skill": 1,
            "skill_usage": 0
        },
        {
            "name": "银灰",
            "skill": 1,
            "skill_usage": 0
        },
        {
            "name": "煌",
            "skill": 2,
            "skill_usage": 0
        },
        {
            "name": "暗索",
            "skill": 1,
            "skill_usage": 0
        }
    ],
    "stage_name": "main_03-03"
}