{
  "minimum_required": "v4.0.0",
  "stage_name": "sub_05-2-1",
  "actions": [
    {
      "type": "SpeedUp"
    },
    {
      "type": "Deploy",
      "name": "芬",
      "location": [
        4,
        2
      ],
      "direction": "Left"
    },
    {
      "type": "Deploy",
      "name": "棘刺",
      "location": [
        4,
        3
      ],
      "direction": "Left"
    },
    {
      "type": "Deploy",
      "name": "黑角",
      "location": [
        7,
        2
      ],
      "direction": "Right"
    },
    {
      "type": "Deploy",
      "name": "克洛丝",
      "location": [
        8,
        4
      ],
      "direction": "Up"
    },
    {
      "type": "Deploy",
      "name": "安赛尔",
      "location": [
        5,
        3
      ],
      "direction": "Right"
    },
    {
      "type": "Deploy",
      "name": "安德切尔",
      "location": [
        6,
        3
      ],
      "direction": "Right"
    },
    {
      "type": "Deploy",
      "name": "月见夜",
      "location": [
        7,
        3
      ],
      "direction": "Right"
    },
    {
      "type": "SkillDaemon"
    }
  ],
  "doc": {
    "title": "第五章 靶向药物 - S5-3 - 恶寒-1",
    "details": "up：|GoodGame|"
  },
  "groups": [],
  "opers": [
    {
      "name": "棘刺",
      "skill": 3,
      "skill_usage": 1
    },
    {
      "name": "调香师",
      "skill": 1,
      "skill_usage": 0
    },
    {
      "name": "安赛尔",
      "skill": 1,
      "skill_usage": 0
    },
    {
      "name": "克洛丝",
      "skill": 1,
      "skill_usage": 0
    },
    {
      "name": "安德切尔",
      "skill": 1,
      "skill_usage": 0
    },
    {
      "name": "芬",
      "skill": 1,
      "skill_usage": 0
    },
    {
      "name": "月见夜",
      "skill": 1,
      "skill_usage": 0
    },
    {
      "name": "斑点",
      "skill": 1,
      "skill_usage": 0
    }
  ]
}