{
    "minimum_required": "v4.0.0",
    "stage_name": "GA-2",
    "actions": [
        {
            "type": "SpeedUp"
        },
        {
            "type": "Deploy",
            "name": "煌",
            "location": [
                2,
                3
            ],
            "direction": "Up"
        },
        {
            "type": "Deploy",
            "name": "塞雷娅",
            "location": [
                2,
                4
            ],
            "direction": "Up"
        },
        {
            "type": "SkillDaemon"
        }
    ],
    "doc": {
        "title": "吾导先路 GA-2 萧然攻略摆完挂机",
        "details": "作业更新日期: 2023-02-22T04:40:26Z\n统计更新日期: 2024-07-27\n好评率：100.0%  浏览量：701\n来源：鱼丸不是鱼van  ID：21166\n\n视频作者：萧然Q  BV1YY41137V1\n自动战斗作者：鱼丸 有问题请联系qq2877734958\nmaa问题就别联系了 哥们臭写作业的真不懂maa\n平均练度：2603\n已测试 测试人Emmmer"
    },
    "groups": [],
    "opers": [
        {
            "name": "煌",
            "skill": 2,
            "skill_usage": 0
        },
        {
            "name": "塞雷娅",
            "skill": 2,
            "skill_usage": 0
        }
    ]
}