{
    "minimum_required": "v4.0.0",
    "doc": {
        "title": "【吾导先路】GA-4双人",
        "details": "作业更新日期: 2024-07-27T10:29:07Z\n统计更新日期: 2024-07-27\n好评率：100.0%  浏览量：121\n来源：一只摆烂的42  ID：21202\n\nUP：萧然Q\n原视频：https://www.bilibili.com/video/av254766733/\n有问题联系制作者QQ2586582719"
    },
    "stage_name": "act16side_04",
    "opers": [
        {
            "name": "煌",
            "skill": 2,
            "skill_usage": 0
        }
    ],
    "actions": [
        {
            "type": "二倍速",
            "name": ""
        },
        {
            "type": "部署",
            "name": "煌",
            "location": [
                4,
                3
            ],
            "direction": "右"
        },
        {
            "type": "Deploy",
            "name": "奶盾",
            "direction": "下",
            "location": [
                6,
                2
            ]
        }
    ],
    "groups": [
        {
            "name": "奶盾",
            "opers": [
                {
                    "name": "塞雷娅",
                    "skill": 2,
                    "skill_usage": 0
                },
                {
                    "name": "黍",
                    "skill": 1,
                    "skill_usage": 0
                }
            ]
        }
    ]
}