{
    "minimum_required": "v4.0",
    "doc": {
        "title": "【吾导先路】【刻章&突袭】GA-EX-2突袭五人",
        "details": "UP：萧然Q\n原视频：https://www.bilibili.com/video/av679992983/\n有问题联系制作者QQ2586582719"
    },
    "stage_name": "GA-EX-2",
    "opers": [
        {
            "name": "推进之王",
            "skill": 2,
            "skill_usage": 0
        },
        {
            "name": "煌",
            "skill": 2,
            "skill_usage": 0
        },
        {
            "name": "塞雷娅",
            "skill": 1,
            "skill_usage": 0
        },
        {
            "name": "艾雅法拉",
            "skill": 2,
            "skill_usage": 0
        },
        {
            "name": "闪灵",
            "skill": 2,
            "skill_usage": 0
        }
    ],
    "actions": [
        {
            "type": "二倍速",
            "name": ""
        },
        {
            "type": "部署",
            "name": "推进之王",
            "location": [
                8,
                5
            ],
            "direction": "右"
        },
        {
            "type": "部署",
            "name": "闪灵",
            "location": [
                2,
                3
            ],
            "direction": "右"
        },
        {
            "type": "部署",
            "name": "艾雅法拉",
            "location": [
                5,
                2
            ],
            "direction": "左"
        },
        {
            "type": "部署",
            "name": "煌",
            "location": [
                1,
                2
            ],
            "direction": "上"
        },
        {
            "type": "部署",
            "name": "塞雷娅",
            "location": [
                8,
                4
            ],
            "direction": "下"
        }
    ]
}