{
    "minimum_required": "v4.0.0",
    "doc": {
        "title": "【吾导先路】GA-EX-4突袭三人",
        "details": "作业更新日期: 2024-07-27T10:26:42Z\n统计更新日期: 2024-07-27\n好评率：100.0%  浏览量：122\n来源：一只摆烂的42  ID：21211\n\nUP：萧然Q\n原视频：https://www.bilibili.com/video/av679992983/\n制作者：一只摆烂的42\n有问题联系QQ2586582719\n修改自用请删除我的QQ"
    },
    "stage_name": "act16side_ex04",
    "opers": [
        {
            "name": "煌",
            "skill": 2,
            "skill_usage": 0
        },
        {
            "name": "伊芙利特",
            "skill": 2,
            "skill_usage": 0
        }
    ],
    "actions": [
        {
            "type": "二倍速",
            "name": ""
        },
        {
            "type": "部署",
            "name": "煌",
            "location": [
                5,
                1
            ],
            "direction": "左"
        },
        {
            "type": "Deploy",
            "name": "奶",
            "direction": "左",
            "location": [
                8,
                1
            ]
        },
        {
            "type": "部署",
            "name": "伊芙利特",
            "location": [
                9,
                1
            ],
            "direction": "下"
        }
    ],
    "difficulty": 3,
    "groups": [
        {
            "name": "奶",
            "opers": [
                {
                    "name": "纯烬艾雅法拉",
                    "skill": 1,
                    "skill_usage": 0
                },
                {
                    "name": "闪灵",
                    "skill": 2,
                    "skill_usage": 0
                }
            ]
        }
    ]
}