{
    "minimum_required": "v4.0.0",
    "stage_name": "main_00-08",
    "actions": [
        {
            "type": "Deploy",
            "name": "山",
            "location": [
                5,
                3
            ],
            "direction": "Down"
        },
        {
            "type": "SpeedUp"
        },
        {
            "type": "SkillDaemon"
        }
    ],
    "doc": {
        "title": "序章 黑暗时代·上 - 0-8 - 狩猎",
        "details": "作业更新日期: 2024-05-16T02:40:01Z\n统计更新日期: 2024-10-07\n好评率：100.0%  浏览量：38\n来源：Chiho  ID：37706\n精二603"
    },
    "groups": [],
    "opers": [
        {
            "skill_times": 1,
            "name": "山",
            "skill": 2,
            "skill_usage": 2
        }
    ],
    "difficulty": 3
}