{
    "minimum_required": "v4.0.0",
    "actions": [
        {
            "type": "SpeedUp"
        },
        {
            "type": "Deploy",
            "name": "塞雷娅",
            "location": [
                4,
                4
            ],
            "direction": "Up"
        },
        {
            "type": "Deploy",
            "name": "能天使",
            "location": [
                5,
                5
            ],
            "direction": "Left"
        },
        {
            "type": "Deploy",
            "name": "红",
            "location": [
                4,
                3
            ],
            "direction": "Left"
        },
        {
            "type": "Deploy",
            "name": "煌",
            "location": [
                4,
                5
            ],
            "direction": "Up"
        },
        {
            "type": "Output",
            "doc_color": "#6f42c1",
            "doc": "给个好评吧，亲~"
        }
    ],
    "doc": {
        "title": "红模组摆完挂机-神秘的道具包",
        "details": "作业更新日期: 2023-02-18T00:53:49Z\n统计更新日期: 2025-02-09\n好评率：90.0%  浏览量：222\n来源：作业代传——有问题联系原作者  ID：20889\n侬无言以对模组任务摆完挂机合集:BV1wU4y177Qu\n3星通关主题曲S4-5；必须编入非助战红并上场，且使用红至少歼灭4个高能源石虫\n筱竹聽雨"
    },
    "groups": [],
    "opers": [
        {
            "name": "塞雷娅",
            "skill": 1,
            "skill_usage": 0
        },
        {
            "name": "煌",
            "skill": 2,
            "skill_usage": 0
        },
        {
            "name": "能天使",
            "skill": 3,
            "skill_usage": 0
        },
        {
            "name": "红",
            "skill": 1,
            "skill_usage": 0
        }
    ],
    "stage_name": "sub_04-2-2"
}