{
    "minimum_required": "v4.0.0",
    "stage_name": "act21side_08",
    "actions": [
        {
            "type": "Deploy",
            "name": "荒芜拉普兰德",
            "location": [
                8,
                1
            ],
            "direction": "Down"
        },
        {
            "type": "Deploy",
            "name": "白面鸮",
            "location": [
                7,
                1
            ],
            "direction": "Down"
        },
        {
            "type": "SpeedUp"
        },
        {
            "type": "Deploy",
            "name": "棘刺",
            "location": [
                8,
                2
            ],
            "direction": "Down"
        },
        {
            "type": "Deploy",
            "name": "塞or黍",
            "location": [
                7,
                2
            ],
            "direction": "Down"
        },
        {
            "type": "Deploy",
            "name": "余",
            "location": [
                8,
                3
            ],
            "direction": "Down"
        },
        {
            "type": "SkillDaemon"
        }
    ],
    "doc": {
        "title": "叙拉古人 - IS-8 -  荒芜拉普兰德模组任务",
        "details": "作业更新日期: 2025-01-29T07:05:41Z\n统计更新日期: 2025-01-30\n好评率：100.0%  浏览量：13\n来源：Shioru  ID：45952\n叙拉古人 - IS-8 -  荒芜拉普兰德模组任务"
    },
    "groups": [
        {
            "name": "塞or黍",
            "opers": [
                {
                    "name": "塞雷娅",
                    "skill": 1,
                    "skill_usage": 0
                },
                {
                    "name": "黍",
                    "skill": 1,
                    "skill_usage": 0
                }
            ]
        }
    ],
    "opers": [
        {
            "name": "荒芜拉普兰德",
            "skill": 3,
            "skill_usage": 1
        },
        {
            "name": "白面鸮",
            "skill": 2,
            "skill_usage": 1
        },
        {
            "name": "棘刺",
            "skill": 3,
            "skill_usage": 1
        },
        {
            "name": "余",
            "skill": 3,
            "skill_usage": 0
        }
    ]
}