{
    "minimum_required": "v4.0.0",
    "stage_name": "act9d0_ex01",
    "actions": [
        {
            "type": "Deploy",
            "name": "推进之王",
            "location": [
                4,
                3
            ],
            "direction": "Left"
        },
        {
            "type": "SpeedUp"
        },
        {
            "type": "Deploy",
            "name": "能天使",
            "location": [
                3,
                2
            ],
            "direction": "Left"
        },
        {
            "type": "Deploy",
            "name": "塞雷娅",
            "location": [
                3,
                1
            ],
            "direction": "Left"
        },
        {
            "type": "Deploy",
            "name": "夜莺",
            "location": [
                2,
                4
            ],
            "direction": "Right"
        },
        {
            "type": "Deploy",
            "name": "艾雅法拉",
            "location": [
                1,
                4
            ],
            "direction": "Up"
        },
        {
            "type": "Deploy",
            "name": "铃兰",
            "location": [
                4,
                2
            ],
            "direction": "Left"
        },
        {
            "type": "SkillDaemon"
        }
    ],
    "doc": {
        "title": "生于黑夜·复刻 - DM-EX-1 - 交锋 铃兰模组孩子们解锁任务",
        "details": "作业更新日期: 2023-12-05T05:43:08Z\n统计更新日期: 2024-12-07\n好评率：96.04%  浏览量：3088\n来源：萨拉托加  ID：30670\n铃兰模组任务孩子们\n任务要求：3星通关别传DM-EX-1;必须编入非助战铃兰并上场，其他成员仅可编入6名干员\n原作者自在道爷，JSON作者萨拉托加\n建了个群545928846，如果作业有问题可以加群找我，评论区不能及时回复\n【【生于黑夜】全关卡挂机流，EX突袭塔巴镇！语音详解，最高精二31，轻松解放双手~(含DM-1至DM-8，DM-EX-1至DM-EX-6突袭，DM-MO-1塔巴镇】 https://www.bilibili.com/video/BV1wZ4y1A7oX/?p=9&share_source=copy_web&vd_source=3fd5040fe25f6a00e19e6072bcccfa4e"
    },
    "groups": [],
    "opers": [
        {
            "name": "塞雷娅",
            "skill": 2,
            "skill_usage": 0
        },
        {
            "name": "艾雅法拉",
            "skill": 2,
            "skill_usage": 0
        },
        {
            "name": "夜莺",
            "skill": 2,
            "skill_usage": 0
        },
        {
            "name": "推进之王",
            "skill": 2,
            "skill_usage": 0
        },
        {
            "name": "能天使",
            "skill": 3,
            "skill_usage": 0
        },
        {
            "name": "铃兰",
            "skill": 3,
            "skill_usage": 1
        }
    ],
    "difficulty": 1
}