{
    "actions": [
        {
            "type": "SpeedUp"
        },
        {
            "type": "Deploy",
            "location": [
                4,
                3
            ],
            "direction": "Down",
            "name": "梅尔"
        },
        {
            "type": "Deploy",
            "name": "空",
            "location": [
                6,
                3
            ],
            "direction": "Down"
        },
        {
            "type": "Deploy",
            "name": "机械水",
            "location": [
                2,
                2
            ],
            "direction": "Down"
        },
        {
            "location": [
                8,
                3
            ],
            "name": "机械水",
            "direction": "Up",
            "type": "Deploy"
        },
        {
            "type": "Deploy",
            "name": "机械水",
            "location": [
                8,
                5
            ],
            "direction": "Down"
        },
        {
            "location": [
                2,
                5
            ],
            "direction": "Down",
            "type": "Deploy",
            "name": "机械水"
        },
        {
            "location": [
                7,
                5
            ],
            "type": "Deploy",
            "name": "机械水",
            "direction": "Up"
        },
        {
            "kills": 9,
            "type": "Skill",
            "name": "空",
            "location": [
                6,
                3
            ]
        },
        {
            "type": "Skill",
            "name": "梅尔",
            "location": [
                4,
                3
            ],
            "kills": 10
        },
        {
            "type": "Deploy",
            "location": [
                8,
                5
            ],
            "direction": "Up",
            "name": "机械水"
        },
        {
            "type": "Deploy",
            "name": "机械水",
            "location": [
                2,
                5
            ],
            "direction": "Up"
        },
        {
            "type": "Deploy",
            "name": "机械水",
            "location": [
                1,
                5
            ],
            "direction": "Down"
        },
        {
            "type": "Deploy",
            "name": "机械水",
            "location": [
                2,
                4
            ],
            "direction": "Down"
        },
        {
            "type": "Deploy",
            "name": "机械水",
            "location": [
                2,
                3
            ],
            "direction": "Down"
        },
        {
            "type": "Skill",
            "name": "梅尔",
            "location": [
                4,
                3
            ],
            "costs": 90
        },
        {
            "type": "Deploy",
            "name": "机械水",
            "location": [
                2,
                5
            ],
            "direction": "Up"
        },
        {
            "type": "Deploy",
            "location": [
                1,
                5
            ],
            "name": "机械水",
            "direction": "Up"
        },
        {
            "type": "Deploy",
            "name": "机械水",
            "location": [
                8,
                5
            ],
            "direction": "Right"
        },
        {
            "type": "Deploy",
            "name": "机械水",
            "location": [
                2,
                4
            ],
            "direction": "Right"
        },
        {
            "type": "Deploy",
            "name": "机械水",
            "location": [
                2,
                3
            ],
            "direction": "Left"
        },
        {
            "type": "Skill",
            "name": "梅尔",
            "location": [
                4,
                3
            ],
            "pre_delay": 9100,
            "rear_delay": 0
        },
        {
            "type": "Deploy",
            "name": "机械水",
            "location": [
                2,
                5
            ],
            "direction": "Up"
        },
        {
            "type": "Deploy",
            "name": "机械水",
            "location": [
                9,
                5
            ],
            "direction": "None"
        },
        {
            "type": "Deploy",
            "name": "机械水",
            "location": [
                8,
                5
            ],
            "direction": "None"
        },
        {
            "type": "Deploy",
            "name": "机械水",
            "location": [
                8,
                4
            ],
            "direction": "None"
        },
        {
            "type": "Skill",
            "name": "空",
            "location": [
                6,
                3
            ],
            "pre_delay": 0
        },
        {
            "type": "Skill",
            "name": "梅尔",
            "location": [
                4,
                3
            ],
            "rear_delay": 0
        },
        {
            "type": "Deploy",
            "name": "机械水",
            "location": [
                5,
                5
            ],
            "direction": "None"
        }
    ],
    "stage_name": "mem_otter_1",
    "doc": {
        "title": "梅尔 悖论模拟（自用）",
        "details": "作业更新日期: 2023-11-05T06:21:45Z\n统计更新日期: 2024-10-06\n好评率：74.07%  浏览量：600\n来源：froze  ID：29863\n参考：倾九_Komy \nhttps://www.bilibili.com/video/BV1vt4y1g7LB/\n测试干员：梅尔 精2 20级 2技能7级 0模\n（改编自：作业代传一一有问题联系原作者\n作者：雪\n测试干员：梅尔 精2 80级 2技能7级 1模）\n"
    },
    "opers": [
        {
            "name": "梅尔",
            "skill": 2
        }
    ],
    "groups": [
        {
            "opers": [
                {
                    "name": "机械水獭"
                }
            ],
            "name": "机械水"
        }
    ],
    "minimum_required": "v4.0.0"
}