{
    "minimum_required": "v4.0.0",
    "stage_name": "main_05-10",
    "actions": [
        {
            "type": "SpeedUp"
        },
        {
            "type": "Deploy",
            "name": "桃金娘",
            "location": [
                1,
                2
            ],
            "direction": "Right"
        },
        {
            "type": "Deploy",
            "name": "挡2开局的",
            "location": [
                3,
                4
            ],
            "direction": "Right"
        },
        {
            "type": "Deploy",
            "name": "凯尔希",
            "location": [
                3,
                3
            ],
            "direction": "Right"
        },
        {
            "type": "Deploy",
            "name": "术士",
            "location": [
                4,
                3
            ],
            "direction": "Right"
        },
        {
            "type": "Deploy",
            "name": "练度低防漏工具人",
            "location": [
                1,
                4
            ],
            "direction": "Right"
        },
        {
            "type": "Deploy",
            "name": "史尔特尔",
            "location": [
                7,
                5
            ],
            "direction": "Right"
        },
        {
            "type": "Deploy",
            "name": "山",
            "location": [
                4,
                2
            ],
            "direction": "Right"
        },
        {
            "type": "Deploy",
            "name": "Mon3tr",
            "location": [
                7,
                4
            ],
            "direction": "Right"
        },
        {
            "type": "Deploy",
            "name": "玛恩纳",
            "location": [
                7,
                3
            ],
            "direction": "Right"
        },
        {
            "type": "Deploy",
            "name": "医疗",
            "location": [
                5,
                3
            ],
            "direction": "Right"
        },
        {
            "type": "Retreat",
            "kills": 20,
            "name": "Mon3tr",
            "location": [
                7,
                4
            ]
        },
        {
            "type": "Deploy",
            "name": "Mon3tr",
            "location": [
                5,
                4
            ],
            "direction": "Right"
        },
        {
            "type": "SkillDaemon"
        }
    ],
    "doc": {
        "title": "凯尔希模组解锁（医者 Mon2tr一起一次性解锁）",
        "details": "作业更新日期: 2023-09-10T06:10:25Z\n统计更新日期: 2024-10-07\n好评率：81.13%  浏览量：2725\n来源：小墨在摸鱼  ID：27823\n凯尔希医者模组：3星通关主题曲5-10;必须编入非助战凯尔希并上场，且使用Mon3tr歼灭梅菲斯特\n凯尔希 Mon2tr模组： 3星通关主题曲5-10;必须编入非助战凯尔希并上场，且使用4次指令: 熔毁\n 已测，能过，参考原视频：https://www.bilibili.com/video/BV1ae4y1b7xm/?spm_id_from=333.337.search-card.all.click&vd_source=dcc114b9727b6c8eaab070e19f206f40"
    },
    "groups": [
        {
            "name": "术士",
            "opers": [
                {
                    "name": "史都华德",
                    "skill": 1,
                    "skill_usage": 0
                },
                {
                    "name": "艾雅法拉",
                    "skill": 2,
                    "skill_usage": 0
                },
                {
                    "name": "阿米娅",
                    "skill": 1,
                    "skill_usage": 1
                }
            ]
        },
        {
            "name": "挡2开局的",
            "opers": [
                {
                    "name": "推进之王",
                    "skill": 1,
                    "skill_usage": 0
                },
                {
                    "name": "德克萨斯",
                    "skill": 1,
                    "skill_usage": 0
                },
                {
                    "name": "芬",
                    "skill": 1,
                    "skill_usage": 0
                }
            ]
        },
        {
            "name": "医疗",
            "opers": [
                {
                    "name": "闪灵",
                    "skill": 2,
                    "skill_usage": 0
                },
                {
                    "name": "流明",
                    "skill": 3,
                    "skill_usage": 2
                },
                {
                    "name": "纯烬艾雅法拉",
                    "skill": 1,
                    "skill_usage": 0
                },
                {
                    "name": "华法琳",
                    "skill": 1,
                    "skill_usage": 0
                },
                {
                    "name": "苏苏洛",
                    "skill": 1,
                    "skill_usage": 0
                }
            ]
        },
        {
            "name": "练度低防漏工具人",
            "opers": [
                {
                    "name": "玫兰莎",
                    "skill": 1,
                    "skill_usage": 1
                },
                {
                    "name": "Castle-3",
                    "skill": 1,
                    "skill_usage": 0
                }
            ]
        }
    ],
    "opers": [
        {
            "name": "凯尔希",
            "skill": 3,
            "skill_usage": 1
        },
        {
            "name": "山",
            "skill": 2,
            "skill_usage": 2
        },
        {
            "name": "史尔特尔",
            "skill": 3,
            "skill_usage": 2
        },
        {
            "name": "桃金娘",
            "skill": 1,
            "skill_usage": 1
        },
        {
            "name": "玛恩纳",
            "skill": 3,
            "skill_usage": 1
        }
    ],
    "difficulty": 1
}