{
    "minimum_required": "v4.0.0",
    "stage_name": "main_05-02",
    "actions": [
        {
            "type": "Deploy",
            "name": "重岳",
            "location": [
                8,
                4
            ],
            "direction": "Up"
        },
        {
            "type": "SpeedUp"
        },
        {
            "type": "Deploy",
            "name": "斑点",
            "location": [
                8,
                5
            ],
            "direction": "Down"
        },
        {
            "type": "Deploy",
            "name": "奶盾",
            "location": [
                9,
                2
            ],
            "direction": "Right"
        },
        {
            "type": "Deploy",
            "name": "奶妈1",
            "location": [
                9,
                4
            ],
            "direction": "Left"
        },
        {
            "type": "Deploy",
            "name": "克洛丝",
            "location": [
                9,
                3
            ],
            "direction": "Left"
        },
        {
            "type": "Deploy",
            "name": "奶妈2",
            "location": [
                10,
                1
            ],
            "direction": "Down"
        },
        {
            "type": "SkillDaemon"
        }
    ],
    "doc": {
        "title": "第五章 靶向药物 - 5-2 - 有口难言 - 重岳单核",
        "details": "——————————\n作业更新日期: 2024-01-17T10:21:07Z\n统计更新日期: 2025-09-26\n相对评分：94.90%  相对热度：91.18%\n来源：胖头🐟  ID：31879\n——————————\n和5-1配置一模一样"
    },
    "groups": [
        {
            "name": "奶妈1",
            "opers": [
                {
                    "name": "安赛尔",
                    "skill": 1,
                    "skill_usage": 1
                },
                {
                    "name": "纯烬艾雅法拉",
                    "skill": 1,
                    "skill_usage": 0
                }
            ]
        },
        {
            "name": "奶妈2",
            "opers": [
                {
                    "name": "嘉维尔",
                    "skill": 1,
                    "skill_usage": 0
                },
                {
                    "name": "芙蓉",
                    "skill": 1,
                    "skill_usage": 1
                }
            ]
        },
        {
            "name": "奶盾",
            "opers": [
                {
                    "name": "古米",
                    "skill": 1,
                    "skill_usage": 0
                },
                {
                    "name": "塞雷娅",
                    "skill": 1,
                    "skill_usage": 0
                },
                {
                    "name": "临光",
                    "skill": 1,
                    "skill_usage": 0
                }
            ]
        }
    ],
    "opers": [
        {
            "skill_times": 5,
            "name": "重岳",
            "skill": 3,
            "skill_usage": 2
        },
        {
            "name": "克洛丝",
            "skill": 1,
            "skill_usage": 0
        },
        {
            "name": "斑点",
            "skill": 1,
            "skill_usage": 1
        }
    ],
    "difficulty": 3
}