{
    "minimum_required": "v4.0.0",
    "stage_name": "main_05-02",
    "actions": [
        {
            "type": "SpeedUp"
        },
        {
            "type": "Deploy",
            "name": "德克萨斯",
            "location": [
                8,
                5
            ],
            "direction": "Right"
        },
        {
            "type": "Deploy",
            "name": "山",
            "location": [
                9,
                2
            ],
            "direction": "Left"
        },
        {
            "type": "Deploy",
            "name": "琳琅诗怀雅",
            "location": [
                8,
                4
            ],
            "direction": "Left"
        },
        {
            "type": "Deploy",
            "name": "白面鸮",
            "location": [
                9,
                3
            ],
            "direction": "Down",
            "costs": 0,
            "kills": 18
        },
        {
            "type": "SkillDaemon"
        }
    ],
    "doc": {
        "title": "琳琅诗怀雅模组任务 5-2 ",
        "details": "统计日期：2024-06-01\n好评率：100.0%  浏览量：532\n来源：xf22cn@qq.com  ID：25773\n琳琅诗怀雅模组任务 5-2 \nUP：涂绘天菜   视频地址：https://www.bilibili.com/video/BV1Vp4y1V7uu/"
    },
    "groups": [],
    "opers": [
        {
            "name": "琳琅诗怀雅",
            "skill": 3,
            "skill_usage": 2
        },
        {
            "name": "白面鸮",
            "skill": 2,
            "skill_usage": 0
        },
        {
            "name": "德克萨斯",
            "skill": 1,
            "skill_usage": 1
        },
        {
            "name": "山",
            "skill": 2,
            "skill_usage": 2
        }
    ]
}