{
    "minimum_required": "v4.0.0",
    "doc": {
        "title": "5-3 突袭 单核低配",
        "details": "作业更新日期: 2025-03-08T06:56:12Z\n统计更新日期: 2025-03-15\n好评率：92.31%  浏览量：1005\n来源：一只摆烂的42  ID：21848\nUP：剧毒有剧毒\n原视频：https://www.bilibili.com/video/BV1RA411L7Db/\n制作者：一只摆烂的42\n有问题联系QQ2586582719\n——————\n实测视频：https://www.bilibili.com/video/BV1Xg4y1T7vV/\n过不去你的问题"
    },
    "stage_name": "main_05-03",
    "opers": [
        {
            "name": "史尔特尔",
            "skill": 3,
            "skill_usage": 1
        },
        {
            "name": "黑角",
            "skill": 1,
            "skill_usage": 0
        },
        {
            "name": "克洛丝",
            "skill": 1,
            "skill_usage": 0
        },
        {
            "name": "红豆",
            "skill": 1,
            "skill_usage": 0
        },
        {
            "name": "蛇屠箱",
            "skill": 2,
            "skill_usage": 0
        },
        {
            "name": "调香师",
            "skill": 2,
            "skill_usage": 0
        },
        {
            "name": "玫兰莎",
            "skill": 1,
            "skill_usage": 0
        }
    ],
    "actions": [
        {
            "type": "部署",
            "name": "史尔特尔",
            "location": [
                10,
                4
            ],
            "direction": "上"
        },
        {
            "type": "部署",
            "name": "黑角",
            "location": [
                7,
                4
            ],
            "direction": "上"
        },
        {
            "type": "二倍速",
            "name": ""
        },
        {
            "type": "撤退",
            "kills": 2,
            "name": "史尔特尔"
        },
        {
            "type": "部署",
            "name": "红豆",
            "location": [
                8,
                3
            ],
            "direction": "左"
        },
        {
            "type": "部署",
            "name": "调香师",
            "location": [
                8,
                2
            ],
            "direction": "下"
        },
        {
            "type": "部署",
            "name": "克洛丝",
            "location": [
                8,
                4
            ],
            "direction": "左"
        },
        {
            "type": "二倍速",
            "name": ""
        },
        {
            "type": "撤退",
            "cost_changes": 22,
            "name": "黑角"
        },
        {
            "type": "部署",
            "name": "蛇屠箱",
            "location": [
                7,
                4
            ],
            "direction": "上"
        },
        {
            "type": "二倍速",
            "name": ""
        },
        {
            "type": "技能",
            "name": "红豆"
        },
        {
            "type": "部署",
            "name": "玫兰莎",
            "location": [
                9,
                1
            ],
            "direction": "右"
        },
        {
            "type": "部署",
            "name": "史尔特尔",
            "location": [
                1,
                2
            ],
            "direction": "下"
        },
        {
            "type": "撤退",
            "kills": 28,
            "name": "史尔特尔"
        },
        {
            "type": "部署",
            "name": "黑角",
            "location": [
                8,
                1
            ],
            "direction": "右"
        },
        {
            "type": "技能",
            "kills": 32,
            "name": "红豆"
        },
        {
            "type": "技能",
            "kills": 34,
            "name": "蛇屠箱"
        },
        {
            "type": "技能",
            "kills": 42,
            "name": "玫兰莎",
            "pre_delay": 1500
        },
        {
            "type": "部署",
            "name": "史尔特尔",
            "location": [
                4,
                4
            ],
            "direction": "右"
        },
        {
            "type": "技能",
            "name": "调香师"
        },
        {
            "type": "技能",
            "kills": 49,
            "name": "红豆"
        }
    ],
    "groups": [],
    "difficulty": 3
}