{
    "minimum_required": "v4.0.0",
    "doc": {
        "title": "5-3 突袭",
        "details": "作业更新日期: 2023-03-25T08:41:02Z\n统计更新日期: 2024-10-07\n好评率：90.2%  浏览量：1141\n来源：一只摆烂的42  ID：21806\nUP：刻俄柏\n原视频：https://www.bilibili.com/video/BV15r4y1p748/\n制作者：一只摆烂的42\n有问题联系QQ2586582719"
    },
    "stage_name": "main_05-03",
    "opers": [
        {
            "name": "风笛",
            "skill": 2,
            "skill_usage": 0
        },
        {
            "name": "泥岩",
            "skill": 2,
            "skill_usage": 0
        },
        {
            "name": "山",
            "skill": 2,
            "skill_usage": 2
        }
    ],
    "actions": [
        {
            "type": "二倍速",
            "name": ""
        },
        {
            "type": "部署",
            "name": "山",
            "location": [
                10,
                4
            ],
            "direction": "上"
        },
        {
            "type": "部署",
            "name": "泥岩",
            "location": [
                1,
                2
            ],
            "direction": "下"
        },
        {
            "type": "部署",
            "name": "风笛",
            "location": [
                1,
                5
            ],
            "direction": "左"
        }
    ]
}