{
    "minimum_required": "v4.0.0",
    "stage_name": "main_05-04",
    "actions": [
        {
            "type": "Deploy",
            "name": "芬",
            "location": [
                1,
                4
            ],
            "direction": "Up"
        },
        {
            "type": "Deploy",
            "name": "克洛丝",
            "location": [
                4,
                3
            ],
            "direction": "Left"
        },
        {
            "type": "Deploy",
            "name": "提丰",
            "location": [
                6,
                5
            ],
            "direction": "Up"
        },
        {
            "type": "Deploy",
            "name": "单奶1",
            "location": [
                2,
                5
            ],
            "direction": "Up"
        },
        {
            "type": "Deploy",
            "name": "奶盾",
            "location": [
                1,
                5
            ],
            "direction": "Up"
        },
        {
            "type": "SpeedUp"
        },
        {
            "type": "Deploy",
            "name": "单奶2",
            "location": [
                6,
                4
            ],
            "direction": "Left"
        },
        {
            "type": "Deploy",
            "name": "史都华德",
            "location": [
                5,
                5
            ],
            "direction": "Left"
        },
        {
            "type": "Deploy",
            "name": "黑角",
            "location": [
                9,
                3
            ],
            "direction": "Left",
            "kills": 12
        },
        {
            "type": "SpeedUp"
        },
        {
            "type": "SpeedUp",
            "kills": 20
        },
        {
            "type": "SkillDaemon"
        }
    ],
    "doc": {
        "title": "第五章 靶向药物 - 5-4 - 没人在家 提丰单核",
        "details": "作业更新日期: 2024-02-27T12:19:18Z\n统计更新日期: 2025-03-15\n好评率：98.28%  浏览量：1012\n来源：小卡拉帕鲁灰  ID：33953\n三星满配"
    },
    "groups": [
        {
            "name": "奶盾",
            "opers": [
                {
                    "name": "斑点",
                    "skill": 1,
                    "skill_usage": 1
                },
                {
                    "name": "古米"
                }
            ]
        },
        {
            "name": "单奶1",
            "opers": [
                {
                    "name": "嘉维尔"
                },
                {
                    "name": "芙蓉",
                    "skill": 1,
                    "skill_usage": 1
                }
            ]
        },
        {
            "name": "单奶2",
            "opers": [
                {
                    "name": "安赛尔",
                    "skill": 1,
                    "skill_usage": 1
                },
                {
                    "name": "末药",
                    "skill": 1,
                    "skill_usage": 0
                }
            ]
        }
    ],
    "opers": [
        {
            "name": "克洛丝",
            "skill": 1,
            "skill_usage": 0
        },
        {
            "name": "提丰",
            "skill": 2,
            "skill_usage": 1
        },
        {
            "name": "芬",
            "skill": 1,
            "skill_usage": 0
        },
        {
            "name": "史都华德",
            "skill": 1,
            "skill_usage": 0
        },
        {
            "name": "黑角",
            "skill": 1,
            "skill_usage": 0
        }
    ],
    "difficulty": 3
}