{
    "minimum_required": "v4.0.0",
    "stage_name": "main_05-07",
    "actions": [
        {
            "type": "Deploy",
            "name": "翎羽",
            "location": [
                8,
                2
            ],
            "direction": "Right"
        },
        {
            "type": "Deploy",
            "name": "棘刺",
            "location": [
                2,
                2
            ],
            "direction": "Right"
        },
        {
            "type": "Deploy",
            "name": "梓兰",
            "location": [
                2,
                4
            ],
            "direction": "Right"
        },
        {
            "type": "Deploy",
            "name": "泡普卡",
            "location": [
                1,
                2
            ],
            "direction": "Right"
        },
        {
            "type": "Deploy",
            "name": "月见夜",
            "location": [
                2,
                5
            ],
            "direction": "Right"
        },
        {
            "type": "Deploy",
            "name": "芙蓉",
            "location": [
                2,
                6
            ],
            "direction": "Up"
        },
        {
            "type": "Deploy",
            "name": "米格鲁",
            "location": [
                3,
                5
            ],
            "direction": "Right"
        },
        {
            "type": "Deploy",
            "name": "干扰装置",
            "location": [
                3,
                3
            ],
            "direction": "None",
            "costs": 40
        },
        {
            "type": "SpeedUp"
        },
        {
            "type": "SkillDaemon"
        }
    ],
    "doc": {
        "title": "第五章 靶向药物 - 5-7 - 生死与共",
        "details": "——————————\n作业更新日期: 2025-05-04T12:09:48Z\n统计更新日期: 2025-09-10\n相对评分：80.85%  相对热度：69.72%\n来源：魔芋葱油长豆角  ID：52298\n——————————\n原作者：低配挂机研讨会\n\n视频地址：https://www.bilibili.com/video/BV1a7V5z5Eci?spm_id_from=333.788.videopod.sections&vd_source=a022f0b9420b7e9fe33605d41aed4c75&p=119\n原视频中的黑角替换为了泡普卡，黑角容易漏怪\n阿米娅是吉祥物 "
    },
    "groups": [],
    "opers": [
        {
            "name": "阿米娅",
            "skill": 1,
            "skill_usage": 0
        },
        {
            "name": "梓兰",
            "skill": 1,
            "skill_usage": 1
        },
        {
            "name": "月见夜",
            "skill": 1,
            "skill_usage": 1
        },
        {
            "name": "芙蓉",
            "skill": 1,
            "skill_usage": 1
        },
        {
            "name": "米格鲁",
            "skill": 1,
            "skill_usage": 1
        },
        {
            "name": "泡普卡",
            "skill": 1,
            "skill_usage": 1
        },
        {
            "name": "翎羽",
            "skill": 1,
            "skill_usage": 1
        },
        {
            "name": "棘刺",
            "skill": 3,
            "skill_usage": 1
        }
    ],
    "difficulty": 3
}