{
    "minimum_required": "v4.0.0",
    "stage_name": "main_05-08",
    "actions": [
        {
            "type": "Deploy",
            "name": "令",
            "location": [
                3,
                3
            ],
            "direction": "Down"
        },
        {
            "type": "Deploy",
            "name": "“弦惊”",
            "location": [
                2,
                5
            ],
            "direction": "Right"
        },
        {
            "type": "SpeedUp"
        },
        {
            "type": "Deploy",
            "name": "“弦惊”",
            "location": [
                2,
                4
            ],
            "direction": "Down"
        },
        {
            "type": "SkillUsage",
            "name": "令",
            "skill_usage": 0
        },
        {
            "type": "Deploy",
            "name": "“弦惊”",
            "location": [
                2,
                4
            ],
            "direction": "Right"
        },
        {
            "type": "Deploy",
            "name": "“弦惊”",
            "location": [
                2,
                3
            ],
            "direction": "Down"
        },
        {
            "type": "SkillUsage",
            "name": "令",
            "skill_usage": 1,
            "kills": 20
        },
        {
            "type": "Deploy",
            "name": "“弦惊”",
            "kills": 27,
            "location": [
                3,
                5
            ],
            "direction": "Right"
        },
        {
            "type": "SkillDaemon"
        }
    ],
    "doc": {
        "title": "第五章 靶向药物 - 5-8 - 了如指掌 单核",
        "details": "作业更新日期: 2024-03-31T14:01:54Z\n统计更新日期: 2025-01-25\n好评率：97.78%  浏览量：1018\n来源：小卡拉帕鲁灰  ID：35560\n令单，https://www.bilibili.com/video/BV1Gi4y1y7GV/?spm_id_from=333.337.search-card.all.click&vd_source=10857a8c905c104ca2eab27415c72ffc"
    },
    "groups": [],
    "opers": [
        {
            "name": "令",
            "skill": 3,
            "skill_usage": 1
        }
    ],
    "difficulty": 3
}