{
    "minimum_required": "v4.0.0",
    "doc": {
        "title": "H5-2 三人稳定挂机",
        "details": "作业更新日期: 2023-04-05T01:21:03Z\n统计更新日期: 2024-10-07\n好评率：98.63%  浏览量：1387\n来源：一只摆烂的42  ID：22285\n刻俄柏_\n原视频：https://www.bilibili.com/video/BV1yF411u72D/\n制作者：一只摆烂的42\n有问题联系QQ2586582719"
    },
    "stage_name": "hard_05-02",
    "opers": [
        {
            "name": "山",
            "skill": 2,
            "skill_usage": 0
        },
        {
            "name": "煌",
            "skill": 2,
            "skill_usage": 0
        },
        {
            "name": "夜莺",
            "skill": 2,
            "skill_usage": 0
        }
    ],
    "actions": [
        {
            "type": "二倍速",
            "name": ""
        },
        {
            "type": "部署",
            "name": "山",
            "location": [
                5,
                1
            ],
            "direction": "下"
        },
        {
            "type": "技能",
            "name": "山",
            "pre_delay": 5000
        },
        {
            "type": "部署",
            "name": "煌",
            "location": [
                6,
                1
            ],
            "direction": "左"
        },
        {
            "type": "部署",
            "name": "夜莺",
            "location": [
                7,
                2
            ],
            "direction": "左"
        }
    ]
}