{
    "minimum_required": "v4.0.0",
    "doc": {
        "title": "H5-3 四人稳定挂机",
        "details": "统计日期：2024-06-01\n好评率：98.77%  浏览量：1888\n来源：一只摆烂的42  ID：22286\n黑钢国际攻略组\n原视频：https://www.bilibili.com/video/BV1dS4y1b7rC\n制作者：一只摆烂的42\n有问题联系QQ2586582719"
    },
    "stage_name": "hard_05-03",
    "opers": [
        {
            "name": "山",
            "skill": 2,
            "skill_usage": 2
        },
        {
            "name": "煌",
            "skill": 2,
            "skill_usage": 0
        },
        {
            "name": "澄闪",
            "skill": 2,
            "skill_usage": 0
        },
        {
            "name": "浊心斯卡蒂",
            "skill": 2,
            "skill_usage": 0
        }
    ],
    "actions": [
        {
            "type": "二倍速",
            "name": ""
        },
        {
            "type": "部署",
            "name": "山",
            "location": [
                5,
                4
            ],
            "direction": "下"
        },
        {
            "type": "部署",
            "name": "浊心斯卡蒂",
            "location": [
                6,
                3
            ],
            "direction": "左"
        },
        {
            "type": "部署",
            "name": "澄闪",
            "location": [
                4,
                3
            ],
            "direction": "上"
        },
        {
            "type": "部署",
            "name": "煌",
            "location": [
                6,
                1
            ],
            "direction": "左"
        }
    ]
}