{
    "minimum_required": "v4.0.0",
    "doc": {
        "title": "H5-4 四人摆完挂机",
        "details": "——————————\n作业更新日期: 2025-05-03T12:32:44Z\n统计更新日期: 2025-11-03\n相对评分：100.00%  相对热度：83.28%\n来源：自用修改ing  ID：52163\n——————————\n原视频：https://www.bilibili.com/video/BV1pA411F7Le/\n制作者：一只摆烂的42\n有问题联系QQ2586582719"
    },
    "stage_name": "hard_05-04",
    "opers": [
        {
            "name": "棘刺",
            "skill": 3,
            "skill_usage": 1
        },
        {
            "name": "银灰",
            "skill": 3,
            "skill_usage": 0
        },
        {
            "name": "塞雷娅",
            "skill": 1,
            "skill_usage": 0
        },
        {
            "name": "泥岩",
            "skill": 2,
            "skill_usage": 0
        }
    ],
    "actions": [
        {
            "type": "SpeedUp",
            "name": ""
        },
        {
            "type": "Deploy",
            "name": "棘刺",
            "location": [
                8,
                5
            ],
            "direction": "Left"
        },
        {
            "type": "Deploy",
            "name": "银灰",
            "location": [
                8,
                4
            ],
            "direction": "Left"
        },
        {
            "type": "Deploy",
            "name": "塞雷娅",
            "location": [
                7,
                5
            ],
            "direction": "Left"
        },
        {
            "type": "Deploy",
            "name": "泥岩",
            "location": [
                1,
                6
            ],
            "direction": "Down"
        },
        {
            "type": "SkillDaemon",
            "name": ""
        }
    ]
}