{
    "minimum_required": "v4.0.0",
    "doc": {
        "title": "S5-1",
        "details": "统计日期：2024-06-01\n好评率：55.56%  浏览量：187\n来源：一只摆烂的42  ID：21828\nUP：刻俄柏\n原视频：https://www.bilibili.com/video/BV11q4y1a7aJ/\n制作者：一只摆烂的42\n有问题联系QQ2586582719"
    },
    "stage_name": "sub_05-1-1",
    "opers": [
        {
            "name": "棘刺",
            "skill": 3,
            "skill_usage": 1
        },
        {
            "name": "山",
            "skill": 2,
            "skill_usage": 2
        }
    ],
    "actions": [
        {
            "type": "二倍速",
            "name": ""
        },
        {
            "type": "部署",
            "name": "棘刺",
            "location": [
                4,
                1
            ],
            "direction": "左"
        },
        {
            "type": "部署",
            "name": "山",
            "location": [
                5,
                5
            ],
            "direction": "左"
        },
        {
            "type": "摆完挂机",
            "name": ""
        }
    ]
}