{
    "minimum_required": "v4.0.0",
    "doc": {
        "title": "S5-1",
        "details": "统计日期：2024-06-01\n好评率：100.0%  浏览量：148\n来源：一只摆烂的42  ID：21827\nUP：侬无言以对\n原视频：https://www.bilibili.com/video/BV14L4y1e7Qm/\n制作者：一只摆烂的42\n有问题联系QQ2586582719"
    },
    "stage_name": "sub_05-1-1",
    "opers": [
        {
            "name": "煌",
            "skill": 2,
            "skill_usage": 0
        },
        {
            "name": "羽毛笔",
            "skill": 1,
            "skill_usage": 0
        }
    ],
    "actions": [
        {
            "type": "部署",
            "name": "煌",
            "location": [
                3,
                1
            ],
            "direction": "左"
        },
        {
            "type": "二倍速",
            "name": ""
        },
        {
            "type": "部署",
            "name": "羽毛笔",
            "location": [
                2,
                6
            ],
            "direction": "左"
        }
    ]
}