{
    "minimum_required": "v4.0.0",
    "stage_name": "sub_05-3-2",
    "actions": [
        {
            "type": "Deploy",
            "name": "芬",
            "location": [
                6,
                2
            ],
            "direction": "Up"
        },
        {
            "type": "Deploy",
            "name": "令",
            "location": [
                7,
                2
            ],
            "direction": "Left"
        },
        {
            "type": "Deploy",
            "name": "“弦惊”",
            "location": [
                6,
                5
            ],
            "direction": "Up"
        },
        {
            "type": "SpeedUp"
        },
        {
            "type": "Deploy",
            "name": "“弦惊”",
            "location": [
                6,
                3
            ],
            "direction": "Down"
        },
        {
            "type": "Deploy",
            "name": "“弦惊”",
            "location": [
                1,
                1
            ],
            "direction": "Left"
        },
        {
            "type": "Deploy",
            "name": "“弦惊”",
            "location": [
                7,
                3
            ],
            "direction": "Left"
        },
        {
            "type": "Deploy",
            "name": "“弦惊”",
            "location": [
                2,
                1
            ],
            "direction": "Left"
        },
        {
            "type": "Deploy",
            "name": "“弦惊”",
            "location": [
                6,
                6
            ],
            "direction": "Up"
        },
        {
            "type": "Retreat",
            "name": "芬",
            "location": [
                6,
                2
            ]
        },
        {
            "type": "Deploy",
            "name": "“弦惊”",
            "location": [
                2,
                4
            ],
            "kills": 37,
            "direction": "Left"
        },
        {
            "type": "SkillDaemon"
        }
    ],
    "doc": {
        "title": "第五章 靶向药物 - S5-6 - 恐慌-2 - 令",
        "details": "——————————\n作业更新日期: 2024-04-04T11:52:37Z\n统计更新日期: 2025-06-11\n好评率：75.0%  浏览量：760\n来源：小卡拉帕鲁灰  ID：35659\n——————————\n\n满配3模"
    },
    "groups": [],
    "opers": [
        {
            "name": "令",
            "skill": 3,
            "skill_usage": 1
        },
        {
            "name": "芬",
            "skill": 1,
            "skill_usage": 0
        }
    ]
}