{
    "minimum_required": "v4.0.0",
    "doc": {
        "title": "S5-6",
        "details": "作业更新日期: 2023-03-25T09:08:15Z\n统计更新日期: 2024-10-09\n好评率：50.0%  浏览量：663\n来源：一只摆烂的42  ID：21836\nUP：侬无言以对\n原视频：https://www.bilibili.com/video/BV1JL4y1Y7xQ/\n制作者：一只摆烂的42\n有问题联系QQ2586582719"
    },
    "stage_name": "sub_05-3-2",
    "opers": [
        {
            "name": "艾雅法拉",
            "skill": 2,
            "skill_usage": 0
        },
        {
            "name": "泥岩",
            "skill": 2,
            "skill_usage": 0
        }
    ],
    "actions": [
        {
            "type": "二倍速",
            "name": ""
        },
        {
            "type": "部署",
            "name": "艾雅法拉",
            "location": [
                7,
                4
            ],
            "direction": "上"
        },
        {
            "type": "部署",
            "name": "泥岩",
            "location": [
                5,
                4
            ],
            "direction": "右"
        }
    ]
}