{
    "minimum_required": "v4.0.0",
    "stage_name": "sub_05-4-1",
    "actions": [
        {
            "type": "Deploy",
            "name": "棘刺",
            "location": [
                8,
                5
            ],
            "direction": "Up"
        },
        {
            "type": "Deploy",
            "name": "【守护者】精一满级及以上练度",
            "location": [
                9,
                2
            ],
            "direction": "Up"
        },
        {
            "type": "SpeedUp"
        },
        {
            "type": "Deploy",
            "name": "干扰装置",
            "location": [
                7,
                4
            ],
            "direction": "None"
        },
        {
            "type": "SkillDaemon"
        }
    ],
    "doc": {
        "title": "第五章 靶向药物 - S5-7 - 盘旋-1-棘刺单核",
        "details": "——————————\n作业更新日期: 2024-04-04T11:59:23Z\n统计更新日期: 2025-06-11\n好评率：89.19%  浏览量：1017\n来源：小卡拉帕鲁灰  ID：35660\n——————————\n\n专3"
    },
    "groups": [
        {
            "name": "【守护者】精一满级及以上练度",
            "opers": [
                {
                    "name": "塞雷娅",
                    "skill": 1,
                    "skill_usage": 0
                },
                {
                    "name": "黍",
                    "skill": 1,
                    "skill_usage": 0
                },
                {
                    "name": "瑕光",
                    "skill": 1,
                    "skill_usage": 0
                },
                {
                    "name": "吽",
                    "skill": 2,
                    "skill_usage": 1
                },
                {
                    "name": "临光",
                    "skill": 1,
                    "skill_usage": 0
                },
                {
                    "name": "深律",
                    "skill": 1,
                    "skill_usage": 0
                },
                {
                    "name": "斑点",
                    "skill": 1,
                    "skill_usage": 1
                },
                {
                    "name": "古米",
                    "skill": 1,
                    "skill_usage": 0
                }
            ]
        }
    ],
    "opers": [
        {
            "name": "棘刺",
            "skill": 3,
            "skill_usage": 1
        }
    ]
}