{
    "minimum_required": "v4.0.0",
    "stage_name": "sub_05-4-1",
    "actions": [
        {
            "type": "SpeedUp",
            "name": ""
        },
        {
            "type": "Deploy",
            "name": "棘刺",
            "location": [
                8,
                5
            ],
            "direction": "Up"
        },
        {
            "type": "Deploy",
            "name": "黑角",
            "location": [
                9,
                2
            ],
            "direction": "Left"
        },
        {
            "type": "Deploy",
            "name": "干扰装置",
            "location": [
                7,
                4
            ],
            "direction": "None"
        },
        {
            "type": "SkillDaemon",
            "name": ""
        }
    ],
    "doc": {
        "title": "S5-7 棘刺乱杀",
        "details": "统计日期：2024-05-25\n好评率：56.67%  浏览量：1104\n来源：一只摆烂的42  ID：21768\nhttps://www.bilibili.com/video/BV1DT411w7Rf/\n棘刺2903\n有问题联系制作者QQ2586582719"
    },
    "groups": [],
    "opers": [
        {
            "name": "棘刺",
            "skill": 3,
            "skill_usage": 1
        },
        {
            "name": "黑角",
            "skill": 1,
            "skill_usage": 0
        }
    ]
}