{
    "minimum_required": "v4.0.0",
    "stage_name": "sub_05-4-2",
    "actions": [
        {
            "type": "Deploy",
            "name": "芬",
            "location": [
                7,
                5
            ],
            "direction": "Left"
        },
        {
            "type": "Deploy",
            "name": "令",
            "location": [
                6,
                4
            ],
            "direction": "Left"
        },
        {
            "type": "Deploy",
            "name": "“弦惊”",
            "location": [
                6,
                1
            ],
            "direction": "Left"
        },
        {
            "type": "SpeedUp"
        },
        {
            "type": "Deploy",
            "name": "“弦惊”",
            "location": [
                1,
                6
            ],
            "direction": "Left"
        },
        {
            "type": "Deploy",
            "name": "【守护者】精一满级及以上练度",
            "location": [
                6,
                5
            ],
            "direction": "Left"
        },
        {
            "type": "Retreat",
            "name": "芬",
            "location": [
                7,
                5
            ]
        },
        {
            "type": "Deploy",
            "name": "“弦惊”",
            "location": [
                5,
                1
            ],
            "direction": "Left"
        },
        {
            "type": "Deploy",
            "name": "“弦惊”",
            "location": [
                2,
                6
            ],
            "direction": "Left"
        },
        {
            "type": "Deploy",
            "name": "“弦惊”",
            "location": [
                3,
                1
            ],
            "direction": "Right"
        },
        {
            "type": "Deploy",
            "name": "“弦惊”",
            "location": [
                6,
                1
            ],
            "direction": "Left"
        },
        {
            "type": "SkillDaemon"
        }
    ],
    "doc": {
        "title": "第五章 靶向药物 - S5-8 - 盘旋-2 -令",
        "details": "——————————\n作业更新日期: 2024-04-04T12:08:31Z\n统计更新日期: 2025-06-11\n好评率：86.67%  浏览量：613\n来源：小卡拉帕鲁灰  ID：35661\n——————————\n\n满配3模"
    },
    "groups": [
        {
            "name": "【守护者】精一满级及以上练度",
            "opers": [
                {
                    "name": "塞雷娅",
                    "skill": 1,
                    "skill_usage": 0
                },
                {
                    "name": "黍",
                    "skill": 1,
                    "skill_usage": 0
                },
                {
                    "name": "临光",
                    "skill": 1,
                    "skill_usage": 0
                },
                {
                    "name": "深律",
                    "skill": 1,
                    "skill_usage": 0
                },
                {
                    "name": "斑点",
                    "skill": 1,
                    "skill_usage": 1
                },
                {
                    "name": "古米",
                    "skill": 1,
                    "skill_usage": 0
                }
            ]
        }
    ],
    "opers": [
        {
            "name": "令",
            "skill": 3,
            "skill_usage": 1
        },
        {
            "name": "芬",
            "skill": 1,
            "skill_usage": 0
        }
    ]
}