{
    "minimum_required": "v4.0.0",
    "doc": {
        "title": "S5-9 双人信赖+开晶体电子单元",
        "details": "——————————\n作业更新日期: 2025-09-11T04:31:11Z\n统计更新日期: 2025-09-15\n相对评分：95.12%  相对热度：100.00%\n来源：一只摆烂的42  ID：21771\n——————————\n原视频：https://www.bilibili.com/video/BV16P4y1a7ed/\n制作者：一只摆烂的42\n有问题联系QQ2586582719\n修改自用请删除我的QQ"
    },
    "stage_name": "sub_05-4-3",
    "opers": [
        {
            "name": "塞雷娅",
            "skill": 2,
            "skill_usage": 0
        }
    ],
    "actions": [
        {
            "type": "SpeedUp",
            "name": ""
        },
        {
            "type": "Deploy",
            "name": "近卫",
            "location": [
                8,
                5
            ],
            "direction": "Up"
        },
        {
            "type": "Deploy",
            "name": "塞雷娅",
            "direction": "Left",
            "location": [
                9,
                3
            ]
        },
        {
            "type": "SkillDaemon"
        }
    ],
    "groups": [
        {
            "name": "近卫",
            "opers": [
                {
                    "name": "煌",
                    "skill": 2,
                    "skill_usage": 0
                },
                {
                    "name": "乌尔比安",
                    "skill": 2,
                    "skill_usage": 0
                }
            ]
        }
    ]
}