{
    "minimum_required": "v4.0.0",
    "doc": {
        "title": "艾雅法拉&流明的模组任务-OF-5（修复版）",
        "details": "作业更新日期: 2023-06-17T11:00:50Z\n统计更新日期: 2024-07-24\n好评率：100.0%  浏览量：1207\n来源：一只摆烂的42  ID：24093\n\nUP主：鬼魅ghost白\n原视频：https://www.bilibili.com/video/av777877661/\n——————\n艾雅法拉两个任务可以一次完成\n流明二模组只完成关卡任务\n——————\n有问题联系制作者QQ2586582719"
    },
    "stage_name": "a003_05",
    "opers": [
        {
            "name": "艾雅法拉",
            "skill": 2,
            "skill_usage": 0
        },
        {
            "name": "山",
            "skill": 2,
            "skill_usage": 2
        },
        {
            "name": "流明",
            "skill": 3,
            "skill_usage": 1
        }
    ],
    "actions": [
        {
            "type": "二倍速",
            "name": ""
        },
        {
            "type": "部署",
            "name": "艾雅法拉",
            "location": [
                9,
                4
            ],
            "direction": "左"
        },
        {
            "type": "部署",
            "name": "山",
            "location": [
                8,
                3
            ],
            "direction": "左"
        },
        {
            "type": "Deploy",
            "name": "流明",
            "location": [
                8,
                5
            ],
            "direction": "上"
        },
        {
            "type": "打印",
            "name": "",
            "doc": "有问题联系制作者QQ2586582719",
            "doc_color": "SpringGreen"
        },
        {
            "type": "摆完挂机",
            "name": ""
        }
    ],
    "groups": []
}