{
    "minimum_required": "v4.0.0",
    "stage_name": "a003_05",
    "actions": [
        {
            "type": "Deploy",
            "name": "令",
            "location": [
                4,
                3
            ],
            "direction": "Up"
        },
        {
            "type": "Deploy",
            "name": "“弦惊”",
            "location": [
                6,
                3
            ],
            "direction": "Left"
        },
        {
            "type": "SpeedUp"
        },
        {
            "type": "Deploy",
            "name": "“弦惊”",
            "location": [
                2,
                4
            ],
            "direction": "Left"
        },
        {
            "type": "Deploy",
            "name": "“弦惊”",
            "location": [
                7,
                3
            ],
            "direction": "Left"
        },
        {
            "type": "Deploy",
            "name": "“弦惊”",
            "location": [
                4,
                4
            ],
            "direction": "Left"
        },
        {
            "type": "Deploy",
            "name": "“弦惊”",
            "location": [
                5,
                4
            ],
            "direction": "Up"
        },
        {
            "type": "Skill",
            "name": "令",
            "kills": 13,
            "pre_delay": 4000
        },
        {
            "type": "Retreat",
            "name": "“弦惊”",
            "location": [
                4,
                4
            ],
            "kills": 20
        },
        {
            "type": "Deploy",
            "name": "“弦惊”",
            "location": [
                0,
                4
            ],
            "direction": "Down"
        },
        {
            "type": "Skill",
            "name": "令",
            "kills": 28
        },
        {
            "type": "SkillDaemon"
        }
    ],
    "doc": {
        "title": "火蓝之心·复刻 - OF-5 - 别阻止我 令单核",
        "details": "作业更新日期: 2024-01-11T12:57:10Z\n统计更新日期: 2024-07-24\n好评率：100.0%  浏览量：109\n来源：萨拉托加  ID：31764\n\n原作者岚羽家的屑禾苗 JSON作者萨拉托加\n作业交流群545928846，如果作业有问题可以加群找我，评论区不能及时回复，还可以去群里蹲我的新作业\n【火蓝之心，但是令单核少人且低配，简单好抄】 https://www.bilibili.com/video/BV1TB4y1r7Pg/?p=5&share_source=copy_web&vd_source=3fd5040fe25f6a00e19e6072bcccfa4e"
    },
    "groups": [],
    "opers": [
        {
            "name": "令",
            "skill": 3,
            "skill_usage": 0
        }
    ]
}