{
    "minimum_required": "v4.0.0",
    "stage_name": "a003_06",
    "actions": [
        {
            "type": "Deploy",
            "name": "令",
            "location": [
                6,
                4
            ],
            "direction": "Up"
        },
        {
            "type": "Deploy",
            "name": "“弦惊”",
            "location": [
                6,
                3
            ],
            "direction": "Right"
        },
        {
            "type": "SpeedUp"
        },
        {
            "type": "Deploy",
            "name": "“弦惊”",
            "location": [
                4,
                3
            ],
            "direction": "Right"
        },
        {
            "type": "Deploy",
            "name": "“弦惊”",
            "location": [
                10,
                3
            ],
            "direction": "Up"
        },
        {
            "type": "Deploy",
            "name": "“弦惊”",
            "location": [
                10,
                4
            ],
            "direction": "Up"
        },
        {
            "type": "Skill",
            "name": "令",
            "kills": 21
        },
        {
            "type": "Deploy",
            "name": "“弦惊”",
            "location": [
                4,
                5
            ],
            "direction": "Left"
        },
        {
            "type": "Skill",
            "name": "令",
            "kills": 36
        },
        {
            "type": "Retreat",
            "location": [
                6,
                3
            ],
            "kills": 41
        },
        {
            "type": "Deploy",
            "name": "“弦惊”",
            "location": [
                6,
                3
            ],
            "direction": "Right",
            "kills": 42
        },
        {
            "type": "Skill",
            "location": [
                8,
                2
            ],
            "kills": 47,
            "pre_delay": 4000
        },
        {
            "type": "SkillDaemon"
        }
    ],
    "doc": {
        "title": "火蓝之心·复刻 - OF-6 - 杀手女皇 令单核",
        "details": "作业更新日期: 2024-01-11T13:01:03Z\n统计更新日期: 2024-07-24\n好评率：100.0%  浏览量：167\n来源：萨拉托加  ID：31765\n\n原作者岚羽家的屑禾苗 JSON作者萨拉托加\n作业交流群545928846，如果作业有问题可以加群找我，评论区不能及时回复，还可以去群里蹲我的新作业\n【火蓝之心，但是令单核少人且低配，简单好抄】 https://www.bilibili.com/video/BV1TB4y1r7Pg/?p=6&share_source=copy_web&vd_source=3fd5040fe25f6a00e19e6072bcccfa4e"
    },
    "groups": [],
    "opers": [
        {
            "name": "令",
            "skill": 3,
            "skill_usage": 0
        }
    ]
}