{
    "minimum_required": "v4.0",
    "doc": {
        "title": "【火蓝之心】OF-7三人",
        "details": "UP主：刻俄柏_\n原视频：https://www.bilibili.com/video/av426143764/\n有问题联系制作者QQ2586582719"
    },
    "stage_name": "OF-7",
    "opers": [
        {
            "name": "风笛",
            "skill": 2,
            "skill_usage": 0
        },
        {
            "name": "煌",
            "skill": 2,
            "skill_usage": 0
        },
        {
            "name": "塞雷娅",
            "skill": 2,
            "skill_usage": 0
        }
    ],
    "actions": [
        {
            "type": "二倍速",
            "name": ""
        },
        {
            "type": "部署",
            "name": "煌",
            "location": [
                6,
                3
            ],
            "direction": "下"
        },
        {
            "type": "部署",
            "name": "塞雷娅",
            "location": [
                7,
                5
            ],
            "direction": "左"
        },
        {
            "type": "部署",
            "name": "风笛",
            "location": [
                1,
                7
            ],
            "direction": "左"
        },
        {
            "type": "打印",
            "name": "",
            "doc": "有问题联系制作者QQ2586582719",
            "doc_color": "SpringGreen"
        }
    ]
}