{
    "minimum_required": "v4.0",
    "doc": {
        "title": "【火蓝之心】OF-EX6突袭四人",
        "details": "UP主：雨落情初\n原视频：https://www.bilibili.com/video/av839367640/\n有问题联系制作者QQ2586582719"
    },
    "stage_name": "OF-EX6",
    "opers": [
        {
            "name": "棘刺",
            "skill": 3,
            "skill_usage": 1
        },
        {
            "name": "煌",
            "skill": 2,
            "skill_usage": 0
        },
        {
            "name": "拉普兰德",
            "skill": 2,
            "skill_usage": 0
        },
        {
            "name": "塞雷娅",
            "skill": 2,
            "skill_usage": 0
        }
    ],
    "actions": [
        {
            "type": "部署",
            "name": "障碍物",
            "location": [
                4,
                5
            ],
            "direction": "无"
        },
        {
            "type": "二倍速",
            "name": ""
        },
        {
            "type": "部署",
            "name": "煌",
            "location": [
                11,
                5
            ],
            "direction": "下"
        },
        {
            "type": "部署",
            "name": "棘刺",
            "location": [
                8,
                4
            ],
            "direction": "下"
        },
        {
            "type": "部署",
            "name": "障碍物",
            "location": [
                4,
                1
            ],
            "direction": "无"
        },
        {
            "type": "部署",
            "name": "障碍物",
            "location": [
                4,
                3
            ],
            "direction": "无"
        },
        {
            "type": "部署",
            "name": "拉普兰德",
            "location": [
                10,
                5
            ],
            "direction": "下"
        },
        {
            "type": "部署",
            "name": "塞雷娅",
            "location": [
                9,
                5
            ],
            "direction": "左"
        },
        {
            "type": "打印",
            "name": "",
            "doc": "有问题联系制作者QQ2586582719",
            "doc_color": "SpringGreen"
        }
    ]
}