{
    "minimum_required": "v4.0",
    "doc": {
        "title": "【火蓝之心】OF-EX6突袭七人",
        "details": "UP主：刻俄柏_\n原视频：https://www.bilibili.com/video/av596344694/\n有问题联系制作者QQ2586582719"
    },
    "stage_name": "OF-EX6",
    "opers": [
        {
            "name": "煌",
            "skill": 2,
            "skill_usage": 0
        },
        {
            "name": "泥岩",
            "skill": 2,
            "skill_usage": 0
        },
        {
            "name": "空弦",
            "skill": 1,
            "skill_usage": 0
        },
        {
            "name": "芬",
            "skill": 1,
            "skill_usage": 0
        },
        {
            "name": "史都华德",
            "skill": 1,
            "skill_usage": 0
        },
        {
            "name": "安赛尔",
            "skill": 1,
            "skill_usage": 0
        },
        {
            "name": "梓兰",
            "skill": 1,
            "skill_usage": 0
        }
    ],
    "actions": [
        {
            "type": "二倍速",
            "name": ""
        },
        {
            "type": "部署",
            "name": "煌",
            "location": [
                3,
                5
            ],
            "direction": "下"
        },
        {
            "type": "部署",
            "name": "安赛尔",
            "location": [
                2,
                2
            ],
            "direction": "下"
        },
        {
            "type": "部署",
            "name": "芬",
            "location": [
                3,
                4
            ],
            "direction": "下"
        },
        {
            "type": "部署",
            "name": "障碍物",
            "location": [
                1,
                4
            ],
            "direction": "无"
        },
        {
            "type": "部署",
            "name": "障碍物",
            "location": [
                4,
                3
            ],
            "direction": "无"
        },
        {
            "type": "部署",
            "name": "障碍物",
            "location": [
                4,
                5
            ],
            "direction": "无"
        },
        {
            "type": "部署",
            "name": "空弦",
            "location": [
                9,
                6
            ],
            "direction": "左"
        },
        {
            "type": "部署",
            "name": "梓兰",
            "location": [
                8,
                6
            ],
            "direction": "左"
        },
        {
            "type": "部署",
            "name": "泥岩",
            "location": [
                10,
                1
            ],
            "direction": "左"
        },
        {
            "type": "部署",
            "name": "史都华德",
            "location": [
                11,
                1
            ],
            "direction": "左"
        },
        {
            "type": "打印",
            "name": "",
            "doc": "有问题联系制作者QQ2586582719",
            "doc_color": "SpringGreen"
        }
    ]
}