{
    "minimum_required": "v4.0",
    "doc": {
        "title": "【火蓝之心】OF-EX3突袭三人",
        "details": "UP主：刻俄柏_\n原视频：https://www.bilibili.com/video/av811212499/\n有问题联系制作者QQ2586582719"
    },
    "stage_name": "OF-EX3",
    "opers": [
        {
            "name": "煌",
            "skill": 2,
            "skill_usage": 0
        },
        {
            "name": "山",
            "skill": 2,
            "skill_usage": 2
        },
        {
            "name": "浊心斯卡蒂",
            "skill": 2,
            "skill_usage": 0
        }
    ],
    "actions": [
        {
            "type": "二倍速",
            "name": ""
        },
        {
            "type": "部署",
            "name": "煌",
            "location": [
                10,
                5
            ],
            "direction": "左"
        },
        {
            "type": "部署",
            "name": "山",
            "location": [
                8,
                5
            ],
            "direction": "左"
        },
        {
            "type": "部署",
            "name": "浊心斯卡蒂",
            "location": [
                9,
                6
            ],
            "direction": "上"
        },
        {
            "type": "打印",
            "name": "",
            "doc": "有问题联系制作者QQ2586582719",
            "doc_color": "SpringGreen"
        }
    ]
}