{
    "minimum_required": "v4.0.0",
    "doc": {
        "title": "【火蓝之心】OF-F1双人",
        "details": "作业更新日期: 2023-04-30T00:16:02Z\n统计更新日期: 2024-07-24\n好评率：94.44%  浏览量：331\n来源：一只摆烂的42  ID：22940\n\nUP主：刻俄柏_\n原视频：https://www.bilibili.com/video/av853703878/\n有问题联系制作者QQ2586582719"
    },
    "stage_name": "a003_f01",
    "opers": [
        {
            "name": "煌",
            "skill": 2,
            "skill_usage": 0
        },
        {
            "name": "泥岩",
            "skill": 2,
            "skill_usage": 0
        }
    ],
    "actions": [
        {
            "type": "二倍速",
            "name": ""
        },
        {
            "type": "部署",
            "name": "煌",
            "location": [
                5,
                1
            ],
            "direction": "左"
        },
        {
            "type": "部署",
            "name": "泥岩",
            "location": [
                10,
                6
            ],
            "direction": "右"
        },
        {
            "type": "打印",
            "name": "",
            "doc": "有问题联系制作者QQ2586582719",
            "doc_color": "SpringGreen"
        }
    ]
}