{
    "minimum_required": "v4.0.0",
    "doc": {
        "title": "【火蓝之心】OF-F4四人 优化版",
        "details": "作业更新日期: 2024-07-24T10:04:00Z\n统计更新日期: 2024-07-24\n好评率：0.0%  浏览量：1\n来源：一只摆烂的42  ID：39602\n\nUP主：刻俄柏_\n原视频：https://www.bilibili.com/video/av468730230/\n有问题联系制作者QQ2586582719"
    },
    "stage_name": "a003_f04",
    "opers": [
        {
            "name": "煌",
            "skill": 2,
            "skill_usage": 0
        },
        {
            "name": "山",
            "skill": 2,
            "skill_usage": 2
        },
        {
            "name": "拉普兰德",
            "skill": 2,
            "skill_usage": 0
        },
        {
            "name": "夜莺",
            "skill": 2,
            "skill_usage": 0
        }
    ],
    "actions": [
        {
            "type": "二倍速",
            "name": ""
        },
        {
            "type": "部署",
            "name": "山",
            "location": [
                7,
                2
            ],
            "direction": "下"
        },
        {
            "type": "部署",
            "name": "煌",
            "location": [
                3,
                4
            ],
            "direction": "左"
        },
        {
            "type": "部署",
            "name": "拉普兰德",
            "location": [
                4,
                4
            ],
            "direction": "左"
        },
        {
            "type": "部署",
            "name": "夜莺",
            "location": [
                4,
                6
            ],
            "direction": "上"
        },
        {
            "type": "打印",
            "name": "",
            "doc": "有问题联系制作者QQ2586582719",
            "doc_color": "SpringGreen"
        }
    ],
    "groups": []
}