{
    "minimum_required": "v4.0.0",
    "stage_name": "act11d0_02",
    "actions": [
        {
            "type": "Deploy",
            "name": "令",
            "location": [
                9,
                3
            ],
            "direction": "Left"
        },
        {
            "type": "Deploy",
            "name": "“弦惊”",
            "location": [
                8,
                4
            ],
            "direction": "Left"
        },
        {
            "type": "Deploy",
            "name": "“弦惊”",
            "location": [
                4,
                2
            ],
            "direction": "Left"
        },
        {
            "type": "SpeedUp"
        },
        {
            "type": "Deploy",
            "name": "“弦惊”",
            "location": [
                4,
                6
            ],
            "direction": "Left"
        },
        {
            "type": "Deploy",
            "name": "“弦惊”",
            "location": [
                5,
                2
            ],
            "direction": "Left"
        },
        {
            "type": "Deploy",
            "name": "“弦惊”",
            "location": [
                4,
                5
            ],
            "direction": "Down"
        },
        {
            "type": "Deploy",
            "name": "“弦惊”",
            "location": [
                3,
                6
            ],
            "direction": "Left"
        },
        {
            "type": "SkillDaemon"
        }
    ],
    "doc": {
        "title": "沃伦姆德的薄暮·复刻 - TW-2 ",
        "details": "作业更新日期: 2024-01-31T08:49:33Z\n统计更新日期: 2024-07-24\n好评率：83.33%  浏览量：140\n来源：小卡拉帕鲁灰🐖  ID：32387\n\nTW-令\n核心90级专3，3级模组"
    },
    "groups": [],
    "opers": [
        {
            "name": "令",
            "skill": 3,
            "skill_usage": 1
        }
    ]
}