{
    "minimum_required": "v4.0.0",
    "stage_name": "act11d0_05",
    "actions": [
        {
            "type": "Deploy",
            "name": "令",
            "location": [
                7,
                4
            ],
            "direction": "Up"
        },
        {
            "type": "Deploy",
            "name": "“弦惊”",
            "location": [
                5,
                1
            ],
            "direction": "Right"
        },
        {
            "type": "SpeedUp"
        },
        {
            "type": "Deploy",
            "name": "“弦惊”",
            "location": [
                9,
                2
            ],
            "direction": "Left"
        },
        {
            "type": "Skill",
            "name": "令",
            "location": [
                7,
                4
            ]
        },
        {
            "type": "Deploy",
            "name": "克洛丝",
            "location": [
                9,
                3
            ],
            "direction": "Down"
        },
        {
            "type": "Deploy",
            "name": "“弦惊”",
            "location": [
                2,
                2
            ],
            "direction": "Right"
        },
        {
            "type": "Deploy",
            "name": "“弦惊”",
            "location": [
                7,
                6
            ],
            "direction": "Right"
        },
        {
            "type": "Retreat",
            "name": "“弦惊”",
            "location": [
                9,
                2
            ],
            "kills": 12
        },
        {
            "type": "Deploy",
            "name": "“弦惊”",
            "location": [
                3,
                3
            ],
            "direction": "Down"
        },
        {
            "type": "Skill",
            "name": "令",
            "location": [
                7,
                4
            ]
        },
        {
            "type": "Retreat",
            "name": "“弦惊”",
            "location": [
                7,
                6
            ],
            "kills": 18,
            "pre_delay": 3000
        },
        {
            "type": "Deploy",
            "name": "“弦惊”",
            "location": [
                7,
                6
            ],
            "direction": "Right"
        },
        {
            "type": "Deploy",
            "name": "克洛丝",
            "location": [
                7,
                3
            ],
            "direction": "Down"
        },
        {
            "type": "Deploy",
            "name": "“弦惊”",
            "location": [
                7,
                6
            ],
            "direction": "Right"
        },
        {
            "type": "Skill",
            "name": "令",
            "location": [
                7,
                4
            ],
            "kills": 24
        },
        {
            "type": "Deploy",
            "name": "“弦惊”",
            "location": [
                4,
                2
            ],
            "direction": "Left"
        },
        {
            "type": "SkillDaemon"
        }
    ],
    "doc": {
        "title": "沃伦姆德的薄暮·复刻 - TW-5 - 冬灵挽歌",
        "details": "作业更新日期: 2024-02-25T12:38:31Z\n统计更新日期: 2024-07-24\n好评率：81.82%  浏览量：212\n来源：小卡拉帕鲁灰🐖  ID：32389\n\nTW-令"
    },
    "groups": [],
    "opers": [
        {
            "name": "令",
            "skill": 3,
            "skill_usage": 0
        },
        {
            "name": "克洛丝",
            "skill": 1,
            "skill_usage": 0
        }
    ]
}