{
    "minimum_required": "v4.0.0",
    "stage_name": "act11d0_ex08",
    "actions": [
        {
            "type": "Deploy",
            "name": "桃金娘",
            "location": [
                6,
                1
            ],
            "direction": "Right"
        },
        {
            "type": "Deploy",
            "name": "劳模",
            "location": [
                8,
                3
            ],
            "direction": "Up"
        },
        {
            "type": "Deploy",
            "name": "必要先锋",
            "location": [
                3,
                1
            ],
            "direction": "Right"
        },
        {
            "type": "SpeedUp"
        },
        {
            "type": "Deploy",
            "name": "单奶",
            "location": [
                7,
                4
            ],
            "direction": "Up"
        },
        {
            "type": "Deploy",
            "name": "大爹",
            "location": [
                7,
                1
            ],
            "direction": "Right"
        },
        {
            "type": "Deploy",
            "name": "附属奶",
            "location": [
                8,
                4
            ],
            "direction": "Up"
        },
        {
            "type": "Deploy",
            "name": "伊芙利特",
            "location": [
                8,
                6
            ],
            "direction": "Up"
        },
        {
            "type": "Skill",
            "location": [
                8,
                4
            ],
            "kills": 9
        },
        {
            "type": "Retreat",
            "name": "桃金娘",
            "location": [
                6,
                1
            ],
            "kills": 15
        },
        {
            "type": "Deploy",
            "name": "史尔特尔",
            "location": [
                6,
                1
            ],
            "direction": "Right"
        },
        {
            "type": "Skill",
            "name": "史尔特尔",
            "location": [
                6,
                1
            ],
            "kills": 28,
            "pre_delay": 4000
        },
        {
            "type": "SkillDaemon"
        }
    ],
    "doc": {
        "title": "沃伦姆德的薄暮·复刻 - TW-EX-8 - 守望远方 限定星熊",
        "details": "作业更新日期: 2023-10-27T15:40:54Z\n统计更新日期: 2024-07-24\n好评率：94.87%  浏览量：1707\n来源：无关紧要  ID：29461\n\nB站：萧然\n https://www.bilibili.com/video/BV1dg411g7np/?p=24&share_source=copy_web&vd_source=68b77acc817c8e01ef24ea48e7b1abae\n修改后纯挂机，参考等级精二60级,塞雷娅Y模。实在是扛不住就换成星熊。"
    },
    "groups": [
        {
            "name": "劳模",
            "opers": [
                {
                    "name": "棘刺",
                    "skill": 3,
                    "skill_usage": 1
                },
                {
                    "name": "煌",
                    "skill": 2,
                    "skill_usage": 0
                }
            ]
        },
        {
            "name": "单奶",
            "opers": [
                {
                    "name": "流明",
                    "skill": 3,
                    "skill_usage": 1
                },
                {
                    "name": "闪灵",
                    "skill": 2,
                    "skill_usage": 0
                }
            ]
        },
        {
            "name": "必要先锋",
            "opers": [
                {
                    "name": "德克萨斯",
                    "skill": 1,
                    "skill_usage": 0
                },
                {
                    "name": "风笛",
                    "skill": 2,
                    "skill_usage": 0
                }
            ]
        },
        {
            "name": "附属奶",
            "opers": [
                {
                    "name": "赫墨",
                    "skill": 1,
                    "skill_usage": 0
                },
                {
                    "name": "苏苏洛",
                    "skill": 2,
                    "skill_usage": 0
                },
                {
                    "name": "安赛尔",
                    "skill": 1,
                    "skill_usage": 0
                }
            ]
        },
        {
            "name": "大爹",
            "opers": [
                {
                    "name": "星熊",
                    "skill": 2,
                    "skill_usage": 0
                }
            ]
        }
    ],
    "opers": [
        {
            "name": "桃金娘",
            "skill": 1,
            "skill_usage": 1
        },
        {
            "name": "史尔特尔",
            "skill": 3,
            "skill_usage": 0
        },
        {
            "name": "伊芙利特",
            "skill": 2,
            "skill_usage": 0
        }
    ],
    "difficulty": 3
}