{
    "stage_name": "9-3 (磨难)",
    "opers": [
        {
            "name": "煌",
            "skill": 2
        },
        {
            "name": "塞雷娅",
            "skill": 2
        },
        {
            "name": "艾雅法拉",
            "skill": 2
        }
    ],
    "groups": [],
    "actions": [
        {
            "name": "",
            "type": "SpeedUp"
        },
        {
            "name": "煌",
            "type": "Deploy",
            "location": [
                4,
                5
            ],
            "direction": "Right"
        },
        {
            "name": "艾雅法拉",
            "type": "Deploy",
            "location": [
                7,
                4
            ],
            "direction": "Left"
        },
        {
            "name": "塞雷娅",
            "type": "Deploy",
            "location": [
                5,
                5
            ],
            "direction": "Right"
        },
        {
            "name": "",
            "type": "SkillDaemon"
        }
    ],
    "minimum_required": "v4.0",
    "doc": {
        "title": "萧然挂机作业，高练度需求注意",
        "details": "延迟要求：低"
    }
}