{
    "minimum_required": "v4.0.0",
    "stage_name": "act19side_07",
    "actions": [
        {
            "type": "SpeedUp"
        },
        {
            "type": "Deploy",
            "name": "令",
            "location": [
                8,
                1
            ],
            "direction": "Left"
        },
        {
            "type": "Deploy",
            "name": "“弦惊”",
            "location": [
                4,
                6
            ],
            "direction": "Right"
        },
        {
            "type": "Deploy",
            "name": "“弦惊”",
            "location": [
                9,
                4
            ],
            "direction": "Right"
        },
        {
            "type": "Deploy",
            "name": "“弦惊”",
            "location": [
                5,
                6
            ],
            "direction": "Right"
        },
        {
            "type": "Deploy",
            "name": "“弦惊”",
            "location": [
                3,
                4
            ],
            "direction": "Left"
        },
        {
            "type": "Retreat",
            "location": [
                9,
                4
            ],
            "kills": 16
        },
        {
            "type": "Deploy",
            "name": "“弦惊”",
            "location": [
                5,
                1
            ],
            "direction": "Right"
        },
        {
            "type": "Deploy",
            "name": "“弦惊”",
            "location": [
                4,
                4
            ],
            "direction": "Left"
        },
        {
            "type": "Deploy",
            "name": "“弦惊”",
            "location": [
                4,
                1
            ],
            "direction": "Right"
        },
        {
            "type": "SkillDaemon"
        }
    ],
    "doc": {
        "title": "绿野幻梦 - DV-7 - 疯狂的信号 令单人",
        "details": "作业更新日期: 2023-07-18T13:22:35Z\n统计更新日期: 2024-07-16\n好评率：79.45%  浏览量：1832\n来源：koloc  ID：24686\n\nhttps://www.bilibili.com/video/BV1Mv4y1M77N/\n\n满练无潜测试通过，练度稍微低点应该也能过，挺极限的（\n\n如果MAA不识别，删除MAA文件夹下的cache文件夹并重启MAA"
    },
    "groups": [],
    "opers": [
        {
            "name": "令",
            "skill": 3,
            "skill_usage": 1
        }
    ]
}