{
    "minimum_required": "v4.0.0",
    "stage_name": "act19side_08",
    "actions": [
        {
            "type": "SpeedUp"
        },
        {
            "type": "Deploy",
            "name": "令",
            "location": [
                3,
                2
            ],
            "direction": "Right"
        },
        {
            "type": "Deploy",
            "name": "“弦惊”",
            "location": [
                4,
                2
            ],
            "direction": "Down"
        },
        {
            "type": "Deploy",
            "name": "“弦惊”",
            "location": [
                4,
                4
            ],
            "direction": "Right"
        },
        {
            "type": "Skill",
            "location": [
                3,
                2
            ]
        },
        {
            "type": "Deploy",
            "name": "调香师",
            "location": [
                2,
                2
            ],
            "direction": "Right"
        },
        {
            "type": "Deploy",
            "name": "“弦惊”",
            "location": [
                7,
                3
            ],
            "direction": "Left"
        },
        {
            "type": "Deploy",
            "name": "“弦惊”",
            "location": [
                7,
                4
            ],
            "direction": "Up"
        },
        {
            "type": "SkillUsage",
            "name": "令",
            "skill_usage": 2
        },
        {
            "type": "Deploy",
            "name": "“弦惊”",
            "location": [
                7,
                4
            ],
            "direction": "Left"
        },
        {
            "type": "Retreat",
            "location": [
                7,
                3
            ],
            "kills": 11
        },
        {
            "type": "Deploy",
            "name": "“弦惊”",
            "location": [
                3,
                3
            ],
            "direction": "Right"
        },
        {
            "type": "Deploy",
            "name": "“弦惊”",
            "location": [
                3,
                4
            ],
            "direction": "Up"
        },
        {
            "type": "Deploy",
            "name": "“弦惊”",
            "location": [
                5,
                2
            ],
            "direction": "Left"
        },
        {
            "type": "Output",
            "kills": 17,
            "rear_delay": 3200,
            "doc": ""
        },
        {
            "type": "Skill",
            "name": "令"
        },
        {
            "type": "Deploy",
            "name": "“弦惊”",
            "location": [
                4,
                4
            ],
            "direction": "Up"
        },
        {
            "type": "Deploy",
            "name": "“弦惊”",
            "location": [
                3,
                4
            ],
            "direction": "Right"
        },
        {
            "type": "SkillUsage",
            "name": "令",
            "skill_usage": 1
        },
        {
            "type": "Deploy",
            "name": "“弦惊”",
            "location": [
                2,
                3
            ],
            "direction": "Right"
        },
        {
            "type": "Deploy",
            "name": "“弦惊”",
            "location": [
                3,
                3
            ],
            "direction": "Right"
        },
        {
            "type": "SkillDaemon"
        }
    ],
    "doc": {
        "title": "绿野幻梦 - DV-8 - 连接内心 令+奶双人",
        "details": "作业更新日期: 2023-07-19T05:07:24Z\n统计更新日期: 2024-07-16\n好评率：76.09%  浏览量：1192\n来源：popopa  ID：24726\n\nhttps://www.bilibili.com/video/BV1BU4y1S7Ya/\n\n满练无潜测试通过\n\n可以下载json搜索 嘉维尔 替换成任何血量+防御>1500的奶\n\n如果MAA不识别，删除MAA文件夹下的cache文件夹并重启MAA"
    },
    "groups": [],
    "opers": [
        {
            "name": "令",
            "skill": 3,
            "skill_usage": 0
        },
        {
            "name": "调香师",
            "skill": 1,
            "skill_usage": 1
        }
    ]
}