{
    "actions": [
        {
            "type": "部署",
            "name": "银灰",
            "location": [
                5,
                5
            ],
            "direction": "上"
        },
        {
            "type": "二倍速"
        },
        {
            "type": "部署",
            "name": "山",
            "location": [
                9,
                3
            ],
            "direction": "下"
        },
        {
            "type": "技能",
            "name": "银灰",
            "pre_delay": 230
        },
        {
            "type": "技能",
            "name": "山"
        },
        {
            "type": "部署",
            "name": "凯尔希",
            "location": [
                6,
                1
            ],
            "direction": "下"
        },
        {
            "type": "撤退",
            "name": "银灰",
            "pre_delay": 5685,
            "location": [
                null,
                null
            ]
        },
        {
            "type": "部署",
            "name": "Mon3tr",
            "location": [
                5,
                5
            ],
            "direction": "下"
        },
        {
            "type": "部署",
            "name": "史尔特尔",
            "location": [
                7,
                5
            ],
            "direction": "右",
            "pre_delay": 210
        },
        {
            "type": "技能",
            "name": "史尔特尔",
            "pre_delay": 280
        },
        {
            "type": "撤退",
            "name": "史尔特尔",
            "pre_delay": 11100,
            "location": [
                null,
                null
            ]
        },
        {
            "type": "部署",
            "name": "银灰",
            "location": [
                7,
                5
            ],
            "direction": "下",
            "pre_delay": 12780
        },
        {
            "type": "技能",
            "name": "银灰",
            "pre_delay": 11500
        },
        {
            "kills": 17,
            "type": "技能",
            "name": "凯尔希",
            "pre_delay": 1000
        },
        {
            "kills": 25,
            "type": "撤退",
            "name": "山",
            "location": [
                null,
                null
            ],
            "pre_delay": 1500
        },
        {
            "type": "部署",
            "name": "史尔特尔",
            "location": [
                9,
                3
            ],
            "direction": "下"
        },
        {
            "type": "撤退",
            "name": "Mon3tr",
            "location": [
                null,
                null
            ]
        },
        {
            "type": "撤退",
            "name": "银灰",
            "location": [
                null,
                null
            ],
            "pre_delay": 10000
        },
        {
            "type": "部署",
            "name": "Mon3tr",
            "location": [
                7,
                5
            ],
            "direction": "右"
        },
        {
            "type": "技能",
            "name": "史尔特尔",
            "pre_delay": 100
        },
        {
            "type": "技能",
            "name": "凯尔希"
        }
    ],
    "opers": [
        {
            "name": "银灰",
            "skill": 3
        },
        {
            "name": "山",
            "skill": 2
        },
        {
            "name": "凯尔希",
            "skill": 3,
            "skill_usage": 0
        },
        {
            "name": "史尔特尔",
            "skill": 3
        }
    ],
    "groups": [],
    "stage_name": "DV-8",
    "doc": {
        "title": "DV-8",
        "details": "B站ID：化学老施DV-8速通"
    },
    "minimum_required": "v4.0"
}