{
    "minimum_required": "v4.0.0",
    "stage_name": "act19side_ex08",
    "actions": [
        {
            "type": "SpeedUp"
        },
        {
            "type": "Deploy",
            "costs": 25,
            "name": "桃金娘",
            "location": [
                11,
                6
            ],
            "direction": "Left"
        },
        {
            "type": "Deploy",
            "name": "煌",
            "location": [
                8,
                3
            ],
            "direction": "Left"
        },
        {
            "type": "Deploy",
            "name": "德克萨斯",
            "location": [
                10,
                6
            ],
            "direction": "Left"
        },
        {
            "type": "Deploy",
            "name": "棘刺",
            "location": [
                8,
                5
            ],
            "direction": "Left"
        },
        {
            "type": "Deploy",
            "name": "流明",
            "location": [
                10,
                5
            ],
            "direction": "Left"
        },
        {
            "type": "Deploy",
            "name": "闪灵",
            "location": [
                8,
                6
            ],
            "direction": "Up"
        },
        {
            "type": "Deploy",
            "name": "星熊",
            "location": [
                7,
                5
            ],
            "direction": "Left"
        },
        {
            "type": "Deploy",
            "name": "艾雅法拉",
            "location": [
                6,
                2
            ],
            "costs": 63,
            "direction": "Down",
            "kills": 9
        },
        {
            "type": "Deploy",
            "name": "塞雷娅",
            "location": [
                7,
                3
            ],
            "direction": "Left"
        },
        {
            "type": "SkillUsage",
            "name": "桃金娘",
            "skill_usage": 0
        },
        {
            "type": "SkillUsage",
            "name": "德克萨斯",
            "skill_usage": 0
        },
        {
            "type": "SpeedUp",
            "costs": 29
        },
        {
            "type": "Skill",
            "name": "塞雷娅",
            "location": [
                7,
                3
            ],
            "costs": 35
        },
        {
            "type": "Skill",
            "name": "艾雅法拉",
            "location": [
                6,
                2
            ]
        },
        {
            "type": "SpeedUp"
        },
        {
            "type": "Retreat",
            "costs": 54,
            "name": "艾雅法拉",
            "location": [
                6,
                2
            ],
            "kills": 17
        },
        {
            "type": "Deploy",
            "name": "艾雅法拉",
            "location": [
                8,
                4
            ],
            "direction": "Left"
        },
        {
            "type": "Skill",
            "name": "塞雷娅",
            "location": [
                7,
                3
            ],
            "kills": 28
        },
        {
            "type": "Skill",
            "name": "艾雅法拉",
            "location": [
                8,
                4
            ]
        },
        {
            "type": "SkillUsage",
            "name": "塞雷娅",
            "skill_usage": 1
        },
        {
            "type": "SkillUsage",
            "name": "艾雅法拉",
            "skill_usage": 1
        },
        {
            "type": "SkillDaemon"
        }
    ],
    "doc": {
        "title": "【功课姬】绿野幻梦 - DV-EX-8",
        "details": "作业更新日期: 2023-07-18T17:21:30Z\n统计更新日期: 2024-07-16\n好评率：84.21%  浏览量：6439\n来源：jjhujh  ID：24708\n\nhttps://www.bilibili.com/video/BV1ZT411E7YB?p=9&vd_source=796c43c38b1657f3ff7b41acec078983\n新手发作业，有的地方还不熟练【自作主张替up发一下以前的作业】\n德克萨斯带模组，流明无所谓\nboss死了之后塞雷亚看着血量开技能\n操作建议和改善点请在评论区留言"
    },
    "groups": [],
    "opers": [
        {
            "name": "棘刺",
            "skill": 3,
            "skill_usage": 1
        },
        {
            "name": "煌",
            "skill": 2,
            "skill_usage": 0
        },
        {
            "name": "塞雷娅",
            "skill": 3,
            "skill_usage": 0
        },
        {
            "name": "闪灵",
            "skill": 2,
            "skill_usage": 0
        },
        {
            "name": "德克萨斯",
            "skill": 2,
            "skill_usage": 1
        },
        {
            "name": "艾雅法拉",
            "skill": 3,
            "skill_usage": 0
        },
        {
            "name": "星熊",
            "skill": 2,
            "skill_usage": 0
        },
        {
            "name": "流明",
            "skill": 1,
            "skill_usage": 0
        },
        {
            "name": "桃金娘",
            "skill": 1,
            "skill_usage": 1
        }
    ],
    "difficulty": 2
}