{
    "minimum_required": "v4.0.0",
    "stage_name": "act19side_ex05",
    "actions": [
        {
            "type": "Output",
            "doc_color": "Gold",
            "doc": "为保证部署可靠，在前期部署结束后才会启动二倍速"
        },
        {
            "type": "Deploy",
            "name": "投锋",
            "location": [
                5,
                4
            ],
            "direction": "Left"
        },
        {
            "type": "Deploy",
            "name": "自然回费先锋",
            "location": [
                4,
                4
            ],
            "direction": "Left"
        },
        {
            "type": "Deploy",
            "name": "术士1",
            "location": [
                3,
                3
            ],
            "direction": "Left"
        },
        {
            "type": "Deploy",
            "name": "拉",
            "location": [
                7,
                4
            ],
            "direction": "Up"
        },
        {
            "type": "Deploy",
            "name": "术士2",
            "location": [
                3,
                5
            ],
            "direction": "Left"
        },
        {
            "type": "Deploy",
            "name": "推",
            "location": [
                7,
                1
            ],
            "direction": "Down"
        },
        {
            "type": "Deploy",
            "name": "白面鸮",
            "location": [
                4,
                3
            ],
            "direction": "Down"
        },
        {
            "type": "Deploy",
            "name": "夜莺",
            "location": [
                9,
                2
            ],
            "direction": "Left"
        },
        {
            "type": "SpeedUp",
            "pre_delay": 500,
            "rear_delay": 500
        },
        {
            "type": "Deploy",
            "name": "塞雷娅",
            "location": [
                8,
                2
            ],
            "direction": "Left",
            "kills": 11,
            "doc_color": "DarkCyan",
            "doc": "必须在两个机甲走过去之后部署塞雷娅，如果发生意外请手动接管"
        },
        {
            "type": "Retreat",
            "name": "投锋",
            "location": [
                5,
                4
            ],
            "kills": 20,
            "rear_delay": 500
        },
        {
            "type": "Deploy",
            "name": "挡3盾",
            "location": [
                5,
                4
            ],
            "kills": 20,
            "direction": "Left"
        },
        {
            "type": "Output",
            "doc_color": "#d63384",
            "doc": "作战完成，LARstudio感谢您的使用"
        },
        {
            "type": "SkillDaemon"
        }
    ],
    "doc": {
        "title": "绿野幻梦 - DV-EX-5 - 选择性 【亲测可用】",
        "details": "作业更新日期: 2023-07-19T03:33:41Z\n统计更新日期: 2024-07-16\n好评率：93.89%  浏览量：3223\n来源：呜啾下山LARstudio  ID：24715\n\n攻略来源：魔法Zc目录\nhttps://www.bilibili.com/video/BV1GW4y1d7rs\n因为没有澄闪而用不了现成的作业，一怒之下自己做了一个，第一次做作业，希望能有所帮助"
    },
    "groups": [
        {
            "name": "投锋",
            "opers": [
                {
                    "name": "桃金娘",
                    "skill": 1,
                    "skill_usage": 1
                },
                {
                    "name": "极境",
                    "skill": 1,
                    "skill_usage": 1
                }
            ]
        },
        {
            "name": "自然回费先锋",
            "opers": [
                {
                    "name": "德克萨斯",
                    "skill": 1,
                    "skill_usage": 0
                },
                {
                    "name": "凛冬",
                    "skill": 1,
                    "skill_usage": 0
                },
                {
                    "name": "推进之王",
                    "skill": 1,
                    "skill_usage": 0
                }
            ]
        },
        {
            "name": "术士1",
            "opers": [
                {
                    "name": "艾雅法拉",
                    "skill": 2,
                    "skill_usage": 0
                },
                {
                    "name": "澄闪",
                    "skill": 2,
                    "skill_usage": 0
                },
                {
                    "name": "刻俄柏",
                    "skill": 1,
                    "skill_usage": 0
                }
            ]
        },
        {
            "name": "术士2",
            "opers": [
                {
                    "name": "艾雅法拉",
                    "skill": 2,
                    "skill_usage": 0
                },
                {
                    "name": "澄闪",
                    "skill": 2,
                    "skill_usage": 0
                },
                {
                    "name": "刻俄柏",
                    "skill": 1,
                    "skill_usage": 0
                }
            ]
        },
        {
            "name": "推",
            "opers": [
                {
                    "name": "阿消",
                    "skill": 1,
                    "skill_usage": 0
                },
                {
                    "name": "食铁兽",
                    "skill": 1,
                    "skill_usage": 0
                },
                {
                    "name": "温蒂",
                    "skill": 1,
                    "skill_usage": 0
                }
            ]
        },
        {
            "name": "拉",
            "opers": [
                {
                    "name": "崖心",
                    "skill": 1,
                    "skill_usage": 0
                },
                {
                    "name": "歌蕾蒂娅",
                    "skill": 1,
                    "skill_usage": 0
                },
                {
                    "name": "暗索",
                    "skill": 1,
                    "skill_usage": 0
                }
            ]
        },
        {
            "name": "挡3盾",
            "opers": [
                {
                    "name": "星熊",
                    "skill": 2,
                    "skill_usage": 0
                },
                {
                    "name": "年",
                    "skill": 3,
                    "skill_usage": 0
                }
            ]
        }
    ],
    "opers": [
        {
            "name": "塞雷娅",
            "skill": 1,
            "skill_usage": 0
        },
        {
            "name": "白面鸮",
            "skill": 2,
            "skill_usage": 0
        },
        {
            "name": "夜莺",
            "skill": 2,
            "skill_usage": 0
        }
    ],
    "difficulty": 3
}