{
    "minimum_required": "v4.0.0",
    "stage_name": "act19side_ex05",
    "actions": [
        {
            "type": "SpeedUp",
            "costs": 1
        },
        {
            "type": "Deploy",
            "name": "推进之王",
            "location": [
                4,
                4
            ],
            "direction": "Left",
            "costs": 14
        },
        {
            "type": "Deploy",
            "costs": 20,
            "name": "艾雅法拉",
            "location": [
                4,
                3
            ],
            "direction": "Left"
        },
        {
            "type": "Deploy",
            "name": "钩子",
            "location": [
                7,
                4
            ],
            "direction": "Up",
            "costs": 14
        },
        {
            "type": "Deploy",
            "name": "铃兰",
            "location": [
                3,
                3
            ],
            "direction": "Left",
            "costs": 15
        },
        {
            "type": "Deploy",
            "name": "推手",
            "location": [
                7,
                1
            ],
            "direction": "Down",
            "costs": 20
        },
        {
            "type": "Deploy",
            "name": "小群奶",
            "location": [
                5,
                3
            ],
            "direction": "Left",
            "costs": 15
        },
        {
            "type": "Deploy",
            "name": "大群奶",
            "location": [
                6,
                3
            ],
            "direction": "Right",
            "costs": 18
        },
        {
            "type": "Deploy",
            "name": "伊芙利特",
            "location": [
                8,
                4
            ],
            "direction": "Left",
            "costs": 34
        },
        {
            "type": "Deploy",
            "name": "塞雷娅",
            "location": [
                8,
                2
            ],
            "direction": "Left",
            "costs": 22
        }
    ],
    "doc": {
        "title": "绿野幻梦 - DV-EX-5 - 选择性",
        "details": "作业更新日期: 2023-07-20T03:31:38Z\n统计更新日期: 2024-07-16\n好评率：96.43%  浏览量：990\n来源：墨玉华水  ID：24753\n\n【绿野幻梦】DV-1至DV-8至DV-EX-8突袭 摆完挂机 简单好抄 萧然Q\n因为没白面鸮就开了这个作业，如果用2607的调香师作为小群奶，推进之王会倒下，不过问题不大还是能不漏过关\n钩子和推手都需要有中等力度\n有失败的评论区说一下我再调整调整\n第一次发布作业有什么不足还请多多指教"
    },
    "groups": [
        {
            "name": "大群奶",
            "opers": [
                {
                    "name": "夜莺",
                    "skill": 2,
                    "skill_usage": 0
                }
            ]
        },
        {
            "name": "小群奶",
            "opers": [
                {
                    "name": "调香师",
                    "skill": 1,
                    "skill_usage": 0
                },
                {
                    "name": "白面鸮",
                    "skill": 1,
                    "skill_usage": 0
                }
            ]
        },
        {
            "name": "钩子",
            "opers": [
                {
                    "name": "歌蕾蒂娅",
                    "skill": 1,
                    "skill_usage": 0
                },
                {
                    "name": "暗索",
                    "skill": 1,
                    "skill_usage": 0
                }
            ]
        },
        {
            "name": "推手",
            "opers": [
                {
                    "name": "阿消",
                    "skill": 1,
                    "skill_usage": 0
                },
                {
                    "name": "温蒂",
                    "skill": 1,
                    "skill_usage": 0
                }
            ]
        }
    ],
    "opers": [
        {
            "name": "推进之王",
            "skill": 2,
            "skill_usage": 0
        },
        {
            "name": "艾雅法拉",
            "skill": 2,
            "skill_usage": 0
        },
        {
            "name": "伊芙利特",
            "skill": 2,
            "skill_usage": 0
        },
        {
            "name": "铃兰",
            "skill": 2,
            "skill_usage": 0
        },
        {
            "name": "塞雷娅",
            "skill": 1,
            "skill_usage": 0
        }
    ],
    "difficulty": 3
}