{
  "minimum_required": "v4.0.0",
  "stage_name": "act19side_ex01",
  "actions": [
    {
      "type": "SpeedUp"
    },
    {
      "type": "Deploy",
      "name": "推进之王",
      "location": [
        4,
        1
      ],
      "direction": "Right"
    },
    {
      "type": "Deploy",
      "name": "塞雷娅",
      "location": [
        5,
        2
      ],
      "direction": "Right"
    },
    {
      "type": "Deploy",
      "name": "煌",
      "location": [
        9,
        5
      ],
      "direction": "Up"
    },
    {
      "type": "Deploy",
      "name": "艾雅法拉",
      "location": [
        6,
        3
      ],
      "direction": "Up"
    },
    {
      "type": "Deploy",
      "name": "星熊",
      "location": [
        5,
        1
      ],
      "direction": "Right"
    },
    {
      "type": "Deploy",
      "name": "伊芙利特",
      "location": [
        5,
        4
      ],
      "direction": "Right"
    },
    {
      "type": "SkillDaemon"
    }
  ],
  "doc": {
    "title": "【自在道爷】绿野幻梦 - DV-EX-1 - 准确度",
    "details": "https://www.bilibili.com/video/BV1yS4y1E7h2/"
  },
  "groups": [],
  "opers": [
    {
      "name": "推进之王",
      "skill": 2,
      "skill_usage": 0
    },
    {
      "name": "塞雷娅",
      "skill": 1,
      "skill_usage": 0
    },
    {
      "name": "伊芙利特",
      "skill": 2,
      "skill_usage": 0
    },
    {
      "name": "艾雅法拉",
      "skill": 2,
      "skill_usage": 0
    },
    {
      "name": "煌",
      "skill": 2,
      "skill_usage": 0
    },
    {
      "name": "星熊",
      "skill": 2,
      "skill_usage": 0
    }
  ],
  "difficulty": 3
}