{
    "minimum_required": "v4.0.0",
    "stage_name": "wk_kc_6",
    "actions": [
        {
            "type": "SpeedUp"
        },
        {
            "type": "Deploy",
            "name": "回费先锋2",
            "location": [
                5,
                3
            ],
            "direction": "Left"
        },
        {
            "type": "Deploy",
            "name": "回费先锋3",
            "location": [
                3,
                4
            ],
            "direction": "Right"
        },
        {
            "type": "Deploy",
            "name": "回费先锋1",
            "location": [
                3,
                2
            ],
            "direction": "Right"
        },
        {
            "type": "Deploy",
            "name": "回费先锋4",
            "location": [
                5,
                5
            ],
            "direction": "Left"
        },
        {
            "type": "Deploy",
            "name": "对空单体狙",
            "location": [
                3,
                5
            ],
            "direction": "Up"
        },
        {
            "type": "Deploy",
            "name": "奶妈",
            "location": [
                2,
                3
            ],
            "direction": "Right"
        },
        {
            "type": "Deploy",
            "name": "群法1",
            "location": [
                5,
                4
            ],
            "direction": "Right"
        },
        {
            "type": "Deploy",
            "name": "群法2",
            "location": [
                6,
                2
            ],
            "direction": "Down"
        },
        {
            "type": "Retreat",
            "name": "回费先锋2",
            "location": [
                5,
                3
            ],
            "costs": 16,
            "kills": 22
        },
        {
            "type": "Deploy",
            "name": "大盾2",
            "location": [
                5,
                3
            ],
            "direction": "Left"
        },
        {
            "type": "Retreat",
            "name": "回费先锋1",
            "location": [
                3,
                2
            ],
            "costs": 13,
            "kills": 30
        },
        {
            "type": "Deploy",
            "name": "近卫",
            "location": [
                3,
                2
            ],
            "direction": "Left"
        },
        {
            "type": "Retreat",
            "name": "回费先锋4",
            "location": [
                5,
                5
            ],
            "costs": 15
        },
        {
            "type": "Deploy",
            "name": "大盾1",
            "location": [
                5,
                5
            ],
            "direction": "Left"
        },
        {
            "type": "Skill",
            "name": "群法1",
            "location": [
                5,
                4
            ],
            "kills": 37
        },
        {
            "type": "Retreat",
            "name": "群法1",
            "location": [
                5,
                4
            ],
            "kills": 58
        },
        {
            "type": "Retreat",
            "name": "群法2",
            "location": [
                6,
                2
            ]
        },
        {
            "type": "Retreat",
            "name": "大盾2",
            "location": [
                5,
                3
            ]
        },
        {
            "type": "Deploy",
            "name": "回费先锋4",
            "location": [
                2,
                4
            ],
            "cooling": 3,
            "direction": "Right"
        },
        {
            "type": "Deploy",
            "name": "回费先锋2",
            "location": [
                1,
                4
            ],
            "direction": "Right",
            "cooling": 3
        },
        {
            "type": "Deploy",
            "name": "回费先锋1",
            "location": [
                3,
                4
            ],
            "direction": "Left",
            "cooling": 4
        },
        {
            "type": "SkillDaemon"
        }
    ],
    "doc": {
        "title": "战术演习 - LS-6 - 运动战演习",
        "details": "统计日期：2024-05-24\n好评率：80.0%  浏览量：779\n来源：AnswersKK  ID：25593\n攻略思路来自UP主: 魔法Zc目录\nhttps://www.bilibili.com/video/BV1GF411M7az\n\n改了改自用\n这个版本非常稳定\n但要求一个纯烬艾雅法拉\n防止万一,请先在演习中尝试,能过不漏怪再用"
    },
    "groups": [
        {
            "name": "回费先锋1",
            "opers": [
                {
                    "name": "香草",
                    "skill": 1,
                    "skill_usage": 1
                }
            ]
        },
        {
            "name": "回费先锋2",
            "opers": [
                {
                    "name": "桃金娘",
                    "skill": 1,
                    "skill_usage": 1
                }
            ]
        },
        {
            "name": "回费先锋3",
            "opers": [
                {
                    "name": "芬",
                    "skill": 1,
                    "skill_usage": 0
                }
            ]
        },
        {
            "name": "回费先锋4",
            "opers": [
                {
                    "name": "讯使",
                    "skill": 1,
                    "skill_usage": 1
                }
            ]
        },
        {
            "name": "大盾1",
            "opers": [
                {
                    "name": "斑点",
                    "skill": 1,
                    "skill_usage": 1
                },
                {
                    "name": "古米",
                    "skill": 1,
                    "skill_usage": 0
                }
            ]
        },
        {
            "name": "大盾2",
            "opers": [
                {
                    "name": "米格鲁",
                    "skill": 1,
                    "skill_usage": 1
                },
                {
                    "name": "蛇屠箱",
                    "skill": 2,
                    "skill_usage": 1
                }
            ]
        },
        {
            "name": "近卫",
            "opers": [
                {
                    "name": "玫兰莎",
                    "skill": 1,
                    "skill_usage": 1
                }
            ]
        },
        {
            "name": "奶妈",
            "opers": [
                {
                    "name": "纯烬艾雅法拉",
                    "skill": 1,
                    "skill_usage": 0
                }
            ]
        },
        {
            "name": "对空单体狙",
            "opers": [
                {
                    "name": "克洛丝",
                    "skill": 1,
                    "skill_usage": 0
                },
                {
                    "name": "杰西卡",
                    "skill": 1,
                    "skill_usage": 0
                },
                {
                    "name": "灰喉",
                    "skill": 1,
                    "skill_usage": 0
                }
            ]
        },
        {
            "name": "群法1",
            "opers": [
                {
                    "name": "远山",
                    "skill": 2,
                    "skill_usage": 0
                }
            ]
        },
        {
            "name": "群法2",
            "opers": [
                {
                    "name": "炎熔",
                    "skill": 1,
                    "skill_usage": 1
                }
            ]
        }
    ],
    "opers": []
}