{
  "minimum_required": "v4.0.0",
  "stage_name": "act28side_08",
  "actions": [
    {
      "type": "SpeedUp"
    },
    {
      "type": "Deploy",
      "name": "煌",
      "location": [
        9,
        4
      ],
      "direction": "Left"
    },
    {
      "type": "Deploy",
      "name": "艾雅法拉",
      "location": [
        9,
        3
      ],
      "direction": "Left"
    },
    {
      "type": "Deploy",
      "name": "夜莺",
      "location": [
        9,
        5
      ],
      "direction": "Up"
    },
    {
      "type": "Deploy",
      "name": "伊芙利特",
      "location": [
        8,
        7
      ],
      "direction": "Up"
    },
    {
      "type": "Deploy",
      "name": "闪灵",
      "location": [
        10,
        5
      ],
      "direction": "Left"
    },
    {
      "type": "Deploy",
      "name": "星熊",
      "location": [
        8,
        4
      ],
      "direction": "Left"
    },
    {
      "type": "Deploy",
      "name": "砾",
      "location": [
        2,
        5
      ],
      "direction": "Up",
      "costs": 58
    },
    {
      "type": "SkillDaemon"
    }
  ],
  "doc": {
    "title": "【萧然Q】不义之财 CV-8-告别往昔 蚀刻章",
    "details": "【萧然Q】不义之财 CV-8 - 告别往昔\nBV1au411P7pL\n摆完挂机推荐练度2603  测试已过\n根据评论区反应，若出现部署煌和艾雅法拉后maa无反应的情况，请将夜莺和闪灵换为原皮肤\n参照此份作业进行部分干员更换的作业的编写，麻烦标注json原作者和替换干员提示"
  },
  "groups": [],
  "opers": [
    {
      "name": "煌",
      "skill": 2,
      "skill_usage": 0
    },
    {
      "name": "夜莺",
      "skill": 2,
      "skill_usage": 0
    },
    {
      "name": "闪灵",
      "skill": 2,
      "skill_usage": 0
    },
    {
      "name": "艾雅法拉",
      "skill": 2,
      "skill_usage": 0
    },
    {
      "name": "星熊",
      "skill": 2,
      "skill_usage": 0
    },
    {
      "name": "伊芙利特",
      "skill": 2,
      "skill_usage": 0
    },
    {
      "name": "砾",
      "skill": 2,
      "skill_usage": 0
    }
  ]
}