{
    "minimum_required": "v4.0.0",
    "stage_name": "mem_tuye_1",
    "actions": [
        {
            "type": "Deploy",
            "name": "图耶",
            "location": [
                3,
                2
            ],
            "direction": "Right"
        },
        {
            "type": "Skill",
            "name": "山",
            "location": [
                4,
                3
            ]
        },
        {
            "type": "SpeedUp"
        },
        {
            "type": "Skill",
            "kills": 10,
            "name": "图耶",
            "location": [
                3,
                2
            ]
        },
        {
            "type": "Skill",
            "name": "斯卡蒂",
            "location": [
                3,
                1
            ],
            "kills": 10
        },
        {
            "type": "Skill",
            "name": "图耶",
            "location": [
                3,
                2
            ],
            "kills": 11
        },
        {
            "type": "Skill",
            "name": "图耶",
            "location": [
                3,
                2
            ],
            "kills": 12
        },
        {
            "type": "Skill",
            "name": "图耶",
            "location": [
                3,
                2
            ],
            "kills": 13
        },
        {
            "type": "Skill",
            "name": "图耶",
            "location": [
                3,
                2
            ],
            "kills": 14
        },
        {
            "type": "Skill",
            "name": "图耶",
            "location": [
                3,
                2
            ],
            "kills": 15
        }
    ],
    "doc": {
        "title": "医疗 - 图耶 - 伞下荫蔽",
        "details": "作业更新日期: 2023-12-28T02:48:15Z\n统计更新日期: 2024-11-30\n好评率：100.0%  浏览量：388\n来源：jack  ID：31386\n精二30级七级技能可过，带1技能"
    },
    "groups": [],
    "opers": [
        {
            "name": "图耶",
            "skill": 1,
            "skill_usage": 0
        },
        {
            "name": "山",
            "skill": 2,
            "skill_usage": 0
        },
        {
            "name": "斯卡蒂",
            "skill": 1,
            "skill_usage": 0
        }
    ]
}