{
    "minimum_required": "v4.0.0",
    "stage_name": "mem_agoat2_1",
    "actions": [
        {
            "type": "SpeedUp"
        },
        {
            "type": "Deploy",
            "name": "纯烬艾雅法拉",
            "location": [
                1,
                5
            ],
            "direction": "Right"
        },
        {
            "type": "Skill",
            "kills": 5,
            "name": "纯烬艾雅法拉",
            "location": [
                1,
                5
            ]
        },
        {
            "type": "Skill",
            "name": "艾雅法拉",
            "location": [
                8,
                4
            ]
        },
        {
            "type": "Skill",
            "name": "龙舌兰",
            "location": [
                4,
                5
            ],
            "kills": 16
        },
        {
            "type": "SkillDaemon"
        }
    ],
    "doc": {
        "title": "悖论模拟 - 医疗 - 纯烬艾雅法拉",
        "details": "作业更新日期: 2024-09-28T11:05:59Z\n统计更新日期: 2024-12-29\n好评率：91.07%  浏览量：1235\n来源：PPZS  ID：41749\n测试 2903满信赖0潜技能7级无模\nMaaTouch触控模式 已过\n低等级低专未测试 不能过请用其他攻略OvO"
    },
    "groups": [],
    "opers": [
        {
            "name": "纯烬艾雅法拉",
            "skill": 3,
            "skill_usage": 0
        }
    ]
}