{
    "minimum_required": "v4.0.0",
    "doc": {
        "title": "苏苏洛 悖论模拟 急救 修改自用",
        "details": "作业更新日期: 2024-03-12T16:54:21Z\n统计更新日期: 2024-10-03\n好评率：78.05%  浏览量：1179\n来源：果叔#8002  ID：34957\n精二1级 二技能7级"
    },
    "stage_name": "mem_susuro_1",
    "opers": [
        {
            "name": "苏苏洛",
            "skill": 2,
            "skill_usage": 0
        }
    ],
    "actions": [
        {
            "type": "Deploy",
            "name": "翎羽",
            "location": [
                3,
                2
            ],
            "direction": "Right",
            "kills": 0
        },
        {
            "type": "Deploy",
            "kills": 0,
            "name": "苏苏洛",
            "location": [
                2,
                1
            ],
            "direction": "Down"
        },
        {
            "type": "SpeedUp",
            "name": ""
        },
        {
            "type": "Skill",
            "kills": 4,
            "name": "苏苏洛"
        },
        {
            "type": "Skill",
            "kills": 4,
            "name": "翎羽",
            "pre_delay": 1000
        },
        {
            "type": "Deploy",
            "name": "夜刀",
            "location": [
                1,
                4
            ],
            "kills": 15,
            "direction": "Right"
        },
        {
            "type": "Skill",
            "kills": 16,
            "name": "苏苏洛",
            "pre_delay": 15000
        },
        {
            "type": "Skill",
            "name": "翎羽",
            "kills": 0,
            "pre_delay": 5000
        },
        {
            "type": "SkillDaemon",
            "name": "",
            "doc": "屑"
        }
    ],
    "groups": []
}