{
    "minimum_required": "v4.0.0",
    "stage_name": "mem_excu2_1",
    "actions": [
        {
            "type": "SpeedUp"
        },
        {
            "type": "Deploy",
            "name": "圣约送葬人",
            "location": [
                3,
                4
            ],
            "direction": "Down"
        },
        {
            "type": "Deploy",
            "name": "隐现",
            "location": [
                3,
                2
            ],
            "direction": "Right"
        },
        {
            "type": "Skill",
            "kills": 4,
            "name": "圣约送葬人",
            "location": [
                3,
                4
            ],
            "pre_delay": 1000,
            "rear_delay": 0
        },
        {
            "type": "Skill",
            "kills": 22,
            "name": "圣约送葬人",
            "location": [
                3,
                4
            ]
        },
        {
            "type": "Skill",
            "name": "隐现",
            "location": [
                3,
                2
            ],
            "kills": 26
        },
        {
            "type": "Skill",
            "name": "圣约送葬人",
            "location": [
                3,
                4
            ],
            "pre_delay": 18000
        },
        {
            "type": "Skill",
            "kills": 71,
            "name": "圣约送葬人",
            "location": [
                3,
                4
            ],
            "pre_delay": 2000
        },
        {
            "type": "SkillDaemon"
        }
    ],
    "doc": {
        "title": "近卫 - 圣约送葬人 - 安全框架",
        "details": "2017测试通过，需要凹圣葬暴击，运气不好多试试或者提练度\nhttps://www.bilibili.com/video/BV1JN4y197Vx/?spm_id_from=333.337.search-card.all.click&vd_source=4a382ff16251035d698b8dcf90db613d"
    },
    "groups": [],
    "opers": [
        {
            "name": "圣约送葬人",
            "skill": 3,
            "skill_usage": 0
        }
    ]
}