{
    "minimum_required": "v4.0.0",
    "stage_name": "mem_lmlee_1",
    "actions": [
        {
            "type": "SpeedUp"
        },
        {
            "type": "Deploy",
            "name": "红豆",
            "location": [
                4,
                5
            ],
            "direction": "Left"
        },
        {
            "type": "Deploy",
            "name": "格拉尼",
            "location": [
                4,
                3
            ],
            "direction": "Left"
        },
        {
            "type": "Deploy",
            "name": "老鲤",
            "location": [
                5,
                4
            ],
            "direction": "Left",
            "kills": 30
        },
        {
            "type": "Deploy",
            "name": "锡兰",
            "location": [
                4,
                6
            ],
            "direction": "Up"
        },
        {
            "type": "Output",
            "doc_color": "Gray",
            "doc": "开始挂机"
        }
    ],
    "doc": {
        "title": " 老鲤 悖论模拟 摆完挂机",
        "details": "——————————\n作业更新日期: 2023-02-12T03:02:06Z\n统计更新日期: 2025-09-02\n相对评分：97.87%  相对热度：100.0%\n来源：鱼丸不是鱼van  ID：20108\n——————————\n攻略作者：蔷薇色与灰色 BV11x4y1u7DJ\n自动战斗文件作者：鱼丸\n老鲤无需专精 可能需要一级模组"
    },
    "groups": [],
    "opers": [
        {
            "name": "老鲤",
            "skill": 3,
            "skill_usage": 0
        },
        {
            "name": "红豆",
            "skill": 1,
            "skill_usage": 0
        },
        {
            "name": "格拉尼",
            "skill": 1,
            "skill_usage": 0
        },
        {
            "name": "锡兰",
            "skill": 1,
            "skill_usage": 0
        }
    ],
    "difficulty": 0
}