{
    "minimum_required": "v4.0.0",
    "stage_name": "mem_sqrrel_1",
    "actions": [
        {
            "type": "SpeedUp"
        },
        {
            "type": "Deploy",
            "name": "阿消",
            "location": [
                5,
                6
            ],
            "direction": "Up"
        },
        {
            "type": "Skill",
            "costs": 57,
            "name": "阿消",
            "location": [
                5,
                6
            ]
        },
        {
            "type": "Skill",
            "name": "阿消",
            "location": [
                5,
                6
            ],
            "pre_delay": 15900
        },
        {
            "type": "Skill",
            "name": "阿消",
            "location": [
                5,
                6
            ],
            "pre_delay": 16550
        },
        {
            "type": "Skill",
            "name": "阿消",
            "location": [
                5,
                6
            ],
            "pre_delay": 12800
        },
        {
            "type": "Skill",
            "name": "阿消",
            "location": [
                5,
                6
            ],
            "pre_delay": 17000
        },
        {
            "type": "SkillDaemon"
        }
    ],
    "doc": {
        "title": "悖论模拟 - 特种 - 阿消",
        "details": "——————————\n作业更新日期: 2024-07-10T18:00:40Z\n统计更新日期: 2025-11-10\n相对评分：82.0%  相对热度：95.43%\n来源：PPZS  ID：39394\n——————————\n①精二70级0专满潜44信赖技能7级无模\n②精二1级0专满潜18信赖技能7级无模\nMaaTouch触控模式 以上练度均测试两次已过\n模拟器帧率120 最快截图耗时150ms\n服了这b阿消 累晕了"
    },
    "groups": [],
    "opers": [
        {
            "name": "阿消",
            "skill": 2,
            "skill_usage": 0
        }
    ]
}