{
    "minimum_required": "v4.0.0",
    "stage_name": "mem_finlpp_1",
    "actions": [
        {
            "type": "SpeedUp"
        },
        {
            "type": "Deploy",
            "name": "清流",
            "location": [
                2,
                4
            ],
            "direction": "Right"
        },
        {
            "type": "Deploy",
            "name": "艾丝黛尔",
            "location": [
                5,
                5
            ],
            "direction": "Up"
        },
        {
            "type": "Skill",
            "location": [
                4,
                3
            ],
            "costs": 20
        },
        {
            "type": "Skill",
            "location": [
                4,
                3
            ],
            "kills": 25,
            "rear_delay": 50
        },
        {
            "type": "Skill",
            "location": [
                2,
                4
            ],
            "kills": 25,
            "rear_delay": 120
        }
    ],
    "doc": {
        "title": "悖论模拟 清流 - 涤净",
        "details": "作业更新日期: 2023-09-29T23:31:46Z\n统计更新日期: 2024-09-21\n好评率：97.33%  浏览量：1763\n来源：小熊紫苑丶  ID：28501\n清流 二技能\n已测试\n\n请给原作者点赞\nhttps://www.bilibili.com/video/BV1eu411w7u6/?spm_id_from=333.337.search-card.all.click&vd_source=a3734259a482ca55b4be16555860fe0c"
    },
    "groups": [],
    "opers": [
        {
            "name": "清流",
            "skill": 2,
            "skill_usage": 0
        },
        {
            "name": "艾丝黛尔",
            "skill": 1,
            "skill_usage": 0
        }
    ]
}