{
    "minimum_required": "v4.0.0",
    "doc": {
        "title": "第十二章 惊霆无声 - 12-9（磨难）令单人",
        "details": "统计日期：2024-05-11\n好评率：92.75%  浏览量：2060\n来源：一只摆烂的42  ID：22400\n福哥宅\n原视频：https://www.bilibili.com/video/BV1Rv4y1n7p4/\n制作者：一只摆烂的42\n有问题联系QQ2586582719\n为防止丢部署，全程一倍速\n——————\n诚邀您参与【12章磨难低配作业需求调查】\nhttps://www.wjx.cn/vm/eToOAgs.aspx# \n如果需要剩余12章低配作业请麻烦填写一下\n——————"
    },
    "stage_name": "tough_12-08",
    "opers": [
        {
            "name": "令",
            "skill": 3,
            "skill_usage": 0
        }
    ],
    "actions": [
        {
            "type": "部署",
            "name": "令",
            "location": [
                2,
                2
            ],
            "direction": "右"
        },
        {
            "type": "部署",
            "name": "“弦惊”",
            "location": [
                2,
                3
            ],
            "direction": "右"
        },
        {
            "type": "部署",
            "name": "“弦惊”",
            "location": [
                3,
                2
            ],
            "direction": "下"
        },
        {
            "type": "部署",
            "name": "“弦惊”",
            "location": [
                5,
                1
            ],
            "direction": "下"
        },
        {
            "type": "技能",
            "name": "令",
            "pre_delay": 1000
        },
        {
            "type": "部署",
            "name": "“弦惊”",
            "location": [
                3,
                3
            ],
            "direction": "左"
        },
        {
            "type": "部署",
            "name": "“弦惊”",
            "location": [
                3,
                3
            ],
            "direction": "上"
        },
        {
            "type": "SkillUsage",
            "name": "令",
            "skill_usage": 1
        },
        {
            "type": "部署",
            "name": "“弦惊”",
            "location": [
                4,
                1
            ],
            "direction": "右"
        },
        {
            "type": "部署",
            "name": "“弦惊”",
            "location": [
                1,
                3
            ],
            "direction": "右",
            "pre_delay": 10000
        },
        {
            "type": "撤退",
            "name": "",
            "location": [
                2,
                3
            ],
            "kills": 16
        },
        {
            "type": "部署",
            "name": "“弦惊”",
            "location": [
                2,
                3
            ],
            "direction": "右"
        },
        {
            "type": "SkillDaemon"
        }
    ],
    "groups": []
}