{
    "minimum_required": "v4.0.0",
    "actions": [
        {
            "type": "SpeedUp"
        },
        {
            "type": "Deploy",
            "name": "煌",
            "location": [
                6,
                5
            ],
            "direction": "Up"
        },
        {
            "type": "Deploy",
            "name": "蓝毒",
            "location": [
                3,
                4
            ],
            "direction": "Up"
        },
        {
            "type": "Deploy",
            "name": "能天使",
            "location": [
                7,
                4
            ],
            "direction": "Up",
            "kills": 5
        },
        {
            "type": "Deploy",
            "name": "塞雷娅",
            "location": [
                7,
                3
            ],
            "direction": "Left"
        },
        {
            "type": "Output",
            "doc_color": "#6f42c1",
            "doc": "给个好评吧，亲~"
        }
    ],
    "doc": {
        "title": "能天使模组摆完挂机-能天使的杰作",
        "details": "统计日期：2024-05-25\n好评率：96.4%  浏览量：3862\n来源：作业代传——有问题联系原作者  ID：20932\n侬无言以对模组任务摆完挂机合集:BV1wU4y177Qu\n3星通关主题曲4-10；必须编入非助战能天使并上场，且使用能天使歼灭霜星\n筱竹聽雨"
    },
    "groups": [],
    "opers": [
        {
            "name": "塞雷娅",
            "skill": 2,
            "skill_usage": 0
        },
        {
            "name": "煌",
            "skill": 2,
            "skill_usage": 0
        },
        {
            "name": "能天使",
            "skill": 3,
            "skill_usage": 0
        },
        {
            "name": "蓝毒",
            "skill": 1,
            "skill_usage": 0
        }
    ],
    "stage_name": "main_04-10"
}