{
    "minimum_required": "v4.0.0",
    "stage_name": "main_04-01",
    "actions": [
        {
            "type": "SpeedUp"
        },
        {
            "type": "Deploy",
            "name": "山",
            "location": [
                8,
                2
            ],
            "direction": "Left"
        },
        {
            "type": "Deploy",
            "name": "速狙",
            "location": [
                7,
                4
            ],
            "direction": "Left"
        },
        {
            "type": "Deploy",
            "name": "奶盾",
            "location": [
                7,
                5
            ],
            "direction": "Left"
        },
        {
            "type": "SkillDaemon"
        }
    ],
    "doc": {
        "title": "第四章 急性衰竭 - 4-1 - 免费拥抱",
        "details": "统计日期：2024-05-25\n好评率：91.67%  浏览量：605\n来源：lssastar  ID：25124\nup:_黑摸仙小月_\n配置：尽量专三且三模"
    },
    "groups": [
        {
            "name": "速狙",
            "opers": [
                {
                    "name": "能天使",
                    "skill": 1,
                    "skill_usage": 0
                }
            ]
        },
        {
            "name": "奶盾",
            "opers": [
                {
                    "name": "古米",
                    "skill": 1,
                    "skill_usage": 0
                },
                {
                    "name": "塞雷娅",
                    "skill": 1,
                    "skill_usage": 0
                }
            ]
        }
    ],
    "opers": [
        {
            "name": "山",
            "skill": 2,
            "skill_usage": 2
        }
    ],
    "difficulty": 3
}