{
    "minimum_required": "v4.0.0",
    "stage_name": "main_04-06",
    "actions": [
        {
            "type": "SpeedUp"
        },
        {
            "type": "Deploy",
            "name": "能天使",
            "location": [
                6,
                1
            ],
            "direction": "Down"
        },
        {
            "type": "Deploy",
            "name": "煌",
            "location": [
                6,
                2
            ],
            "direction": "Down"
        },
        {
            "type": "Deploy",
            "name": "塞雷娅",
            "location": [
                7,
                3
            ],
            "direction": "Left"
        },
        {
            "type": "Output",
            "doc_color": "#6f42c1",
            "doc": "给个好评吧，亲~"
        }
    ],
    "doc": {
        "title": "塞雷娅模组摆完挂机-科技新星",
        "details": "统计日期：2024-05-25\n好评率：100.0%  浏览量：5019\n来源：作业代传——有问题联系原作者  ID：20943\n侬无言以对模组任务摆完挂机合集:BV1wU4y177Qu\n3星通关主题曲4-6；必须编入非助战塞雷娅并上场，且不编入其他医疗干员\n筱竹聽雨"
    },
    "groups": [],
    "opers": [
        {
            "name": "煌",
            "skill": 2,
            "skill_usage": 0
        },
        {
            "name": "塞雷娅",
            "skill": 1,
            "skill_usage": 0
        },
        {
            "name": "能天使",
            "skill": 1,
            "skill_usage": 0
        }
    ]
}