{
    "minimum_required": "v4.0.0",
    "stage_name": "sub_04-1-2",
    "actions": [
        {
            "type": "SpeedUp"
        },
        {
            "type": "Deploy",
            "name": "讯使",
            "location": [
                3,
                3
            ],
            "direction": "Left"
        },
        {
            "type": "Deploy",
            "name": "梓兰",
            "location": [
                6,
                2
            ],
            "direction": "Right"
        },
        {
            "type": "Deploy",
            "name": "杰西卡",
            "location": [
                3,
                1
            ],
            "direction": "Down"
        },
        {
            "type": "Deploy",
            "name": "嘉维尔",
            "location": [
                3,
                2
            ],
            "direction": "Right"
        },
        {
            "type": "Deploy",
            "name": "阿米娅",
            "location": [
                7,
                2
            ],
            "direction": "Left"
        },
        {
            "type": "Deploy",
            "name": "白雪",
            "location": [
                8,
                2
            ],
            "direction": "Left"
        },
        {
            "type": "Deploy",
            "name": "炎熔",
            "location": [
                5,
                2
            ],
            "direction": "Left"
        },
        {
            "type": "Deploy",
            "name": "克洛丝",
            "location": [
                9,
                2
            ],
            "direction": "Left"
        },
        {
            "type": "Retreat",
            "name": "讯使",
            "location": [
                3,
                3
            ],
            "kills": 15,
            "costs": 16
        },
        {
            "type": "Deploy",
            "name": "蛇屠箱",
            "location": [
                3,
                3
            ],
            "direction": "Left"
        },
        {
            "type": "SkillDaemon"
        }
    ],
    "doc": {
        "title": "第四章 急性衰竭 - S4-2 - 晶簇-2  低配",
        "details": "统计日期：2024-05-31\n好评率：80.0%  浏览量：210\n来源：八月大大  ID：22587\n狗头军师吴铭小汐\nBV1G4411t7rV"
    },
    "groups": [
        {
            "name": "暗索\\崖心",
            "opers": [
                {
                    "name": "暗索",
                    "skill": 1,
                    "skill_usage": 1
                },
                {
                    "name": "崖心",
                    "skill": 1,
                    "skill_usage": 1
                }
            ]
        }
    ],
    "opers": [
        {
            "name": "梓兰",
            "skill": 1,
            "skill_usage": 0
        },
        {
            "name": "讯使",
            "skill": 1,
            "skill_usage": 0
        },
        {
            "name": "克洛丝",
            "skill": 1,
            "skill_usage": 0
        },
        {
            "name": "蛇屠箱",
            "skill": 2,
            "skill_usage": 1
        },
        {
            "name": "杰西卡",
            "skill": 2,
            "skill_usage": 1
        },
        {
            "name": "嘉维尔",
            "skill": 2,
            "skill_usage": 0
        },
        {
            "name": "炎熔",
            "skill": 1,
            "skill_usage": 0
        },
        {
            "name": "阿米娅",
            "skill": 1,
            "skill_usage": 0
        },
        {
            "name": "白雪",
            "skill": 2,
            "skill_usage": 0
        }
    ]
}