{
    "minimum_required": "v4.0.0",
    "stage_name": "sub_04-1-3",
    "actions": [
        {
            "type": "Deploy",
            "name": "令",
            "location": [
                7,
                5
            ],
            "direction": "Up"
        },
        {
            "type": "BulletTime",
            "name": "令",
            "location": [
                7,
                5
            ],
            "costs": 16
        },
        {
            "type": "Deploy",
            "name": "“弦惊”",
            "location": [
                4,
                1
            ],
            "direction": "Right"
        },
        {
            "type": "SpeedUp"
        },
        {
            "type": "Deploy",
            "name": "“弦惊”",
            "location": [
                5,
                1
            ],
            "direction": "Up"
        },
        {
            "type": "Deploy",
            "name": "“弦惊”",
            "location": [
                6,
                3
            ],
            "direction": "Right"
        },
        {
            "type": "Deploy",
            "name": "“弦惊”",
            "location": [
                7,
                3
            ],
            "direction": "Right"
        },
        {
            "type": "Deploy",
            "name": "“弦惊”",
            "location": [
                6,
                5
            ],
            "direction": "Left"
        },
        {
            "type": "Deploy",
            "name": "“弦惊”",
            "location": [
                6,
                6
            ],
            "direction": "Up"
        },
        {
            "type": "SkillDaemon"
        }
    ],
    "doc": {
        "title": "第四章 急性衰竭 - S4-3 - 晶簇-3",
        "details": "统计日期：2024-06-01\n好评率：100.0%  浏览量：100\n来源：胖头🐟  ID：31875\n随手做\n令0潜，精二90级专3，3级模组\n龙没法部署更换皮肤"
    },
    "groups": [],
    "opers": [
        {
            "name": "令",
            "skill": 3,
            "skill_usage": 1
        }
    ]
}