{
    "actions": [
        {
            "type": "二倍速"
        },
        {
            "type": "部署",
            "name": "棘刺",
            "location": [
                3,
                2
            ],
            "direction": "下"
        },
        {
            "type": "部署",
            "name": "斑点",
            "location": [
                2,
                5
            ],
            "direction": "右"
        },
        {
            "type": "部署",
            "name": "安赛尔",
            "location": [
                2,
                4
            ],
            "direction": "右"
        },
        {
            "type": "部署",
            "name": "芙蓉",
            "location": [
                2,
                3
            ],
            "direction": "右"
        },
        {
            "name": "克洛丝",
            "type": "部署",
            "location": [
                1,
                6
            ],
            "direction": "右"
        },
        {
            "type": "部署",
            "name": "砾",
            "location": [
                6,
                4
            ],
            "direction": "上",
            "kills": 15
        },
        {
            "type": "部署",
            "name": "夜刀",
            "location": [
                6,
                3
            ],
            "direction": "上"
        },
        {
            "type": "部署",
            "name": "砾",
            "location": [
                6,
                4
            ],
            "direction": "上",
            "kills": 40
        },
        {
            "type": "部署",
            "name": "夜刀",
            "location": [
                6,
                3
            ],
            "direction": "上"
        }
    ],
    "stage_name": "sub_04-3-1",
    "doc": {
        "details": "统计日期：2024-06-01\n好评率：50.0%  浏览量：184\n来源：作业代传——有问题联系原作者  ID：22248\n作者：YueShen",
        "title": "sub_04-3-1"
    },
    "opers": [
        {
            "name": "棘刺",
            "skill": 3,
            "skill_usage": 1
        },
        {
            "name": "夜刀"
        },
        {
            "name": "斑点",
            "skill": 1,
            "skill_usage": 1
        },
        {
            "name": "安赛尔",
            "skill": 1,
            "skill_usage": 0
        },
        {
            "name": "芙蓉",
            "skill": 1,
            "skill_usage": 1
        },
        {
            "name": "砾",
            "skill": 2
        },
        {
            "name": "克洛丝",
            "skill": 1
        }
    ],
    "minimum_required": "v4.0.0"
}