{
    "minimum_required": "v4.0.0",
    "stage_name": "sub_04-3-2",
    "actions": [
        {
            "type": "Deploy",
            "name": "令",
            "location": [
                6,
                1
            ],
            "direction": "Down"
        },
        {
            "type": "BulletTime",
            "name": "令",
            "location": [
                6,
                1
            ],
            "costs": 16
        },
        {
            "type": "Deploy",
            "name": "“弦惊”",
            "location": [
                6,
                3
            ],
            "direction": "Down"
        },
        {
            "type": "Deploy",
            "name": "“弦惊”",
            "location": [
                7,
                4
            ],
            "direction": "Left"
        },
        {
            "type": "SpeedUp"
        },
        {
            "type": "Deploy",
            "name": "“弦惊”",
            "location": [
                5,
                3
            ],
            "direction": "Right"
        },
        {
            "type": "SpeedUp"
        },
        {
            "type": "Deploy",
            "name": "“弦惊”",
            "location": [
                7,
                3
            ],
            "direction": "Down"
        },
        {
            "type": "SpeedUp"
        },
        {
            "type": "Deploy",
            "name": "“弦惊”",
            "location": [
                6,
                2
            ],
            "direction": "Down"
        },
        {
            "type": "Deploy",
            "name": "“弦惊”",
            "location": [
                1,
                4
            ],
            "direction": "Down"
        },
        {
            "type": "Retreat",
            "name": "“弦惊”",
            "location": [
                6,
                3
            ],
            "kills": 33
        },
        {
            "type": "Deploy",
            "name": "“弦惊”",
            "location": [
                6,
                3
            ],
            "direction": "Down"
        },
        {
            "type": "Deploy",
            "name": "“弦惊”",
            "location": [
                6,
                2
            ],
            "direction": "Down"
        },
        {
            "type": "SkillDaemon"
        }
    ],
    "doc": {
        "title": "第四章 急性衰竭 - S4-8 - 狂怒-2 ",
        "details": "统计日期：2024-05-31\n好评率：80.0%  浏览量：158\n来源：胖头🐟  ID：31877\n随手做\n令0潜，精二90级专3，3级模组\n龙没法部署更换皮肤"
    },
    "groups": [],
    "opers": [
        {
            "name": "令",
            "skill": 3,
            "skill_usage": 1
        }
    ]
}