{
    "minimum_required": "v4.0.0",
    "stage_name": "sub_04-3-3",
    "actions": [
        {
            "type": "SpeedUp"
        },
        {
            "type": "Deploy",
            "name": "能天使",
            "location": [
                5,
                3
            ],
            "direction": "Up"
        },
        {
            "type": "Deploy",
            "name": "塞雷娅",
            "location": [
                4,
                1
            ],
            "direction": "Right"
        },
        {
            "type": "Deploy",
            "name": "煌",
            "location": [
                8,
                6
            ],
            "direction": "Up"
        }
    ],
    "doc": {
        "title": "第四章 急性衰竭 - S4-9 - 狂怒-3",
        "details": "统计日期：2024-05-25\n好评率：50.0%  浏览量：209\n来源：stumoon  ID：23751\nhttps://www.bilibili.com/video/BV11E41157FW/"
    },
    "groups": [],
    "opers": [
        {
            "name": "能天使",
            "skill": 3,
            "skill_usage": 0
        },
        {
            "name": "煌",
            "skill": 2,
            "skill_usage": 0
        },
        {
            "name": "塞雷娅",
            "skill": 2,
            "skill_usage": 0
        }
    ]
}