{
  "minimum_required": "v4.0.0",
  "actions": [
    {
      "type": "SpeedUp"
    },
    {
      "type": "Deploy",
      "name": "煌",
      "location": [
        7,
        4
      ],
      "direction": "Left"
    },
    {
      "type": "Deploy",
      "name": "夜莺",
      "location": [
        8,
        4
      ],
      "direction": "Up"
    },
    {
      "type": "Deploy",
      "name": "泥岩",
      "location": [
        1,
        2
      ],
      "direction": "Right"
    },
    {
      "type": "Deploy",
      "name": "四月",
      "location": [
        8,
        2
      ],
      "direction": "Down",
      "kills": 20
    },
    {
      "type": "Output",
      "doc_color": "#6f42c1",
      "doc": "给个好评吧，亲~"
    }
  ],
  "doc": {
    "title": "四月模组摆完挂机-高保真通讯耳机",
    "details": "侬无言以对模组任务摆完挂机合集:BV1wU4y177Qu\n3星通关主题曲5-3；必须编入非助战四月并上场，且使用四月歼灭至少2个特战术师组长\n筱竹聽雨"
  },
  "groups": [],
  "opers": [
    {
      "name": "煌",
      "skill": 2,
      "skill_usage": 0
    },
    {
      "name": "夜莺",
      "skill": 2,
      "skill_usage": 0
    },
    {
      "name": "泥岩",
      "skill": 2,
      "skill_usage": 0
    },
    {
      "name": "四月",
      "skill": 2,
      "skill_usage": 0
    }
  ],
  "stage_name": "obt/main/level_main_05-03"
}