{
    "minimum_required": "v4.0",
    "doc": {
        "title": "IS-EX-5突袭 4人",
        "details": "制作者：一只摆烂的42\n有问题联系QQ2586582719\nhttps://www.bilibili.com/video/av732384308/\n【高练警告】：原视频内干员均为精二90级专3，请确保自己练度足够，失败请更换作业！"
    },
    "stage_name": "act21side_ex05",
    "opers": [
        {
            "name": "夜莺",
            "skill": 2,
            "skill_usage": 0
        },
        {
            "name": "塞雷娅",
            "skill": 1,
            "skill_usage": 0
        },
        {
            "name": "艾雅法拉",
            "skill": 2,
            "skill_usage": 0
        },
        {
            "name": "山",
            "skill": 2,
            "skill_usage": 2
        }
    ],
    "actions": [
        {
            "type": "二倍速",
            "name": ""
        },
        {
            "type": "部署",
            "name": "山",
            "location": [
                5,
                6
            ],
            "direction": "左"
        },
        {
            "type": "部署",
            "name": "塞雷娅",
            "location": [
                5,
                5
            ],
            "direction": "左"
        },
        {
            "type": "部署",
            "name": "夜莺",
            "location": [
                6,
                4
            ],
            "direction": "左"
        },
        {
            "type": "部署",
            "name": "艾雅法拉",
            "location": [
                5,
                3
            ],
            "direction": "上"
        },
        {
            "type": "打印",
            "name": "",
            "doc": "制作者2586582719",
            "doc_color": "SpringGreen"
        }
    ]
}