{
    "minimum_required": "v4.0.0",
    "stage_name": "main_00-05",
    "actions": [
        {
            "type": "SpeedUp"
        },
        {
            "type": "Deploy",
            "name": "德克萨斯",
            "location": [
                8,
                2
            ],
            "direction": "Left"
        },
        {
            "type": "Deploy",
            "name": "逻各斯",
            "location": [
                7,
                1
            ],
            "direction": "Down"
        }
    ],
    "doc": {
        "title": "序章 黑暗时代·上 - 0-5 - 腐化",
        "details": "作业更新日期: 2024-05-16T02:26:14Z\n统计更新日期: 2024-11-30\n好评率：100.0%  浏览量：70\n来源：Chiho  ID：37702\n精二603"
    },
    "groups": [],
    "opers": [
        {
            "name": "逻各斯",
            "skill": 1,
            "skill_usage": 0
        },
        {
            "name": "德克萨斯",
            "skill": 1,
            "skill_usage": 0
        }
    ],
    "difficulty": 3
}