{
    "minimum_required": "v4.0.0",
    "stage_name": "act18side_02",
    "actions": [
        {
            "type": "SpeedUp"
        },
        {
            "type": "Deploy",
            "name": "煌",
            "location": [
                4,
                2
            ],
            "direction": "Right"
        },
        {
            "type": "Deploy",
            "name": "山",
            "location": [
                1,
                5
            ],
            "direction": "Left"
        },
        {
            "type": "Deploy",
            "name": "重装",
            "location": [
                3,
                2
            ],
            "direction": "Right"
        },
        {
            "type": "SkillDaemon"
        }
    ],
    "doc": {
        "title": "【小鬼卡比】【普通】尘影余音 LE-2",
        "details": "作业更新日期: 2023-06-21T04:25:59Z\n统计更新日期: 2024-06-21\n好评率：92.31%  浏览量：351\n来源：(UwU)  ID：24203\n【尘影余音【超低配】攻略合集【复刻】含LE-8 LE-EX-8 LE-EX-8突袭等关卡 含刻章/镀层打法【明日方舟】】 https://www.bilibili.com/video/BV1UN41167sY\n\n这是尘影余音【低配+挂机】复刻攻略合集，含所有LE、LE-EX关\n由于去年攻略容错率很高，因此大部分关卡都沿用了我去年的打法\n若有帮助，记得给卡比老师三连呀~"
    },
    "groups": [
        {
            "name": "重装",
            "opers": [
                {
                    "name": "黑角",
                    "skill": 1,
                    "skill_usage": 0
                },
                {
                    "name": "塞雷娅",
                    "skill": 1,
                    "skill_usage": 0
                },
                {
                    "name": "星熊",
                    "skill": 2,
                    "skill_usage": 0
                },
                {
                    "name": "年",
                    "skill": 2,
                    "skill_usage": 1
                },
                {
                    "name": "泥岩",
                    "skill": 2,
                    "skill_usage": 0
                }
            ]
        }
    ],
    "opers": [
        {
            "name": "山",
            "skill": 2,
            "skill_usage": 0
        },
        {
            "name": "煌",
            "skill": 2,
            "skill_usage": 0
        }
    ]
}