{
    "minimum_required": "v4.0.0",
    "stage_name": "act18side_06",
    "actions": [
        {
            "type": "SpeedUp"
        },
        {
            "type": "Deploy",
            "name": "煌",
            "location": [
                8,
                3
            ],
            "direction": "Left"
        },
        {
            "type": "Deploy",
            "name": "夜莺",
            "location": [
                6,
                2
            ],
            "direction": "Right"
        },
        {
            "type": "Deploy",
            "name": "泥岩",
            "location": [
                4,
                3
            ],
            "direction": "Right"
        },
        {
            "type": "Deploy",
            "name": "艾雅法拉",
            "location": [
                7,
                2
            ],
            "direction": "Down"
        },
        {
            "type": "SkillDaemon"
        }
    ],
    "doc": {
        "title": "尘影余音 - LE-6 - 骷髅之舞",
        "details": "作业更新日期: 2023-06-21T02:48:50Z\n统计更新日期: 2024-06-21\n好评率：89.83%  浏览量：1519\n来源：香草WiPE OUT MEMORIES  ID：24154\n攻略作者：萧然Q\n视频：https://www.bilibili.com/video/BV1DX4y1W7Sk\njson作者：香草"
    },
    "groups": [],
    "opers": [
        {
            "name": "泥岩",
            "skill": 2,
            "skill_usage": 0
        },
        {
            "name": "煌",
            "skill": 2,
            "skill_usage": 0
        },
        {
            "name": "艾雅法拉",
            "skill": 2,
            "skill_usage": 0
        },
        {
            "name": "夜莺",
            "skill": 2,
            "skill_usage": 0
        }
    ]
}