{
    "minimum_required": "v4.0.0",
    "stage_name": "act18side_06",
    "actions": [
        {
            "type": "SpeedUp"
        },
        {
            "type": "Deploy",
            "name": "令",
            "location": [
                7,
                2
            ],
            "direction": "Down"
        },
        {
            "type": "Deploy",
            "name": "“弦惊”",
            "location": [
                9,
                3
            ],
            "direction": "Left"
        },
        {
            "type": "Deploy",
            "name": "“弦惊”",
            "location": [
                5,
                3
            ],
            "direction": "Right"
        },
        {
            "type": "Deploy",
            "name": "“弦惊”",
            "location": [
                3,
                3
            ],
            "direction": "Right"
        },
        {
            "type": "Skill",
            "name": "令",
            "location": [
                7,
                2
            ]
        },
        {
            "type": "Deploy",
            "name": "玛恩纳",
            "location": [
                7,
                3
            ],
            "direction": "Left"
        },
        {
            "type": "Deploy",
            "name": "“弦惊”",
            "location": [
                8,
                3
            ],
            "direction": "Right",
            "kills": 7
        },
        {
            "type": "Deploy",
            "name": "工具人",
            "location": [
                5,
                2
            ],
            "direction": "Right"
        },
        {
            "type": "Retreat",
            "name": "“弦惊”",
            "location": [
                5,
                3
            ],
            "pre_delay": 2500
        },
        {
            "type": "Deploy",
            "name": "“弦惊”",
            "location": [
                5,
                3
            ],
            "direction": "Right"
        },
        {
            "type": "Skill",
            "name": "玛恩纳",
            "location": [
                7,
                3
            ],
            "kills": 10
        },
        {
            "type": "Deploy",
            "name": "“弦惊”",
            "location": [
                4,
                3
            ],
            "kills": 11,
            "direction": "Right"
        },
        {
            "type": "Deploy",
            "name": "“弦惊”",
            "location": [
                8,
                3
            ],
            "direction": "Up",
            "kills": 25,
            "pre_delay": 1
        },
        {
            "type": "Skill",
            "name": "令",
            "location": [
                7,
                2
            ],
            "pre_delay": 3000
        },
        {
            "type": "Skill",
            "name": "玛恩纳",
            "location": [
                7,
                3
            ],
            "kills": 37,
            "pre_delay": 0
        },
        {
            "type": "Retreat",
            "name": "“弦惊”",
            "location": [
                9,
                3
            ],
            "pre_delay": 500
        },
        {
            "type": "Deploy",
            "name": "“弦惊”",
            "location": [
                9,
                3
            ],
            "direction": "Left"
        },
        {
            "type": "SkillDaemon"
        }
    ],
    "doc": {
        "title": "尘影余音 - LE-6 - 骷髅之舞 化学老施2人112秒速刷",
        "details": "作业更新日期: 2023-06-20T16:51:00Z\n统计更新日期: 2024-07-27\n好评率：85.14%  浏览量：2166\n来源：lIiIllIIIllIIii  ID：24189\n\n参考攻略：https://www.bilibili.com/video/BV1Cg4y1P7yN\n作者：lIiIllIIIllIIii\n练度要求：全员2903，令开2级模组"
    },
    "groups": [
        {
            "name": "工具人",
            "opers": [
                {
                    "name": "Castle-3",
                    "skill": 1,
                    "skill_usage": 0
                },
                {
                    "name": "Friston-3",
                    "skill": 1,
                    "skill_usage": 0
                }
            ]
        }
    ],
    "opers": [
        {
            "name": "令",
            "skill": 3,
            "skill_usage": 0
        },
        {
            "name": "玛恩纳",
            "skill": 3,
            "skill_usage": 0
        }
    ]
}