{
    "minimum_required": "v4.0.0",
    "stage_name": "act18side_ex07",
    "actions": [
        {
            "type": "SpeedUp"
        },
        {
            "type": "Deploy",
            "name": "桃金娘",
            "location": [
                5,
                6
            ],
            "direction": "Up"
        },
        {
            "type": "Deploy",
            "name": "风笛",
            "location": [
                6,
                3
            ],
            "direction": "Left"
        },
        {
            "type": "Deploy",
            "name": "煌",
            "location": [
                5,
                4
            ],
            "direction": "Up"
        },
        {
            "type": "Deploy",
            "name": "艾雅法拉",
            "location": [
                6,
                2
            ],
            "direction": "Left"
        },
        {
            "type": "Deploy",
            "name": "浊心斯卡蒂",
            "location": [
                5,
                2
            ],
            "direction": "Up"
        },
        {
            "type": "Deploy",
            "name": "夜莺",
            "location": [
                7,
                2
            ],
            "direction": "Left"
        },
        {
            "type": "Deploy",
            "name": "山",
            "location": [
                5,
                1
            ],
            "direction": "Left"
        },
        {
            "type": "Deploy",
            "name": "史尔特尔",
            "location": [
                6,
                1
            ],
            "direction": "Left"
        },
        {
            "type": "Retreat",
            "name": "风笛",
            "location": [
                6,
                3
            ],
            "kills": 13
        },
        {
            "type": "Deploy",
            "name": "塞雷娅",
            "location": [
                6,
                3
            ],
            "direction": "Left"
        },
        {
            "type": "Skill",
            "name": "史尔特尔",
            "location": [
                6,
                1
            ],
            "pre_delay": 2000
        },
        {
            "type": "Deploy",
            "name": "伊芙利特",
            "location": [
                9,
                4
            ],
            "direction": "Left"
        },
        {
            "type": "Deploy",
            "name": "流明",
            "location": [
                7,
                5
            ],
            "direction": "Left",
            "cooling": 2
        }
    ],
    "doc": {
        "title": "【突袭/普通/蚀刻章】尘影余音 - LE-EX-7 - 小步舞曲",
        "details": "作业更新日期: 2023-06-20T21:38:43Z\n统计更新日期: 2024-06-21\n好评率：80.0%  浏览量：409\n来源：1145de逝灬  ID：24197\n攻略作者：萧然Q\n视频：https://www.bilibili.com/video/BV1DX4y1W7Sk\njson改编作者：1145de逝灬"
    },
    "groups": [],
    "opers": [
        {
            "name": "桃金娘",
            "skill": 1,
            "skill_usage": 1
        },
        {
            "name": "风笛",
            "skill": 2,
            "skill_usage": 0
        },
        {
            "name": "山",
            "skill": 2,
            "skill_usage": 2
        },
        {
            "name": "煌",
            "skill": 2,
            "skill_usage": 0
        },
        {
            "name": "史尔特尔",
            "skill": 3,
            "skill_usage": 0
        },
        {
            "name": "塞雷娅",
            "skill": 1,
            "skill_usage": 0
        },
        {
            "name": "艾雅法拉",
            "skill": 2,
            "skill_usage": 0
        },
        {
            "name": "伊芙利特",
            "skill": 2,
            "skill_usage": 0
        },
        {
            "name": "夜莺",
            "skill": 2,
            "skill_usage": 0
        },
        {
            "name": "浊心斯卡蒂",
            "skill": 2,
            "skill_usage": 0
        },
        {
            "name": "流明",
            "skill": 3,
            "skill_usage": 2
        }
    ],
    "difficulty": 3
}