{
    "actions": [
        {
            "type": "二倍速"
        },
        {
            "type": "部署",
            "name": "拉普兰德",
            "location": [
                1,
                5
            ],
            "direction": "上"
        },
        {
            "type": "部署",
            "name": "艾雅法拉",
            "location": [
                5,
                1
            ],
            "direction": "下"
        },
        {
            "type": "部署",
            "name": "塞雷娅",
            "location": [
                5,
                2
            ],
            "direction": "右"
        },
        {
            "type": "部署",
            "name": "夜莺",
            "location": [
                8,
                6
            ],
            "direction": "上"
        },
        {
            "type": "部署",
            "name": "棘刺",
            "location": [
                9,
                4
            ],
            "direction": "左"
        },
        {
            "type": "部署",
            "name": "泥岩",
            "location": [
                2,
                5
            ],
            "direction": "左"
        },
        {
            "type": "摆完挂机"
        }
    ],
    "stage_name": "LE-EX-3",
    "opers": [
        {
            "name": "泥岩",
            "skill": 2
        },
        {
            "name": "艾雅法拉",
            "skill": 2
        },
        {
            "name": "塞雷娅",
            "skill": 1
        },
        {
            "name": "拉普兰德",
            "skill": 2
        },
        {
            "name": "夜莺"
        },
        {
            "name": "棘刺",
            "skill": 3,
            "skill_usage": 1
        }
    ],
    "groups": [],
    "doc": {
        "details": "萧然挂机作业来源：https://www.bilibili.com/video/BV1NN4y137Yw?p=4"
    }
}