{
    "minimum_required": "v4.0.0",
    "stage_name": "act18side_ex05",
    "actions": [
        {
            "type": "SpeedUp"
        },
        {
            "type": "Deploy",
            "name": "煌",
            "location": [
                2,
                3
            ],
            "direction": "Right"
        },
        {
            "type": "Deploy",
            "name": "闪灵",
            "location": [
                4,
                2
            ],
            "direction": "Left"
        },
        {
            "type": "Deploy",
            "name": "塞雷娅",
            "location": [
                3,
                3
            ],
            "direction": "Up"
        },
        {
            "type": "Deploy",
            "name": "老鲤",
            "location": [
                3,
                1
            ],
            "direction": "Right"
        }
    ],
    "doc": {
        "title": "【普通/突袭】尘影余音 - LE-EX-5 -复合节拍",
        "details": "作业更新日期: 2023-06-20T15:00:45Z\n统计更新日期: 2024-06-21\n好评率：100.0%  浏览量：303\n来源：ZhouR  ID：24180\n萧然Q：BV1DX4y1W7Sk"
    },
    "groups": [],
    "opers": [
        {
            "name": "煌",
            "skill": 2,
            "skill_usage": 0
        },
        {
            "name": "塞雷娅",
            "skill": 1,
            "skill_usage": 0
        },
        {
            "name": "闪灵",
            "skill": 2,
            "skill_usage": 0
        },
        {
            "name": "老鲤",
            "skill": 3,
            "skill_usage": 2
        }
    ],
    "difficulty": 3
}