{
    "minimum_required": "v4.0.0",
    "stage_name": "act18side_ex05",
    "actions": [
        {
            "type": "SpeedUp"
        },
        {
            "type": "Deploy",
            "name": "煌",
            "location": [
                2,
                3
            ],
            "direction": "Right"
        },
        {
            "type": "Deploy",
            "name": "闪灵",
            "location": [
                4,
                2
            ],
            "direction": "Left"
        },
        {
            "type": "Deploy",
            "name": "塞雷娅",
            "location": [
                3,
                3
            ],
            "direction": "Up"
        },
        {
            "type": "Deploy",
            "name": "老鲤",
            "location": [
                3,
                1
            ],
            "direction": "Right"
        },
        {
            "type": "SkillDaemon"
        }
    ],
    "doc": {
        "title": "【突袭/普通】尘影余音 - LE-EX-5 - 复合节拍",
        "details": "作业更新日期: 2023-06-20T11:42:37Z\n统计更新日期: 2024-07-27\n好评率：91.28%  浏览量：4943\n来源：香草WiPE OUT MEMORIES  ID：24164\n\n攻略作者：萧然Q\n视频：https://www.bilibili.com/video/BV1DX4y1W7Sk\njson作者：香草"
    },
    "groups": [],
    "opers": [
        {
            "name": "煌",
            "skill": 2,
            "skill_usage": 0
        },
        {
            "name": "塞雷娅",
            "skill": 1,
            "skill_usage": 0
        },
        {
            "name": "闪灵",
            "skill": 2,
            "skill_usage": 0
        },
        {
            "name": "老鲤",
            "skill": 3,
            "skill_usage": 0
        }
    ],
    "difficulty": 3
}