{
  "minimum_required": "v4.0.0",
  "stage_name": "act18side_08",
  "actions": [
    {
      "type": "SpeedUp"
    },
    {
      "type": "Deploy",
      "name": "德克萨斯",
      "location": [
        9,
        3
      ],
      "direction": "Left"
    },
    {
      "type": "Deploy",
      "name": "桃金娘",
      "location": [
        9,
        5
      ],
      "direction": "Up"
    },
    {
      "type": "Deploy",
      "name": "奶盾",
      "location": [
        9,
        4
      ],
      "direction": "Up"
    },
    {
      "type": "Retreat",
      "name": "德克萨斯",
      "location": [
        9,
        3
      ]
    },
    {
      "type": "Deploy",
      "name": "射手",
      "location": [
        8,
        4
      ],
      "direction": "Up"
    },
    {
      "type": "Deploy",
      "name": "单奶",
      "location": [
        6,
        3
      ],
      "direction": "Right"
    },
    {
      "type": "Deploy",
      "name": "煌",
      "location": [
        1,
        3
      ],
      "direction": "Right"
    },
    {
      "type": "Deploy",
      "name": "安赛尔",
      "location": [
        4,
        4
      ],
      "direction": "Left"
    },
    {
      "type": "Deploy",
      "name": "老鲤",
      "location": [
        8,
        2
      ],
      "direction": "Left",
      "kills": 9
    },
    {
      "type": "Retreat",
      "name": "桃金娘",
      "location": [
        9,
        5
      ]
    },
    {
      "type": "SkillDaemon"
    }
  ],
  "doc": {
    "title": "【蚀刻章镀层】尘影余音 - LE-8 - 命运",
    "details": "攻略作者：夏侯一吨\n视频：https://www.bilibili.com/video/BV1oW4y1r7vY\njson作者：香草\n自测已过，有问题请留言\n感谢评论区大佬们的建议，Fix了一下。\n/*删去的历史内容\n德克萨斯暖机用的，还可以带个风笛暖机，不然按照MAA这个速度第一个怪要漏\n*/"
  },
  "groups": [
    {
      "name": "单奶",
      "opers": [
        {
          "name": "闪灵",
          "skill": 2,
          "skill_usage": 0
        },
        {
          "name": "苏苏洛",
          "skill": 2,
          "skill_usage": 1
        },
        {
          "name": "华法琳",
          "skill": 1,
          "skill_usage": 0
        },
        {
          "name": "芙蓉",
          "skill": 1,
          "skill_usage": 1
        }
      ]
    },
    {
      "name": "近卫群攻",
      "opers": [
        {
          "name": "煌",
          "skill": 2,
          "skill_usage": 0
        },
        {
          "name": "泡普卡",
          "skill": 1,
          "skill_usage": 0
        },
        {
          "name": "艾丝黛尔",
          "skill": 2,
          "skill_usage": 0
        }
      ]
    },
    {
      "name": "奶盾",
      "opers": [
        {
          "name": "塞雷娅",
          "skill": 1,
          "skill_usage": 0
        },
        {
          "name": "临光",
          "skill": 1,
          "skill_usage": 0
        },
        {
          "name": "斑点",
          "skill": 1,
          "skill_usage": 0
        },
        {
          "name": "古米",
          "skill": 1,
          "skill_usage": 0
        }
      ]
    },
    {
      "name": "射手",
      "opers": [
        {
          "name": "克洛丝",
          "skill": 1,
          "skill_usage": 0
        },
        {
          "name": "能天使",
          "skill": 3,
          "skill_usage": 0
        },
        {
          "name": "蓝毒",
          "skill": 1,
          "skill_usage": 0
        }
      ]
    }
  ],
  "opers": [
    {
      "name": "桃金娘",
      "skill": 1,
      "skill_usage": 1
    },
    {
      "name": "安赛尔",
      "skill": 1,
      "skill_usage": 1
    },
    {
      "name": "老鲤",
      "skill": 3,
      "skill_usage": 0
    },
    {
      "name": "德克萨斯",
      "skill": 2,
      "skill_usage": 1
    }
  ]
}