{
  "minimum_required": "v4.0.0",
  "stage_name": "act4bossrush_02",
  "actions": [
    {
      "type": "Deploy",
      "name": "山",
      "location": [
        10,
        6
      ],
      "direction": "Up"
    },
    {
      "type": "Skill",
      "name": "山",
      "location": [
        10,
        6
      ],
      "pre_delay": 2000
    },
    {
      "type": "Deploy",
      "name": "棘刺",
      "location": [
        6,
        3
      ],
      "direction": "Down"
    },
    {
      "type": "Deploy",
      "name": "奶盾",
      "location": [
        7,
        6
      ],
      "direction": "Left"
    },
    {
      "type": "Deploy",
      "name": "夜莺",
      "location": [
        6,
        4
      ],
      "direction": "Up"
    },
    {
      "type": "Deploy",
      "name": "白面鸮",
      "location": [
        6,
        5
      ],
      "direction": "Right"
    },
    {
      "type": "Deploy",
      "name": "伊芙利特",
      "location": [
        7,
        5
      ],
      "direction": "Right"
    },
    {
      "type": "Deploy",
      "name": "艾雅法拉",
      "location": [
        7,
        2
      ],
      "direction": "Right"
    },
    {
      "type": "SpeedUp"
    },
    {
      "type": "Skill",
      "name": "白面鸮",
      "kills": 16,
      "pre_delay": 10000
    },
    {
      "type": "Deploy",
      "name": "史尔特尔",
      "location": [
        8,
        6
      ],
      "direction": "Up",
      "kills": 16,
      "pre_delay": 9000
    },
    {
      "type": "Skill",
      "name": "史尔特尔",
      "pre_delay": 1500
    },
    {
      "type": "Retreat",
      "name": "史尔特尔",
      "location": [
        8,
        6
      ],
      "kills": 17
    },
    {
      "type": "Deploy",
      "name": "史尔特尔",
      "location": [
        8,
        6
      ],
      "kills": 22,
      "direction": "Left"
    },
    {
      "type": "Skill",
      "name": "史尔特尔",
      "pre_delay": 1500
    },
    {
      "type": "Retreat",
      "name": "史尔特尔",
      "kills": 23
    },
    {
      "type": "Retreat",
      "name": "奶盾"
    },
    {
      "type": "MoveCamera",
      "distance": [
        3,
        0.1
      ],
      "kills": 23,
      "pre_delay": 10000
    },
    {
      "type": "SpeedUp"
    },
    {
      "type": "SpeedUp",
      "kills": 29
    },
    {
      "type": "Deploy",
      "name": "史尔特尔",
      "location": [
        6,
        1
      ],
      "direction": "Left",
      "kills": 30
    },
    {
      "type": "Skill",
      "name": "史尔特尔",
      "location": [
        6,
        1
      ],
      "kills": 31,
      "pre_delay": 2000
    },
    {
      "type": "Skill",
      "name": "夜莺",
      "location": [
        6,
        4
      ],
      "kills": 37
    },
    {
      "type": "SpeedUp"
    },
    {
      "type": "Retreat",
      "name": "艾雅法拉",
      "location": [
        7,
        2
      ],
      "kills": 44
    },
    {
      "type": "Retreat",
      "name": "伊芙利特",
      "location": [
        7,
        5
      ]
    },
    {
      "type": "Retreat",
      "name": "白面鸮",
      "location": [
        6,
        5
      ]
    },
    {
      "type": "Retreat",
      "name": "棘刺",
      "location": [
        6,
        3
      ],
      "kills": 45
    },
    {
      "type": "Retreat",
      "name": "夜莺",
      "location": [
        6,
        4
      ]
    },
    {
      "type": "MoveCamera",
      "distance": [
        6.5,
        0
      ],
      "kills": 45,
      "pre_delay": 10000
    },
    {
      "type": "Deploy",
      "name": "白面鸮",
      "location": [
        9,
        4
      ],
      "direction": "Right"
    },
    {
      "type": "Deploy",
      "name": "奶盾",
      "location": [
        10,
        5
      ],
      "direction": "Right"
    },
    {
      "type": "Deploy",
      "name": "艾雅法拉",
      "location": [
        11,
        4
      ],
      "direction": "Down"
    },
    {
      "type": "Deploy",
      "name": "夜莺",
      "location": [
        16,
        5
      ],
      "direction": "Right"
    },
    {
      "type": "Deploy",
      "name": "棘刺",
      "location": [
        17,
        6
      ],
      "direction": "Up"
    },
    {
      "type": "Deploy",
      "name": "史尔特尔",
      "location": [
        15,
        1
      ],
      "kills": 2,
      "direction": "Left"
    },
    {
      "type": "Skill",
      "name": "史尔特尔",
      "location": [
        15,
        1
      ],
      "pre_delay": 2000
    },
    {
      "type": "Deploy",
      "name": "伊芙利特",
      "location": [
        17,
        5
      ],
      "direction": "Up",
      "kills": 3
    },
    {
      "type": "Deploy",
      "name": "山",
      "location": [
        18,
        4
      ],
      "direction": "Left",
      "kills": 7
    },
    {
      "type": "Skill",
      "name": "山",
      "location": [
        18,
        4
      ],
      "pre_delay": 2000
    },
    {
      "type": "Retreat",
      "name": "史尔特尔",
      "location": [
        15,
        1
      ],
      "kills": 11,
      "pre_delay": 2000
    },
    {
      "type": "Skill",
      "name": "白面鸮",
      "location": [
        9,
        4
      ],
      "kills": 11,
      "pre_delay": 2000,
      "rear_delay": 20000
    },
    {
      "type": "Output",
      "kills": 16,
      "rear_delay": 5000
    },
    {
      "type": "Skill",
      "name": "夜莺",
      "location": [
        16,
        5
      ],
      "kills": 20
    },
    {
      "type": "Deploy",
      "name": "史尔特尔",
      "location": [
        17,
        4
      ],
      "direction": "Up"
    },
    {
      "type": "Skill",
      "name": "史尔特尔",
      "location": [
        17,
        4
      ],
      "pre_delay": 1500
    },
    {
      "type": "SpeedUp"
    },
    {
      "type": "SkillDaemon"
    }
  ],
  "doc": {
    "title": "TN-2初始试炼",
    "details": "选二级轻量化载荷，模拟器分辨率1920，模拟器性能高性能\n本次活动MAA地图问题太多，如出现干员下不去，技能开不了等问题，不是作业的问题，望周知\n原作者祈星_Estrella JSON作者萨拉托加\n作业交流群545928846，如果作业有问题可以加群找我，评论区不能及时回复，还可以去群里蹲我的新作业\n【【引航者试炼#4】初始试炼TN-2摆完半挂机简单好抄明日方舟tn2】 https://www.bilibili.com/video/BV1Z4421F7ab/?share_source=copy_web&vd_source=3fd5040fe25f6a00e19e6072bcccfa4e"
  },
  "groups": [
    {
      "name": "奶盾",
      "opers": [
        {
          "name": "塞雷娅",
          "skill": 1,
          "skill_usage": 0
        },
        {
          "name": "黍",
          "skill": 1,
          "skill_usage": 0
        }
      ]
    }
  ],
  "opers": [
    {
      "name": "山",
      "skill": 2,
      "skill_usage": 0
    },
    {
      "name": "史尔特尔",
      "skill": 3,
      "skill_usage": 0
    },
    {
      "name": "棘刺",
      "skill": 3,
      "skill_usage": 1
    },
    {
      "name": "艾雅法拉",
      "skill": 2,
      "skill_usage": 0
    },
    {
      "name": "伊芙利特",
      "skill": 2,
      "skill_usage": 0
    },
    {
      "name": "白面鸮",
      "skill": 2,
      "skill_usage": 0
    },
    {
      "name": "夜莺",
      "skill": 3,
      "skill_usage": 0
    }
  ],
  "difficulty": 1
}