{
  "minimum_required": "v4.0.0",
  "stage_name": "act4bossrush_04",
  "actions": [
    {
      "type": "Deploy",
      "name": "伊内丝",
      "location": [
        7,
        6
      ],
      "direction": "Up"
    },
    {
      "type": "Deploy",
      "name": "纯烬艾雅法拉",
      "location": [
        8,
        2
      ],
      "direction": "Down"
    },
    {
      "type": "Deploy",
      "name": "提丰",
      "location": [
        10,
        6
      ],
      "direction": "Left"
    },
    {
      "type": "Skill",
      "name": "提丰",
      "location": [
        10,
        6
      ],
      "pre_delay": 5000
    },
    {
      "type": "Deploy",
      "name": "仇白",
      "location": [
        9,
        5
      ],
      "direction": "Left"
    },
    {
      "type": "Deploy",
      "name": "赫德雷",
      "location": [
        7,
        4
      ],
      "direction": "Left"
    },
    {
      "type": "Deploy",
      "name": "星熊",
      "location": [
        8,
        5
      ],
      "direction": "Left"
    },
    {
      "type": "Deploy",
      "name": "夜莺",
      "location": [
        10,
        4
      ],
      "direction": "Left"
    },
    {
      "type": "Skill",
      "kills": 11,
      "name": "提丰",
      "location": [
        10,
        6
      ]
    },
    {
      "type": "SpeedUp"
    },
    {
      "type": "Retreat",
      "name": "夜莺",
      "kills": 26
    },
    {
      "type": "MoveCamera",
      "distance": [
        9,
        0
      ],
      "kills": 26,
      "pre_delay": 10000
    },
    {
      "type": "Deploy",
      "name": "伊内丝",
      "location": [
        13,
        3
      ],
      "direction": "Right"
    },
    {
      "type": "Deploy",
      "name": "提丰",
      "location": [
        12,
        4
      ],
      "direction": "Right"
    },
    {
      "type": "Deploy",
      "name": "W",
      "location": [
        15,
        6
      ],
      "direction": "Up"
    },
    {
      "type": "Skill",
      "name": "提丰",
      "location": [
        12,
        4
      ],
      "pre_delay": 5000
    },
    {
      "type": "SpeedUp"
    },
    {
      "type": "Retreat",
      "name": "",
      "location": [
        15,
        4
      ],
      "costs": 12
    },
    {
      "type": "Deploy",
      "name": "星熊",
      "location": [
        15,
        4
      ],
      "direction": "Up"
    },
    {
      "type": "Retreat",
      "name": "提丰",
      "location": [
        12,
        4
      ],
      "kills": 11
    },
    {
      "type": "Deploy",
      "name": "纯烬艾雅法拉",
      "location": [
        17,
        7
      ],
      "direction": "Up"
    },
    {
      "type": "Retreat",
      "name": "",
      "location": [
        16,
        5
      ],
      "costs": 7
    },
    {
      "type": "Deploy",
      "name": "夜莺",
      "location": [
        16,
        5
      ],
      "direction": "Right"
    },
    {
      "type": "Deploy",
      "name": "赫德雷",
      "location": [
        18,
        4
      ],
      "direction": "Up"
    },
    {
      "type": "Deploy",
      "name": "仇白",
      "location": [
        11,
        4
      ],
      "direction": "Right"
    },
    {
      "type": "Deploy",
      "kills": 20,
      "name": "澄闪",
      "location": [
        17,
        5
      ],
      "direction": "Up"
    },
    {
      "type": "Deploy",
      "name": "伊芙利特",
      "location": [
        18,
        7
      ],
      "direction": "Up"
    },
    {
      "type": "Retreat",
      "name": "星熊",
      "location": [
        15,
        4
      ],
      "kills": 28
    },
    {
      "type": "Retreat",
      "name": "W",
      "location": [
        15,
        6
      ]
    },
    {
      "type": "Retreat",
      "name": "伊内丝",
      "location": [
        13,
        3
      ]
    },
    {
      "type": "Retreat",
      "name": "夜莺",
      "kills": 29
    },
    {
      "type": "MoveCamera",
      "distance": [
        5.9,
        0
      ],
      "kills": 29,
      "pre_delay": 10000
    },
    {
      "type": "Deploy",
      "name": "提丰",
      "location": [
        23,
        5
      ],
      "direction": "Right"
    },
    {
      "type": "Deploy",
      "name": "W",
      "location": [
        25,
        5
      ],
      "direction": "Up"
    },
    {
      "type": "Deploy",
      "name": "伊内丝",
      "location": [
        26,
        5
      ],
      "direction": "Up"
    },
    {
      "type": "Deploy",
      "name": "星熊",
      "location": [
        26,
        4
      ],
      "direction": "Up"
    },
    {
      "type": "Retreat",
      "name": "伊内丝",
      "location": [
        26,
        5
      ]
    },
    {
      "type": "Skill",
      "name": "提丰",
      "location": [
        23,
        5
      ],
      "pre_delay": 2000
    },
    {
      "type": "Deploy",
      "name": "仇白",
      "location": [
        26,
        6
      ],
      "direction": "Up"
    },
    {
      "type": "Deploy",
      "name": "夜莺",
      "location": [
        25,
        6
      ],
      "direction": "Up"
    },
    {
      "type": "Skill",
      "name": "提丰",
      "location": [
        23,
        5
      ],
      "kills": 8
    },
    {
      "type": "SpeedUp"
    },
    {
      "type": "Retreat",
      "name": "W",
      "location": [
        25,
        5
      ],
      "kills": 31
    },
    {
      "type": "Deploy",
      "name": "伊内丝",
      "location": [
        18,
        6
      ],
      "direction": "Up"
    },
    {
      "type": "SkillDaemon"
    }
  ],
  "doc": {
    "title": "TN-4最终试炼",
    "details": "三级轻量化载荷，全满练阵容测试通过，要注意W的地雷会造成下不去人的问题\n本次活动MAA地图问题太多，如出现干员下不去，技能开不了等问题，不是作业的问题，望周知\n可以试试把模拟器配置调到高性能模式，1920分辨率，或许能解决不下干员等问题\n原作者自在道爷 JSON作者萨拉托加\n作业交流群545928846，如果作业有问题可以加群找我，评论区不能及时回复，还可以去群里蹲我的新作业\n【【引航者试炼#04】TN-1至4挂机流，定向恢宏不用愁！语音快乐详解，轻松解放双手 | 明日方舟攻略（分p更新中）】 https://www.bilibili.com/video/BV1iu4m1A7P5/?p=5&share_source=copy_web&vd_source=3fd5040fe25f6a00e19e6072bcccfa4e"
  },
  "groups": [],
  "opers": [
    {
      "name": "赫德雷",
      "skill": 1,
      "skill_usage": 0
    },
    {
      "name": "伊内丝",
      "skill": 1,
      "skill_usage": 0
    },
    {
      "name": "W",
      "skill": 2,
      "skill_usage": 0
    },
    {
      "name": "仇白",
      "skill": 1,
      "skill_usage": 0
    },
    {
      "name": "星熊",
      "skill": 2,
      "skill_usage": 0
    },
    {
      "name": "纯烬艾雅法拉",
      "skill": 1,
      "skill_usage": 0
    },
    {
      "name": "提丰",
      "skill": 2,
      "skill_usage": 0
    },
    {
      "name": "伊芙利特",
      "skill": 2,
      "skill_usage": 0
    },
    {
      "name": "澄闪",
      "skill": 2,
      "skill_usage": 0
    },
    {
      "name": "夜莺",
      "skill": 2,
      "skill_usage": 0
    }
  ],
  "difficulty": 0
}