{
  "minimum_required": "v4.0.0",
  "stage_name": "act4bossrush_02",
  "actions": [
    {
      "type": "Deploy",
      "name": "圣约送葬人",
      "location": [
        2,
        5
      ],
      "direction": "Left"
    },
    {
      "type": "Deploy",
      "name": "提丰",
      "location": [
        2,
        4
      ],
      "direction": "Up"
    },
    {
      "type": "SpeedUp"
    },
    {
      "type": "Deploy",
      "name": "塞雷娅",
      "location": [
        6,
        1
      ],
      "direction": "Left"
    },
    {
      "type": "Deploy",
      "name": "艾雅法拉",
      "location": [
        4,
        5
      ],
      "direction": "Left"
    },
    {
      "type": "Deploy",
      "name": "能天使",
      "location": [
        5,
        2
      ],
      "kills": 3,
      "pre_delay": 5000,
      "direction": "Left"
    },
    {
      "type": "Skill",
      "name": "提丰",
      "location": [
        2,
        4
      ],
      "pre_delay": 7000
    },
    {
      "type": "Deploy",
      "name": "号角",
      "location": [
        9,
        2
      ],
      "direction": "Right",
      "pre_delay": 5000
    },
    {
      "type": "Deploy",
      "name": "闪灵",
      "location": [
        8,
        2
      ],
      "direction": "Down"
    },
    {
      "type": "Deploy",
      "name": "夜莺",
      "location": [
        9,
        4
      ],
      "direction": "Up"
    },
    {
      "type": "Retreat",
      "name": "提丰",
      "location": [
        2,
        4
      ],
      "kills": 10
    },
    {
      "type": "Deploy",
      "name": "隐现",
      "location": [
        7,
        5
      ],
      "direction": "Right"
    },
    {
      "type": "Deploy",
      "name": "泥岩",
      "location": [
        10,
        5
      ],
      "kills": 12,
      "direction": "Right"
    },
    {
      "type": "Retreat",
      "name": "隐现",
      "location": [
        7,
        5
      ]
    },
    {
      "type": "Retreat",
      "name": "圣约送葬人",
      "location": [
        2,
        5
      ],
      "kills": 21
    },
    {
      "type": "Retreat",
      "name": "艾雅法拉",
      "location": [
        4,
        5
      ]
    },
    {
      "type": "Deploy",
      "name": "提丰",
      "location": [
        9,
        3
      ],
      "direction": "Right"
    },
    {
      "type": "MoveCamera",
      "distance": [
        3,
        0
      ],
      "kills": 23,
      "pre_delay": 15000
    },
    {
      "type": "SpeedUp"
    },
    {
      "type": "Skill",
      "name": "提丰",
      "location": [
        9,
        3
      ],
      "kills": 8,
      "pre_delay": 2000
    },
    {
      "type": "Retreat",
      "name": "提丰",
      "location": [
        9,
        3
      ],
      "kills": 28,
      "pre_delay": 5000
    },
    {
      "type": "Deploy",
      "name": "艾雅法拉",
      "location": [
        11,
        6
      ],
      "direction": "Up"
    },
    {
      "type": "Retreat",
      "name": "闪灵",
      "location": [
        8,
        2
      ],
      "kills": 37
    },
    {
      "type": "Retreat",
      "name": "夜莺",
      "location": [
        9,
        4
      ]
    },
    {
      "type": "Retreat",
      "name": "塞雷娅",
      "location": [
        6,
        1
      ]
    },
    {
      "type": "MoveCamera",
      "distance": [
        6.5,
        0
      ],
      "kills": 45,
      "pre_delay": 15000
    },
    {
      "type": "Deploy",
      "name": "提丰",
      "location": [
        15,
        3
      ],
      "direction": "Right"
    },
    {
      "type": "Deploy",
      "name": "隐现",
      "location": [
        11,
        2
      ],
      "direction": "Right"
    },
    {
      "type": "Deploy",
      "name": "圣约送葬人",
      "location": [
        13,
        3
      ],
      "direction": "Up"
    },
    {
      "type": "SpeedUp"
    },
    {
      "type": "Skill",
      "name": "提丰",
      "location": [
        15,
        3
      ],
      "pre_delay": 6000
    },
    {
      "type": "Deploy",
      "name": "闪灵",
      "location": [
        16,
        5
      ],
      "direction": "Up"
    },
    {
      "type": "Deploy",
      "name": "夜莺",
      "location": [
        18,
        5
      ],
      "direction": "Left"
    },
    {
      "type": "Deploy",
      "name": "塞雷娅",
      "location": [
        18,
        4
      ],
      "direction": "Left"
    },
    {
      "type": "Skill",
      "name": "提丰",
      "location": [
        15,
        3
      ],
      "kills": 4,
      "pre_delay": 2000
    },
    {
      "type": "Deploy",
      "name": "号角",
      "location": [
        13,
        6
      ],
      "direction": "Up"
    },
    {
      "type": "SkillDaemon"
    }
  ],
  "doc": {
    "title": "【自在道爷】【引航者试炼#04】TN-2 定向&恢宏试炼",
    "details": "已测试通过，平均练度2603\n\n自在道爷：https://www.bilibili.com/video/BV1iu4m1A7P5\n\n遏制单元带第1个2级，提丰3技能，剩下两个1技能\n\n有问题评论区留言，不定期查看，好用的话麻烦给道爷三连谢谢"
  },
  "groups": [],
  "opers": [
    {
      "name": "泥岩",
      "skill": 2,
      "skill_usage": 0
    },
    {
      "name": "塞雷娅"
    },
    {
      "name": "号角"
    },
    {
      "name": "能天使",
      "skill": 3,
      "skill_usage": 0
    },
    {
      "name": "艾雅法拉",
      "skill": 2,
      "skill_usage": 0
    },
    {
      "name": "夜莺",
      "skill": 2,
      "skill_usage": 0
    },
    {
      "name": "闪灵",
      "skill": 2,
      "skill_usage": 0
    }
  ]
}