{
  "minimum_required": "v4.0.0",
  "stage_name": "act4bossrush_03",
  "actions": [
    {
      "type": "Deploy",
      "name": "纯烬艾雅法拉",
      "location": [
        8,
        3
      ],
      "direction": "Down"
    },
    {
      "type": "Deploy",
      "name": "煌",
      "location": [
        7,
        6
      ],
      "direction": "Left"
    },
    {
      "type": "SpeedUp"
    },
    {
      "type": "Deploy",
      "name": "星熊",
      "location": [
        6,
        6
      ],
      "direction": "Left"
    },
    {
      "type": "Deploy",
      "name": "伊芙利特",
      "location": [
        8,
        6
      ],
      "direction": "Left"
    },
    {
      "type": "Retreat",
      "name": "煌",
      "location": [
        7,
        6
      ],
      "kills": 16
    },
    {
      "type": "MoveCamera",
      "distance": [
        4.5,
        0
      ],
      "pre_delay": 15000
    },
    {
      "type": "SpeedUp"
    },
    {
      "type": "Deploy",
      "name": "水月",
      "location": [
        12,
        4
      ],
      "direction": "Up"
    },
    {
      "type": "Deploy",
      "name": "澄闪",
      "location": [
        14,
        4
      ],
      "direction": "Up"
    },
    {
      "type": "Deploy",
      "name": "艾雅法拉",
      "location": [
        14,
        5
      ],
      "direction": "Up"
    },
    {
      "type": "Deploy",
      "name": "夜莺",
      "location": [
        13,
        5
      ],
      "direction": "Up"
    },
    {
      "type": "Deploy",
      "name": "塞雷娅",
      "location": [
        13,
        4
      ],
      "direction": "Up"
    },
    {
      "type": "Deploy",
      "name": "爆破装置",
      "location": [
        10,
        3
      ],
      "direction": "Right",
      "kills": 25
    },
    {
      "type": "Retreat",
      "name": "碎石",
      "location": [
        13,
        3
      ],
      "pre_delay": 3000
    },
    {
      "type": "Retreat",
      "name": "水月",
      "location": [
        12,
        4
      ],
      "kills": 28
    },
    {
      "type": "Retreat",
      "name": "纯烬艾雅法拉",
      "location": [
        8,
        3
      ]
    },
    {
      "type": "Retreat",
      "name": "伊芙利特",
      "location": [
        8,
        6
      ]
    },
    {
      "type": "Retreat",
      "name": "星熊",
      "location": [
        6,
        6
      ]
    },
    {
      "type": "MoveCamera",
      "distance": [
        3.5,
        0
      ],
      "kills": 30,
      "pre_delay": 15000
    },
    {
      "type": "SpeedUp"
    },
    {
      "type": "Deploy",
      "name": "幻影",
      "location": [
        15,
        5
      ],
      "direction": "None",
      "kills": 13,
      "pre_delay": 12000
    },
    {
      "type": "Retreat",
      "name": "幻影",
      "location": [
        15,
        5
      ],
      "pre_delay": 6000
    },
    {
      "type": "Retreat",
      "name": "艾雅法拉",
      "location": [
        14,
        5
      ]
    },
    {
      "type": "Deploy",
      "name": "纯烬艾雅法拉",
      "location": [
        14,
        5
      ],
      "direction": "Up"
    },
    {
      "type": "Deploy",
      "name": "星熊",
      "location": [
        13,
        3
      ],
      "direction": "Up"
    },
    {
      "type": "Deploy",
      "name": "伊芙利特",
      "location": [
        10,
        3
      ],
      "direction": "Right",
      "kills": 17
    },
    {
      "type": "Deploy",
      "name": "煌",
      "location": [
        15,
        2
      ],
      "direction": "Left"
    },
    {
      "type": "Deploy",
      "name": "水月",
      "location": [
        16,
        4
      ],
      "direction": "Up"
    },
    {
      "type": "Deploy",
      "name": "艾雅法拉",
      "location": [
        10,
        2
      ],
      "direction": "Right",
      "kills": 24
    },
    {
      "type": "SkillDaemon"
    }
  ],
  "doc": {
    "title": "【自在道爷】【引航者试炼#04】TN-3 初始试炼",
    "details": "已测试通过，平均练度2603\n\n自在道爷：https://www.bilibili.com/video/BV1iu4m1A7P5\n\n遏制单元带第1个3级\n\n有问题评论区留言，不定期查看，好用的话麻烦给道爷三连谢谢"
  },
  "groups": [],
  "opers": [
    {
      "name": "煌",
      "skill": 2,
      "skill_usage": 0
    },
    {
      "name": "塞雷娅"
    },
    {
      "name": "星熊",
      "skill": 2,
      "skill_usage": 0
    },
    {
      "name": "艾雅法拉",
      "skill": 2,
      "skill_usage": 0
    },
    {
      "name": "伊芙利特",
      "skill": 2,
      "skill_usage": 0
    },
    {
      "name": "澄闪",
      "skill": 2,
      "skill_usage": 0
    },
    {
      "name": "纯烬艾雅法拉",
      "skill": 1,
      "skill_usage": 0
    },
    {
      "name": "夜莺",
      "skill": 2,
      "skill_usage": 0
    },
    {
      "name": "水月"
    }
  ]
}