{
    "minimum_required": "v4.0.0",
    "stage_name": "main_01-08",
    "actions": [
        {
            "type": "SpeedUp"
        },
        {
            "type": "Deploy",
            "name": "芬",
            "location": [
                2,
                1
            ],
            "direction": "Right"
        },
        {
            "type": "Deploy",
            "name": "黑角",
            "location": [
                3,
                1
            ],
            "direction": "Right"
        },
        {
            "type": "Deploy",
            "name": "米格鲁",
            "location": [
                3,
                5
            ],
            "direction": "Right"
        },
        {
            "type": "Deploy",
            "name": "克洛丝",
            "location": [
                3,
                3
            ],
            "direction": "Up"
        },
        {
            "type": "Deploy",
            "name": "杜林",
            "location": [
                2,
                4
            ],
            "direction": "Right"
        },
        {
            "type": "Deploy",
            "name": "芙蓉",
            "location": [
                3,
                2
            ],
            "direction": "Left"
        },
        {
            "type": "Retreat",
            "name": "芬",
            "location": [
                2,
                1
            ],
            "kills": 15
        },
        {
            "type": "Deploy",
            "name": "巡林者",
            "location": [
                2,
                2
            ],
            "direction": "Right"
        },
        {
            "type": "Deploy",
            "name": "安赛尔",
            "location": [
                3,
                4
            ],
            "direction": "Left"
        },
        {
            "type": "Deploy",
            "name": "夜刀",
            "location": [
                2,
                5
            ],
            "direction": "Right"
        },
        {
            "type": "Skill",
            "name": "震撼装置",
            "location": [
                4,
                2
            ],
            "kills": 24,
            "costs": 10
        },
        {
            "type": "Skill",
            "name": "米格鲁",
            "location": [
                3,
                5
            ],
            "kills": 33,
            "costs": 10
        },
        {
            "type": "Skill",
            "name": "安赛尔",
            "location": [
                3,
                4
            ],
            "kills": 33,
            "costs": 10
        },
        {
            "type": "Retreat",
            "name": "夜刀",
            "location": [
                3,
                4
            ],
            "kills": 41
        },
        {
            "type": "Retreat",
            "name": "安赛尔",
            "location": [
                2,
                5
            ],
            "kills": 41
        },
        {
            "type": "Deploy",
            "name": "玫兰莎",
            "location": [
                2,
                1
            ],
            "kills": 41,
            "direction": "Left"
        },
        {
            "type": "Deploy",
            "name": "芬",
            "location": [
                1,
                1
            ],
            "kills": 42,
            "direction": "Right"
        },
        {
            "type": "Skill",
            "name": "芙蓉",
            "location": [
                3,
                2
            ],
            "kills": 42,
            "pre_delay": 4000
        },
        {
            "type": "SkillDaemon"
        }
    ],
    "doc": {
        "title": "第一章 黑暗时代·下 - 1-8 - 意志",
        "details": "统计日期：2024-05-02\n好评率：88.89%  浏览量：215\n全员1级"
    },
    "groups": [],
    "opers": [
        {
            "name": "巡林者",
            "skill": 1,
            "skill_usage": 0
        },
        {
            "name": "芙蓉",
            "skill": 1,
            "skill_usage": 0
        },
        {
            "name": "米格鲁",
            "skill": 1,
            "skill_usage": 0
        },
        {
            "name": "芬",
            "skill": 1,
            "skill_usage": 0
        },
        {
            "name": "夜刀",
            "skill": 1,
            "skill_usage": 0
        },
        {
            "name": "克洛丝",
            "skill": 1,
            "skill_usage": 0
        },
        {
            "name": "安赛尔",
            "skill": 1,
            "skill_usage": 0
        },
        {
            "name": "黑角",
            "skill": 1,
            "skill_usage": 0
        },
        {
            "name": "杜林",
            "skill": 1,
            "skill_usage": 0
        },
        {
            "name": "玫兰莎",
            "skill": 1,
            "skill_usage": 0
        }
    ],
    "difficulty": 1
}