{
  "minimum_required": "v4.0.0",
  "stage_name": "main_09-08",
  "actions": [
    {
      "type": "Deploy",
      "name": "推进之王",
      "location": [
        5,
        6
      ],
      "direction": "Left"
    },
    {
      "type": "SpeedUp"
    },
    {
      "type": "Deploy",
      "name": "拉普兰德",
      "location": [
        5,
        5
      ],
      "direction": "Left"
    },
    {
      "type": "Deploy",
      "name": "艾雅法拉",
      "location": [
        2,
        5
      ],
      "direction": "Right"
    },
    {
      "type": "Deploy",
      "name": "伊芙利特",
      "location": [
        4,
        3
      ],
      "direction": "Down"
    },
    {
      "type": "Deploy",
      "name": "塞雷娅",
      "location": [
        3,
        6
      ],
      "direction": "Right"
    },
    {
      "type": "SkillDaemon"
    }
  ],
  "doc": {
    "title": "第九章 风暴瞭望 - 9-10（突袭） - 雷声轰鸣   摆完挂机",
    "details": "攻略作者：侬无言以对  https://www.bilibili.com/video/BV1Ff4y1E7Tp 记得去b站给作者点赞三连\n\njson作者：熙墨凛 有问题请点踩然后在评论区反馈 \n\n评论区不解决maa问题 评论区不解决maa问题 谢谢理解\n\n需要上下位替代可以自己下载json进行修改\n\n连接模式请使用minitouch或者maatouch 不兼容ADB Input模式：-）\n\n平均练度 2603\n\n已测试"
  },
  "groups": [],
  "opers": [
    {
      "name": "塞雷娅",
      "skill": 2,
      "skill_usage": 0
    },
    {
      "name": "伊芙利特",
      "skill": 2,
      "skill_usage": 0
    },
    {
      "name": "拉普兰德",
      "skill": 2,
      "skill_usage": 0
    },
    {
      "name": "艾雅法拉",
      "skill": 2,
      "skill_usage": 0
    },
    {
      "name": "推进之王",
      "skill": 2,
      "skill_usage": 0
    }
  ],
  "difficulty": 2
}