{
    "minimum_required": "v4.0.0",
    "stage_name": "main_11-06",
    "actions": [
        {
            "type": "SpeedUp"
        },
        {
            "type": "Deploy",
            "name": "泥岩",
            "location": [
                5,
                5
            ],
            "direction": "Right"
        },
        {
            "type": "Deploy",
            "name": "风笛",
            "location": [
                2,
                5
            ],
            "direction": "Right"
        },
        {
            "type": "Deploy",
            "name": "伊芙利特",
            "location": [
                10,
                5
            ],
            "direction": "Up",
            "costs": 48
        },
        {
            "type": "Deploy",
            "name": "夜莺",
            "location": [
                4,
                4
            ],
            "direction": "Right"
        },
        {
            "type": "Deploy",
            "name": "刻俄柏",
            "location": [
                6,
                4
            ],
            "direction": "Left"
        },
        {
            "type": "SkillDaemon"
        }
    ],
    "doc": {
        "title": "第十一章 淬火尘霾 - 11-7（标准） - 卷入洪流 泥岩、刻俄柏模组任务一次搞定",
        "details": "作业更新日期: 2023-11-01T14:22:38Z\n统计更新日期: 2024-08-03\n好评率：82.14%  浏览量：854\n来源：数据对象  ID：29659\nhttps://www.bilibili.com/video/BV1nL41127t6/?share_source=copy_web&vd_source=3fd5040fe25f6a00e19e6072bcccfa4e\nhttps://www.bilibili.com/video/BV15w411B7wY/spm_id_from=333.788.recommend_more_video.0&vd_source=4d5fd8e91b232fba52949e5b9a722e9c\n"
    },
    "groups": [],
    "opers": [
        {
            "name": "泥岩",
            "skill": 2,
            "skill_usage": 0
        },
        {
            "name": "刻俄柏",
            "skill": 1,
            "skill_usage": 0
        },
        {
            "name": "伊芙利特",
            "skill": 2,
            "skill_usage": 0
        },
        {
            "name": "夜莺",
            "skill": 2,
            "skill_usage": 0
        },
        {
            "name": "风笛",
            "skill": 2,
            "skill_usage": 0
        }
    ]
}