{
    "minimum_required": "v4.0.0",
    "stage_name": "mem_firwhl_1",
    "actions": [
        {
            "type": "SpeedUp"
        },
        {
            "type": "Deploy",
            "name": "火哨",
            "location": [
                8,
                3
            ],
            "direction": "Left",
            "costs": 28
        },
        {
            "type": "Deploy",
            "name": "蛇屠箱",
            "location": [
                6,
                3
            ],
            "direction": "Left",
            "costs": 21
        },
        {
            "type": "Skill",
            "name": "火哨",
            "location": [
                8,
                3
            ],
            "costs": 7
        },
        {
            "type": "Skill",
            "name": "蛇屠箱",
            "location": [
                6,
                3
            ],
            "costs": 76
        },
        {
            "type": "Skill",
            "name": "火哨",
            "location": [
                8,
                3
            ],
            "costs": 78
        }
    ],
    "doc": {
        "title": "悖论模拟 - 火哨 - “热烈欢迎”",
        "details": "作业更新日期: 2023-09-20T03:20:15Z\n统计更新日期: 2024-08-03\n好评率：97.06%  浏览量：616\n来源：诗怀雅的扩音喇叭  ID：28065\n自制作业，测试的火哨练度为精二50二技能7级"
    },
    "groups": [],
    "opers": [
        {
            "name": "火哨",
            "skill": 2,
            "skill_usage": 0
        }
    ]
}