{
    "minimum_required": "v4.0.0",
    "stage_name": "act16side_05",
    "actions": [
        {
            "type": "Deploy",
            "name": "重岳",
            "location": [
                5,
                3
            ],
            "direction": "Down"
        },
        {
            "type": "Deploy",
            "name": "塞or黍",
            "location": [
                5,
                2
            ],
            "direction": "Down"
        },
        {
            "type": "SpeedUp"
        },
        {
            "type": "Deploy",
            "name": "能天使",
            "location": [
                4,
                2
            ],
            "direction": "Right"
        },
        {
            "type": "SkillDaemon"
        }
    ],
    "doc": {
        "title": "吾导先路·复刻 - GA-5 - 葬礼【重岳模组任务（二模）】",
        "details": "作业更新日期: 2025-01-24T02:37:50Z\n统计更新日期: 2025-01-25\n好评率：0%  浏览量：4\n来源：小卡拉帕鲁灰  ID：45799\n50次3技能，\n至多带4人（别开补充信赖干员）"
    },
    "groups": [
        {
            "name": "塞or黍",
            "opers": [
                {
                    "name": "塞雷娅",
                    "skill": 1,
                    "skill_usage": 0
                },
                {
                    "name": "黍",
                    "skill": 1,
                    "skill_usage": 0
                }
            ]
        }
    ],
    "opers": [
        {
            "skill_times": 5,
            "name": "重岳",
            "skill": 3,
            "skill_usage": 2
        },
        {
            "name": "能天使",
            "skill": 3,
            "skill_usage": 0
        }
    ]
}