{
    "minimum_required": "v4.0",
    "doc": {
        "title": "WB-EX-5突袭六人",
        "details": "UP：萧然Q\n原视频：https://www.bilibili.com/video/av947954866?p=18\n有问题联系制作者QQ2586582719"
    },
    "stage_name": "WB-EX-5",
    "opers": [
        {
            "name": "伊芙利特",
            "skill": 2,
            "skill_usage": 0
        },
        {
            "name": "山",
            "skill": 2,
            "skill_usage": 2
        },
        {
            "name": "泥岩",
            "skill": 2,
            "skill_usage": 0
        },
        {
            "name": "塞雷娅",
            "skill": 1,
            "skill_usage": 0
        },
        {
            "name": "艾雅法拉",
            "skill": 2,
            "skill_usage": 0
        },
        {
            "name": "能天使",
            "skill": 3,
            "skill_usage": 0
        }
    ],
    "actions": [
        {
            "type": "二倍速",
            "name": ""
        },
        {
            "type": "部署",
            "name": "山",
            "location": [
                7,
                3
            ],
            "direction": "左"
        },
        {
            "type": "技能",
            "name": "山",
            "pre_delay": 4000
        },
        {
            "type": "部署",
            "name": "塞雷娅",
            "location": [
                9,
                5
            ],
            "direction": "右"
        },
        {
            "type": "部署",
            "name": "能天使",
            "location": [
                7,
                4
            ],
            "direction": "右"
        },
        {
            "type": "部署",
            "name": "伊芙利特",
            "location": [
                9,
                3
            ],
            "direction": "左"
        },
        {
            "type": "部署",
            "name": "泥岩",
            "location": [
                1,
                1
            ],
            "direction": "右"
        },
        {
            "type": "部署",
            "name": "艾雅法拉",
            "location": [
                5,
                1
            ],
            "direction": "左"
        }
    ]
}