{
    "minimum_required": "v4.0",
    "doc": {
        "title": "【将进酒-萧然】IW-2三人",
        "details": "原视频：https://www.bilibili.com/video/av295975180?p=2\nUP：萧然Q\n————————\n该版本为蓝毒1技能替换能天使1技能版本\n————————\n有问题联系制作者QQ2586582719"
    },
    "stage_name": "IW-2",
    "opers": [
        {
            "name": "煌",
            "skill": 2,
            "skill_usage": 0
        },
        {
            "name": "德克萨斯",
            "skill": 1,
            "skill_usage": 0
        },
        {
            "name": "蓝毒",
            "skill": 1,
            "skill_usage": 0
        }
    ],
    "actions": [
        {
            "type": "二倍速",
            "name": ""
        },
        {
            "type": "部署",
            "name": "煌",
            "location": [
                2,
                3
            ],
            "direction": "右"
        },
        {
            "type": "部署",
            "name": "蓝毒",
            "location": [
                1,
                3
            ],
            "direction": "右"
        },
        {
            "type": "部署",
            "name": "德克萨斯",
            "location": [
                2,
                2
            ],
            "direction": "下"
        },
        {
            "type": "打印",
            "name": "",
            "doc": "有问题联系制作者QQ2586582719",
            "doc_color": "SpringGreen"
        }
    ]
}