{
  "minimum_required": "v4.0.0",
  "stage_name": "mem_nian_1",
  "actions": [
    {
      "type": "SpeedUp",
      "rear_delay": 0
    },
    {
      "type": "Deploy",
      "name": "年",
      "location": [
        3,
        3
      ],
      "direction": "Right",
      "rear_delay": 0
    },
    {
      "type": "Deploy",
      "name": "史都华德",
      "location": [
        2,
        4
      ],
      "direction": "Right",
      "rear_delay": 0
    },
    {
      "type": "Skill",
      "name": "铸铁",
      "location": [
        3,
        5
      ],
      "costs": 22,
      "rear_delay": 0
    },
    {
      "type": "Deploy",
      "name": "炎熔",
      "location": [
        2,
        2
      ],
      "direction": "Right",
      "rear_delay": 0
    },
    {
      "type": "Skill",
      "name": "年",
      "location": [
        3,
        3
      ],
      "rear_delay": 0
    },
    {
      "type": "Skill",
      "name": "星极",
      "location": [
        3,
        1
      ],
      "rear_delay": 0
    },
    {
      "type": "Deploy",
      "name": "芙蓉",
      "location": [
        1,
        2
      ],
      "direction": "Right",
      "rear_delay": 0
    },
    {
      "type": "Skill",
      "name": "炎熔",
      "rear_delay": 0
    },
    {
      "type": "Deploy",
      "name": "改良型二踢脚",
      "location": [
        7,
        3
      ],
      "costs": 16,
      "direction": "None",
      "rear_delay": 0
    },
    {
      "type": "Deploy",
      "name": "改良型二踢脚",
      "location": [
        7,
        2
      ],
      "direction": "None",
      "costs": 31,
      "rear_delay": 0
    },
    {
      "type": "Deploy",
      "name": "改良型二踢脚",
      "location": [
        7,
        3
      ],
      "direction": "None",
      "costs": 42,
      "rear_delay": 0
    },
    {
      "type": "Deploy",
      "name": "改良型二踢脚",
      "location": [
        7,
        4
      ],
      "direction": "None",
      "costs": 57,
      "rear_delay": 0
    },
    {
      "type": "Deploy",
      "name": "改良型二踢脚",
      "location": [
        7,
        3
      ],
      "direction": "None",
      "costs": 84,
      "rear_delay": 0
    },
    {
      "type": "Skill",
      "name": "年",
      "location": [
        3,
        3
      ],
      "costs": 94,
      "rear_delay": 0
    },
    {
      "type": "Skill",
      "name": "铸铁",
      "location": [
        3,
        5
      ],
      "rear_delay": 0
    },
    {
      "type": "Skill",
      "name": "星极",
      "location": [
        3,
        1
      ],
      "rear_delay": 0
    },
    {
      "type": "Skill",
      "name": "炎熔",
      "location": [
        2,
        2
      ]
    }
  ],
  "doc": {
    "title": "重装 - 年 - “除夕”",
    "details": "重装 - 年 - “除夕”"
  },
  "groups": [],
  "opers": [
    {
      "name": "年",
      "skill": 3,
      "skill_usage": 0
    }
  ]
}