{
    "actions": [
        {
            "type": "部署",
            "name": "刻俄柏",
            "location": [
                4,
                4
            ],
            "direction": "上"
        },
        {
            "type": "部署",
            "name": "杰西卡",
            "location": [
                7,
                6
            ],
            "direction": "上"
        },
        {
            "type": "二倍速"
        },
        {
            "type": "部署",
            "name": "火神",
            "location": [
                3,
                4
            ],
            "direction": "下"
        },
        {
            "type": "部署",
            "name": "便携式补给站",
            "location": [
                4,
                3
            ],
            "direction": "下"
        },
        {
            "type": "撤退",
            "kills": 6,
            "location": [
                7,
                6
            ]
        },
        {
            "type": "技能",
            "kills": 6,
            "name": "刻俄柏"
        },
        {
            "type": "技能",
            "kills": 12,
            "name": "火神",
            "pre_delay": 2000
        },
        {
            "type": "部署",
            "kills": 14,
            "name": "杰西卡",
            "location": [
                2,
                4
            ],
            "direction": "上"
        },
        {
            "type": "技能",
            "kills": 18,
            "pre_delay": 1500,
            "name": "刻俄柏"
        },
        {
            "type": "技能",
            "kills": 24,
            "name": "火神"
        }
    ],
    "doc": {
        "details": "BV1Zh411Z7KB?p=2",
        "title": "悖论模拟-刻俄柏"
    },
    "stage_name": "打坏人的诀窍",
    "opers": [
        {
            "name": "刻俄柏",
            "skill": 3
        }
    ]
}