{
    "minimum_required": "v4.0.0",
    "stage_name": "mem_falco_1",
    "actions": [
        {
            "type": "Deploy",
            "name": "翎羽",
            "location": [
                2,
                3
            ],
            "direction": "Down"
        },
        {
            "type": "SpeedUp"
        },
        {
            "type": "Deploy",
            "name": "安德切尔",
            "location": [
                5,
                4
            ],
            "direction": "Left"
        },
        {
            "type": "Deploy",
            "name": "克洛丝",
            "location": [
                2,
                1
            ],
            "direction": "Down"
        },
        {
            "type": "Skill",
            "kills": 45,
            "name": "安德切尔"
        },
        {
            "type": "Retreat",
            "kills": 46,
            "name": "翎羽"
        },
        {
            "type": "Deploy",
            "name": "米格鲁",
            "location": [
                2,
                2
            ],
            "direction": "Down"
        }
    ],
    "doc": {
        "title": "翎羽 悖论模拟 迅捷之羽",
        "details": "——————————\n作业更新日期: 2023-02-27T06:53:20Z\n统计更新日期: 2025-07-13\n好评率：83.96%  浏览量：8221\n来源：winwinyang  ID：21245\n——————————\n干员等级：翎羽精一55级，一技能7级\n自动战斗作业作者：winwinyang"
    },
    "groups": [],
    "opers": [
        {
            "name": "翎羽"
        }
    ]
}