{
    "minimum_required": "v4.0.0",
    "stage_name": "act39side_ex01",
    "actions": [
        {
            "type": "Deploy",
            "name": "风笛",
            "location": [
                3,
                3
            ],
            "direction": "Down"
        },
        {
            "type": "Deploy",
            "name": "山",
            "location": [
                3,
                4
            ],
            "direction": "Right"
        },
        {
            "type": "Deploy",
            "name": "德克萨斯",
            "location": [
                9,
                4
            ],
            "direction": "Left"
        },
        {
            "type": "Retreat",
            "name": "风笛",
            "kills": 2
        },
        {
            "type": "Retreat",
            "name": "山"
        },
        {
            "type": "Deploy",
            "name": "塞雷娅",
            "location": [
                9,
                3
            ],
            "direction": "Left"
        },
        {
            "type": "SpeedUp"
        },
        {
            "type": "Deploy",
            "name": "玛露西尔",
            "location": [
                8,
                5
            ],
            "direction": "Up",
            "costs": 35
        },
        {
            "type": "Skill",
            "name": "玛露西尔",
            "pre_delay": 6000
        },
        {
            "type": "Deploy",
            "name": "能天使",
            "location": [
                9,
                5
            ],
            "direction": "Up"
        },
        {
            "type": "SkillDaemon"
        }
    ],
    "doc": {
        "title": "EP-EX-1 - 雅隆旧址",
        "details": "作业更新日期: 2024-12-13T16:10:35Z\n统计更新日期: 2024-12-14\n好评率：97.87%  浏览量：21524\n来源：萨拉托加  ID：44469\n原作者萧然Q JSON作者萨拉托加\n作业交流群群号1009052305，可蹲作业，有问题进群找我，作业站消息没提醒看不到\n【【出苍白海】EP-EX-1至EP-EX-8突袭 摆完挂机 简单好抄】 https://www.bilibili.com/video/BV1mWq8YbET9/?share_source=copy_web&vd_source=3fd5040fe25f6a00e19e6072bcccfa4e"
    },
    "groups": [],
    "opers": [
        {
            "name": "风笛",
            "skill": 3,
            "skill_usage": 1
        },
        {
            "name": "德克萨斯",
            "skill": 1,
            "skill_usage": 0
        },
        {
            "name": "塞雷娅",
            "skill": 2,
            "skill_usage": 0
        },
        {
            "name": "玛露西尔",
            "skill": 2,
            "skill_usage": 0
        },
        {
            "name": "能天使",
            "skill": 1,
            "skill_usage": 0
        },
        {
            "name": "山",
            "skill": 2,
            "skill_usage": 2,
            "skill_times": 1
        }
    ],
    "difficulty": 3
}