{
    "minimum_required": "v4.0.0",
    "stage_name": "act39side_01",
    "actions": [
        {
            "type": "SpeedUp"
        },
        {
            "type": "Deploy",
            "name": "群卫",
            "location": [
                4,
                5
            ],
            "direction": "Left"
        },
        {
            "type": "SkillDaemon"
        }
    ],
    "doc": {
        "title": "EP-1 - 倒悬苍白海上",
        "details": "作业更新日期: 2024-12-05T10:51:58Z\n统计更新日期: 2024-12-07\n好评率：99.92%  浏览量：3342\n来源：星之海.  ID：44266\n此作业全员专三且模组一级\n原作者：自在道爷\nJSON作者：星之海.\n社区评论不会提醒，有问题可以进群找我：994516079（刚建的\n原视频：【【出苍白海】EP-1至EP-8挂机流，镀层也不愁！语音快乐详解，轻松解放双手 | 明日方舟攻略(分p更新中)】https://www.bilibili.com/video/BV15WiRYkERM?vd_source=69f0b796ff8cde9e6cb9e9f9a99f8eec"
    },
    "groups": [
        {
            "name": "群卫",
            "opers": [
                {
                    "name": "煌",
                    "skill": 2,
                    "skill_usage": 0
                },
                {
                    "name": "乌尔比安",
                    "skill": 2,
                    "skill_usage": 0
                }
            ]
        }
    ],
    "opers": []
}