{
    "minimum_required": "v4.0.0",
    "stage_name": "act39side_ex06",
    "actions": [
        {
            "type": "Deploy",
            "name": "维什戴尔",
            "location": [
                6,
                5
            ],
            "direction": "Left"
        },
        {
            "type": "SpeedUp"
        },
        {
            "type": "Deploy",
            "name": "山",
            "location": [
                8,
                2
            ],
            "direction": "Up"
        },
        {
            "type": "Deploy",
            "name": "奶",
            "location": [
                7,
                3
            ],
            "direction": "Down"
        },
        {
            "type": "Deploy",
            "name": "能天使",
            "location": [
                9,
                5
            ],
            "direction": "Left"
        },
        {
            "type": "Deploy",
            "name": "减速辅助",
            "location": [
                8,
                5
            ],
            "direction": "Left"
        },
        {
            "type": "Retreat",
            "location": [
                5,
                5
            ],
            "kills": 17
        },
        {
            "type": "SkillDaemon"
        }
    ],
    "doc": {
        "title": "EP-EX-6 - 盐鳞坟场",
        "details": "作业更新日期: 2024-12-12T12:15:57Z\n统计更新日期: 2024-12-13\n好评率：99.55%  浏览量：1104\n来源：焕彩gg  ID：44503\nEP-EX-6 - 盐鳞坟场"
    },
    "groups": [
        {
            "name": "奶",
            "opers": [
                {
                    "name": "闪灵",
                    "skill": 2,
                    "skill_usage": 0
                },
                {
                    "name": "芙蓉",
                    "skill": 1,
                    "skill_usage": 1
                },
                {
                    "name": "安赛尔",
                    "skill": 1,
                    "skill_usage": 1
                },
                {
                    "name": "纯烬艾雅法拉",
                    "skill": 1,
                    "skill_usage": 0
                }
            ]
        },
        {
            "name": "减速辅助",
            "opers": [
                {
                    "name": "铃兰",
                    "skill": 2,
                    "skill_usage": 1
                },
                {
                    "name": "梓兰",
                    "skill": 1,
                    "skill_usage": 1
                }
            ]
        }
    ],
    "opers": [
        {
            "name": "山",
            "skill": 2,
            "skill_usage": 2,
            "skill_times": 1
        },
        {
            "name": "维什戴尔",
            "skill": 3,
            "skill_usage": 1
        },
        {
            "name": "能天使",
            "skill": 3,
            "skill_usage": 0
        }
    ],
    "difficulty": 3
}