{
    "minimum_required": "v4.0.0",
    "stage_name": "act39side_ex01",
    "actions": [
        {
            "type": "SpeedUp"
        },
        {
            "type": "Deploy",
            "name": "风笛",
            "location": [
                3,
                3
            ],
            "direction": "Down",
            "costs": 23
        },
        {
            "type": "Deploy",
            "name": "德克萨斯",
            "location": [
                3,
                4
            ],
            "direction": "Up"
        },
        {
            "type": "Deploy",
            "name": "白金",
            "location": [
                9,
                5
            ],
            "direction": "Left"
        },
        {
            "type": "Deploy",
            "name": "能天使",
            "location": [
                9,
                2
            ],
            "direction": "Left"
        },
        {
            "type": "Deploy",
            "name": "拉普兰德",
            "location": [
                9,
                4
            ],
            "direction": "Left"
        },
        {
            "type": "Retreat",
            "name": "风笛"
        },
        {
            "type": "Retreat",
            "name": "德克萨斯"
        },
        {
            "type": "Deploy",
            "name": "塞雷娅",
            "location": [
                9,
                3
            ],
            "direction": "Left"
        }
    ],
    "doc": {
        "title": "EP-EX-1 - 雅隆旧址（含刻章）",
        "details": "作业更新日期: 2024-12-12T12:20:59Z\n统计更新日期: 2024-12-13\n好评率：93.02%  浏览量：3411\n来源：Painterwen  ID：44490\n原作者：自在道爷\n【出苍白海】EP-EX-1至EP-EX-8挂机流，突袭刻章都不愁！语音快乐详解，轻松解放双手 | 明日方舟攻略(分p更新中)\nhttps://www.bilibili.com/video/BV1v2q8YCEtX\n注意！练度过高可能导致普通关无法拿到刻章"
    },
    "groups": [],
    "opers": [
        {
            "name": "德克萨斯",
            "skill": 1,
            "skill_usage": 0
        },
        {
            "name": "风笛",
            "skill": 2,
            "skill_usage": 0
        },
        {
            "name": "拉普兰德",
            "skill": 2,
            "skill_usage": 0
        },
        {
            "name": "塞雷娅",
            "skill": 2,
            "skill_usage": 0
        },
        {
            "name": "能天使",
            "skill": 3,
            "skill_usage": 0
        },
        {
            "name": "白金",
            "skill": 2,
            "skill_usage": 0
        }
    ],
    "difficulty": 3
}