{
    "minimum_required": "v4.0.0",
    "stage_name": "act39side_ex01",
    "actions": [
        {
            "type": "SpeedUp"
        },
        {
            "type": "Deploy",
            "name": "先锋-执旗手",
            "location": [
                3,
                4
            ],
            "direction": "Up"
        },
        {
            "type": "Deploy",
            "name": "近卫-收割者",
            "location": [
                3,
                3
            ],
            "direction": "Down"
        },
        {
            "type": "Deploy",
            "name": "先锋-尖兵",
            "location": [
                9,
                4
            ],
            "direction": "Left"
        },
        {
            "type": "Deploy",
            "name": "近卫-领主",
            "location": [
                9,
                3
            ],
            "direction": "Left"
        },
        {
            "type": "Retreat",
            "name": "近卫-收割者"
        },
        {
            "type": "Deploy",
            "name": "术师-中坚术师",
            "location": [
                8,
                5
            ],
            "direction": "Up"
        },
        {
            "type": "Deploy",
            "name": "狙击-速射手",
            "location": [
                8,
                2
            ],
            "direction": "Down"
        },
        {
            "type": "Deploy",
            "name": "辅助-凝滞师",
            "location": [
                9,
                2
            ],
            "direction": "Down"
        },
        {
            "type": "Deploy",
            "name": "医疗-医师",
            "location": [
                9,
                5
            ],
            "direction": "Up"
        },
        {
            "type": "Retreat",
            "name": "先锋-执旗手"
        },
        {
            "type": "Deploy",
            "name": "狙击-攻城手",
            "location": [
                8,
                1
            ],
            "direction": "Down"
        },
        {
            "type": "Retreat",
            "name": "狙击-攻城手",
            "kills": 46
        },
        {
            "type": "Retreat",
            "name": "术师-中坚术师"
        },
        {
            "type": "Retreat",
            "name": "辅助-凝滞师",
            "kills": 48
        },
        {
            "type": "Retreat",
            "name": "近卫-领主",
            "kills": 50
        },
        {
            "type": "Retreat",
            "name": "狙击-速射手",
            "kills": 50
        },
        {
            "type": "SkillDaemon"
        }
    ],
    "doc": {
        "title": "EP-EX-1 - 雅隆旧址",
        "details": "作业更新日期: 2024-12-18T02:23:13Z\n统计更新日期: 2024-12-19\n好评率：97.57%  浏览量：1067\n来源：作业超大杯  ID：44642\nEP-EX-1 - 雅隆旧址"
    },
    "groups": [
        {
            "name": "先锋-执旗手",
            "opers": [
                {
                    "name": "伊内丝"
                },
                {
                    "name": "桃金娘",
                    "skill": 1,
                    "skill_usage": 1
                }
            ]
        },
        {
            "name": "先锋-尖兵",
            "opers": [
                {
                    "name": "嵯峨",
                    "skill": 1,
                    "skill_usage": 0
                },
                {
                    "name": "推进之王"
                },
                {
                    "name": "凛冬",
                    "skill": 1,
                    "skill_usage": 0
                },
                {
                    "name": "德克萨斯",
                    "skill": 1,
                    "skill_usage": 0
                },
                {
                    "name": "焰尾"
                }
            ]
        },
        {
            "name": "近卫-领主",
            "opers": [
                {
                    "name": "棘刺",
                    "skill": 3,
                    "skill_usage": 1
                },
                {
                    "name": "拉普兰德",
                    "skill": 2,
                    "skill_usage": 0
                },
                {
                    "name": "仇白"
                }
            ]
        },
        {
            "name": "狙击-速射手",
            "opers": [
                {
                    "name": "能天使",
                    "skill": 1,
                    "skill_usage": 0
                },
                {
                    "name": "灰烬"
                },
                {
                    "name": "空弦"
                },
                {
                    "name": "蓝毒"
                },
                {
                    "name": "寒芒克洛丝",
                    "skill": 1,
                    "skill_usage": 1
                }
            ]
        },
        {
            "name": "狙击-攻城手",
            "opers": [
                {
                    "name": "提丰",
                    "skill": 2,
                    "skill_usage": 1
                },
                {
                    "name": "伊芙利特",
                    "skill": 2,
                    "skill_usage": 0
                },
                {
                    "name": "焰影苇草",
                    "skill": 3,
                    "skill_usage": 1
                },
                {
                    "name": "莱伊",
                    "skill": 3,
                    "skill_usage": 1
                }
            ]
        },
        {
            "name": "术师-中坚术师",
            "opers": [
                {
                    "name": "艾雅法拉",
                    "skill": 2,
                    "skill_usage": 0
                },
                {
                    "name": "娜仁图亚",
                    "skill": 1,
                    "skill_usage": 2,
                    "skill_times": 1
                },
                {
                    "name": "逻各斯",
                    "skill": 1,
                    "skill_usage": 0
                },
                {
                    "name": "澄闪",
                    "skill": 2,
                    "skill_usage": 0
                }
            ]
        },
        {
            "name": "辅助-凝滞师",
            "opers": [
                {
                    "name": "铃兰",
                    "skill": 2,
                    "skill_usage": 0
                },
                {
                    "name": "安洁莉娜"
                },
                {
                    "name": "塑心"
                },
                {
                    "name": "灵知"
                }
            ]
        },
        {
            "name": "近卫-收割者",
            "opers": [
                {
                    "name": "海沫"
                },
                {
                    "name": "乌尔比安",
                    "skill": 1,
                    "skill_usage": 0
                },
                {
                    "name": "圣约送葬人"
                },
                {
                    "name": "百炼嘉维尔",
                    "skill": 1,
                    "skill_usage": 1
                },
                {
                    "name": "羽毛笔"
                },
                {
                    "name": "休谟斯"
                }
            ]
        },
        {
            "name": "医疗-医师",
            "opers": [
                {
                    "name": "闪灵"
                },
                {
                    "name": "华法琳"
                },
                {
                    "name": "白面鸮"
                },
                {
                    "name": "纯烬艾雅法拉"
                },
                {
                    "name": "夜莺"
                },
                {
                    "name": "流明"
                }
            ]
        }
    ],
    "opers": [],
    "difficulty": 3
}