{
    "minimum_required": "v4.0.0",
    "stage_name": "act39side_ex08",
    "actions": [
        {
            "type": "Deploy",
            "name": "伊内丝",
            "location": [
                9,
                4
            ],
            "direction": "Up"
        },
        {
            "type": "Deploy",
            "name": "琴柳",
            "location": [
                11,
                7
            ],
            "direction": "Left"
        },
        {
            "type": "Deploy",
            "name": "近卫",
            "location": [
                1,
                7
            ],
            "direction": "Right"
        },
        {
            "type": "SpeedUp"
        },
        {
            "type": "Deploy",
            "name": "能天使",
            "location": [
                2,
                4
            ],
            "direction": "Right"
        },
        {
            "type": "Deploy",
            "name": "维什戴尔",
            "location": [
                10,
                6
            ],
            "direction": "Left"
        },
        {
            "type": "Deploy",
            "name": "纯烬艾雅法拉",
            "location": [
                8,
                6
            ],
            "direction": "Up"
        },
        {
            "type": "Deploy",
            "name": "乌尔比安",
            "location": [
                10,
                4
            ],
            "direction": "Left"
        },
        {
            "type": "Deploy",
            "name": "浊心斯卡蒂",
            "location": [
                9,
                6
            ],
            "direction": "Left"
        },
        {
            "type": "Deploy",
            "name": "星熊",
            "location": [
                8,
                4
            ],
            "direction": "Right"
        },
        {
            "type": "Retreat",
            "name": "能天使",
            "kills": 19
        },
        {
            "type": "Retreat",
            "name": "琴柳",
            "pre_delay": 500
        },
        {
            "type": "Deploy",
            "name": "泥岩",
            "location": [
                7,
                6
            ],
            "direction": "Left"
        },
        {
            "type": "Deploy",
            "name": "伊芙利特",
            "location": [
                8,
                2
            ],
            "direction": "Left",
            "kills": 23
        },
        {
            "type": "Deploy",
            "name": "斯卡蒂的海嗣",
            "location": [
                9,
                4
            ],
            "direction": "Up",
            "kills": 27
        },
        {
            "type": "SkillDaemon"
        }
    ],
    "doc": {
        "title": "EP-EX-8 - 盐海尽头",
        "details": "作业更新日期: 2024-12-15T14:12:45Z\n统计更新日期: 2024-12-18\n好评率：94.0%  浏览量：1391\n来源：星之海.  ID：44676\n此作业全员专三且模组一级\n原作者：自在道爷\nJSON作者：星之海.\n社区评论不会提醒，有问题可以进群找我：994516079（刚建的\n原视频：【【出苍白海】EP-EX-1至EP-EX-8挂机流，突袭刻章都不愁！语音快乐详解，轻松解放双手 | 明日方舟攻略(分p更新中)】https://www.bilibili.com/video/BV1v2q8YCEtX?vd_source=69f0b796ff8cde9e6cb9e9f9a99f8eec"
    },
    "groups": [
        {
            "name": "近卫",
            "opers": [
                {
                    "name": "山",
                    "skill": 2,
                    "skill_usage": 2,
                    "skill_times": 1
                },
                {
                    "name": "赫拉格",
                    "skill": 1,
                    "skill_usage": 0
                }
            ]
        }
    ],
    "opers": [
        {
            "name": "琴柳",
            "skill": 1,
            "skill_usage": 1
        },
        {
            "name": "伊内丝",
            "skill": 2,
            "skill_usage": 1
        },
        {
            "name": "乌尔比安",
            "skill": 2,
            "skill_usage": 0
        },
        {
            "name": "泥岩",
            "skill": 2,
            "skill_usage": 0
        },
        {
            "name": "星熊",
            "skill": 2,
            "skill_usage": 0
        },
        {
            "name": "能天使",
            "skill": 3,
            "skill_usage": 0
        },
        {
            "name": "维什戴尔",
            "skill": 1,
            "skill_usage": 0
        },
        {
            "name": "伊芙利特",
            "skill": 2,
            "skill_usage": 0
        },
        {
            "name": "纯烬艾雅法拉",
            "skill": 1,
            "skill_usage": 0
        },
        {
            "name": "浊心斯卡蒂",
            "skill": 2,
            "skill_usage": 0
        }
    ],
    "difficulty": 3
}