{
    "minimum_required": "v4.0.0",
    "stage_name": "act39side_ex04",
    "actions": [
        {
            "type": "SpeedUp"
        },
        {
            "type": "Deploy",
            "name": "煌",
            "location": [
                9,
                1
            ],
            "direction": "Down"
        },
        {
            "type": "Deploy",
            "name": "艾雅法拉",
            "location": [
                6,
                3
            ],
            "direction": "Down"
        },
        {
            "type": "Deploy",
            "name": "能天使",
            "location": [
                6,
                4
            ],
            "direction": "Right"
        },
        {
            "type": "Deploy",
            "name": "白金",
            "location": [
                1,
                4
            ],
            "direction": "Right"
        },
        {
            "type": "Deploy",
            "name": "泥岩",
            "location": [
                8,
                5
            ],
            "direction": "Left"
        }
    ],
    "doc": {
        "title": "EP-EX-4 - 鸣鳞原野",
        "details": "作业更新日期: 2024-12-12T11:30:27Z\n统计更新日期: 2024-12-13\n好评率：100.0%  浏览量：1029\n来源：Painterwen  ID：44495\n原作者：自在道爷\n【出苍白海】EP-EX-1至EP-EX-8挂机流，突袭刻章都不愁！语音快乐详解，轻松解放双手 | 明日方舟攻略(分p更新中)\nhttps://www.bilibili.com/video/BV1v2q8YCEtX"
    },
    "groups": [],
    "opers": [
        {
            "name": "能天使",
            "skill": 3,
            "skill_usage": 0
        },
        {
            "name": "煌",
            "skill": 2,
            "skill_usage": 0
        },
        {
            "name": "泥岩",
            "skill": 2,
            "skill_usage": 0
        },
        {
            "name": "白金",
            "skill": 2,
            "skill_usage": 0
        },
        {
            "name": "艾雅法拉",
            "skill": 2,
            "skill_usage": 0
        }
    ],
    "difficulty": 3
}