{
    "minimum_required": "v4.0.0",
    "stage_name": "mem_elysm_1",
    "actions": [
        {
            "type": "Deploy",
            "name": "极境",
            "location": [
                5,
                3
            ],
            "direction": "Up"
        },
        {
            "type": "Deploy",
            "name": "蓝毒",
            "location": [
                6,
                1
            ],
            "direction": "Left"
        },
        {
            "type": "Deploy",
            "name": "安比尔",
            "location": [
                5,
                1
            ],
            "direction": "Down"
        },
        {
            "type": "SpeedUp"
        },
        {
            "type": "Skill",
            "kills": 5,
            "name": "极境"
        },
        {
            "type": "Skill",
            "name": "安比尔",
            "kills": 5
        },
        {
            "type": "Skill",
            "name": "极境",
            "kills": 16
        },
        {
            "type": "Skill",
            "name": "安比尔",
            "kills": 16
        }
    ],
    "doc": {
        "title": "先锋 - 极境 - 目标在这儿呢！ - 悖论模拟",
        "details": "——————————\n作业更新日期: 2024-05-14T10:13:28Z\n统计更新日期: 2025-09-06\n相对评分：100.0%  相对热度：100.0%\n来源：kmmumukl  ID：37650\n——————————\nB站up主：雪沐ユキル_Channel\nhttps://www.bilibili.com/video/BV1Xh4y1Q75r/\n极境精二1级无专精"
    },
    "groups": [],
    "opers": [
        {
            "name": "极境",
            "skill": 2,
            "skill_usage": 0
        },
        {
            "name": "安比尔",
            "skill": 2,
            "skill_usage": 0
        },
        {
            "name": "蓝毒",
            "skill": 1,
            "skill_usage": 0
        }
    ]
}