{
    "minimum_required": "v4.0.0",
    "stage_name": "main_10-14",
    "actions": [
        {
            "type": "SpeedUp"
        },
        {
            "type": "Deploy",
            "name": "桃金娘",
            "location": [
                1,
                6
            ],
            "direction": "Up"
        },
        {
            "type": "Deploy",
            "name": "歌蕾蒂娅",
            "location": [
                1,
                5
            ],
            "direction": "Right"
        },
        {
            "type": "Deploy",
            "name": "乌尔比安",
            "location": [
                8,
                4
            ],
            "direction": "Left"
        },
        {
            "type": "Deploy",
            "name": "逻各斯",
            "location": [
                6,
                6
            ],
            "direction": "Up"
        },
        {
            "type": "Deploy",
            "name": "泥岩",
            "location": [
                4,
                4
            ],
            "direction": "Right"
        },
        {
            "type": "SkillDaemon"
        }
    ],
    "doc": {
        "title": "第十章 破碎日冕 - 10-16（标准） - 血刃高悬 泥岩模组 沃土的愿景",
        "details": "——————————\n作业更新日期: 2025-04-07T13:59:21Z\n统计更新日期: 2025-06-28\n好评率：96.3%  浏览量：605\n来源：Dr_MO  ID：49655\n——————————\n\n【明日方舟 模组任务】泥岩「沃土的愿景」摆完挂机（4人4步）\nhttps://www.bilibili.com/video/BV1nsR2YyEYY/?spm_id_from=333.337.search-card.all.click&vd_source=375c92f84c507a5fc51c5e4fc821c6e8\n\nMO"
    },
    "groups": [],
    "opers": [
        {
            "name": "桃金娘",
            "skill": 1,
            "skill_usage": 1
        },
        {
            "name": "泥岩",
            "skill": 2,
            "skill_usage": 0
        },
        {
            "name": "乌尔比安",
            "skill": 2,
            "skill_usage": 0
        },
        {
            "name": "逻各斯",
            "skill": 1,
            "skill_usage": 0
        },
        {
            "name": "歌蕾蒂娅",
            "skill": 1,
            "skill_usage": 0
        }
    ]
}