{
    "minimum_required": "v4.0.0",
    "stage_name": "main_10-15",
    "actions": [
        {
            "type": "Deploy",
            "name": "泥岩",
            "location": [
                8,
                3
            ],
            "direction": "Left"
        },
        {
            "type": "Deploy",
            "name": "玛恩纳",
            "location": [
                9,
                3
            ],
            "direction": "Left",
            "kills": 15
        },
        {
            "type": "Deploy",
            "name": "纯烬艾雅法拉",
            "location": [
                8,
                6
            ],
            "direction": "Up"
        },
        {
            "type": "Deploy",
            "name": "澄闪",
            "location": [
                7,
                6
            ],
            "direction": "Up"
        },
        {
            "type": "Deploy",
            "name": "艾雅法拉",
            "location": [
                5,
                1
            ],
            "direction": "Right"
        },
        {
            "type": "Deploy",
            "name": "蛇屠箱",
            "location": [
                5,
                3
            ],
            "direction": "Left",
            "kills": 38
        },
        {
            "type": "Skill",
            "name": "玛恩纳",
            "location": [
                9,
                3
            ],
            "kills": 38
        },
        {
            "type": "Deploy",
            "name": "塞雷娅",
            "location": [
                5,
                3
            ],
            "direction": "Left",
            "kills": 44
        },
        {
            "type": "Deploy",
            "name": "百炼嘉维尔",
            "location": [
                10,
                2
            ],
            "direction": "Left",
            "kills": 44
        },
        {
            "type": "Skill",
            "name": "玛恩纳",
            "location": [
                9,
                3
            ],
            "kills": 58
        },
        {
            "type": "SkillDaemon"
        }
    ],
    "doc": {
        "title": "第十章 破碎日冕 - 10-17（标准） - 坚城高墙",
        "details": "统计日期：2024-06-01\n好评率：80.0%  浏览量：760\n来源：白羊47  ID：30649\n叔叔泥岩双核\n参考视频：https://www.bilibili.com/video/BV13k4y1c7Sh/?spm_id_from=333.788.recommend_more_video.-1&vd_source=94535e70f3c2acd33c3d5bb2414f65dd"
    },
    "groups": [],
    "opers": [
        {
            "name": "玛恩纳",
            "skill": 3,
            "skill_usage": 0
        },
        {
            "name": "百炼嘉维尔",
            "skill": 2,
            "skill_usage": 1
        },
        {
            "name": "泥岩",
            "skill": 2,
            "skill_usage": 0
        },
        {
            "name": "纯烬艾雅法拉",
            "skill": 1,
            "skill_usage": 0
        },
        {
            "name": "德克萨斯",
            "skill": 1,
            "skill_usage": 0
        },
        {
            "name": "塞雷娅",
            "skill": 1,
            "skill_usage": 0
        },
        {
            "name": "艾雅法拉",
            "skill": 2,
            "skill_usage": 0
        },
        {
            "name": "蛇屠箱",
            "skill": 2,
            "skill_usage": 0
        },
        {
            "name": "澄闪",
            "skill": 2,
            "skill_usage": 0
        }
    ]
}