{
    "minimum_required": "v4.0.0",
    "doc": {
        "title": "10-15 (磨难) 七人",
        "details": "作业更新日期: 2023-02-11T07:10:02Z\n统计更新日期: 2024-10-07\n好评率：93.51%  浏览量：4302\n来源：一只摆烂的42  ID：20630\nhttps://www.bilibili.com/video/av980739337/"
    },
    "stage_name": "tough_10-13",
    "opers": [
        {
            "name": "风笛",
            "skill": 2,
            "skill_usage": 0
        },
        {
            "name": "泥岩",
            "skill": 2,
            "skill_usage": 0
        },
        {
            "name": "闪灵",
            "skill": 2,
            "skill_usage": 0
        },
        {
            "name": "推进之王",
            "skill": 2,
            "skill_usage": 0
        },
        {
            "name": "能天使",
            "skill": 3,
            "skill_usage": 0
        },
        {
            "name": "伊芙利特",
            "skill": 2,
            "skill_usage": 0
        },
        {
            "name": "浊心斯卡蒂",
            "skill": 2,
            "skill_usage": 0
        }
    ],
    "actions": [
        {
            "type": "部署",
            "name": "浊心斯卡蒂",
            "location": [
                6,
                2
            ],
            "direction": "右"
        },
        {
            "type": "SpeedUp",
            "name": ""
        },
        {
            "type": "部署",
            "name": "推进之王",
            "location": [
                6,
                4
            ],
            "direction": "右"
        },
        {
            "type": "部署",
            "name": "风笛",
            "location": [
                6,
                3
            ],
            "direction": "右"
        },
        {
            "type": "部署",
            "name": "能天使",
            "location": [
                7,
                2
            ],
            "direction": "下"
        },
        {
            "type": "部署",
            "name": "泥岩",
            "location": [
                1,
                4
            ],
            "direction": "右"
        },
        {
            "type": "部署",
            "name": "闪灵",
            "location": [
                6,
                1
            ],
            "direction": "下"
        },
        {
            "type": "部署",
            "name": "伊芙利特",
            "location": [
                7,
                1
            ],
            "direction": "下"
        },
        {
            "type": "Output",
            "name": "",
            "doc": "制作者2586582719",
            "doc_color": "SpringGreen"
        }
    ]
}