{
    "actions": [
        {
            "type": "二倍速"
        },
        {
            "type": "部署",
            "name": "风笛",
            "direction": "上",
            "location": [
                5,
                4
            ]
        },
        {
            "type": "部署",
            "name": "德克萨斯",
            "direction": "上",
            "location": [
                6,
                4
            ]
        },
        {
            "type": "部署",
            "name": "山",
            "direction": "上",
            "location": [
                3,
                2
            ]
        },
        {
            "type": "部署",
            "name": "能天使",
            "direction": "左",
            "location": [
                8,
                4
            ]
        }
    ],
    "stage_name": "tough_10-01",
    "doc": {
        "details": "统计日期：2024-05-24\n好评率：91.38%  浏览量：2566\n来源：作业代传——有问题联系原作者  ID：22196\n作者：YueShen\n有问题群里@咕咕咕",
        "title": "磨难10-2"
    },
    "opers": [
        {
            "name": "风笛",
            "skill": 2
        },
        {
            "name": "德克萨斯",
            "skill": 1
        },
        {
            "name": "山",
            "skill": 2,
            "skill_usage": 2
        },
        {
            "name": "能天使",
            "skill": 1
        }
    ],
    "minimum_required": "v4.0.0"
}