{
    "minimum_required": "v4.0.0",
    "stage_name": "main_10-02",
    "actions": [
        {
            "type": "SpeedUp"
        },
        {
            "type": "Deploy",
            "name": "重岳",
            "location": [
                6,
                3
            ],
            "direction": "Left"
        },
        {
            "type": "Deploy",
            "name": "黑角",
            "location": [
                6,
                5
            ],
            "direction": "Left"
        },
        {
            "type": "Deploy",
            "name": "单奶",
            "location": [
                7,
                3
            ],
            "direction": "Down"
        },
        {
            "type": "Deploy",
            "name": "卡缇",
            "location": [
                8,
                4
            ],
            "direction": "Left"
        },
        {
            "type": "SkillDaemon"
        }
    ],
    "doc": {
        "title": "第十章 破碎日冕 - 10-3（标准） - 低下头【萌新也能摆完挂机系列】",
        "details": "——————————\n作业更新日期: 2023-11-17T05:07:39Z\n统计更新日期: 2025-06-11\n好评率：100.0%  浏览量：289\n来源：白泠木汐  ID：30260\n——————————\n\n这里是半禺心的萌新主线关卡摆完挂机攻略，重岳不可替，【2307以上】，记得带一个自己的精2\n如果对你有帮助就点个赞吧~关注半禺心！"
    },
    "groups": [
        {
            "name": "单奶",
            "opers": [
                {
                    "name": "芙蓉",
                    "skill": 1,
                    "skill_usage": 0
                },
                {
                    "name": "安赛尔",
                    "skill": 1,
                    "skill_usage": 0
                },
                {
                    "name": "纯烬艾雅法拉",
                    "skill": 1,
                    "skill_usage": 0
                },
                {
                    "name": "闪灵",
                    "skill": 2,
                    "skill_usage": 0
                },
                {
                    "name": "赫默",
                    "skill": 2,
                    "skill_usage": 0
                },
                {
                    "name": "苏苏洛",
                    "skill": 2,
                    "skill_usage": 0
                }
            ]
        }
    ],
    "opers": [
        {
            "name": "黑角",
            "skill": 1,
            "skill_usage": 0
        },
        {
            "name": "卡缇",
            "skill": 1,
            "skill_usage": 0
        },
        {
            "name": "重岳",
            "skill": 3,
            "skill_usage": 1
        }
    ]
}