{
    "actions": [
        {
            "type": "部署",
            "name": "桃金娘",
            "direction": "左",
            "location": [
                8,
                5
            ]
        },
        {
            "type": "二倍速"
        },
        {
            "type": "部署",
            "name": "德克萨斯",
            "direction": "左",
            "location": [
                6,
                6
            ]
        },
        {
            "type": "部署",
            "name": "风笛",
            "direction": "左",
            "location": [
                7,
                2
            ]
        },
        {
            "type": "部署",
            "name": "煌",
            "direction": "下",
            "location": [
                5,
                5
            ]
        },
        {
            "type": "部署",
            "name": "泥岩",
            "direction": "左",
            "location": [
                4,
                2
            ]
        },
        {
            "type": "部署",
            "name": "白面鸮",
            "direction": "下",
            "location": [
                6,
                4
            ]
        }
    ],
    "stage_name": "tough_10-03",
    "doc": {
        "details": "作业更新日期: 2023-04-02T08:13:45Z\n统计更新日期: 2024-11-30\n好评率：81.82%  浏览量：1037\n来源：作业代传——有问题联系原作者  ID：22198\n作者：YueShen\n有问题群里@咕咕咕",
        "title": "磨难10-4"
    },
    "opers": [
        {
            "name": "煌",
            "skill": 2
        },
        {
            "name": "风笛",
            "skill": 2
        },
        {
            "name": "德克萨斯",
            "skill": 1
        },
        {
            "name": "桃金娘",
            "skill": 1,
            "skill_usage": 1
        },
        {
            "name": "白面鸮",
            "skill": 2
        },
        {
            "name": "泥岩",
            "skill": 2
        }
    ],
    "minimum_required": "v4.0.0"
}