{
    "minimum_required": "v4.0.0",
    "stage_name": "tough_10-03",
    "actions": [
        {
            "type": "Deploy",
            "name": "桃金娘",
            "location": [
                5,
                2
            ],
            "direction": "Left"
        },
        {
            "type": "Deploy",
            "name": "维什戴尔",
            "location": [
                4,
                4
            ],
            "direction": "Down"
        },
        {
            "type": "Deploy",
            "name": "斑点",
            "location": [
                9,
                2
            ],
            "direction": "Left"
        },
        {
            "type": "Deploy",
            "name": "古米",
            "location": [
                9,
                2
            ],
            "direction": "Left",
            "cooling": 1
        },
        {
            "type": "SpeedUp"
        },
        {
            "type": "Deploy",
            "name": "伊桑",
            "location": [
                6,
                2
            ],
            "direction": "Right"
        },
        {
            "type": "Retreat",
            "name": "桃金娘",
            "location": [
                5,
                2
            ]
        },
        {
            "type": "Deploy",
            "name": "斑点",
            "location": [
                9,
                2
            ],
            "kills": 50,
            "direction": "Left"
        },
        {
            "type": "SkillDaemon"
        }
    ],
    "doc": {
        "title": "第十章 破碎日冕 - 10-4（磨难） - 鸣铳示警 - 单核",
        "details": "——————————\n作业更新日期: 2025-02-17T12:31:14Z\n统计更新日期: 2025-06-11\n好评率：85.19%  浏览量：1029\n来源：小卡拉帕鲁灰  ID：47291\n——————————\n\nJSON作者小卡拉帕鲁灰\nEW满级，专3，三级模组，桃子需要专精\n持续更新中，作业交流群789724611，如果作业有问题可以加群找我，评论区不能及时回复"
    },
    "groups": [],
    "opers": [
        {
            "name": "维什戴尔",
            "skill": 3,
            "skill_usage": 1
        },
        {
            "name": "桃金娘",
            "skill": 1,
            "skill_usage": 1
        },
        {
            "name": "伊桑",
            "skill": 1,
            "skill_usage": 0
        },
        {
            "name": "斑点",
            "skill": 1,
            "skill_usage": 1
        },
        {
            "name": "古米",
            "skill": 1,
            "skill_usage": 0
        }
    ]
}