{
    "minimum_required": "v4.0.0",
    "stage_name": "main_10-03",
    "actions": [
        {
            "type": "SpeedUp"
        },
        {
            "type": "Deploy",
            "name": "挡2先锋",
            "location": [
                9,
                2
            ],
            "direction": "Left"
        },
        {
            "type": "Deploy",
            "name": "远卫",
            "location": [
                6,
                5
            ],
            "direction": "Down"
        },
        {
            "type": "Deploy",
            "name": "重装",
            "location": [
                7,
                6
            ],
            "direction": "Left"
        },
        {
            "type": "Deploy",
            "name": "泥岩",
            "location": [
                8,
                2
            ],
            "direction": "Left"
        },
        {
            "type": "Retreat",
            "name": "挡2先锋",
            "location": [
                9,
                2
            ],
            "kills": 8
        },
        {
            "type": "Deploy",
            "name": "远卫",
            "location": [
                7,
                5
            ],
            "direction": "Left"
        },
        {
            "type": "Deploy",
            "name": "单奶",
            "location": [
                9,
                5
            ],
            "direction": "Left"
        },
        {
            "type": "Deploy",
            "name": "群奶",
            "location": [
                6,
                4
            ],
            "direction": "Down"
        },
        {
            "type": "Deploy",
            "name": "散射手",
            "location": [
                5,
                4
            ],
            "direction": "Down"
        },
        {
            "type": "SkillDaemon"
        }
    ],
    "doc": {
        "title": "第十章 破碎日冕 - 10-4（标准） - 鸣铳示警【萌新也能摆完挂机系列】",
        "details": "作业更新日期: 2023-11-17T04:55:13Z\n统计更新日期: 2024-10-07\n好评率：54.55%  浏览量：367\n来源：白泠木汐  ID：30258\n这里是半禺心的萌新主线关卡摆完挂机攻略。难度是标准！！不是磨难！！记得带一个已经精二的干员！不可替的是【精2的2技能泥岩】等级越高越好，作业测试为最低要求的三星四星，换上位卡费可带桃子放右边蓝门向上补费，如果过不去请提升技能和等级\n如果有帮助就请点个赞吧~关注半禺心谢谢喵"
    },
    "groups": [
        {
            "name": "挡2先锋",
            "opers": [
                {
                    "name": "芬",
                    "skill": 1,
                    "skill_usage": 0
                },
                {
                    "name": "讯使",
                    "skill": 1,
                    "skill_usage": 0
                },
                {
                    "name": "焰尾",
                    "skill": 1,
                    "skill_usage": 0
                },
                {
                    "name": "德克萨斯",
                    "skill": 1,
                    "skill_usage": 0
                }
            ]
        },
        {
            "name": "群卫",
            "opers": [
                {
                    "name": "泡普卡",
                    "skill": 1,
                    "skill_usage": 0
                },
                {
                    "name": "煌",
                    "skill": 1,
                    "skill_usage": 0
                },
                {
                    "name": "幽灵鲨",
                    "skill": 1,
                    "skill_usage": 0
                }
            ]
        },
        {
            "name": "重装",
            "opers": [
                {
                    "name": "米格鲁",
                    "skill": 1,
                    "skill_usage": 0
                },
                {
                    "name": "星熊",
                    "skill": 2,
                    "skill_usage": 0
                },
                {
                    "name": "蛇屠箱",
                    "skill": 2,
                    "skill_usage": 0
                },
                {
                    "name": "塞雷娅",
                    "skill": 1,
                    "skill_usage": 0
                }
            ]
        },
        {
            "name": "远卫",
            "opers": [
                {
                    "name": "月见夜",
                    "skill": 1,
                    "skill_usage": 0
                },
                {
                    "name": "拉普兰德",
                    "skill": 2,
                    "skill_usage": 0
                },
                {
                    "name": "棘刺",
                    "skill": 3,
                    "skill_usage": 1
                },
                {
                    "name": "银灰",
                    "skill": 3,
                    "skill_usage": 0
                }
            ]
        },
        {
            "name": "单奶",
            "opers": [
                {
                    "name": "安赛尔",
                    "skill": 1,
                    "skill_usage": 0
                },
                {
                    "name": "芙蓉",
                    "skill": 1,
                    "skill_usage": 0
                },
                {
                    "name": "苏苏洛",
                    "skill": 1,
                    "skill_usage": 0
                },
                {
                    "name": "闪灵",
                    "skill": 2,
                    "skill_usage": 0
                },
                {
                    "name": "纯烬艾雅法拉",
                    "skill": 1,
                    "skill_usage": 0
                },
                {
                    "name": "赫默",
                    "skill": 2,
                    "skill_usage": 0
                }
            ]
        },
        {
            "name": "群奶",
            "opers": [
                {
                    "name": "调香师",
                    "skill": 2,
                    "skill_usage": 0
                },
                {
                    "name": "白面鸮",
                    "skill": 2,
                    "skill_usage": 0
                }
            ]
        },
        {
            "name": "散射手",
            "opers": [
                {
                    "name": "松果",
                    "skill": 2,
                    "skill_usage": 1
                },
                {
                    "name": "假日威龙陈",
                    "skill": 1,
                    "skill_usage": 0
                }
            ]
        }
    ],
    "opers": [
        {
            "name": "泥岩",
            "skill": 2,
            "skill_usage": 0
        }
    ]
}