{
    "minimum_required": "v4.0.0",
    "stage_name": "main_04-10",
    "actions": [
        {
            "type": "Deploy",
            "name": "维什戴尔",
            "location": [
                6,
                4
            ],
            "direction": "Right"
        },
        {
            "type": "Deploy",
            "name": "黑角",
            "location": [
                4,
                5
            ],
            "direction": "Left"
        },
        {
            "type": "Deploy",
            "name": "芙蓉",
            "location": [
                1,
                4
            ],
            "direction": "Right"
        },
        {
            "type": "Deploy",
            "name": "阿米娅",
            "location": [
                2,
                4
            ],
            "direction": "Up"
        },
        {
            "type": "Deploy",
            "name": "杜林",
            "location": [
                3,
                4
            ],
            "direction": "Left"
        },
        {
            "type": "Deploy",
            "name": "米格鲁",
            "location": [
                4,
                3
            ],
            "direction": "Left"
        },
        {
            "type": "Skill",
            "name": "维什戴尔",
            "location": [
                6,
                4
            ]
        },
        {
            "type": "SpeedUp"
        },
        {
            "type": "SkillDaemon"
        }
    ],
    "doc": {
        "title": "第四章 急性衰竭 - 4-10 - 灯火将熄",
        "details": "——————————\n作业更新日期: 2025-05-06T14:30:22Z\n统计更新日期: 2025-09-26\n相对评分：90.82%  相对热度：78.59%\n来源：魔芋葱油长豆角  ID：52614\n——————————\n原作者：低配挂机研讨会\n\n视频地址：https://www.bilibili.com/video/BV1a7V5z5Eci?spm_id_from=333.788.videopod.sections&vd_source=a022f0b9420b7e9fe33605d41aed4c75&p=106\n\n阿米娅是吉祥物"
    },
    "groups": [],
    "opers": [
        {
            "name": "阿米娅",
            "skill": 2,
            "skill_usage": 0
        },
        {
            "name": "米格鲁",
            "skill": 1,
            "skill_usage": 1
        },
        {
            "name": "维什戴尔",
            "skill": 3,
            "skill_usage": 0
        },
        {
            "name": "芙蓉",
            "skill": 1,
            "skill_usage": 1
        },
        {
            "name": "黑角",
            "skill": 1,
            "skill_usage": 0
        },
        {
            "name": "杜林",
            "skill": 1,
            "skill_usage": 0
        }
    ],
    "difficulty": 3
}