{
    "minimum_required": "v4.0.0",
    "actions": [
        {
            "type": "SpeedUp"
        },
        {
            "type": "Deploy",
            "name": "塞雷娅",
            "location": [
                5,
                2
            ],
            "direction": "Right"
        },
        {
            "type": "Deploy",
            "name": "星熊",
            "location": [
                5,
                4
            ],
            "direction": "Right"
        },
        {
            "type": "Deploy",
            "name": "水月",
            "location": [
                5,
                3
            ],
            "direction": "Right"
        },
        {
            "type": "Output",
            "doc_color": "#6f42c1",
            "doc": "给个好评吧，亲~"
        }
    ],
    "doc": {
        "title": "水月模组摆完挂机-使者之约",
        "details": "统计日期：2024-05-25\n好评率：94.79%  浏览量：2048\n来源：作业代传——有问题联系原作者  ID：20956\n侬无言以对模组任务摆完挂机合集:BV1wU4y177Qu\n3星通关主题曲4-3；必须编入非助战水月并上场，且使用水月歼灭至少2名萨卡兹狙击手\n筱竹聽雨"
    },
    "groups": [],
    "opers": [
        {
            "name": "水月",
            "skill": 1,
            "skill_usage": 0
        },
        {
            "name": "塞雷娅",
            "skill": 1,
            "skill_usage": 0
        },
        {
            "name": "星熊",
            "skill": 2,
            "skill_usage": 0
        }
    ],
    "stage_name": "main_04-03"
}