{
    "minimum_required": "v4.0.0",
    "stage_name": "main_04-04",
    "actions": [
        {
            "type": "Deploy",
            "name": "山",
            "location": [
                1,
                4
            ],
            "direction": "Up"
        },
        {
            "type": "Deploy",
            "name": "障碍物",
            "location": [
                1,
                5
            ],
            "direction": "Down"
        },
        {
            "type": "SpeedUp"
        },
        {
            "type": "Deploy",
            "name": "障碍物",
            "location": [
                4,
                5
            ],
            "direction": "Down"
        },
        {
            "type": "Deploy",
            "name": "障碍物",
            "location": [
                7,
                5
            ],
            "direction": "Down"
        },
        {
            "type": "Deploy",
            "name": "障碍物",
            "location": [
                10,
                4
            ],
            "direction": "Right"
        },
        {
            "type": "Deploy",
            "name": "障碍物",
            "location": [
                7,
                3
            ],
            "direction": "Up"
        },
        {
            "type": "Deploy",
            "name": "障碍物",
            "location": [
                4,
                3
            ],
            "direction": "Up"
        },
        {
            "type": "Deploy",
            "name": "助攻",
            "location": [
                2,
                4
            ],
            "direction": "Up"
        },
        {
            "type": "Deploy",
            "name": "障碍物",
            "location": [
                1,
                5
            ],
            "direction": "Down",
            "kills": 25
        },
        {
            "type": "SkillDaemon"
        }
    ],
    "doc": {
        "title": "第四章 急性衰竭 - 4-4 突袭",
        "details": "统计日期：2024-05-25\n好评率：93.18%  浏览量：1283\n来源：Issuing2890  ID：25622\n冴月上弦，https://www.bilibili.com/video/BV1Dw411Z7Mh\n加了一个干员提高稳定性"
    },
    "groups": [
        {
            "name": "助攻",
            "opers": [
                {
                    "name": "棘刺",
                    "skill": 3,
                    "skill_usage": 1
                },
                {
                    "name": "圣约送葬人",
                    "skill": 1,
                    "skill_usage": 0
                },
                {
                    "name": "羽毛笔",
                    "skill": 1,
                    "skill_usage": 0
                },
                {
                    "name": "海沫",
                    "skill": 1,
                    "skill_usage": 0
                },
                {
                    "name": "休谟斯",
                    "skill": 1,
                    "skill_usage": 0
                },
                {
                    "name": "拉普兰德",
                    "skill": 2,
                    "skill_usage": 0
                }
            ]
        }
    ],
    "opers": [
        {
            "name": "山",
            "skill": 2,
            "skill_usage": 2
        },
        {
            "name": "德克萨斯",
            "skill": 2,
            "skill_usage": 1
        }
    ],
    "difficulty": 3
}