{
    "minimum_required": "v4.0.0",
    "actions": [
        {
            "type": "SpeedUp"
        },
        {
            "type": "Deploy",
            "name": "拉普兰德",
            "location": [
                8,
                3
            ],
            "direction": "Up"
        },
        {
            "type": "Deploy",
            "name": "速狙",
            "location": [
                4,
                4
            ],
            "direction": "Up"
        },
        {
            "type": "Deploy",
            "name": "白面鸮",
            "location": [
                8,
                4
            ],
            "direction": "Left"
        },
        {
            "type": "Deploy",
            "name": "歌蕾蒂娅",
            "location": [
                6,
                4
            ],
            "direction": "Left"
        },
        {
            "type": "Deploy",
            "name": "长狙",
            "location": [
                5,
                4
            ],
            "direction": "Up"
        },
        {
            "type": "SkillDaemon",
            "doc_color": "DarkRed",
            "doc": "原JSON：筱竹聽雨"
        }
    ],
    "doc": {
        "title": "4-9白面鸮模组 空弦提丰替换 【突袭可用】",
        "details": "作业更新日期: 2023-10-11T08:37:39Z\n统计更新日期: 2025-02-22\n好评率：60.61%  浏览量：1104\n来源：Dayheart  ID：28758\n侬无言以对\n模组任务摆完挂机合集:BV1wU4y177Qu\n3星通关主题曲4-9；必须编入非助战白面鸮并上场，且不编入其他医疗和重装干员\n原JSON：筱竹聽雨"
    },
    "groups": [
        {
            "name": "速狙",
            "opers": [
                {
                    "name": "能天使",
                    "skill": 3,
                    "skill_usage": 0
                },
                {
                    "name": "空弦",
                    "skill": 3,
                    "skill_usage": 1
                }
            ]
        },
        {
            "name": "长狙",
            "opers": [
                {
                    "name": "提丰",
                    "skill": 2,
                    "skill_usage": 1
                },
                {
                    "name": "迷迭香",
                    "skill": 1,
                    "skill_usage": 0
                },
                {
                    "name": "陨星",
                    "skill": 1,
                    "skill_usage": 0
                },
                {
                    "name": "空爆",
                    "skill": 1,
                    "skill_usage": 0
                }
            ]
        }
    ],
    "opers": [
        {
            "name": "白面鸮",
            "skill": 2,
            "skill_usage": 1
        },
        {
            "name": "拉普兰德",
            "skill": 2,
            "skill_usage": 0
        },
        {
            "name": "歌蕾蒂娅",
            "skill": 1,
            "skill_usage": 0
        }
    ],
    "stage_name": "main_04-09",
    "difficulty": 3
}