{
    "minimum_required": "v4.0.0",
    "actions": [
        {
            "type": "SpeedUp"
        },
        {
            "type": "Deploy",
            "name": "归溟幽灵鲨",
            "location": [
                6,
                3
            ],
            "direction": "Down"
        },
        {
            "type": "Deploy",
            "name": "煌",
            "location": [
                6,
                1
            ],
            "direction": "Down"
        },
        {
            "type": "Output",
            "doc_color": "#6f42c1",
            "doc": "给个好评吧，亲~"
        }
    ],
    "doc": {
        "title": "归溟幽灵鲨模组摆完挂机-未竟之美",
        "details": "统计日期：2024-06-01\n好评率：84.62%  浏览量：781\n来源：作业代传——有问题联系原作者  ID：20879\n侬无言以对模组任务摆完挂机合集:BV1wU4y177Qu\n3星通关主题曲S4-1；必须编入非助战归溟幽灵鲨并上场，且使用归溟幽灵鲨歼灭10个敌人\n筱竹聽雨"
    },
    "groups": [],
    "opers": [
        {
            "name": "归溟幽灵鲨",
            "skill": 2,
            "skill_usage": 0
        },
        {
            "name": "煌",
            "skill": 2,
            "skill_usage": 0
        }
    ],
    "stage_name": "sub_04-1-1"
}