{
    "minimum_required": "v4.0.0",
    "stage_name": "sub_04-3-3",
    "actions": [
        {
            "type": "Deploy",
            "name": "令",
            "location": [
                8,
                5
            ],
            "direction": "Left",
            "costs": 12
        },
        {
            "type": "SpeedUp"
        },
        {
            "type": "Deploy",
            "name": "“弦惊”",
            "location": [
                3,
                4
            ],
            "direction": "Up",
            "costs": 18
        },
        {
            "type": "Deploy",
            "name": "“弦惊”",
            "location": [
                3,
                2
            ],
            "direction": "Up",
            "cooling": 0
        },
        {
            "type": "Skill",
            "name": "令",
            "location": [
                8,
                5
            ],
            "kills": 2,
            "cooling": 1,
            "costs": 9
        },
        {
            "type": "Deploy",
            "name": "“弦惊”",
            "location": [
                8,
                2
            ],
            "kills": 6,
            "cooling": 0,
            "costs": 23,
            "direction": "Up"
        },
        {
            "type": "Retreat",
            "name": "“弦惊”",
            "location": [
                3,
                4
            ]
        },
        {
            "type": "Deploy",
            "name": "“弦惊”",
            "location": [
                7,
                3
            ],
            "cooling": 0,
            "costs": 18,
            "direction": "Right"
        },
        {
            "type": "Skill",
            "name": "令",
            "location": [
                8,
                5
            ],
            "kills": 12
        },
        {
            "type": "Retreat",
            "name": "“弦惊”",
            "location": [
                3,
                2
            ],
            "costs": 30
        },
        {
            "type": "Deploy",
            "name": "“弦惊”",
            "location": [
                4,
                1
            ],
            "cooling": 0,
            "costs": 18,
            "direction": "Right"
        },
        {
            "type": "Deploy",
            "name": "“弦惊”",
            "location": [
                3,
                2
            ],
            "direction": "Up",
            "kills": 19,
            "cooling": 0,
            "costs": 18
        },
        {
            "type": "Skill",
            "name": "令",
            "location": [
                8,
                5
            ],
            "kills": 30,
            "cooling": 0,
            "costs": 79
        },
        {
            "type": "Deploy",
            "name": "“弦惊”",
            "location": [
                6,
                4
            ],
            "kills": 30,
            "costs": 80,
            "direction": "Up"
        },
        {
            "type": "Deploy",
            "name": "“弦惊”",
            "location": [
                8,
                2
            ],
            "direction": "Up",
            "kills": 33,
            "cooling": 0,
            "costs": 96
        },
        {
            "type": "BulletTime",
            "name": "“弦惊”",
            "location": [
                3,
                2
            ],
            "kills": 39,
            "costs": 85
        },
        {
            "type": "Retreat",
            "name": "“弦惊”",
            "location": [
                3,
                2
            ],
            "kills": 40,
            "cooling": 0,
            "costs": 99
        },
        {
            "type": "Deploy",
            "name": "“弦惊”",
            "location": [
                3,
                2
            ],
            "kills": 40,
            "cooling": 0,
            "costs": 18,
            "direction": "Up"
        },
        {
            "type": "BulletTime",
            "name": "令",
            "location": [
                8,
                5
            ],
            "kills": 40,
            "cooling": 1,
            "costs": 85
        },
        {
            "type": "Skill",
            "name": "令",
            "location": [
                8,
                5
            ]
        },
        {
            "type": "Deploy",
            "name": "“弦惊”",
            "location": [
                7,
                3
            ],
            "direction": "Right",
            "kills": 47,
            "cooling": 0,
            "costs": 99
        },
        {
            "type": "Deploy",
            "name": "“弦惊”",
            "location": [
                1,
                6
            ],
            "direction": "Right",
            "kills": 49,
            "cooling": 0
        }
    ],
    "doc": {
        "title": "第四章 急性衰竭 - S4-9 - 狂怒-3",
        "details": "作业更新日期: 2024-03-20T13:24:42Z\n统计更新日期: 2024-10-07\n好评率：87.5%  浏览量：244\n来源：铃鹿御前  ID：35176\n自用。原作者瞎子墨         JSON作者黍的小跟班\n精二90级专三模令\n失败的原因可能是延迟高导致的\n作业来源视频https://www.bilibili.com/video/BV17T4y1Q7St/?spm_id_from=333.337.search-card.all.click&vd_source=fee5eac2d7aafab47e2c4ca594912e7a"
    },
    "groups": [],
    "opers": [
        {
            "name": "令",
            "skill": 3,
            "skill_usage": 0
        }
    ]
}