{"minimum_required":"v4.0.0","stage_name":"mem_spot_1","actions":[{"type":"SpeedUp","kills":0},{"type":"Deploy","name":"斑点","location":[4,3],"direction":"Right"},{"type":"Deploy","name":"阿","location":[3,4],"direction":"Up","costs":24},{"type":"Deploy","name":"芙蓉","location":[2,4],"direction":"Right"},{"type":"Deploy","name":"槐琥","location":[6,3],"direction":"Right"},{"type":"Retreat","name":"槐琥","location":[6,3],"kills":2},{"type":"Deploy","name":"槐琥","location":[6,3],"costs":53,"direction":"Right"},{"type":"Deploy","name":"槐琥","location":[6,3],"direction":"Right","costs":85}],"doc":{"title":"重装 - 斑点 - 吸引火力","details":"积极向上的小布   https://www.bilibili.com/video/BV17841187XF/\n斑点    满级     技能7级  "},"groups":[],"opers":[{"name":"斑点","skill":1,"skill_usage":0},{"name":"阿","skill":1,"skill_usage":0},{"name":"芙蓉","skill":1,"skill_usage":0},{"name":"槐琥","skill":1,"skill_usage":0}]}