{
  "minimum_required": "v4.0.0",
  "stage_name": "mem_indigo_1",
  "actions": [
    {
      "type": "Deploy",
      "name": "深靛",
      "location": [
        5,
        4
      ],
      "direction": "Up"
    },
    {
      "type": "Deploy",
      "name": "红云",
      "location": [
        3,
        4
      ],
      "direction": "Up"
    },
    {
      "type": "Deploy",
      "name": "蓝毒",
      "location": [
        7,
        4
      ],
      "direction": "Up"
    },
    {
      "type": "Deploy",
      "name": "蜜莓",
      "location": [
        5,
        5
      ],
      "direction": "Up"
    },
    {
      "type": "SpeedUp"
    },
    {
      "type": "Skill",
      "kills": 6,
      "name": "红云",
      "location": [
        3,
        4
      ]
    },
    {
      "type": "Skill",
      "name": "深靛",
      "location": [
        5,
        4
      ]
    },
    {
      "type": "Skill",
      "kills": 11,
      "name": "红云",
      "location": [
        3,
        4
      ],
      "pre_delay": 1500
    },
    {
      "type": "Skill",
      "kills": 14,
      "name": "深靛",
      "location": [
        5,
        4
      ]
    },
    {
      "type": "SkillUsage",
      "name": "红云",
      "skill_usage": 1
    },
    {
      "type": "Skill",
      "kills": 17,
      "name": "深靛",
      "location": [
        5,
        4
      ],
      "pre_delay": 25000
    },
    {
      "type": "SkillDaemon"
    }
  ],
  "doc": {
    "title": "术师 - 深靛 - 光影谜面【深靛悖论模拟】",
    "details": "深靛悖论模拟：光影谜面\n练度：不晓得、你们试试最低可以多少\n悖论模拟需要在MAA中关闭“自动编队”，\n选好二技能后处于红色ui“开始模拟”界面，maa就可以按开始了\n"
  },
  "groups": [],
  "opers": [
    {
      "name": "深靛",
      "skill": 2,
      "skill_usage": 0
    },
    {
      "name": "蓝毒",
      "skill": 1,
      "skill_usage": 0
    },
    {
      "name": "红云",
      "skill": 1,
      "skill_usage": 0
    },
    {
      "name": "蜜莓",
      "skill": 1,
      "skill_usage": 0
    }
  ]
}