{
    "minimum_required": "v4.0.0",
    "stage_name": "main_01-01",
    "actions": [
        {
            "type": "SpeedUp"
        },
        {
            "type": "Deploy",
            "name": "芬",
            "location": [
                5,
                3
            ],
            "direction": "Left"
        },
        {
            "type": "Deploy",
            "name": "翎羽",
            "location": [
                4,
                3
            ],
            "direction": "Left"
        },
        {
            "type": "Deploy",
            "name": "安赛尔",
            "location": [
                6,
                4
            ],
            "direction": "Left"
        },
        {
            "type": "Deploy",
            "name": "杰西卡",
            "location": [
                4,
                5
            ],
            "direction": "Up"
        },
        {
            "type": "Deploy",
            "name": "阿米娅",
            "location": [
                5,
                2
            ],
            "direction": "Left"
        },
        {
            "type": "Deploy",
            "name": "炎熔",
            "location": [
                4,
                4
            ],
            "direction": "Up"
        },
        {
            "type": "Skill",
            "name": "翎羽",
            "location": [
                4,
                3
            ],
            "kills": 13
        },
        {
            "type": "Retreat",
            "location": [
                4,
                3
            ],
            "kills": 18,
            "name": "翎羽"
        },
        {
            "type": "Deploy",
            "name": "米格鲁",
            "location": [
                4,
                3
            ],
            "direction": "Left"
        },
        {
            "type": "Skill",
            "name": "安赛尔",
            "location": [
                6,
                4
            ],
            "kills": 27
        },
        {
            "type": "Skill",
            "name": "阿米娅",
            "location": [
                5,
                2
            ]
        },
        {
            "type": "Skill",
            "name": "炎熔",
            "location": [
                4,
                4
            ]
        },
        {
            "type": "SkillDaemon"
        }
    ],
    "doc": {
        "title": "第一章 黑暗时代·下 - 1-1 - 孤岛 - 普通",
        "details": "作业更新日期: 2023-04-11T14:26:36Z\n统计更新日期: 2024-10-07\n好评率：100.0%  浏览量：154\n来源：_ 蘿卜卜  ID：22506\nBV1v8411Y7ed\nup：AnJek\n视频练度：全员10级\n后续作业搜索建议：标题“第一章”，关卡“1-X”"
    },
    "groups": [],
    "opers": [
        {
            "name": "阿米娅",
            "skill": 1,
            "skill_usage": 0
        },
        {
            "name": "安赛尔",
            "skill": 1,
            "skill_usage": 0
        },
        {
            "name": "杰西卡",
            "skill": 1,
            "skill_usage": 0
        },
        {
            "name": "芬",
            "skill": 1,
            "skill_usage": 0
        },
        {
            "name": "翎羽",
            "skill": 1,
            "skill_usage": 0
        },
        {
            "name": "炎熔",
            "skill": 1,
            "skill_usage": 0
        },
        {
            "name": "米格鲁",
            "skill": 1,
            "skill_usage": 2
        }
    ],
    "difficulty": 1
}