{
    "minimum_required": "v4.0.0",
    "actions": [
        {
            "type": "SpeedUp"
        },
        {
            "type": "Deploy",
            "name": "贾维",
            "location": [
                5,
                3
            ],
            "direction": "Left"
        },
        {
            "type": "Deploy",
            "name": "正义骑士号",
            "location": [
                5,
                2
            ],
            "direction": "Left"
        },
        {
            "type": "Deploy",
            "name": "Lancet-2",
            "location": [
                6,
                2
            ],
            "direction": "Left"
        },
        {
            "type": "Deploy",
            "name": "Castle-3",
            "location": [
                4,
                2
            ],
            "direction": "Down"
        },
        {
            "type": "Output",
            "doc_color": "#6f42c1",
            "doc": "给个好评吧，亲~"
        }
    ],
    "doc": {
        "title": "贾维模组摆完挂机-自制千斤顶",
        "details": "统计日期：2024-06-01\n好评率：100.0%  浏览量：41\n来源：作业代传——有问题联系原作者  ID：20898\n侬无言以对模组任务摆完挂机合集:BV1wU4y177Qu\n3星通关主题曲1-1；必须编入非助战贾维并上场，其他成员仅可编入1星干员\n筱竹聽雨"
    },
    "groups": [],
    "opers": [
        {
            "name": "Castle-3",
            "skill": 1,
            "skill_usage": 0
        },
        {
            "name": "贾维",
            "skill": 1,
            "skill_usage": 0
        },
        {
            "name": "Lancet-2",
            "skill": 1,
            "skill_usage": 0
        },
        {
            "name": "正义骑士号",
            "skill": 1,
            "skill_usage": 0
        }
    ],
    "stage_name": "main_01-01"
}