{
    "minimum_required": "v4.0.0",
    "stage_name": "main_01-01",
    "actions": [
        {
            "type": "SpeedUp"
        },
        {
            "type": "Deploy",
            "name": "月见夜",
            "location": [
                5,
                3
            ],
            "direction": "Left"
        },
        {
            "type": "Deploy",
            "name": "卡缇",
            "location": [
                4,
                3
            ],
            "direction": "Left",
            "cost_changes": 0
        },
        {
            "type": "Deploy",
            "name": "克洛丝",
            "location": [
                5,
                2
            ],
            "direction": "Left"
        }
    ],
    "doc": {
        "title": "第一章 黑暗时代·下 - 1-1 - 孤岛",
        "details": "统计日期：2024-05-25\n好评率：100.0%  浏览量：94\n来源：lssastar  ID：25039\n参考：山岚水雾"
    },
    "groups": [],
    "opers": [
        {
            "name": "月见夜",
            "skill": 1,
            "skill_usage": 0
        },
        {
            "name": "克洛丝",
            "skill": 1,
            "skill_usage": 0
        },
        {
            "name": "卡缇",
            "skill": 1,
            "skill_usage": 0
        }
    ],
    "difficulty": 2
}