{
    "minimum_required": "v4.0.0",
    "stage_name": "main_10-11",
    "actions": [
        {
            "type": "Deploy",
            "name": "隐德来希",
            "location": [
                8,
                3
            ],
            "direction": "Left"
        },
        {
            "type": "SpeedUp"
        },
        {
            "type": "Deploy",
            "name": "黍",
            "location": [
                7,
                3
            ],
            "direction": "Left"
        },
        {
            "type": "SkillDaemon"
        }
    ],
    "doc": {
        "title": "第十章 破碎日冕 - 10-12（标准） - 仇怨的尽头【隐德来希模组任务】",
        "details": "——————————\n作业更新日期: 2025-02-14T11:58:32Z\n统计更新日期: 2025-08-03\n相对评分：93.75%  相对热度：81.82%\n来源：小卡拉帕鲁灰  ID：47023\n——————————\n任务\n使用非助战隐德来希累计造成10w伤害\n3星通关主题曲10-12标准实战环境;必须编入非助战隐德来希并上场，且隐德来希至少使用3次灵与欲的惜别(0/1)"
    },
    "groups": [],
    "opers": [
        {
            "name": "隐德来希",
            "skill": 3,
            "skill_usage": 1
        },
        {
            "name": "黍",
            "skill": 1,
            "skill_usage": 0
        }
    ]
}