{
  "minimum_required": "v4.0.0",
  "stage_name": "main_05-02",
  "actions": [
    {
      "type": "SpeedUp"
    },
    {
      "type": "Deploy",
      "name": "煌",
      "location": [
        8,
        4
      ],
      "direction": "Up"
    },
    {
      "type": "Deploy",
      "name": "斑点",
      "location": [
        9,
        2
      ],
      "direction": "Left"
    },
    {
      "type": "Deploy",
      "name": "调香师",
      "location": [
        9,
        4
      ],
      "direction": "Up"
    },
    {
      "type": "Deploy",
      "name": "嘉维尔",
      "location": [
        9,
        3
      ],
      "direction": "Down"
    },
    {
      "type": "Deploy",
      "name": "古米",
      "location": [
        8,
        5
      ],
      "direction": "Up"
    },
    {
      "type": "SkillDaemon"
    }
  ],
  "doc": {
    "title": "第五章 靶向药物 - 5-2 - 有口难言",
    "details": "up:|GoodGame|\n配置：2603，尽量专三且三模"
  },
  "groups": [],
  "opers": [
    {
      "name": "煌",
      "skill": 2,
      "skill_usage": 0
    },
    {
      "name": "嘉维尔",
      "skill": 1,
      "skill_usage": 0
    },
    {
      "name": "古米",
      "skill": 1,
      "skill_usage": 0
    },
    {
      "name": "斑点",
      "skill": 1,
      "skill_usage": 0
    },
    {
      "name": "调香师",
      "skill": 1,
      "skill_usage": 0
    }
  ],
  "difficulty": 3
}