{
    "minimum_required": "v4.0",
    "doc": {
        "title": "5-8 突袭",
        "details": "UP：侬无言以对\n原视频：https://www.bilibili.com/video/BV1Uq4y1K7j9/\n制作者：一只摆烂的42\n有问题联系QQ2586582719"
    },
    "stage_name": "main_05-08",
    "opers": [
        {
            "name": "羽毛笔",
            "skill": 1,
            "skill_usage": 0
        },
        {
            "name": "泥岩",
            "skill": 2,
            "skill_usage": 0
        }
    ],
    "actions": [
        {
            "type": "二倍速",
            "name": ""
        },
        {
            "type": "部署",
            "name": "羽毛笔",
            "location": [
                2,
                5
            ],
            "direction": "右"
        },
        {
            "type": "部署",
            "name": "泥岩",
            "location": [
                2,
                4
            ],
            "direction": "右"
        }
    ]
}