{
    "minimum_required": "v4.0.0",
    "stage_name": "act15d0_ex03",
    "actions": [
        {
            "type": "Deploy",
            "name": "山",
            "location": [
                3,
                5
            ],
            "direction": "Right"
        },
        {
            "type": "SpeedUp"
        },
        {
            "type": "Deploy",
            "name": "术士",
            "location": [
                2,
                4
            ],
            "direction": "Down"
        },
        {
            "type": "Deploy",
            "name": "黍",
            "location": [
                2,
                5
            ],
            "direction": "Down"
        },
        {
            "type": "SkillDaemon"
        }
    ],
    "doc": {
        "title": "孤岛风云·复刻 - MB-EX-3 - 施工漏洞【山模组任务】",
        "details": "——————————\n作业更新日期: 2025-05-22T13:05:29Z\n统计更新日期: 2025-07-29\n相对评分：88.89%  相对热度：58.68%\n来源：mionya  ID：51440\n——————————\n任务要求：3星通关别传MB-EX-3;必须编入非助战山并上场，且不编入其他近卫千员\n自用修改"
    },
    "groups": [
        {
            "name": "术士",
            "opers": [
                {
                    "name": "澄闪",
                    "skill": 2,
                    "skill_usage": 0
                },
                {
                    "name": "艾雅法拉",
                    "skill": 2,
                    "skill_usage": 0
                }
            ]
        }
    ],
    "opers": [
        {
            "skill_times": 1,
            "name": "山",
            "skill": 2,
            "skill_usage": 2
        },
        {
            "name": "黍",
            "skill": 1,
            "skill_usage": 0
        }
    ],
    "difficulty": 1
}