{
    "stage_name": "main_04-08",
    "minimum_required": "v4.0.0",
    "doc": {
        "title": "第四章 急性衰竭 - 4-8 - 应激反应【死芒模组任务】",
        "details": "——————————\n作业更新日期: 2025-06-06T13:56:46Z\n统计更新日期: 2025-08-03\n相对评分：77.27000000000001%  相对热度：61.09%\n来源：小卡拉帕鲁灰  ID：59577\n——————————\nibanana\n练度看详情，别开自动编队补充信赖干员，任务要求只能带辅助\n持续更新中，作业交流群789724611，如果作业有问题可以加群找我，评论区不能及时回复"
    },
    "opers": [
        {
            "name": "死芒",
            "skill": 3,
            "skill_usage": 1,
            "requirements": {
                "level": 90,
                "skill_level": 10
            }
        },
        {
            "name": "令",
            "skill": 3,
            "skill_usage": 1,
            "requirements": {
                "level": 90,
                "skill_level": 10,
                "module": 2
            }
        }
    ],
    "groups": [],
    "actions": [
        {
            "name": "死芒",
            "location": [
                4,
                4
            ],
            "direction": "Right",
            "type": "Deploy"
        },
        {
            "name": "令",
            "location": [
                4,
                3
            ],
            "direction": "Right",
            "type": "Deploy"
        },
        {
            "name": "“弦惊”",
            "location": [
                5,
                3
            ],
            "direction": "Right",
            "type": "Deploy"
        },
        {
            "type": "SpeedUp"
        },
        {
            "name": "“弦惊”",
            "location": [
                5,
                2
            ],
            "direction": "Down",
            "type": "Deploy"
        },
        {
            "name": "“弦惊”",
            "location": [
                5,
                1
            ],
            "direction": "Down",
            "type": "Deploy"
        },
        {
            "name": "“弦惊”",
            "location": [
                5,
                6
            ],
            "direction": "Up",
            "type": "Deploy"
        },
        {
            "name": "“弦惊”",
            "location": [
                8,
                4
            ],
            "direction": "Up",
            "type": "Deploy"
        },
        {
            "name": "“弦惊”",
            "location": [
                7,
                4
            ],
            "direction": "Right",
            "type": "Deploy"
        },
        {
            "type": "SkillDaemon"
        }
    ],
    "version": 3
}