{
    "minimum_required": "v4.0.0",
    "stage_name": "tough_14-15",
    "actions": [
        {
            "type": "Deploy",
            "name": "桃金娘",
            "location": [
                10,
                6
            ],
            "direction": "Left"
        },
        {
            "type": "Deploy",
            "name": "先锋-尖兵",
            "location": [
                10,
                5
            ],
            "direction": "Left"
        },
        {
            "type": "Deploy",
            "name": "近卫-强攻手",
            "location": [
                9,
                6
            ],
            "direction": "Up"
        },
        {
            "type": "SpeedUp"
        },
        {
            "type": "Deploy",
            "name": "狙击-速射手",
            "location": [
                6,
                5
            ],
            "direction": "Up"
        },
        {
            "type": "Deploy",
            "name": "纯烬艾雅法拉",
            "location": [
                8,
                3
            ],
            "direction": "Down"
        },
        {
            "type": "Deploy",
            "name": "术师-中坚术师",
            "location": [
                9,
                4
            ],
            "direction": "Down"
        },
        {
            "type": "Deploy",
            "name": "医疗-群愈师",
            "location": [
                9,
                3
            ],
            "direction": "Down"
        },
        {
            "type": "Retreat",
            "name": "先锋-尖兵",
            "location": [
                10,
                5
            ],
            "costs": 20
        },
        {
            "type": "Deploy",
            "name": "重装-守护者",
            "location": [
                10,
                5
            ],
            "direction": "Left"
        },
        {
            "type": "Retreat",
            "name": "桃金娘",
            "location": [
                10,
                6
            ],
            "costs": 20
        },
        {
            "type": "Deploy",
            "name": "近卫-领主",
            "location": [
                10,
                6
            ],
            "direction": "Left"
        },
        {
            "type": "SkillDaemon"
        }
    ],
    "doc": {
        "title": "第十四章 慈悲灯塔 - 14-17（磨难） - 核心舱攻防战",
        "details": "统计日期：2024-05-24\n好评率：98.13%  浏览量：1205\n来源：备胎拯救方舟  ID：37083\nJSON作者萨拉托加\n作业交流群545928846，如果作业有问题可以加群找我，评论区不能及时回复，还可以去群里蹲我的新作业"
    },
    "groups": [
        {
            "name": "先锋-尖兵",
            "opers": [
                {
                    "name": "德克萨斯",
                    "skill": 1,
                    "skill_usage": 1
                },
                {
                    "name": "凛冬"
                },
                {
                    "name": "青枳"
                },
                {
                    "name": "红隼",
                    "skill": 1,
                    "skill_usage": 0
                },
                {
                    "name": "贾维"
                }
            ]
        },
        {
            "name": "近卫-强攻手",
            "opers": [
                {
                    "name": "煌",
                    "skill": 2,
                    "skill_usage": 0
                },
                {
                    "name": "百炼嘉维尔",
                    "skill": 2,
                    "skill_usage": 1
                }
            ]
        },
        {
            "name": "重装-守护者",
            "opers": [
                {
                    "name": "塞雷娅",
                    "skill": 1,
                    "skill_usage": 0
                },
                {
                    "name": "黍",
                    "skill": 1,
                    "skill_usage": 0
                }
            ]
        },
        {
            "name": "狙击-速射手",
            "opers": [
                {
                    "name": "能天使",
                    "skill": 3,
                    "skill_usage": 0
                },
                {
                    "name": "空弦",
                    "skill": 3,
                    "skill_usage": 1
                }
            ]
        },
        {
            "name": "术师-中坚术师",
            "opers": [
                {
                    "name": "艾雅法拉",
                    "skill": 2,
                    "skill_usage": 0
                },
                {
                    "name": "塑心",
                    "skill": 1,
                    "skill_usage": 0
                }
            ]
        },
        {
            "name": "医疗-群愈师",
            "opers": [
                {
                    "name": "夜莺",
                    "skill": 2,
                    "skill_usage": 0
                },
                {
                    "name": "白面鸮",
                    "skill": 2,
                    "skill_usage": 1
                }
            ]
        },
        {
            "name": "近卫-领主",
            "opers": [
                {
                    "name": "棘刺",
                    "skill": 3,
                    "skill_usage": 1
                },
                {
                    "name": "仇白",
                    "skill": 3,
                    "skill_usage": 1
                },
                {
                    "name": "拉普兰德",
                    "skill": 2,
                    "skill_usage": 0
                },
                {
                    "name": "圣约送葬人"
                },
                {
                    "name": "山",
                    "skill": 2,
                    "skill_usage": 2,
                    "skill_times": 1
                }
            ]
        }
    ],
    "opers": [
        {
            "name": "桃金娘",
            "skill": 1,
            "skill_usage": 1
        },
        {
            "name": "纯烬艾雅法拉",
            "skill": 1,
            "skill_usage": 0
        }
    ]
}