{
    "minimum_required": "v4.0.0",
    "stage_name": "tough_14-11",
    "actions": [
        {
            "type": "SpeedUp"
        },
        {
            "type": "Deploy",
            "name": "拉普兰德",
            "location": [
                2,
                5
            ],
            "direction": "Right"
        },
        {
            "type": "Deploy",
            "name": "泥岩",
            "location": [
                2,
                6
            ],
            "direction": "Right"
        },
        {
            "type": "Skill",
            "location": [
                7,
                5
            ],
            "kills": 23,
            "pre_delay": 1000
        },
        {
            "type": "Skill",
            "location": [
                7,
                5
            ],
            "kills": 96,
            "pre_delay": 3000
        },
        {
            "type": "Output",
            "doc_color": "#d63384",
            "doc": "如果觉得实用，请赏个好评吧~"
        }
    ],
    "doc": {
        "title": "第十四章 慈悲灯塔 - 14-12（磨难） - 使徒",
        "details": "统计日期：2024-05-24\n好评率：99.09%  浏览量：2152\n来源：Issuing2890  ID：36952\n自在道爷，https://www.bilibili.com/video/BV1bs421K7YQ?p=10"
    },
    "groups": [],
    "opers": [
        {
            "name": "拉普兰德",
            "skill": 2,
            "skill_usage": 0
        },
        {
            "name": "泥岩",
            "skill": 2,
            "skill_usage": 0
        }
    ]
}