{
    "minimum_required": "v4.0.0",
    "stage_name": "tough_14-19",
    "actions": [
        {
            "type": "SpeedUp"
        },
        {
            "type": "Deploy",
            "name": "山",
            "location": [
                9,
                4
            ],
            "direction": "Left"
        },
        {
            "type": "Deploy",
            "name": "塑心",
            "location": [
                6,
                5
            ],
            "direction": "Left"
        },
        {
            "type": "Deploy",
            "name": "提丰",
            "location": [
                7,
                5
            ],
            "direction": "Left"
        },
        {
            "type": "Deploy",
            "name": "能天使",
            "location": [
                7,
                3
            ],
            "direction": "Left",
            "kills": 20,
            "pre_delay": 1000
        },
        {
            "type": "Deploy",
            "name": "浊心斯卡蒂",
            "location": [
                7,
                4
            ],
            "direction": "Left"
        },
        {
            "type": "Deploy",
            "name": "夜莺",
            "location": [
                8,
                4
            ],
            "direction": "Left"
        },
        {
            "type": "Deploy",
            "name": "阿米娅",
            "location": [
                5,
                4
            ],
            "direction": "Left",
            "kills": 33
        },
        {
            "type": "Deploy",
            "name": "幻影",
            "location": [
                4,
                2
            ],
            "direction": "Up"
        },
        {
            "type": "Deploy",
            "name": "斯卡蒂的海嗣",
            "location": [
                5,
                3
            ],
            "direction": "None",
            "pre_delay": 2000
        },
        {
            "type": "Deploy",
            "name": "幻影",
            "location": [
                4,
                5
            ],
            "direction": "Up"
        },
        {
            "type": "Skill",
            "name": "阿米娅",
            "location": [
                5,
                4
            ]
        }
    ],
    "doc": {
        "title": "（注意手动携带近卫阿米娅）（高练注意）第十四章 慈悲灯塔 - 14-21（磨难） - 万千愿景",
        "details": "统计日期：2024-05-24\n好评率：96.06%  浏览量：7638\n来源：landgranf  ID：36769\n注意：需要浊蒂和塑心，请手动携带近卫阿米娅\n实测术士阿米娅放近卫位置也可以打过\n原作者：刘老黑     https://www.bilibili.com/video/BV16w4m117PK/\n\nJSON作者landgranf"
    },
    "groups": [],
    "opers": [
        {
            "name": "塑心",
            "skill": 1,
            "skill_usage": 0
        },
        {
            "name": "山",
            "skill": 2,
            "skill_usage": 2,
            "skill_times": 1
        },
        {
            "name": "浊心斯卡蒂",
            "skill": 2,
            "skill_usage": 0
        },
        {
            "name": "能天使",
            "skill": 3,
            "skill_usage": 0
        },
        {
            "name": "阿米娅",
            "skill": 2,
            "skill_usage": 0
        },
        {
            "name": "夜莺",
            "skill": 2,
            "skill_usage": 0
        },
        {
            "name": "提丰",
            "skill": 2,
            "skill_usage": 1
        }
    ]
}