{
    "minimum_required": "v4.0.0",
    "stage_name": "mem_lessng_1",
    "actions": [
        {
            "type": "SpeedUp"
        },
        {
            "type": "Deploy",
            "name": "止颂",
            "location": [
                2,
                2
            ],
            "direction": "Right",
            "costs": 19
        },
        {
            "type": "Skill",
            "name": "止颂",
            "location": [
                2,
                2
            ],
            "costs": 40
        },
        {
            "type": "Skill",
            "name": "斑点",
            "location": [
                1,
                2
            ],
            "costs": 41
        },
        {
            "type": "Skill",
            "name": "止颂",
            "location": [
                2,
                2
            ],
            "kills": 11
        },
        {
            "type": "Skill",
            "name": "芙蓉",
            "location": [
                1,
                1
            ],
            "kills": 14
        }
    ],
    "doc": {
        "title": "近卫 - 止颂 - 巨剑的锋芒 - 悖论模拟",
        "details": "——————————\n作业更新日期: 2024-11-24T01:57:47Z\n统计更新日期: 2025-08-31\n相对评分：91.01%  相对热度：69.43%\n来源：CosDelta  ID：43903\n——————————\n精二70级三技能7级无模组无专精供参考，参考视频：BV1WYSdYaED7。\n复制链接MAA后，关闭“自动编队”和“战斗列表”勾选；游戏中画面调整到悖论模拟技能选择界面，保持三技能后有蓝色的“开始模拟”\n界面，然后选择MAA开始。\n"
    },
    "groups": [],
    "opers": [
        {
            "name": "止颂",
            "skill": 3,
            "skill_usage": 0
        },
        {
            "name": "斑点",
            "skill": 1,
            "skill_usage": 0
        },
        {
            "name": "芙蓉",
            "skill": 1,
            "skill_usage": 0
        },
        {
            "name": "绮良",
            "skill": 1,
            "skill_usage": 0
        }
    ]
}