{
    "minimum_required": "v4.0.0",
    "stage_name": "mem_prove_1",
    "actions": [
        {
            "type": "SpeedUp"
        },
        {
            "type": "Deploy",
            "name": "普罗旺斯",
            "location": [
                2,
                4
            ],
            "direction": "Left"
        },
        {
            "type": "Deploy",
            "name": "华法琳",
            "location": [
                1,
                2
            ],
            "direction": "Down"
        },
        {
            "type": "Deploy",
            "name": "古米",
            "location": [
                6,
                6
            ],
            "direction": "Left"
        }
    ],
    "doc": {
        "title": "狙击 - 普罗旺斯 - 别让自己冻僵",
        "details": "作业更新日期: 2025-01-18T08:01:27Z\n统计更新日期: 2025-01-25\n好评率：100.0%  浏览量：9\n来源：一只摆烂的42  ID：45557\n挂机作业，等待测试\n需求练度未知，请评论区反馈（过不过都说一声）\n制作者：一只摆烂的42\n有问题联系QQ2586582719\n修改自用请删除我的QQ"
    },
    "groups": [],
    "opers": [
        {
            "name": "普罗旺斯",
            "skill": 1,
            "skill_usage": 0
        }
    ]
}