{
    "minimum_required": "v4.0.0",
    "stage_name": "mem_totter_1",
    "actions": [
        {
            "type": "SpeedUp"
        },
        {
            "type": "Deploy",
            "name": "铅踝",
            "location": [
                1,
                3
            ],
            "direction": "Right",
            "kills": 0,
            "doc_color": "Gray",
            "doc": "开局就放"
        },
        {
            "type": "Deploy",
            "name": "蛇屠箱",
            "location": [
                2,
                2
            ],
            "direction": "Right",
            "costs": 24
        },
        {
            "type": "Skill",
            "name": "",
            "location": [
                2,
                3
            ],
            "costs": 34
        },
        {
            "type": "Skill",
            "name": "蛇屠箱",
            "location": [
                2,
                2
            ],
            "costs": 58
        },
        {
            "type": "Output",
            "kills": 13,
            "doc_color": "Gray",
            "doc": "作者第一次做，感谢提出意见"
        }
    ],
    "doc": {
        "title": "狙击 - 铅踝 - 裂空之镞",
        "details": "作业更新日期: 2024-11-04T03:04:48Z\n统计更新日期: 2025-02-01\n好评率：89.47%  浏览量：224\n来源：小台风~  ID：43177\n用于精二一级 7级技能的 铅踝（一技能）"
    },
    "groups": [],
    "opers": [
        {
            "name": "铅踝",
            "skill": 1,
            "skill_usage": 0
        },
        {
            "name": "蛇屠箱",
            "skill": 1,
            "skill_usage": 0
        }
    ]
}