{
    "minimum_required": "v4.0.0",
    "stage_name": "act28side_ex08",
    "actions": [
        {
            "type": "SpeedUp"
        },
        {
            "type": "Deploy",
            "name": "艾雅法拉",
            "location": [
                4,
                6
            ],
            "direction": "Right"
        },
        {
            "type": "Deploy",
            "name": "浊心斯卡蒂",
            "location": [
                5,
                6
            ],
            "direction": "Right"
        },
        {
            "type": "Deploy",
            "name": "伊芙利特",
            "location": [
                1,
                7
            ],
            "direction": "Up"
        },
        {
            "type": "Deploy",
            "name": "塞雷娅",
            "location": [
                1,
                6
            ],
            "direction": "Up"
        },
        {
            "type": "Deploy",
            "name": "流明",
            "location": [
                6,
                6
            ],
            "direction": "Up"
        },
        {
            "type": "Deploy",
            "name": "棘刺",
            "location": [
                8,
                6
            ],
            "direction": "Up",
            "kills": 18,
            "costs": 78
        },
        {
            "type": "Deploy",
            "name": "星熊",
            "location": [
                5,
                5
            ],
            "direction": "Left"
        },
        {
            "type": "Deploy",
            "name": "煌",
            "location": [
                6,
                5
            ],
            "direction": "Left"
        },
        {
            "type": "Deploy",
            "name": "淬羽赫默",
            "location": [
                7,
                4
            ],
            "direction": "Down"
        },
        {
            "type": "SpeedUp",
            "kills": 24
        },
        {
            "type": "Skill",
            "kills": 26,
            "name": "淬羽赫默",
            "location": [
                7,
                4
            ]
        },
        {
            "type": "SpeedUp"
        },
        {
            "type": "SkillDaemon",
            "doc_color": "DarkRed",
            "doc": "有帮助的话 给个好评吧~"
        }
    ],
    "doc": {
        "title": "不义之财 CV-EX-8 突袭 可拿蚀刻章 萧然Q攻略",
        "details": "作业更新日期: 2023-09-12T14:59:05Z\n统计更新日期: 2024-09-21\n好评率：92.2%  浏览量：43478\n来源：鱼丸不是鱼van  ID：27879\n攻略作者：萧然Q https://www.bilibili.com/video/BV1au411P7pL 记得去b站给萧然Q点赞三连\njson作者：鱼丸  评论区不解决maa问题\n已测试\n平均练度2603  小火龙要开模组或者等级高一些 不开伤害不够会死掉\n萧然的话：因为练度不同和放置时间不同，打死boss的时间不一样，打刻章的时候带个耀光或者撤退一下输出干员控一下boss血量在装置时间内打掉"
    },
    "groups": [],
    "opers": [
        {
            "name": "棘刺",
            "skill": 3,
            "skill_usage": 1
        },
        {
            "name": "煌",
            "skill": 2,
            "skill_usage": 0
        },
        {
            "name": "塞雷娅",
            "skill": 1,
            "skill_usage": 0
        },
        {
            "name": "星熊",
            "skill": 2,
            "skill_usage": 0
        },
        {
            "name": "艾雅法拉",
            "skill": 2,
            "skill_usage": 0
        },
        {
            "name": "伊芙利特",
            "skill": 2,
            "skill_usage": 0
        },
        {
            "name": "流明",
            "skill": 3,
            "skill_usage": 1
        },
        {
            "name": "淬羽赫默",
            "skill": 3,
            "skill_usage": 0
        },
        {
            "name": "浊心斯卡蒂",
            "skill": 2,
            "skill_usage": 0
        }
    ],
    "difficulty": 2
}