{
    "minimum_required": "v4.0.0",
    "stage_name": "act28side_ex08",
    "actions": [
        {
            "type": "Deploy",
            "name": "塑心",
            "location": [
                4,
                6
            ],
            "direction": "Left"
        },
        {
            "type": "Deploy",
            "name": "歌蕾蒂娅",
            "location": [
                5,
                7
            ],
            "direction": "Up"
        },
        {
            "type": "SpeedUp"
        },
        {
            "type": "Deploy",
            "name": "泥岩",
            "location": [
                2,
                7
            ],
            "direction": "Up"
        },
        {
            "type": "Deploy",
            "name": "纯烬艾雅法拉",
            "location": [
                6,
                6
            ],
            "direction": "Left"
        },
        {
            "type": "Deploy",
            "name": "乌尔比安",
            "location": [
                5,
                5
            ],
            "direction": "Left"
        },
        {
            "type": "Deploy",
            "name": "黍",
            "location": [
                6,
                4
            ],
            "direction": "Left",
            "kills": 15,
            "costs": 85
        },
        {
            "type": "Deploy",
            "name": "流明",
            "location": [
                8,
                4
            ],
            "direction": "Left",
            "costs": 70
        },
        {
            "type": "SkillDaemon"
        }
    ],
    "doc": {
        "title": "CV-EX-8 - 正中目标 豪华版",
        "details": "作业更新日期: 2024-09-19T13:07:05Z\n统计更新日期: 2024-09-21\n好评率：98.67%  浏览量：1943\n来源：萨拉托加  ID：41427\n原作者自在道爷 json作者萨拉托加\n作业交流群群号1003478193，可蹲作业，有问题进群找我，作业站消息没提醒看不到\n【【不义之财·复刻】全关卡挂机流，豪华重制解放双手！ | 明日方舟攻略（含CV-EX-8突袭等）】 https://www.bilibili.com/video/BV1LqtXeiECF/?p=17&share_source=copy_web&vd_source=3fd5040fe25f6a00e19e6072bcccfa4e"
    },
    "groups": [],
    "opers": [
        {
            "name": "乌尔比安",
            "skill": 2,
            "skill_usage": 0
        },
        {
            "name": "歌蕾蒂娅",
            "skill": 1,
            "skill_usage": 0
        },
        {
            "name": "流明",
            "skill": 1,
            "skill_usage": 0
        },
        {
            "name": "纯烬艾雅法拉",
            "skill": 1,
            "skill_usage": 0
        },
        {
            "name": "塑心",
            "skill": 1,
            "skill_usage": 0
        },
        {
            "name": "泥岩",
            "skill": 2,
            "skill_usage": 0
        },
        {
            "name": "黍",
            "skill": 1,
            "skill_usage": 0
        }
    ],
    "difficulty": 3
}