{
    "minimum_required": "v4.0.0",
    "stage_name": "act28side_01",
    "actions": [
        {
            "type": "Deploy",
            "name": "煌",
            "location": [
                6,
                3
            ],
            "direction": "Left"
        },
        {
            "type": "SpeedUp"
        },
        {
            "type": "Deploy",
            "name": "拉普兰德",
            "location": [
                7,
                3
            ],
            "direction": "Left"
        },
        {
            "type": "SkillDaemon"
        }
    ],
    "doc": {
        "title": "CV-1 - 孤独之地",
        "details": "作业更新日期: 2024-09-19T04:58:09Z\n统计更新日期: 2024-09-21\n好评率：100.0%  浏览量：3143\n来源：萨拉托加  ID：41373\n原作者自在道爷 json作者萨拉托加\n作业交流群群号1003478193，可蹲作业，有问题进群找我，作业站消息没提醒看不到\n【【不义之财】CV-1至8挂机流，刻章也不愁！语音快乐详解，轻松解放双手 | 明日方舟攻略(含CV-8，CV-7，CV-6等)】 https://www.bilibili.com/video/BV1vh4y1P7eg/?share_source=copy_web&vd_source=3fd5040fe25f6a00e19e6072bcccfa4e"
    },
    "groups": [],
    "opers": [
        {
            "name": "煌",
            "skill": 2,
            "skill_usage": 0
        },
        {
            "name": "拉普兰德",
            "skill": 2,
            "skill_usage": 0
        }
    ]
}