{
    "minimum_required": "v4.0.0",
    "stage_name": "act28side_02",
    "actions": [
        {
            "type": "SpeedUp"
        },
        {
            "type": "Deploy",
            "name": "煌",
            "location": [
                7,
                2
            ],
            "direction": "Up"
        },
        {
            "type": "Deploy",
            "name": "艾雅法拉",
            "location": [
                5,
                4
            ],
            "direction": "Left"
        },
        {
            "type": "SkillDaemon"
        }
    ],
    "doc": {
        "title": "【萧然Q】不义之财 CV-2 - 双重保险",
        "details": "作业更新日期: 2023-09-05T09:11:22Z\n统计更新日期: 2024-09-21\n好评率：98.66%  浏览量：18410\n来源：空山烟雨西风吟  ID：27669\n【萧然Q】不义之财 CV-2 - 双重保险\nBV1au411P7pL\n测试已过"
    },
    "groups": [],
    "opers": [
        {
            "name": "煌",
            "skill": 2,
            "skill_usage": 0
        },
        {
            "name": "艾雅法拉",
            "skill": 2,
            "skill_usage": 0
        }
    ]
}