{
    "minimum_required": "v4.0.0",
    "stage_name": "act28side_03",
    "actions": [
        {
            "type": "SpeedUp"
        },
        {
            "type": "Deploy",
            "name": "挡二先锋",
            "location": [
                7,
                3
            ],
            "direction": "Left"
        },
        {
            "type": "Deploy",
            "name": "投峰",
            "location": [
                6,
                5
            ],
            "direction": "Left"
        },
        {
            "type": "Deploy",
            "name": "速狙1",
            "location": [
                5,
                6
            ],
            "direction": "Up"
        },
        {
            "type": "Deploy",
            "name": "中铁术士",
            "location": [
                6,
                4
            ],
            "direction": "Left"
        },
        {
            "type": "Deploy",
            "name": "盾2",
            "location": [
                5,
                5
            ],
            "direction": "Left"
        },
        {
            "type": "Deploy",
            "name": "群奶",
            "location": [
                5,
                4
            ],
            "direction": "Up"
        },
        {
            "type": "Deploy",
            "name": "强攻手",
            "location": [
                8,
                3
            ],
            "direction": "Left"
        },
        {
            "type": "Deploy",
            "name": "单奶",
            "location": [
                8,
                2
            ],
            "direction": "Left"
        },
        {
            "type": "Retreat",
            "name": "挡二先锋",
            "location": [
                7,
                3
            ],
            "kills": 8
        },
        {
            "type": "Deploy",
            "name": "法盾",
            "location": [
                7,
                3
            ],
            "direction": "Left"
        },
        {
            "type": "Retreat",
            "name": "投峰",
            "location": [
                6,
                5
            ]
        },
        {
            "type": "Deploy",
            "name": "群法",
            "location": [
                7,
                2
            ],
            "direction": "Left"
        },
        {
            "type": "SkillDaemon"
        }
    ],
    "doc": {
        "title": "CV-3 圈套",
        "details": "作业更新日期: 2024-03-23T13:27:31Z\n统计更新日期: 2024-09-21\n好评率：97.67%  浏览量：1176\n来源：无忧无虑啦  ID：27677\n新活动：不义之财\n推荐自行多带一个重装，以防下路重装扛不住（我用的泥岩精一60级能抗住）可根据自己需求更改，有问题群找“无忧无虑啦”\n"
    },
    "groups": [
        {
            "name": "盾2",
            "opers": [
                {
                    "name": "斥罪",
                    "skill": 1,
                    "skill_usage": 0
                },
                {
                    "name": "泡泡",
                    "skill": 2,
                    "skill_usage": 1
                },
                {
                    "name": "塞雷娅",
                    "skill": 2,
                    "skill_usage": 0
                },
                {
                    "name": "年",
                    "skill": 1,
                    "skill_usage": 1
                },
                {
                    "name": "雷蛇",
                    "skill": 1,
                    "skill_usage": 0
                },
                {
                    "name": "暴雨",
                    "skill": 1,
                    "skill_usage": 1
                },
                {
                    "name": "吽",
                    "skill": 1,
                    "skill_usage": 0
                },
                {
                    "name": "瑕光",
                    "skill": 1,
                    "skill_usage": 0
                },
                {
                    "name": "闪击",
                    "skill": 2,
                    "skill_usage": 0
                },
                {
                    "name": "拜松",
                    "skill": 2,
                    "skill_usage": 1
                },
                {
                    "name": "星熊",
                    "skill": 1,
                    "skill_usage": 1
                },
                {
                    "name": "可颂",
                    "skill": 1,
                    "skill_usage": 0
                },
                {
                    "name": "蛇屠箱",
                    "skill": 2,
                    "skill_usage": 1
                },
                {
                    "name": "角峰",
                    "skill": 1,
                    "skill_usage": 0
                },
                {
                    "name": "泥岩",
                    "skill": 2,
                    "skill_usage": 0
                }
            ]
        },
        {
            "name": "法盾",
            "opers": [
                {
                    "name": "石棉",
                    "skill": 2,
                    "skill_usage": 1
                },
                {
                    "name": "车尔尼",
                    "skill": 2,
                    "skill_usage": 1
                },
                {
                    "name": "暮落",
                    "skill": 1,
                    "skill_usage": 1
                },
                {
                    "name": "坚雷",
                    "skill": 2,
                    "skill_usage": 1
                }
            ]
        },
        {
            "name": "挡二先锋",
            "opers": [
                {
                    "name": "焰尾",
                    "skill": 2,
                    "skill_usage": 1
                },
                {
                    "name": "嵯峨",
                    "skill": 1,
                    "skill_usage": 0
                },
                {
                    "name": "贾维",
                    "skill": 2,
                    "skill_usage": 1
                },
                {
                    "name": "推进之王",
                    "skill": 1,
                    "skill_usage": 0
                },
                {
                    "name": "德克萨斯",
                    "skill": 2,
                    "skill_usage": 1
                },
                {
                    "name": "凛冬",
                    "skill": 2,
                    "skill_usage": 1
                },
                {
                    "name": "清道夫",
                    "skill": 2,
                    "skill_usage": 1
                },
                {
                    "name": "讯使",
                    "skill": 2,
                    "skill_usage": 1
                }
            ]
        },
        {
            "name": "强攻手",
            "opers": [
                {
                    "name": "百炼嘉维尔",
                    "skill": 2,
                    "skill_usage": 1
                },
                {
                    "name": "煌",
                    "skill": 2,
                    "skill_usage": 0
                },
                {
                    "name": "布洛卡",
                    "skill": 1,
                    "skill_usage": 0
                },
                {
                    "name": "泡普卡",
                    "skill": 1,
                    "skill_usage": 1
                },
                {
                    "name": "幽灵鲨",
                    "skill": 1,
                    "skill_usage": 1
                }
            ]
        },
        {
            "name": "速狙1",
            "opers": [
                {
                    "name": "灰喉",
                    "skill": 2,
                    "skill_usage": 1
                },
                {
                    "name": "红云",
                    "skill": 1,
                    "skill_usage": 0
                },
                {
                    "name": "白金",
                    "skill": 2,
                    "skill_usage": 0
                },
                {
                    "name": "流星",
                    "skill": 1,
                    "skill_usage": 0
                },
                {
                    "name": "安德切尔",
                    "skill": 1,
                    "skill_usage": 0
                },
                {
                    "name": "克洛丝",
                    "skill": 1,
                    "skill_usage": 0
                },
                {
                    "name": "杰西卡",
                    "skill": 1,
                    "skill_usage": 0
                },
                {
                    "name": "蓝毒",
                    "skill": 1,
                    "skill_usage": 0
                },
                {
                    "name": "能天使",
                    "skill": 1,
                    "skill_usage": 0
                },
                {
                    "name": "梅",
                    "skill": 1,
                    "skill_usage": 0
                },
                {
                    "name": "四月",
                    "skill": 1,
                    "skill_usage": 0
                },
                {
                    "name": "灰烬",
                    "skill": 1,
                    "skill_usage": 0
                },
                {
                    "name": "空弦",
                    "skill": 1,
                    "skill_usage": 0
                },
                {
                    "name": "寒芒克洛丝",
                    "skill": 2,
                    "skill_usage": 0
                },
                {
                    "name": "隐现",
                    "skill": 1,
                    "skill_usage": 0
                }
            ]
        },
        {
            "name": "中铁术士",
            "opers": [
                {
                    "name": "阿米娅",
                    "skill": 1,
                    "skill_usage": 1
                },
                {
                    "name": "霍尔海雅",
                    "skill": 2,
                    "skill_usage": 1
                },
                {
                    "name": "苦艾",
                    "skill": 1,
                    "skill_usage": 0
                },
                {
                    "name": "刻俄柏",
                    "skill": 2,
                    "skill_usage": 1
                },
                {
                    "name": "夜魔",
                    "skill": 2,
                    "skill_usage": 0
                },
                {
                    "name": "艾雅法拉",
                    "skill": 2,
                    "skill_usage": 1
                },
                {
                    "name": "史都华德",
                    "skill": 1,
                    "skill_usage": 0
                },
                {
                    "name": "澄闪",
                    "skill": 2,
                    "skill_usage": 0
                },
                {
                    "name": "卡达",
                    "skill": 2,
                    "skill_usage": 1
                }
            ]
        },
        {
            "name": "群奶",
            "opers": [
                {
                    "name": "白面鸮",
                    "skill": 2,
                    "skill_usage": 0
                },
                {
                    "name": "调香师",
                    "skill": 1,
                    "skill_usage": 0
                },
                {
                    "name": "微风",
                    "skill": 2,
                    "skill_usage": 0
                },
                {
                    "name": "夜莺",
                    "skill": 2,
                    "skill_usage": 0
                }
            ]
        },
        {
            "name": "单奶",
            "opers": [
                {
                    "name": "安赛尔",
                    "skill": 1,
                    "skill_usage": 1
                },
                {
                    "name": "纯烬艾雅法拉",
                    "skill": 1,
                    "skill_usage": 0
                },
                {
                    "name": "凯尔希",
                    "skill": 2,
                    "skill_usage": 0
                },
                {
                    "name": "亚叶",
                    "skill": 2,
                    "skill_usage": 1
                },
                {
                    "name": "图耶",
                    "skill": 1,
                    "skill_usage": 0
                },
                {
                    "name": "苏苏洛",
                    "skill": 1,
                    "skill_usage": 1
                },
                {
                    "name": "闪灵",
                    "skill": 2,
                    "skill_usage": 0
                },
                {
                    "name": "华法琳",
                    "skill": 1,
                    "skill_usage": 0
                },
                {
                    "name": "赫默",
                    "skill": 1,
                    "skill_usage": 1
                },
                {
                    "name": "嘉维尔",
                    "skill": 1,
                    "skill_usage": 0
                },
                {
                    "name": "末药",
                    "skill": 1,
                    "skill_usage": 0
                },
                {
                    "name": "芙蓉",
                    "skill": 1,
                    "skill_usage": 1
                }
            ]
        },
        {
            "name": "投峰",
            "opers": [
                {
                    "name": "桃金娘",
                    "skill": 1,
                    "skill_usage": 1
                },
                {
                    "name": "极境",
                    "skill": 1,
                    "skill_usage": 1
                },
                {
                    "name": "琴柳",
                    "skill": 2,
                    "skill_usage": 1
                }
            ]
        },
        {
            "name": "群法",
            "opers": [
                {
                    "name": "炎熔",
                    "skill": 1,
                    "skill_usage": 1
                },
                {
                    "name": "寒檀",
                    "skill": 2,
                    "skill_usage": 1
                },
                {
                    "name": "夕",
                    "skill": 2,
                    "skill_usage": 1
                },
                {
                    "name": "莫斯提马",
                    "skill": 2,
                    "skill_usage": 1
                },
                {
                    "name": "莱恩哈特",
                    "skill": 1,
                    "skill_usage": 1
                }
            ]
        }
    ],
    "opers": []
}