{
    "minimum_required": "v4.0.0",
    "stage_name": "act28side_06",
    "actions": [
        {
            "type": "SpeedUp"
        },
        {
            "type": "Deploy",
            "name": "令",
            "location": [
                9,
                2
            ],
            "direction": "Down"
        },
        {
            "type": "Deploy",
            "name": "“弦惊”",
            "location": [
                8,
                4
            ],
            "direction": "Up"
        },
        {
            "type": "Deploy",
            "name": "“弦惊”",
            "location": [
                4,
                2
            ],
            "direction": "Left"
        },
        {
            "type": "Deploy",
            "name": "“弦惊”",
            "location": [
                5,
                2
            ],
            "direction": "Left"
        },
        {
            "type": "Deploy",
            "name": "“弦惊”",
            "location": [
                9,
                4
            ],
            "direction": "Left"
        },
        {
            "type": "Deploy",
            "name": "“弦惊”",
            "location": [
                4,
                5
            ],
            "direction": "Left"
        },
        {
            "type": "Deploy",
            "name": "“弦惊”",
            "location": [
                5,
                5
            ],
            "direction": "Left"
        },
        {
            "type": "SkillDaemon"
        }
    ],
    "doc": {
        "title": "CV-6 - 猎人之夜 【令单人堵门速刷】",
        "details": "作业更新日期: 2023-09-05T11:01:19Z\n统计更新日期: 2024-09-21\n好评率：84.62%  浏览量：1652\n来源：koloc  ID：27707\n随便写写\n买了新皮肤的先去maa文件夹下删除cache文件夹然后重启maa\n2903测试通过\n模组至少2级"
    },
    "groups": [],
    "opers": [
        {
            "name": "令",
            "skill": 3,
            "skill_usage": 1
        }
    ]
}