{
    "minimum_required": "v4.0.0",
    "stage_name": "act28side_07",
    "actions": [
        {
            "type": "Deploy",
            "name": "令",
            "location": [
                10,
                6
            ],
            "direction": "Left",
            "costs": 11
        },
        {
            "type": "Deploy",
            "name": "“弦惊”",
            "location": [
                9,
                4
            ],
            "direction": "Left",
            "costs": 18
        },
        {
            "type": "Deploy",
            "name": "“弦惊”",
            "location": [
                3,
                6
            ],
            "direction": "Left",
            "cooling": 0
        },
        {
            "type": "Deploy",
            "name": "“弦惊”",
            "location": [
                2,
                1
            ],
            "direction": "Left",
            "cooling": 0
        },
        {
            "type": "SkillUsage",
            "name": "令",
            "skill_usage": 0
        },
        {
            "type": "Deploy",
            "name": "“弦惊”",
            "location": [
                3,
                1
            ],
            "direction": "Left",
            "cooling": 0
        },
        {
            "type": "Deploy",
            "name": "“弦惊”",
            "location": [
                1,
                4
            ],
            "direction": "Down",
            "cooling": 0
        },
        {
            "type": "Retreat",
            "name": "“弦惊”",
            "location": [
                9,
                4
            ],
            "kills": 15
        },
        {
            "type": "Deploy",
            "name": "“弦惊”",
            "location": [
                6,
                4
            ],
            "direction": "Left",
            "cooling": 0
        },
        {
            "type": "Retreat",
            "name": "“弦惊”",
            "location": [
                1,
                4
            ],
            "kills": 20
        },
        {
            "type": "Skill",
            "name": "令",
            "location": [
                10,
                6
            ],
            "kills": 21
        },
        {
            "type": "Deploy",
            "name": "“弦惊”",
            "location": [
                8,
                1
            ],
            "direction": "Down"
        },
        {
            "type": "Deploy",
            "name": "“弦惊”",
            "location": [
                8,
                1
            ],
            "direction": "Down",
            "costs": 18
        },
        {
            "type": "SkillDaemon",
            "doc_color": "DarkRed",
            "doc": "有帮助的话 给个好评吧~"
        }
    ],
    "doc": {
        "title": "不义之财 CV-7 单令85s 化学老施攻略(自用)",
        "details": "作业更新日期: 2023-09-05T11:11:23Z\n统计更新日期: 2024-09-21\n好评率：86.49%  浏览量：1175\n来源：LXJJ  ID：27708\n攻略作者：化学老施 https://www.bilibili.com/video/BV14P411a78P 记得去b站给萧然宝贝点赞三连\njson作者：鱼丸  评论区不解决maa问题\n练度 2903"
    },
    "groups": [],
    "opers": [
        {
            "name": "令",
            "skill": 3,
            "skill_usage": 1
        }
    ]
}