{
    "minimum_required": "v4.0.0",
    "stage_name": "act28side_ex04",
    "actions": [
        {
            "type": "Deploy",
            "name": "煌",
            "location": [
                9,
                6
            ],
            "direction": "Up"
        },
        {
            "type": "SpeedUp"
        },
        {
            "type": "Deploy",
            "name": "白面鸮",
            "location": [
                6,
                6
            ],
            "direction": "Right"
        },
        {
            "type": "Deploy",
            "name": "艾雅法拉",
            "location": [
                6,
                5
            ],
            "direction": "Right"
        }
    ],
    "doc": {
        "title": "CV-EX-4 - 平正准星",
        "details": "作业更新日期: 2023-09-13T01:32:08Z\n统计更新日期: 2024-09-21\n好评率：97.01%  浏览量：1278\n来源：Chiho  ID：27900\nup:侬无言以对\nlink:【【明日方舟】CV-EX-4突袭摆完挂机（建议加人/不义之财）】 https://www.bilibili.com/video/BV1nF411D73N/?share_source=copy_web&vd_source=dcc7ddeba31e59bccd51d29a07ff1565\n精二603"
    },
    "groups": [],
    "opers": [
        {
            "name": "艾雅法拉",
            "skill": 2,
            "skill_usage": 0
        },
        {
            "name": "白面鸮",
            "skill": 2,
            "skill_usage": 0
        },
        {
            "name": "煌",
            "skill": 2,
            "skill_usage": 0
        }
    ],
    "difficulty": 3
}