{
    "minimum_required": "v4.0.0",
    "stage_name": "act28side_ex05",
    "actions": [
        {
            "type": "Deploy",
            "name": "德克萨斯",
            "location": [
                1,
                3
            ],
            "direction": "Right"
        },
        {
            "type": "SpeedUp"
        },
        {
            "type": "Deploy",
            "name": "塞雷娅",
            "location": [
                1,
                4
            ],
            "direction": "Right"
        },
        {
            "type": "Deploy",
            "name": "白面鸮",
            "location": [
                1,
                6
            ],
            "direction": "Up"
        },
        {
            "type": "Deploy",
            "name": "艾雅法拉",
            "location": [
                1,
                5
            ],
            "direction": "Up"
        },
        {
            "type": "Deploy",
            "name": "伊芙利特",
            "location": [
                2,
                6
            ],
            "direction": "Up"
        },
        {
            "type": "Retreat",
            "name": "德克萨斯",
            "location": [
                1,
                3
            ],
            "costs": 20
        },
        {
            "type": "Deploy",
            "name": "星熊",
            "location": [
                1,
                3
            ],
            "direction": "Right"
        },
        {
            "type": "SkillDaemon",
            "doc_color": "DarkRed",
            "doc": "有帮助的话 给个好评吧~"
        }
    ],
    "doc": {
        "title": "不义之财 CV-EX-5 突袭兼容 萧然Q攻略",
        "details": "作业更新日期: 2023-09-12T15:00:59Z\n统计更新日期: 2024-09-21\n好评率：98.06%  浏览量：32030\n来源：鱼丸不是鱼van  ID：27848\n攻略作者：萧然Q https://www.bilibili.com/video/BV1au411P7pL 记得去b站给萧然Q点赞三连\njson作者：鱼丸  评论区不解决maa问题\n已测试\n平均练度2603"
    },
    "groups": [],
    "opers": [
        {
            "name": "艾雅法拉",
            "skill": 2,
            "skill_usage": 0
        },
        {
            "name": "德克萨斯",
            "skill": 1,
            "skill_usage": 0
        },
        {
            "name": "星熊",
            "skill": 2,
            "skill_usage": 0
        },
        {
            "name": "塞雷娅",
            "skill": 1,
            "skill_usage": 0
        },
        {
            "name": "白面鸮",
            "skill": 2,
            "skill_usage": 0
        },
        {
            "name": "伊芙利特",
            "skill": 2,
            "skill_usage": 0
        }
    ],
    "difficulty": 3
}