{
    "minimum_required": "v4.0.0",
    "stage_name": "act28side_ex03#f#",
    "actions": [
        {
            "type": "SpeedUp"
        },
        {
            "type": "Deploy",
            "name": "奶盾",
            "location": [
                8,
                3
            ],
            "direction": "Left"
        },
        {
            "type": "Deploy",
            "name": "逻各斯",
            "location": [
                8,
                2
            ],
            "direction": "Down"
        },
        {
            "type": "Deploy",
            "name": "盾",
            "location": [
                9,
                4
            ],
            "direction": "Left"
        },
        {
            "type": "Deploy",
            "name": "单奶",
            "location": [
                9,
                2
            ],
            "direction": "Down"
        },
        {
            "type": "Deploy",
            "name": "远卫",
            "location": [
                9,
                3
            ],
            "direction": "Left"
        },
        {
            "type": "SkillDaemon"
        }
    ],
    "doc": {
        "title": "CV-EX-3 - 扳起击锤 改logos",
        "details": "作业更新日期: 2024-09-22T01:50:12Z\n统计更新日期: 2024-09-28\n好评率：100.0%  浏览量：79\n来源：Chen  ID：41567\n此作业全员专三且模组一级\n原作者：自在道爷\n原JSON作者：星之海.\n社区评论不会提醒，有问题可以进群找我：994516079（刚建的\n原视频：【【不义之财】CV-EX-1至8挂机流，突袭镀层都不愁！语音快乐详解，轻松解放双手 | 明日方舟攻略(含CV-EX-7突袭，CV-EX-8突袭镀层等)】https://www.bilibili.com/video/BV1gh4y1N7FX?vd_source=69f0b796ff8cde9e6cb9e9f9a99f8eec"
    },
    "groups": [
        {
            "name": "奶盾",
            "opers": [
                {
                    "name": "塞雷娅",
                    "skill": 1,
                    "skill_usage": 0
                },
                {
                    "name": "黍",
                    "skill": 1,
                    "skill_usage": 0
                },
                {
                    "name": "临光",
                    "skill": 1,
                    "skill_usage": 0
                }
            ]
        },
        {
            "name": "单奶",
            "opers": [
                {
                    "name": "闪灵",
                    "skill": 2,
                    "skill_usage": 0
                },
                {
                    "name": "纯烬艾雅法拉",
                    "skill": 1,
                    "skill_usage": 0
                },
                {
                    "name": "华法琳",
                    "skill": 1,
                    "skill_usage": 0
                }
            ]
        },
        {
            "name": "远卫",
            "opers": [
                {
                    "name": "仇白",
                    "skill": 1,
                    "skill_usage": 0
                },
                {
                    "name": "拉普兰德",
                    "skill": 2,
                    "skill_usage": 0
                }
            ]
        },
        {
            "name": "盾",
            "opers": [
                {
                    "name": "蛇屠箱",
                    "skill": 2,
                    "skill_usage": 0
                },
                {
                    "name": "星熊",
                    "skill": 2,
                    "skill_usage": 0
                }
            ]
        }
    ],
    "opers": [
        {
            "name": "逻各斯",
            "skill": 1,
            "skill_usage": 0
        }
    ],
    "difficulty": 3
}