{
    "minimum_required": "v4.0.0",
    "stage_name": "act28side_ex01",
    "actions": [
        {
            "type": "SpeedUp"
        },
        {
            "type": "Deploy",
            "name": "煌",
            "location": [
                1,
                3
            ],
            "direction": "Right"
        },
        {
            "type": "Deploy",
            "name": "塞雷娅",
            "location": [
                2,
                3
            ],
            "direction": "Right"
        },
        {
            "type": "Deploy",
            "name": "艾雅法拉",
            "location": [
                4,
                4
            ],
            "direction": "Left"
        },
        {
            "type": "SkillDaemon",
            "doc_color": "DarkRed",
            "doc": "有帮助的话 给个好评吧~"
        }
    ],
    "doc": {
        "title": "不义之财 CV-EX-1 突袭兼容 萧然Q攻略",
        "details": "作业更新日期: 2023-09-12T15:00:29Z\n统计更新日期: 2024-09-21\n好评率：97.31%  浏览量：55830\n来源：鱼丸不是鱼van  ID：27844\n似乎现在有部分用户无法下干员 可能是maabug 等修复或者自己尝试重启/清空干员图标缓存试试吧 作者也不会解决maa问题\n攻略作者：萧然Q https://www.bilibili.com/video/BV1au411P7pL 记得去b站给萧然Q点赞三连\njson作者：鱼丸  评论区不解决maa问题\n已测试\n平均练度2603"
    },
    "groups": [],
    "opers": [
        {
            "name": "煌",
            "skill": 2,
            "skill_usage": 0
        },
        {
            "name": "塞雷娅",
            "skill": 1,
            "skill_usage": 0
        },
        {
            "name": "艾雅法拉",
            "skill": 2,
            "skill_usage": 0
        }
    ],
    "difficulty": 3
}