{
    "minimum_required": "v4.0.0",
    "stage_name": "act16side_07",
    "actions": [
        {
            "type": "Deploy",
            "name": "塑心",
            "location": [
                2,
                1
            ],
            "direction": "Right"
        },
        {
            "type": "SpeedUp"
        },
        {
            "type": "Deploy",
            "name": "塞or黍",
            "location": [
                3,
                2
            ],
            "direction": "Right"
        },
        {
            "type": "Deploy",
            "name": "乌尔比安",
            "location": [
                2,
                2
            ],
            "direction": "Left"
        },
        {
            "type": "SkillDaemon"
        }
    ],
    "doc": {
        "title": "吾导先路·复刻 - GA-7 - 光与影 - 塑心模组任务",
        "details": "作业更新日期: 2025-03-29T05:20:06Z\n统计更新日期: 2025-04-03\n好评率：100.0%  浏览量：24\n来源：lucisferror  ID：49245\n图图模组任务\n"
    },
    "groups": [
        {
            "name": "塞or黍",
            "opers": [
                {
                    "name": "塞雷娅",
                    "skill": 1,
                    "skill_usage": 0
                },
                {
                    "name": "黍",
                    "skill": 1,
                    "skill_usage": 0
                }
            ]
        }
    ],
    "opers": [
        {
            "name": "塑心",
            "skill": 1,
            "skill_usage": 0
        },
        {
            "name": "乌尔比安",
            "skill": 2,
            "skill_usage": 0
        }
    ]
}