{
    "minimum_required": "v4.0.0",
    "actions": [
        {
            "type": "SpeedUp"
        },
        {
            "type": "Deploy",
            "name": "风笛",
            "location": [
                5,
                2
            ],
            "direction": "Right"
        },
        {
            "type": "Deploy",
            "name": "推进之王",
            "location": [
                5,
                4
            ],
            "direction": "Right"
        },
        {
            "type": "Deploy",
            "name": "夕",
            "location": [
                4,
                3
            ],
            "direction": "Right"
        },
        {
            "type": "Deploy",
            "name": "桃金娘",
            "location": [
                4,
                4
            ],
            "direction": "Left"
        },
        {
            "type": "Skill",
            "name": "夕",
            "kills": 34
        }
    ],
    "doc": {
        "title": "夕模组任务 - 4-3 - “终夜无寐”",
        "details": "作业更新日期: 2024-09-15T01:11:31Z\n统计更新日期: 2024-11-30\n好评率：100.0%  浏览量：103\n来源：一只摆烂的42  ID：41303\n夕「“终夜无寐”」模组任务\n3星通关主题曲4-3；必须编入非助战夕并上场，其他成员仅可编入先锋干员\n制作者：一只摆烂的42\n有问题联系QQ2586582719\n修改自用请删除我的QQ"
    },
    "groups": [],
    "opers": [
        {
            "name": "风笛",
            "skill": 2,
            "skill_usage": 0
        },
        {
            "name": "推进之王",
            "skill": 2,
            "skill_usage": 0
        },
        {
            "name": "桃金娘",
            "skill": 1,
            "skill_usage": 0
        },
        {
            "name": "夕",
            "skill": 3,
            "skill_usage": 0
        }
    ],
    "stage_name": "main_04-03",
    "difficulty": 1
}