{
    "minimum_required": "v4.0.0",
    "stage_name": "act14side_02",
    "actions": [
        {
            "type": "SpeedUp"
        },
        {
            "type": "Deploy",
            "name": "煌",
            "location": [
                1,
                3
            ],
            "direction": "Up"
        },
        {
            "type": "Deploy",
            "name": "薄绿",
            "location": [
                5,
                3
            ],
            "direction": "Down"
        },
        {
            "type": "Skill",
            "name": "薄绿",
            "cost_changes": 55
        },
        {
            "type": "Skill",
            "name": "薄绿",
            "kills": 16,
            "pre_delay": 1000
        }
    ],
    "doc": {
        "title": "薄绿模组任务 - BI-2 - 注意力保持装置",
        "details": "作业更新日期: 2024-07-06T15:48:25Z\n统计更新日期: 2024-11-30\n好评率：50.0%  浏览量：57\n来源：一只摆烂的42  ID：39149\n薄绿「注意力保持装置」模组任务\n3星通关别传BI-2；必须编入非助战薄绿，且本次战斗有至少4名冰原战士坠落地穴\n原视频：https://www.bilibili.com/video/BV1yh411g7rW/\n制作者：一只摆烂的42\n有问题联系QQ2586582719\n修改自用请删除我的QQ"
    },
    "groups": [],
    "opers": [
        {
            "name": "煌",
            "skill": 2,
            "skill_usage": 0
        },
        {
            "name": "薄绿",
            "skill": 2,
            "skill_usage": 0
        }
    ]
}