{
    "minimum_required": "v4.0.0",
    "stage_name": "mem_jesica_1",
    "actions": [
        {
            "type": "SpeedUp",
            "kills": 0
        },
        {
            "type": "Deploy",
            "name": "杰西卡",
            "location": [
                5,
                2
            ],
            "direction": "Left"
        },
        {
            "type": "Skill",
            "location": [
                5,
                2
            ],
            "kills": 5
        },
        {
            "type": "Deploy",
            "name": "芙兰卡",
            "location": [
                4,
                3
            ],
            "kills": 0,
            "costs": 49,
            "direction": "Left"
        },
        {
            "type": "Deploy",
            "name": "障碍物",
            "location": [
                6,
                3
            ],
            "direction": "None",
            "kills": 9
        },
        {
            "type": "Skill",
            "name": "杰西卡",
            "location": [
                5,
                2
            ],
            "kills": 13
        },
        {
            "type": "Deploy",
            "name": "梅什科线圈",
            "location": [
                8,
                4
            ],
            "kills": 17,
            "direction": "None"
        },
        {
            "type": "Deploy",
            "name": "梅什科线圈",
            "location": [
                8,
                2
            ],
            "direction": "None"
        },
        {
            "type": "Deploy",
            "name": "梅什科线圈",
            "location": [
                7,
                4
            ],
            "direction": "None"
        },
        {
            "type": "Retreat",
            "name": "杰西卡",
            "location": [
                5,
                2
            ]
        },
        {
            "type": "Retreat",
            "name": "障碍物",
            "location": [
                6,
                3
            ]
        },
        {
            "type": "Deploy",
            "name": "梅什科线圈",
            "location": [
                7,
                2
            ],
            "direction": "None"
        },
        {
            "type": "Deploy",
            "name": "梅什科线圈",
            "location": [
                6,
                4
            ],
            "direction": "None"
        },
        {
            "type": "Deploy",
            "name": "梅什科线圈",
            "location": [
                6,
                2
            ],
            "direction": "None"
        },
        {
            "type": "Deploy",
            "name": "芙兰卡",
            "location": [
                6,
                3
            ],
            "direction": "Right"
        }
    ],
    "doc": {
        "title": "狙击 - 杰西卡 - 战战兢兢",
        "details": "作业更新日期: 2023-03-03T19:44:38Z\n统计更新日期: 2024-08-03\n好评率：91.67%  浏览量：397\n来源：xf22cn@qq.com  ID：21281\n狙击 - 杰西卡 - 战战兢兢\n倾九_Komy  https://www.bilibili.com/video/BV1jY411j7Mp/\n杰西卡   精二1级    2技能  7级"
    },
    "groups": [],
    "opers": [
        {
            "name": "杰西卡",
            "skill": 2,
            "skill_usage": 0
        },
        {
            "name": "芙兰卡",
            "skill": 2,
            "skill_usage": 0
        },
        {
            "name": "障碍物",
            "skill": 1,
            "skill_usage": 0
        },
        {
            "name": "梅什科线圈",
            "skill": 1,
            "skill_usage": 0
        }
    ]
}