{
    "minimum_required": "v4.0.0",
    "stage_name": "mem_excu2_1",
    "actions": [
        {
            "type": "SpeedUp"
        },
        {
            "type": "Deploy",
            "name": "圣约送葬人",
            "location": [
                3,
                4
            ],
            "direction": "Down"
        },
        {
            "type": "Deploy",
            "name": "隐现",
            "location": [
                3,
                2
            ],
            "direction": "Down"
        },
        {
            "type": "Skill",
            "kills": 6,
            "name": "圣约送葬人",
            "location": [
                3,
                4
            ]
        },
        {
            "type": "Skill",
            "name": "圣约送葬人",
            "location": [
                3,
                4
            ],
            "kills": 26
        },
        {
            "type": "Skill",
            "name": "隐现",
            "location": [
                3,
                2
            ]
        },
        {
            "type": "Output",
            "kills": 30,
            "doc_color": "Gray",
            "doc": "（）"
        },
        {
            "type": "Skill",
            "name": "圣约送葬人",
            "location": [
                3,
                4
            ],
            "pre_delay": 2000
        },
        {
            "type": "Skill",
            "kills": 72,
            "name": "圣约送葬人",
            "location": [
                3,
                4
            ]
        },
        {
            "type": "SkillDaemon"
        }
    ],
    "doc": {
        "title": "近卫 - 圣约送葬人 - 安全框架",
        "details": "统计日期：2024-05-02\n好评率：82.61%  浏览量：2893\n推荐练度2603以上，本人28033模稳过。\n"
    },
    "groups": [],
    "opers": [
        {
            "name": "圣约送葬人",
            "skill": 3,
            "skill_usage": 0
        }
    ]
}