{
    "minimum_required": "v4.0.0",
    "stage_name": "main_07-13",
    "actions": [
        {
            "type": "SpeedUp"
        },
        {
            "type": "Deploy",
            "name": "煌",
            "location": [
                2,
                6
            ],
            "direction": "Up"
        },
        {
            "type": "Deploy",
            "name": "塞雷娅",
            "location": [
                1,
                5
            ],
            "direction": "Right"
        },
        {
            "type": "Deploy",
            "name": "号角",
            "location": [
                1,
                6
            ],
            "direction": "Right"
        },
        {
            "type": "SkillUsage",
            "name": "号角",
            "kills": 42,
            "skill_usage": 0
        },
        {
            "type": "Retreat",
            "name": "煌",
            "kills": 46
        },
        {
            "type": "Skill",
            "name": "号角"
        },
        {
            "type": "Skill",
            "name": "号角"
        },
        {
            "type": "Skill",
            "name": "号角",
            "pre_delay": 15000
        },
        {
            "type": "Skill",
            "name": "号角"
        },
        {
            "type": "Skill",
            "name": "号角",
            "pre_delay": 15000
        },
        {
            "type": "Skill",
            "name": "号角"
        },
        {
            "type": "Skill",
            "name": "号角",
            "pre_delay": 15000
        },
        {
            "type": "Skill",
            "name": "号角"
        },
        {
            "type": "Skill",
            "name": "号角",
            "pre_delay": 15000
        },
        {
            "type": "Skill",
            "name": "号角"
        },
        {
            "type": "Skill",
            "name": "号角",
            "pre_delay": 15000
        },
        {
            "type": "Skill",
            "name": "号角"
        },
        {
            "type": "Skill",
            "name": "号角",
            "pre_delay": 15000
        },
        {
            "type": "SkillUsage",
            "name": "号角",
            "pre_delay": 30000,
            "skill_usage": 1
        },
        {
            "type": "SkillDaemon"
        }
    ],
    "doc": {
        "title": "号角模组“典范之人”解锁任务 两个任务一起完成",
        "details": "统计日期：2024-06-01\n好评率：92.68%  浏览量：5468\n来源：萨拉托加  ID：28923\n号角模组任务，自动编队好像没法选号角三技能，建议手动编队\n两个任务可以一起完成，最后剩大盾给号角打年糕用，攒十次技能\n条件：\n①战斗中非助战号角累计使用终极防线10次\n②3星通关主题曲7-15；必须编入非助战号角并上场，且使用号角至少歼灭10个敌人\n【【明日方舟】号角模组任务 三人挂机打法 极其好抄】 https://www.bilibili.com/video/BV1au4y1W77g/?share_source=copy_web&vd_source=3fd5040fe25f6a00e19e6072bcccfa4e"
    },
    "groups": [],
    "opers": [
        {
            "name": "号角",
            "skill": 3,
            "skill_usage": 1
        },
        {
            "name": "塞雷娅",
            "skill": 1,
            "skill_usage": 0
        },
        {
            "name": "煌",
            "skill": 2,
            "skill_usage": 0
        }
    ]
}