{
    "minimum_required": "v4.0.0",
    "stage_name": "main_07-15",
    "actions": [
        {
            "type": "SpeedUp"
        },
        {
            "type": "Deploy",
            "name": "令",
            "location": [
                2,
                5
            ],
            "direction": "Right"
        },
        {
            "type": "Deploy",
            "name": "“弦惊”",
            "location": [
                5,
                4
            ],
            "direction": "Right"
        },
        {
            "type": "Deploy",
            "name": "“弦惊”",
            "location": [
                1,
                1
            ],
            "direction": "Up"
        },
        {
            "type": "Deploy",
            "name": "“弦惊”",
            "location": [
                1,
                2
            ],
            "direction": "Up"
        },
        {
            "type": "Deploy",
            "name": "“弦惊”",
            "location": [
                4,
                4
            ],
            "direction": "Right"
        },
        {
            "type": "Deploy",
            "name": "“弦惊”",
            "location": [
                8,
                3
            ],
            "direction": "Right",
            "costs": 33
        },
        {
            "type": "Retreat",
            "name": "“弦惊”",
            "location": [
                8,
                3
            ],
            "costs": 58
        },
        {
            "type": "Deploy",
            "name": "“弦惊”",
            "location": [
                8,
                3
            ],
            "direction": "Right"
        },
        {
            "type": "Deploy",
            "name": "“弦惊”",
            "location": [
                7,
                3
            ],
            "direction": "Right",
            "costs": 99
        },
        {
            "type": "SpeedUp"
        }
    ],
    "doc": {
        "title": "令单核  7-17 ",
        "details": "作业更新日期: 2023-06-20T01:02:48Z\n统计更新日期: 2024-10-07\n好评率：90.24%  浏览量：1256\n来源：WeskNissenFOX  ID：24120\nBV1oL4y1F78q    UP:福哥宅\n\n切换到一倍速后，自己手动开个令技能就行，不开理论也没事\n突袭的话就必须得手动开了，可能还要补个龙，反正俩通用"
    },
    "groups": [],
    "opers": [
        {
            "name": "令",
            "skill": 3,
            "skill_usage": 1
        }
    ],
    "difficulty": 3
}