{
    "minimum_required": "v4.0.0",
    "stage_name": "main_07-05",
    "actions": [
        {
            "type": "Deploy",
            "name": "先锋1-推荐推王",
            "location": [
                4,
                4
            ],
            "direction": "Right"
        },
        {
            "type": "Deploy",
            "name": "先锋2-推荐德狗",
            "location": [
                4,
                3
            ],
            "direction": "Down"
        },
        {
            "type": "SpeedUp"
        },
        {
            "type": "Deploy",
            "name": "奶",
            "location": [
                4,
                2
            ],
            "direction": "Down"
        },
        {
            "type": "Deploy",
            "name": "高台输出",
            "location": [
                5,
                2
            ],
            "direction": "Down"
        },
        {
            "type": "Deploy",
            "name": "上路地面",
            "location": [
                7,
                1
            ],
            "direction": "Right"
        },
        {
            "type": "Deploy",
            "name": "能天使",
            "location": [
                3,
                5
            ],
            "direction": "Left"
        },
        {
            "type": "SkillDaemon"
        }
    ],
    "doc": {
        "title": "第七章 苦难摇篮 - 7-6 - 遗忘之地",
        "details": "——————————\n作业更新日期: 2024-12-29T08:45:58Z\n统计更新日期: 2025-06-12\n好评率：99.17%  浏览量：1002\n来源：VisualMod  ID：45078\n——————————\n\n参考 BV16T4y1Y7DG，丰富了干员列表，高台输出可以加自己喜欢的"
    },
    "groups": [
        {
            "name": "先锋1-推荐推王",
            "opers": [
                {
                    "name": "推进之王",
                    "skill": 2,
                    "skill_usage": 0
                },
                {
                    "name": "伊内丝",
                    "skill": 2,
                    "skill_usage": 1
                },
                {
                    "name": "风笛",
                    "skill": 2,
                    "skill_usage": 0
                },
                {
                    "name": "山",
                    "skill": 2,
                    "skill_usage": 2
                }
            ]
        },
        {
            "name": "先锋2-推荐德狗",
            "opers": [
                {
                    "name": "德克萨斯",
                    "skill": 2,
                    "skill_usage": 1
                },
                {
                    "name": "焰尾",
                    "skill": 2,
                    "skill_usage": 1
                },
                {
                    "name": "拉普兰德",
                    "skill": 2,
                    "skill_usage": 0
                }
            ]
        },
        {
            "name": "高台输出",
            "opers": [
                {
                    "name": "艾雅法拉",
                    "skill": 2,
                    "skill_usage": 0
                },
                {
                    "name": "逻各斯",
                    "skill": 1,
                    "skill_usage": 0
                },
                {
                    "name": "维什戴尔",
                    "skill": 3,
                    "skill_usage": 1
                }
            ]
        },
        {
            "name": "上路地面",
            "opers": [
                {
                    "name": "煌",
                    "skill": 2,
                    "skill_usage": 0
                },
                {
                    "name": "棘刺",
                    "skill": 3,
                    "skill_usage": 1
                }
            ]
        },
        {
            "name": "奶",
            "opers": [
                {
                    "name": "白面鸮",
                    "skill": 2,
                    "skill_usage": 0
                },
                {
                    "name": "纯烬艾雅法拉",
                    "skill": 1,
                    "skill_usage": 0
                },
                {
                    "name": "夜莺",
                    "skill": 2,
                    "skill_usage": 0
                },
                {
                    "name": "闪灵",
                    "skill": 2,
                    "skill_usage": 0
                },
                {
                    "name": "嘉维尔",
                    "skill": 1,
                    "skill_usage": 0
                }
            ]
        }
    ],
    "opers": [
        {
            "name": "能天使",
            "skill": 1,
            "skill_usage": 0
        }
    ],
    "difficulty": 3
}