{
    "minimum_required": "v4.0.0",
    "stage_name": "tough_12-16",
    "actions": [
        {
            "type": "SpeedUp"
        },
        {
            "type": "Deploy",
            "name": "速狙",
            "location": [
                8,
                2
            ],
            "direction": "Left",
            "costs": 15
        },
        {
            "type": "Deploy",
            "name": "远卫",
            "location": [
                4,
                1
            ],
            "direction": "Down"
        },
        {
            "type": "Deploy",
            "name": "桃金娘",
            "location": [
                1,
                4
            ],
            "direction": "Up",
            "pre_delay": 12000
        },
        {
            "type": "Deploy",
            "name": "塞雷娅",
            "location": [
                4,
                3
            ],
            "direction": "Right"
        },
        {
            "type": "Deploy",
            "name": "单奶",
            "location": [
                3,
                4
            ],
            "direction": "Up"
        },
        {
            "type": "Deploy",
            "name": "艾雅法拉",
            "location": [
                3,
                2
            ],
            "direction": "Right"
        },
        {
            "type": "Deploy",
            "name": "盾",
            "location": [
                2,
                3
            ],
            "direction": "Right"
        },
        {
            "type": "Retreat",
            "name": "桃金娘",
            "location": [
                1,
                4
            ],
            "costs": 9
        },
        {
            "type": "Deploy",
            "name": "山",
            "location": [
                1,
                4
            ],
            "direction": "Up"
        },
        {
            "type": "SkillDaemon",
            "doc_color": "DarkRed",
            "doc": "原json作者：Genicur"
        }
    ],
    "doc": {
        "title": "12-18（磨难） 盾奶狙远卫替换",
        "details": "统计日期：2024-05-02\n好评率：90.32%  浏览量：2002\n攻略作者：萧然Q BV1oL411m7bL\n原json作者：Genicur"
    },
    "groups": [
        {
            "name": "远卫",
            "opers": [
                {
                    "name": "棘刺",
                    "skill": 3,
                    "skill_usage": 1
                },
                {
                    "name": "仇白",
                    "skill": 3,
                    "skill_usage": 1
                }
            ]
        },
        {
            "name": "速狙",
            "opers": [
                {
                    "name": "能天使",
                    "skill": 3,
                    "skill_usage": 0
                },
                {
                    "name": "空弦",
                    "skill": 3,
                    "skill_usage": 1
                }
            ]
        },
        {
            "name": "盾",
            "opers": [
                {
                    "name": "星熊",
                    "skill": 2,
                    "skill_usage": 0
                },
                {
                    "name": "年",
                    "skill": 2,
                    "skill_usage": 1
                }
            ]
        },
        {
            "name": "单奶",
            "opers": [
                {
                    "name": "闪灵",
                    "skill": 2,
                    "skill_usage": 0
                },
                {
                    "name": "纯烬艾雅法拉",
                    "skill": 1,
                    "skill_usage": 0
                }
            ]
        }
    ],
    "opers": [
        {
            "name": "桃金娘",
            "skill": 1,
            "skill_usage": 1
        },
        {
            "name": "山",
            "skill": 2,
            "skill_usage": 2
        },
        {
            "name": "塞雷娅",
            "skill": 1,
            "skill_usage": 0
        },
        {
            "name": "艾雅法拉",
            "skill": 2,
            "skill_usage": 0
        },
        {
            "name": "德克萨斯",
            "skill": 1,
            "skill_usage": 0
        }
    ]
}