{
    "minimum_required": "v4.0.0",
    "stage_name": "pro_d_1",
    "actions": [
        {
            "type": "Deploy",
            "name": "山",
            "location": [
                3,
                6
            ],
            "direction": "Right"
        },
        {
            "type": "Deploy",
            "name": "提丰",
            "location": [
                2,
                3
            ],
            "direction": "Right"
        },
        {
            "type": "SpeedUp"
        },
        {
            "type": "Skill",
            "name": "提丰",
            "location": [
                2,
                3
            ],
            "costs": 40
        },
        {
            "type": "SkillUsage",
            "name": "提丰",
            "skill_usage": 1
        },
        {
            "type": "SkillDaemon"
        }
    ],
    "doc": {
        "title": "PR-D-1 自用信赖",
        "details": "统计日期：2024-06-01\n好评率：100.0%  浏览量：66\n来源：AA72  ID：34424\n自用信赖"
    },
    "groups": [],
    "opers": [
        {
            "skill_times": 1,
            "name": "山",
            "skill": 2,
            "skill_usage": 2
        },
        {
            "name": "提丰",
            "skill": 2,
            "skill_usage": 0
        }
    ]
}