{
    "minimum_required": "v4.0.0",
    "stage_name": "main_00-04#f#",
    "actions": [
        {
            "type": "Output",
            "rear_delay": 5000,
            "doc_color": "DarkRed",
            "doc": "如果关卡内有剧情，请在5秒内手动跳过！！！\n如果你没有缓存干员头像，请携带本次作战的所有干员再打一次上一关！！！"
        },
        {
            "type": "SpeedUp",
            "pre_delay": 5000
        },
        {
            "type": "Deploy",
            "name": "先锋",
            "location": [
                4,
                2
            ],
            "direction": "Left"
        },
        {
            "type": "Deploy",
            "name": "巡林者",
            "location": [
                2,
                1
            ],
            "direction": "Down"
        },
        {
            "type": "Deploy",
            "name": "安德切尔",
            "location": [
                3,
                4
            ],
            "direction": "Left"
        },
        {
            "type": "Deploy",
            "name": "黑角",
            "location": [
                2,
                3
            ],
            "direction": "Left"
        },
        {
            "type": "Deploy",
            "name": "杰西卡",
            "location": [
                3,
                1
            ],
            "direction": "Down"
        },
        {
            "type": "Deploy",
            "name": "芙蓉",
            "location": [
                4,
                4
            ],
            "direction": "Left"
        }
    ],
    "doc": {
        "title": "序章 黑暗时代·上 - 0-4 - 混战",
        "details": "统计日期：2024-05-17\n好评率：57.14%  浏览量：198\n来源：yc.exe  ID：22268\n如果关卡内有剧情，请立即手动跳过！！！\n如果你没有缓存干员头像，请携带本次作战的所有干员再打一次上一关！！！\n（全干员精英0，1级）\nyc.exe"
    },
    "groups": [
        {
            "name": "先锋",
            "opers": [
                {
                    "name": "夜刀",
                    "skill": 1,
                    "skill_usage": 0
                },
                {
                    "name": "芬",
                    "skill": 1,
                    "skill_usage": 0
                }
            ]
        }
    ],
    "opers": [
        {
            "name": "阿米娅",
            "skill": 1,
            "skill_usage": 0
        },
        {
            "name": "黑角",
            "skill": 1,
            "skill_usage": 0
        },
        {
            "name": "巡林者",
            "skill": 1,
            "skill_usage": 0
        },
        {
            "name": "芙蓉",
            "skill": 1,
            "skill_usage": 0
        },
        {
            "name": "安德切尔",
            "skill": 1,
            "skill_usage": 0
        },
        {
            "name": "杰西卡",
            "skill": 1,
            "skill_usage": 0
        }
    ],
    "difficulty": 3
}