{
    "minimum_required": "v4.0.0",
    "stage_name": "wk_toxic_5",
    "actions": [
        {
            "type": "Deploy",
            "name": "山",
            "location": [
                4,
                4
            ],
            "direction": "Right"
        },
        {
            "type": "SpeedUp"
        },
        {
            "type": "Deploy",
            "name": "缄默德克萨斯",
            "location": [
                7,
                1
            ],
            "direction": "Down",
            "kills": 1
        },
        {
            "type": "Retreat",
            "name": "缄默德克萨斯",
            "location": [
                7,
                1
            ],
            "kills": 0,
            "pre_delay": 1500
        },
        {
            "type": "Deploy",
            "name": "泥岩",
            "location": [
                3,
                5
            ],
            "direction": "Right"
        },
        {
            "type": "Deploy",
            "name": "缄默德克萨斯",
            "location": [
                7,
                1
            ],
            "direction": "Down",
            "kills": 8
        },
        {
            "type": "Retreat",
            "name": "缄默德克萨斯",
            "location": [
                7,
                1
            ],
            "kills": 8,
            "pre_delay": 1500
        },
        {
            "type": "Deploy",
            "name": "缄默德克萨斯",
            "location": [
                2,
                1
            ],
            "direction": "Left",
            "kills": 32,
            "pre_delay": 1500
        },
        {
            "type": "Retreat",
            "name": "缄默德克萨斯",
            "location": [
                2,
                1
            ],
            "kills": 32,
            "pre_delay": 1500
        },
        {
            "type": "Deploy",
            "name": "缄默德克萨斯",
            "location": [
                7,
                1
            ],
            "direction": "Down",
            "kills": 36,
            "pre_delay": 1500
        },
        {
            "type": "Retreat",
            "name": "缄默德克萨斯",
            "location": [
                7,
                1
            ],
            "kills": 36,
            "pre_delay": 1500
        },
        {
            "type": "SkillDaemon"
        }
    ],
    "doc": {
        "title": "粉碎防御 - AP-5 - 刷红票",
        "details": "统计日期：2024-06-01\n好评率：96.43%  浏览量：646\n来源：未来未来  ID：24627\n三名干员均为精二60级1级模组或无模组，手动添加干员组可顺带练熟练度，未来未来第一次作业"
    },
    "groups": [],
    "opers": [
        {
            "name": "泥岩",
            "skill": 2,
            "skill_usage": 0
        },
        {
            "name": "缄默德克萨斯",
            "skill": 3,
            "skill_usage": 0
        },
        {
            "name": "山",
            "skill": 2,
            "skill_usage": 2
        }
    ]
}