{
    "minimum_required": "v4.0.0",
    "stage_name": "mem_zumama_1",
    "actions": [
        {
            "type": "Deploy",
            "name": "森蚺",
            "location": [
                5,
                4
            ],
            "direction": "Up"
        },
        {
            "type": "SpeedUp"
        },
        {
            "type": "Skill",
            "name": "森蚺",
            "location": [
                5,
                4
            ],
            "kills": 4,
            "pre_delay": 7500
        },
        {
            "type": "SpeedUp",
            "kills": 14,
            "pre_delay": 7000
        },
        {
            "type": "Skill",
            "name": "森蚺",
            "location": [
                5,
                4
            ]
        },
        {
            "type": "SpeedUp"
        },
        {
            "type": "SkillDaemon"
        }
    ],
    "doc": {
        "title": "悖论模拟 重装 - 森蚺 - 钢铁酋长",
        "details": "作业更新日期: 2024-09-16T09:29:51Z\n统计更新日期: 2024-10-15\n好评率：89.19%  浏览量：926\n来源：PercyDan  ID：41331\n三技能专0可过"
    },
    "groups": [],
    "opers": [
        {
            "name": "森蚺",
            "skill": 3,
            "skill_usage": 0
        }
    ]
}