{
    "minimum_required": "v4.0.0",
    "stage_name": "mem_noirc_1",
    "actions": [
        {
            "type": "SpeedUp"
        },
        {
            "type": "Deploy",
            "name": "克洛丝",
            "location": [
                2,
                2
            ],
            "direction": "Right"
        },
        {
            "type": "Deploy",
            "name": "安德切尔",
            "location": [
                2,
                4
            ],
            "direction": "Right"
        },
        {
            "type": "Deploy",
            "name": "杜林",
            "location": [
                4,
                2
            ],
            "direction": "Right"
        },
        {
            "type": "Deploy",
            "name": "夜刀",
            "location": [
                8,
                3
            ],
            "direction": "Right"
        },
        {
            "type": "Deploy",
            "name": "黑角",
            "location": [
                6,
                3
            ],
            "direction": "Right"
        },
        {
            "type": "Retreat",
            "name": "夜刀",
            "location": [
                8,
                3
            ]
        },
        {
            "type": "SpeedUp",
            "kills": 9
        },
        {
            "type": "SpeedUp",
            "kills": 10,
            "rear_delay": 1500
        },
        {
            "type": "Skill",
            "name": "安德切尔",
            "location": [
                2,
                4
            ]
        },
        {
            "type": "Deploy",
            "kills": 16,
            "name": "史都华德",
            "location": [
                4,
                4
            ],
            "direction": "Right"
        },
        {
            "type": "Deploy",
            "kills": 18,
            "name": "夜刀",
            "location": [
                2,
                3
            ],
            "direction": "Right"
        },
        {
            "type": "Retreat",
            "name": "夜刀",
            "location": [
                2,
                3
            ],
            "kills": 34
        },
        {
            "type": "Deploy",
            "name": "黑角",
            "location": [
                6,
                3
            ],
            "direction": "Right"
        },
        {
            "type": "SkillDaemon"
        }
    ],
    "doc": {
        "title": "悖论模拟 - 重装 - 黑角",
        "details": "作业更新日期: 2024-07-10T19:51:47Z\n统计更新日期: 2024-10-02\n好评率：85.19%  浏览量：785\n来源：PPZS  ID：39402\n测试 4潜90信赖&&2潜满信赖\nMaaTouch触控模式 已过"
    },
    "groups": [],
    "opers": [
        {
            "name": "克洛丝",
            "skill": 1,
            "skill_usage": 0
        },
        {
            "name": "安德切尔",
            "skill": 1,
            "skill_usage": 0
        },
        {
            "name": "杜林",
            "skill": 1,
            "skill_usage": 0
        },
        {
            "name": "夜刀",
            "skill": 1,
            "skill_usage": 0
        },
        {
            "name": "黑角",
            "skill": 1,
            "skill_usage": 0
        },
        {
            "name": "史都华德",
            "skill": 1,
            "skill_usage": 0
        }
    ]
}