{
    "minimum_required": "v4.0.0",
    "stage_name": "act37side_ex08",
    "actions": [
        {
            "type": "SpeedUp"
        },
        {
            "type": "Deploy",
            "name": "大范围奶",
            "location": [
                3,
                6
            ],
            "direction": "Up"
        },
        {
            "type": "Deploy",
            "name": "玛恩纳",
            "location": [
                5,
                5
            ],
            "direction": "Right"
        },
        {
            "type": "Deploy",
            "name": "很硬的盾",
            "location": [
                1,
                4
            ],
            "direction": "Right"
        },
        {
            "type": "SkillUsage",
            "name": "玛恩纳",
            "skill_usage": 2,
            "pre_delay": 10000,
            "skill_times": 1
        },
        {
            "type": "Deploy",
            "name": "很厉害的术师",
            "location": [
                2,
                3
            ],
            "direction": "Down"
        },
        {
            "type": "Deploy",
            "name": "浊心斯卡蒂",
            "location": [
                3,
                5
            ],
            "direction": "Right"
        },
        {
            "type": "Deploy",
            "name": "群奶",
            "location": [
                2,
                5
            ],
            "direction": "Right"
        },
        {
            "type": "SkillUsage",
            "name": "玛恩纳",
            "skill_usage": 2,
            "skill_times": 2
        },
        {
            "type": "Skill",
            "name": "群奶",
            "location": [
                2,
                5
            ]
        },
        {
            "type": "Deploy",
            "name": "单奶",
            "location": [
                4,
                6
            ],
            "direction": "Up"
        },
        {
            "type": "SkillUsage",
            "name": "群奶",
            "skill_usage": 1
        },
        {
            "type": "SkillUsage",
            "skill_times": 1,
            "name": "玛恩纳",
            "skill_usage": 2,
            "pre_delay": 73000
        },
        {
            "type": "SkillDaemon",
            "doc_color": "SpringGreen",
            "doc": "cwc"
        }
    ],
    "doc": {
        "title": "GO-EX-8 - 在王座前",
        "details": "作业更新日期: 2024-10-16T15:44:29Z\n统计更新日期: 2024-10-18\n好评率：87.18%  浏览量：1002\n来源：清风小同学  ID：42533\nJSON作者：清风小同学 攻略作者：萧然Q\n【【追迹日落以西】GO-EX-1至GO-EX-8突袭 摆完挂机 简单好抄】 https://www.bilibili.com/video/BV1cGmPYMEk4/?p=8&share_source=copy_web&vd_source=915b3f132d69465ad53694d5846531c9\n\n攻略问题请在作业群里艾特2769651197"
    },
    "groups": [
        {
            "name": "很硬的盾",
            "opers": [
                {
                    "name": "年",
                    "skill": 2,
                    "skill_usage": 1
                },
                {
                    "name": "星熊",
                    "skill": 2,
                    "skill_usage": 0
                }
            ]
        },
        {
            "name": "很厉害的术师",
            "opers": [
                {
                    "name": "逻各斯",
                    "skill": 1,
                    "skill_usage": 0
                },
                {
                    "name": "艾雅法拉",
                    "skill": 2,
                    "skill_usage": 0
                },
                {
                    "name": "澄闪",
                    "skill": 2,
                    "skill_usage": 0
                }
            ]
        },
        {
            "name": "大范围奶",
            "opers": [
                {
                    "name": "纯烬艾雅法拉",
                    "skill": 1,
                    "skill_usage": 0
                },
                {
                    "name": "流明",
                    "skill": 3,
                    "skill_usage": 1
                }
            ]
        },
        {
            "name": "群奶",
            "opers": [
                {
                    "name": "夜莺",
                    "skill": 3,
                    "skill_usage": 0
                },
                {
                    "name": "白面鸮",
                    "skill": 2,
                    "skill_usage": 0
                }
            ]
        },
        {
            "name": "单奶",
            "opers": [
                {
                    "name": "闪灵",
                    "skill": 2,
                    "skill_usage": 0
                },
                {
                    "name": "华法琳",
                    "skill": 1,
                    "skill_usage": 0
                },
                {
                    "name": "赫默",
                    "skill": 1,
                    "skill_usage": 0
                },
                {
                    "name": "安赛尔",
                    "skill": 1,
                    "skill_usage": 0
                },
                {
                    "name": "芙蓉",
                    "skill": 1,
                    "skill_usage": 0
                }
            ]
        }
    ],
    "opers": [
        {
            "name": "玛恩纳",
            "skill": 3,
            "skill_usage": 0
        },
        {
            "name": "浊心斯卡蒂",
            "skill": 2,
            "skill_usage": 0
        }
    ],
    "difficulty": 2
}