{
    "minimum_required": "v4.0.0",
    "stage_name": "act37side_ex08",
    "actions": [
        {
            "type": "Deploy",
            "name": "玛恩纳",
            "location": [
                5,
                5
            ],
            "direction": "Right"
        },
        {
            "type": "Deploy",
            "name": "纯烬艾雅法拉",
            "location": [
                3,
                6
            ],
            "direction": "Up"
        },
        {
            "type": "Deploy",
            "name": "乌尔比安",
            "location": [
                1,
                4
            ],
            "direction": "Up"
        },
        {
            "type": "Skill",
            "name": "玛恩纳",
            "costs": 6
        },
        {
            "type": "Deploy",
            "name": "输出",
            "location": [
                4,
                6
            ],
            "direction": "Right"
        },
        {
            "type": "Deploy",
            "name": "歌蒂或黍",
            "location": [
                2,
                6
            ],
            "direction": "Up"
        },
        {
            "type": "SpeedUp"
        },
        {
            "type": "SkillUsage",
            "name": "玛恩纳",
            "skill_usage": 1
        },
        {
            "type": "SkillDaemon"
        }
    ],
    "doc": {
        "title": "GO-EX-8 - 在王座前 乌尔比安版",
        "details": "作业更新日期: 2024-10-16T14:06:16Z\n统计更新日期: 2024-10-17\n好评率：98.65%  浏览量：4879\n来源：萨拉托加  ID：42496\n用的满模组乌尔比安，其他练度未测试\nJSON作者萨拉托加\n作业交流群群号1003478193，可蹲作业，有问题进群找我，作业站消息没提醒看不到"
    },
    "groups": [
        {
            "name": "歌蒂或黍",
            "opers": [
                {
                    "name": "歌蕾蒂娅",
                    "skill": 1,
                    "skill_usage": 0
                },
                {
                    "name": "黍",
                    "skill": 3,
                    "skill_usage": 1
                }
            ]
        },
        {
            "name": "输出",
            "opers": [
                {
                    "name": "提丰",
                    "skill": 2,
                    "skill_usage": 1
                },
                {
                    "name": "维什戴尔",
                    "skill": 3,
                    "skill_usage": 1
                }
            ]
        }
    ],
    "opers": [
        {
            "name": "乌尔比安",
            "skill": 2,
            "skill_usage": 0
        },
        {
            "name": "纯烬艾雅法拉",
            "skill": 1,
            "skill_usage": 0
        },
        {
            "name": "玛恩纳",
            "skill": 3,
            "skill_usage": 0
        }
    ],
    "difficulty": 3
}