{
    "minimum_required": "v4.0.0",
    "stage_name": "act37side_04",
    "actions": [
        {
            "type": "Deploy",
            "name": "煌",
            "location": [
                6,
                1
            ],
            "direction": "Left"
        },
        {
            "type": "Deploy",
            "name": "能天使",
            "location": [
                6,
                4
            ],
            "direction": "Left"
        },
        {
            "type": "Deploy",
            "name": "奶盾",
            "location": [
                5,
                5
            ],
            "direction": "Right"
        },
        {
            "type": "SpeedUp"
        },
        {
            "type": "SkillDaemon"
        }
    ],
    "doc": {
        "title": "GO-4 - 酒精与安慰剂",
        "details": "作业更新日期: 2024-10-09T09:59:15Z\n统计更新日期: 2024-10-09\n好评率：99.88%  浏览量：8221\n来源：萨拉托加  ID：42236\n原作者萧然Q JSON作者萨拉托加\n作业交流群群号1003478193，可蹲作业，有问题进群找我，作业站消息没提醒看不到\n【【追迹日落以西】GO-1至GO-9 摆完挂机 简单好抄】 https://www.bilibili.com/video/BV1Ce2cYaE7j/?share_source=copy_web&vd_source=3fd5040fe25f6a00e19e6072bcccfa4e"
    },
    "groups": [
        {
            "name": "奶盾",
            "opers": [
                {
                    "name": "塞雷娅",
                    "skill": 1,
                    "skill_usage": 0
                },
                {
                    "name": "黍",
                    "skill": 1,
                    "skill_usage": 0
                }
            ]
        }
    ],
    "opers": [
        {
            "name": "煌",
            "skill": 2,
            "skill_usage": 0
        },
        {
            "name": "能天使",
            "skill": 3,
            "skill_usage": 0
        }
    ]
}