{
    "minimum_required": "v4.0.0",
    "stage_name": "act37side_07",
    "actions": [
        {
            "type": "SpeedUp"
        },
        {
            "type": "Deploy",
            "name": "艾雅法拉",
            "location": [
                7,
                3
            ],
            "direction": "Down"
        },
        {
            "type": "Deploy",
            "name": "煌",
            "location": [
                7,
                4
            ],
            "direction": "Down"
        },
        {
            "type": "Deploy",
            "name": "奶盾",
            "location": [
                8,
                6
            ],
            "direction": "Left"
        },
        {
            "type": "SkillDaemon"
        }
    ],
    "doc": {
        "title": "GO-7 - 锈王冠",
        "details": "作业更新日期: 2024-10-09T13:39:03Z\n统计更新日期: 2024-10-11\n好评率：100.0%  浏览量：1356\n来源：星之海.  ID：42301\n此作业全员专三且模组一级\n原作者：自在道爷\nJSON作者：星之海.\n社区评论不会提醒，有问题可以进群找我：994516079（刚建的\n原视频：【【追迹日落以西】GO-1至GO-9挂机流，镀层也不愁！语音快乐详解，轻松解放双手 | 明日方舟攻略(分p更新中)】https://www.bilibili.com/video/BV1ki2cYcEv7?vd_source=69f0b796ff8cde9e6cb9e9f9a99f8eec"
    },
    "groups": [
        {
            "name": "奶盾",
            "opers": [
                {
                    "name": "塞雷娅",
                    "skill": 1,
                    "skill_usage": 0
                },
                {
                    "name": "黍",
                    "skill": 1,
                    "skill_usage": 0
                },
                {
                    "name": "临光",
                    "skill": 1,
                    "skill_usage": 0
                }
            ]
        }
    ],
    "opers": [
        {
            "name": "煌",
            "skill": 2,
            "skill_usage": 0
        },
        {
            "name": "艾雅法拉",
            "skill": 2,
            "skill_usage": 0
        }
    ]
}