{
    "minimum_required": "v4.0.0",
    "stage_name": "act37side_07",
    "actions": [
        {
            "type": "SpeedUp"
        },
        {
            "type": "SpeedUp",
            "costs": 22
        },
        {
            "type": "Deploy",
            "name": "维什戴尔",
            "location": [
                4,
                3
            ],
            "direction": "Down"
        },
        {
            "type": "Skill",
            "name": "维什戴尔",
            "location": [
                4,
                3
            ],
            "pre_delay": 8500,
            "doc_color": "Gray",
            "doc": " 第一次使用技能"
        },
        {
            "type": "SpeedUp"
        },
        {
            "type": "Skill",
            "name": "维什戴尔",
            "location": [
                4,
                3
            ],
            "kills": 10,
            "doc_color": "Gray",
            "doc": "10击杀结束技能"
        },
        {
            "type": "SkillUsage",
            "skill_times": 1,
            "name": "维什戴尔",
            "doc_color": "Gray",
            "doc": " 第二次使用技能",
            "skill_usage": 2
        },
        {
            "type": "Skill",
            "name": "维什戴尔",
            "location": [
                4,
                3
            ],
            "kills": 19,
            "doc_color": "Gray",
            "doc": "19击杀结束技能"
        },
        {
            "type": "Skill",
            "name": "维什戴尔",
            "location": [
                4,
                3
            ],
            "kills": 25,
            "doc_color": "Gray",
            "doc": "25击杀第三次使用技能"
        },
        {
            "type": "SkillDaemon",
            "doc_color": "#d63384",
            "doc": "如果觉得实用，请赏个好评吧~"
        }
    ],
    "doc": {
        "title": "【固源岩组速刷】追迹日落以西 - GO-7",
        "details": "作业更新日期: 2024-10-09T12:39:40Z\n统计更新日期: 2024-10-11\n好评率：99.46%  浏览量：1233\n来源：Issuing2890  ID：42268\n拉包尔提督，http://b23.tv/BV1AE2PYgEoF"
    },
    "groups": [],
    "opers": [
        {
            "name": "维什戴尔",
            "skill": 3,
            "skill_usage": 0
        }
    ]
}