{
    "minimum_required": "v4.0.0",
    "stage_name": "act37side_09",
    "actions": [
        {
            "type": "Deploy",
            "name": "桃金娘",
            "location": [
                9,
                1
            ],
            "direction": "Down"
        },
        {
            "type": "SpeedUp"
        },
        {
            "type": "Deploy",
            "name": "煌",
            "location": [
                9,
                2
            ],
            "direction": "Left"
        },
        {
            "type": "Deploy",
            "name": "夜莺",
            "location": [
                9,
                3
            ],
            "direction": "Down"
        },
        {
            "type": "Deploy",
            "name": "幻影",
            "location": [
                8,
                5
            ],
            "direction": "None",
            "cost_changes": 20
        },
        {
            "type": "Deploy",
            "name": "澄闪",
            "location": [
                7,
                3
            ],
            "direction": "Left"
        },
        {
            "type": "Deploy",
            "name": "二号奶或者红蒂",
            "location": [
                8,
                3
            ],
            "direction": "Down"
        },
        {
            "type": "Deploy",
            "name": "幻影",
            "location": [
                6,
                4
            ],
            "direction": "None"
        },
        {
            "type": "Retreat",
            "location": [
                8,
                5
            ]
        },
        {
            "type": "Deploy",
            "name": "盾",
            "location": [
                8,
                5
            ],
            "direction": "Up"
        },
        {
            "type": "Skill",
            "location": [
                9,
                4
            ],
            "costs": 25
        }
    ],
    "doc": {
        "title": "GO-9 - 英雄的落幕镀层蚀刻章",
        "details": "作业更新日期: 2024-10-10T14:19:32Z\n统计更新日期: 2024-10-14\n好评率：99.36%  浏览量：1132\n来源：焕彩gg  ID：42353\n如果失败可以手动把二号奶换成红蒂，理论上澄闪暴击不是太少都不需要红蒂https://space.bilibili.com/10123796/video"
    },
    "groups": [
        {
            "name": "盾",
            "opers": [
                {
                    "name": "塞雷娅",
                    "skill": 1,
                    "skill_usage": 0
                },
                {
                    "name": "黍",
                    "skill": 1,
                    "skill_usage": 0
                },
                {
                    "name": "星熊",
                    "skill": 2,
                    "skill_usage": 0
                }
            ]
        },
        {
            "name": "二号奶或者红蒂",
            "opers": [
                {
                    "name": "浊心斯卡蒂",
                    "skill": 2,
                    "skill_usage": 0
                },
                {
                    "name": "纯烬艾雅法拉",
                    "skill": 1,
                    "skill_usage": 0
                },
                {
                    "name": "闪灵",
                    "skill": 2,
                    "skill_usage": 0
                }
            ]
        }
    ],
    "opers": [
        {
            "name": "澄闪",
            "skill": 2,
            "skill_usage": 0
        },
        {
            "name": "煌",
            "skill": 2,
            "skill_usage": 0
        },
        {
            "name": "桃金娘",
            "skill": 1,
            "skill_usage": 1
        },
        {
            "name": "夜莺",
            "skill": 2,
            "skill_usage": 0
        }
    ]
}