{
    "minimum_required": "v4.0.0",
    "stage_name": "act37side_ex08#f#",
    "actions": [
        {
            "type": "Deploy",
            "name": "纯烬艾雅法拉",
            "location": [
                3,
                6
            ],
            "direction": "Up"
        },
        {
            "type": "Deploy",
            "name": "玛恩纳",
            "location": [
                4,
                4
            ],
            "direction": "Right",
            "costs": 21
        },
        {
            "type": "Deploy",
            "name": "星熊",
            "location": [
                1,
                4
            ],
            "direction": "Up"
        },
        {
            "type": "Deploy",
            "name": "奶盾",
            "location": [
                3,
                7
            ],
            "direction": "Right"
        },
        {
            "type": "Skill",
            "name": "玛恩纳"
        },
        {
            "type": "SpeedUp"
        },
        {
            "type": "Deploy",
            "name": "术师1",
            "location": [
                2,
                3
            ],
            "direction": "Down"
        },
        {
            "type": "Deploy",
            "name": "维什戴尔",
            "location": [
                4,
                6
            ],
            "direction": "Right"
        },
        {
            "type": "Deploy",
            "name": "闪灵",
            "location": [
                3,
                2
            ],
            "direction": "Down"
        },
        {
            "type": "Skill",
            "name": "玛恩纳",
            "kills": 15
        },
        {
            "type": "Deploy",
            "name": "夜莺",
            "location": [
                3,
                5
            ],
            "direction": "Left"
        },
        {
            "type": "SkillUsage",
            "name": "玛恩纳",
            "skill_usage": 1
        },
        {
            "type": "SkillDaemon"
        }
    ],
    "doc": {
        "title": "GO-EX-8 - 在王座前",
        "details": "作业更新日期: 2024-10-17T15:12:43Z\n统计更新日期: 2024-10-18\n好评率：100.0%  浏览量：86\n来源：ONE无壹失  ID：42594\n（自用修改，以下为原作简介）（原作玛恩纳放的过早，易暴毙）\n逻神维神要开模组；术师1组可以加小羊，但是打的太慢，没有逻神的自己加一下\n原作者：断懒 JSON作者：萨拉托加\n作业交流群群号1003478193，可蹲作业，有问题进群找我，作业站消息没提醒看不到\nhttps://www.bilibili.com/video/BV1y1mKYpEXp"
    },
    "groups": [
        {
            "name": "术师1",
            "opers": [
                {
                    "name": "逻各斯",
                    "skill": 1,
                    "skill_usage": 0
                }
            ]
        },
        {
            "name": "奶盾",
            "opers": [
                {
                    "name": "黍",
                    "skill": 1,
                    "skill_usage": 0
                },
                {
                    "name": "塞雷娅",
                    "skill": 1,
                    "skill_usage": 0
                }
            ]
        }
    ],
    "opers": [
        {
            "name": "纯烬艾雅法拉",
            "skill": 1,
            "skill_usage": 0
        },
        {
            "name": "玛恩纳",
            "skill": 3,
            "skill_usage": 0
        },
        {
            "name": "闪灵",
            "skill": 2,
            "skill_usage": 0
        },
        {
            "name": "星熊",
            "skill": 2,
            "skill_usage": 0
        },
        {
            "name": "维什戴尔",
            "skill": 3,
            "skill_usage": 1
        },
        {
            "name": "夜莺",
            "skill": 2,
            "skill_usage": 0
        }
    ],
    "difficulty": 3
}