{
    "minimum_required": "v4.0.0",
    "stage_name": "act37side_ex02",
    "actions": [
        {
            "type": "SpeedUp"
        },
        {
            "type": "Deploy",
            "name": "维什戴尔",
            "location": [
                3,
                2
            ],
            "direction": "Down",
            "costs": 25
        },
        {
            "type": "Deploy",
            "name": "卡缇",
            "location": [
                2,
                4
            ],
            "direction": "Right",
            "costs": 36
        },
        {
            "type": "Skill",
            "location": [
                2,
                3
            ],
            "costs": 49,
            "pre_delay": 500
        },
        {
            "type": "Deploy",
            "name": "砾",
            "location": [
                3,
                4
            ],
            "direction": "Right",
            "costs": 70
        },
        {
            "type": "Deploy",
            "name": "砾",
            "location": [
                8,
                5
            ],
            "direction": "Down",
            "kills": 27
        },
        {
            "type": "Deploy",
            "name": "砾",
            "location": [
                4,
                4
            ],
            "direction": "Right"
        },
        {
            "type": "Deploy",
            "name": "卡缇",
            "location": [
                3,
                4
            ],
            "direction": "Right",
            "cooling": 1
        },
        {
            "type": "Deploy",
            "name": "砾",
            "location": [
                2,
                4
            ],
            "direction": "Right"
        }
    ],
    "doc": {
        "title": "GO-EX-2 - 秘密通道突击 EW单核",
        "details": "作业更新日期: 2024-10-16T12:42:55Z\n统计更新日期: 2024-10-19\n好评率：92.31%  浏览量：1175\n来源：FelixTaXk  ID：42518\n原作者：spider丿小蜘蛛 【明日方舟】追迹日落以西GO-EX-1至8突袭全关卡攻略，维什戴尔单核，简单好抄！\n\n11杀时候如果EW子弹没用完要手动关一下"
    },
    "groups": [],
    "opers": [
        {
            "name": "维什戴尔",
            "skill": 3,
            "skill_usage": 1
        },
        {
            "name": "卡缇",
            "skill": 1,
            "skill_usage": 1
        },
        {
            "name": "砾",
            "skill": 2,
            "skill_usage": 0
        }
    ],
    "difficulty": 3
}