{
    "actions": [
        {
            "type": "二倍速"
        },
        {
            "type": "部署",
            "name": "自动回费先锋（5星以上，需要C+++）",
            "location": [
                4,
                6
            ],
            "direction": "右"
        },
        {
            "type": "部署",
            "name": "拉普兰德",
            "location": [
                3,
                3
            ],
            "direction": "右"
        },
        {
            "type": "部署",
            "name": "塞雷娅",
            "location": [
                3,
                4
            ],
            "direction": "右"
        },
        {
            "type": "部署",
            "name": "白面鸮",
            "location": [
                3,
                5
            ],
            "direction": "上"
        },
        {
            "type": "部署",
            "name": "煌或棘刺",
            "location": [
                3,
                6
            ],
            "direction": "右"
        },
        {
            "type": "部署",
            "name": "艾雅法拉",
            "location": [
                3,
                2
            ],
            "direction": "下"
        },
        {
            "type": "部署",
            "name": "闪灵",
            "location": [
                3,
                1
            ],
            "direction": "下"
        },
        {
            "type": "部署",
            "name": "伊芙利特",
            "location": [
                4,
                1
            ],
            "direction": "下"
        },
        {
            "type": "部署",
            "name": "泥岩或山",
            "location": [
                1,
                4
            ],
            "direction": "上"
        },
        {
            "type": "部署",
            "name": "铃兰或杰哥",
            "location": [
                2,
                5
            ],
            "direction": "右"
        },
        {
            "type": "摆完挂机",
            "name": ""
        }
    ],
    "minimum_required": "v4.0",
    "doc": {
        "title": "泥岩可以换山，煌可以换棘刺，安洁莉娜可以换铃兰（练度高）、W、陨星（练度高）",
        "details": "1练度过高会导致中途白面鸮暴毙，可替换夜莺，或者不换，和凛冬一起上场，注意先白面鸮后上凛冬\n2最后一波存在冰刀一刀砍死塞雷亚的可能，解决方法为：提前（约385斩）用史尔特尔堵门砍死冰刀哥\n3、煌可换棘刺，我是精二57级专3\n4、杰哥换2技能W效果拔群，配合棘刺可避免第240波白面鸮阵亡\n5、370那一波，银灰布置在门口源石冰晶右侧，等第一波虚幻炸完银灰后可开出完美大，配合后方远程输出能清理掉红刀，避免接敌\n6、煌换成棘刺可以打掉飞机，杰哥就不用带了，杰哥的位置可以放白面鸮，可以奶到左路，这样就不用带绝食干员可以放个高练度的近卫代替泥岩，最好挡二以上的。\n最后，白面鸮空出来的位置可以放狙击向右补输出，个人推荐二技能w,有眩晕炸弹配合棘刺可以远程收掉自爆虫，非常好用。这个打法会多一个部署位，可以随时放快速复活吃炸弹和拦虫子。"
    },
    "stage_name": "北原冰封废城",
    "opers": [
        {
            "name": "闪灵",
            "skill": 2,
            "skill_usage": 0
        },
        {
            "name": "白面鸮",
            "skill": 2,
            "skill_usage": 0
        },
        {
            "name": "拉普兰德",
            "skill": 2,
            "skill_usage": 0
        },
        {
            "name": "艾雅法拉",
            "skill": 2,
            "skill_usage": 0
        },
        {
            "name": "塞雷娅",
            "skill": 1,
            "skill_usage": 0
        },
        {
            "name": "伊芙利特",
            "skill": 2,
            "skill_usage": 0
        }
    ],
    "groups": [
        {
            "name": "自动回费先锋（5星以上，需要C+++）",
            "opers": [
                {
                    "name": "凛冬",
                    "skill": 1
                },
                {
                    "name": "德克萨斯",
                    "skill": 1
                },
                {
                    "name": "推进之王",
                    "skill": 1
                }
            ]
        },
        {
            "name": "泥岩或山",
            "opers": [
                {
                    "name": "泥岩",
                    "skill": 2
                },
                {
                    "name": "山",
                    "skill": 2,
                    "skill_usage": 2
                }
            ]
        },
        {
            "name": "煌或棘刺",
            "opers": [
                {
                    "name": "煌",
                    "skill": 2
                },
                {
                    "name": "棘刺",
                    "skill": 3,
                    "skill_usage": 1
                },
                {}
            ]
        },
        {
            "name": "铃兰或杰哥",
            "opers": [
                {
                    "name": "安洁莉娜",
                    "skill": 1
                },
                {
                    "name": "铃兰",
                    "skill": 2
                }
            ]
        }
    ]
}