{
    "stageName": "mem_takila_1",
    "doc": {
        "title": "龙舌兰 悖论模拟",
        "title_color": "Gray",
        "details": "——————————\n作业更新日期: 2023-04-11T21:48:22Z\n统计更新日期: 2025-04-12\n好评率：91.84%  浏览量：3838\n来源：_ 蘿卜卜  ID：22525\n——————————\nBV1VG411T71y\nup：倾九_Komy\njson：xf22cn（maa://21284）\n修改原作业龙舌兰结尾的技能时机\n2017已测试",
        "details_color": "Gray"
    },
    "opers": [
        {
            "name": "龙舌兰",
            "skill": 2,
            "skill_usage": 0,
            "requirements": {
                "elite": 0,
                "level": 0,
                "skill_level": 0,
                "module": 0,
                "potentiality": 0
            }
        }
    ],
    "groups": [],
    "minimumRequired": "v4.0.0",
    "difficulty": 0
}