{
    "minimum_required": "v4.0.0",
    "stage_name": "mem_skfire_1",
    "actions": [
        {
            "type": "SpeedUp"
        },
        {
            "type": "Deploy",
            "name": "天火",
            "location": [
                5,
                5
            ],
            "direction": "Up"
        },
        {
            "type": "Deploy",
            "name": "黑角",
            "location": [
                4,
                5
            ],
            "direction": "Up"
        },
        {
            "type": "Deploy",
            "name": "芙蓉",
            "location": [
                3,
                4
            ],
            "direction": "Right"
        },
        {
            "type": "Deploy",
            "name": "米格鲁",
            "location": [
                4,
                4
            ],
            "direction": "Down"
        },
        {
            "type": "Skill",
            "name": "天火",
            "location": [
                5,
                5
            ],
            "costs": 46
        },
        {
            "type": "Skill",
            "name": "天火",
            "location": [
                5,
                5
            ],
            "kills": 29
        }
    ],
    "doc": {
        "title": "术师 - 天火 - 焮天铄地",
        "details": "统计日期：2024-05-02\n好评率：94.74%  浏览量：506\n术师 - 天火 - 焮天铄地"
    },
    "groups": [],
    "opers": [
        {
            "name": "天火",
            "skill": 2,
            "skill_usage": 0
        }
    ]
}