{
    "minimum_required": "v4.0.0",
    "stage_name": "mem_bpipe_1",
    "actions": [
        {
            "type": "Deploy",
            "name": "风笛",
            "location": [
                2,
                3
            ],
            "direction": "Left"
        },
        {
            "type": "SpeedUp"
        },
        {
            "type": "Deploy",
            "name": "黑角",
            "location": [
                1,
                3
            ],
            "direction": "Right"
        },
        {
            "type": "Skill",
            "name": "风笛",
            "kills": 8
        },
        {
            "type": "Deploy",
            "name": "芙蓉",
            "location": [
                1,
                4
            ],
            "direction": "Right"
        },
        {
            "type": "Skill",
            "name": "芙蓉",
            "kills": 19
        },
        {
            "type": "Skill",
            "name": "风笛",
            "pre_delay": 5000
        },
        {
            "type": "Skill",
            "location": [
                3,
                5
            ]
        },
        {
            "type": "Skill",
            "kills": 27,
            "pre_delay": 0,
            "name": "风笛"
        },
        {
            "type": "Skill",
            "pre_delay": 2000,
            "location": [
                7,
                5
            ]
        },
        {
            "type": "Skill",
            "pre_delay": 3000,
            "location": [
                5,
                1
            ]
        },
        {
            "type": "Skill",
            "name": "芙蓉"
        },
        {
            "type": "BulletTime",
            "pre_delay": 1000,
            "location": [
                5,
                5
            ]
        },
        {
            "type": "Skill",
            "pre_delay": 1500,
            "location": [
                5,
                5
            ]
        },
        {
            "type": "Skill",
            "pre_delay": 2500,
            "location": [
                3,
                5
            ]
        },
        {
            "type": "Skill",
            "pre_delay": 2500,
            "location": [
                3,
                1
            ]
        },
        {
            "type": "SkillUsage",
            "name": "风笛",
            "skill_usage": 1
        }
    ],
    "doc": {
        "title": "先锋 - 风笛 - 维多利亚之矛",
        "details": "——————————\n作业更新日期: 2025-10-01T05:32:37Z\n统计更新日期: 2025-11-10\n相对评分：93.81%  相对热度：66.58%\n来源：我是正太的狗  ID：69928\n——————————\n风笛40级51信赖（575攻击力），3技能7级无专精。时间轴校对好了，风笛最后一次开技能我设置的是27杀，黑角存在无法及时补刀的可能，重试几次就好了，这概率其实还蛮小的感觉=w="
    },
    "groups": [],
    "opers": [
        {
            "name": "风笛",
            "skill": 3,
            "skill_usage": 0
        },
        {
            "name": "黑角",
            "skill": 1,
            "skill_usage": 0
        },
        {
            "name": "芙蓉",
            "skill": 1,
            "skill_usage": 0
        }
    ]
}