{
    "minimum_required": "v4.0.0",
    "stage_name": "pro_a_2",
    "actions": [
        {
            "type": "SpeedUp"
        },
        {
            "type": "Deploy",
            "name": "棘刺",
            "location": [
                7,
                2
            ],
            "direction": "Down"
        },
        {
            "type": "Deploy",
            "name": "山",
            "location": [
                2,
                3
            ],
            "direction": "Down"
        },
        {
            "type": "SkillDaemon"
        }
    ],
    "doc": {
        "title": "固若金汤 - PR-A-2 - 据守",
        "details": "统计日期：2024-06-01\n好评率：100.0%  浏览量：389\n来源：BOTT  ID：24358\n固若金汤 - PR-A-2 - 据守"
    },
    "groups": [],
    "opers": [
        {
            "name": "山",
            "skill": 2,
            "skill_usage": 2
        },
        {
            "name": "棘刺",
            "skill": 3,
            "skill_usage": 1
        }
    ]
}