{
    "minimum_required": "v4.0.0",
    "stage_name": "mem_lin_1",
    "actions": [
        {
            "type": "Deploy",
            "name": "林",
            "location": [
                5,
                3
            ],
            "direction": "Left"
        },
        {
            "type": "Skill",
            "name": "林",
            "location": [
                5,
                3
            ],
            "costs": 50
        },
        {
            "type": "SpeedUp"
        },
        {
            "type": "Skill",
            "name": "截云",
            "location": [
                8,
                2
            ],
            "kills": 35,
            "rear_delay": 20000
        },
        {
            "type": "SpeedUp"
        },
        {
            "type": "Skill",
            "name": "林",
            "location": [
                5,
                3
            ],
            "rear_delay": 1500
        }
    ],
    "doc": {
        "title": "【林】悖论模拟 - 紫色的林",
        "details": "作业更新日期: 2025-01-23T08:59:39Z\n统计更新日期: 2025-01-30\n好评率：80.85%  浏览量：950\n来源：LobsterJam  ID：45788\n自用 lv90\n三技能专三"
    },
    "groups": [],
    "opers": [
        {
            "name": "林",
            "skill": 3,
            "skill_usage": 0
        }
    ]
}