{
    "minimum_required": "v4.0.0",
    "actions": [
        {
            "type": "SpeedUp"
        },
        {
            "type": "Deploy",
            "name": "能天使",
            "location": [
                7,
                5
            ],
            "direction": "Left"
        },
        {
            "type": "Deploy",
            "name": "临光",
            "location": [
                6,
                6
            ],
            "direction": "Up"
        },
        {
            "type": "Output",
            "doc_color": "#6f42c1",
            "doc": "给个好评吧，亲~"
        }
    ],
    "doc": {
        "title": "临光模组摆完挂机-改良骑士盾牌",
        "details": "统计日期：2024-05-25\n好评率：100.0%  浏览量：399\n来源：作业代传——有问题联系原作者  ID：20918\n侬无言以对模组任务摆完挂机合集:BV1wU4y177Qu\n3星通关主题曲1-12；必须编入非助战临光并上场，且所有干员不被击倒\n筱竹聽雨"
    },
    "groups": [],
    "opers": [
        {
            "name": "能天使",
            "skill": 1,
            "skill_usage": 0
        },
        {
            "name": "临光",
            "skill": 1,
            "skill_usage": 0
        }
    ],
    "stage_name": "main_01-12"
}