{
    "minimum_required": "v4.0.0",
    "stage_name": "main_01-01",
    "actions": [
        {
            "type": "SpeedUp"
        },
        {
            "type": "Deploy",
            "name": "芬",
            "location": [
                5,
                3
            ],
            "direction": "Left"
        },
        {
            "type": "Deploy",
            "name": "安德切尔",
            "location": [
                6,
                4
            ],
            "direction": "Left"
        },
        {
            "type": "Deploy",
            "name": "安赛尔",
            "location": [
                5,
                2
            ],
            "direction": "Down"
        },
        {
            "type": "Deploy",
            "name": "炎熔",
            "location": [
                4,
                4
            ],
            "direction": "Right"
        },
        {
            "type": "Deploy",
            "name": "黑角",
            "location": [
                6,
                3
            ],
            "direction": "Left"
        },
        {
            "type": "Deploy",
            "name": "米格鲁",
            "location": [
                5,
                4
            ],
            "direction": "Up"
        },
        {
            "type": "Deploy",
            "name": "芙蓉",
            "location": [
                7,
                4
            ],
            "direction": "Left"
        },
        {
            "type": "Deploy",
            "name": "阿米娅",
            "location": [
                6,
                2
            ],
            "direction": "Left"
        },
        {
            "type": "Skill",
            "name": "炎熔",
            "location": [
                4,
                4
            ],
            "kills": 27
        },
        {
            "type": "Skill",
            "name": "米格鲁",
            "location": [
                5,
                4
            ],
            "kills": 28,
            "pre_delay": 500
        },
        {
            "type": "Skill",
            "name": "阿米娅",
            "location": [
                6,
                2
            ],
            "cooling": 30
        }
    ],
    "doc": {
        "title": "第一章 黑暗时代·下 - 1-1 - 孤岛",
        "details": "统计日期：2024-06-01\n好评率：100.0%  浏览量：129\n来源：APCHE  ID：28083\nhttps://www.bilibili.com/video/BV1G4411t7rV?p=19&vd_source=c785c4e3ab8def8d8ad6e69b520e6a9f"
    },
    "groups": [],
    "opers": [
        {
            "name": "阿米娅",
            "skill": 1,
            "skill_usage": 0
        },
        {
            "name": "米格鲁",
            "skill": 1,
            "skill_usage": 0
        },
        {
            "name": "黑角",
            "skill": 1,
            "skill_usage": 0
        },
        {
            "name": "巡林者",
            "skill": 1,
            "skill_usage": 0
        },
        {
            "name": "芙蓉",
            "skill": 1,
            "skill_usage": 0
        },
        {
            "name": "安德切尔",
            "skill": 1,
            "skill_usage": 0
        },
        {
            "name": "玫兰莎",
            "skill": 1,
            "skill_usage": 0
        },
        {
            "name": "杰西卡",
            "skill": 1,
            "skill_usage": 0
        },
        {
            "name": "芬",
            "skill": 1,
            "skill_usage": 0
        },
        {
            "name": "翎羽",
            "skill": 1,
            "skill_usage": 0
        },
        {
            "name": "安赛尔",
            "skill": 1,
            "skill_usage": 0
        },
        {
            "name": "炎熔",
            "skill": 1,
            "skill_usage": 0
        }
    ],
    "difficulty": 1
}