{
    "minimum_required": "v4.0.0",
    "stage_name": "main_01-01",
    "actions": [
        {
            "type": "Deploy",
            "name": "翎羽",
            "location": [
                5,
                3
            ],
            "direction": "Left"
        },
        {
            "type": "Deploy",
            "name": "芬",
            "location": [
                4,
                2
            ],
            "direction": "Up"
        },
        {
            "type": "Deploy",
            "name": "克洛丝",
            "location": [
                5,
                2
            ],
            "direction": "Left"
        },
        {
            "type": "Deploy",
            "name": "杰西卡",
            "location": [
                4,
                4
            ],
            "direction": "Up"
        },
        {
            "type": "Deploy",
            "name": "杜宾",
            "location": [
                7,
                3
            ],
            "direction": "Left"
        },
        {
            "type": "Deploy",
            "name": "米格鲁",
            "location": [
                6,
                3
            ],
            "direction": "Left"
        },
        {
            "type": "Deploy",
            "name": "阿米娅",
            "location": [
                6,
                2
            ],
            "direction": "Left"
        },
        {
            "type": "Deploy",
            "name": "炎熔",
            "location": [
                6,
                4
            ],
            "direction": "Left"
        }
    ],
    "doc": {
        "title": "第一章 黑暗时代·下 - 1-1 - 孤岛",
        "details": "作业更新日期: 2024-11-03T15:30:45Z\n统计更新日期: 2024-11-30\n好评率：100.0%  浏览量：25\n来源：pallllaabotss  ID：43164\n第一章 黑暗时代·下 - 1-1 - 孤岛"
    },
    "groups": [],
    "opers": [
        {
            "name": "翎羽",
            "skill": 1,
            "skill_usage": 0
        },
        {
            "name": "芬",
            "skill": 1,
            "skill_usage": 0
        },
        {
            "name": "克洛丝",
            "skill": 1,
            "skill_usage": 0
        },
        {
            "name": "杰西卡",
            "skill": 1,
            "skill_usage": 0
        },
        {
            "name": "米格鲁",
            "skill": 1,
            "skill_usage": 0
        },
        {
            "name": "阿米娅",
            "skill": 1,
            "skill_usage": 0
        },
        {
            "name": "炎熔",
            "skill": 1,
            "skill_usage": 0
        },
        {
            "name": "杜宾",
            "skill": 1,
            "skill_usage": 0
        }
    ],
    "difficulty": 0
}