{
    "minimum_required": "v4.0.0",
    "stage_name": "main_01-04",
    "actions": [
        {
            "type": "SpeedUp"
        },
        {
            "type": "Deploy",
            "name": "翎羽",
            "location": [
                4,
                3
            ],
            "direction": "Right"
        },
        {
            "type": "Deploy",
            "name": "杰西卡",
            "location": [
                5,
                5
            ],
            "direction": "Up"
        },
        {
            "type": "Deploy",
            "name": "芬",
            "location": [
                4,
                2
            ],
            "direction": "Right"
        },
        {
            "type": "Deploy",
            "name": "黑角",
            "location": [
                4,
                4
            ],
            "direction": "Right"
        },
        {
            "type": "Deploy",
            "name": "安德切尔",
            "location": [
                5,
                1
            ],
            "direction": "Down"
        },
        {
            "type": "Deploy",
            "name": "芙蓉",
            "location": [
                4,
                5
            ],
            "direction": "Up"
        },
        {
            "type": "Deploy",
            "name": "阿米娅",
            "location": [
                4,
                1
            ],
            "direction": "Down"
        },
        {
            "type": "Retreat",
            "name": "翎羽",
            "location": [
                4,
                3
            ],
            "kills": 17
        },
        {
            "type": "Deploy",
            "name": "米格鲁",
            "location": [
                4,
                3
            ],
            "direction": "Right"
        },
        {
            "type": "Skill",
            "name": "阿米娅",
            "location": [
                4,
                1
            ],
            "kills": 29
        },
        {
            "type": "Skill",
            "name": "安德切尔",
            "location": [
                5,
                1
            ],
            "kills": 34
        },
        {
            "type": "Skill",
            "name": "米格鲁",
            "location": [
                4,
                3
            ],
            "kills": 37
        },
        {
            "type": "Skill",
            "name": "芙蓉",
            "location": [
                4,
                5
            ]
        }
    ],
    "doc": {
        "title": "第一章 黑暗时代·下 - 1-4 - 先兆 - 普通",
        "details": "统计日期：2024-05-31\n好评率：100.0%  浏览量：278\n来源：_ 蘿卜卜  ID：22510\nBV1v8411Y7ed\nup：AnJek\n视频练度：全员10级\n后续作业搜索建议：标题“第一章”，关卡“1-X”"
    },
    "groups": [],
    "opers": [
        {
            "name": "阿米娅",
            "skill": 1,
            "skill_usage": 0
        },
        {
            "name": "杰西卡",
            "skill": 1,
            "skill_usage": 0
        },
        {
            "name": "芬",
            "skill": 1,
            "skill_usage": 0
        },
        {
            "name": "翎羽",
            "skill": 1,
            "skill_usage": 2
        },
        {
            "name": "米格鲁",
            "skill": 1,
            "skill_usage": 0
        },
        {
            "name": "黑角",
            "skill": 1,
            "skill_usage": 0
        },
        {
            "name": "安德切尔",
            "skill": 1,
            "skill_usage": 0
        },
        {
            "name": "芙蓉",
            "skill": 1,
            "skill_usage": 0
        }
    ],
    "difficulty": 1
}