{
    "minimum_required": "v4.0.0",
    "stage_name": "main_01-05",
    "actions": [
        {
            "type": "SpeedUp"
        },
        {
            "type": "Deploy",
            "name": "拉普兰德",
            "location": [
                4,
                3
            ],
            "direction": "Right"
        },
        {
            "type": "Deploy",
            "name": "煌",
            "location": [
                5,
                5
            ],
            "direction": "Up"
        },
        {
            "type": "Deploy",
            "name": "伊芙利特",
            "location": [
                5,
                1
            ],
            "direction": "Down"
        }
    ],
    "doc": {
        "title": "第一章 黑暗时代·下 - 1-5 - 麻痹（伊芙利特模组）",
        "details": "统计日期：2024-05-31\n好评率：97.78%  浏览量：2151\n来源：Chiho  ID：27970\nup:侬无言以对\nlink:【【明日方舟】伊芙利特模组任务摆完挂机】 https://www.bilibili.com/video/BV1XL411C7TR/?share_source=copy_web&vd_source=dcc7ddeba31e59bccd51d29a07ff1565\n精二60"
    },
    "groups": [],
    "opers": [
        {
            "name": "伊芙利特",
            "skill": 2,
            "skill_usage": 0
        },
        {
            "name": "煌",
            "skill": 2,
            "skill_usage": 0
        },
        {
            "name": "拉普兰德",
            "skill": 2,
            "skill_usage": 0
        }
    ]
}