{
    "minimum_required": "v4.0.0",
    "stage_name": "main_01-07",
    "actions": [
        {
            "type": "Deploy",
            "name": "能天使",
            "location": [
                7,
                2
            ],
            "direction": "Right",
            "costs": 16
        },
        {
            "type": "SpeedUp"
        },
        {
            "type": "Deploy",
            "costs": 9,
            "name": "克洛丝",
            "location": [
                7,
                4
            ],
            "direction": "Right"
        },
        {
            "type": "SkillDaemon"
        }
    ],
    "doc": {
        "title": "1-7速刷",
        "details": "统计日期：2024-05-31\n好评率：89.29%  浏览量：1223\n来源：阿拉拉拉  ID：23784\nup：星宮夜響 视频链接：https://www.bilibili.com/video/BV1T84y1L7Kq/?spm_id_from=333.337.search-card.all.click&vd_source=d96c5431059e9a1d0fcf0385526d6057\n能天使要求高，视频评论区里最低能天使精2 30级 3技能专1，不行的话建议精2 60级专3模组等级3\n"
    },
    "groups": [],
    "opers": [
        {
            "name": "能天使",
            "skill": 3,
            "skill_usage": 0
        },
        {
            "name": "克洛丝",
            "skill": 1,
            "skill_usage": 0
        }
    ]
}