{
    "minimum_required": "v4.0.0",
    "stage_name": "mem_flower_1",
    "actions": [
        {
            "type": "Deploy",
            "name": "贾维",
            "location": [
                3,
                2
            ],
            "direction": "Left"
        },
        {
            "type": "Deploy",
            "name": "德克萨斯",
            "location": [
                2,
                4
            ],
            "direction": "Up"
        },
        {
            "type": "BulletTime",
            "costs": 7
        },
        {
            "type": "Skill",
            "name": "贾维",
            "location": [
                3,
                2
            ]
        },
        {
            "type": "Deploy",
            "name": "调香师",
            "location": [
                8,
                3
            ],
            "direction": "Left"
        },
        {
            "type": "BulletTime"
        },
        {
            "type": "Skill",
            "name": "德克萨斯",
            "location": [
                2,
                4
            ]
        },
        {
            "type": "Deploy",
            "name": "布洛卡",
            "location": [
                6,
                3
            ],
            "direction": "Left"
        },
        {
            "type": "Deploy",
            "name": "米格鲁",
            "location": [
                5,
                4
            ],
            "direction": "Up"
        },
        {
            "type": "BulletTime",
            "costs": 21
        },
        {
            "type": "Skill",
            "name": "贾维",
            "location": [
                3,
                2
            ]
        },
        {
            "type": "Deploy",
            "name": "送葬人",
            "location": [
                7,
                3
            ],
            "direction": "Left"
        },
        {
            "type": "Skill",
            "name": "布洛卡",
            "location": [
                6,
                3
            ]
        },
        {
            "type": "SpeedUp"
        },
        {
            "type": "SkillUsage",
            "name": "贾维",
            "skill_usage": 1
        },
        {
            "type": "SkillUsage",
            "name": "德克萨斯",
            "skill_usage": 1
        },
        {
            "type": "Skill",
            "name": "布洛卡",
            "location": [
                6,
                3
            ],
            "kills": 32
        },
        {
            "type": "Skill",
            "name": "送葬人",
            "location": [
                7,
                3
            ],
            "kills": 33
        }
    ],
    "doc": {
        "title": "调香师悖论模拟",
        "details": "——————————\n作业更新日期: 2023-08-16T10:44:19Z\n统计更新日期: 2025-06-17\n好评率：96.2%  浏览量：4474\n来源：fantuan  ID：22399\n——————————\n（不要求调香师技能，因为不用开）\n\n十分玄幻的一份作业，改进了十几次最后还是只能压缩到这几步。（如果代理失败的话请不要着急，多试几次）\n\n！！！！！本作业十分费时间，基本上前半部分全程一倍速和子弹时间！！！！！！\n\n（练度要求不清楚，制作作业的时候我的练度是精二50级满潜，理论上应该就算是20级也能过）"
    },
    "groups": [],
    "opers": [
        {
            "name": "调香师",
            "skill": 1,
            "skill_usage": 0
        }
    ]
}