{
    "minimum_required": "v4.0.0",
    "stage_name": "mem_silent_1",
    "actions": [
        {
            "type": "SpeedUp"
        },
        {
            "type": "Deploy",
            "name": "赫默",
            "location": [
                5,
                2
            ],
            "direction": "Down"
        },
        {
            "type": "Skill",
            "location": [
                6,
                4
            ],
            "costs": 14
        },
        {
            "type": "Deploy",
            "name": "布洛卡",
            "location": [
                4,
                3
            ],
            "direction": "Left"
        },
        {
            "type": "Deploy",
            "name": "医疗探机",
            "location": [
                1,
                1
            ],
            "direction": "None",
            "costs": 12
        },
        {
            "type": "Deploy",
            "name": "幽灵鲨",
            "location": [
                4,
                5
            ],
            "direction": "Left"
        },
        {
            "type": "Deploy",
            "name": "古米",
            "location": [
                4,
                4
            ],
            "direction": "Left"
        },
        {
            "type": "Deploy",
            "name": "医疗探机",
            "location": [
                1,
                1
            ],
            "direction": "None",
            "costs": 5
        },
        {
            "type": "Skill",
            "location": [
                6,
                4
            ],
            "costs": 25
        },
        {
            "type": "Deploy",
            "name": "医疗探机",
            "location": [
                1,
                1
            ],
            "costs": 60,
            "direction": "None"
        },
        {
            "type": "Skill",
            "location": [
                4,
                3
            ],
            "costs": 61
        },
        {
            "type": "SkillDaemon"
        }
    ],
    "doc": {
        "title": "赫默 - 悖论模拟 - 医疗 - 赫默 - 全域救护",
        "details": "——————————\n作业更新日期: 2025-05-04T03:22:41Z\n统计更新日期: 2025-06-17\n好评率：100.0%  浏览量：481\n来源：焕彩gg  ID：52237\n——————————\nB站ID：焕彩GG 主页：https://space.bilibili.com/10123796\n本作业已开启截图增强\n求关注。"
    },
    "groups": [],
    "opers": [
        {
            "name": "赫默",
            "skill": 2,
            "skill_usage": 0
        }
    ]
}