{
  "minimum_required": "v4.0.0",
  "actions": [
    {
      "type": "SpeedUp"
    },
    {
      "type": "Deploy",
      "name": "障碍物",
      "location": [
        7,
        2
      ],
      "direction": "None"
    },
    {
      "type": "Deploy",
      "name": "战车",
      "location": [
        1,
        3
      ],
      "direction": "Up"
    },
    {
      "type": "Deploy",
      "name": "泥岩",
      "location": [
        1,
        2
      ],
      "direction": "Up"
    },
    {
      "type": "Output",
      "doc_color": "#6f42c1",
      "doc": "给个好评吧，亲~"
    }
  ],
  "doc": {
    "title": "战车模组摆完挂机-轻机枪枪架",
    "details": "侬无言以对模组任务摆完挂机合集:BV1wU4y177Qu\n使用至多2人（包含助战）的队伍3星通关主题曲S2-3；必须编入非助战战车并上场，其他成员仅可编入重装干员\n筱竹聽雨"
  },
  "groups": [],
  "opers": [
    {
      "name": "泥岩",
      "skill": 2,
      "skill_usage": 0
    },
    {
      "name": "战车",
      "skill": 1,
      "skill_usage": 0
    }
  ],
  "stage_name": "obt/main/level_sub_02-03"
}