{
  "minimum_required": "v4.0.0",
  "actions": [
    {
      "type": "SpeedUp"
    },
    {
      "type": "Deploy",
      "name": "煌",
      "location": [
        4,
        3
      ],
      "direction": "Right"
    },
    {
      "type": "Deploy",
      "name": "拉普兰德",
      "location": [
        5,
        2
      ],
      "direction": "Down"
    },
    {
      "type": "Deploy",
      "name": "调香师",
      "location": [
        3,
        2
      ],
      "direction": "Right"
    },
    {
      "type": "Deploy",
      "name": "银灰",
      "location": [
        4,
        2
      ],
      "direction": "Down"
    },
    {
      "type": "Output",
      "doc_color": "#6f42c1",
      "doc": "给个好评吧，亲~"
    }
  ],
  "doc": {
    "title": "调香师模组摆完挂机-“爱琴之吻”",
    "details": "侬无言以对模组任务摆完挂机合集:BV1wU4y177Qu\n3星通关主题曲3-4；且仅可编入非助战调香师1名医疗干员并上场\n筱竹聽雨"
  },
  "groups": [],
  "opers": [
    {
      "name": "调香师",
      "skill": 1,
      "skill_usage": 0
    },
    {
      "name": "煌",
      "skill": 2,
      "skill_usage": 0
    },
    {
      "name": "拉普兰德",
      "skill": 2,
      "skill_usage": 0
    },
    {
      "name": "银灰",
      "skill": 1,
      "skill_usage": 0
    }
  ],
  "stage_name": "obt/main/level_main_03-04"
}