{
    "minimum_required": "v4.0.0",
    "stage_name": "tough_12-17",
    "actions": [
        {
            "type": "BulletTime"
        },
        {
            "type": "Deploy",
            "name": "玛恩纳",
            "location": [
                7,
                5
            ],
            "direction": "Right"
        },
        {
            "type": "Deploy",
            "name": "医疗",
            "location": [
                6,
                5
            ],
            "direction": "Right"
        },
        {
            "type": "BulletTime",
            "doc": "子弹时间中，保证立刻开技能",
            "doc_color": "Gray"
        },
        {
            "type": "Skill",
            "name": "玛恩纳"
        },
        {
            "type": "Deploy",
            "name": "棘刺",
            "location": [
                4,
                3
            ],
            "direction": "Right"
        },
        {
            "type": "SpeedUp"
        },
        {
            "type": "Deploy",
            "name": "能天使",
            "location": [
                2,
                2
            ],
            "direction": "Up",
            "cost_changes": 0,
            "doc": "能天使好像需要卡个轴，但是轴对不上也能过，需要能天使有模组，就是有点极限",
            "doc_color": "Gray"
        },
        {
            "type": "Deploy",
            "name": "塞雷娅",
            "location": [
                4,
                4
            ],
            "direction": "Right"
        },
        {
            "type": "Deploy",
            "name": "风笛",
            "location": [
                9,
                6
            ],
            "direction": "Right"
        },
        {
            "type": "Deploy",
            "name": "山",
            "location": [
                8,
                5
            ],
            "direction": "Up"
        },
        {
            "type": "Deploy",
            "name": "艾雅法拉",
            "location": [
                5,
                6
            ],
            "direction": "Up"
        },
        {
            "type": "Skill",
            "kills": 7,
            "name": "玛恩纳"
        },
        {
            "type": "SkillDaemon"
        }
    ],
    "doc": {
        "title": "第十二章 惊霆无声 - 12-19（磨难） - 飞跃，烟火 小羊无模组版",
        "details": "统计日期：2024-05-11\n好评率：94.03%  浏览量：3524\n来源：RS激昂  ID：22445\n磨难12-19 看到上个攻略评价略低所以找了个不需要小羊模组的作业\n攻略作者：夜不成寐_ 作业视频播放很少，作业好用请记得去捧捧场\nhttps://www.bilibili.com/video/BV1vc411W7mZ/\n练度2603，刚需专三叔叔，不然可能技能转不过来，没有建议借一个\n萧然作业似乎需要小羊3级模组，找了个不需要小羊模组的作业\n建议开自动编队先演习一遍，然后再上满蹭信赖的干员实操\n换了一技能能天使，26032级模组能天使测试通过，不知道能天使模组影响大不大\n（为什么开局子弹时间不管用啊啊啊）"
    },
    "groups": [
        {
            "name": "医疗",
            "opers": [
                {
                    "name": "闪灵",
                    "skill": 2,
                    "skill_usage": 0
                },
                {
                    "name": "赫默",
                    "skill": 2,
                    "skill_usage": 0
                },
                {
                    "name": "华法琳",
                    "skill": 1,
                    "skill_usage": 0
                }
            ]
        }
    ],
    "opers": [
        {
            "name": "玛恩纳",
            "skill": 3,
            "skill_usage": 0
        },
        {
            "name": "风笛",
            "skill": 2,
            "skill_usage": 0
        },
        {
            "name": "艾雅法拉",
            "skill": 2,
            "skill_usage": 0
        },
        {
            "name": "棘刺",
            "skill": 3,
            "skill_usage": 1
        },
        {
            "name": "山",
            "skill": 2,
            "skill_usage": 2
        },
        {
            "name": "能天使",
            "skill": 1,
            "skill_usage": 0
        },
        {
            "name": "塞雷娅",
            "skill": 1,
            "skill_usage": 0
        }
    ]
}