{
    "minimum_required": "v4.0.0",
    "stage_name": "mem_bluep_1",
    "actions": [
        {
            "type": "SpeedUp"
        },
        {
            "type": "Deploy",
            "name": "克洛丝",
            "location": [
                3,
                3
            ],
            "direction": "Right"
        },
        {
            "type": "Deploy",
            "name": "蓝毒",
            "location": [
                7,
                3
            ],
            "direction": "Left"
        },
        {
            "type": "SkillDaemon"
        }
    ],
    "doc": {
        "title": "【倾九】狙击 - 蓝毒 - 渗骨毒液",
        "details": "作业更新日期: 2023-05-10T02:20:20Z\n统计更新日期: 2024-08-03\n好评率：92.19%  浏览量：1357\n来源：status102  ID：23252\nhttps://www.bilibili.com/video/BV1C3411F7CV/\n无需专精，后台挂机可能会失败"
    },
    "groups": [],
    "opers": [
        {
            "name": "蓝毒",
            "skill": 2,
            "skill_usage": 1
        }
    ]
}