{
    "minimum_required": "v4.0.0",
    "stage_name": "act1vecb_sp05",
    "actions": [
        {
            "type": "Deploy",
            "name": "佩佩",
            "location": [
                5,
                3
            ],
            "direction": "Down"
        },
        {
            "type": "SpeedUp"
        },
        {
            "type": "Skill",
            "name": "佩佩",
            "costs": 33
        }
    ],
    "doc": {
        "title": "VEC-SP05 - 伙友之影",
        "details": "作业更新日期: 2024-10-03T02:37:10Z\n统计更新日期: 2024-10-09\n好评率：81.13%  浏览量：6154\n来源：一只摆烂的42  ID：41909\n\nMAA版本v5.7.0-beta.2以上才可使用\n需点开选人界面再开始\n原视频：https://www.bilibili.com/video/BV1Ko45eLEMf/\n佩佩\n无需专精\n制作者：一只摆烂的42\n有问题联系QQ2586582719\n修改自用请删除我的QQ"
    },
    "groups": [],
    "opers": [
        {
            "name": "佩佩",
            "skill": 3,
            "skill_usage": 0
        }
    ]
}