{
    "minimum_required": "v4.0.0",
    "stage_name": "act1vecb_sp06",
    "actions": [
        {
            "type": "Deploy",
            "name": "刻俄柏",
            "location": [
                5,
                3
            ],
            "direction": "Right"
        },
        {
            "type": "SpeedUp"
        },
        {
            "type": "Skill",
            "name": "刻俄柏",
            "costs": 22
        }
    ],
    "doc": {
        "title": "VEC-SP06 - 酒厂英豪",
        "details": "作业更新日期: 2024-10-03T02:36:55Z\n统计更新日期: 2024-10-09\n好评率：100.0%  浏览量：1988\n来源：一只摆烂的42  ID：41911\n\nMAA版本v5.7.0-beta.2以上才可使用\n需点开选人界面再开始\n原视频：https://www.bilibili.com/video/BV1Db4LepEwk/\n刻俄柏\n制作者：一只摆烂的42\n有问题联系QQ2586582719\n修改自用请删除我的QQ"
    },
    "groups": [],
    "opers": [
        {
            "name": "刻俄柏",
            "skill": 2,
            "skill_usage": 0
        }
    ]
}