{
    "minimum_required": "v4.0.0",
    "stage_name": "act1vecb_sp06",
    "actions": [
        {
            "type": "Deploy",
            "name": "艾雅法拉",
            "location": [
                6,
                3
            ],
            "direction": "Right"
        },
        {
            "type": "SpeedUp"
        },
        {
            "type": "SpeedUp",
            "costs": 20
        },
        {
            "type": "Skill",
            "name": "艾雅法拉",
            "costs": 23
        },
        {
            "type": "SpeedUp"
        },
        {
            "type": "SkillDaemon"
        }
    ],
    "doc": {
        "title": "MAA版本5.7.0 beta2以上可用",
        "details": "作业更新日期: 2024-10-02T23:56:22Z\n统计更新日期: 2024-10-09\n好评率：93.55%  浏览量：2084\n来源：萨拉托加  ID：41899\n\nMAA版本5.7.0 beta2以上可用\n原作者萧然Q JSON作者萨拉托加\n作业交流群群号1003478193，可蹲作业，有问题进群找我，作业站消息没提醒看不到\n【【矢量突破】摆完挂机 简单好抄】 https://www.bilibili.com/video/BV1RrsoeBEfP/?share_source=copy_web&vd_source=3fd5040fe25f6a00e19e6072bcccfa4e"
    },
    "groups": [],
    "opers": [
        {
            "name": "艾雅法拉",
            "skill": 3,
            "skill_usage": 0
        }
    ]
}