{
    "minimum_required": "v4.0.0",
    "stage_name": "act1vecb_sp07",
    "actions": [
        {
            "type": "Deploy",
            "name": "史尔特尔",
            "location": [
                3,
                3
            ],
            "direction": "Up",
            "costs": 21
        },
        {
            "type": "Deploy",
            "name": "麒麟R夜刀",
            "location": [
                1,
                1
            ],
            "direction": "Up",
            "cost_changes": 10
        },
        {
            "type": "SpeedUp"
        },
        {
            "type": "SkillDaemon"
        }
    ],
    "doc": {
        "title": "MAA版本5.7.0 beta2以上可用 打法1",
        "details": "作业更新日期: 2024-10-03T01:00:08Z\n统计更新日期: 2024-10-09\n好评率：86.67%  浏览量：1417\n来源：萨拉托加  ID：41900\n\nMAA版本5.7.0 beta2以上可用 打法1\nJSON作者萨拉托加\n作业交流群群号1003478193，可蹲作业，有问题进群找我，作业站消息没提醒看不到"
    },
    "groups": [],
    "opers": [
        {
            "skill_times": 1,
            "name": "史尔特尔",
            "skill": 3,
            "skill_usage": 2
        },
        {
            "name": "麒麟R夜刀",
            "skill": 2,
            "skill_usage": 0
        }
    ]
}