{
    "minimum_required": "v4.0.0",
    "stage_name": "tough_14-10",
    "actions": [
        {
            "type": "SpeedUp"
        },
        {
            "type": "Deploy",
            "name": "桃金娘",
            "location": [
                10,
                2
            ],
            "direction": "Left"
        },
        {
            "type": "Deploy",
            "name": "纯烬艾雅法拉",
            "location": [
                8,
                5
            ],
            "direction": "Up"
        },
        {
            "type": "Deploy",
            "name": "煌",
            "location": [
                10,
                4
            ],
            "direction": "Left"
        },
        {
            "type": "Deploy",
            "name": "伊芙利特",
            "location": [
                9,
                1
            ],
            "direction": "Down"
        },
        {
            "type": "Retreat",
            "name": "桃金娘",
            "location": [
                10,
                2
            ]
        },
        {
            "type": "Deploy",
            "name": "塞雷娅",
            "location": [
                10,
                2
            ],
            "direction": "Left"
        },
        {
            "type": "Deploy",
            "name": "水月",
            "location": [
                10,
                3
            ],
            "direction": "Left"
        },
        {
            "type": "SkillDaemon"
        }
    ],
    "doc": {
        "title": "第十四章 慈悲灯塔 - 14-11（磨难） - 所谓“英雄”",
        "details": "统计日期：2024-05-24\n好评率：94.92%  浏览量：3520\n来源：1937879212@qq.com  ID：36721\nhttps://www.bilibili.com/video/BV1pT421X7Ng/?spm_id_from=333.337.search-card.all.click&vd_source=90e612f08089afb928a1a33acafa836a"
    },
    "groups": [],
    "opers": [
        {
            "name": "桃金娘",
            "skill": 1,
            "skill_usage": 1
        },
        {
            "name": "煌",
            "skill": 2,
            "skill_usage": 0
        },
        {
            "name": "纯烬艾雅法拉",
            "skill": 1,
            "skill_usage": 0
        },
        {
            "name": "塞雷娅",
            "skill": 1,
            "skill_usage": 0
        },
        {
            "name": "伊芙利特",
            "skill": 2,
            "skill_usage": 0
        },
        {
            "name": "水月",
            "skill": 1,
            "skill_usage": 0
        }
    ]
}