{
    "minimum_required": "v4.0.0",
    "stage_name": "tough_14-02",
    "actions": [
        {
            "type": "SpeedUp"
        },
        {
            "type": "Deploy",
            "name": "塞雷娅",
            "location": [
                5,
                6
            ],
            "direction": "Up"
        },
        {
            "type": "Deploy",
            "name": "伊芙利特",
            "location": [
                3,
                5
            ],
            "direction": "Right"
        },
        {
            "type": "Deploy",
            "name": "米格鲁",
            "location": [
                4,
                6
            ],
            "direction": "Up"
        }
    ],
    "doc": {
        "title": "第十四章 慈悲灯塔 - 14-3（磨难） - 破解锤砧战术",
        "details": "统计日期：2024-05-24\n好评率：90.38%  浏览量：1158\n来源：Dr_MO  ID：36658\n第十四章 慈悲灯塔 - 14-3（磨难） - 破解锤砧战术"
    },
    "groups": [],
    "opers": [
        {
            "name": "塞雷娅",
            "skill": 1,
            "skill_usage": 0
        },
        {
            "name": "米格鲁",
            "skill": 1,
            "skill_usage": 1
        },
        {
            "name": "伊芙利特",
            "skill": 2,
            "skill_usage": 0
        }
    ]
}