{
    "actions": [
        {
            "type": "二倍速"
        },
        {
            "type": "部署",
            "name": "煌",
            "location": [
                7,
                6
            ],
            "direction": "上"
        },
        {
            "type": "摆完挂机"
        }
    ],
    "stage_name": "act12side_01",
    "doc": {
        "title": "DH-1",
        "details": "推荐练度精二60专3\n为黄金大队懒人挂机攻略\n参考b站up主萧然Q的视频"
    },
    "opers": [
        {
            "name": "煌",
            "skill": 2,
            "skill_usage": 1
        }
    ]
}