{
    "actions": [
        {
            "type": "二倍速"
        },
        {
            "type": "部署",
            "name": "煌",
            "location": [
                4,
                5
            ],
            "direction": "右"
        },
        {
            "type": "部署",
            "name": "塞雷娅",
            "location": [
                7,
                5
            ],
            "direction": "左"
        }
    ],
    "stage_name": "act12side_ex01",
    "doc": {
        "title": "DH-EX-1",
        "details": "推荐练度精二60专3\n为黄金大队懒人挂机攻略\n参考b站up主萧然Q的视频\n收藏品：多索雷斯游客章；马可伯伯仙人掌饼；大帽子老哥卷饼；道格牌密封胶"
    },
    "opers": [
        {
            "name": "煌",
            "skill": 2,
            "skill_usage": 1
        },
        {
            "name": "塞雷娅",
            "skill": 1,
            "skill_usage": 1
        }
    ]
}