{
    "minimum_required": "v4.0.0",
    "stage_name": "mem_hibisc_1",
    "actions": [
        {
            "type": "SpeedUp"
        },
        {
            "type": "Deploy",
            "name": "米格鲁",
            "location": [
                3,
                3
            ],
            "direction": "Right",
            "pre_delay": 1000
        },
        {
            "type": "Deploy",
            "name": "芙蓉",
            "location": [
                1,
                2
            ],
            "direction": "Right"
        },
        {
            "type": "Skill",
            "location": [
                1,
                2
            ],
            "kills": 7,
            "name": "芙蓉",
            "pre_delay": 3000
        },
        {
            "type": "Skill",
            "name": "震撼装置",
            "location": [
                5,
                3
            ],
            "kills": 14
        },
        {
            "type": "Skill",
            "location": [
                1,
                2
            ],
            "name": "芙蓉",
            "pre_delay": 2750
        },
        {
            "type": "Skill",
            "name": "米格鲁",
            "location": [
                3,
                3
            ],
            "kills": 22
        },
        {
            "type": "Skill",
            "location": [
                1,
                2
            ],
            "kills": 26,
            "name": "芙蓉",
            "pre_delay": 3000
        }
    ],
    "doc": {
        "title": "医疗 - 芙蓉 - “持续关注”",
        "details": "作业更新日期: 2024-03-23T13:31:52Z\n统计更新日期: 2024-11-24\n好评率：95.92%  浏览量：2932\n来源：无忧无虑啦  ID：27484\n医疗 - 芙蓉 - “持续关注”\n芙蓉满级，技能7级，稳定过\n有问题群找\"无忧无虑啦\"\n"
    },
    "groups": [],
    "opers": [
        {
            "name": "芙蓉",
            "skill": 1,
            "skill_usage": 0
        },
        {
            "name": "米格鲁",
            "skill": 1,
            "skill_usage": 0
        }
    ]
}