{
    "minimum_required": "v4.0.0",
    "stage_name": "mem_greyy2_1",
    "actions": [
        {
            "type": "SpeedUp"
        },
        {
            "type": "Deploy",
            "name": "承曦格雷伊",
            "location": [
                2,
                3
            ],
            "direction": "Right",
            "costs": 25
        },
        {
            "type": "Deploy",
            "name": "克洛丝",
            "location": [
                8,
                5
            ],
            "direction": "Up",
            "costs": 10
        },
        {
            "type": "Deploy",
            "name": "蜜莓",
            "location": [
                1,
                3
            ],
            "direction": "Right",
            "cost_changes": 15
        },
        {
            "type": "Skill",
            "name": "承曦格雷伊",
            "location": [
                2,
                3
            ],
            "kills": 24
        },
        {
            "type": "Skill",
            "name": "承曦格雷伊",
            "kills": 66,
            "location": [
                2,
                3
            ]
        },
        {
            "type": "Skill",
            "name": "承曦格雷伊",
            "location": [
                2,
                3
            ],
            "pre_delay": 5000
        },
        {
            "type": "Skill",
            "name": "承曦格雷伊",
            "location": [
                2,
                3
            ],
            "pre_delay": 10000
        }
    ],
    "doc": {
        "title": "承曦格雷伊 悖论模拟",
        "details": "——————————\n作业更新日期: 2025-02-14T15:31:33Z\n统计更新日期: 2025-08-30\n相对评分：94.25%  相对热度：87.66000000000001%\n来源：游梦喵Zzz  ID：47093\n——————————\n小电狗，我的小电狗\n【【明日方舟】承曦格雷伊这悖论模拟就nm离谱...】 https://www.bilibili.com/video/BV1zu411L7bT/?share_source=copy_web&vd_source=a9e75c7f68d71051faf501f923d9d329\njson作者：喵师傅"
    },
    "groups": [],
    "opers": [
        {
            "name": "克洛丝"
        },
        {
            "name": "承曦格雷伊",
            "skill": 2,
            "skill_usage": 0
        },
        {
            "name": "蜜莓"
        }
    ]
}