{
    "minimum_required": "v4.0.0",
    "stage_name": "tough_14-07",
    "actions": [
        {
            "type": "Deploy",
            "name": "艾雅法拉",
            "location": [
                10,
                3
            ],
            "direction": "Left"
        },
        {
            "type": "Deploy",
            "name": "推人特种",
            "location": [
                10,
                4
            ],
            "direction": "Left"
        },
        {
            "type": "Deploy",
            "name": "枯朽祭坛",
            "location": [
                8,
                4
            ],
            "direction": "None"
        },
        {
            "type": "SpeedUp"
        },
        {
            "type": "Deploy",
            "name": "奶盾",
            "location": [
                9,
                1
            ],
            "direction": "Down"
        },
        {
            "type": "Deploy",
            "name": "山",
            "location": [
                9,
                2
            ],
            "direction": "Down"
        },
        {
            "type": "SkillDaemon"
        }
    ],
    "doc": {
        "title": "第十四章 慈悲灯塔 - 14-8（磨难） - 抵近支援作战",
        "details": "统计日期：2024-05-17\n好评率：98.67%  浏览量：8501\n来源：次元的小卡拉米  ID：36716\nhttps://www.bilibili.com/video/BV1nf421S7wN/?spm_id_from=333.337\n"
    },
    "groups": [
        {
            "name": "奶盾",
            "opers": [
                {
                    "name": "塞雷娅",
                    "skill": 1,
                    "skill_usage": 0
                },
                {
                    "name": "黍",
                    "skill": 1,
                    "skill_usage": 0
                }
            ]
        },
        {
            "name": "推人特种",
            "opers": [
                {
                    "name": "阿消",
                    "skill": 1,
                    "skill_usage": 0
                }
            ]
        }
    ],
    "opers": [
        {
            "name": "艾雅法拉",
            "skill": 2,
            "skill_usage": 0
        },
        {
            "name": "山",
            "skill": 2,
            "skill_usage": 2,
            "skill_times": 1
        }
    ]
}