{
    "minimum_required": "v4.0.0",
    "stage_name": "wk_armor_5",
    "actions": [
        {
            "type": "SpeedUp"
        },
        {
            "type": "Deploy",
            "name": "暗索",
            "location": [
                7,
                2
            ],
            "direction": "Right",
            "costs": 0
        },
        {
            "type": "Deploy",
            "name": "令",
            "location": [
                6,
                4
            ],
            "direction": "Left",
            "costs": 0
        },
        {
            "type": "Deploy",
            "name": "“弦惊”",
            "location": [
                5,
                3
            ],
            "direction": "Right",
            "costs": 0
        },
        {
            "type": "Deploy",
            "name": "“弦惊”",
            "location": [
                4,
                3
            ],
            "direction": "Left",
            "costs": 0
        },
        {
            "type": "Deploy",
            "name": "“弦惊”",
            "location": [
                4,
                4
            ],
            "direction": "Up",
            "costs": 0
        },
        {
            "type": "Deploy",
            "name": "“弦惊”",
            "location": [
                5,
                4
            ],
            "direction": "Up",
            "costs": 0
        },
        {
            "type": "Deploy",
            "name": "“弦惊”",
            "location": [
                4,
                4
            ],
            "direction": "Up",
            "costs": 0
        },
        {
            "type": "Deploy",
            "name": "“弦惊”",
            "location": [
                5,
                4
            ],
            "direction": "Left",
            "costs": 0
        },
        {
            "type": "SkillDaemon"
        }
    ],
    "doc": {
        "title": "资源保障 - SK-5 - 要塞清剿",
        "details": "统计日期：2024-06-05\n好评率：100.0%  浏览量：63\n来源：xilou31  ID：37090\n资源保障 - SK-5 - 要塞清剿"
    },
    "groups": [],
    "opers": [
        {
            "name": "令",
            "skill": 3,
            "skill_usage": 1
        },
        {
            "name": "暗索",
            "skill": 1,
            "skill_usage": 1
        }
    ]
}