{
    "minimum_required": "v4.0.0",
    "stage_name": "mem_glider_1",
    "actions": [
        {
            "type": "SpeedUp",
            "kills": 0
        },
        {
            "type": "Deploy",
            "name": "克洛丝",
            "location": [
                4,
                2
            ],
            "direction": "Down"
        },
        {
            "type": "Deploy",
            "name": "空爆",
            "location": [
                5,
                2
            ],
            "direction": "Right"
        },
        {
            "type": "Deploy",
            "name": "蜜莓",
            "location": [
                4,
                4
            ],
            "direction": "Up"
        }
    ],
    "doc": {
        "title": "医疗 - 蜜莓 - 紧急救护",
        "details": "统计日期：2024-05-03\n好评率：99.3%  浏览量：3398\n来源：xf22cn@qq.com  ID：21282\n华法琳 https://www.bilibili.com/video/BV1bV4y1L7WX/\n蜜莓  精二40级  1技能7级  "
    },
    "groups": [],
    "opers": [
        {
            "name": "蜜莓",
            "skill": 1,
            "skill_usage": 0
        },
        {
            "name": "克洛丝",
            "skill": 1,
            "skill_usage": 0
        },
        {
            "name": "空爆",
            "skill": 1,
            "skill_usage": 0
        }
    ]
}