{
    "minimum_required": "v4.0.0",
    "stage_name": "mem_hbisc2_1",
    "actions": [
        {
            "type": "SpeedUp",
            "kills": 0
        },
        {
            "type": "Deploy",
            "name": "濯尘芙蓉",
            "location": [
                5,
                4
            ],
            "direction": "Up",
            "costs": 34
        },
        {
            "type": "Deploy",
            "name": "炎狱炎熔",
            "location": [
                5,
                2
            ],
            "direction": "Down",
            "kills": 3,
            "costs": 35
        },
        {
            "type": "SkillUsage",
            "kills": 6,
            "costs": 13,
            "name": "濯尘芙蓉",
            "skill_usage": 2
        },
        {
            "type": "SkillUsage",
            "name": "炎狱炎熔",
            "skill_usage": 2,
            "kills": 6,
            "costs": 16
        },
        {
            "type": "SkillUsage",
            "name": "濯尘芙蓉",
            "skill_usage": 2,
            "kills": 12,
            "costs": 42
        },
        {
            "type": "SkillUsage",
            "name": "濯尘芙蓉",
            "skill_usage": 2,
            "kills": 18,
            "costs": 72
        },
        {
            "type": "SkillUsage",
            "name": "濯尘芙蓉",
            "skill_usage": 2,
            "kills": 25,
            "costs": 48
        },
        {
            "type": "SkillUsage",
            "name": "炎狱炎熔",
            "skill_usage": 2,
            "kills": 25,
            "costs": 99
        },
        {
            "type": "SkillUsage",
            "name": "濯尘芙蓉",
            "kills": 43,
            "costs": 99,
            "skill_usage": 2
        }
    ],
    "doc": {
        "title": "濯尘芙蓉 悖论模拟",
        "details": "统计日期：2024-05-03\n好评率：65.22%  浏览量：591\n来源：霜寒花生  ID：29890\n精二五十七级技能 第一次写作业 当时抄发现没有就去写了一个"
    },
    "groups": [],
    "opers": [
        {
            "name": "濯尘芙蓉",
            "skill": 2,
            "skill_usage": 0
        },
        {
            "name": "炎狱炎熔",
            "skill": 2,
            "skill_usage": 0
        }
    ]
}