{
    "minimum_required": "v4.0.0",
    "stage_name": "act9d0_07",
    "actions": [
        {
            "type": "Deploy",
            "name": "山",
            "location": [
                4,
                1
            ],
            "direction": "Down"
        },
        {
            "type": "SpeedUp"
        },
        {
            "type": "Deploy",
            "name": "泥岩",
            "location": [
                3,
                3
            ],
            "direction": "Right"
        },
        {
            "type": "Deploy",
            "name": "W",
            "location": [
                3,
                2
            ],
            "direction": "Right"
        },
        {
            "type": "Deploy",
            "name": "纯烬艾雅法拉",
            "location": [
                2,
                2
            ],
            "direction": "Right"
        },
        {
            "type": "SkillDaemon"
        }
    ],
    "doc": {
        "title": "生于黑夜·复刻 - DM-7 - 龟裂 W模组刺棱钝刃解锁任务",
        "details": "——————————\n作业更新日期: 2024-07-17T04:12:51Z\n统计更新日期: 2025-07-29\n相对评分：74.71%  相对热度：64.2%\n来源：lingjueding  ID：39515\n——————————\nW模组任务刺棱钝刃\n条件：\n战斗中非助战W累计使用惊吓盒子10次\n3星通关插曲DM-7；必须编入非助战W并上场，且不编入特种干员\n【[明日方舟]w二模模组任务 4人摆完挂机一遍过 简单好抄】 https://www.bilibili.com/video/BV13m4y1C7sx/?share_source=copy_web&vd_source=3fd5040fe25f6a00e19e6072bcccfa4e"
    },
    "groups": [],
    "opers": [
        {
            "name": "W",
            "skill": 2,
            "skill_usage": 0
        },
        {
            "name": "山",
            "skill": 2,
            "skill_usage": 2
        },
        {
            "name": "泥岩",
            "skill": 2,
            "skill_usage": 0
        },
        {
            "name": "纯烬艾雅法拉",
            "skill": 1,
            "skill_usage": 0
        }
    ]
}