{
    "minimum_required": "v4.0.0",
    "stage_name": "main_13-14",
    "actions": [
        {
            "type": "SpeedUp"
        },
        {
            "type": "Deploy",
            "name": "逻各斯",
            "direction": "Right",
            "location": [
                3,
                3
            ]
        },
        {
            "type": "Deploy",
            "name": "塑心",
            "direction": "Down",
            "location": [
                2,
                3
            ]
        },
        {
            "type": "Deploy",
            "name": "若叶睦",
            "direction": "Left",
            "location": [
                7,
                3
            ]
        },
        {
            "type": "SkillDaemon"
        }
    ],
    "doc": {
        "title": "第十三章 恶兆湍流 - 13-16（标准） - “我们” 若叶睦y模组任务 睦的新朋友 ",
        "details": "——————————\n作业更新日期: 2025-09-04T14:22:34Z\n统计更新日期: 2025-09-15\n相对评分：67.95%  相对热度：57.64%\n来源：781963555@qq.com  ID：67271\n——————————\n【【明日方舟 模组任务】若叶睦「睦的新朋友」摆完挂机（3人3步）】 https://www.bilibili.com/video/BV1LKaDzPEB7/?share_source=copy_web&vd_source=903d1b1a534dc8c7754affe0ebbf33f6"
    },
    "groups": [],
    "opers": [
        {
            "name": "逻各斯",
            "skill": 1,
            "skill_usage": 0
        },
        {
            "name": "塑心",
            "skill": 1,
            "skill_usage": 0
        },
        {
            "name": "若叶睦",
            "skill": 2,
            "skill_usage": 1
        }
    ]
}