{
    "minimum_required": "v4.0",
    "doc": {
        "title": "H9-4 摆完挂机",
        "details": "原视频：https://www.bilibili.com/video/BV1Wk4y1h75G/\n——————\n建议带个奶或者奶盾奶一下棘刺\n——————\n制作者：一只摆烂的42\n有问题联系QQ2586582719"
    },
    "stage_name": "hard_09-04",
    "opers": [
        {
            "name": "煌",
            "skill": 2,
            "skill_usage": 0
        },
        {
            "name": "棘刺",
            "skill": 3,
            "skill_usage": 1
        },
        {
            "name": "艾雅法拉",
            "skill": 2,
            "skill_usage": 0
        },
        {
            "name": "泥岩",
            "skill": 2,
            "skill_usage": 0
        },
        {
            "name": "塞雷娅",
            "skill": 1,
            "skill_usage": 0
        }
    ],
    "actions": [
        {
            "type": "二倍速",
            "name": ""
        },
        {
            "type": "部署",
            "name": "棘刺",
            "location": [
                6,
                3
            ],
            "direction": "下"
        },
        {
            "type": "部署",
            "name": "艾雅法拉",
            "location": [
                9,
                5
            ],
            "direction": "左"
        },
        {
            "type": "部署",
            "name": "塞雷娅",
            "location": [
                10,
                5
            ],
            "direction": "左"
        },
        {
            "type": "部署",
            "name": "煌",
            "location": [
                3,
                2
            ],
            "direction": "下"
        },
        {
            "type": "部署",
            "name": "泥岩",
            "location": [
                4,
                4
            ],
            "direction": "左"
        }
    ]
}