{
  "minimum_required": "v4.0.0",
  "stage_name": "camp_r_20",
  "actions": [
    {
      "type": "Deploy",
      "name": "桃金娘",
      "location": [
        9,
        6
      ],
      "direction": "Up"
    },
    {
      "type": "Deploy",
      "name": "德克萨斯",
      "location": [
        7,
        4
      ],
      "direction": "Right"
    },
    {
      "type": "Deploy",
      "name": "艾雅法拉",
      "location": [
        7,
        7
      ],
      "direction": "Right"
    },
    {
      "type": "SpeedUp"
    },
    {
      "type": "Deploy",
      "name": "澄闪",
      "location": [
        8,
        3
      ],
      "direction": "Right"
    },
    {
      "type": "Deploy",
      "name": "歌蕾蒂娅",
      "location": [
        2,
        5
      ],
      "direction": "Down"
    },
    {
      "type": "Deploy",
      "name": "夜莺",
      "location": [
        8,
        4
      ],
      "direction": "Down"
    },
    {
      "type": "Deploy",
      "name": "煌",
      "location": [
        9,
        4
      ],
      "direction": "Right"
    },
    {
      "type": "Deploy",
      "name": "伊芙利特",
      "location": [
        6,
        6
      ],
      "direction": "Right"
    },
    {
      "type": "Retreat",
      "name": "桃金娘",
      "costs": 32
    },
    {
      "type": "Deploy",
      "name": "泥岩",
      "location": [
        1,
        3
      ],
      "direction": "Up"
    },
    {
      "type": "SkillDaemon"
    }
  ],
  "doc": {
    "title": "炎国 - 千嶂边城 - 千嶂边城",
    "details": "歌蒂最低只需要技能四级\n原作者萧然Q JSON作者萨拉托加\n作业交流群545928846，如果作业有问题可以加群找我，评论区不能及时回复，还可以去群里蹲我的新作业\n【【千嶂边城400杀】摆完挂机 简单好抄】 https://www.bilibili.com/video/BV1VN4y1q7nx/?share_source=copy_web&vd_source=3fd5040fe25f6a00e19e6072bcccfa4e"
  },
  "groups": [],
  "opers": [
    {
      "name": "桃金娘",
      "skill": 1,
      "skill_usage": 1
    },
    {
      "name": "煌",
      "skill": 2,
      "skill_usage": 0
    },
    {
      "name": "歌蕾蒂娅",
      "skill": 1,
      "skill_usage": 0
    },
    {
      "name": "伊芙利特",
      "skill": 2,
      "skill_usage": 0
    },
    {
      "name": "艾雅法拉",
      "skill": 2,
      "skill_usage": 0
    },
    {
      "name": "德克萨斯",
      "skill": 1,
      "skill_usage": 0
    },
    {
      "name": "泥岩",
      "skill": 2,
      "skill_usage": 0
    },
    {
      "name": "澄闪",
      "skill": 2,
      "skill_usage": 0
    },
    {
      "name": "夜莺",
      "skill": 2,
      "skill_usage": 0
    }
  ]
}