{
    "minimum_required": "v4.0.0",
    "stage_name": "camp_r_01",
    "actions": [
        {
            "type": "SpeedUp"
        },
        {
            "type": "Deploy",
            "name": "能天使",
            "location": [
                1,
                4
            ],
            "direction": "Up"
        },
        {
            "type": "Deploy",
            "name": "煌",
            "location": [
                5,
                2
            ],
            "direction": "Left"
        },
        {
            "type": "Deploy",
            "name": "回费先锋",
            "location": [
                7,
                2
            ],
            "direction": "Left"
        },
        {
            "type": "Deploy",
            "name": "棘刺",
            "location": [
                4,
                6
            ],
            "direction": "Left"
        },
        {
            "type": "Deploy",
            "name": "铁卫",
            "location": [
                5,
                7
            ],
            "direction": "Left"
        },
        {
            "type": "Deploy",
            "name": "塞雷娅",
            "location": [
                3,
                4
            ],
            "direction": "Left"
        },
        {
            "type": "Deploy",
            "name": "拉普兰德",
            "location": [
                5,
                6
            ],
            "direction": "Left"
        },
        {
            "type": "Deploy",
            "name": "罗德岛临时雇员",
            "location": [
                4,
                3
            ],
            "direction": "Right",
            "kills": 66
        },
        {
            "type": "Deploy",
            "name": "艾雅法拉",
            "location": [
                5,
                3
            ],
            "direction": "Left",
            "pre_delay": 5000
        },
        {
            "type": "Deploy",
            "name": "群奶",
            "location": [
                5,
                5
            ],
            "direction": "Down"
        },
        {
            "type": "Deploy",
            "name": "便携式补给站",
            "location": [
                6,
                6
            ],
            "direction": "Left",
            "kills": 114
        },
        {
            "type": "Deploy",
            "name": "罗德岛临时雇员",
            "location": [
                6,
                2
            ],
            "direction": "Down",
            "kills": 129
        },
        {
            "type": "Deploy",
            "name": "便携式补给站",
            "location": [
                4,
                3
            ],
            "direction": "Right",
            "kills": 160
        },
        {
            "type": "Retreat",
            "name": "回费先锋",
            "kills": 200
        },
        {
            "type": "Deploy",
            "name": "单奶",
            "location": [
                6,
                3
            ],
            "direction": "Left"
        },
        {
            "type": "Deploy",
            "name": "便携式补给站",
            "location": [
                4,
                4
            ],
            "direction": "Left",
            "kills": 266
        },
        {
            "type": "SkillDaemon"
        }
    ],
    "doc": {
        "title": "卡西米尔 - 大骑士领郊外 - 大骑士领郊外",
        "details": "统计日期：2024-06-01\n好评率：84.09%  浏览量：2600\n来源：Chiho  ID：28292\nup：竹间sora\nlink:【【明日方舟】大骑士领郊外 全自动懒人作业 塞煌棘羊能拉】 https://www.bilibili.com/video/BV1AV41117nc/?share_source=copy_web&vd_source=dcc7ddeba31e59bccd51d29a07ff1565\n精二603"
    },
    "groups": [
        {
            "name": "群奶",
            "opers": [
                {
                    "name": "夜莺",
                    "skill": 2,
                    "skill_usage": 0
                },
                {
                    "name": "白面鸮",
                    "skill": 2,
                    "skill_usage": 0
                }
            ]
        },
        {
            "name": "单奶",
            "opers": [
                {
                    "name": "闪灵",
                    "skill": 2,
                    "skill_usage": 0
                },
                {
                    "name": "流明",
                    "skill": 3,
                    "skill_usage": 0
                },
                {
                    "name": "纯烬艾雅法拉",
                    "skill": 1,
                    "skill_usage": 0
                }
            ]
        },
        {
            "name": "回费先锋",
            "opers": [
                {
                    "name": "德克萨斯",
                    "skill": 1,
                    "skill_usage": 0
                },
                {
                    "name": "桃金娘",
                    "skill": 1,
                    "skill_usage": 1
                }
            ]
        },
        {
            "name": "铁卫",
            "opers": [
                {
                    "name": "蛇屠箱",
                    "skill": 2,
                    "skill_usage": 1
                },
                {
                    "name": "星熊",
                    "skill": 2,
                    "skill_usage": 0
                },
                {
                    "name": "年",
                    "skill": 3,
                    "skill_usage": 1
                }
            ]
        }
    ],
    "opers": [
        {
            "name": "艾雅法拉",
            "skill": 2,
            "skill_usage": 0
        },
        {
            "name": "煌",
            "skill": 2,
            "skill_usage": 0
        },
        {
            "name": "棘刺",
            "skill": 3,
            "skill_usage": 1
        },
        {
            "name": "能天使",
            "skill": 3,
            "skill_usage": 0
        },
        {
            "name": "塞雷娅",
            "skill": 2,
            "skill_usage": 0
        },
        {
            "name": "拉普兰德",
            "skill": 2,
            "skill_usage": 0
        }
    ]
}