{
    "minimum_required": "v4.0.0",
    "stage_name": "camp_r_01",
    "actions": [
        {
            "type": "SpeedUp"
        },
        {
            "type": "Deploy",
            "name": "德克萨斯",
            "location": [
                5,
                5
            ],
            "direction": "Left"
        },
        {
            "type": "Deploy",
            "name": "煌",
            "location": [
                5,
                4
            ],
            "direction": "Down"
        },
        {
            "type": "Deploy",
            "name": "纯烬艾雅法拉",
            "location": [
                8,
                2
            ],
            "direction": "Down"
        },
        {
            "type": "Deploy",
            "name": "塞雷娅",
            "location": [
                6,
                5
            ],
            "direction": "Left"
        },
        {
            "type": "Deploy",
            "name": "山",
            "location": [
                10,
                4
            ],
            "direction": "Up",
            "rear_delay": 2000
        },
        {
            "type": "Skill",
            "name": "山",
            "location": [
                10,
                4
            ]
        },
        {
            "type": "SkillDaemon",
            "doc": "有帮助的话 给个好评吧~",
            "doc_color": "#d63384"
        }
    ],
    "doc": {
        "title": "第十三章 恶兆湍流 - 13-3（磨难） - 不得暂歇",
        "details": "统计日期：2024-06-01\n好评率：89.29%  浏览量：1799\n来源：萨拉托加  ID：28737\n13-3磨难，地图没更新应急用，2603，我自己试了可以过\n【【恶兆湍流】磨难险地13章主线全关卡 摆完挂机 简单好抄（持续更新中）】 https://www.bilibili.com/video/BV1Hw411A7iG/?p=2&share_source=copy_web&vd_source=3fd5040fe25f6a00e19e6072bcccfa4e"
    },
    "groups": [],
    "opers": [
        {
            "name": "煌",
            "skill": 2,
            "skill_usage": 0
        },
        {
            "name": "塞雷娅",
            "skill": 1,
            "skill_usage": 0
        },
        {
            "name": "山",
            "skill": 2,
            "skill_usage": 0
        },
        {
            "name": "纯烬艾雅法拉",
            "skill": 1,
            "skill_usage": 0
        },
        {
            "name": "德克萨斯",
            "skill": 1,
            "skill_usage": 0
        }
    ]
}