{
    "minimum_required": "v4.0.0",
    "stage_name": "camp_r_21",
    "actions": [
        {
            "type": "Deploy",
            "name": "德克萨斯",
            "location": [
                10,
                3
            ],
            "direction": "Left"
        },
        {
            "type": "Deploy",
            "name": "能天使",
            "location": [
                7,
                4
            ],
            "direction": "Left"
        },
        {
            "type": "SpeedUp"
        },
        {
            "type": "Deploy",
            "name": "伊芙利特",
            "location": [
                10,
                1
            ],
            "direction": "Left"
        },
        {
            "type": "Deploy",
            "name": "澄闪",
            "location": [
                9,
                4
            ],
            "direction": "Left"
        },
        {
            "type": "Deploy",
            "name": "水汽汽水瓶",
            "location": [
                7,
                5
            ],
            "direction": "None",
            "kills": 23
        },
        {
            "type": "Deploy",
            "name": "黍",
            "location": [
                7,
                5
            ],
            "direction": "Left",
            "pre_delay": 5000
        },
        {
            "type": "Deploy",
            "name": "艾雅法拉",
            "location": [
                7,
                6
            ],
            "direction": "Left"
        },
        {
            "type": "Deploy",
            "name": "狙击-速射手",
            "location": [
                9,
                6
            ],
            "direction": "Left"
        },
        {
            "type": "Deploy",
            "name": "煌",
            "location": [
                8,
                3
            ],
            "direction": "Left"
        },
        {
            "type": "Deploy",
            "name": "水汽汽水瓶",
            "location": [
                9,
                5
            ],
            "direction": "None",
            "kills": 78
        },
        {
            "type": "Deploy",
            "name": "医疗-行医",
            "location": [
                10,
                4
            ],
            "direction": "Left",
            "pre_delay": 5000
        },
        {
            "type": "Deploy",
            "name": "闪灵",
            "location": [
                11,
                2
            ],
            "direction": "Left"
        },
        {
            "type": "SkillDaemon"
        }
    ],
    "doc": {
        "title": "剿灭作战新旅店大道（不用开技能）#修改自用",
        "details": "作业更新日期: 2024-03-05T11:43:26Z\n统计更新日期: 2024-10-07\n好评率：100.0%  浏览量：1079\n来源：rayt0n  ID：34562\n前两个作业MAA会不开技能，只能先写个不用开技能的了\n原作者自在道爷 JSON作者萨拉托加\n作业交流群545928846，如果作业有问题可以加群找我，评论区不能及时回复，还可以去群里蹲我的新作业\n【【明日方舟】新旅店大道挂机流，新剿灭摆完就过！语音快乐详解，轻松解放双手 | 剿灭委托400杀】 https://www.bilibili.com/video/BV1Uj421m7PY/?share_source=copy_web&vd_source=3fd5040fe25f6a00e19e6072bcccfa4e"
    },
    "groups": [
        {
            "name": "医疗-行医",
            "opers": [
                {
                    "name": "纯烬艾雅法拉",
                    "skill": 1,
                    "skill_usage": 0
                },
                {
                    "name": "蜜莓",
                    "skill": 1,
                    "skill_usage": 0
                }
            ]
        },
        {
            "name": "狙击-速射手",
            "opers": [
                {
                    "name": "灰烬",
                    "skill": 1,
                    "skill_usage": 0
                },
                {
                    "name": "空弦",
                    "skill": 1,
                    "skill_usage": 0
                },
                {
                    "name": "灰喉",
                    "skill": 1,
                    "skill_usage": 0
                },
                {
                    "name": "白金",
                    "skill": 2,
                    "skill_usage": 0
                },
                {
                    "name": "蓝毒",
                    "skill": 1,
                    "skill_usage": 0
                }
            ]
        }
    ],
    "opers": [
        {
            "name": "德克萨斯",
            "skill": 1,
            "skill_usage": 0
        },
        {
            "name": "艾雅法拉",
            "skill": 2,
            "skill_usage": 0
        },
        {
            "name": "煌",
            "skill": 2,
            "skill_usage": 0
        },
        {
            "name": "伊芙利特",
            "skill": 2,
            "skill_usage": 0
        },
        {
            "name": "能天使",
            "skill": 3,
            "skill_usage": 0
        },
        {
            "name": "澄闪",
            "skill": 2,
            "skill_usage": 0
        },
        {
            "name": "黍",
            "skill": 1,
            "skill_usage": 0
        },
        {
            "skill_times": 1,
            "name": "流明",
            "skill": 3,
            "skill_usage": 2
        }
    ]
}