{
    "minimum_required": "v4.0.0",
    "stage_name": "camp_r_06",
    "actions": [
        {
            "type": "Output",
            "doc_color": "DarkGoldenrod",
            "doc": "第一次做作业有问题评论区说（虽然我不一定会改"
        },
        {
            "type": "Deploy",
            "name": "加固装置",
            "location": [
                10,
                6
            ],
            "direction": "Right"
        },
        {
            "type": "SpeedUp"
        },
        {
            "type": "Deploy",
            "name": "棘刺",
            "location": [
                9,
                6
            ],
            "direction": "Up",
            "rear_delay": 6000
        },
        {
            "type": "Deploy",
            "name": "德克萨斯",
            "location": [
                10,
                6
            ],
            "direction": "Left"
        },
        {
            "type": "Deploy",
            "name": "白面鸮",
            "location": [
                8,
                7
            ],
            "direction": "Up"
        },
        {
            "type": "Deploy",
            "name": "伊芙利特",
            "location": [
                7,
                7
            ],
            "direction": "Up"
        },
        {
            "type": "Deploy",
            "name": "加固装置",
            "location": [
                9,
                5
            ],
            "direction": "Right",
            "cost_changes": 36,
            "rear_delay": 0
        },
        {
            "type": "Deploy",
            "name": "艾雅法拉",
            "location": [
                9,
                5
            ],
            "direction": "Left",
            "costs": 44
        },
        {
            "type": "Deploy",
            "name": "煌",
            "location": [
                8,
                6
            ],
            "direction": "Left"
        },
        {
            "type": "Deploy",
            "name": "加固装置",
            "location": [
                2,
                6
            ],
            "direction": "Left"
        },
        {
            "type": "Deploy",
            "name": "加固装置",
            "location": [
                4,
                6
            ],
            "direction": "Up"
        },
        {
            "type": "Deploy",
            "name": "加固装置",
            "location": [
                5,
                7
            ],
            "direction": "Right"
        },
        {
            "type": "Deploy",
            "name": "加固装置",
            "location": [
                10,
                3
            ],
            "direction": "Down"
        },
        {
            "type": "Deploy",
            "name": "加固装置",
            "location": [
                8,
                3
            ],
            "direction": "Up"
        },
        {
            "type": "Deploy",
            "name": "加固装置",
            "location": [
                7,
                3
            ],
            "direction": "Up"
        },
        {
            "type": "Deploy",
            "name": "加固装置",
            "location": [
                8,
                3
            ],
            "direction": "Right"
        },
        {
            "type": "Deploy",
            "name": "泥岩",
            "location": [
                7,
                6
            ],
            "direction": "Up"
        },
        {
            "type": "Output",
            "doc_color": "#6f42c1",
            "doc": "打到这应该没问题了吧，给个好评呗qwq"
        }
    ],
    "doc": {
        "title": "萨尔贡 - 长泉镇郊野 - 长泉镇郊野",
        "details": "作业更新日期: 2023-08-24T06:34:01Z\n统计更新日期: 2024-10-07\n好评率：95.4%  浏览量：3335\n来源：SBOO  ID：26629\nhttps://www.bilibili.com/video/BV1af4y1A7tJ?p=2&vd_source=9b30c16902a1961fdb5b36016cd2bb3a\n萧然Q\n"
    },
    "groups": [],
    "opers": [
        {
            "name": "白面鸮",
            "skill": 2,
            "skill_usage": 0
        },
        {
            "name": "艾雅法拉",
            "skill": 2,
            "skill_usage": 0
        },
        {
            "name": "德克萨斯",
            "skill": 1,
            "skill_usage": 0
        },
        {
            "name": "泥岩",
            "skill": 2,
            "skill_usage": 0
        },
        {
            "name": "伊芙利特",
            "skill": 2,
            "skill_usage": 0
        },
        {
            "name": "棘刺",
            "skill": 3,
            "skill_usage": 1
        },
        {
            "name": "煌",
            "skill": 2,
            "skill_usage": 0
        }
    ]
}