{
    "minimum_required": "v4.0.0",
    "stage_name": "camp_03",
    "actions": [
        {
            "type": "Deploy",
            "name": "先锋",
            "location": [
                2,
                2
            ],
            "direction": "Right"
        },
        {
            "type": "SpeedUp"
        },
        {
            "type": "Deploy",
            "name": "狙1",
            "location": [
                1,
                3
            ],
            "direction": "Right"
        },
        {
            "type": "Deploy",
            "name": "狙2",
            "location": [
                2,
                6
            ],
            "direction": "Right"
        },
        {
            "type": "Deploy",
            "name": "群奶",
            "location": [
                2,
                3
            ],
            "direction": "Right"
        },
        {
            "type": "Deploy",
            "name": "术士",
            "location": [
                4,
                3
            ],
            "direction": "Right"
        },
        {
            "type": "Deploy",
            "name": "单奶",
            "location": [
                1,
                6
            ],
            "direction": "Right"
        },
        {
            "type": "Deploy",
            "name": "棘刺",
            "location": [
                4,
                7
            ],
            "direction": "Up"
        },
        {
            "type": "Deploy",
            "name": "奶盾",
            "location": [
                3,
                4
            ],
            "direction": "Right"
        },
        {
            "type": "Deploy",
            "name": "盾",
            "location": [
                3,
                5
            ],
            "direction": "Right"
        },
        {
            "type": "SkillDaemon",
            "doc_color": "#d63384",
            "doc": "如有帮助，请支持原作者！\n攻略作者：森老魔\nBV1Z64y1Q7DK\n可点击MAA界面左下角 [视频链接] 跳转页面支持作者"
        }
    ],
    "doc": {
        "title": "棘刺+6星术士 龙门市区 ",
        "details": "作业更新日期: 2024-09-10T04:10:14Z\n统计更新日期: 2024-09-14\n好评率：86.27%  浏览量：2423\n来源：⁣⁣⁣⁣　  ID：33850\n参考：\nUP:森老魔\n全网最简单的龙门市区双核+低配全自动挂机（无限定干员）\nBV1Z64y1Q7DK\n可点击MAA界面左下角 [视频链接] 跳转页面支持作者\n————\n10.30+10.31编辑：\n________________________________________\n|=》建议棘刺，羊或猪猪260及以上《=|\n—————————————————\n.增加了干员组 盾 中的干员\n.考虑到挂机，重装干员技能皆更改为自动使用以增强稳定性，如需在特定波次手动开技能加强容错，请自行修改json\n.若高练狙同时在同一干员组内导致冲突，请自行修改json文件中的干员组来使用\n11.2 单奶增加絮雨，调整部分干员组顺序（）\n12.5 加人，以后更新可补充干员就会直接来加\n————————————————\n24.5.13 自测术士换李狗子也能过"
    },
    "groups": [
        {
            "name": "术士",
            "opers": [
                {
                    "name": "艾雅法拉",
                    "skill": 2,
                    "skill_usage": 0
                },
                {
                    "name": "澄闪",
                    "skill": 2,
                    "skill_usage": 0
                },
                {
                    "name": "逻各斯",
                    "skill": 1,
                    "skill_usage": 0
                }
            ]
        },
        {
            "name": "先锋",
            "opers": [
                {
                    "name": "芬",
                    "skill": 1,
                    "skill_usage": 0
                },
                {
                    "name": "清道夫",
                    "skill": 1,
                    "skill_usage": 0
                },
                {
                    "name": "讯使",
                    "skill": 1,
                    "skill_usage": 0
                },
                {
                    "name": "德克萨斯",
                    "skill": 1,
                    "skill_usage": 0
                },
                {
                    "name": "凛冬",
                    "skill": 1,
                    "skill_usage": 0
                },
                {
                    "name": "贾维",
                    "skill": 1,
                    "skill_usage": 0
                },
                {
                    "name": "青枳",
                    "skill": 1,
                    "skill_usage": 0
                },
                {
                    "name": "红隼",
                    "skill": 1,
                    "skill_usage": 0
                },
                {
                    "name": "推进之王",
                    "skill": 1,
                    "skill_usage": 0
                },
                {
                    "name": "嵯峨",
                    "skill": 1,
                    "skill_usage": 0
                },
                {
                    "name": "焰尾",
                    "skill": 2,
                    "skill_usage": 1
                }
            ]
        },
        {
            "name": "盾",
            "opers": [
                {
                    "name": "米格鲁",
                    "skill": 1,
                    "skill_usage": 1
                },
                {
                    "name": "蛇屠箱",
                    "skill": 1,
                    "skill_usage": 1
                },
                {
                    "name": "角峰",
                    "skill": 2,
                    "skill_usage": 1
                },
                {
                    "name": "泡泡",
                    "skill": 2,
                    "skill_usage": 1
                },
                {
                    "name": "暴雨",
                    "skill": 1,
                    "skill_usage": 0
                },
                {
                    "name": "拜松",
                    "skill": 1,
                    "skill_usage": 1
                },
                {
                    "name": "可颂",
                    "skill": 1,
                    "skill_usage": 1
                },
                {
                    "name": "星熊",
                    "skill": 2,
                    "skill_usage": 0
                },
                {
                    "name": "年",
                    "skill": 2,
                    "skill_usage": 1
                },
                {
                    "name": "涤火杰西卡",
                    "skill": 1,
                    "skill_usage": 0
                },
                {
                    "name": "闪击",
                    "skill": 2,
                    "skill_usage": 1
                },
                {
                    "name": "雷蛇",
                    "skill": 1,
                    "skill_usage": 0
                }
            ]
        },
        {
            "name": "奶盾",
            "opers": [
                {
                    "name": "古米",
                    "skill": 1,
                    "skill_usage": 0
                },
                {
                    "name": "临光",
                    "skill": 1,
                    "skill_usage": 0
                },
                {
                    "name": "深律",
                    "skill": 1,
                    "skill_usage": 0
                },
                {
                    "name": "森西",
                    "skill": 1,
                    "skill_usage": 0
                },
                {
                    "name": "塞雷娅",
                    "skill": 1,
                    "skill_usage": 0
                },
                {
                    "name": "黍",
                    "skill": 1,
                    "skill_usage": 0
                }
            ]
        },
        {
            "name": "群奶",
            "opers": [
                {
                    "name": "调香师",
                    "skill": 1,
                    "skill_usage": 1
                },
                {
                    "name": "白面鸮",
                    "skill": 1,
                    "skill_usage": 1
                },
                {
                    "name": "夜莺",
                    "skill": 2,
                    "skill_usage": 0
                }
            ]
        },
        {
            "name": "狙2",
            "opers": [
                {
                    "name": "流星",
                    "skill": 1,
                    "skill_usage": 0
                },
                {
                    "name": "隐现",
                    "skill": 1,
                    "skill_usage": 0
                },
                {
                    "name": "蓝毒",
                    "skill": 1,
                    "skill_usage": 0
                },
                {
                    "name": "四月",
                    "skill": 1,
                    "skill_usage": 0
                },
                {
                    "name": "能天使",
                    "skill": 1,
                    "skill_usage": 0
                },
                {
                    "name": "空弦",
                    "skill": 1,
                    "skill_usage": 0
                },
                {
                    "name": "灰烬",
                    "skill": 1,
                    "skill_usage": 0
                },
                {
                    "name": "克洛丝",
                    "skill": 1,
                    "skill_usage": 0
                },
                {
                    "name": "杰西卡",
                    "skill": 1,
                    "skill_usage": 0
                }
            ]
        },
        {
            "name": "狙1",
            "opers": [
                {
                    "name": "克洛丝",
                    "skill": 1,
                    "skill_usage": 0
                },
                {
                    "name": "杰西卡",
                    "skill": 1,
                    "skill_usage": 0
                },
                {
                    "name": "流星",
                    "skill": 1,
                    "skill_usage": 0
                },
                {
                    "name": "隐现",
                    "skill": 1,
                    "skill_usage": 0
                },
                {
                    "name": "蓝毒",
                    "skill": 1,
                    "skill_usage": 0
                },
                {
                    "name": "四月",
                    "skill": 1,
                    "skill_usage": 0
                },
                {
                    "name": "灰烬",
                    "skill": 1,
                    "skill_usage": 0
                },
                {
                    "name": "空弦",
                    "skill": 1,
                    "skill_usage": 0
                },
                {
                    "name": "能天使",
                    "skill": 1,
                    "skill_usage": 0
                },
                {
                    "name": "梅",
                    "skill": 1,
                    "skill_usage": 0
                }
            ]
        },
        {
            "name": "单奶",
            "opers": [
                {
                    "name": "末药",
                    "skill": 1,
                    "skill_usage": 0
                },
                {
                    "name": "苏苏洛",
                    "skill": 1,
                    "skill_usage": 1
                },
                {
                    "name": "嘉维尔",
                    "skill": 1,
                    "skill_usage": 0
                },
                {
                    "name": "赫默",
                    "skill": 1,
                    "skill_usage": 1
                },
                {
                    "name": "华法琳",
                    "skill": 1,
                    "skill_usage": 0
                },
                {
                    "name": "絮雨",
                    "skill": 2,
                    "skill_usage": 0
                },
                {
                    "name": "流明",
                    "skill": 3,
                    "skill_usage": 1
                },
                {
                    "name": "闪灵",
                    "skill": 2,
                    "skill_usage": 0
                },
                {
                    "name": "纯烬艾雅法拉",
                    "skill": 1,
                    "skill_usage": 0
                }
            ]
        }
    ],
    "opers": [
        {
            "name": "棘刺",
            "skill": 3,
            "skill_usage": 1
        }
    ]
}