{
    "minimum_required": "v4.0.0",
    "stage_name": "camp_r_15",
    "actions": [
        {
            "type": "Output",
            "doc_color": "DarkRed",
            "doc": "务必查看携带先锋的血量是否低于澄闪！！"
        },
        {
            "type": "Output",
            "doc_color": "DarkRed",
            "doc": "请确保大哥等级比棘刺高或者一致，全精二90就无所谓了"
        },
        {
            "type": "Deploy",
            "name": "血量低于粉毛的先锋",
            "location": [
                1,
                3
            ],
            "direction": "Down"
        },
        {
            "type": "Deploy",
            "name": "浊心斯卡蒂",
            "location": [
                3,
                3
            ],
            "direction": "Right"
        },
        {
            "type": "SpeedUp"
        },
        {
            "type": "Deploy",
            "name": "澄闪",
            "location": [
                5,
                3
            ],
            "direction": "Right"
        },
        {
            "type": "Deploy",
            "name": "重岳",
            "location": [
                4,
                2
            ],
            "direction": "Right"
        },
        {
            "type": "SkillUsage",
            "kills": 30,
            "name": "重岳",
            "skill_usage": 0
        },
        {
            "type": "Skill",
            "name": "指挥终端",
            "location": [
                9,
                1
            ]
        },
        {
            "type": "Deploy",
            "name": "棘刺",
            "location": [
                3,
                5
            ],
            "direction": "Up"
        },
        {
            "type": "Skill",
            "name": "指挥终端",
            "location": [
                8,
                1
            ],
            "costs": 25
        },
        {
            "type": "SkillDaemon"
        }
    ],
    "doc": {
        "title": "【五人摆完挂机】龙门商业街（完成）",
        "details": "作业更新日期: 2023-03-08T05:17:31Z\n统计更新日期: 2024-10-07\n好评率：87.5%  浏览量：2488\n来源：xunyuberich  ID：21355\nup主：英语不上130不改名\n视频地址：https://www.bilibili.com/video/BV1CL41117om\n【请手动编队】【请确保大哥等级和棘刺一样或者比棘刺高】←这条很重要！！\n大哥红蒂棘刺专三，粉毛7级技能，【先锋可替换成任意血量低于粉毛的尖兵或投降先锋！！】这条很重要！！推荐【芬和香草】，桃金娘只是示例\n主力干员【精二60】以上即可\n有装置被打掉是正常的，击杀数400就行\n有问题可以私信up主或在视频底下留言"
    },
    "groups": [
        {
            "name": "血量低于粉毛的先锋",
            "opers": [
                {
                    "name": "桃金娘",
                    "skill": 1,
                    "skill_usage": 1
                },
                {
                    "name": "香草",
                    "skill": 1,
                    "skill_usage": 0
                },
                {
                    "name": "芬",
                    "skill": 1,
                    "skill_usage": 0
                }
            ]
        }
    ],
    "opers": [
        {
            "name": "重岳",
            "skill": 3,
            "skill_usage": 1
        },
        {
            "name": "浊心斯卡蒂",
            "skill": 2,
            "skill_usage": 0
        },
        {
            "name": "棘刺",
            "skill": 3,
            "skill_usage": 1
        },
        {
            "name": "澄闪",
            "skill": 2,
            "skill_usage": 0
        }
    ]
}