{
    "minimum_required": "v4.0.0",
    "stage_name": "hard_13-01",
    "actions": [
        {
            "type": "SpeedUp"
        },
        {
            "type": "Deploy",
            "name": "桃金娘",
            "location": [
                9,
                5
            ],
            "direction": "Up"
        },
        {
            "type": "Deploy",
            "name": "推进之王",
            "location": [
                4,
                6
            ],
            "direction": "Left"
        },
        {
            "type": "Deploy",
            "name": "澄闪",
            "location": [
                7,
                4
            ],
            "direction": "Left"
        },
        {
            "type": "Deploy",
            "name": "塞雷娅",
            "location": [
                5,
                5
            ],
            "direction": "Left"
        },
        {
            "type": "Deploy",
            "name": "煌",
            "location": [
                6,
                4
            ],
            "direction": "Left"
        },
        {
            "type": "Deploy",
            "name": "伊芙利特",
            "location": [
                9,
                6
            ],
            "direction": "Left"
        },
        {
            "type": "Retreat",
            "name": "推进之王",
            "location": [
                4,
                6
            ],
            "costs": 8
        },
        {
            "type": "Deploy",
            "name": "星熊",
            "location": [
                7,
                6
            ],
            "direction": "Left"
        },
        {
            "type": "Deploy",
            "name": "絮雨",
            "location": [
                8,
                4
            ],
            "direction": "Down"
        },
        {
            "type": "Deploy",
            "name": "闪灵",
            "location": [
                10,
                5
            ],
            "direction": "Left"
        },
        {
            "type": "Retreat",
            "name": "桃金娘",
            "location": [
                9,
                5
            ],
            "costs": 42
        },
        {
            "type": "Deploy",
            "name": "号角",
            "location": [
                9,
                5
            ],
            "direction": "Left"
        },
        {
            "type": "Skill",
            "name": "炸弹载荷点",
            "location": [
                2,
                2
            ],
            "kills": 18
        },
        {
            "type": "Deploy",
            "name": "正义骑士号",
            "location": [
                2,
                4
            ],
            "direction": "Up"
        },
        {
            "type": "Skill",
            "name": "炸弹载荷点",
            "location": [
                4,
                5
            ],
            "kills": 24
        },
        {
            "type": "Retreat",
            "kills": 56,
            "name": "塞雷娅",
            "location": [
                5,
                5
            ]
        },
        {
            "type": "SkillDaemon"
        }
    ],
    "doc": {
        "title": "【自在道爷】H13-1挂机流 第十三章 恶兆湍流 - H13-1（标准） - 湍流行动-1",
        "details": "统计日期：2024-05-24\n好评率：94.44%  浏览量：1012\n来源：Miaoyako  ID：29096\nhttps://www.bilibili.com/video/BV1UB4y1Z772\n道爷狭义挂机流，练度精二60专3，最好模组1级及以上"
    },
    "groups": [],
    "opers": [
        {
            "name": "桃金娘",
            "skill": 1,
            "skill_usage": 1
        },
        {
            "name": "推进之王",
            "skill": 2,
            "skill_usage": 0
        },
        {
            "name": "煌",
            "skill": 2,
            "skill_usage": 0
        },
        {
            "name": "塞雷娅",
            "skill": 2,
            "skill_usage": 0
        },
        {
            "name": "星熊",
            "skill": 2,
            "skill_usage": 0
        },
        {
            "name": "号角",
            "skill": 1,
            "skill_usage": 0
        },
        {
            "name": "澄闪",
            "skill": 2,
            "skill_usage": 0
        },
        {
            "name": "伊芙利特",
            "skill": 2,
            "skill_usage": 0
        },
        {
            "name": "闪灵",
            "skill": 2,
            "skill_usage": 0
        },
        {
            "name": "絮雨",
            "skill": 2,
            "skill_usage": 0
        },
        {
            "name": "正义骑士号",
            "skill": 1,
            "skill_usage": 0
        }
    ]
}