{
    "minimum_required": "v4.0.0",
    "stage_name": "mem_sleach_1",
    "actions": [
        {
            "type": "SpeedUp"
        },
        {
            "type": "Deploy",
            "name": "号角",
            "location": [
                2,
                2
            ],
            "direction": "Right"
        },
        {
            "type": "Deploy",
            "name": "琴柳",
            "location": [
                4,
                2
            ],
            "direction": "Right"
        },
        {
            "type": "Skill",
            "location": [
                4,
                2
            ]
        },
        {
            "type": "Deploy",
            "name": "风笛",
            "location": [
                3,
                2
            ],
            "direction": "Down"
        },
        {
            "type": "Skill",
            "name": "琴柳",
            "location": [
                4,
                2
            ],
            "kills": 12
        },
        {
            "type": "Skill",
            "location": [
                4,
                2
            ],
            "kills": 16,
            "pre_delay": 4000
        }
    ],
    "doc": {
        "title": "悖论模拟-先锋 - 琴柳 - 队伍前列",
        "details": "作业更新日期: 2023-08-06T05:04:24Z\n统计更新日期: 2024-11-13\n好评率：92.86%  浏览量：2698\n来源：2095637550@qq.com  ID：25198\n第一次搞作业，有问题多多包涵，本人三技能专三，如果有翻车还请评论区说一声\n\n**号角暴击可能翻车**，会导致有两个怪清不掉，这种情况我是新人不太会做统一处理，之后学会了再做更新，谢谢啦"
    },
    "groups": [],
    "opers": [
        {
            "name": "琴柳",
            "skill": 3,
            "skill_usage": 0
        }
    ]
}