{
    "minimum_required": "v4.0.0",
    "stage_name": "mem_aprl_1",
    "actions": [
        {
            "type": "Deploy",
            "name": "临光",
            "location": [
                5,
                5
            ],
            "direction": "Up",
            "kills": 0,
            "costs": 0,
            "pre_delay": 0
        },
        {
            "type": "Deploy",
            "name": "蓝毒",
            "location": [
                5,
                3
            ],
            "direction": "Down",
            "kills": 0,
            "costs": 0,
            "pre_delay": 0
        },
        {
            "type": "SpeedUp"
        },
        {
            "type": "Deploy",
            "name": "四月",
            "location": [
                5,
                1
            ],
            "direction": "Right",
            "kills": 0,
            "costs": 12,
            "pre_delay": 0
        },
        {
            "type": "Retreat",
            "name": "四月",
            "location": [
                5,
                1
            ],
            "kills": 7
        },
        {
            "type": "Deploy",
            "name": "四月",
            "location": [
                5,
                1
            ],
            "kills": 15,
            "direction": "Left"
        }
    ],
    "doc": {
        "title": "狙击 - 四月 - 狩猎的节拍",
        "details": "作业更新日期: 2023-12-13T15:51:12Z\n统计更新日期: 2024-08-03\n好评率：58.82%  浏览量：305\n来源：SommerZ  ID：30968\n狙击 - 四月 - 狩猎的节拍\n2703四月通过测试"
    },
    "groups": [],
    "opers": []
}