{
    "minimum_required": "v4.0.0",
    "stage_name": "mem_totter_1",
    "actions": [
        {
            "type": "SpeedUp"
        },
        {
            "type": "Deploy",
            "name": "铅踝",
            "location": [
                1,
                3
            ],
            "direction": "Right"
        },
        {
            "type": "Deploy",
            "name": "蛇屠箱",
            "location": [
                2,
                2
            ],
            "direction": "Left"
        },
        {
            "type": "Skill",
            "location": [
                2,
                3
            ],
            "costs": 34
        },
        {
            "type": "SkillUsage",
            "pre_delay": 16000,
            "name": "蛇屠箱",
            "skill_usage": 1
        },
        {
            "type": "SkillDaemon"
        }
    ],
    "doc": {
        "title": "狙击 - 铅踝 - 裂空之镞 悖论",
        "details": "作业更新日期: 2024-04-02T15:06:01Z\n统计更新日期: 2024-08-17\n好评率：35.71%  浏览量：495\n来源：ManicSteiner  ID：35616\n铅踝  悖论 54级，一技能专三，一级模组，七级技能无模组应该也可以"
    },
    "groups": [],
    "opers": [
        {
            "name": "铅踝",
            "skill": 1,
            "skill_usage": 0
        },
        {
            "name": "蛇屠箱",
            "skill": 1,
            "skill_usage": 0
        }
    ]
}