{
  "minimum_required": "v4.0.0",
  "stage_name": "act23side_05",
  "actions": [
    {
      "type": "SpeedUp"
    },
    {
      "type": "Deploy",
      "name": "煌",
      "location": [
        8,
        3
      ],
      "direction": "Left"
    },
    {
      "type": "Deploy",
      "name": "伊芙利特",
      "location": [
        6,
        1
      ],
      "direction": "Left"
    },
    {
      "type": "Deploy",
      "name": "白面鸮",
      "location": [
        7,
        2
      ],
      "direction": "Down"
    },
    {
      "type": "SkillDaemon"
    }
  ],
  "doc": {
    "title": "WB-5",
    "details": "https://www.bilibili.com/video/BV1i8411A7Lh   by 命辰\nScript by luckyluke\n\n"
  },
  "groups": [],
  "opers": [
    {
      "name": "煌",
      "skill": 2,
      "skill_usage": 0
    },
    {
      "name": "伊芙利特",
      "skill": 2,
      "skill_usage": 0
    },
    {
      "name": "白面鸮",
      "skill": 2,
      "skill_usage": 0
    }
  ]
}