{
    "minimum_required": "v4.0.0",
    "stage_name": "wk_kc_3",
    "actions": [
        {
            "direction": "Right",
            "kills": 0,
            "location": [
                5,
                3
            ],
            "name": "杜林",
            "type": "Deploy"
        },
        {
            "direction": "Left",
            "kills": 0,
            "location": [
                7,
                3
            ],
            "name": "克洛丝",
            "type": "Deploy"
        },
        {
            "type": "SpeedUp"
        },
        {
            "cost_changes": 24,
            "direction": "Up",
            "kills": 12,
            "location": [
                6,
                5
            ],
            "name": "12F",
            "type": "Deploy"
        },
        {
            "cost_changes": 10,
            "direction": "Left",
            "kills": 17,
            "location": [
                7,
                4
            ],
            "name": "黑角",
            "type": "Deploy"
        },
        {
            "cost_changes": 16,
            "direction": "Up",
            "kills": 25,
            "location": [
                5,
                5
            ],
            "name": "阿米娅",
            "type": "Deploy"
        },
        {
            "cost_changes": 34,
            "direction": "Left",
            "kills": 42,
            "location": [
                6,
                4
            ],
            "name": "蛇屠箱",
            "type": "Deploy"
        },
        {
            "type": "Skill",
            "name": "阿米娅",
            "location": [
                6,
                4
            ],
            "kills": 50,
            "cost_changes": 20
        }
    ],
    "doc": {
        "details": "作业更新日期: 2024-08-03T07:11:25Z\n统计更新日期: 2024-08-03\n好评率：100.0%  浏览量：3\n来源：yido  ID：39863\n可以挂机的脚本",
        "title": "LS-3 - 阵地战演习"
    },
    "groups": [],
    "opers": [
        {
            "name": "阿米娅",
            "skill": 1,
            "skill_usage": 0
        },
        {
            "name": "克洛丝",
            "skill": 1,
            "skill_usage": 0
        },
        {
            "name": "12F",
            "skill": 1,
            "skill_usage": 0
        },
        {
            "name": "夜刀",
            "skill": 1,
            "skill_usage": 0
        },
        {
            "name": "黑角",
            "skill": 1,
            "skill_usage": 0
        },
        {
            "name": "杜林",
            "skill": 1,
            "skill_usage": 0
        },
        {
            "name": "蛇屠箱",
            "skill": 1,
            "skill_usage": 0
        }
    ]
}