{
    "minimum_required": "v4.0.0",
    "stage_name": "tough_12-15",
    "actions": [
        {
            "type": "SpeedUp"
        },
        {
            "type": "Deploy",
            "name": "桃金娘",
            "location": [
                3,
                2
            ],
            "direction": "Up"
        },
        {
            "type": "Deploy",
            "name": "速狙",
            "location": [
                6,
                1
            ],
            "direction": "Down"
        },
        {
            "type": "Deploy",
            "name": "流明",
            "location": [
                4,
                1
            ],
            "direction": "Down"
        },
        {
            "type": "Deploy",
            "name": "拉普兰德",
            "location": [
                5,
                2
            ],
            "direction": "Down"
        },
        {
            "type": "Deploy",
            "name": "塞雷娅",
            "location": [
                5,
                3
            ],
            "direction": "Right"
        },
        {
            "type": "SkillDaemon",
            "doc": "原Json：319656083@qq.com",
            "doc_color": "DarkRed"
        }
    ],
    "doc": {
        "title": "12-17（磨难）速狙、单奶替换",
        "details": "统计日期：2024-05-24\n好评率：84.62%  浏览量：1615\n来源：Dayheart  ID：28808\n原Json：319656083@qq.com"
    },
    "groups": [
        {
            "name": "速狙",
            "opers": [
                {
                    "name": "能天使",
                    "skill": 3,
                    "skill_usage": 0
                },
                {
                    "name": "空弦",
                    "skill": 3,
                    "skill_usage": 1
                }
            ]
        }
    ],
    "opers": [
        {
            "name": "塞雷娅",
            "skill": 1,
            "skill_usage": 0
        },
        {
            "name": "桃金娘",
            "skill": 1,
            "skill_usage": 1
        },
        {
            "name": "流明",
            "skill": 3,
            "skill_usage": 2
        },
        {
            "name": "拉普兰德",
            "skill": 2,
            "skill_usage": 0
        },
        {
            "name": "德克萨斯",
            "skill": 1,
            "skill_usage": 0
        }
    ]
}