{
    "minimum_required": "v4.0.0",
    "stage_name": "main_12-06",
    "actions": [
        {
            "type": "Deploy",
            "name": "令",
            "location": [
                8,
                4
            ],
            "direction": "Down",
            "costs": 11
        },
        {
            "type": "SpeedUp"
        },
        {
            "type": "Deploy",
            "name": "“弦惊”",
            "location": [
                3,
                3
            ],
            "direction": "Left",
            "costs": 18
        },
        {
            "type": "Deploy",
            "name": "“弦惊”",
            "location": [
                2,
                3
            ],
            "direction": "Down"
        },
        {
            "type": "Deploy",
            "name": "“弦惊”",
            "location": [
                8,
                1
            ],
            "direction": "Right"
        },
        {
            "type": "Skill",
            "name": "令",
            "location": [
                8,
                4
            ],
            "costs": 15
        },
        {
            "type": "Deploy",
            "name": "“弦惊”",
            "location": [
                7,
                1
            ],
            "direction": "Right"
        },
        {
            "type": "Deploy",
            "name": "“弦惊”",
            "location": [
                9,
                2
            ],
            "direction": "Up"
        },
        {
            "type": "Skill",
            "name": "令",
            "location": [
                8,
                4
            ],
            "costs": 28,
            "pre_delay": 10000
        },
        {
            "type": "Retreat",
            "name": "“弦惊”",
            "location": [
                9,
                2
            ],
            "kills": 27
        },
        {
            "type": "Deploy",
            "name": "“弦惊”",
            "location": [
                2,
                6
            ],
            "direction": "Left"
        },
        {
            "type": "Retreat",
            "name": "“弦惊”",
            "location": [
                2,
                3
            ],
            "kills": 34
        },
        {
            "type": "Deploy",
            "name": "“弦惊”",
            "location": [
                7,
                1
            ],
            "direction": "Right"
        },
        {
            "type": "Retreat",
            "name": "令",
            "location": [
                8,
                4
            ],
            "kills": 39
        }
    ],
    "doc": {
        "title": "第十二章 惊霆无声 - 12-7（标准） - 平议生死（理论最速）",
        "details": "统计日期：2024-05-24\n好评率：62.07%  浏览量：1018\n来源：夜桜之都  ID：22431\n化学老施的作业"
    },
    "groups": [],
    "opers": [
        {
            "name": "令",
            "skill": 3,
            "skill_usage": 0
        }
    ]
}