{
    "minimum_required": "v4.0.0",
    "stage_name": "mem_spikes_1",
    "actions": [
        {
            "type": "Deploy",
            "name": "芳汀",
            "location": [
                2,
                4
            ],
            "direction": "Up"
        },
        {
            "type": "SpeedUp"
        },
        {
            "type": "Deploy",
            "name": "纯烬艾雅法拉",
            "location": [
                4,
                5
            ],
            "direction": "Up"
        },
        {
            "type": "Skill",
            "name": "芳汀",
            "location": [
                2,
                4
            ],
            "kills": 3,
            "costs": 29
        },
        {
            "type": "Skill",
            "kills": 7,
            "name": "蛇屠箱",
            "location": [
                5,
                4
            ],
            "costs": 52
        },
        {
            "type": "Skill",
            "name": "芳汀",
            "location": [
                2,
                4
            ],
            "kills": 9,
            "costs": 89
        },
        {
            "type": "SkillDaemon"
        },
        {
            "type": "Output",
            "doc": "恭喜你打完了！",
            "doc_color": "DarkCyan"
        }
    ],
    "doc": {
        "title": "芳汀悖论模拟 插翅难逃",
        "details": "——————————\n作业更新日期: 2025-09-01T12:41:38Z\n统计更新日期: 2025-09-02\n相对评分：100.0%  相对热度：100.0%\n来源：四方棱镜  ID：66817\n——————————\n一技能！一定要用一技能啊！\n发现没有作业故上传一个 屑作\n精二十级技能七级可过"
    },
    "groups": [],
    "opers": [
        {
            "name": "芳汀",
            "skill_usage": 0,
            "skill": 1
        },
        {
            "name": "蛇屠箱",
            "skill": 2,
            "skill_usage": 0
        },
        {
            "name": "纯烬艾雅法拉",
            "skill": 3,
            "skill_usage": 0
        }
    ]
}