{
    "stage_name": "mem_wscoot_1",
    "minimum_required": "v4.0.0",
    "doc": {
        "title": "近卫 - 骋风 - 先礼后兵 悖论模拟",
        "details": "——————————\n作业更新日期: 2025-09-09T14:15:01Z\n统计更新日期: 2025-09-10\n相对评分：100.0%  相对热度：100.0%\n来源：iMaeGoo  ID：67748\n——————————\n作者练度2507，有冗余，理论低练度也能过\n\n参考视频：https://www.bilibili.com/video/BV1FXamzNEg4"
    },
    "opers": [
        {
            "name": "骋风",
            "skill": 2,
            "requirements": {
                "elite": 2,
                "level": 50,
                "skill_level": 7
            }
        },
        {
            "name": "蜜莓",
            "skill": 1,
            "requirements": {
                "elite": 1,
                "level": 55,
                "skill_level": 7
            }
        }
    ],
    "groups": [],
    "actions": [
        {
            "type": "SpeedUp"
        },
        {
            "name": "骋风",
            "location": [
                4,
                5
            ],
            "direction": "Right",
            "type": "Deploy"
        },
        {
            "name": "蜜莓",
            "location": [
                5,
                3
            ],
            "direction": "Down",
            "type": "Deploy"
        },
        {
            "type": "Skill",
            "name": "骋风",
            "kills": 9
        },
        {
            "name": "骋风",
            "skill_usage": 1,
            "type": "SkillUsage",
            "costs": 99,
            "pre_delay": 3000
        },
        {
            "type": "SkillDaemon"
        }
    ],
    "version": 3
}