{
  "minimum_required": "v4.0.0",
  "doc": {
    "title": "【遗尘漫步】WD-EX-8突袭十人",
    "details": "萧然Q\n原视频：https://www.bilibili.com/video/BV12r4y1W7s4?p=20\n艾雅法拉需要90级专三\n制作者：一只摆烂的42\n有问题联系QQ2586582719"
  },
  "stage_name": "act18d0_ex08",
  "opers": [
    {
      "name": "德克萨斯",
      "skill": 1,
      "skill_usage": 0
    },
    {
      "name": "推进之王",
      "skill": 2,
      "skill_usage": 0
    },
    {
      "name": "棘刺",
      "skill": 3,
      "skill_usage": 1
    },
    {
      "name": "拉普兰德",
      "skill": 2,
      "skill_usage": 0
    },
    {
      "name": "煌",
      "skill": 2,
      "skill_usage": 0
    },
    {
      "name": "星熊",
      "skill": 2,
      "skill_usage": 0
    },
    {
      "name": "塞雷娅",
      "skill": 1,
      "skill_usage": 0
    },
    {
      "name": "泥岩",
      "skill": 2,
      "skill_usage": 0
    },
    {
      "name": "艾雅法拉",
      "skill": 3,
      "skill_usage": 0
    },
    {
      "name": "闪灵",
      "skill": 3,
      "skill_usage": 0
    }
  ],
  "actions": [
    {
      "type": "二倍速",
      "name": "",
      "rear_delay": 0
    },
    {
      "type": "Deploy",
      "name": "推进之王",
      "location": [
        6,
        5
      ],
      "direction": "Up",
      "rear_delay": 0
    },
    {
      "type": "部署",
      "name": "德克萨斯",
      "location": [
        5,
        5
      ],
      "direction": "左",
      "rear_delay": 0
    },
    {
      "type": "部署",
      "name": "星熊",
      "location": [
        7,
        5
      ],
      "direction": "右",
      "rear_delay": 0
    },
    {
      "type": "部署",
      "name": "棘刺",
      "location": [
        2,
        7
      ],
      "direction": "上",
      "rear_delay": 0
    },
    {
      "type": "部署",
      "name": "煌",
      "location": [
        8,
        7
      ],
      "direction": "上",
      "rear_delay": 0
    },
    {
      "type": "部署",
      "name": "闪灵",
      "location": [
        5,
        4
      ],
      "direction": "右",
      "rear_delay": 0
    },
    {
      "type": "部署",
      "name": "艾雅法拉",
      "location": [
        3,
        2
      ],
      "direction": "右",
      "rear_delay": 0
    },
    {
      "type": "部署",
      "name": "塞雷娅",
      "location": [
        6,
        4
      ],
      "direction": "右",
      "rear_delay": 0
    },
    {
      "type": "撤退",
      "name": "推进之王",
      "rear_delay": 2000
    },
    {
      "type": "技能",
      "kills": 24,
      "name": "艾雅法拉",
      "rear_delay": 0
    },
    {
      "type": "撤退",
      "kills": 30,
      "name": "德克萨斯",
      "rear_delay": 0
    },
    {
      "type": "撤退",
      "name": "艾雅法拉",
      "rear_delay": 0
    },
    {
      "type": "部署",
      "name": "拉普兰德",
      "location": [
        11,
        5
      ],
      "direction": "左",
      "rear_delay": 0
    },
    {
      "type": "部署",
      "name": "泥岩",
      "location": [
        11,
        4
      ],
      "direction": "上",
      "rear_delay": 0
    },
    {
      "type": "部署",
      "name": "推进之王",
      "location": [
        11,
        3
      ],
      "direction": "上",
      "rear_delay": 7000
    },
    {
      "type": "技能",
      "kills": 36,
      "name": "闪灵",
      "rear_delay": 5000
    },
    {
      "type": "Deploy",
      "name": "艾雅法拉",
      "location": [
        8,
        2
      ],
      "direction": "Down",
      "rear_delay": 0
    },
    {
      "type": "SkillUsage",
      "name": "艾雅法拉",
      "skill_usage": 1,
      "rear_delay": 0
    },
    {
      "type": "Output",
      "doc_color": "DeepSkyBlue",
      "doc": "如果艾雅法拉因为早下死了，等回转再部署即可",
      "rear_delay": 0
    },
    {
      "type": "部署",
      "name": "煌",
      "location": [
        5,
        3
      ],
      "direction": "右",
      "rear_delay": 0
    },
    {
      "type": "部署",
      "name": "艾雅法拉",
      "location": [
        10,
        5
      ],
      "direction": "上",
      "rear_delay": 0
    },
    {
      "type": "摆完挂机",
      "name": ""
    }
  ],
  "groups": []
}