{
    "minimum_required": "v4.0.0",
    "stage_name": "mem_chnut_1",
    "actions": [
        {
            "type": "SpeedUp"
        },
        {
            "type": "Deploy",
            "name": "褐果",
            "location": [
                5,
                1
            ],
            "direction": "Down"
        },
        {
            "type": "Deploy",
            "name": "杜林",
            "location": [
                6,
                1
            ],
            "direction": "Down"
        },
        {
            "type": "Deploy",
            "name": "米格鲁",
            "location": [
                5,
                3
            ],
            "direction": "Right"
        },
        {
            "type": "SkillDaemon"
        }
    ],
    "doc": {
        "title": "悖论模拟 褐果 - “聚焦”",
        "details": "作业更新日期: 2024-10-12T23:35:19Z\n统计更新日期: 2025-01-25\n好评率：64.79%  浏览量：1102\n来源：小熊紫苑丶  ID：28503\n已测试\n褐果 二技能\n练度：精二1级，7级技能，信赖100"
    },
    "groups": [],
    "opers": [
        {
            "name": "褐果",
            "skill": 2,
            "skill_usage": 1
        },
        {
            "name": "米格鲁",
            "skill": 1,
            "skill_usage": 1
        },
        {
            "name": "杜林",
            "skill": 1,
            "skill_usage": 0
        }
    ]
}