{
    "minimum_required": "v4.0.0",
    "stage_name": "mem_doroth_1",
    "actions": [
        {
            "type": "Deploy",
            "name": "多萝西",
            "location": [
                7,
                6
            ],
            "direction": "Up"
        },
        {
            "type": "SpeedUp"
        },
        {
            "type": "Deploy",
            "name": "共振装置",
            "location": [
                7,
                1
            ],
            "direction": "None"
        },
        {
            "type": "Deploy",
            "name": "共振装置",
            "location": [
                5,
                3
            ],
            "direction": "None"
        },
        {
            "type": "Deploy",
            "name": "共振装置",
            "location": [
                5,
                6
            ],
            "direction": "None"
        },
        {
            "type": "Deploy",
            "name": "爆破装置",
            "location": [
                6,
                1
            ],
            "direction": "Down",
            "costs": 38
        },
        {
            "type": "Deploy",
            "name": "共振装置",
            "location": [
                5,
                4
            ],
            "direction": "None",
            "costs": 57
        },
        {
            "type": "Deploy",
            "name": "共振装置",
            "location": [
                5,
                4
            ],
            "direction": "None",
            "costs": 66
        },
        {
            "type": "Deploy",
            "name": "共振装置",
            "location": [
                5,
                4
            ],
            "direction": "None",
            "costs": 74
        },
        {
            "type": "Deploy",
            "name": "共振装置",
            "location": [
                5,
                4
            ],
            "direction": "None",
            "costs": 80
        },
        {
            "type": "Deploy",
            "name": "共振装置",
            "location": [
                5,
                5
            ],
            "direction": "None",
            "kills": 27
        },
        {
            "type": "Deploy",
            "name": "共振装置",
            "location": [
                5,
                4
            ],
            "direction": "None",
            "costs": 99,
            "pre_delay": 1500
        },
        {
            "type": "Deploy",
            "name": "共振装置",
            "location": [
                5,
                2
            ],
            "direction": "None"
        },
        {
            "type": "Deploy",
            "name": "共振装置",
            "location": [
                3,
                1
            ],
            "direction": "None"
        },
        {
            "type": "Deploy",
            "name": "共振装置",
            "location": [
                5,
                5
            ],
            "direction": "None",
            "kills": 39
        },
        {
            "type": "Deploy",
            "name": "共振装置",
            "location": [
                5,
                4
            ],
            "direction": "None"
        },
        {
            "type": "Deploy",
            "name": "共振装置",
            "location": [
                5,
                3
            ],
            "direction": "None"
        },
        {
            "type": "Deploy",
            "name": "共振装置",
            "location": [
                5,
                3
            ],
            "direction": "None",
            "kills": 39,
            "pre_delay": 8000
        },
        {
            "type": "Deploy",
            "name": "共振装置",
            "location": [
                5,
                2
            ],
            "direction": "None"
        },
        {
            "type": "Deploy",
            "name": "共振装置",
            "location": [
                6,
                2
            ],
            "direction": "None"
        },
        {
            "type": "Deploy",
            "name": "共振装置",
            "location": [
                7,
                2
            ],
            "direction": "None"
        },
        {
            "type": "Deploy",
            "name": "共振装置",
            "location": [
                7,
                3
            ],
            "direction": "None"
        },
        {
            "type": "Deploy",
            "name": "共振装置",
            "location": [
                7,
                4
            ],
            "direction": "None"
        },
        {
            "type": "Deploy",
            "name": "共振装置",
            "location": [
                2,
                1
            ],
            "direction": "None"
        },
        {
            "type": "Deploy",
            "name": "共振装置",
            "location": [
                3,
                1
            ],
            "direction": "None"
        }
    ],
    "doc": {
        "title": "多萝西 悖论模拟 \"重塑绿野\"",
        "details": "作业更新日期: 2024-10-28T15:26:53Z\n统计更新日期: 2024-12-29\n好评率：76.47%  浏览量：856\n来源：里见真夜  ID：42865\n配置：多萝西精二1级 三技能7级 无潜能 \n注意：由于爆破装置以及后续技能释放我用于判定释放的是费用数 可能导致有潜能的大佬们爆破装备提前释放以及无法对轴 虽然我借朋友的试了下满潜貌似也是正常运行的（\n作业链接：【明日方舟】多萝西悖论模拟 精二1级/3技能7级/无模组 https://www.bilibili.com/video/BV1us4y1X77K/?share_source=copy_web&vd_source=1f17b7ab595a7fa0e34dcd8c43f74ccc"
    },
    "groups": [],
    "opers": [
        {
            "name": "多萝西",
            "skill": 3,
            "skill_usage": 0
        }
    ]
}