{
    "minimum_required": "v4.0.0",
    "stage_name": "mem_strong_1",
    "actions": [
        {
            "type": "SpeedUp"
        },
        {
            "type": "Deploy",
            "name": "孑",
            "location": [
                6,
                3
            ],
            "direction": "Right",
            "kills": 0,
            "cooling": 0,
            "costs": 7,
            "cost_changes": 7,
            "pre_delay": 0,
            "rear_delay": 0
        },
        {
            "type": "Skill",
            "name": "桃金娘",
            "location": [
                4,
                2
            ],
            "kills": 1
        },
        {
            "type": "Retreat",
            "name": "孑",
            "location": [
                6,
                3
            ],
            "kills": 2
        },
        {
            "type": "Skill",
            "name": "杰西卡",
            "location": [
                6,
                2
            ],
            "costs": 10
        },
        {
            "type": "Deploy",
            "name": "克洛丝",
            "location": [
                5,
                4
            ],
            "costs": 11,
            "direction": "Up"
        },
        {
            "type": "Deploy",
            "name": "史都华德",
            "location": [
                6,
                4
            ],
            "costs": 22,
            "direction": "Up"
        },
        {
            "type": "Deploy",
            "name": "孑",
            "location": [
                4,
                1
            ],
            "direction": "Right",
            "costs": 15
        },
        {
            "type": "Retreat",
            "location": [
                4,
                1
            ],
            "kills": 4
        },
        {
            "type": "SkillUsage",
            "name": "杰西卡",
            "kills": 5,
            "skill_usage": 0
        },
        {
            "type": "Deploy",
            "name": "孑",
            "location": [
                8,
                3
            ],
            "kills": 5,
            "direction": "Up"
        },
        {
            "type": "Skill",
            "name": "桃金娘",
            "location": [
                4,
                2
            ],
            "kills": 5
        },
        {
            "type": "Retreat",
            "location": [
                8,
                3
            ],
            "kills": 7
        },
        {
            "type": "Deploy",
            "name": "孑",
            "location": [
                4,
                3
            ],
            "direction": "Left",
            "costs": 20
        },
        {
            "type": "Retreat",
            "name": "史都华德",
            "location": [
                6,
                4
            ],
            "kills": 20
        },
        {
            "type": "Retreat",
            "name": "克洛丝",
            "location": [
                5,
                4
            ],
            "kills": 26
        },
        {
            "type": "Skill",
            "name": "桃金娘",
            "location": [
                4,
                2
            ],
            "kills": 26,
            "rear_delay": 2
        },
        {
            "type": "SkillDaemon"
        }
    ],
    "doc": {
        "title": "特种 - 孑 - 业精于勤",
        "details": "作业更新日期: 2023-09-06T15:20:19Z\n统计更新日期: 2024-11-30\n好评率：92.5%  浏览量：1576\n来源：喵头鹰小姐  ID：27755\n参考之前的打法，重新测试几次，基本没问题了。孑精二一级，2技能等级7，无需模组。"
    },
    "groups": [],
    "opers": [
        {
            "name": "孑",
            "skill": 2,
            "skill_usage": 0
        },
        {
            "name": "桃金娘",
            "skill": 2,
            "skill_usage": 1
        }
    ]
}