{
    "actions": [
        {
            "type": "部署",
            "name": "食铁兽",
            "location": [
                1,
                3
            ],
            "direction": "右"
        },
        {
            "type": "二倍速"
        },
        {
            "type": "技能",
            "name": "食铁兽",
            "location": [
                1,
                3
            ],
            "pre_delay": 8000
        },
        {
            "type": "技能",
            "name": "食铁兽",
            "location": [
                1,
                3
            ],
            "pre_delay": 12000
        },
        {
            "type": "技能",
            "name": "食铁兽",
            "location": [
                1,
                3
            ],
            "pre_delay": 9500
        },
        {
            "type": "技能",
            "name": "食铁兽",
            "location": [
                1,
                3
            ],
            "pre_delay": 24000
        }
    ],
    "stage_name": "mem_waaifu_1",
    "doc": {
        "title": "诛邪义举",
        "details": "作业更新日期: 2023-04-19T07:07:55Z\n统计更新日期: 2024-11-30\n好评率：100.0%  浏览量：112\n来源：作业代传——有问题联系原作者  ID：22761\n干员等级：熊猫人精二40，二技能7级\n测试版本：395b2\n"
    },
    "opers": [
        {
            "name": "食铁兽"
        }
    ],
    "groups": [],
    "minimum_required": "v4.0.0"
}