{
    "minimum_required": "v4.0.0",
    "stage_name": "mem_glady_1",
    "actions": [
        {
            "type": "Deploy",
            "name": "歌蕾蒂娅",
            "location": [
                10,
                4
            ],
            "direction": "Left",
            "costs": 13
        },
        {
            "type": "SpeedUp",
            "pre_delay": 300
        },
        {
            "type": "Deploy",
            "costs": 25,
            "name": "幽灵鲨",
            "location": [
                7,
                3
            ],
            "direction": "Down"
        },
        {
            "type": "Deploy",
            "pre_delay": 0,
            "name": "砾",
            "location": [
                7,
                5
            ],
            "direction": "Up"
        },
        {
            "type": "Skill",
            "pre_delay": 0,
            "name": "幽灵鲨",
            "location": [
                7,
                3
            ],
            "costs": 16
        },
        {
            "type": "Skill",
            "name": "歌蕾蒂娅",
            "location": [
                10,
                4
            ],
            "costs": 35
        },
        {
            "type": "Deploy",
            "name": "砾",
            "location": [
                7,
                5
            ],
            "costs": 69,
            "direction": "Up"
        },
        {
            "type": "Skill",
            "name": "幽灵鲨",
            "location": [
                7,
                3
            ],
            "costs": 66
        },
        {
            "type": "Skill",
            "name": "歌蕾蒂娅",
            "location": [
                10,
                4
            ],
            "costs": 99,
            "pre_delay": 7400
        }
    ],
    "doc": {
        "title": "特种 - 歌蕾蒂娅 - 陆上共舞",
        "details": "作业更新日期: 2023-04-08T16:40:22Z\n统计更新日期: 2024-10-03\n好评率：74.07%  浏览量：1516\n来源：BnnA  ID：22432\n【明日方舟】歌蕾蒂娅 悖论模拟/无需专精/看一遍就过/简单操作/蛮鳞行动/美丽哥/歌蕾蒂娅悖论模拟\nhttps://www.bilibili.com/video/BV1Ff4y1H7GP\nup主：倾九_Komy"
    },
    "groups": [],
    "opers": [
        {
            "name": "歌蕾蒂娅",
            "skill": 3,
            "skill_usage": 0
        }
    ]
}