{
    "minimum_required": "v4.0.0",
    "stage_name": "mem_spuria_1",
    "actions": [
        {
            "type": "SpeedUp"
        },
        {
            "type": "Deploy",
            "name": "安比尔",
            "location": [
                9,
                2
            ],
            "direction": "Left"
        },
        {
            "type": "Skill",
            "name": "安比尔",
            "costs": 16
        },
        {
            "type": "Deploy",
            "name": "见行者",
            "location": [
                9,
                4
            ],
            "direction": "Left"
        },
        {
            "type": "Deploy",
            "name": "空构",
            "location": [
                8,
                1
            ],
            "direction": "Down"
        },
        {
            "type": "Skill",
            "name": "安比尔",
            "costs": 46
        },
        {
            "type": "Skill",
            "name": "空构",
            "kills": 13
        },
        {
            "type": "BulletTime",
            "name": "见行者",
            "costs": 63
        },
        {
            "type": "Skill",
            "name": "见行者",
            "costs": 64
        },
        {
            "type": "Skill",
            "name": "见行者",
            "costs": 85
        },
        {
            "type": "SkillUsage",
            "name": "见行者",
            "skill_usage": 1,
            "costs": 87
        },
        {
            "type": "SkillUsage",
            "name": "安比尔",
            "skill_usage": 1,
            "costs": 87
        },
        {
            "type": "SkillDaemon"
        }
    ],
    "doc": {
        "title": "悖论模拟 空构 - 铳械匠人",
        "details": "作业更新日期: 2024-10-12T23:35:59Z\n统计更新日期: 2024-11-30\n好评率：75.0%  浏览量：127\n来源：小熊紫苑丶  ID：42408\n已测试\n空构 二技能\n练度：精二1级，7级技能，信赖100\n天赋眩晕不稳定，有概率失败，失败多试几次。"
    },
    "groups": [],
    "opers": [
        {
            "name": "空构",
            "skill": 2,
            "skill_usage": 0
        },
        {
            "name": "安比尔",
            "skill": 2,
            "skill_usage": 0
        },
        {
            "name": "见行者",
            "skill": 2,
            "skill_usage": 0
        }
    ]
}