{
    "minimum_required": "v4.0.0",
    "stage_name": "mem_lmlee_1",
    "actions": [
        {
            "type": "SpeedUp",
            "kills": 0
        },
        {
            "type": "Deploy",
            "name": "格拉尼",
            "location": [
                2,
                5
            ],
            "direction": "Up",
            "kills": 0
        },
        {
            "type": "Deploy",
            "name": "红豆",
            "location": [
                2,
                3
            ],
            "direction": "Down",
            "kills": 0
        },
        {
            "type": "Deploy",
            "name": "老鲤",
            "location": [
                5,
                4
            ],
            "direction": "Right",
            "kills": 23
        },
        {
            "type": "Deploy",
            "name": "障碍物",
            "location": [
                3,
                5
            ],
            "direction": "None",
            "kills": 25
        },
        {
            "type": "Deploy",
            "name": "障碍物",
            "location": [
                3,
                3
            ],
            "kills": 30,
            "direction": "None"
        },
        {
            "type": "Skill",
            "name": "苇草",
            "location": [
                3,
                4
            ],
            "kills": 63
        },
        {
            "type": "Deploy",
            "name": "锡兰",
            "location": [
                4,
                6
            ],
            "kills": 114,
            "direction": "Up"
        },
        {
            "type": "Skill",
            "name": "苇草",
            "location": [
                3,
                4
            ],
            "kills": 180
        },
        {
            "type": "Skill",
            "name": "红豆",
            "location": [
                2,
                3
            ],
            "kills": 223
        },
        {
            "type": "Skill",
            "name": "格拉尼",
            "location": [
                2,
                5
            ],
            "kills": 235
        }
    ],
    "doc": {
        "title": "特种 - 老鲤 - 生财有道",
        "details": "作业更新日期: 2023-07-16T06:53:31Z\n统计更新日期: 2024-11-30\n好评率：96.55%  浏览量：3566\n来源：MYCGuiLing  ID：24621\n修改自Theae的作业，老鲤带3技能"
    },
    "groups": [],
    "opers": [
        {
            "name": "老鲤",
            "skill": 3,
            "skill_usage": 0
        }
    ]
}