{
    "minimum_required": "v4.0.0",
    "stage_name": "mem_forcer_1",
    "actions": [
        {
            "type": "SpeedUp",
            "name": ""
        },
        {
            "type": "Deploy",
            "name": "障碍物",
            "location": [
                6,
                2
            ],
            "direction": "None"
        },
        {
            "type": "Deploy",
            "name": "障碍物",
            "location": [
                6,
                4
            ],
            "direction": "None"
        },
        {
            "type": "Deploy",
            "name": "见行者",
            "location": [
                5,
                3
            ],
            "direction": "Left"
        },
        {
            "type": "Deploy",
            "name": "芙蓉",
            "location": [
                7,
                4
            ],
            "direction": "Left"
        },
        {
            "type": "Skill",
            "name": "见行者",
            "location": [
                5,
                3
            ],
            "costs": 12
        },
        {
            "type": "Skill",
            "name": "见行者",
            "location": [
                5,
                3
            ],
            "costs": 40
        },
        {
            "type": "Skill",
            "name": "见行者",
            "location": [
                5,
                3
            ],
            "costs": 68
        },
        {
            "type": "Skill",
            "name": "见行者",
            "location": [
                5,
                3
            ],
            "pre_delay": 14000
        },
        {
            "type": "Skill",
            "name": "见行者",
            "location": [
                5,
                3
            ],
            "pre_delay": 13000
        },
        {
            "type": "SkillDaemon"
        }
    ],
    "doc": {
        "title": "悖论模拟 - 特种 - 见行者",
        "details": "作业更新日期: 2023-11-02T10:26:36Z\n统计更新日期: 2024-10-02\n好评率：61.54%  浏览量：264\n来源：PPZS  ID：29760\n测试 精二30级0专满潜满信赖无模 \nMaaTouch触控模式 已过\n练度不能再低了 很极限"
    },
    "groups": [],
    "opers": [
        {
            "name": "见行者",
            "skill": 2,
            "skill_usage": 0
        },
        {
            "name": "芙蓉",
            "skill": 1,
            "skill_usage": 0
        }
    ]
}