{
    "minimum_required": "v4.0.0",
    "stage_name": "main_02-08",
    "actions": [
        {
            "type": "Deploy",
            "name": "克洛丝",
            "location": [
                4,
                1
            ],
            "direction": "Down"
        },
        {
            "type": "SpeedUp"
        },
        {
            "type": "Deploy",
            "name": "黑角",
            "location": [
                5,
                3
            ],
            "direction": "Left",
            "costs": 13
        },
        {
            "type": "Deploy",
            "name": "阿消",
            "location": [
                8,
                2
            ],
            "direction": "Right",
            "costs": 16
        },
        {
            "type": "Deploy",
            "name": "卡缇",
            "location": [
                9,
                1
            ],
            "direction": "Down",
            "costs": 16
        },
        {
            "type": "Deploy",
            "name": "巡林者",
            "location": [
                4,
                2
            ],
            "direction": "Left",
            "costs": 7
        },
        {
            "type": "Deploy",
            "name": "医疗",
            "location": [
                4,
                4
            ],
            "direction": "Up",
            "costs": 15
        },
        {
            "type": "Deploy",
            "name": "12F",
            "location": [
                5,
                4
            ],
            "direction": "Up",
            "costs": 24
        },
        {
            "type": "SkillUsage",
            "name": "卡缇",
            "skill_usage": 1,
            "costs": 30
        }
    ],
    "doc": {
        "title": "第二章 异卵同生 - 2-8 - 不做约定",
        "details": "作业更新日期: 2024-12-29T12:20:17Z\n统计更新日期: 2025-04-04\n好评率：88.89%  浏览量：152\n来源：Iserinia  ID：45081\nhttps://www.bilibili.com/video/BV1dL4y1c77F/\n低配 全员30级 卡缇和阿消1级即可\n使用卡缇的技能代替了第二个医疗干员"
    },
    "groups": [
        {
            "name": "医疗",
            "opers": [
                {
                    "name": "安赛尔",
                    "skill": 1,
                    "skill_usage": 0
                },
                {
                    "name": "芙蓉",
                    "skill": 1,
                    "skill_usage": 0
                }
            ]
        }
    ],
    "opers": [
        {
            "name": "黑角",
            "skill": 1,
            "skill_usage": 0
        },
        {
            "name": "12F",
            "skill": 1,
            "skill_usage": 0
        },
        {
            "name": "巡林者",
            "skill": 1,
            "skill_usage": 0
        },
        {
            "name": "阿消",
            "skill": 1,
            "skill_usage": 0
        },
        {
            "name": "克洛丝",
            "skill": 1,
            "skill_usage": 0
        },
        {
            "name": "卡缇",
            "skill": 1,
            "skill_usage": 0
        }
    ]
}