{
    "minimum_required": "v4.0",
    "doc": {
        "title": "",
        "details": "https://www.bilibili.com/video/av216875420"
    },
    "stage_name": "act20side_05",
    "opers": [
        {
            "name": "塞雷娅",
            "skill": 1,
            "skill_usage": 0
        },
        {
            "name": "煌",
            "skill": 2,
            "skill_usage": 0
        },
        {
            "name": "拉普兰德",
            "skill": 2,
            "skill_usage": 0
        }
    ],
    "actions": [
        {
            "type": "二倍速",
            "name": ""
        },
        {
            "type": "部署",
            "name": "煌",
            "location": [
                6,
                4
            ],
            "direction": "左"
        },
        {
            "type": "部署",
            "name": "拉普兰德",
            "location": [
                4,
                5
            ],
            "direction": "上"
        },
        {
            "type": "部署",
            "name": "塞雷娅",
            "location": [
                5,
                5
            ],
            "direction": "上"
        },
        {
            "type": "摆完挂机",
            "name": ""
        }
    ]
}