{
    "minimum_required": "v4.0.0",
    "stage_name": "act20side_07",
    "actions": [
        {
            "type": "SpeedUp"
        },
        {
            "type": "Deploy",
            "name": "推进之王",
            "location": [
                4,
                4
            ],
            "direction": "Left"
        },
        {
            "type": "Deploy",
            "name": "拉普兰德",
            "location": [
                5,
                5
            ],
            "direction": "Left"
        },
        {
            "type": "Deploy",
            "name": "煌",
            "location": [
                6,
                6
            ],
            "direction": "Left"
        },
        {
            "type": "Retreat",
            "name": "推进之王",
            "costs": 36
        },
        {
            "type": "Deploy",
            "name": "泥岩",
            "location": [
                4,
                4
            ],
            "direction": "Left"
        },
        {
            "type": "SkillDaemon"
        }
    ],
    "doc": {
        "title": "【自在道爷】理想城 IC-7 摆烂挂机",
        "details": "作业更新日期: 2023-08-28T05:33:50Z\n统计更新日期: 2024-07-27\n好评率：96.72%  浏览量：2665\n来源：status102  ID：27061\n\n“平均60，基本专三，模组1级”\nav386904822/?p=7\nJson制作：status102"
    },
    "groups": [],
    "opers": [
        {
            "name": "煌",
            "skill": 2,
            "skill_usage": 0
        },
        {
            "name": "拉普兰德",
            "skill": 2,
            "skill_usage": 0
        },
        {
            "name": "推进之王",
            "skill": 2,
            "skill_usage": 0
        },
        {
            "name": "泥岩",
            "skill": 2,
            "skill_usage": 0
        }
    ]
}