{
    "minimum_required": "v4.0.0",
    "stage_name": "act20side_08",
    "actions": [
        {
            "type": "SpeedUp"
        },
        {
            "type": "Deploy",
            "name": "拉普兰德",
            "location": [
                4,
                3
            ],
            "direction": "Right"
        },
        {
            "type": "Deploy",
            "name": "奶盾",
            "location": [
                5,
                3
            ],
            "direction": "Right"
        }
    ],
    "doc": {
        "title": "理想城：长夏狂欢季 - IC-8 - 金属气味",
        "details": "作业更新日期: 2023-08-31T09:03:49Z\n统计更新日期: 2024-07-27\n好评率：83.33%  浏览量：1371\n来源：Chiho  ID：27400\n\n练度精二603"
    },
    "groups": [
        {
            "name": "奶盾",
            "opers": [
                {
                    "name": "临光",
                    "skill": 1,
                    "skill_usage": 0
                },
                {
                    "name": "塞雷娅",
                    "skill": 1,
                    "skill_usage": 0
                }
            ]
        }
    ],
    "opers": [
        {
            "name": "拉普兰德",
            "skill": 2,
            "skill_usage": 0
        }
    ]
}