{
    "actions": [
        {
            "type": "二倍速"
        },
        {
            "type": "部署",
            "name": "煌",
            "location": [
                5,
                3
            ],
            "direction": "左"
        },
        {
            "type": "部署",
            "name": "自走车单行道",
            "location": [
                3,
                1
            ],
            "direction": "下"
        },
        {
            "type": "部署",
            "name": "夜莺",
            "location": [
                4,
                2
            ],
            "direction": "下"
        },
        {
            "type": "部署",
            "name": "自走车单行道",
            "location": [
                3,
                5
            ],
            "direction": "右"
        },
        {
            "type": "部署",
            "name": "自走车单行道",
            "location": [
                8,
                5
            ],
            "direction": "上"
        },
        {
            "type": "部署",
            "name": "塞雷娅",
            "location": [
                4,
                3
            ],
            "direction": "左"
        },
        {
            "type": "技能",
            "location": [
                4,
                1
            ]
        },
      {
        "type": "打印",
        "doc": "□□□■■■□□□□□■■□□□□□■■■■■□□□□□□□□□□□ \n□□■□□□□□□□■□□■□□□□□□■□□□□□■□□□□□□□ \n□□□■■■□□□□□■■□■■□□□□■□□□■■■■□□□□□□ \n□□□□□□□□□□□□□□□□□□□□□□□■■■■■■□□□□□ \n■■□□□□□□□□□□□□□□□□□□□□■■■■■■■■□□□□ \n■■■■□□□□□□□□□□□□□□□□□■■■■■■■■■□□□□ \n■■■■■■■■■□□□□□□□□■■■■■■■■■■■■■■□□□ \n□■■■■■■■■■■■■■■■■■■■■■■■■■■■■■■□□□ \n□□■■■■■■■■■■■■■■■■■■■■■■■■■■■■■■■□ \n□□□■■■■■■■■■■□□□□■■■■■□□□□□□■■■■■□ \n□□□□■■■■■■■■□□■■□□■■■■□□■■□□■■■■■■ \n□□□□□■■■■■■■□□■■□□■■■■■□□□□■■■■■■■ \n□□□□□□■■■■■■■□□□□■■■■■■■■■■■■■■■■■ \n□□□□□□□■■■■■■■■■■■■■■■■■■■■■■■■■■■ \n□□□□□□□□■■■■■■■■■■■■■■■■■■■■■■■■■■ \n□□□□□□□□□□□■■■■■■■■■■■■■■■■■■■■■■■",
        "doc_color": ""
      }
    ],
    "stage_name": "IC-EX-4",
    "doc": {
        "title": "萧然挂机作业，高练度要求",
        "details": "萧然挂机作业：https://www.bilibili.com/video/BV1dT411w72G\n要求小车装备：高速阶梯钻，无尽之拳，猫盾的爆发\n"
    },
    "opers": [
        {
            "name": "塞雷娅",
            "skill": 1
        },
        {
            "name": "煌",
            "skill": 2
        },
        {
            "name": "夜莺",
            "skill": 2
        }
    ]
}