{
    "actions": [
        {
            "type": "打印",
            "doc": "代理如有问题请群里@碎蜂",
            "doc_color": "#008000"
        },
        {
            "type": "二倍速"
        },
        {
            "type": "部署",
            "name": "推进之王",
            "location": [
                1,
                5
            ],
            "direction": "左"
        },
        {
            "type": "部署",
            "name": "拉普兰德",
            "location": [
                1,
                4
            ],
            "direction": "左"
        },
        {
            "type": "部署",
            "name": "塞雷娅",
            "location": [
                1,
                3
            ],
            "direction": "左"
        },
        {
            "type": "部署",
            "name": "羽毛笔",
            "location": [
                3,
                1
            ],
            "direction": "下"
        },
        {
            "type": "部署",
            "name": "煌",
            "location": [
                1,
                2
            ],
            "direction": "下"
        }
    ],
    "opers": [
        {
            "name": "拉普兰德",
            "skill": 2
        },
        {
            "name": "塞雷娅",
            "skill": 2
        },
        {
            "name": "羽毛笔",
            "skill": 1
        },
        {
            "name": "推进之王",
            "skill": 2
        },
        {
            "name": "煌",
            "skill": 2
        }
    ],
    "doc": {
        "details": "up:侬无言以对\n任务：阻止沙滩车载满乘客\n代理如有问题请群里@碎蜂",
        "title": "IC-EX-5（普通任务）"
    },
    "stage_name": "IC-EX-5",
    "groups": []
}