{
    "actions": [
        {
            "type": "二倍速"
        },
        {
            "type": "部署",
            "name": "煌",
            "location": [
                5,
                4
            ],
            "direction": "左"
        },
        {
            "type": "部署",
            "name": "艾雅法拉",
            "location": [
                4,
                5
            ],
            "direction": "上"
        },
        {
            "type": "部署",
            "name": "塞雷娅",
            "location": [
                4,
                4
            ],
            "direction": "左"
        },
        {
            "type": "部署",
            "name": "铃兰",
            "location": [
                5,
                5
            ],
            "direction": "左"
        },
        {
            "type": "部署",
            "name": "伊芙利特",
            "location": [
                2,
                4
            ],
            "direction": "右"
        },
      {
        "type": "打印",
        "doc": "□□□■■■□□□□□■■□□□□□■■■■■□□□□□□□□□□□ \n□□■□□□□□□□■□□■□□□□□□■□□□□□■□□□□□□□ \n□□□■■■□□□□□■■□■■□□□□■□□□■■■■□□□□□□ \n□□□□□□□□□□□□□□□□□□□□□□□■■■■■■□□□□□ \n■■□□□□□□□□□□□□□□□□□□□□■■■■■■■■□□□□ \n■■■■□□□□□□□□□□□□□□□□□■■■■■■■■■□□□□ \n■■■■■■■■■□□□□□□□□■■■■■■■■■■■■■■□□□ \n□■■■■■■■■■■■■■■■■■■■■■■■■■■■■■■□□□ \n□□■■■■■■■■■■■■■■■■■■■■■■■■■■■■■■■□ \n□□□■■■■■■■■■■□□□□■■■■■□□□□□□■■■■■□ \n□□□□■■■■■■■■□□■■□□■■■■□□■■□□■■■■■■ \n□□□□□■■■■■■■□□■■□□■■■■■□□□□■■■■■■■ \n□□□□□□■■■■■■■□□□□■■■■■■■■■■■■■■■■■ \n□□□□□□□■■■■■■■■■■■■■■■■■■■■■■■■■■■ \n□□□□□□□□■■■■■■■■■■■■■■■■■■■■■■■■■■ \n□□□□□□□□□□□■■■■■■■■■■■■■■■■■■■■■■■",
        "doc_color": ""
      }
    ],
    "stage_name": "IC-EX-5",
    "doc": {
        "title": "萧然挂机作业，高练度要求",
        "details": "萧然挂机作业：https://www.bilibili.com/video/BV1dT411w72G\n阿米娅是法师形态"
    },
    "opers": [
        {
            "name": "煌",
            "skill": 2
        },
        {
            "name": "塞雷娅",
            "skill": 1
        },
        {
            "name": "伊芙利特",
            "skill": 2,
            "skill_usage": 0
        },
        {
            "name": "艾雅法拉",
            "skill": 2
        },
        {
            "name": "铃兰",
            "skill": 2
        }
    ]
}