{
    "minimum_required": "v4.0.0",
    "stage_name": "act20side_mo01",
    "actions": [
        {
            "type": "Deploy",
            "name": "先锋1",
            "location": [
                9,
                3
            ],
            "direction": "Up"
        },
        {
            "type": "Deploy",
            "name": "德克萨斯",
            "location": [
                3,
                5
            ],
            "direction": "Left"
        },
        {
            "type": "SpeedUp"
        },
        {
            "type": "Deploy",
            "name": "煌",
            "location": [
                5,
                1
            ],
            "direction": "Left"
        },
        {
            "type": "Deploy",
            "name": "棘刺",
            "location": [
                4,
                3
            ],
            "direction": "Left"
        },
        {
            "type": "Deploy",
            "name": "重装1",
            "location": [
                5,
                2
            ],
            "direction": "Left",
            "kills": 10,
            "costs": 1
        },
        {
            "type": "Deploy",
            "name": "白面鸮",
            "location": [
                5,
                3
            ],
            "direction": "Up"
        },
        {
            "type": "Deploy",
            "name": "艾雅法拉",
            "location": [
                4,
                6
            ],
            "direction": "Right"
        },
        {
            "type": "Deploy",
            "name": "拉普兰德",
            "location": [
                4,
                2
            ],
            "direction": "Left",
            "kills": 49
        },
        {
            "type": "Deploy",
            "name": "塞雷娅",
            "location": [
                5,
                7
            ],
            "direction": "Right"
        },
        {
            "type": "Deploy",
            "name": "自走车单行道",
            "location": [
                9,
                2
            ],
            "direction": "Left"
        },
        {
            "type": "Deploy",
            "name": "自走车单行道",
            "location": [
                3,
                2
            ],
            "direction": "Down"
        },
        {
            "type": "Deploy",
            "name": "自走车单行道",
            "location": [
                1,
                5
            ],
            "direction": "Up"
        },
        {
            "type": "Deploy",
            "name": "自走车单行道",
            "location": [
                1,
                1
            ],
            "direction": "Down"
        },
        {
            "type": "Deploy",
            "name": "自走车单行道",
            "location": [
                2,
                1
            ],
            "direction": "Right"
        },
        {
            "type": "Deploy",
            "name": "自走车单行道",
            "location": [
                1,
                7
            ],
            "direction": "Up"
        },
        {
            "type": "Skill",
            "location": [
                8,
                3
            ],
            "kills": 100
        },
        {
            "type": "Skill",
            "location": [
                2,
                6
            ],
            "kills": 100
        }
    ],
    "doc": {
        "title": "理想城：长夏狂欢季 - IC-MO-1 - 狂欢之巅  萧然Q 摆完挂机 简单好抄 ",
        "details": "作业更新日期: 2023-09-02T10:08:32Z\n统计更新日期: 2024-07-27\n好评率：90.48%  浏览量：5067\n来源：Eric  ID：27582\n\nB站：萧然Q\nhttps://www.bilibili.com/video/BV1dT411w72G?p=35&vd_source=1596f73611f1847c8bd4c4ccde108c05\n小车配件：\n啸叫扩音器  高速阶梯钻\n浓缩蘑菇精  提纯薄荷油\n无尽之拳      矛盾的爆发\n重装1干员组随便带个挡三的就行\n如果能抄的话麻烦点个好评Thanks♪(･ω･)ﾉ"
    },
    "groups": [
        {
            "name": "先锋1",
            "opers": [
                {
                    "name": "推进之王",
                    "skill": 1,
                    "skill_usage": 0
                },
                {
                    "name": "焰尾",
                    "skill": 1,
                    "skill_usage": 0
                },
                {
                    "name": "嵯峨",
                    "skill": 1,
                    "skill_usage": 0
                },
                {
                    "name": "讯使",
                    "skill": 1,
                    "skill_usage": 0
                },
                {
                    "name": "芬",
                    "skill": 1,
                    "skill_usage": 0
                },
                {
                    "name": "香草",
                    "skill": 1,
                    "skill_usage": 0
                },
                {
                    "name": "凛冬",
                    "skill": 1,
                    "skill_usage": 0
                },
                {
                    "name": "清道夫",
                    "skill": 1,
                    "skill_usage": 0
                },
                {
                    "name": "贾维",
                    "skill": 1,
                    "skill_usage": 0
                },
                {
                    "name": "青枳",
                    "skill": 1,
                    "skill_usage": 0
                }
            ]
        },
        {
            "name": "重装1",
            "opers": [
                {
                    "name": "蛇屠箱",
                    "skill": 1,
                    "skill_usage": 0
                },
                {
                    "name": "古米",
                    "skill": 1,
                    "skill_usage": 0
                },
                {
                    "name": "斑点",
                    "skill": 1,
                    "skill_usage": 0
                },
                {
                    "name": "临光",
                    "skill": 1,
                    "skill_usage": 0
                },
                {
                    "name": "雷蛇",
                    "skill": 1,
                    "skill_usage": 0
                },
                {
                    "name": "星熊",
                    "skill": 2,
                    "skill_usage": 0
                }
            ]
        }
    ],
    "opers": [
        {
            "name": "德克萨斯",
            "skill": 1,
            "skill_usage": 0
        },
        {
            "name": "煌",
            "skill": 2,
            "skill_usage": 0
        },
        {
            "name": "塞雷娅",
            "skill": 1,
            "skill_usage": 0
        },
        {
            "name": "拉普兰德",
            "skill": 2,
            "skill_usage": 0
        },
        {
            "name": "棘刺",
            "skill": 3,
            "skill_usage": 1
        },
        {
            "name": "艾雅法拉",
            "skill": 2,
            "skill_usage": 0
        },
        {
            "name": "白面鸮",
            "skill": 2,
            "skill_usage": 0
        }
    ]
}