{
  "minimum_required": "v4.0.0",
  "stage_name": "act20side_s03#f#",
  "actions": [
    {
      "type": "SpeedUp"
    },
    {
      "type": "Deploy",
      "name": "桃金娘",
      "location": [
        3,
        4
      ],
      "direction": "Left"
    },
    {
      "type": "Deploy",
      "name": "号角",
      "location": [
        9,
        6
      ],
      "direction": "Up"
    },
    {
      "type": "Deploy",
      "name": "夕_异客",
      "location": [
        2,
        2
      ],
      "direction": "Down"
    },
    {
      "type": "Deploy",
      "name": "星熊",
      "location": [
        1,
        3
      ],
      "direction": "Down"
    },
    {
      "type": "Deploy",
      "name": "泥岩",
      "location": [
        1,
        4
      ],
      "direction": "Left"
    },
    {
      "type": "Deploy",
      "name": "塞雷娅",
      "location": [
        2,
        3
      ],
      "direction": "Left"
    },
    {
      "type": "Deploy",
      "name": "瑕光_煌不一定能站住",
      "location": [
        2,
        4
      ],
      "direction": "Left"
    },
    {
      "type": "Deploy",
      "name": "艾雅法拉",
      "location": [
        2,
        5
      ],
      "direction": "Up"
    },
    {
      "type": "Retreat",
      "name": "桃金娘",
      "costs": 22
    },
    {
      "type": "Deploy",
      "name": "闪灵_纯爱",
      "location": [
        4,
        2
      ],
      "direction": "Left"
    },
    {
      "type": "Skill",
      "location": [
        7,
        6
      ]
    },
    {
      "type": "Deploy",
      "name": "自走车单行道",
      "location": [
        9,
        3
      ],
      "direction": "Left",
      "costs": 8
    },
    {
      "type": "SkillDaemon"
    }
  ],
  "doc": {
    "title": "【自在道爷】理想城 IC-S-3 摆烂挂机",
    "details": "“平均60，基本专三，模组1级”\nav302455429/?p=3\nJson制作：status102\n.\n配件：\n车顶：超强制冷机<寒冷 5s>\n车头：突击保险杠<眩晕延长至3s>\n液罐：浓缩蘑菇精<+60%HP 5s>、提纯薄荷油<+40攻速 5s>\n插槽：无尽之拳、矛盾的爆发<600%物伤>\n.\nPS：煌是来自弹幕的意见，未经测试；看到似乎有些人没闪灵，给补了个纯爱"
  },
  "groups": [
    {
      "name": "夕_异客",
      "opers": [
        {
          "name": "夕",
          "skill": 1,
          "skill_usage": 0
        },
        {
          "name": "异客",
          "skill": 1,
          "skill_usage": 0
        }
      ]
    },
    {
      "name": "瑕光_煌不一定能站住",
      "opers": [
        {
          "name": "瑕光",
          "skill": 1,
          "skill_usage": 0
        },
        {
          "name": "煌",
          "skill": 2,
          "skill_usage": 0
        }
      ]
    },
    {
      "name": "闪灵_纯爱",
      "opers": [
        {
          "name": "闪灵",
          "skill": 1,
          "skill_usage": 0
        },
        {
          "name": "纯烬艾雅法拉",
          "skill": 1,
          "skill_usage": 0
        }
      ]
    }
  ],
  "opers": [
    {
      "name": "桃金娘",
      "skill": 1,
      "skill_usage": 1
    },
    {
      "name": "艾雅法拉",
      "skill": 2,
      "skill_usage": 0
    },
    {
      "name": "号角",
      "skill": 1,
      "skill_usage": 0
    },
    {
      "name": "塞雷娅",
      "skill": 1,
      "skill_usage": 0
    },
    {
      "name": "星熊",
      "skill": 2,
      "skill_usage": 0
    },
    {
      "name": "泥岩",
      "skill": 2,
      "skill_usage": 0
    }
  ],
  "difficulty": 3
}