{
  "minimum_required": "v4.0.0",
  "stage_name": "act20side_mo01",
  "actions": [
    {
      "type": "Deploy",
      "name": "先锋",
      "location": [
        9,
        4
      ],
      "direction": "Down"
    },
    {
      "type": "Deploy",
      "name": "拉普兰德",
      "location": [
        5,
        2
      ],
      "direction": "Left"
    },
    {
      "type": "Deploy",
      "name": "铁卫",
      "location": [
        3,
        2
      ],
      "direction": "Up"
    },
    {
      "type": "SpeedUp"
    },
    {
      "type": "Deploy",
      "name": "德克萨斯",
      "location": [
        9,
        3
      ],
      "direction": "Up"
    },
    {
      "type": "Deploy",
      "name": "煌",
      "location": [
        3,
        1
      ],
      "direction": "Left"
    },
    {
      "type": "Deploy",
      "name": "术师",
      "location": [
        4,
        6
      ],
      "direction": "Right"
    },
    {
      "type": "Deploy",
      "name": "艾雅法拉",
      "location": [
        4,
        4
      ],
      "direction": "Up"
    },
    {
      "type": "Deploy",
      "name": "群愈师",
      "location": [
        5,
        3
      ],
      "direction": "Left"
    },
    {
      "type": "Deploy",
      "name": "守护者",
      "location": [
        4,
        2
      ],
      "direction": "Left"
    },
    {
      "type": "Deploy",
      "name": "伊芙利特",
      "location": [
        10,
        5
      ],
      "direction": "Left"
    },
    {
      "type": "Deploy",
      "name": "自走车单行道",
      "location": [
        2,
        1
      ],
      "direction": "Right"
    },
    {
      "type": "Deploy",
      "name": "自走车单行道",
      "location": [
        1,
        1
      ],
      "direction": "Down"
    },
    {
      "type": "Deploy",
      "name": "自走车单行道",
      "location": [
        1,
        7
      ],
      "direction": "Right"
    },
    {
      "type": "Deploy",
      "name": "自走车单行道",
      "location": [
        9,
        7
      ],
      "direction": "Up"
    },
    {
      "type": "Deploy",
      "name": "自走车单行道",
      "location": [
        9,
        2
      ],
      "direction": "Left"
    },
    {
      "type": "Deploy",
      "name": "自走车单行道",
      "location": [
        5,
        1
      ],
      "direction": "Left"
    },
    {
      "type": "Skill",
      "name": "自走车出发点",
      "location": [
        2,
        6
      ],
      "costs": 15
    },
    {
      "type": "Skill",
      "name": "自走车出发点",
      "location": [
        8,
        3
      ],
      "costs": 15
    },
    {
      "type": "SkillDaemon"
    }
  ],
  "doc": {
    "title": "理想城：长夏狂欢季 - IC-MO-1 - 狂欢之巅 (修正)",
    "details": "修正 maa://24413 自走車軌道錯位導致漏怪\n-\n小鬼卡比，https://www.bilibili.com/video/BV1QV4y1W72z\n自走车配件见图：https://postimg.cc/ZvZQH8gx"
  },
  "groups": [
    {
      "name": "先锋",
      "opers": [
        {
          "name": "桃金娘",
          "skill": 1,
          "skill_usage": 1
        },
        {
          "name": "凛冬",
          "skill": 1,
          "skill_usage": 0
        },
        {
          "name": "讯使",
          "skill": 1,
          "skill_usage": 0
        },
        {
          "name": "清道夫",
          "skill": 1,
          "skill_usage": 0
        },
        {
          "name": "芬",
          "skill": 1,
          "skill_usage": 0
        },
        {
          "name": "推进之王",
          "skill": 1,
          "skill_usage": 0
        }
      ]
    },
    {
      "name": "群愈师",
      "opers": [
        {
          "name": "夜莺",
          "skill": 2,
          "skill_usage": 0
        },
        {
          "name": "白面鸮",
          "skill": 2,
          "skill_usage": 0
        },
        {
          "name": "调香师",
          "skill": 1,
          "skill_usage": 0
        }
      ]
    },
    {
      "name": "守护者",
      "opers": [
        {
          "name": "塞雷娅",
          "skill": 1,
          "skill_usage": 0
        },
        {
          "name": "临光",
          "skill": 1,
          "skill_usage": 0
        }
      ]
    },
    {
      "name": "铁卫",
      "opers": [
        {
          "name": "星熊",
          "skill": 2,
          "skill_usage": 0
        },
        {
          "name": "年",
          "skill": 2,
          "skill_usage": 0
        },
        {
          "name": "蛇屠箱",
          "skill": 2,
          "skill_usage": 0
        },
        {
          "name": "米格鲁",
          "skill": 1,
          "skill_usage": 0
        }
      ]
    },
    {
      "name": "术师",
      "opers": [
        {
          "name": "史都华德",
          "skill": 1,
          "skill_usage": 0
        },
        {
          "name": "阿米娅",
          "skill": 1,
          "skill_usage": 0
        },
        {
          "name": "夜烟",
          "skill": 1,
          "skill_usage": 0
        },
        {
          "name": "刻俄柏",
          "skill": 1,
          "skill_usage": 0
        },
        {
          "name": "黑键",
          "skill": 2,
          "skill_usage": 0
        }
      ]
    }
  ],
  "opers": [
    {
      "name": "德克萨斯",
      "skill": 1,
      "skill_usage": 0
    },
    {
      "name": "煌",
      "skill": 2,
      "skill_usage": 0
    },
    {
      "name": "艾雅法拉",
      "skill": 2,
      "skill_usage": 0
    },
    {
      "name": "伊芙利特",
      "skill": 2,
      "skill_usage": 0
    },
    {
      "name": "拉普兰德",
      "skill": 2,
      "skill_usage": 0
    }
  ]
}