{
    "minimum_required": "v4.0.0",
    "stage_name": "mem_amgoat_1",
    "actions": [
        {
            "type": "SpeedUp"
        },
        {
            "type": "Deploy",
            "name": "苇草",
            "location": [
                8,
                4
            ],
            "direction": "Up",
            "costs": 33,
            "doc": ""
        },
        {
            "type": "Deploy",
            "name": "星极",
            "location": [
                2,
                2
            ],
            "direction": "Down",
            "costs": 22,
            "doc_color": "DeepSkyBlue",
            "doc": "星极星极我们喜欢你"
        },
        {
            "type": "Deploy",
            "name": "艾雅法拉",
            "location": [
                5,
                3
            ],
            "direction": "Down",
            "costs": 21,
            "doc_color": "#d63384",
            "doc": "噔噔！主角登场！"
        },
        {
            "type": "Deploy",
            "name": "调香师",
            "location": [
                8,
                5
            ],
            "direction": "Up",
            "costs": 16,
            "doc": ""
        },
        {
            "type": "Skill",
            "name": "星极",
            "location": [
                2,
                2
            ],
            "costs": 11
        },
        {
            "type": "Deploy",
            "name": "杰西卡",
            "location": [
                8,
                6
            ],
            "direction": "Up",
            "costs": 12
        },
        {
            "type": "Deploy",
            "name": "苏苏洛",
            "location": [
                2,
                1
            ],
            "direction": "Down",
            "costs": 19
        },
        {
            "type": "Deploy",
            "name": "蛇屠箱",
            "location": [
                9,
                4
            ],
            "direction": "Left",
            "costs": 21
        },
        {
            "type": "Skill",
            "name": "星极",
            "location": [
                2,
                2
            ],
            "cost_changes": 0
        },
        {
            "type": "Skill",
            "name": "苇草",
            "cost_changes": 0
        },
        {
            "type": "Deploy",
            "name": "古米",
            "location": [
                1,
                2
            ],
            "direction": "Right",
            "costs": 20
        },
        {
            "type": "Skill",
            "name": "艾雅法拉",
            "costs": 25,
            "doc_color": "#d63384",
            "doc": "完结撒花！感谢使用喵"
        }
    ],
    "doc": {
        "title": "术师 - 艾雅法拉 - 一个人的包围圈",
        "details": "作业更新日期: 2025-01-16T05:09:24Z\n统计更新日期: 2025-02-15\n好评率：78.57%  浏览量：178\n来源：2817065120@qq.com  ID：45521\n编辑练度2607，低练测试中"
    },
    "groups": [],
    "opers": [
        {
            "name": "艾雅法拉",
            "skill": 3,
            "skill_usage": 0
        },
        {
            "name": "杰西卡",
            "skill": 1,
            "skill_usage": 0
        },
        {
            "name": "苇草",
            "skill": 1,
            "skill_usage": 0
        },
        {
            "name": "调香师",
            "skill": 1,
            "skill_usage": 0
        },
        {
            "name": "苏苏洛",
            "skill": 1,
            "skill_usage": 0
        },
        {
            "name": "古米",
            "skill": 1,
            "skill_usage": 0
        },
        {
            "name": "星极",
            "skill": 1,
            "skill_usage": 0
        },
        {
            "name": "蛇屠箱",
            "skill": 1,
            "skill_usage": 0
        }
    ]
}