{
    "minimum_required": "v4.0.0",
    "stage_name": "mem_sunbr_1",
    "actions": [
        {
            "type": "SpeedUp",
            "doc": "切换2倍速",
            "doc_color": "Gray"
        },
        {
            "type": "Deploy",
            "doc": "部署流星",
            "name": "流星",
            "location": [
                2,
                2
            ],
            "direction": "Right",
            "doc_color": "Gray"
        },
        {
            "type": "Deploy",
            "name": "克洛丝",
            "location": [
                2,
                4
            ],
            "direction": "Right"
        },
        {
            "type": "Deploy",
            "name": "安德切尔",
            "location": [
                1,
                2
            ],
            "direction": "Right"
        },
        {
            "type": "Deploy",
            "name": "杰西卡",
            "location": [
                1,
                4
            ],
            "direction": "Right"
        },
        {
            "type": "Deploy",
            "name": "古米",
            "location": [
                3,
                3
            ],
            "direction": "Right"
        },
        {
            "type": "Skill",
            "location": [
                3,
                3
            ],
            "costs": 26
        },
        {
            "type": "Skill",
            "name": "古米",
            "location": [
                3,
                3
            ],
            "costs": 99,
            "pre_delay": 2
        },
        {
            "type": "Skill",
            "name": "安德切尔",
            "location": [
                1,
                2
            ],
            "pre_delay": 3000
        },
        {
            "type": "SkillDaemon"
        }
    ],
    "doc": {
        "title": "重装 - 古米 - 战场烹调师",
        "details": "——————————\n作业更新日期: 2023-07-30T02:52:20Z\n统计更新日期: 2025-08-10\n相对评分：95.6%  相对热度：78.01%\n来源：CG_Neverdie  ID：24957\n——————————\nB站倾九作业\n视频链接：https://www.bilibili.com/video/BV17h411t7Lh"
    },
    "groups": [],
    "opers": [
        {
            "name": "古米",
            "skill": 2,
            "skill_usage": 0
        },
        {
            "name": "安德切尔",
            "skill": 1,
            "skill_usage": 0
        }
    ]
}