{
    "minimum_required": "v4.0.0",
    "actions": [
        {
            "type": "SpeedUp"
        },
        {
            "type": "Deploy",
            "name": "推进之王",
            "location": [
                2,
                2
            ],
            "direction": "Right"
        },
        {
            "type": "Deploy",
            "name": "艾雅法拉",
            "location": [
                3,
                1
            ],
            "direction": "Down"
        },
        {
            "type": "Deploy",
            "name": "银灰",
            "location": [
                2,
                5
            ],
            "direction": "Right"
        },
        {
            "type": "Deploy",
            "name": "干扰装置",
            "location": [
                3,
                3
            ],
            "direction": "None"
        },
        {
            "type": "Deploy",
            "name": "格劳克斯",
            "location": [
                5,
                5
            ],
            "direction": "Left"
        },
        {
            "type": "Deploy",
            "name": "夜莺",
            "location": [
                2,
                4
            ],
            "direction": "Up"
        },
        {
            "type": "Deploy",
            "name": "拉普兰德",
            "location": [
                1,
                2
            ],
            "direction": "Right"
        },
        {
            "type": "Output",
            "doc_color": "#6f42c1",
            "doc": "给个好评吧，亲~"
        }
    ],
    "doc": {
        "title": "格劳克斯模组摆完挂机-外骨骼装备",
        "details": "作业更新日期: 2023-02-18T00:53:48Z\n统计更新日期: 2024-11-30\n好评率：100.0%  浏览量：147\n来源：作业代传——有问题联系原作者  ID：20874\n侬无言以对模组任务摆完挂机合集:BV1wU4y177Qu\n3星通关主题曲5-7；必须编入非助战格劳克斯并上场，且使用格劳克斯歼灭至少2个法术大师A1\n筱竹聽雨"
    },
    "groups": [],
    "opers": [
        {
            "name": "银灰",
            "skill": 1,
            "skill_usage": 0
        },
        {
            "name": "推进之王",
            "skill": 2,
            "skill_usage": 0
        },
        {
            "name": "艾雅法拉",
            "skill": 2,
            "skill_usage": 0
        },
        {
            "name": "拉普兰德",
            "skill": 2,
            "skill_usage": 0
        },
        {
            "name": "夜莺",
            "skill": 2,
            "skill_usage": 0
        },
        {
            "name": "格劳克斯",
            "skill": 2,
            "skill_usage": 0
        }
    ],
    "stage_name": "main_05-07"
}