{
    "minimum_required": "v4.0.0",
    "actions": [
        {
            "type": "SpeedUp"
        },
        {
            "type": "Deploy",
            "name": "煌",
            "location": [
                8,
                4
            ],
            "direction": "Left"
        },
        {
            "type": "Deploy",
            "name": "浊心斯卡蒂",
            "location": [
                9,
                4
            ],
            "direction": "Left"
        },
        {
            "type": "Deploy",
            "name": "风笛",
            "location": [
                10,
                5
            ],
            "direction": "Up"
        },
        {
            "type": "Deploy",
            "name": "黑角",
            "location": [
                9,
                2
            ],
            "direction": "Left"
        },
        {
            "type": "Deploy",
            "name": "亚叶",
            "location": [
                9,
                3
            ],
            "direction": "Left"
        },
        {
            "type": "Output",
            "doc_color": "#6f42c1",
            "doc": "给个好评吧，亲~"
        }
    ],
    "doc": {
        "title": "亚叶模组摆完挂机-母亲的领巾",
        "details": "——————————\n作业更新日期: 2023-02-18T00:53:52Z\n统计更新日期: 2025-07-29\n相对评分：100.0%  相对热度：100.0%\n来源：作业代传——有问题联系原作者  ID：20981\n——————————\n侬无言以对模组任务摆完挂机合集:BV1wU4y177Qu\n3星通关主题曲5-2；必须编入非助战亚叶并上场，且使用亚叶至少歼灭8名敌人\n筱竹聽雨"
    },
    "groups": [],
    "opers": [
        {
            "name": "煌",
            "skill": 2,
            "skill_usage": 0
        },
        {
            "name": "浊心斯卡蒂",
            "skill": 2,
            "skill_usage": 0
        },
        {
            "name": "亚叶",
            "skill": 1,
            "skill_usage": 0
        },
        {
            "name": "黑角",
            "skill": 1,
            "skill_usage": 0
        },
        {
            "name": "风笛",
            "skill": 2,
            "skill_usage": 0
        }
    ],
    "stage_name": "main_05-02"
}