{
    "minimum_required": "v4.0.0",
    "stage_name": "act12side_07",
    "actions": [
        {
            "type": "Deploy",
            "name": "塞雷娅",
            "direction": "Right",
            "location": [
                3,
                6
            ]
        },
        {
            "type": "Deploy",
            "name": "煌",
            "direction": "Left",
            "location": [
                2,
                5
            ]
        },
        {
            "type": "Deploy",
            "name": "假日威龙陈",
            "direction": "Down",
            "location": [
                4,
                4
            ]
        },
        {
            "type": "SpeedUp"
        },
        {
            "type": "Deploy",
            "name": "奶",
            "direction": "Right",
            "location": [
                1,
                4
            ]
        },
        {
            "type": "Skill",
            "name": "假日威龙陈",
            "kills": 6
        },
        {
            "type": "SkillUsage",
            "skill_times": 1,
            "kills": 25,
            "name": "假日威龙陈",
            "skill_usage": 2
        },
        {
            "type": "SkillDaemon"
        }
    ],
    "doc": {
        "title": "多索雷斯假日·复刻 - DH-7 - 沙滩阻击 水陈二模模组任务",
        "details": "——————————\n作业更新日期: 2025-08-03T03:38:41Z\n统计更新日期: 2025-08-04\n相对评分：100.0%  相对热度：100.0%\n来源：萨拉托加  ID：64044\n——————————\n原作者涂绘天菜 json作者：萨拉托加\n作业交流群群号216314927，可蹲作业，有问题进群找我，作业站消息没提醒看不到\n【假日威龙陈 二模“假期的最后一天” 模组任务 四人半挂机 极其好抄】 https://www.bilibili.com/video/BV133hhzNEHK/?share_source=copy_web&vd_source=3fd5040fe25f6a00e19e6072bcccfa4e"
    },
    "groups": [
        {
            "name": "奶",
            "opers": [
                {
                    "name": "纯烬艾雅法拉",
                    "skill": 1,
                    "skill_usage": 0
                },
                {
                    "name": "蜜莓",
                    "skill": 1,
                    "skill_usage": 0
                }
            ]
        }
    ],
    "opers": [
        {
            "name": "假日威龙陈",
            "skill": 3,
            "skill_usage": 0
        },
        {
            "name": "塞雷娅",
            "skill": 2,
            "skill_usage": 0
        },
        {
            "name": "煌",
            "skill": 2,
            "skill_usage": 0
        }
    ]
}