{
  "minimum_required": "v4.0.0",
  "stage_name": "act3bossrush_02",
  "actions": [
    {
      "type": "SpeedUp"
    },
    {
      "type": "Deploy",
      "name": "山",
      "location": [
        3,
        4
      ],
      "direction": "Right"
    },
    {
      "type": "Deploy",
      "name": "令",
      "location": [
        4,
        3
      ],
      "direction": "Right",
      "kills": 1
    },
    {
      "type": "Deploy",
      "name": "“弦惊”",
      "location": [
        5,
        5
      ],
      "direction": "Down"
    },
    {
      "type": "Deploy",
      "name": "“弦惊”",
      "location": [
        5,
        3
      ],
      "direction": "Up"
    },
    {
      "type": "Deploy",
      "name": "“弦惊”",
      "location": [
        3,
        3
      ],
      "direction": "Up"
    },
    {
      "type": "Deploy",
      "name": "“弦惊”",
      "location": [
        6,
        3
      ],
      "direction": "Left"
    },
    {
      "type": "Skill",
      "name": "令",
      "pre_delay": 5000
    },
    {
      "type": "Deploy",
      "name": "“弦惊”",
      "location": [
        6,
        3
      ],
      "direction": "Left"
    },
    {
      "type": "SkillUsage",
      "name": "令",
      "skill_usage": 1
    },
    {
      "type": "MoveCamera",
      "distance": [
        3,
        0
      ],
      "kills": 19,
      "pre_delay": 15000
    },
    {
      "type": "SpeedUp"
    },
    {
      "type": "SkillUsage",
      "name": "令",
      "skill_usage": 0
    },
    {
      "type": "Deploy",
      "name": "骑士之徽",
      "location": [
        11,
        5
      ],
      "direction": "None"
    },
    {
      "type": "Deploy",
      "name": "蜜莓",
      "location": [
        11,
        5
      ],
      "direction": "Up"
    },
    {
      "type": "Retreat",
      "location": [
        5,
        3
      ]
    },
    {
      "type": "Retreat",
      "location": [
        5,
        5
      ]
    },
    {
      "type": "Deploy",
      "location": [
        11,
        4
      ],
      "name": "年",
      "direction": "Up"
    },
    {
      "type": "Deploy",
      "name": "艾雅法拉",
      "location": [
        12,
        5
      ],
      "direction": "Up"
    },
    {
      "type": "Deploy",
      "name": "夕",
      "location": [
        12,
        2
      ],
      "direction": "Down",
      "kills": 1
    },
    {
      "type": "Deploy",
      "name": "星熊",
      "location": [
        11,
        3
      ],
      "direction": "Right"
    },
    {
      "type": "MoveCamera",
      "distance": [
        4.5,
        0
      ],
      "kills": 21,
      "pre_delay": 15000
    },
    {
      "type": "SpeedUp"
    },
    {
      "type": "Deploy",
      "name": "骑士之徽",
      "location": [
        17,
        6
      ],
      "direction": "None"
    },
    {
      "type": "Deploy",
      "name": "山",
      "location": [
        17,
        6
      ],
      "direction": "Up"
    },
    {
      "type": "Skill",
      "name": "山",
      "pre_delay": 2000
    }
  ],
  "doc": {
    "title": "TN-2定向",
    "details": "萧然的\n遏制单元选第四个2级\n夕换一技能\nmaa2群限定作业\nFROMCAT\n"
  },
  "groups": [],
  "opers": [
    {
      "name": "山",
      "skill": 2,
      "skill_usage": 2
    },
    {
      "name": "星熊",
      "skill": 2,
      "skill_usage": 0
    },
    {
      "name": "艾雅法拉",
      "skill": 2,
      "skill_usage": 0
    },
    {
      "name": "蜜莓",
      "skill": 1,
      "skill_usage": 0
    }
  ]
}