{
  "minimum_required": "v4.9.0",
  "stage_name": "TN-1",
  "actions": [
    {
      "type": "Deploy",
      "name": "桃金娘",
      "location": [
        9,
        7
      ],
      "direction": "Left"
    },
    {
      "type": "Deploy",
      "name": "先锋",
      "location": [
        8,
        7
      ],
      "direction": "Left"
    },
    {
      "type": "SpeedUp",
      "name": ""
    },
    {
      "type": "Deploy",
      "name": "塞雷娅",
      "location": [
        8,
        5
      ],
      "direction": "Up",
      "rear_delay": 1000
    },
    {
      "type": "Skill",
      "name": "桃金娘",
      "location": [
        9,
        7
      ]
    },
    {
      "type": "Skill",
      "name": "先锋",
      "location": [
        8,
        7
      ]
    },
    {
      "type": "Deploy",
      "name": "流明",
      "location": [
        8,
        2
      ],
      "direction": "Down"
    },
    {
      "type": "Deploy",
      "name": "澄闪",
      "location": [
        9,
        6
      ],
      "direction": "Up"
    },
    {
      "type": "Skill",
      "kills": 7,
      "name": "桃金娘",
      "location": [
        9,
        7
      ]
    },
    {
      "type": "Skill",
      "kills": 8,
      "name": "先锋",
      "location": [
        8,
        7
      ]
    },
    {
      "type": "Retreat",
      "name": "桃金娘",
      "location": [
        9,
        7
      ]
    },
    {
      "type": "Retreat",
      "name": "先锋",
      "location": [
        8,
        7
      ],
      "pre_delay": 2000
    },
    {
      "type": "Skill",
      "kills": 12,
      "name": "流明",
      "location": [
        8,
        2
      ]
    },
    {
      "type": "Deploy",
      "name": "特制水上平台",
      "location": [
        7,
        5
      ],
      "direction": "Up"
    },
    {
      "type": "Deploy",
      "name": "假日威龙陈",
      "location": [
        9,
        2
      ],
      "direction": "Down"
    },
    {
      "type": "Deploy",
      "name": "重装",
      "location": [
        7,
        5
      ],
      "direction": "Up"
    },
    {
      "type": "Deploy",
      "kills": 22,
      "name": "桃金娘",
      "location": [
        5,
        7
      ],
      "direction": "Up"
    },
    {
      "type": "Deploy",
      "name": "先锋",
      "location": [
        5,
        3
      ],
      "direction": "Down"
    },
    {
      "type": "Deploy",
      "kills": 23,
      "name": "术士",
      "location": [
        9,
        4
      ],
      "direction": "Right"
    },
    {
      "type": "Skill",
      "name": "假日威龙陈",
      "location": [
        9,
        2
      ]
    },
    {
      "type": "SpeedUp",
      "name": "",
      "pre_delay": 16000
    },
    {
      "type": "SkillDaemon",
      "name": ""
    }
  ],
  "doc": {
    "title": "【初始/定向/恢弘】引航者试炼#03 TN-1",
    "details": "修改自作者koloc\n自用，第一次接触，若有冒犯，见谅见谅\n修改了前期摆放顺序不会漏怪，小改站位技能，保通过率\n自由编队三级经验习得单元\n2603稳定恢弘经过多次测试修改，应该没什么问题，吧？\n打丑东西眩晕暴毙不影响结果，吧？\n练度水陈节约术士伤害不同有没有控制可能会影响结果，最后可以看一眼水陈加开一次技能\n又学一招不知道好不好用"
  },
  "groups": [
    {
      "name": "先锋",
      "opers": [
        {
          "name": "琴柳",
          "skill": 1,
          "skill_usage": 0
        },
        {
          "name": "极境",
          "skill": 1,
          "skill_usage": 0
        }
      ]
    },
    {
      "name": "重装",
      "opers": [
        {
          "name": "星熊",
          "skill": 2,
          "skill_usage": 0
        },
        {
          "name": "年",
          "skill": 2,
          "skill_usage": 0
        }
      ]
    },
    {
      "name": "术士",
      "opers": [
        {
          "name": "黑键",
          "skill": 2,
          "skill_usage": 0
        },
        {
          "name": "艾雅法拉",
          "skill": 2,
          "skill_usage": 0
        },
        {
          "name": "异客",
          "skill": 1,
          "skill_usage": 0
        },
        {
          "name": "刻俄柏",
          "skill": 1,
          "skill_usage": 0
        },
        {
          "name": "夕",
          "skill": 1,
          "skill_usage": 0
        }
      ]
    }
  ],
  "opers": [
    {
      "name": "澄闪",
      "skill": 2,
      "skill_usage": 0
    },
    {
      "name": "塞雷娅",
      "skill": 1,
      "skill_usage": 0
    },
    {
      "name": "桃金娘",
      "skill": 1,
      "skill_usage": 0
    },
    {
      "name": "流明",
      "skill": 3,
      "skill_usage": 2
    },
    {
      "name": "假日威龙陈",
      "skill": 3,
      "skill_usage": 1
    }
  ]
}