{
    "minimum_required": "v4.0.0",
    "stage_name": "camp_r_25",
    "actions": [
        {
            "type": "SpeedUp"
        },
        {
            "type": "Deploy",
            "name": "先锋组",
            "location": [
                6,
                1
            ],
            "direction": "Down"
        },
        {
            "type": "Deploy",
            "name": "煌",
            "location": [
                7,
                1
            ],
            "direction": "Left"
        },
        {
            "type": "Deploy",
            "name": "重装奶位",
            "location": [
                8,
                1
            ],
            "direction": "Down"
        },
        {
            "type": "Deploy",
            "name": "艾雅法拉",
            "location": [
                9,
                1
            ],
            "direction": "Left"
        },
        {
            "type": "Deploy",
            "name": "永续术士",
            "location": [
                9,
                2
            ],
            "direction": "Left"
        },
        {
            "type": "Deploy",
            "name": "伊芙利特",
            "location": [
                5,
                2
            ],
            "direction": "Down"
        },
        {
            "type": "Deploy",
            "name": "泥岩或其他",
            "location": [
                5,
                4
            ],
            "direction": "Down"
        },
        {
            "type": "Deploy",
            "name": "奶",
            "location": [
                6,
                2
            ],
            "direction": "Right"
        },
        {
            "type": "Deploy",
            "name": "高防重装",
            "location": [
                7,
                2
            ],
            "direction": "Down"
        },
        {
            "type": "Output",
            "doc_color": "DeepSkyBlue",
            "doc": "请随时观察，有问题记得让我修改哦，qq759260193"
        },
        {
            "type": "SkillDaemon"
        }
    ],
    "doc": {
        "title": "可替换干员多——哥伦比亚 - 66号航道 - 66号航道，小慕斯撸猫写写版",
        "details": "作业更新日期: 2024-11-01T12:55:11Z\n统计更新日期: 2024-11-30\n好评率：93.33%  浏览量：1717\n来源：薄荷喵喵小慕斯  ID：42829\n要是缺了可以下载json自己改改试试，理论上泥岩可替为奶盾等，艾雅法拉也可替为单法群法（如logos，妮芙），因为不具备条件未进行测试。\n作业借鉴B站up自在道爷\n视频链接：【【明日方舟】66号航道挂机流，新剿灭摆完就过！语音快乐详解，轻松解放双手 | 剿灭委托400杀】 https://www.bilibili.com/video/BV1yx1VYaEpM/?share_source=copy_web&vd_source=ff8ef255949a1a9ece8eda8e97eb410e\n作业有问题留言，实在不行找我qq759260193"
    },
    "groups": [
        {
            "name": "先锋组",
            "opers": [
                {
                    "name": "桃金娘",
                    "skill": 1,
                    "skill_usage": 1
                },
                {
                    "name": "谜图",
                    "skill": 1,
                    "skill_usage": 0
                },
                {
                    "name": "伊内丝",
                    "skill": 1,
                    "skill_usage": 0
                },
                {
                    "name": "德克萨斯",
                    "skill": 1,
                    "skill_usage": 0
                }
            ]
        },
        {
            "name": "重装奶位",
            "opers": [
                {
                    "name": "黍",
                    "skill": 1,
                    "skill_usage": 0
                },
                {
                    "name": "塞雷娅",
                    "skill": 1,
                    "skill_usage": 0
                },
                {
                    "name": "临光",
                    "skill": 1,
                    "skill_usage": 0
                }
            ]
        },
        {
            "name": "永续术士",
            "opers": [
                {
                    "name": "逻各斯",
                    "skill": 1,
                    "skill_usage": 0
                },
                {
                    "name": "澄闪",
                    "skill": 2,
                    "skill_usage": 0
                }
            ]
        },
        {
            "name": "奶",
            "opers": [
                {
                    "name": "闪灵",
                    "skill": 2,
                    "skill_usage": 0
                },
                {
                    "name": "纯烬艾雅法拉",
                    "skill": 1,
                    "skill_usage": 0
                },
                {
                    "name": "流明",
                    "skill": 1,
                    "skill_usage": 0
                },
                {
                    "name": "华法琳",
                    "skill": 1,
                    "skill_usage": 0
                }
            ]
        },
        {
            "name": "泥岩或其他",
            "opers": [
                {
                    "name": "泥岩",
                    "skill": 2,
                    "skill_usage": 0
                },
                {
                    "name": "吽",
                    "skill": 2,
                    "skill_usage": 1
                }
            ]
        },
        {
            "name": "高防重装",
            "opers": [
                {
                    "name": "星熊",
                    "skill": 2,
                    "skill_usage": 0
                },
                {
                    "name": "年",
                    "skill": 3,
                    "skill_usage": 1
                },
                {
                    "name": "号角",
                    "skill": 1,
                    "skill_usage": 0
                }
            ]
        }
    ],
    "opers": [
        {
            "name": "煌",
            "skill": 2,
            "skill_usage": 0
        },
        {
            "name": "艾雅法拉",
            "skill": 2,
            "skill_usage": 0
        },
        {
            "name": "伊芙利特",
            "skill": 2,
            "skill_usage": 0
        }
    ]
}