{
    "minimum_required": "v4.0.0",
    "stage_name": "tough_10-11",
    "actions": [
        {
            "type": "Deploy",
            "name": "令",
            "location": [
                9,
                1
            ],
            "direction": "Left"
        },
        {
            "type": "SpeedUp"
        },
        {
            "type": "Deploy",
            "name": "“弦惊”",
            "location": [
                7,
                3
            ],
            "direction": "Up"
        },
        {
            "type": "Deploy",
            "name": "“弦惊”",
            "location": [
                7,
                4
            ],
            "direction": "Up"
        },
        {
            "type": "Deploy",
            "name": "“弦惊”",
            "location": [
                10,
                3
            ],
            "direction": "Left"
        },
        {
            "type": "Retreat",
            "name": "“弦惊”",
            "location": [
                7,
                3
            ],
            "kills": 26
        },
        {
            "type": "Deploy",
            "name": "“弦惊”",
            "location": [
                7,
                3
            ],
            "direction": "Up"
        },
        {
            "type": "Deploy",
            "name": "“弦惊”",
            "location": [
                7,
                4
            ],
            "direction": "Up"
        },
        {
            "type": "Deploy",
            "name": "“弦惊”",
            "location": [
                7,
                4
            ],
            "direction": "Up"
        },
        {
            "type": "Deploy",
            "name": "“弦惊”",
            "location": [
                7,
                3
            ],
            "direction": "Up",
            "kills": 49
        },
        {
            "type": "Deploy",
            "name": "“弦惊”",
            "location": [
                7,
                4
            ],
            "direction": "Up"
        },
        {
            "type": "Deploy",
            "name": "“弦惊”",
            "location": [
                7,
                3
            ],
            "direction": "Down",
            "kills": 56
        },
        {
            "type": "SkillDaemon"
        }
    ],
    "doc": {
        "title": "10-12（磨难） - 仇怨的尽头 令单人 第十章 破碎日冕",
        "details": "作业更新日期: 2024-05-22T05:41:59Z\n统计更新日期: 2024-08-11\n好评率：92.86%  浏览量：1010\n来源：晓丶梦丶仁  ID：33429\n第十章 破碎日冕 - 10-12（磨难） - 仇怨的尽头 令单人\n2903+3"
    },
    "groups": [],
    "opers": [
        {
            "name": "令",
            "skill": 3,
            "skill_usage": 1
        }
    ]
}