{
    "minimum_required": "v4.0.0",
    "stage_name": "tough_13-10",
    "actions": [
        {
            "type": "SpeedUp"
        },
        {
            "type": "Deploy",
            "name": "煌",
            "location": [
                1,
                4
            ],
            "direction": "Down"
        },
        {
            "type": "Deploy",
            "name": "莫斯提马",
            "location": [
                1,
                3
            ],
            "direction": "Right"
        },
        {
            "type": "Deploy",
            "name": "浊心斯卡蒂",
            "location": [
                1,
                5
            ],
            "direction": "Right"
        },
        {
            "type": "Deploy",
            "name": "泥岩",
            "location": [
                3,
                2
            ],
            "direction": "Up"
        },
        {
            "type": "Deploy",
            "name": "艾雅法拉",
            "location": [
                2,
                5
            ],
            "direction": "Right"
        },
        {
            "type": "SkillUsage",
            "kills": 46,
            "name": "莫斯提马",
            "skill_usage": 0
        },
        {
            "type": "SkillDaemon"
        }
    ],
    "doc": {
        "title": "第十三章 恶兆湍流 - 13-12（磨难） - 破碎温室",
        "details": "作业更新日期: 2023-10-09T05:54:12Z\n统计更新日期: 2025-04-03\n好评率：90.91%  浏览量：1001\n来源：萨拉托加  ID：28807\n13-12磨难，2603，原视频能天使不稳，我换带模组小莫了（小莫技能带哪个都行，没有助战随便找一个有模组的，测试技能七级+二级模组可过，其他未测试）\n【【明日方舟】13-12摆完挂机（磨难险地环境/恶兆湍流）】 https://www.bilibili.com/video/BV19m4y1u7eK/?share_source=copy_web&vd_source=3fd5040fe25f6a00e19e6072bcccfa4e UP侬无言以对"
    },
    "groups": [],
    "opers": [
        {
            "name": "煌",
            "skill": 2,
            "skill_usage": 0
        },
        {
            "name": "艾雅法拉",
            "skill": 2,
            "skill_usage": 0
        },
        {
            "name": "莫斯提马",
            "skill": 2,
            "skill_usage": 1
        },
        {
            "name": "浊心斯卡蒂",
            "skill": 2,
            "skill_usage": 0
        },
        {
            "name": "泥岩",
            "skill": 2,
            "skill_usage": 0
        },
        {
            "name": "德克萨斯",
            "skill": 1,
            "skill_usage": 0
        }
    ]
}