{
    "minimum_required": "v4.0.0",
    "stage_name": "tough_13-19",
    "actions": [
        {
            "type": "Deploy",
            "name": "桃金娘",
            "location": [
                9,
                5
            ],
            "direction": "Left"
        },
        {
            "type": "SpeedUp"
        },
        {
            "type": "Deploy",
            "name": "山",
            "location": [
                8,
                3
            ],
            "direction": "Right"
        },
        {
            "type": "Deploy",
            "name": "浊心斯卡蒂",
            "location": [
                7,
                6
            ],
            "direction": "Left"
        },
        {
            "type": "Deploy",
            "name": "夜莺",
            "location": [
                6,
                6
            ],
            "direction": "Up"
        },
        {
            "type": "Deploy",
            "name": "奶盾",
            "location": [
                7,
                5
            ],
            "direction": "Left"
        },
        {
            "type": "Deploy",
            "name": "艾雅法拉",
            "location": [
                7,
                4
            ],
            "direction": "Left"
        },
        {
            "type": "Deploy",
            "name": "输出",
            "location": [
                5,
                6
            ],
            "direction": "Up"
        },
        {
            "type": "Deploy",
            "name": "煌",
            "location": [
                8,
                5
            ],
            "direction": "Left"
        },
        {
            "type": "SkillUsage",
            "name": "桃金娘",
            "skill_usage": 0
        },
        {
            "type": "Retreat",
            "name": "桃金娘"
        },
        {
            "type": "Deploy",
            "name": "幻影",
            "location": [
                6,
                7
            ],
            "kills": 19,
            "direction": "None"
        },
        {
            "type": "Deploy",
            "name": "桃金娘",
            "kills": 27,
            "pre_delay": 2000,
            "location": [
                9,
                5
            ],
            "direction": "Left"
        },
        {
            "type": "Skill",
            "name": "炸弹载荷点",
            "location": [
                10,
                5
            ]
        },
        {
            "type": "Deploy",
            "name": "斯卡蒂的海嗣",
            "location": [
                8,
                4
            ],
            "direction": "None"
        },
        {
            "type": "Retreat",
            "name": "桃金娘",
            "pre_delay": 2500
        },
        {
            "type": "Skill",
            "name": "炸弹载荷点",
            "location": [
                10,
                3
            ]
        },
        {
            "type": "Skill",
            "name": "山",
            "pre_delay": 40000
        },
        {
            "type": "Skill",
            "name": "山",
            "pre_delay": 2000
        },
        {
            "type": "Deploy",
            "name": "桃金娘",
            "location": [
                9,
                5
            ],
            "pre_delay": 10000,
            "direction": "Left"
        },
        {
            "type": "Skill",
            "name": "炸弹载荷点",
            "location": [
                10,
                5
            ],
            "pre_delay": 30000
        },
        {
            "type": "Deploy",
            "name": "桃金娘",
            "location": [
                9,
                5
            ],
            "direction": "Left"
        },
        {
            "type": "SkillDaemon"
        }
    ],
    "doc": {
        "title": "第十三章 恶兆湍流 - 13-21（磨难） - 殷红君主",
        "details": "统计日期：2024-05-31\n好评率：87.5%  浏览量：2016\n来源：Chiho  ID：28938\nup：祈星_Estrella\nlink：【【恶兆湍流】主线十三章13-21八人磨难险地摆完挂机简单好抄明日方舟】 https://www.bilibili.com/video/BV1JN4y1Z7gx/?share_source=copy_web&vd_source=dcc7ddeba31e59bccd51d29a07ff1565\n精二603 视频中塞雷娅与夜莺都开了X模组\n用刻俄柏的话在山那里会漏一只怪，需要手动下个干员挡一下 有澄闪还是建议用澄闪"
    },
    "groups": [
        {
            "name": "奶盾",
            "opers": [
                {
                    "name": "塞雷娅",
                    "skill": 1,
                    "skill_usage": 0
                },
                {
                    "name": "临光",
                    "skill": 1,
                    "skill_usage": 0
                }
            ]
        },
        {
            "name": "输出",
            "opers": [
                {
                    "name": "澄闪",
                    "skill": 2,
                    "skill_usage": 0
                },
                {
                    "name": "刻俄柏",
                    "skill": 2,
                    "skill_usage": 1
                }
            ]
        }
    ],
    "opers": [
        {
            "name": "桃金娘",
            "skill": 1,
            "skill_usage": 1
        },
        {
            "name": "煌",
            "skill": 2,
            "skill_usage": 0
        },
        {
            "name": "山",
            "skill": 2,
            "skill_usage": 2
        },
        {
            "name": "艾雅法拉",
            "skill": 2,
            "skill_usage": 0
        },
        {
            "name": "浊心斯卡蒂",
            "skill": 2,
            "skill_usage": 0
        },
        {
            "name": "夜莺",
            "skill": 2,
            "skill_usage": 0
        }
    ]
}