{
    "minimum_required": "v4.0.0",
    "stage_name": "tough_13-02",
    "actions": [
        {
            "type": "SpeedUp"
        },
        {
            "type": "Deploy",
            "name": "煌",
            "location": [
                4,
                4
            ],
            "direction": "Up"
        },
        {
            "type": "Deploy",
            "name": "先锋",
            "location": [
                5,
                3
            ],
            "direction": "Left"
        },
        {
            "type": "Deploy",
            "name": "艾雅法拉",
            "location": [
                7,
                2
            ],
            "direction": "Right"
        },
        {
            "type": "Deploy",
            "name": "夜莺",
            "location": [
                4,
                5
            ],
            "direction": "Up"
        },
        {
            "type": "Deploy",
            "name": "泥岩",
            "location": [
                9,
                2
            ],
            "direction": "Up"
        }
    ],
    "doc": {
        "title": "第十三章 恶兆湍流 - 13-3（磨难） - 不得暂歇",
        "details": "统计日期：2024-05-31\n好评率：90.08%  浏览量：3237\n来源：Chiho  ID：28748\nup:侬无言以对\nlink:【【明日方舟】13-3摆完挂机（磨难险地环境/恶兆湍流）】 https://www.bilibili.com/video/BV1hG411m7PD/?share_source=copy_web&vd_source=dcc7ddeba31e59bccd51d29a07ff1565\n精二603 \n地图未更新 后续需测试"
    },
    "groups": [
        {
            "name": "先锋",
            "opers": [
                {
                    "name": "山",
                    "skill": 2,
                    "skill_usage": 2
                },
                {
                    "name": "推进之王",
                    "skill": 2,
                    "skill_usage": 0
                }
            ]
        }
    ],
    "opers": [
        {
            "name": "煌",
            "skill": 2,
            "skill_usage": 0
        },
        {
            "name": "艾雅法拉",
            "skill": 2,
            "skill_usage": 0
        },
        {
            "name": "夜莺",
            "skill": 2,
            "skill_usage": 0
        },
        {
            "name": "泥岩",
            "skill": 2,
            "skill_usage": 0
        }
    ]
}