{
    "minimum_required": "v4.0.0",
    "stage_name": "hard_13-01",
    "actions": [
        {
            "type": "Deploy",
            "name": "桃金娘",
            "location": [
                9,
                5
            ],
            "direction": "Up"
        },
        {
            "type": "Deploy",
            "name": "山",
            "location": [
                7,
                6
            ],
            "direction": "Left"
        },
        {
            "type": "Deploy",
            "name": "玛恩纳",
            "location": [
                6,
                4
            ],
            "direction": "Left"
        },
        {
            "type": "Deploy",
            "name": "塞雷娅",
            "location": [
                7,
                5
            ],
            "direction": "Left"
        },
        {
            "type": "Deploy",
            "name": "史尔特尔",
            "location": [
                6,
                6
            ],
            "direction": "Left"
        },
        {
            "type": "Skill",
            "name": "玛恩纳",
            "kills": 3
        },
        {
            "type": "Skill",
            "name": "史尔特尔",
            "kills": 5
        },
        {
            "type": "Deploy",
            "name": "夜莺",
            "location": [
                4,
                3
            ],
            "costs": 38,
            "direction": "Right"
        },
        {
            "type": "Deploy",
            "name": "幻影",
            "location": [
                3,
                2
            ],
            "direction": "None"
        },
        {
            "type": "SpeedUp"
        },
        {
            "type": "Skill",
            "name": "夜莺",
            "kills": 8
        },
        {
            "type": "Deploy",
            "name": "艾雅法拉",
            "location": [
                4,
                2
            ],
            "direction": "Down"
        },
        {
            "type": "Skill",
            "name": "炸弹载荷点",
            "location": [
                2,
                2
            ],
            "pre_delay": 5000
        },
        {
            "type": "Skill",
            "name": "艾雅法拉"
        },
        {
            "type": "Deploy",
            "name": "伊芙利特",
            "location": [
                9,
                6
            ],
            "direction": "Left"
        },
        {
            "type": "Deploy",
            "name": "黍",
            "location": [
                6,
                6
            ],
            "direction": "Left"
        },
        {
            "type": "Skill",
            "name": "玛恩纳"
        },
        {
            "type": "Retreat",
            "name": "艾雅法拉",
            "kills": 19
        },
        {
            "type": "Retreat",
            "name": "夜莺"
        },
        {
            "type": "Deploy",
            "name": "阿消",
            "location": [
                8,
                4
            ],
            "kills": 23,
            "direction": "Right"
        },
        {
            "type": "Skill",
            "name": "炸弹载荷点",
            "location": [
                4,
                5
            ],
            "pre_delay": 15000
        },
        {
            "type": "Deploy",
            "name": "夜莺",
            "location": [
                7,
                4
            ],
            "direction": "Down"
        },
        {
            "type": "Skill",
            "name": "玛恩纳"
        },
        {
            "type": "Skill",
            "name": "玛恩纳",
            "pre_delay": 34000
        },
        {
            "type": "Skill",
            "name": "玛恩纳",
            "pre_delay": 34000
        },
        {
            "type": "Skill",
            "name": "玛恩纳",
            "pre_delay": 34000
        },
        {
            "type": "SkillDaemon"
        }
    ],
    "doc": {
        "title": "第十三章 恶兆湍流 - H13-1（标准） - 湍流行动-1",
        "details": "作业更新日期: 2024-05-10T11:19:36Z\n统计更新日期: 2025-03-28\n好评率：92.31%  浏览量：1002\n来源：幸福来敲门了  ID：37439\n第十三章 恶兆湍流 - H13-1（标准） - 湍流行动-1"
    },
    "groups": [],
    "opers": [
        {
            "name": "桃金娘",
            "skill": 1,
            "skill_usage": 1
        },
        {
            "name": "玛恩纳",
            "skill": 3,
            "skill_usage": 0
        },
        {
            "name": "史尔特尔",
            "skill": 3,
            "skill_usage": 0
        },
        {
            "name": "山",
            "skill": 2,
            "skill_usage": 2
        },
        {
            "name": "塞雷娅",
            "skill": 1,
            "skill_usage": 0
        },
        {
            "name": "艾雅法拉",
            "skill": 3,
            "skill_usage": 0
        },
        {
            "name": "伊芙利特",
            "skill": 2,
            "skill_usage": 0
        },
        {
            "name": "夜莺",
            "skill": 3,
            "skill_usage": 0
        },
        {
            "name": "阿消",
            "skill": 1,
            "skill_usage": 0
        },
        {
            "name": "黍"
        }
    ]
}