{
    "minimum_required": "v4.0.0",
    "stage_name": "wk_toxic_1",
    "actions": [
        {
            "type": "Output",
            "doc": "如果关卡内有剧情，请快速跳过",
            "doc_color": "Gold"
        },
        {
            "type": "Deploy",
            "name": "芬",
            "location": [
                7,
                5
            ],
            "direction": "Left"
        },
        {
            "type": "SpeedUp"
        },
        {
            "type": "Deploy",
            "name": "芙蓉",
            "location": [
                7,
                3
            ],
            "direction": "Down"
        },
        {
            "type": "Deploy",
            "name": "黑角",
            "location": [
                8,
                5
            ],
            "direction": "Left"
        },
        {
            "type": "Deploy",
            "name": "阿米娅",
            "location": [
                6,
                4
            ],
            "direction": "Down"
        },
        {
            "type": "Deploy",
            "name": "米格鲁",
            "location": [
                7,
                6
            ],
            "direction": "Down"
        },
        {
            "type": "Deploy",
            "name": "杰西卡",
            "location": [
                8,
                4
            ],
            "direction": "Left"
        },
        {
            "type": "Deploy",
            "name": "炎熔",
            "location": [
                7,
                4
            ],
            "direction": "Down"
        },
        {
            "type": "Deploy",
            "name": "安赛尔",
            "location": [
                8,
                3
            ],
            "direction": "Down"
        },
        {
            "type": "SkillDaemon"
        }
    ],
    "doc": {
        "title": "粉碎防御 - AP-1 - 源石开采保全（新人养成）",
        "details": "作业更新日期: 2023-12-03T12:32:37Z\n统计更新日期: 2024-11-30\n好评率：94.74%  浏览量：305\n来源：胖头🐟  ID：30632\n红票本第一关，\n练度全员精0一级\n如果关卡内有剧情，请快速跳过"
    },
    "groups": [],
    "opers": [
        {
            "name": "阿米娅",
            "skill": 1,
            "skill_usage": 1
        },
        {
            "name": "芬",
            "skill": 1,
            "skill_usage": 0
        },
        {
            "name": "米格鲁",
            "skill": 1,
            "skill_usage": 0
        },
        {
            "name": "黑角",
            "skill": 1,
            "skill_usage": 0
        },
        {
            "name": "炎熔",
            "skill": 1,
            "skill_usage": 1
        },
        {
            "name": "杰西卡",
            "skill": 1,
            "skill_usage": 0
        },
        {
            "name": "安赛尔",
            "skill": 1,
            "skill_usage": 0
        },
        {
            "name": "芙蓉",
            "skill": 1,
            "skill_usage": 0
        }
    ]
}