{
  "minimum_required": "v4.0.0",
  "stage_name": "act15mini_04",
  "actions": [
    {
      "type": "Deploy",
      "name": "骑士之徽",
      "location": [
        1,
        2
      ],
      "direction": "None"
    },
    {
      "type": "Deploy",
      "name": "令",
      "location": [
        1,
        2
      ],
      "direction": "Right"
    },
    {
      "type": "SpeedUp"
    },
    {
      "type": "Deploy",
      "name": "“弦惊”",
      "location": [
        1,
        3
      ],
      "direction": "Right"
    },
    {
      "type": "Deploy",
      "name": "骑士之徽",
      "location": [
        2,
        4
      ],
      "direction": "None",
      "costs": 12
    },
    {
      "type": "Deploy",
      "name": "“弦惊”",
      "location": [
        2,
        3
      ],
      "direction": "Left"
    },
    {
      "type": "Deploy",
      "name": "“弦惊”",
      "location": [
        2,
        4
      ],
      "direction": "Up"
    },
    {
      "type": "Deploy",
      "name": "“弦惊”",
      "location": [
        2,
        3
      ],
      "direction": "Down",
      "kills": 11
    },
    {
      "type": "SkillDaemon"
    }
  ],
  "doc": {
    "title": "眠于树影之中 - FD-4 令单人",
    "details": "转载自B站用户“没有对白”\nhttps://www.bilibili.com/video/BV1KX4y1H7XN\njson作者：七一"
  },
  "groups": [],
  "opers": [
    {
      "name": "令",
      "skill": 3,
      "skill_usage": 1
    }
  ],
  "difficulty": 2
}