{
    "minimum_required": "v4.0.0",
    "stage_name": "mem_phenxi_1",
    "actions": [
        {
            "type": "SpeedUp",
            "kills": 0
        },
        {
            "type": "Deploy",
            "name": "菲亚梅塔",
            "location": [
                4,
                5
            ],
            "direction": "Up"
        },
        {
            "type": "Deploy",
            "name": "调香师",
            "location": [
                4,
                6
            ],
            "direction": "Up"
        },
        {
            "type": "Deploy",
            "name": "阿消",
            "location": [
                3,
                5
            ],
            "direction": "Up"
        },
        {
            "type": "Deploy",
            "name": "见行者",
            "location": [
                5,
                5
            ],
            "direction": "Up"
        },
        {
            "type": "Skill",
            "name": "菲亚梅塔",
            "location": [
                4,
                5
            ],
            "kills": 4
        }
    ],
    "doc": {
        "title": "狙击 - 菲亚梅塔 - 午后时光",
        "details": "作业更新日期: 2023-03-03T19:06:47Z\n统计更新日期: 2024-11-02\n好评率：88.83%  浏览量：5936\n来源：xf22cn@qq.com  ID：21280\n显示会话管理选项   https://www.bilibili.com/video/BV1FM411w7Aa/\n菲亚梅塔 精二60  三技能  7级"
    },
    "groups": [],
    "opers": [
        {
            "name": "菲亚梅塔",
            "skill": 3,
            "skill_usage": 0
        },
        {
            "name": "调香师",
            "skill": 1,
            "skill_usage": 0
        },
        {
            "name": "阿消",
            "skill": 1,
            "skill_usage": 0
        },
        {
            "name": "见行者",
            "skill": 1,
            "skill_usage": 0
        }
    ]
}