{
    "minimum_required": "v4.0.0",
    "stage_name": "mem_kaitou_1",
    "actions": [
        {
            "type": "Deploy",
            "name": "折光",
            "location": [
                3,
                3
            ],
            "direction": "Right"
        },
        {
            "type": "Skill",
            "name": "斑点",
            "location": [
                6,
                4
            ],
            "costs": 10
        },
        {
            "type": "Skill",
            "name": "凛视",
            "location": [
                4,
                3
            ],
            "costs": 18
        },
        {
            "type": "Skill",
            "name": "折光",
            "location": [
                3,
                3
            ],
            "costs": 29
        },
        {
            "type": "Skill",
            "name": "凛视",
            "location": [
                4,
                3
            ],
            "kills": 7,
            "pre_delay": 4000
        },
        {
            "type": "Skill",
            "name": "折光",
            "location": [
                3,
                3
            ],
            "kills": 8,
            "pre_delay": 8000
        },
        {
            "type": "Skill",
            "name": "凛视",
            "location": [
                4,
                3
            ],
            "kills": 13,
            "pre_delay": 3000
        },
        {
            "type": "Skill",
            "name": "斑点",
            "location": [
                6,
                4
            ],
            "kills": 14,
            "pre_delay": 6500
        },
        {
            "type": "Skill",
            "name": "凛视",
            "location": [
                4,
                3
            ],
            "kills": 15,
            "pre_delay": 17000
        },
        {
            "type": "Skill",
            "name": "折光",
            "location": [
                3,
                3
            ],
            "kills": 15
        }
    ],
    "doc": {
        "title": "【折光】悖论模拟 - 大盗的眼光",
        "details": "作业更新日期: 2024-11-05T01:00:14Z\n统计更新日期: 2024-11-13\n好评率：100.0%  浏览量：60\n来源：LobsterJam  ID：43198\nlv20 二技能5级\n自用测试通过。"
    },
    "groups": [],
    "opers": [
        {
            "name": "折光",
            "skill": 2,
            "skill_usage": 0
        }
    ]
}