{
    "minimum_required": "v4.0.0",
    "stage_name": "camp_r_01",
    "actions": [
        {
            "type": "Deploy",
            "name": "投降先锋",
            "location": [
                10,
                5
            ],
            "direction": "Left"
        },
        {
            "type": "Deploy",
            "name": "远卫",
            "location": [
                6,
                2
            ],
            "direction": "Left"
        },
        {
            "type": "SpeedUp"
        },
        {
            "type": "Deploy",
            "name": "近卫先锋",
            "location": [
                9,
                5
            ],
            "direction": "Down"
        },
        {
            "type": "Deploy",
            "name": "阻挡盾",
            "location": [
                10,
                6
            ],
            "direction": "Left"
        },
        {
            "type": "Deploy",
            "name": "群奶盾",
            "location": [
                7,
                2
            ],
            "direction": "Left"
        },
        {
            "type": "Deploy",
            "name": "单奶",
            "location": [
                10,
                3
            ],
            "direction": "Down"
        },
        {
            "type": "Deploy",
            "name": "如煌",
            "location": [
                11,
                6
            ],
            "direction": "Left"
        },
        {
            "type": "Deploy",
            "name": "维什戴尔",
            "location": [
                8,
                3
            ],
            "direction": "Left"
        },
        {
            "type": "Retreat",
            "name": "魂灵之影",
            "location": [
                8,
                2
            ]
        },
        {
            "type": "Deploy",
            "name": "如号角",
            "location": [
                8,
                2
            ],
            "direction": "Left"
        },
        {
            "type": "Retreat",
            "name": "投降先锋",
            "location": [
                10,
                5
            ],
            "kills": 400
        },
        {
            "type": "SkillDaemon",
            "kills": 0,
            "doc_color": "#6f42c1",
            "doc": "感谢使用"
        }
    ],
    "doc": {
        "title": "【维什戴尔替换】(自用1.0)卡西米尔-大骑士领郊外",
        "details": "——————————\n作业更新日期: 2025-05-02T06:45:01Z\n统计更新日期: 2025-06-11\n好评率：80.0%  浏览量：1030\n来源：苍蓝残响  ID：46287\n——————————\n\n原视频攻略：苏趴YU：BV1cm4y157qb\n原JSON：筱竹聽雨"
    },
    "groups": [
        {
            "name": "群奶盾",
            "opers": [
                {
                    "name": "塞雷娅",
                    "skill": 2,
                    "skill_usage": 0
                },
                {
                    "name": "黍",
                    "skill": 3,
                    "skill_usage": 1
                },
                {
                    "name": "古米",
                    "skill": 1,
                    "skill_usage": 0
                },
                {
                    "name": "临光",
                    "skill": 1,
                    "skill_usage": 0
                },
                {
                    "name": "深律",
                    "skill": 1,
                    "skill_usage": 0
                }
            ]
        },
        {
            "name": "远卫",
            "opers": [
                {
                    "name": "仇白",
                    "skill": 3,
                    "skill_usage": 1
                },
                {
                    "name": "拉普兰德",
                    "skill": 2,
                    "skill_usage": 0
                }
            ]
        },
        {
            "name": "近卫先锋",
            "opers": [
                {
                    "name": "推进之王",
                    "skill": 2,
                    "skill_usage": 0
                },
                {
                    "name": "风笛",
                    "skill": 2,
                    "skill_usage": 0
                },
                {
                    "name": "伊内丝",
                    "skill": 1,
                    "skill_usage": 0
                },
                {
                    "name": "锏",
                    "skill": 1,
                    "skill_usage": 0
                },
                {
                    "name": "重岳",
                    "skill": 3,
                    "skill_usage": 1
                },
                {
                    "name": "左乐",
                    "skill": 3,
                    "skill_usage": 1
                },
                {
                    "name": "临光",
                    "skill": 1,
                    "skill_usage": 0
                }
            ]
        },
        {
            "name": "投降先锋",
            "opers": [
                {
                    "name": "桃金娘",
                    "skill": 1,
                    "skill_usage": 1
                },
                {
                    "name": "琴柳",
                    "skill": 1,
                    "skill_usage": 1
                },
                {
                    "name": "极境",
                    "skill": 1,
                    "skill_usage": 1
                },
                {
                    "name": "万顷",
                    "skill": 1,
                    "skill_usage": 1
                }
            ]
        },
        {
            "name": "如号角",
            "opers": [
                {
                    "name": "号角",
                    "skill": 1,
                    "skill_usage": 0
                },
                {
                    "name": "灰毫",
                    "skill": 1,
                    "skill_usage": 0
                },
                {
                    "name": "火哨",
                    "skill": 1,
                    "skill_usage": 0
                }
            ]
        },
        {
            "name": "阻挡盾",
            "opers": [
                {
                    "name": "星熊",
                    "skill": 2,
                    "skill_usage": 0
                },
                {
                    "name": "年",
                    "skill": 2,
                    "skill_usage": 1
                },
                {
                    "name": "蛇屠箱",
                    "skill": 2,
                    "skill_usage": 1
                },
                {
                    "name": "雷蛇",
                    "skill": 1,
                    "skill_usage": 0
                },
                {
                    "name": "余",
                    "skill": 3,
                    "skill_usage": 0
                }
            ]
        },
        {
            "name": "单奶",
            "opers": [
                {
                    "name": "闪灵",
                    "skill": 2,
                    "skill_usage": 0
                },
                {
                    "name": "纯烬艾雅法拉",
                    "skill": 1,
                    "skill_usage": 0
                },
                {
                    "name": "流明",
                    "skill": 1,
                    "skill_usage": 0
                },
                {
                    "name": "华法琳",
                    "skill": 1,
                    "skill_usage": 0
                },
                {
                    "name": "嘉维尔",
                    "skill": 1,
                    "skill_usage": 0
                }
            ]
        },
        {
            "name": "如煌",
            "opers": [
                {
                    "name": "煌",
                    "skill": 2,
                    "skill_usage": 0
                },
                {
                    "name": "耀骑士临光",
                    "skill": 1,
                    "skill_usage": 0
                },
                {
                    "name": "棘刺",
                    "skill": 3,
                    "skill_usage": 1
                }
            ]
        }
    ],
    "opers": [
        {
            "name": "维什戴尔",
            "skill": 3,
            "skill_usage": 1
        }
    ]
}