{
    "minimum_required": "v4.0.0",
    "stage_name": "camp_r_23",
    "actions": [
        {
            "type": "Deploy",
            "name": "德克萨斯",
            "location": [
                2,
                5
            ],
            "direction": "Right"
        },
        {
            "type": "Deploy",
            "name": "逻各斯",
            "location": [
                2,
                4
            ],
            "direction": "Right"
        },
        {
            "type": "Deploy",
            "name": "阿斯卡纶",
            "location": [
                4,
                4
            ],
            "direction": "Up"
        },
        {
            "type": "SpeedUp"
        },
        {
            "type": "Deploy",
            "name": "纯烬艾雅法拉",
            "location": [
                3,
                6
            ],
            "direction": "Up"
        },
        {
            "type": "Deploy",
            "name": "艾雅法拉",
            "location": [
                4,
                6
            ],
            "direction": "Up"
        },
        {
            "type": "Deploy",
            "name": "泥岩",
            "location": [
                9,
                1
            ],
            "direction": "Right"
        },
        {
            "type": "SkillDaemon"
        }
    ],
    "doc": {
        "title": "维多利亚 - 燃烧街区 - 燃烧街区 阿斯卡纶版",
        "details": "作业更新日期: 2024-07-07T22:55:09Z\n统计更新日期: 2024-11-30\n好评率：97.3%  浏览量：4712\n来源：萨拉托加  ID：39200\n原作者萧然Q json作者萨拉托加\n作业交流群群号216314927，有问题进群找我，作业站消息没提醒看不到\n【【燃烧街区400杀】摆完挂机 简单好抄】 https://www.bilibili.com/video/BV191421b7Xv/?share_source=copy_web&vd_source=3fd5040fe25f6a00e19e6072bcccfa4e"
    },
    "groups": [],
    "opers": [
        {
            "name": "德克萨斯",
            "skill": 1,
            "skill_usage": 0
        },
        {
            "name": "逻各斯",
            "skill": 1,
            "skill_usage": 0
        },
        {
            "name": "阿斯卡纶",
            "skill": 1,
            "skill_usage": 0
        },
        {
            "name": "纯烬艾雅法拉",
            "skill": 1,
            "skill_usage": 0
        },
        {
            "name": "艾雅法拉",
            "skill": 2,
            "skill_usage": 0
        },
        {
            "name": "泥岩",
            "skill": 2,
            "skill_usage": 0
        }
    ]
}