{
    "minimum_required": "v4.0.0",
    "stage_name": "mem_poca_1",
    "actions": [
        {
            "type": "Deploy",
            "name": "早露",
            "location": [
                4,
                5
            ],
            "costs": 36,
            "doc": "",
            "direction": "Up"
        },
        {
            "type": "SpeedUp"
        },
        {
            "type": "Skill",
            "costs": 36,
            "rear_delay": 0,
            "name": "早露",
            "location": [
                4,
                5
            ]
        },
        {
            "type": "Skill",
            "name": "凛冬",
            "location": [
                3,
                6
            ],
            "costs": 38
        },
        {
            "type": "Deploy",
            "costs": 46,
            "name": "真理",
            "location": [
                4,
                4
            ],
            "direction": "Up"
        },
        {
            "type": "Skill",
            "name": "早露",
            "location": [
                4,
                5
            ],
            "kills": 1,
            "costs": 78,
            "rear_delay": 0
        },
        {
            "type": "Skill",
            "name": "凛冬",
            "location": [
                3,
                6
            ],
            "kills": 10,
            "costs": 0,
            "pre_delay": 17000,
            "rear_delay": 0
        },
        {
            "type": "Skill",
            "kills": 0,
            "costs": 0,
            "pre_delay": 7500,
            "rear_delay": 0,
            "doc": "",
            "name": "早露",
            "location": [
                4,
                5
            ]
        },
        {
            "type": "Skill",
            "name": "真理",
            "location": [
                4,
                4
            ],
            "kills": 0,
            "costs": 0,
            "pre_delay": 700,
            "rear_delay": 0,
            "doc": ""
        }
    ],
    "doc": {
        "title": "狙击 - 早露 - 习惯成自然",
        "details": "作业更新日期: 2024-05-12T15:55:24Z\n统计更新日期: 2025-01-25\n好评率：71.88%  浏览量：696\n来源：Leekoo  ID：37566\nhttps://www.bilibili.com/video/BV13C4y1J7H7/\n另一份作业根本没法用！已测试！七级技能即可！"
    },
    "groups": [],
    "opers": [
        {
            "name": "早露",
            "skill": 3,
            "skill_usage": 0
        },
        {
            "name": "真理",
            "skill": 2,
            "skill_usage": 0
        }
    ]
}