{
  "minimum_required": "v4.0.0",
  "stage_name": "level_crisis_v2_03-01",
  "actions": [
    {
      "type": "Deploy",
      "name": "桃金娘",
      "location": [
        3,
        1
      ],
      "direction": "Left"
    },
    {
      "type": "Deploy",
      "name": "风笛",
      "location": [
        2,
        1
      ],
      "direction": "Left"
    },
    {
      "type": "Deploy",
      "name": "维什戴尔",
      "location": [
        8,
        6
      ],
      "direction": "Up"
    },
    {
      "type": "Skill",
      "name": "维什戴尔",
      "location": [
        8,
        6
      ],
      "pre_delay": 8000
    },
    {
      "type": "Deploy",
      "name": "提丰",
      "location": [
        3,
        4
      ],
      "direction": "Up"
    },
    {
      "type": "Deploy",
      "name": "塑心",
      "location": [
        2,
        4
      ],
      "direction": "Down"
    },
    {
      "type": "SpeedUp"
    },
    {
      "type": "Retreat",
      "name": "魂灵之影",
      "location": [
        9,
        6
      ],
      "costs": 22
    },
    {
      "type": "Deploy",
      "name": "澄闪",
      "location": [
        9,
        6
      ],
      "direction": "Up"
    },
    {
      "type": "Skill",
      "name": "维什戴尔",
      "location": [
        8,
        6
      ],
      "kills": 14,
      "pre_delay": 3000
    },
    {
      "type": "Deploy",
      "name": "伊芙利特",
      "location": [
        9,
        5
      ],
      "direction": "Up"
    },
    {
      "type": "SkillUsage",
      "name": "桃金娘",
      "skill_usage": 0
    },
    {
      "type": "SkillDaemon"
    }
  ],
  "doc": {
    "title": "【危机合约】净罪作战 浸血焦土 旗子任务",
    "details": "平均练度：精二90级专3，一级模组\n塑心三级模组\n点满【源石风暴】【约束】【魂灵】，295分进图完成旗子任务\n可能会漏一个螺丝，无伤大雅\n持续更新中，作业交流群789724611，如果作业有问题可以加群找我，评论区不能及时回复"
  },
  "groups": [],
  "opers": [
    {
      "name": "澄闪",
      "skill": 2,
      "skill_usage": 0
    },
    {
      "name": "伊芙利特",
      "skill": 2,
      "skill_usage": 0
    },
    {
      "name": "提丰",
      "skill": 2,
      "skill_usage": 1
    },
    {
      "name": "维什戴尔",
      "skill": 3,
      "skill_usage": 0
    },
    {
      "name": "塑心",
      "skill": 1,
      "skill_usage": 0
    },
    {
      "name": "风笛",
      "skill": 2,
      "skill_usage": 0
    },
    {
      "name": "桃金娘",
      "skill": 1,
      "skill_usage": 1
    }
  ]
}