{
  "minimum_required": "v4.0.0",
  "stage_name": "level_crisis_v2_03-01",
  "actions": [
    {
      "type": "Deploy",
      "name": "德克萨斯",
      "location": [
        4,
        1
      ],
      "direction": "Left"
    },
    {
      "type": "SpeedUp"
    },
    {
      "type": "Deploy",
      "name": "塑心",
      "location": [
        3,
        3
      ],
      "direction": "Up"
    },
    {
      "type": "Deploy",
      "name": "白面鸮",
      "location": [
        2,
        3
      ],
      "direction": "Right"
    },
    {
      "type": "Deploy",
      "name": "星熊",
      "location": [
        1,
        2
      ],
      "direction": "Down"
    },
    {
      "type": "Deploy",
      "name": "白金/提丰",
      "location": [
        9,
        5
      ],
      "direction": "Up"
    },
    {
      "type": "Deploy",
      "name": "艾雅法拉",
      "location": [
        4,
        3
      ],
      "direction": "Down"
    },
    {
      "type": "Deploy",
      "name": "奶盾",
      "location": [
        1,
        3
      ],
      "direction": "Down"
    },
    {
      "type": "Retreat",
      "name": "塑心",
      "kills": 28
    },
    {
      "type": "Deploy",
      "name": "塑心",
      "location": [
        3,
        3
      ],
      "direction": "Left"
    },
    {
      "type": "SkillDaemon"
    }
  ],
  "doc": {
    "title": "【净罪作战】浸血焦土-指标集：缺失",
    "details": "tag详见评论区置顶\n星熊带y模组（挡4\n此作业全员专三且模组一级\n建议开启截图增强模式食用\n原作者：自在道爷\nJSON作者：星之海.\n社区评论不会提醒，有问题可以进群找我：994516079\n原视频：【【净罪作战】浸血焦土620挂机流，轮换镀层都不愁！更新2.6 蚀裂冰湖200，语音快乐详解，轻松解放双手 | 明日方舟-危机合约 #3】https://www.bilibili.com/video/BV1teNpe2EU4?vd_source=69f0b796ff8cde9e6cb9e9f9a99f8eec"
  },
  "groups": [
    {
      "name": "奶盾",
      "opers": [
        {
          "name": "塞雷娅",
          "skill": 1,
          "skill_usage": 0
        },
        {
          "name": "黍",
          "skill": 1,
          "skill_usage": 0
        },
        {
          "name": "临光",
          "skill": 1,
          "skill_usage": 0
        }
      ]
    },
    {
      "name": "白金/提丰",
      "opers": [
        {
          "name": "提丰",
          "skill": 2,
          "skill_usage": 1
        },
        {
          "name": "白金",
          "skill": 2,
          "skill_usage": 0
        }
      ]
    }
  ],
  "opers": [
    {
      "name": "星熊",
      "skill": 2,
      "skill_usage": 0
    },
    {
      "name": "艾雅法拉",
      "skill": 2,
      "skill_usage": 0
    },
    {
      "name": "白面鸮",
      "skill": 2,
      "skill_usage": 0
    },
    {
      "name": "塑心",
      "skill": 1,
      "skill_usage": 0
    },
    {
      "name": "德克萨斯",
      "skill": 1,
      "skill_usage": 0
    }
  ]
}