{
  "minimum_required": "v4.0.0",
  "stage_name": "level_crisis_v2_03-01",
  "actions": [
    {
      "type": "Deploy",
      "name": "桃金娘",
      "location": [
        4,
        4
      ],
      "direction": "Right"
    },
    {
      "type": "Deploy",
      "name": "星熊",
      "location": [
        6,
        3
      ],
      "direction": "Up"
    },
    {
      "type": "Deploy",
      "name": "黍",
      "location": [
        4,
        6
      ],
      "direction": "Left"
    },
    {
      "type": "SpeedUp"
    },
    {
      "type": "Deploy",
      "name": "逻各斯",
      "location": [
        7,
        3
      ],
      "direction": "Up"
    },
    {
      "type": "Deploy",
      "name": "焰影苇草",
      "location": [
        7,
        2
      ],
      "direction": "Left"
    },
    {
      "type": "Deploy",
      "name": "塑心",
      "location": [
        2,
        4
      ],
      "direction": "Down"
    },
    {
      "type": "Deploy",
      "name": "医疗",
      "location": [
        7,
        4
      ],
      "direction": "Up"
    },
    {
      "type": "Skill",
      "name": "逻各斯",
      "location": [
        7,
        3
      ],
      "kills": 4
    },
    {
      "type": "Skill",
      "name": "焰影苇草",
      "location": [
        7,
        2
      ],
      "pre_delay": 1000
    },
    {
      "type": "Deploy",
      "name": "澄闪",
      "location": [
        9,
        6
      ],
      "direction": "Up"
    },
    {
      "type": "Deploy",
      "name": "艾雅法拉",
      "location": [
        9,
        5
      ],
      "direction": "Up"
    },
    {
      "type": "SkillUsage",
      "name": "逻各斯",
      "skill_usage": 1,
      "kills": 12
    },
    {
      "type": "SkillUsage",
      "name": "桃金娘",
      "skill_usage": 0
    },
    {
      "type": "Skill",
      "name": "焰影苇草",
      "kills": 17,
      "location": [
        7,
        2
      ]
    },
    {
      "type": "Skill",
      "name": "焰影苇草",
      "location": [
        7,
        2
      ],
      "kills": 25
    },
    {
      "type": "SkillDaemon"
    }
  ],
  "doc": {
    "title": "【危机合约】净罪作战 浸血焦土 皮肤任务",
    "details": "平均练度：精二90级专3，一级模组\n黍、logos、塑心三级模组\n点满【恶敌】【衰退】，220分进图完成皮肤任务\n持续更新中，作业交流群789724611，如果作业有问题可以加群找我，评论区不能及时回复"
  },
  "groups": [
    {
      "name": "医疗",
      "opers": [
        {
          "name": "纯烬艾雅法拉",
          "skill": 1,
          "skill_usage": 0
        },
        {
          "name": "闪灵",
          "skill": 2,
          "skill_usage": 0
        },
        {
          "name": "流明",
          "skill": 3,
          "skill_usage": 1
        },
        {
          "name": "华法琳",
          "skill": 1,
          "skill_usage": 0
        }
      ]
    }
  ],
  "opers": [
    {
      "name": "逻各斯",
      "skill": 3,
      "skill_usage": 0
    },
    {
      "name": "澄闪",
      "skill": 2,
      "skill_usage": 0
    },
    {
      "name": "艾雅法拉",
      "skill": 2,
      "skill_usage": 0
    },
    {
      "name": "星熊",
      "skill": 2,
      "skill_usage": 0
    },
    {
      "name": "塑心",
      "skill": 1,
      "skill_usage": 0
    },
    {
      "name": "桃金娘",
      "skill": 1,
      "skill_usage": 1
    },
    {
      "name": "焰影苇草",
      "skill": 2,
      "skill_usage": 0
    },
    {
      "name": "黍",
      "skill": 1,
      "skill_usage": 0
    }
  ]
}