{
  "minimum_required": "v4.0.0",
  "stage_name": "level_act38rune_01-04",
  "actions": [
    {
      "type": "Deploy",
      "name": "逻各斯",
      "location": [
        4,
        1
      ],
      "direction": "Down"
    },
    {
      "type": "Deploy",
      "name": "提丰",
      "location": [
        7,
        6
      ],
      "direction": "Left"
    },
    {
      "type": "Deploy",
      "name": "银灰",
      "location": [
        6,
        6
      ],
      "direction": "Left"
    },
    {
      "type": "Deploy",
      "name": "林",
      "location": [
        5,
        5
      ],
      "direction": "Left"
    },
    {
      "type": "SpeedUp"
    },
    {
      "type": "Deploy",
      "name": "塞雷娅",
      "location": [
        5,
        2
      ],
      "direction": "Left",
      "kills": 1
    },
    {
      "type": "Skill",
      "name": "逻各斯",
      "kills": 7
    },
    {
      "type": "Skill",
      "name": "林",
      "kills": 16,
      "pre_delay": 1500
    },
    {
      "type": "Skill",
      "name": "逻各斯",
      "pre_delay": 0
    },
    {
      "type": "Skill",
      "name": "林",
      "kills": 24,
      "pre_delay": 15000
    },
    {
      "type": "Skill",
      "name": "逻各斯",
      "pre_delay": 5000
    }
  ],
  "doc": {
    "title": "净罪作战 - 13区废墟 310 5人 老登版",
    "details": "净罪作战 - 13区废墟 310"
  },
  "groups": [],
  "opers": [
    {
      "name": "逻各斯",
      "skill": 3,
      "skill_usage": 0
    },
    {
      "name": "提丰",
      "skill": 2,
      "skill_usage": 1
    },
    {
      "name": "林",
      "skill": 3,
      "skill_usage": 0
    },
    {
      "name": "塞雷娅",
      "skill": 1,
      "skill_usage": 0
    },
    {
      "name": "银灰",
      "skill": 1,
      "skill_usage": 0
    }
  ]
}