{
    "actions": [
        {
            "type": "部署",
            "name": "香草",
            "location": [
                9,
                2
            ],
            "direction": "左"
        },
        {
            "type": "二倍速"
        },
        {
            "type": "技能",
            "name": "香草",
            "kills": 3
        },
        {
            "type": "技能",
            "kills": 18,
            "name": "香草"
        },
        {
            "type": "技能",
            "kills": 34,
            "name": "香草"
        },
        {
            "type": "技能",
            "kills": 45,
            "location": [
                4,
                1
            ]
        },
        {
            "type": "技能",
            "kills": 50,
            "name": "香草"
        },
        {
            "type": "部署",
            "name": "克洛丝",
            "location": [
                7,
                5
            ],
            "direction": "左"
        },
        {
            "type": "技能",
            "kills": 74,
            "name": "香草"
        },
        {
            "type": "打印",
            "pre_delay": 100,
            "doc": "《偶然》"
        },
        {
            "type": "打印",
            "doc": "徐志摩"
        },
        {
            "type": "打印",
            "pre_delay": 100,
            "doc": "我是天空里的一片云，"
        },
        {
            "type": "打印",
            "pre_delay": 100,
            "doc": "偶尔投影在你的波心——"
        },
        {
            "type": "打印",
            "pre_delay": 100,
            "doc": "你不必讶异，"
        },
        {
            "type": "打印",
            "pre_delay": 100,
            "doc": "更无须欢喜——"
        },
        {
            "type": "打印",
            "pre_delay": 100,
            "doc": "在转瞬间消灭了踪影。"
        },
        {
            "type": "打印",
            "pre_delay": 100,
            "doc": "你我相逢在黑夜的海上，"
        },
        {
            "type": "打印",
            "pre_delay": 100,
            "doc": "你有你的，我有我的，方向；"
        },
        {
            "type": "打印",
            "pre_delay": 100,
            "doc": "你记得也好，"
        },
        {
            "type": "打印",
            "pre_delay": 100,
            "doc": "最好你忘掉，"
        },
        {
            "type": "打印",
            "pre_delay": 100,
            "doc": "在这交会时互放的光亮！"
        }
    ],
    "stage_name": "mem_wyvern_1",
    "doc": {
        "title": "告别软弱",
        "details": "——————————\n作业更新日期: 2023-04-19T07:07:55Z\n统计更新日期: 2025-09-10\n相对评分：67.71000000000001%  相对热度：40.9%\n来源：作业代传——有问题联系原作者  ID：22746\n——————————\n测试等级：香草精一55，一技能7级\n测试版本：397\n"
    },
    "opers": [
        {
            "name": "香草",
            "skill_usage": 0,
            "skill": 1
        }
    ],
    "groups": [],
    "minimum_required": "v4.0.0"
}