{
    "minimum_required": "v4.0.0",
    "stage_name": "mem_myrtle_1",
    "actions": [
        {
            "type": "SpeedUp"
        },
        {
            "type": "Skill",
            "name": "清道夫",
            "location": [
                6,
                3
            ],
            "pre_delay": 8500
        },
        {
            "type": "Deploy",
            "name": "讯使",
            "location": [
                4,
                5
            ],
            "direction": "Left"
        },
        {
            "type": "Deploy",
            "name": "磐蟹护卫队",
            "location": [
                5,
                1
            ],
            "direction": "None",
            "kills": 6
        },
        {
            "type": "Skill",
            "name": "红豆",
            "location": [
                4,
                2
            ]
        },
        {
            "type": "Skill",
            "name": "豆苗",
            "location": [
                7,
                2
            ]
        },
        {
            "type": "Deploy",
            "name": "桃金娘",
            "location": [
                3,
                4
            ],
            "direction": "Down"
        },
        {
            "type": "Skill",
            "name": "讯使",
            "location": [
                4,
                5
            ],
            "kills": 9,
            "pre_delay": 3000
        },
        {
            "type": "Skill",
            "name": "桃金娘",
            "location": [
                3,
                4
            ],
            "kills": 14
        },
        {
            "type": "Skill",
            "name": "清道夫",
            "location": [
                6,
                3
            ]
        },
        {
            "type": "Skill",
            "name": "红豆",
            "location": [
                4,
                2
            ],
            "kills": 18
        },
        {
            "type": "Skill",
            "name": "豆苗",
            "location": [
                7,
                2
            ],
            "pre_delay": 1000
        },
        {
            "type": "Skill",
            "name": "讯使",
            "location": [
                4,
                5
            ],
            "costs": 52
        }
    ],
    "doc": {
        "title": "桃金娘 “将军风范” 悖论模拟",
        "details": "作业更新日期: 2024-05-01T08:38:43Z\n统计更新日期: 2025-02-01\n好评率：93.15%  浏览量：3567\n来源：rihno  ID：36673\n自己打的，35级技能7级能过。\n顶上红豆暴击有概率打不死大盾，重试即可\n有问题评论区说一下（"
    },
    "groups": [],
    "opers": [
        {
            "name": "桃金娘",
            "skill": 2,
            "skill_usage": 0
        }
    ]
}