{
    "stageName": "act18d3_ex01",
    "doc": {
        "title": "归溟幽灵鲨x艾丽妮x模组任务一起做",
        "title_color": "Gray",
        "details": "——————————\n作业更新日期: 2024-12-29T03:47:44Z\n统计更新日期: 2025-04-05\n好评率：83.33%  浏览量：196\n来源：Issuing2890  ID：45067\n——————————\nLuCifer大膜王，https://www.bilibili.com/video/BV1WbHJe3EiU",
        "details_color": "Gray"
    },
    "opers": [
        {
            "name": "归溟幽灵鲨",
            "skill": 2,
            "skill_usage": 0,
            "requirements": {
                "elite": 0,
                "level": 0,
                "skill_level": 0,
                "module": 0,
                "potentiality": 0
            }
        },
        {
            "name": "艾丽妮",
            "skill": 3,
            "skill_usage": 0,
            "requirements": {
                "elite": 0,
                "level": 0,
                "skill_level": 0,
                "module": 0,
                "potentiality": 0
            }
        },
        {
            "name": "Friston-3",
            "skill": 1,
            "skill_usage": 0,
            "requirements": {
                "elite": 0,
                "level": 0,
                "skill_level": 0,
                "module": 0,
                "potentiality": 0
            }
        }
    ],
    "groups": [],
    "minimumRequired": "v4.0.0",
    "difficulty": 0
}