{
    "minimum_required": "v4.0.0",
    "stage_name": "tough_10-10",
    "actions": [
        {
            "type": "SpeedUp"
        },
        {
            "type": "Deploy",
            "name": "桃金娘",
            "location": [
                7,
                6
            ],
            "direction": "Left"
        },
        {
            "type": "Deploy",
            "name": "山",
            "location": [
                4,
                6
            ],
            "direction": "Up"
        },
        {
            "type": "Deploy",
            "name": "艾雅法拉",
            "location": [
                6,
                4
            ],
            "direction": "Up"
        },
        {
            "type": "Deploy",
            "name": "泥岩",
            "location": [
                7,
                1
            ],
            "direction": "Down"
        },
        {
            "type": "Deploy",
            "name": "棘刺",
            "location": [
                4,
                1
            ],
            "direction": "Right"
        },
        {
            "type": "Deploy",
            "name": "闪灵",
            "location": [
                5,
                3
            ],
            "direction": "Down"
        },
        {
            "type": "Skill",
            "name": "棘刺",
            "kills": 6
        },
        {
            "type": "SpeedUp",
            "pre_delay": 5000
        },
        {
            "type": "SkillUsage",
            "name": "桃金娘",
            "pre_delay": 1000,
            "skill_usage": 0
        },
        {
            "type": "Deploy",
            "name": "伊芙利特",
            "location": [
                4,
                3
            ],
            "direction": "Down"
        },
        {
            "type": "SpeedUp"
        },
        {
            "type": "Skill",
            "name": "棘刺",
            "kills": 19,
            "pre_delay": 4000
        }
    ],
    "doc": {
        "title": "第十章 破碎日冕 - 10-11（磨难） - 千疮百孔",
        "details": "统计日期：2024-05-24\n好评率：81.1%  浏览量：4642\n来源：Chiho  ID：28211\nup:命辰\nlink:【10-11 磨难 七人 摆完挂机 破碎日冕】 https://www.bilibili.com/video/BV1cB4y1S7p9/?share_source=copy_web&vd_source=dcc7ddeba31e59bccd51d29a07ff1565\n精二603 多带个德克萨斯 风笛什么的加费用更稳定"
    },
    "groups": [],
    "opers": [
        {
            "name": "桃金娘",
            "skill": 1,
            "skill_usage": 1
        },
        {
            "name": "棘刺",
            "skill": 3,
            "skill_usage": 0
        },
        {
            "name": "山",
            "skill": 2,
            "skill_usage": 2
        },
        {
            "name": "闪灵",
            "skill": 2,
            "skill_usage": 0
        },
        {
            "name": "艾雅法拉",
            "skill": 2,
            "skill_usage": 0
        },
        {
            "name": "伊芙利特",
            "skill": 2,
            "skill_usage": 0
        },
        {
            "name": "泥岩",
            "skill": 2,
            "skill_usage": 0
        }
    ]
}