{
    "minimum_required": "v4.0.0",
    "stage_name": "tough_10-14",
    "actions": [
        {
            "type": "SpeedUp"
        },
        {
            "type": "Deploy",
            "name": "桃金娘",
            "location": [
                7,
                7
            ],
            "direction": "Right"
        },
        {
            "type": "Deploy",
            "name": "棘刺",
            "location": [
                4,
                4
            ],
            "direction": "Right"
        },
        {
            "type": "Deploy",
            "name": "星熊",
            "location": [
                8,
                5
            ],
            "direction": "Up"
        },
        {
            "type": "Deploy",
            "name": "伊芙利特",
            "location": [
                3,
                4
            ],
            "direction": "Right"
        },
        {
            "type": "Deploy",
            "name": "群奶",
            "location": [
                2,
                4
            ],
            "direction": "Right"
        },
        {
            "type": "Deploy",
            "name": "单奶1",
            "location": [
                5,
                5
            ],
            "direction": "Right"
        },
        {
            "type": "Deploy",
            "name": "单奶2",
            "location": [
                5,
                6
            ],
            "direction": "Right"
        },
        {
            "type": "Deploy",
            "name": "蜜莓",
            "location": [
                2,
                6
            ],
            "direction": "Right"
        },
        {
            "type": "SkillDaemon"
        }
    ],
    "doc": {
        "title": "第十章 破碎日冕 - 10-16（磨难） - 血刃高悬",
        "details": "统计日期：2024-05-24\n好评率：96.84%  浏览量：3592\n来源：Chiho  ID：28264\nup:今我来思00\nlink:【【10-16磨难险地】中配四核（棘刺/星熊/小火龙/精二群奶）无泥凯令山】 https://www.bilibili.com/video/BV1aY411P7vJ/?share_source=copy_web&vd_source=dcc7ddeba31e59bccd51d29a07ff1565\n精二603"
    },
    "groups": [
        {
            "name": "单奶1",
            "opers": [
                {
                    "name": "闪灵",
                    "skill": 2,
                    "skill_usage": 0
                },
                {
                    "name": "华法琳",
                    "skill": 1,
                    "skill_usage": 0
                },
                {
                    "name": "纯烬艾雅法拉",
                    "skill": 1,
                    "skill_usage": 0
                }
            ]
        },
        {
            "name": "单奶2",
            "opers": [
                {
                    "name": "流明",
                    "skill": 3,
                    "skill_usage": 1
                },
                {
                    "name": "赫默",
                    "skill": 1,
                    "skill_usage": 0
                }
            ]
        },
        {
            "name": "群奶",
            "opers": [
                {
                    "name": "白面鸮",
                    "skill": 2,
                    "skill_usage": 0
                },
                {
                    "name": "夜莺",
                    "skill": 2,
                    "skill_usage": 0
                }
            ]
        }
    ],
    "opers": [
        {
            "name": "棘刺",
            "skill": 3,
            "skill_usage": 1
        },
        {
            "name": "星熊",
            "skill": 2,
            "skill_usage": 0
        },
        {
            "name": "伊芙利特",
            "skill": 2,
            "skill_usage": 0
        },
        {
            "name": "蜜莓",
            "skill": 1,
            "skill_usage": 0
        },
        {
            "name": "桃金娘",
            "skill": 1,
            "skill_usage": 1
        }
    ]
}