{
    "minimum_required": "v4.0.0",
    "stage_name": "tough_10-05",
    "actions": [
        {
            "type": "SpeedUp"
        },
        {
            "type": "Deploy",
            "name": "泥岩",
            "location": [
                8,
                6
            ],
            "direction": "Up"
        },
        {
            "type": "Deploy",
            "name": "山",
            "location": [
                5,
                6
            ],
            "direction": "Up"
        },
        {
            "type": "Deploy",
            "name": "能天使",
            "location": [
                4,
                3
            ],
            "direction": "Down"
        },
        {
            "type": "SkillDaemon"
        }
    ],
    "doc": {
        "title": "第十章 破碎日冕 - 10-6（磨难） - 虽非同族",
        "details": "统计日期：2024-05-24\n好评率：93.87%  浏览量：7040\n来源：_ 蘿卜卜  ID：21858\nBV1GY411j72u\nup：萧然Q\n视频练度：260(?)\n已测试"
    },
    "groups": [],
    "opers": [
        {
            "name": "山",
            "skill": 2,
            "skill_usage": 2
        },
        {
            "name": "泥岩",
            "skill": 2,
            "skill_usage": 0
        },
        {
            "name": "能天使",
            "skill": 3,
            "skill_usage": 0
        }
    ]
}