{
    "minimum_required": "v4.0.0",
    "stage_name": "act30side_ex02",
    "actions": [
        {
            "type": "Deploy",
            "name": "令",
            "location": [
                6,
                4
            ],
            "direction": "Up"
        },
        {
            "type": "SpeedUp"
        },
        {
            "type": "Deploy",
            "name": "“弦惊”",
            "location": [
                5,
                3
            ],
            "direction": "Right"
        },
        {
            "type": "Skill",
            "name": "令",
            "location": [
                6,
                4
            ],
            "costs": 6
        },
        {
            "type": "SkillUsage",
            "name": "令",
            "skill_usage": 1
        },
        {
            "type": "Deploy",
            "name": "“弦惊”",
            "location": [
                2,
                1
            ],
            "direction": "Down"
        },
        {
            "type": "Deploy",
            "name": "“弦惊”",
            "location": [
                1,
                1
            ],
            "direction": "Right"
        },
        {
            "type": "Deploy",
            "name": "“弦惊”",
            "location": [
                4,
                3
            ],
            "direction": "Right"
        },
        {
            "type": "Deploy",
            "name": "“弦惊”",
            "location": [
                7,
                3
            ],
            "direction": "Left",
            "kills": 21,
            "pre_delay": 2000
        },
        {
            "type": "SkillDaemon"
        }
    ],
    "doc": {
        "title": "银心湖列车 - RS-EX-2 - 信号灯 - 令单",
        "details": "统计日期：2024-05-03\n好评率：97.83%  浏览量：1688\n来源：小卡拉帕鲁灰🐖  ID：30946\n作业作者：浅歌何以相予\nJSON作者：灰bao_\n令：精二90级三级模组；小号自用\nhttps://www.bilibili.com/video/BV1De411y7R8/?spm_id_from=333.788&vd_source=10857a8c905c104ca2eab27415c72ffc"
    },
    "groups": [],
    "opers": [
        {
            "name": "令",
            "skill": 3,
            "skill_usage": 0
        }
    ],
    "difficulty": 3
}