{
    "minimum_required": "v4.0.0",
    "stage_name": "act30side_ex08",
    "actions": [
        {
            "type": "Deploy",
            "name": "桃金娘",
            "location": [
                10,
                1
            ],
            "direction": "Left"
        },
        {
            "type": "Deploy",
            "name": "艾雅法拉",
            "location": [
                11,
                2
            ],
            "direction": "Left"
        },
        {
            "type": "Deploy",
            "name": "塞雷娅",
            "location": [
                8,
                1
            ],
            "direction": "Down"
        },
        {
            "type": "Deploy",
            "name": "玛恩纳",
            "location": [
                8,
                3
            ],
            "direction": "Right"
        },
        {
            "type": "Deploy",
            "name": "澄闪",
            "location": [
                10,
                3
            ],
            "direction": "Left"
        },
        {
            "type": "Deploy",
            "name": "纯烬艾雅法拉",
            "location": [
                11,
                3
            ],
            "direction": "Left"
        },
        {
            "type": "Skill",
            "name": "澄闪",
            "kills": 7
        },
        {
            "type": "Deploy",
            "name": "夜莺",
            "location": [
                9,
                3
            ],
            "direction": "Up"
        },
        {
            "type": "SkillUsage",
            "name": "桃金娘",
            "skill_usage": 0
        },
        {
            "type": "Deploy",
            "name": "史尔特尔",
            "location": [
                8,
                4
            ],
            "direction": "Right"
        },
        {
            "type": "Skill",
            "name": "史尔特尔",
            "kills": 8
        },
        {
            "type": "Skill",
            "name": "玛恩纳",
            "kills": 8
        },
        {
            "type": "Retreat",
            "name": "史尔特尔",
            "kills": 20
        },
        {
            "type": "Deploy",
            "name": "点火石",
            "location": [
                10,
                2
            ],
            "direction": "None",
            "pre_delay": 5000
        },
        {
            "type": "Deploy",
            "name": "点火石",
            "location": [
                10,
                2
            ],
            "direction": "None",
            "kills": 28
        },
        {
            "type": "Skill",
            "name": "澄闪",
            "kills": 30,
            "pre_delay": 7000
        },
        {
            "type": "Deploy",
            "name": "史尔特尔",
            "location": [
                8,
                4
            ],
            "direction": "Right"
        },
        {
            "type": "Skill",
            "name": "史尔特尔",
            "kills": 31
        },
        {
            "type": "Skill",
            "name": "玛恩纳",
            "kills": 31
        },
        {
            "type": "Skill",
            "name": "夜莺",
            "pre_delay": 3000
        },
        {
            "type": "SkillUsage",
            "name": "玛恩纳",
            "skill_usage": 1
        },
        {
            "type": "SkillUsage",
            "name": "澄闪",
            "skill_usage": 1
        },
        {
            "type": "Deploy",
            "name": "点火石",
            "location": [
                10,
                2
            ],
            "direction": "None",
            "pre_delay": 3000,
            "kills": 31
        },
        {
            "type": "Deploy",
            "name": "点火石",
            "location": [
                10,
                2
            ],
            "direction": "None",
            "pre_delay": 3000,
            "kills": 31
        },
        {
            "type": "Deploy",
            "name": "点火石",
            "location": [
                10,
                2
            ],
            "direction": "None",
            "pre_delay": 3000,
            "kills": 32
        },
        {
            "type": "Deploy",
            "name": "点火石",
            "location": [
                10,
                2
            ],
            "direction": "None",
            "pre_delay": 3000,
            "kills": 32
        },
        {
            "type": "Deploy",
            "name": "点火石",
            "location": [
                10,
                2
            ],
            "direction": "None",
            "pre_delay": 3000
        },
        {
            "type": "Deploy",
            "name": "点火石",
            "location": [
                10,
                2
            ],
            "direction": "None",
            "pre_delay": 3000
        },
        {
            "type": "Deploy",
            "name": "点火石",
            "location": [
                10,
                2
            ],
            "direction": "None",
            "pre_delay": 3000
        },
        {
            "type": "Deploy",
            "name": "点火石",
            "location": [
                10,
                2
            ],
            "direction": "None",
            "pre_delay": 3000
        },
        {
            "type": "SpeedUp"
        },
        {
            "type": "SkillDaemon"
        }
    ],
    "doc": {
        "title": "银心湖列车 - RS-EX-8 - 环形回车道",
        "details": "统计日期：2024-05-03\n好评率：96.44%  浏览量：51410\n来源：萨拉托加  ID：30899\n注意：不要挂后台操作，所有卡轴的作业挂后台大概率翻车，突袭盯着点火炉，如果maa在老马42第二次放技能之前火没点上一定要手动点火，点火轴maa受功能限制可能没法卡对（关于这点我已经提issue了，但估计不能马上实现）所以只能最好盯着点，只要火炉不灭，稳定性就能翻一倍\n原作者萧然Q JSON作者萨拉托加\n作业交流群545928846，如果作业有问题可以加群找我，评论区不能及时回复，还可以去群里蹲我的新作业\n【【银心湖列车】RS全关卡 摆完挂机 简单好抄】 https://www.bilibili.com/video/BV13w411b7oD/?p=17&share_source=copy_web&vd_source=3fd5040fe25f6a00e19e6072bcccfa4e"
    },
    "groups": [],
    "opers": [
        {
            "name": "玛恩纳",
            "skill": 3,
            "skill_usage": 0
        },
        {
            "name": "史尔特尔",
            "skill": 3,
            "skill_usage": 0
        },
        {
            "name": "纯烬艾雅法拉",
            "skill": 1,
            "skill_usage": 0
        },
        {
            "name": "澄闪",
            "skill": 3,
            "skill_usage": 0
        },
        {
            "name": "桃金娘",
            "skill": 1,
            "skill_usage": 1
        },
        {
            "name": "夜莺",
            "skill": 3,
            "skill_usage": 0
        },
        {
            "name": "艾雅法拉",
            "skill": 2,
            "skill_usage": 0
        },
        {
            "name": "塞雷娅",
            "skill": 2,
            "skill_usage": 0
        }
    ],
    "difficulty": 3
}