{
    "minimum_required": "v4.0.0",
    "stage_name": "hard_10-02",
    "actions": [
        {
            "type": "Deploy",
            "name": "山",
            "location": [
                5,
                6
            ],
            "direction": "Left"
        },
        {
            "type": "Deploy",
            "name": "泥岩",
            "location": [
                7,
                4
            ],
            "direction": "Up"
        },
        {
            "type": "SpeedUp"
        },
        {
            "type": "Deploy",
            "name": "纯烬艾雅法拉",
            "location": [
                3,
                5
            ],
            "direction": "Right",
            "kills": 12
        },
        {
            "type": "Deploy",
            "name": "提丰",
            "location": [
                3,
                4
            ],
            "direction": "Right"
        },
        {
            "type": "Deploy",
            "name": "夜莺",
            "location": [
                3,
                6
            ],
            "direction": "Right"
        },
        {
            "type": "Deploy",
            "name": "档一近卫",
            "location": [
                4,
                5
            ],
            "direction": "Right"
        },
        {
            "type": "SkillDaemon"
        }
    ],
    "doc": {
        "title": "第十章 破碎日冕 - H10-2（标准） - 日晕行动-2",
        "details": "作业更新日期: 2023-10-12T05:03:04Z\n统计更新日期: 2024-11-30\n好评率：98.31%  浏览量：3420\n来源：萨拉托加  ID：28951\n原视频2903练度，我测试除提丰外2603也能过，没174用的重岳替代，2603未经过多测试可能不稳，尽量高练\n【【明日方舟】H10-2 六人九步 摆完挂机】 https://www.bilibili.com/video/BV1cG411R7Bc/?share_source=copy_web&vd_source=3fd5040fe25f6a00e19e6072bcccfa4e UP刻俄柏_"
    },
    "groups": [
        {
            "name": "档一近卫",
            "opers": [
                {
                    "name": "耀骑士临光",
                    "skill": 1,
                    "skill_usage": 0
                },
                {
                    "name": "重岳",
                    "skill": 3,
                    "skill_usage": 1
                }
            ]
        }
    ],
    "opers": [
        {
            "name": "提丰",
            "skill": 2,
            "skill_usage": 1
        },
        {
            "name": "山",
            "skill": 2,
            "skill_usage": 2
        },
        {
            "name": "纯烬艾雅法拉",
            "skill": 1,
            "skill_usage": 0
        },
        {
            "name": "夜莺",
            "skill": 2,
            "skill_usage": 0
        },
        {
            "name": "泥岩",
            "skill": 2,
            "skill_usage": 0
        }
    ]
}