{
  "minimum_required": "v4.0.0",
  "actions": [
    {
      "type": "SpeedUp"
    },
    {
      "type": "Deploy",
      "name": "蓝毒",
      "location": [
        2,
        4
      ],
      "direction": "Up"
    },
    {
      "type": "Deploy",
      "name": "能天使",
      "location": [
        3,
        2
      ],
      "direction": "Left"
    },
    {
      "type": "Deploy",
      "name": "煌",
      "location": [
        2,
        5
      ],
      "direction": "Up"
    },
    {
      "type": "Deploy",
      "name": "微风",
      "location": [
        2,
        2
      ],
      "direction": "Down"
    },
    {
      "type": "Output",
      "doc_color": "#6f42c1",
      "doc": "给个好评吧，亲~"
    }
  ],
  "doc": {
    "title": "微风模组摆完挂机-外科医疗套组",
    "details": "侬无言以对模组任务摆完挂机合集:BV1wU4y177Qu\n3星通关主题曲4-1；必须编入非助战微风并上场，其他成员仅可编入7名干员\n筱竹聽雨"
  },
  "groups": [],
  "opers": [
    {
      "name": "煌",
      "skill": 2,
      "skill_usage": 0
    },
    {
      "name": "蓝毒",
      "skill": 1,
      "skill_usage": 0
    },
    {
      "name": "微风",
      "skill": 1,
      "skill_usage": 0
    },
    {
      "name": "能天使",
      "skill": 3,
      "skill_usage": 0
    }
  ],
  "stage_name": "obt/main/level_main_04-01"
}