{
  "minimum_required": "v4.0.0",
  "stage_name": "act14side_ex02",
  "actions": [
    {
      "type": "SpeedUp"
    },
    {
      "type": "Deploy",
      "name": "阿消",
      "location": [
        4,
        4
      ],
      "direction": "Right"
    },
    {
      "type": "Deploy",
      "name": "能天使",
      "location": [
        3,
        2
      ],
      "direction": "Right"
    },
    {
      "type": "Output",
      "doc_color": "#6f42c1",
      "doc": "给个好评吧，亲~"
    }
  ],
  "doc": {
    "title": "罗宾模组摆完挂机-限量版年历（待测",
    "details": "侬无言以对模组任务摆完挂机合集:BV1wU4y177Qu\n3星通关别传BI-EX-2；必须编入非助战罗宾，且本次战斗有至少6名冰原御法者坠落地穴\n筱竹聽雨"
  },
  "groups": [],
  "opers": [
    {
      "name": "能天使",
      "skill": 3,
      "skill_usage": 0
    },
    {
      "name": "阿消",
      "skill": 1,
      "skill_usage": 0
    },
    {
      "name": "罗宾",
      "skill": 1,
      "skill_usage": 0
    }
  ]
}