{
    "minimum_required": "v4.0.0",
    "stage_name": "tough_12-18",
    "actions": [
        {
            "type": "Deploy",
            "name": "德克萨斯",
            "location": [
                5,
                3
            ],
            "direction": "Right",
            "rear_delay": 0
        },
        {
            "type": "Deploy",
            "name": "浊心斯卡蒂",
            "location": [
                5,
                2
            ],
            "direction": "Right",
            "rear_delay": 0
        },
        {
            "type": "SpeedUp",
            "rear_delay": 0
        },
        {
            "type": "Deploy",
            "name": "棘刺",
            "location": [
                8,
                3
            ],
            "direction": "Left",
            "doc": "棘刺这里有点极限，如果德狗攻击力不够打不掉箱子，可能会漏一个真平民\n“盲目信任在战场上是不负责任的，博士”",
            "doc_color": "Gold",
            "rear_delay": 0
        },
        {
            "type": "Deploy",
            "name": "山",
            "location": [
                8,
                4
            ],
            "direction": "Right",
            "rear_delay": 0
        },
        {
            "type": "Deploy",
            "name": "塞雷娅",
            "location": [
                6,
                3
            ],
            "direction": "Left",
            "rear_delay": 0
        },
        {
            "type": "Deploy",
            "name": "煌",
            "location": [
                5,
                4
            ],
            "direction": "Up",
            "kills": 7,
            "costs": 0,
            "doc": "煌设定为7击杀数时部署，此时有减费怪因此费用波动较大，请确保你的煌放下去了",
            "doc_color": "Gold",
            "rear_delay": 0
        },
        {
            "type": "Deploy",
            "name": "纯烬艾雅法拉",
            "location": [
                3,
                2
            ],
            "direction": "Right",
            "rear_delay": 0,
            "kills": 15,
            "doc_color": "Gray",
            "doc": "这里偶尔会抽风不下纯烬艾雅法拉，我就锚定了15杀下纯烬艾雅法拉"
        },
        {
            "type": "Retreat",
            "name": "德克萨斯",
            "location": [
                5,
                3
            ],
            "kills": 15,
            "doc": "撤德狗原地下叔叔",
            "doc_color": "Gray",
            "rear_delay": 0
        },
        {
            "type": "Deploy",
            "name": "玛恩纳",
            "location": [
                5,
                3
            ],
            "direction": "Left",
            "rear_delay": 0
        },
        {
            "type": "Deploy",
            "name": "史尔特尔",
            "location": [
                1,
                2
            ],
            "direction": "Up",
            "kills": 18,
            "doc": "设定为18杀时部署，确保42在平民过去后再下",
            "doc_color": "Gold",
            "rear_delay": 0
        },
        {
            "type": "Skill",
            "name": "玛恩纳",
            "kills": 19,
            "doc_color": "Gray",
            "doc": "这段时间开叔叔技能打掉变形者半血把分身从左上角引出来让42一会儿挡住"
        },
        {
            "type": "Skill",
            "name": "史尔特尔",
            "location": [
                1,
                2
            ],
            "kills": 30,
            "doc": "设定为30杀时开42技能，各人情况不同，灰礼帽出来就可以开，这一步就是为了干掉灰礼帽，顺便磨变形者血量，灰礼帽残血路过也行，后面煌可以补刀，别留太多血让灰礼帽闪现进家就行\n如果场上只剩变形者塞煌铠甲正在打年糕可以下快活加速，打完撤退快活",
            "doc_color": "Gold",
            "rear_delay": 0
        },
        {
            "type": "Deploy",
            "name": "德克萨斯",
            "location": [
                4,
                2
            ],
            "costs": 34,
            "doc": "42燃尽了就可以下德狗了，设定为34费用时部署，留出余量，下德狗是为了给变形者吃的，后面听到咚的一声那就是德狗被吃了，不用紧张",
            "direction": "Down",
            "doc_color": "Gold",
            "rear_delay": 0
        },
        {
            "type": "Skill",
            "name": "玛恩纳",
            "kills": 48,
            "doc": "灰礼帽动了就可以开叔叔技能了",
            "doc_color": "Gold"
        },
        {
            "type": "Output",
            "doc": "PRTS-MAA已完成作战部署，指挥权移交博士\n后期请观察塞雷娅及煌是否有漏怪可能，如果有那就在塞爹下面部署带控制的快活/耀光等干员补救一下，快结束时如果煌暴毙或者灰礼帽闪现了可以直接原地上42开大",
            "doc_color": "DarkRed"
        },
        {
            "type": "Deploy",
            "name": "史尔特尔",
            "location": [
                6,
                4
            ],
            "direction": "Left",
            "kills": 54,
            "doc_color": "Gold",
            "doc": "灰礼帽可能会闪现过煌，下42以防万一，可以开技能"
        }
    ],
    "doc": {
        "title": "第十二章 惊霆无声 - 12-20（磨难） - 诚挚邀请 萧然攻略 水月换叔叔 如果演习不通过请看着MAA打",
        "details": "作业更新日期: 2023-08-29T15:26:17Z\n统计更新日期: 2024-10-07\n好评率：93.33%  浏览量：3544\n来源：505451070@qq.com  ID：27252\n磨难12-20 广义挂机（划掉）MAA代理挂机\n由于干员潜能不同等级不同可能会存在误差，如果演习不通过请看着MAA打一遍，MAA上有提示，剩余位置建议带异德/耀光/红等有控制的快活放在塞爹下面控一下以防漏怪\n攻略作者：萧然Q BV1oL411m7bL\n练度2603 萧然经典练度水平\n蜜莓170，和桑葚组行医组可能会抽风不下蜜莓，就单锁蜜莓了\n水月需要高练和模组所以来试了试萧然说的叔叔代替，不过叔叔没有常态输出所以轴可能会乱，建议看着MAA打\n测试通过，轴对得上的话这版很稳，你叔叔还是你叔叔"
    },
    "groups": [],
    "opers": [
        {
            "name": "德克萨斯",
            "skill": 1,
            "skill_usage": 0
        },
        {
            "name": "史尔特尔",
            "skill": 3,
            "skill_usage": 0
        },
        {
            "name": "煌",
            "skill": 2,
            "skill_usage": 0
        },
        {
            "name": "棘刺",
            "skill": 3,
            "skill_usage": 1
        },
        {
            "name": "山",
            "skill": 2,
            "skill_usage": 2
        },
        {
            "name": "塞雷娅",
            "skill": 2,
            "skill_usage": 0
        },
        {
            "name": "浊心斯卡蒂",
            "skill": 2,
            "skill_usage": 0
        },
        {
            "name": "玛恩纳",
            "skill": 3,
            "skill_usage": 0
        },
        {
            "name": "纯烬艾雅法拉",
            "skill": 1,
            "skill_usage": 0
        }
    ]
}