{
  "minimum_required": "v4.0.0",
  "stage_name": "hard_09-03",
  "actions": [
    {
      "type": "SpeedUp"
    },
    {
      "type": "Deploy",
      "name": "桃金娘",
      "location": [
        7,
        3
      ],
      "direction": "Left"
    },
    {
      "type": "Deploy",
      "name": "棘刺",
      "location": [
        1,
        4
      ],
      "direction": "Right"
    },
    {
      "type": "Deploy",
      "name": "塞雷娅",
      "location": [
        2,
        4
      ],
      "direction": "Right"
    },
    {
      "type": "Deploy",
      "name": "煌",
      "location": [
        3,
        5
      ],
      "direction": "Up"
    },
    {
      "type": "Deploy",
      "name": "艾雅法拉",
      "location": [
        1,
        5
      ],
      "direction": "Right"
    },
    {
      "type": "Deploy",
      "name": "群奶",
      "location": [
        2,
        6
      ],
      "direction": "Up"
    },
    {
      "type": "Deploy",
      "name": "奶",
      "location": [
        1,
        2
      ],
      "direction": "Down"
    },
    {
      "type": "SkillDaemon"
    }
  ],
  "doc": {
    "title": "第九章 风暴瞭望 - H9-3（标准） - 暴风行动-3",
    "details": "【【第九章风暴瞭望】突袭全关卡 摆完挂机 简单好抄】 https://www.bilibili.com/video/BV1QQ4y1r7Ni/?p=26&share_source=copy_web&vd_source=3fd5040fe25f6a00e19e6072bcccfa4e UP萧然Q 萨拉托加搬运\n六星除奶精二60专三"
  },
  "groups": [
    {
      "name": "奶",
      "opers": [
        {
          "name": "华法琳",
          "skill": 1,
          "skill_usage": 0
        },
        {
          "name": "闪灵",
          "skill": 2,
          "skill_usage": 0
        },
        {
          "name": "纯烬艾雅法拉",
          "skill": 1,
          "skill_usage": 0
        }
      ]
    },
    {
      "name": "群奶",
      "opers": [
        {
          "name": "夜莺",
          "skill": 2,
          "skill_usage": 0
        },
        {
          "name": "白面鸮",
          "skill": 2,
          "skill_usage": 0
        }
      ]
    }
  ],
  "opers": [
    {
      "name": "桃金娘",
      "skill": 1,
      "skill_usage": 1
    },
    {
      "name": "棘刺",
      "skill": 3,
      "skill_usage": 1
    },
    {
      "name": "煌",
      "skill": 2,
      "skill_usage": 0
    },
    {
      "name": "艾雅法拉",
      "skill": 2,
      "skill_usage": 0
    },
    {
      "name": "塞雷娅",
      "skill": 1,
      "skill_usage": 0
    }
  ]
}