{
    "minimum_required": "v4.0",
    "doc": {
        "title": "狮蝎悖论模拟",
        "details": "https://www.bilibili.com/video/BV11i4y1N7Nk?p=56"
    },
    "stage_name": "看见她",
    "opers": [],
    "actions": [
        {
            "type": "部署",
            "kills": 0,
            "cost_changes": null,
            "name": "狮蝎",
            "location": [
                6,
                3
            ],
            "direction": "上",
            "rear_delay": 1000,
            "doc": "",
            "doc_color": ""
        },
        {
            "type": "部署",
            "kills": 0,
            "cost_changes": null,
            "name": "阿米娅",
            "location": [
                7,
                5
            ],
            "direction": "上",
            "doc": "",
            "doc_color": ""
        },
        {
            "type": "技能",
            "kills": 0,
            "cost_changes": null,
            "name": "狮蝎",
            "location": [
                6,
                3
            ],
            "direction": "上",
            "doc": "",
            "doc_color": ""
        },
        {
            "type": "二倍速",
            "cost_changes": null,
            "name": "",
            "doc": "",
            "doc_color": ""
        },
        {
            "type": "技能",
            "kills": 3,
            "cost_changes": null,
            "name": "阿米娅",
            "location": [
                7,
                5
            ],
            "direction": "上",
            "doc": "",
            "doc_color": ""
        },
        {
            "type": "子弹时间",
            "kills": 11,
            "cost_changes": null,
            "name": "",
            "doc": "",
            "doc_color": ""
        },
        {
            "type": "部署",
            "kills": 11,
            "cost_changes": null,
            "name": "夜烟",
            "location": [
                7,
                2
            ],
            "direction": "下",
            "doc": "",
            "doc_color": ""
        },
        {
            "type": "二倍速",
            "kills": 11,
            "cost_changes": null,
            "name": "",
            "doc": "",
            "doc_color": ""
        },
        {
            "type": "技能",
            "kills": 15,
            "cost_changes": null,
            "name": "狮蝎",
            "location": [
                6,
                3
            ],
            "direction": "上",
            "doc": "",
            "doc_color": ""
        },
        {
            "type": "子弹时间",
            "kills": 16,
            "cost_changes": null,
            "name": "",
            "doc": "",
            "doc_color": ""
        },
        {
            "type": "技能",
            "kills": 17,
            "cost_changes": null,
            "name": "阿米娅",
            "location": [
                7,
                5
            ],
            "direction": "上",
            "doc": "",
            "doc_color": ""
        },
        {
            "type": "二倍速",
            "cost_changes": null,
            "name": "",
            "doc": "",
            "doc_color": ""
        },
        {
            "type": "技能",
            "kills": 29,
            "cost_changes": null,
            "name": "阿米娅",
            "location": [
                7,
                5
            ],
            "pre_delay": 10058,
            "doc": "",
            "doc_color": ""
        },
        {
            "type": "技能",
            "kills": 29,
            "cost_changes": null,
            "name": "夜烟",
            "location": [
                7,
                2
            ],
            "direction": "下",
            "doc": "",
            "doc_color": ""
        },
        {
            "type": "技能",
            "kills": 29,
            "cost_changes": null,
            "name": "狮蝎",
            "location": [
                6,
                3
            ],
            "direction": "上",
            "doc": "",
            "doc_color": ""
        },
        {
            "type": "技能",
            "kills": 29,
            "cost_changes": null,
            "name": "阿米娅",
            "location": [
                7,
                5
            ],
            "direction": "上",
            "pre_delay": 20000,
            "doc": "",
            "doc_color": ""
        }
    ]
}