{
    "minimum_required": "v4.0.0",
    "stage_name": "act25side_05",
    "actions": [
        {
            "type": "SpeedUp"
        },
        {
            "type": "Deploy",
            "name": "煌",
            "location": [
                3,
                2
            ],
            "direction": "Down"
        },
        {
            "type": "SpeedUp",
            "costs": 18
        },
        {
            "type": "Deploy",
            "name": "塞雷娅",
            "location": [
                4,
                1
            ],
            "direction": "Down"
        },
        {
            "type": "SpeedUp"
        },
        {
            "type": "Deploy",
            "name": "单法",
            "location": [
                7,
                4
            ],
            "direction": "Down"
        },
        {
            "type": "Deploy",
            "name": "狙击",
            "location": [
                7,
                5
            ],
            "direction": "Down"
        },
        {
            "type": "Deploy",
            "name": "艾雅法拉",
            "location": [
                7,
                2
            ],
            "direction": "Left"
        },
        {
            "type": "SkillDaemon",
            "doc": "有帮助的话 点个好评吧~",
            "doc_color": "DarkRed"
        }
    ],
    "doc": {
        "title": "孤星 CW-5 小鬼卡比攻略 摆完挂机",
        "details": "统计日期：2024-06-01\n好评率：96.09%  浏览量：4183\n来源：鱼丸不是鱼van  ID：23094\n用之前好像可以去接一个任务 任务是三星通关cw-5 自己翻翻吧\n攻略作者：小鬼卡比 https://www.bilibili.com/video/BV1sm4y1C76w 记得去b站给卡比宝贝点赞三连\njson作者：鱼丸 有问题请点踩 然后在评论区反馈\n平均练度 2603 \n已测试"
    },
    "groups": [
        {
            "name": "狙击",
            "opers": [
                {
                    "name": "克洛丝",
                    "skill": 1,
                    "skill_usage": 0
                },
                {
                    "name": "寒芒克洛丝",
                    "skill": 1,
                    "skill_usage": 0
                },
                {
                    "name": "能天使",
                    "skill": 1,
                    "skill_usage": 0
                },
                {
                    "name": "灰烬",
                    "skill": 1,
                    "skill_usage": 0
                },
                {
                    "name": "空弦",
                    "skill": 1,
                    "skill_usage": 0
                },
                {
                    "name": "白金",
                    "skill": 2,
                    "skill_usage": 0
                },
                {
                    "name": "蓝毒",
                    "skill": 1,
                    "skill_usage": 0
                },
                {
                    "name": "杰西卡",
                    "skill": 1,
                    "skill_usage": 0
                },
                {
                    "name": "鸿雪",
                    "skill": 1,
                    "skill_usage": 0
                },
                {
                    "name": "黑",
                    "skill": 1,
                    "skill_usage": 0
                }
            ]
        },
        {
            "name": "单法",
            "opers": [
                {
                    "name": "卡达",
                    "skill": 2,
                    "skill_usage": 1
                },
                {
                    "name": "至简",
                    "skill": 1,
                    "skill_usage": 1
                },
                {
                    "name": "澄闪",
                    "skill": 1,
                    "skill_usage": 1
                },
                {
                    "name": "刻俄柏",
                    "skill": 1,
                    "skill_usage": 0
                },
                {
                    "name": "阿米娅",
                    "skill": 1,
                    "skill_usage": 1
                }
            ]
        }
    ],
    "opers": [
        {
            "name": "艾雅法拉",
            "skill": 2,
            "skill_usage": 0
        },
        {
            "name": "塞雷娅",
            "skill": 1,
            "skill_usage": 0
        },
        {
            "name": "煌",
            "skill": 2,
            "skill_usage": 0
        }
    ]
}