{
    "minimum_required": "v4.0.0",
    "stage_name": "act25side_09",
    "actions": [
        {
            "type": "SpeedUp"
        },
        {
            "type": "Deploy",
            "name": "塞雷娅",
            "location": [
                8,
                5
            ],
            "direction": "Left"
        },
        {
            "type": "Deploy",
            "name": "泥岩",
            "location": [
                10,
                1
            ],
            "direction": "Left"
        },
        {
            "type": "Deploy",
            "name": "星熊",
            "location": [
                7,
                3
            ],
            "direction": "Left"
        },
        {
            "type": "Deploy",
            "name": "艾雅法拉",
            "location": [
                8,
                4
            ],
            "direction": "Left"
        },
        {
            "type": "Deploy",
            "name": "拉普兰德",
            "location": [
                9,
                3
            ],
            "direction": "Left"
        },
        {
            "type": "SkillDaemon"
        }
    ],
    "doc": {
        "title": "【自在道爷】孤星 - CW-9 - 恩怨纠葛",
        "details": "统计日期：2024-05-25\n好评率：92.45%  浏览量：5016\n来源：status102  ID：23244\nhttps://www.bilibili.com/video/BV1r14y1Z7v7?p=9\n含任务：重力最多改变两次\n星熊Y模（挡4"
    },
    "groups": [],
    "opers": [
        {
            "name": "拉普兰德",
            "skill": 2,
            "skill_usage": 0
        },
        {
            "name": "艾雅法拉",
            "skill": 2,
            "skill_usage": 0
        },
        {
            "name": "星熊",
            "skill": 2,
            "skill_usage": 0
        },
        {
            "name": "塞雷娅",
            "skill": 2,
            "skill_usage": 0
        },
        {
            "name": "泥岩",
            "skill": 2,
            "skill_usage": 0
        }
    ]
}