{
    "minimum_required": "v4.0.0",
    "stage_name": "act25side_ex08",
    "actions": [
        {
            "type": "Deploy",
            "name": "桃金娘",
            "location": [
                9,
                4
            ],
            "direction": "Up",
            "pre_delay": 3000
        },
        {
            "type": "Deploy",
            "name": "6星挡二先锋",
            "location": [
                9,
                3
            ],
            "direction": "Up"
        },
        {
            "type": "SkillUsage",
            "name": "桃金娘",
            "skill_usage": 1
        },
        {
            "type": "SpeedUp"
        },
        {
            "type": "Deploy",
            "name": "浊心斯卡蒂",
            "location": [
                7,
                3
            ],
            "direction": "Down"
        },
        {
            "type": "Deploy",
            "name": "纯烬艾雅法拉",
            "location": [
                8,
                2
            ],
            "direction": "Left"
        },
        {
            "type": "Deploy",
            "name": "澄闪",
            "location": [
                7,
                1
            ],
            "direction": "Down"
        },
        {
            "type": "Deploy",
            "name": "夜莺",
            "location": [
                8,
                3
            ],
            "direction": "Left"
        },
        {
            "type": "Deploy",
            "name": "铃兰",
            "location": [
                6,
                2
            ],
            "direction": "Down"
        },
        {
            "type": "Deploy",
            "name": "安洁莉娜",
            "location": [
                6,
                3
            ],
            "direction": "Down"
        },
        {
            "type": "Deploy",
            "name": "艾雅法拉",
            "location": [
                5,
                3
            ],
            "direction": "Down"
        },
        {
            "type": "Retreat",
            "name": "桃金娘",
            "pre_delay": 3000
        },
        {
            "type": "Deploy",
            "name": "伊芙利特",
            "location": [
                8,
                1
            ],
            "direction": "Left"
        },
        {
            "type": "Retreat",
            "name": "6星挡二先锋",
            "kills": 20
        },
        {
            "type": "Deploy",
            "name": "能天使",
            "location": [
                7,
                4
            ],
            "direction": "Down"
        },
        {
            "type": "Skill",
            "cost_changes": 17,
            "name": "夜莺"
        },
        {
            "type": "SkillDaemon"
        }
    ],
    "doc": {
        "title": "孤星 - CW-EX-8 - 寂寥的光（修改自用）",
        "details": "统计日期：2024-06-01\n好评率：91.3%  浏览量：1377\n来源：tomoyo  ID：35499\n突袭术士必须专3  斯卡蒂专3 否则暂停手动开夜莺技能 斯卡蒂没有专3 澄闪可能会暴毙\nhttps://www.bilibili.com/video/BV1Hs4y1u7yX"
    },
    "groups": [
        {
            "name": "6星挡二先锋",
            "opers": [
                {
                    "name": "嵯峨",
                    "skill": 2,
                    "skill_usage": 1
                },
                {
                    "name": "焰尾",
                    "skill": 2,
                    "skill_usage": 1
                },
                {
                    "name": "推进之王",
                    "skill": 2,
                    "skill_usage": 0
                },
                {
                    "name": "风笛",
                    "skill": 2,
                    "skill_usage": 0
                }
            ]
        }
    ],
    "opers": [
        {
            "name": "夜莺",
            "skill": 3,
            "skill_usage": 0
        },
        {
            "name": "能天使",
            "skill": 3,
            "skill_usage": 0
        },
        {
            "name": "澄闪",
            "skill": 2,
            "skill_usage": 0
        },
        {
            "name": "艾雅法拉",
            "skill": 2,
            "skill_usage": 0
        },
        {
            "name": "伊芙利特",
            "skill": 2,
            "skill_usage": 0
        },
        {
            "name": "安洁莉娜",
            "skill": 1,
            "skill_usage": 0
        },
        {
            "name": "铃兰",
            "skill": 2,
            "skill_usage": 0
        },
        {
            "name": "浊心斯卡蒂",
            "skill": 2,
            "skill_usage": 0
        },
        {
            "name": "桃金娘",
            "skill": 1,
            "skill_usage": 0
        },
        {
            "name": "纯烬艾雅法拉",
            "skill": 1,
            "skill_usage": 0
        }
    ],
    "difficulty": 3
}