{
  "minimum_required": "v4.0.0",
  "stage_name": "CW-EX-7",
  "actions": [
    {
      "type": "Deploy",
      "name": "山",
      "location": [
        4,
        1
      ],
      "direction": "Right"
    },
    {
      "type": "Skill",
      "name": "山",
      "location": [
        4,
        1
      ],
      "pre_delay": 2500
    },
    {
      "type": "SpeedUp"
    },
    {
      "type": "Deploy",
      "name": "暗索",
      "location": [
        9,
        6
      ],
      "direction": "Left"
    },
    {
      "type": "Deploy",
      "name": "铃兰",
      "location": [
        8,
        4
      ],
      "direction": "Up"
    },
    {
      "type": "Deploy",
      "name": "白面鸮",
      "location": [
        7,
        4
      ],
      "direction": "Left"
    },
    {
      "type": "Deploy",
      "name": "艾雅法拉",
      "location": [
        6,
        4
      ],
      "direction": "Up"
    },
    {
      "type": "Deploy",
      "name": "伊芙利特",
      "location": [
        7,
        5
      ],
      "direction": "Up"
    },
    {
      "type": "Deploy",
      "name": "塞雷娅",
      "location": [
        4,
        3
      ],
      "direction": "Right"
    },
    {
      "type": "Deploy",
      "name": "阿米娅",
      "location": [
        6,
        5
      ],
      "direction": "Up"
    },
    {
      "type": "SkillDaemon"
    }
  ],
  "doc": {
    "title": "【萧然Q】孤星 - CW-EX-7 普通/突袭- 前线模拟",
    "details": "原视频 萧然Q BV1ch4y1J7x2?p\nyc.exe"
  },
  "groups": [],
  "opers": [
    {
      "name": "山",
      "skill": 2,
      "skill_usage": 0
    },
    {
      "name": "塞雷娅",
      "skill": 2,
      "skill_usage": 0
    },
    {
      "name": "艾雅法拉",
      "skill": 2,
      "skill_usage": 0
    },
    {
      "name": "伊芙利特",
      "skill": 2,
      "skill_usage": 0
    },
    {
      "name": "阿米娅",
      "skill": 2,
      "skill_usage": 0
    },
    {
      "name": "白面鸮",
      "skill": 2,
      "skill_usage": 1
    },
    {
      "name": "铃兰",
      "skill": 2,
      "skill_usage": 0
    },
    {
      "name": "暗索",
      "skill": 1,
      "skill_usage": 0
    }
  ]
}