{
    "minimum_required": "v4.0.0",
    "stage_name": "act25side_s01_a",
    "actions": [
        {
            "type": "Deploy",
            "name": "桃金娘",
            "location": [
                4,
                6
            ],
            "direction": "Right"
        },
        {
            "type": "Deploy",
            "name": "拉普兰德",
            "location": [
                10,
                4
            ],
            "direction": "Left"
        },
        {
            "type": "SpeedUp"
        },
        {
            "type": "Deploy",
            "name": "艾雅法拉",
            "location": [
                9,
                3
            ],
            "direction": "Left"
        },
        {
            "type": "Deploy",
            "name": "德克萨斯",
            "location": [
                10,
                6
            ],
            "direction": "Left"
        },
        {
            "type": "Deploy",
            "name": "铃兰",
            "location": [
                7,
                3
            ],
            "direction": "Left"
        },
        {
            "type": "Deploy",
            "name": "奶",
            "location": [
                9,
                2
            ],
            "direction": "Down"
        },
        {
            "type": "Deploy",
            "name": "史尔特尔",
            "location": [
                1,
                1
            ],
            "direction": "Right"
        },
        {
            "type": "Deploy",
            "name": "煌",
            "location": [
                4,
                3
            ],
            "direction": "Left"
        },
        {
            "type": "Deploy",
            "name": "山",
            "location": [
                3,
                2
            ],
            "direction": "Up"
        },
        {
            "type": "Deploy",
            "name": "伊芙利特",
            "location": [
                2,
                3
            ],
            "direction": "Right"
        },
        {
            "type": "Retreat",
            "name": "桃金娘"
        },
        {
            "type": "Deploy",
            "name": "夜莺",
            "location": [
                2,
                2
            ],
            "direction": "Right"
        },
        {
            "type": "SkillDaemon"
        }
    ],
    "doc": {
        "title": "孤星 - CW-S-1-A - 花式滑冰·α",
        "details": "统计日期：2024-06-01\n好评率：91.8%  浏览量：8052\n来源：萨拉托加  ID：37965\n原作者萧然Q json作者萨拉托加\n作业交流群群号216314927，有问题进群，作业站消息没提醒看不到\n【【孤星】CW全关卡 摆完挂机 简单好抄】 https://www.bilibili.com/video/BV1ch4y1J7x2/?share_source=copy_web&vd_source=3fd5040fe25f6a00e19e6072bcccfa4e"
    },
    "groups": [
        {
            "name": "奶",
            "opers": [
                {
                    "name": "纯烬艾雅法拉",
                    "skill": 1,
                    "skill_usage": 0
                },
                {
                    "name": "闪灵",
                    "skill": 2,
                    "skill_usage": 0
                }
            ]
        }
    ],
    "opers": [
        {
            "name": "桃金娘",
            "skill": 1,
            "skill_usage": 1
        },
        {
            "name": "德克萨斯",
            "skill": 1,
            "skill_usage": 0
        },
        {
            "name": "史尔特尔",
            "skill": 3,
            "skill_usage": 1
        },
        {
            "name": "山",
            "skill": 2,
            "skill_usage": 2,
            "skill_times": 1
        },
        {
            "name": "煌",
            "skill": 2,
            "skill_usage": 0
        },
        {
            "name": "拉普兰德",
            "skill": 2,
            "skill_usage": 0
        },
        {
            "name": "艾雅法拉",
            "skill": 2,
            "skill_usage": 0
        },
        {
            "name": "伊芙利特",
            "skill": 2,
            "skill_usage": 0
        },
        {
            "name": "夜莺",
            "skill": 2,
            "skill_usage": 0
        },
        {
            "name": "铃兰",
            "skill": 2,
            "skill_usage": 0
        }
    ]
}