{
    "minimum_required": "v4.0.0",
    "stage_name": "act25side_s01_b",
    "actions": [
        {
            "type": "Deploy",
            "name": "山",
            "location": [
                7,
                4
            ],
            "direction": "Down"
        },
        {
            "type": "SpeedUp"
        },
        {
            "type": "Deploy",
            "name": "铃兰",
            "location": [
                4,
                4
            ],
            "direction": "Right"
        },
        {
            "type": "Deploy",
            "name": "艾雅法拉",
            "location": [
                7,
                3
            ],
            "direction": "Left"
        },
        {
            "type": "Deploy",
            "name": "拉普兰德",
            "location": [
                8,
                1
            ],
            "direction": "Down"
        },
        {
            "type": "Deploy",
            "name": "白面鸮",
            "location": [
                7,
                2
            ],
            "direction": "Down"
        },
        {
            "type": "Deploy",
            "name": "伊芙利特",
            "location": [
                2,
                3
            ],
            "direction": "Right"
        },
        {
            "type": "SkillDaemon"
        }
    ],
    "doc": {
        "title": "孤星 - CW-S-1-B - 花式滑冰·β",
        "details": "统计日期：2024-06-01\n好评率：97.96%  浏览量：6650\n来源：萨拉托加  ID：37966\n原作者萧然Q json作者萨拉托加\n作业交流群群号216314927，有问题进群，作业站消息没提醒看不到\n【【孤星】CW全关卡 摆完挂机 简单好抄】 https://www.bilibili.com/video/BV1ch4y1J7x2/?share_source=copy_web&vd_source=3fd5040fe25f6a00e19e6072bcccfa4e"
    },
    "groups": [],
    "opers": [
        {
            "skill_times": 1,
            "name": "山",
            "skill": 2,
            "skill_usage": 2
        },
        {
            "name": "拉普兰德",
            "skill": 2,
            "skill_usage": 0
        },
        {
            "name": "艾雅法拉",
            "skill": 2,
            "skill_usage": 0
        },
        {
            "name": "伊芙利特",
            "skill": 2,
            "skill_usage": 0
        },
        {
            "name": "铃兰",
            "skill": 2,
            "skill_usage": 0
        },
        {
            "name": "白面鸮",
            "skill": 2,
            "skill_usage": 0
        }
    ]
}