{
  "minimum_required": "v4.0.0",
  "stage_name": "act25side_s02_a",
  "actions": [
    {
      "type": "Deploy",
      "name": "桃金娘",
      "location": [
        1,
        3
      ],
      "direction": "Down"
    },
    {
      "type": "Deploy",
      "name": "奶盾",
      "location": [
        3,
        3
      ],
      "direction": "Down"
    },
    {
      "type": "SpeedUp",
      "kills": 0
    },
    {
      "type": "Deploy",
      "name": "物防盾",
      "location": [
        3,
        4
      ],
      "direction": "Down"
    },
    {
      "type": "Deploy",
      "name": "伊芙利特",
      "location": [
        4,
        2
      ],
      "direction": "Down"
    },
    {
      "type": "Deploy",
      "name": "辅助",
      "location": [
        10,
        3
      ],
      "direction": "Down"
    },
    {
      "type": "Deploy",
      "name": "术士",
      "location": [
        10,
        1
      ],
      "direction": "Down"
    },
    {
      "type": "Deploy",
      "name": "拉狗",
      "location": [
        1,
        4
      ],
      "direction": "Right"
    },
    {
      "type": "Deploy",
      "name": "群奶",
      "location": [
        2,
        2
      ],
      "direction": "Down"
    },
    {
      "type": "SkillUsage",
      "name": "桃金娘",
      "skill_usage": 0
    },
    {
      "type": "SkillDaemon"
    }
  ],
  "doc": {
    "title": "【小鬼卡比】高配挂机自用CW-S-2-A",
    "details": "建议改成maatouch和暂停放干员，有问题留言提\n小鬼卡比，自用，侵删https://www.bilibili.com/video/BV19T411t7BD/?spm_id_from=333.999.0.0&vd_source=b7592922b2d52c8cccaf0c7499248c97"
  },
  "groups": [
    {
      "name": "术士",
      "opers": [
        {
          "name": "艾雅法拉",
          "skill": 2,
          "skill_usage": 0
        },
        {
          "name": "澄闪",
          "skill": 2,
          "skill_usage": 0
        },
        {
          "name": "刻俄柏",
          "skill": 1,
          "skill_usage": 0
        }
      ]
    },
    {
      "name": "奶盾",
      "opers": [
        {
          "name": "塞雷娅",
          "skill": 1,
          "skill_usage": 0
        },
        {
          "name": "临光",
          "skill": 1,
          "skill_usage": 0
        },
        {
          "name": "古米",
          "skill": 1,
          "skill_usage": 0
        }
      ]
    },
    {
      "name": "物防盾",
      "opers": [
        {
          "name": "星熊",
          "skill": 2,
          "skill_usage": 0
        },
        {
          "name": "年",
          "skill": 2,
          "skill_usage": 1
        },
        {
          "name": "可颂",
          "skill": 1,
          "skill_usage": 0
        },
        {
          "name": "蛇屠箱",
          "skill": 2,
          "skill_usage": 1
        },
        {
          "name": "泡泡",
          "skill": 2,
          "skill_usage": 1
        }
      ]
    },
    {
      "name": "辅助",
      "opers": [
        {
          "name": "铃兰",
          "skill": 2,
          "skill_usage": 0
        },
        {
          "name": "灵知",
          "skill": 1,
          "skill_usage": 0
        }
      ]
    },
    {
      "name": "拉狗",
      "opers": [
        {
          "name": "拉普兰德",
          "skill": 2,
          "skill_usage": 0
        },
        {
          "name": "号角",
          "skill": 1,
          "skill_usage": 0
        },
        {
          "name": "棘刺",
          "skill": 3,
          "skill_usage": 1
        },
        {
          "name": "银灰",
          "skill": 1,
          "skill_usage": 0
        },
        {
          "name": "仇白",
          "skill": 1,
          "skill_usage": 0
        },
        {
          "name": "断崖",
          "skill": 1,
          "skill_usage": 0
        },
        {
          "name": "芳汀",
          "skill": 2,
          "skill_usage": 1
        },
        {
          "name": "罗小黑",
          "skill": 2,
          "skill_usage": 1
        },
        {
          "name": "月见夜",
          "skill": 1,
          "skill_usage": 1
        }
      ]
    },
    {
      "name": "群奶",
      "opers": [
        {
          "name": "夜莺",
          "skill": 2,
          "skill_usage": 0
        },
        {
          "name": "白面鸮",
          "skill": 2,
          "skill_usage": 1
        },
        {
          "name": "调香师",
          "skill": 2,
          "skill_usage": 1
        },
        {
          "name": "微风",
          "skill": 1,
          "skill_usage": 1
        }
      ]
    }
  ],
  "opers": [
    {
      "name": "伊芙利特",
      "skill": 2,
      "skill_usage": 0
    },
    {
      "name": "桃金娘",
      "skill": 1,
      "skill_usage": 1
    }
  ]
}