{
  "minimum_required": "v4.0.0",
  "stage_name": "act25side_s01_b",
  "actions": [
    {
      "type": "SpeedUp"
    },
    {
      "type": "Deploy",
      "name": "山",
      "location": [
        7,
        4
      ],
      "direction": "Down"
    },
    {
      "type": "Deploy",
      "name": "铃兰",
      "location": [
        4,
        4
      ],
      "direction": "Right"
    },
    {
      "type": "Deploy",
      "name": "艾雅法拉",
      "location": [
        7,
        3
      ],
      "direction": "Left"
    },
    {
      "type": "Deploy",
      "name": "拉普兰德",
      "location": [
        8,
        1
      ],
      "direction": "Down"
    },
    {
      "type": "Deploy",
      "name": "白面鸮",
      "location": [
        7,
        2
      ],
      "direction": "Down"
    },
    {
      "type": "Deploy",
      "name": "伊芙利特",
      "location": [
        2,
        3
      ],
      "direction": "Right"
    },
    {
      "type": "SkillDaemon"
    }
  ],
  "doc": {
    "title": "【萧然Q】孤星 - CW-S-1-B - 花式滑冰·β",
    "details": "萧然Q\nhttps://www.bilibili.com/video/BV1ch4y1J7x2?p=29"
  },
  "groups": [],
  "opers": [
    {
      "name": "山",
      "skill": 2,
      "skill_usage": 2
    },
    {
      "name": "拉普兰德",
      "skill": 2,
      "skill_usage": 0
    },
    {
      "name": "艾雅法拉",
      "skill": 2,
      "skill_usage": 0
    },
    {
      "name": "伊芙利特",
      "skill": 2,
      "skill_usage": 0
    },
    {
      "name": "白面鸮",
      "skill": 2,
      "skill_usage": 0
    },
    {
      "name": "铃兰",
      "skill": 2,
      "skill_usage": 0
    }
  ]
}