{
  "minimum_required": "v4.0.0",
  "stage_name": "CW-S-3-A",
  "actions": [
    {
      "type": "Deploy",
      "name": "桃金娘",
      "location": [
        2,
        3
      ],
      "direction": "Down"
    },
    {
      "type": "SpeedUp"
    },
    {
      "type": "Deploy",
      "name": "史尔特尔",
      "location": [
        8,
        3
      ],
      "direction": "Left"
    },
    {
      "type": "Deploy",
      "name": "铃兰",
      "location": [
        6,
        2
      ],
      "direction": "Right",
      "pre_delay": 2000
    },
    {
      "type": "Deploy",
      "name": "伊芙利特",
      "location": [
        3,
        3
      ],
      "direction": "Right"
    },
    {
      "type": "Deploy",
      "name": "艾雅法拉",
      "location": [
        6,
        4
      ],
      "direction": "Right"
    },
    {
      "type": "Deploy",
      "name": "拉普兰德",
      "location": [
        5,
        3
      ],
      "direction": "Right"
    },
    {
      "type": "Deploy",
      "name": "星熊",
      "location": [
        6,
        3
      ],
      "direction": "Right"
    },
    {
      "type": "Deploy",
      "name": "闪灵",
      "location": [
        5,
        2
      ],
      "direction": "Right"
    }
  ],
  "doc": {
    "title": "【萧然Q】孤星 - CW-S-3-A - 拉力赛·α",
    "details": "原视频 BV1ch4y1J7x2?p\n艾雅法拉 带x模组\nyc.exe"
  },
  "groups": [],
  "opers": [
    {
      "name": "桃金娘",
      "skill": 1,
      "skill_usage": 1
    },
    {
      "name": "拉普兰德",
      "skill": 2,
      "skill_usage": 0
    },
    {
      "name": "史尔特尔",
      "skill": 3,
      "skill_usage": 1
    },
    {
      "name": "星熊",
      "skill": 2,
      "skill_usage": 0
    },
    {
      "name": "艾雅法拉",
      "skill": 2,
      "skill_usage": 0
    },
    {
      "name": "伊芙利特",
      "skill": 2,
      "skill_usage": 0
    },
    {
      "name": "闪灵",
      "skill": 2,
      "skill_usage": 0
    },
    {
      "name": "铃兰",
      "skill": 2,
      "skill_usage": 0
    }
  ]
}