{
  "minimum_required": "v4.0.0",
  "stage_name": "act25side_s02_a",
  "actions": [
    {
      "type": "SpeedUp"
    },
    {
      "type": "Deploy",
      "name": "桃金娘",
      "location": [
        8,
        2
      ],
      "direction": "Right"
    },
    {
      "type": "Skill",
      "name": "桃金娘",
      "location": [
        8,
        2
      ]
    },
    {
      "type": "Deploy",
      "name": "塞雷娅",
      "location": [
        3,
        3
      ],
      "direction": "Down"
    },
    {
      "type": "Deploy",
      "name": "煌",
      "location": [
        3,
        4
      ],
      "direction": "Right"
    },
    {
      "type": "Deploy",
      "name": "铃兰",
      "location": [
        10,
        3
      ],
      "direction": "Down"
    },
    {
      "type": "Deploy",
      "name": "水月",
      "location": [
        5,
        4
      ],
      "direction": "Down",
      "doc_color": "Gray",
      "doc": "是水月宝！！！"
    },
    {
      "type": "Deploy",
      "name": "艾雅法拉",
      "location": [
        10,
        1
      ],
      "direction": "Down"
    },
    {
      "type": "Deploy",
      "name": "伊芙利特",
      "location": [
        4,
        2
      ],
      "direction": "Down"
    },
    {
      "type": "SkillDaemon"
    }
  ],
  "doc": {
    "title": "测试·孤星·萧然Q·挂机流·CW-S-2-A/CW-S-2-B",
    "details": "萧然Q挂机流CW-S-2-A/CW-S-2-B战壕【加了风笛让桃金娘的技能开快点】【加上刷当期信赖干员】\n参考视频：https://www.bilibili.com/video/BV1ch4y1J7x2?p=30&vd_source=5e007155104aebbfa4787b89070cb89a"
  },
  "groups": [],
  "opers": [
    {
      "name": "桃金娘",
      "skill": 1,
      "skill_usage": 1
    },
    {
      "name": "煌",
      "skill": 2,
      "skill_usage": 0
    },
    {
      "name": "塞雷娅",
      "skill": 2,
      "skill_usage": 0
    },
    {
      "name": "艾雅法拉",
      "skill": 2,
      "skill_usage": 0
    },
    {
      "name": "伊芙利特",
      "skill": 2,
      "skill_usage": 0
    },
    {
      "name": "铃兰",
      "skill": 2,
      "skill_usage": 0
    },
    {
      "name": "水月",
      "skill": 1,
      "skill_usage": 0
    },
    {
      "name": "风笛",
      "skill": 1,
      "skill_usage": 0
    },
    {
      "name": "缪尔赛思",
      "skill": 1,
      "skill_usage": 0
    },
    {
      "name": "霍尔海雅",
      "skill": 1,
      "skill_usage": 0
    },
    {
      "name": "玫拉",
      "skill": 1,
      "skill_usage": 0
    }
  ]
}