{
    "minimum_required": "v4.0.0",
    "stage_name": "main_07-09",
    "actions": [
        {
            "type": "SpeedUp"
        },
        {
            "type": "Deploy",
            "name": "煌",
            "location": [
                2,
                2
            ],
            "direction": "Down"
        },
        {
            "type": "Deploy",
            "name": "奶盾",
            "location": [
                3,
                2
            ],
            "direction": "Left"
        },
        {
            "type": "Deploy",
            "name": "龙舌兰",
            "location": [
                3,
                3
            ],
            "direction": "Left"
        },
        {
            "type": "SkillDaemon"
        }
    ],
    "doc": {
        "title": "龙舌兰模组任务 - 7-11 - “双重身份”",
        "details": "——————————\n作业更新日期: 2025-05-10T12:51:39Z\n统计更新日期: 2025-06-17\n好评率：100.0%  浏览量：131\n来源：一只摆烂的42  ID：53354\n——————————\n龙舌兰「“双重身份”」模组任务\n3星通关主题曲7-11；必须编入非助战龙舌兰并上场，且使用2次剑走偏锋\n制作者：一只摆烂的42\n有问题联系QQ2586582719\n修改自用请删除我的QQ"
    },
    "groups": [
        {
            "name": "奶盾",
            "opers": [
                {
                    "name": "黍",
                    "skill": 1,
                    "skill_usage": 0
                },
                {
                    "name": "塞雷娅",
                    "skill": 1,
                    "skill_usage": 0
                }
            ]
        }
    ],
    "opers": [
        {
            "name": "龙舌兰",
            "skill": 2,
            "skill_usage": 1
        },
        {
            "name": "煌",
            "skill": 2,
            "skill_usage": 0
        }
    ],
    "difficulty": 1
}