{
    "minimum_required": "v4.0.0",
    "stage_name": "act13side_10",
    "actions": [
        {
            "type": "Deploy",
            "name": "推进之王",
            "location": [
                7,
                4
            ],
            "direction": "Right"
        },
        {
            "type": "SpeedUp"
        },
        {
            "type": "Deploy",
            "name": "耀骑士临光",
            "location": [
                6,
                3
            ],
            "direction": "Up"
        },
        {
            "type": "Deploy",
            "name": "奶盾",
            "location": [
                5,
                3
            ],
            "direction": "Left"
        },
        {
            "type": "Deploy",
            "name": "奶",
            "location": [
                4,
                4
            ],
            "direction": "Right"
        },
        {
            "type": "Deploy",
            "name": "煌",
            "location": [
                5,
                4
            ],
            "direction": "Up"
        },
        {
            "type": "Deploy",
            "name": "山",
            "location": [
                6,
                2
            ],
            "direction": "Up"
        },
        {
            "type": "SkillDaemon"
        }
    ],
    "doc": {
        "title": "耀骑士临光模组任务 - NL-10 - “骑士家族”",
        "details": "作业更新日期: 2024-07-07T02:06:40Z\n统计更新日期: 2024-10-14\n好评率：92.31%  浏览量：201\n来源：一只摆烂的42  ID：39159\n耀骑士临光「“骑士家族”」模组任务\n3星通关别传NL-10；必须编入非助战耀骑士临光并上场，且使用耀骑士临光击败血骑士狄开俄波利斯\n原视频：https://www.bilibili.com/video/BV1GN4y1r7Va/\n容易被山抢人头，建议快打死的时候撤退山\n制作者：一只摆烂的42\n有问题联系QQ2586582719\n修改自用请删除我的QQ"
    },
    "groups": [
        {
            "name": "奶",
            "opers": [
                {
                    "name": "纯烬艾雅法拉",
                    "skill": 1,
                    "skill_usage": 0
                },
                {
                    "name": "闪灵",
                    "skill": 2,
                    "skill_usage": 0
                },
                {
                    "name": "流明",
                    "skill": 3,
                    "skill_usage": 1
                }
            ]
        },
        {
            "name": "奶盾",
            "opers": [
                {
                    "name": "塞雷娅",
                    "skill": 1,
                    "skill_usage": 0
                },
                {
                    "name": "黍",
                    "skill": 1,
                    "skill_usage": 0
                },
                {
                    "name": "临光",
                    "skill": 1,
                    "skill_usage": 0
                }
            ]
        }
    ],
    "opers": [
        {
            "name": "耀骑士临光",
            "skill": 1,
            "skill_usage": 0
        },
        {
            "name": "推进之王",
            "skill": 2,
            "skill_usage": 0
        },
        {
            "name": "山",
            "skill": 2,
            "skill_usage": 2,
            "skill_times": 1
        },
        {
            "name": "煌",
            "skill": 2,
            "skill_usage": 0
        }
    ]
}