{
    "minimum_required": "v4.0.0",
    "doc": {
        "title": "11-18（标准）非我所愿 【红隼模组任务】",
        "details": "作业更新日期: 2024-02-01T04:57:34Z\n统计更新日期: 2024-11-30\n好评率：100.0%  浏览量：266\n来源：小卡拉帕鲁灰  ID：32420\n生稀盐酸打灰干员\n任务要求：3星通关主题曲11-18标准实战环境;必须编入非助战红隼，且第一位部署红隼、红隼全程不撤退或被击倒\nJSON作者：灰bao_\n新干员可能无法识别，建议用自动编队试试水\n开服就用，maa大概率不认识，\n要等到地图包更新后（就是可以用maa打新活动关卡的时候）才能用\n建了个q群（789724611），有啥问题可以进来问"
    },
    "stage_name": "main_11-16",
    "opers": [
        {
            "name": "伊芙利特",
            "skill": 2,
            "skill_usage": 0
        },
        {
            "name": "塞雷娅",
            "skill": 1,
            "skill_usage": 0
        },
        {
            "name": "山",
            "skill": 2,
            "skill_usage": 2
        },
        {
            "name": "红隼",
            "skill": 2,
            "skill_usage": 1
        }
    ],
    "actions": [
        {
            "type": "Deploy",
            "name": "红隼",
            "location": [
                2,
                6
            ],
            "direction": "Right"
        },
        {
            "type": "Deploy",
            "name": "山",
            "location": [
                8,
                6
            ],
            "direction": "Right"
        },
        {
            "type": "SpeedUp",
            "name": "",
            "doc_color": "Gray"
        },
        {
            "type": "Deploy",
            "name": "伊芙利特",
            "location": [
                2,
                3
            ],
            "direction": "Right"
        },
        {
            "type": "Deploy",
            "name": "塞雷娅",
            "location": [
                3,
                3
            ],
            "direction": "Right"
        },
        {
            "type": "SkillDaemon",
            "name": "",
            "doc": "制作者2586582719",
            "doc_color": "SpringGreen"
        }
    ],
    "groups": []
}