{
    "minimum_required": "v4.0.0",
    "doc": {
        "title": "11-16磨难4人-无限定（修改自用）",
        "details": "统计日期：2024-05-31\n好评率：92.31%  浏览量：1692\n来源：白羊47  ID：30687\nUP：萧然Q\nhttps://www.bilibili.com/video/BV1cG411J7Mu?p=17&vd_source=00dc9700b78115dbc0e317b04ce413cc（修改自用）"
    },
    "stage_name": "tough_11-14",
    "opers": [
        {
            "name": "德克萨斯",
            "skill": 1,
            "skill_usage": 0
        },
        {
            "name": "煌",
            "skill": 2,
            "skill_usage": 0
        },
        {
            "name": "塞雷娅",
            "skill": 1,
            "skill_usage": 0
        },
        {
            "name": "能天使",
            "skill": 3,
            "skill_usage": 0
        },
        {
            "name": "纯烬艾雅法拉",
            "skill": 1,
            "skill_usage": 0
        }
    ],
    "actions": [
        {
            "type": "SpeedUp",
            "name": "",
            "doc_color": "Gray"
        },
        {
            "type": "Deploy",
            "name": "障碍物",
            "location": [
                1,
                2
            ],
            "direction": "None"
        },
        {
            "type": "Deploy",
            "name": "塞雷娅",
            "location": [
                2,
                1
            ],
            "direction": "Right"
        },
        {
            "type": "Deploy",
            "name": "德克萨斯",
            "location": [
                3,
                3
            ],
            "direction": "Down",
            "pre_delay": 1000
        },
        {
            "type": "Deploy",
            "name": "煌",
            "location": [
                3,
                2
            ],
            "direction": "Up"
        },
        {
            "type": "Deploy",
            "name": "能天使",
            "location": [
                4,
                5
            ],
            "direction": "Left",
            "kills": 4,
            "pre_delay": 0,
            "rear_delay": 0
        },
        {
            "type": "Deploy",
            "name": "纯烬艾雅法拉",
            "location": [
                4,
                3
            ],
            "direction": "Left"
        },
        {
            "type": "SkillDaemon"
        }
    ],
    "groups": []
}