{
    "minimum_required": "v4.0.0",
    "doc": {
        "title": "11-13磨难四人",
        "details": "作业更新日期: 2023-02-11T07:07:51Z\n统计更新日期: 2024-10-07\n好评率：89.44%  浏览量：4093\n来源：一只摆烂的42  ID：20588\nhttps://www.bilibili.com/video/av261474187/"
    },
    "stage_name": "tough_11-11",
    "opers": [
        {
            "name": "煌",
            "skill": 2,
            "skill_usage": 0
        },
        {
            "name": "夜莺",
            "skill": 2,
            "skill_usage": 0
        },
        {
            "name": "山",
            "skill": 2,
            "skill_usage": 2
        },
        {
            "name": "浊心斯卡蒂",
            "skill": 2,
            "skill_usage": 0
        }
    ],
    "actions": [
        {
            "type": "SpeedUp",
            "name": "",
            "doc_color": "Gray"
        },
        {
            "type": "部署",
            "name": "煌",
            "location": [
                2,
                4
            ],
            "direction": "上"
        },
        {
            "type": "部署",
            "name": "浊心斯卡蒂",
            "location": [
                3,
                5
            ],
            "direction": "上"
        },
        {
            "type": "部署",
            "name": "夜莺",
            "location": [
                4,
                5
            ],
            "direction": "左"
        },
        {
            "type": "部署",
            "name": "山",
            "location": [
                3,
                4
            ],
            "direction": "上"
        },
        {
            "type": "Output",
            "name": "",
            "doc": "制作者2586582719",
            "doc_color": "SpringGreen"
        },
        {
            "type": "摆完挂机",
            "name": ""
        }
    ]
}