{
    "minimum_required": "v4.0.0",
    "doc": {
        "title": "11-14磨难四人",
        "details": "作业更新日期: 2023-02-11T07:07:52Z\n统计更新日期: 2024-11-30\n好评率：80.33%  浏览量：1548\n来源：一只摆烂的42  ID：20594\nhttps://www.bilibili.com/video/av261416480/"
    },
    "stage_name": "tough_11-12",
    "opers": [
        {
            "name": "山",
            "skill": 2,
            "skill_usage": 2
        },
        {
            "name": "塞雷娅",
            "skill": 1,
            "skill_usage": 0
        },
        {
            "name": "澄闪",
            "skill": 3,
            "skill_usage": 1
        },
        {
            "name": "假日威龙陈",
            "skill": 3,
            "skill_usage": 1
        }
    ],
    "actions": [
        {
            "type": "SpeedUp",
            "name": "",
            "doc_color": "Gray"
        },
        {
            "type": "部署",
            "name": "山",
            "location": [
                7,
                4
            ],
            "direction": "右"
        },
        {
            "type": "部署",
            "name": "假日威龙陈",
            "location": [
                2,
                4
            ],
            "direction": "下"
        },
        {
            "type": "部署",
            "name": "塞雷娅",
            "location": [
                6,
                4
            ],
            "direction": "右"
        },
        {
            "type": "部署",
            "name": "澄闪",
            "location": [
                2,
                3
            ],
            "direction": "下"
        },
        {
            "type": "Output",
            "name": "",
            "doc": "制作者2586582719",
            "doc_color": "SpringGreen"
        },
        {
            "type": "摆完挂机",
            "name": ""
        }
    ]
}