{
    "minimum_required": "v4.0.0",
    "stage_name": "main_11-12",
    "actions": [
        {
            "type": "Deploy",
            "name": "玛恩纳",
            "location": [
                10,
                2
            ],
            "direction": "Left"
        },
        {
            "type": "SpeedUp"
        },
        {
            "type": "Deploy",
            "name": "棘刺",
            "location": [
                7,
                4
            ],
            "direction": "Down",
            "costs": 21
        },
        {
            "type": "SpeedUp",
            "cost_changes": 16
        },
        {
            "type": "BulletTime",
            "name": "棘刺",
            "location": [
                7,
                4
            ]
        },
        {
            "type": "Skill",
            "name": "棘刺",
            "location": [
                7,
                4
            ]
        },
        {
            "type": "Deploy",
            "name": "阿勒黛的卫护",
            "location": [
                10,
                3
            ],
            "direction": "Up",
            "pre_delay": 4000
        },
        {
            "type": "Skill",
            "name": "玛恩纳",
            "location": [
                10,
                2
            ]
        },
        {
            "type": "SpeedUp"
        },
        {
            "type": "Deploy",
            "name": "奶",
            "location": [
                7,
                3
            ],
            "direction": "Right",
            "costs": 20
        },
        {
            "type": "SkillUsage",
            "name": "棘刺",
            "kills": 0,
            "doc": "MAA：等待20杀",
            "skill_usage": 1,
            "doc_color": "Gray"
        },
        {
            "type": "Deploy",
            "name": "狙",
            "doc": "MAA：等待20杀",
            "doc_color": "Gray",
            "location": [
                4,
                5
            ],
            "direction": "Left"
        },
        {
            "type": "SpeedUp",
            "kills": 20,
            "doc_color": "Gray",
            "doc": "MAA：等待7.5秒开玛恩纳"
        },
        {
            "type": "Skill",
            "location": [
                10,
                2
            ],
            "pre_delay": 7200,
            "name": "玛恩纳",
            "cost_changes": 0
        },
        {
            "type": "SpeedUp",
            "kills": 0,
            "doc": ""
        },
        {
            "type": "SkillDaemon",
            "pre_delay": 4000
        }
    ],
    "doc": {
        "title": "11-14标准 速刷炽合金，叔叔+棘刺+奶+补伤害，可带信赖位",
        "details": "统计日期：2024-05-25\n好评率：82.86%  浏览量：1449\n来源：Dayheart  ID：31193\n20240408修改：改了一下轴，现在叔叔不会被吃了，再有问题可加群说或自行修改\n\n测试完成，十分甚至九分完美，但是补了个狙，但是可带信赖位（喜）\nMAA是有多喜欢带皮肤的干员啊，老是点开反复看（半恼）\n个人作业反馈QQ群：686143402\n\n练度需求：零潜棘刺2903，零潜玛恩纳2903\n作者：化学老施\n作业构建：LEWind"
    },
    "groups": [
        {
            "name": "奶",
            "opers": [
                {
                    "name": "纯烬艾雅法拉",
                    "skill": 1,
                    "skill_usage": 0
                },
                {
                    "name": "闪灵",
                    "skill": 2,
                    "skill_usage": 0
                },
                {
                    "name": "芙蓉",
                    "skill": 1,
                    "skill_usage": 1
                }
            ]
        },
        {
            "name": "狙",
            "opers": [
                {
                    "name": "能天使",
                    "skill": 1,
                    "skill_usage": 0
                },
                {
                    "name": "空弦",
                    "skill": 1,
                    "skill_usage": 0
                },
                {
                    "name": "艾雅法拉",
                    "skill": 2,
                    "skill_usage": 0
                },
                {
                    "name": "克洛丝",
                    "skill": 1,
                    "skill_usage": 0
                }
            ]
        }
    ],
    "opers": [
        {
            "name": "玛恩纳",
            "skill": 3,
            "skill_usage": 0
        },
        {
            "name": "棘刺",
            "skill": 3,
            "skill_usage": 0
        }
    ]
}