{
    "minimum_required": "v4.0.0",
    "stage_name": "tough_11-18",
    "actions": [
        {
            "type": "Deploy",
            "name": "乌尔比安",
            "location": [
                8,
                4
            ],
            "direction": "Up"
        },
        {
            "type": "Deploy",
            "name": "逻各斯",
            "location": [
                7,
                2
            ],
            "direction": "Left"
        },
        {
            "type": "Deploy",
            "name": "奶",
            "location": [
                7,
                3
            ],
            "direction": "Right"
        },
        {
            "type": "SpeedUp"
        },
        {
            "type": "Deploy",
            "name": "歌蕾蒂娅",
            "location": [
                9,
                3
            ],
            "direction": "Down"
        }
    ],
    "doc": {
        "title": "第十一章 淬火尘霾 - 11-20（磨难） - 最后的蒸汽骑士",
        "details": "——————————\n作业更新日期: 2025-04-12T10:02:14Z\n统计更新日期: 2025-07-23\n好评率：91.67%  浏览量：1055\n来源：murasame  ID：49580\n——————————\n\nhttps://www.bilibili.com/video/BV1RFcge2EBh/\n仅上传，侵删"
    },
    "groups": [
        {
            "name": "奶",
            "opers": [
                {
                    "name": "芙蓉",
                    "skill": 1,
                    "skill_usage": 0
                },
                {
                    "name": "安赛尔",
                    "skill": 1,
                    "skill_usage": 0
                },
                {
                    "name": "闪灵",
                    "skill": 2,
                    "skill_usage": 0
                },
                {
                    "name": "华法琳",
                    "skill": 1,
                    "skill_usage": 0
                },
                {
                    "name": "苏苏洛",
                    "skill": 1,
                    "skill_usage": 0
                },
                {
                    "name": "嘉维尔",
                    "skill": 1,
                    "skill_usage": 0
                }
            ]
        }
    ],
    "opers": [
        {
            "name": "乌尔比安",
            "skill": 2,
            "skill_usage": 0
        },
        {
            "name": "逻各斯",
            "skill": 1,
            "skill_usage": 0
        },
        {
            "name": "歌蕾蒂娅",
            "skill": 1,
            "skill_usage": 0
        }
    ]
}