{
    "minimum_required": "v4.0.0",
    "stage_name": "tough_11-04",
    "actions": [
        {
            "type": "SpeedUp"
        },
        {
            "type": "Deploy",
            "name": "煌",
            "location": [
                7,
                1
            ],
            "direction": "Down",
            "costs": 24
        },
        {
            "type": "Deploy",
            "name": "行医",
            "location": [
                9,
                3
            ],
            "direction": "Left",
            "costs": 15
        },
        {
            "type": "Deploy",
            "name": "山",
            "location": [
                8,
                5
            ],
            "direction": "Left",
            "costs": 12
        },
        {
            "type": "Deploy",
            "name": "夜莺",
            "location": [
                8,
                2
            ],
            "direction": "Down",
            "costs": 19
        },
        {
            "type": "Deploy",
            "name": "能天使",
            "location": [
                8,
                3
            ],
            "direction": "Left",
            "costs": 14
        },
        {
            "type": "Deploy",
            "name": "艾雅法拉",
            "location": [
                9,
                4
            ],
            "direction": "Left",
            "costs": 21
        }
    ],
    "doc": {
        "title": "第十一章 淬火尘霾 - 11-5（磨难） - 纯艾蜜莓干员组",
        "details": "统计日期：2024-06-01\n好评率：100.0%  浏览量：1563\n来源：ArchangelsBlade  ID：27604\n攻略作者：萧然Q BV1cG411J7Mu\n自动战斗作者：YAKUMOI \n平均练度：2603\n\n蜜莓纯艾设置干员组。"
    },
    "groups": [
        {
            "name": "行医",
            "opers": [
                {
                    "name": "蜜莓",
                    "skill": 1,
                    "skill_usage": 0
                },
                {
                    "name": "纯烬艾雅法拉",
                    "skill": 1,
                    "skill_usage": 0
                }
            ]
        }
    ],
    "opers": [
        {
            "name": "煌",
            "skill": 2,
            "skill_usage": 0
        },
        {
            "name": "能天使",
            "skill": 1,
            "skill_usage": 0
        },
        {
            "name": "夜莺",
            "skill": 2,
            "skill_usage": 0
        },
        {
            "name": "山",
            "skill": 2,
            "skill_usage": 2
        },
        {
            "name": "艾雅法拉",
            "skill": 2,
            "skill_usage": 0
        }
    ]
}