{
    "minimum_required": "v4.0.0",
    "stage_name": "main_11-05",
    "actions": [
        {
            "type": "Deploy",
            "name": "逻各斯",
            "location": [
                7,
                4
            ],
            "direction": "Left"
        },
        {
            "type": "SpeedUp"
        },
        {
            "type": "Deploy",
            "name": "煌",
            "location": [
                8,
                3
            ],
            "direction": "Left"
        },
        {
            "type": "Deploy",
            "name": "塞or黍",
            "location": [
                7,
                3
            ],
            "direction": "Left"
        },
        {
            "type": "Deploy",
            "name": "医疗",
            "location": [
                8,
                4
            ],
            "direction": "Left"
        },
        {
            "type": "SkillDaemon"
        }
    ],
    "doc": {
        "title": "第十一章 淬火尘霾 - 11-6（标准） - 演绎文明【Logos逻各斯模组任务】",
        "details": "统计日期：2024-05-31\n好评率：96.4%  浏览量：6084\n来源：小卡拉帕鲁灰🐖  ID：36646\n由非助战逻各斯累计造成100000点伤害\n3星通关主题曲11-6标准实战环境，必须编入非助战逻各斯并上场，其他成员仅可编入4名干员"
    },
    "groups": [
        {
            "name": "塞or黍",
            "opers": [
                {
                    "name": "塞雷娅",
                    "skill": 1,
                    "skill_usage": 0
                },
                {
                    "name": "黍",
                    "skill": 1,
                    "skill_usage": 0
                }
            ]
        },
        {
            "name": "医疗",
            "opers": [
                {
                    "name": "纯烬艾雅法拉",
                    "skill": 1,
                    "skill_usage": 0
                },
                {
                    "name": "闪灵",
                    "skill": 2,
                    "skill_usage": 0
                },
                {
                    "name": "流明",
                    "skill": 1,
                    "skill_usage": 0
                }
            ]
        }
    ],
    "opers": [
        {
            "name": "逻各斯",
            "skill": 1,
            "skill_usage": 0
        },
        {
            "name": "煌",
            "skill": 2,
            "skill_usage": 0
        }
    ]
}