{
    "minimum_required": "v4.0.0",
    "stage_name": "main_11-05",
    "actions": [
        {
            "type": "SpeedUp"
        },
        {
            "type": "Deploy",
            "name": "林",
            "location": [
                5,
                4
            ],
            "direction": "Left"
        },
        {
            "type": "Deploy",
            "name": "煌",
            "location": [
                5,
                3
            ],
            "direction": "Left"
        },
        {
            "type": "Deploy",
            "name": "夜莺",
            "location": [
                6,
                4
            ],
            "direction": "Up"
        }
    ],
    "doc": {
        "title": "林模组任务三人摆完挂机",
        "details": "统计日期：2024-06-01\n好评率：100.0%  浏览量：2699\n来源：月白今天抄作业了吗  ID：25774\n作业来源    https://www.bilibili.com/video/BV1Rm4y1q7px/?p=1&t=53"
    },
    "groups": [],
    "opers": [
        {
            "name": "林",
            "skill": 1,
            "skill_usage": 2
        },
        {
            "name": "煌",
            "skill": 2,
            "skill_usage": 0
        },
        {
            "name": "夜莺",
            "skill": 2,
            "skill_usage": 0
        }
    ]
}