{
    "minimum_required": "v4.0.0",
    "stage_name": "tough_11-06",
    "actions": [
        {
            "type": "SpeedUp"
        },
        {
            "type": "Deploy",
            "name": "能天使",
            "location": [
                6,
                3
            ],
            "direction": "Down"
        },
        {
            "type": "Deploy",
            "name": "煌",
            "location": [
                5,
                5
            ],
            "direction": "Up",
            "cost_changes": 20
        },
        {
            "type": "Deploy",
            "name": "山",
            "location": [
                5,
                4
            ],
            "direction": "Up"
        },
        {
            "type": "Deploy",
            "name": "夜莺",
            "location": [
                4,
                4
            ],
            "direction": "Right"
        },
        {
            "type": "Deploy",
            "name": "史尔特尔",
            "location": [
                10,
                1
            ],
            "direction": "Down"
        },
        {
            "type": "Deploy",
            "name": "史尔特尔",
            "location": [
                5,
                1
            ],
            "direction": "Down",
            "kills": 43
        },
        {
            "type": "Skill",
            "name": "史尔特尔",
            "location": [
                5,
                1
            ],
            "cost_changes": 4
        },
        {
            "type": "SkillDaemon"
        }
    ],
    "doc": {
        "title": "11-7磨 萧然版 修改42收尾接近闷杀",
        "details": "统计日期：2024-06-01\n好评率：96.81%  浏览量：2724\n来源：陈雨亦七  ID：24211\nhttps://www.bilibili.com/video/BV1cG411J7Mu?p=8"
    },
    "groups": [],
    "opers": [
        {
            "name": "史尔特尔",
            "skill": 3,
            "skill_usage": 1
        },
        {
            "name": "能天使",
            "skill": 3,
            "skill_usage": 0
        },
        {
            "name": "煌",
            "skill": 2,
            "skill_usage": 0
        },
        {
            "name": "山",
            "skill": 2,
            "skill_usage": 2
        },
        {
            "name": "夜莺",
            "skill": 2,
            "skill_usage": 0
        }
    ]
}