{
    "minimum_required": "v4.0.0",
    "doc": {
        "title": "11-9磨难三人",
        "details": "统计日期：2024-05-25\n好评率：93.51%  浏览量：1668\n来源：一只摆烂的42  ID：20580\nhttps://www.bilibili.com/video/av858940323/"
    },
    "stage_name": "tough_11-08",
    "opers": [
        {
            "name": "棘刺",
            "skill": 3,
            "skill_usage": 1
        },
        {
            "name": "山",
            "skill": 2,
            "skill_usage": 2
        },
        {
            "name": "史尔特尔",
            "skill": 3,
            "skill_usage": 0
        }
    ],
    "actions": [
        {
            "type": "SpeedUp",
            "name": "",
            "doc_color": "Gray"
        },
        {
            "type": "部署",
            "name": "棘刺",
            "location": [
                1,
                3
            ],
            "direction": "右"
        },
        {
            "type": "部署",
            "name": "史尔特尔",
            "location": [
                5,
                2
            ],
            "direction": "右"
        },
        {
            "type": "技能",
            "name": "史尔特尔"
        },
        {
            "type": "部署",
            "name": "山",
            "location": [
                2,
                3
            ],
            "direction": "右"
        },
        {
            "type": "撤退",
            "kills": 4,
            "name": "史尔特尔"
        },
        {
            "type": "部署",
            "name": "史尔特尔",
            "location": [
                5,
                2
            ],
            "direction": "右"
        },
        {
            "type": "技能",
            "name": "史尔特尔"
        },
        {
            "type": "撤退",
            "kills": 13,
            "name": "史尔特尔"
        },
        {
            "type": "部署",
            "name": "史尔特尔",
            "location": [
                3,
                3
            ],
            "direction": "右"
        },
        {
            "type": "技能",
            "name": "史尔特尔"
        },
        {
            "type": "Output",
            "name": "",
            "doc": "制作者2586582719",
            "doc_color": "SpringGreen"
        },
        {
            "type": "摆完挂机",
            "name": ""
        }
    ]
}