{
    "minimum_required": "v4.0.0",
    "doc": {
        "title": "H11-1八人",
        "details": "统计日期：2024-06-01\n好评率：80.0%  浏览量：1650\n来源：一只摆烂的42  ID：21997\n制作者：一只摆烂的42\n有问题联系QQ2586582719\nhttps://www.bilibili.com/video/av901715595/"
    },
    "stage_name": "hard_11-01",
    "opers": [
        {
            "name": "夜莺",
            "skill": 2,
            "skill_usage": 0
        },
        {
            "name": "德克萨斯",
            "skill": 1,
            "skill_usage": 0
        },
        {
            "name": "风笛",
            "skill": 2,
            "skill_usage": 0
        },
        {
            "name": "塞雷娅",
            "skill": 1,
            "skill_usage": 0
        },
        {
            "name": "铃兰",
            "skill": 2,
            "skill_usage": 0
        },
        {
            "name": "老鲤",
            "skill": 3,
            "skill_usage": 0
        },
        {
            "name": "能天使",
            "skill": 3,
            "skill_usage": 0
        },
        {
            "name": "浊心斯卡蒂",
            "skill": 2,
            "skill_usage": 0
        }
    ],
    "actions": [
        {
            "type": "SpeedUp",
            "name": "",
            "doc_color": "Gray"
        },
        {
            "type": "部署",
            "cost_changes": 3,
            "name": "能天使",
            "location": [
                8,
                2
            ],
            "direction": "左"
        },
        {
            "type": "部署",
            "name": "德克萨斯",
            "location": [
                7,
                6
            ],
            "direction": "左"
        },
        {
            "type": "部署",
            "name": "风笛",
            "location": [
                6,
                6
            ],
            "direction": "左"
        },
        {
            "type": "部署",
            "name": "夜莺",
            "location": [
                6,
                5
            ],
            "direction": "上"
        },
        {
            "type": "部署",
            "cost_changes": 39,
            "name": "浊心斯卡蒂",
            "location": [
                7,
                2
            ],
            "direction": "下"
        },
        {
            "type": "部署",
            "name": "铃兰",
            "location": [
                6,
                2
            ],
            "direction": "下"
        },
        {
            "type": "部署",
            "name": "塞雷娅",
            "location": [
                7,
                4
            ],
            "direction": "左"
        },
        {
            "type": "部署",
            "name": "老鲤",
            "location": [
                6,
                3
            ],
            "direction": "左"
        },
        {
            "type": "Output",
            "name": "",
            "doc": "制作者2586582719",
            "doc_color": "SpringGreen"
        }
    ]
}