{
    "minimum_required": "v4.0.0",
    "stage_name": "mem_narant_1",
    "actions": [
        {
            "type": "Deploy",
            "name": "娜仁图亚",
            "direction": "Right",
            "location": [
                3,
                3
            ]
        },
        {
            "type": "SpeedUp"
        },
        {
            "type": "Skill",
            "kills": 3,
            "name": "娜仁图亚",
            "direction": "Right",
            "location": [
                3,
                3
            ]
        },
        {
            "type": "SkillUsage",
            "kills": 0,
            "name": "娜仁图亚",
            "direction": "Right",
            "location": [
                4,
                3
            ],
            "skill_usage": 1
        },
        {
            "type": "SpeedUp",
            "kills": 27
        }
    ],
    "doc": {
        "title": "娜仁图亚--悖论模拟",
        "details": "——————————\n作业更新日期: 2025-06-06T10:10:50Z\n统计更新日期: 2025-06-17\n好评率：93.75%  浏览量：425\n来源：童话重度依赖  ID：59394\n——————————\n专三3技能--精2--60级 自测可过\n【赠送干员默认满潜能】【默认无模组】\n有问题请反馈 BID：童话重度依赖症"
    },
    "groups": [],
    "opers": [
        {
            "name": "娜仁图亚",
            "skill": 3,
            "skill_usage": 0
        }
    ]
}