{
    "minimum_required": "v4.0.0",
    "stage_name": "mem_melnte_1",
    "actions": [
        {
            "type": "Deploy",
            "name": "玫拉",
            "location": [
                1,
                3
            ],
            "direction": "Right"
        },
        {
            "type": "SpeedUp"
        },
        {
            "type": "Deploy",
            "name": "障碍物",
            "location": [
                5,
                4
            ],
            "direction": "None",
            "costs": 10
        },
        {
            "type": "Deploy",
            "name": "障碍物",
            "location": [
                5,
                2
            ],
            "direction": "None"
        },
        {
            "type": "Deploy",
            "name": "便携式补给站",
            "location": [
                2,
                3
            ],
            "direction": "Left"
        },
        {
            "type": "Deploy",
            "name": "障碍物",
            "location": [
                2,
                2
            ],
            "direction": "None"
        },
        {
            "type": "Skill",
            "name": "玫拉",
            "costs": 8
        },
        {
            "type": "Skill",
            "name": "玫拉"
        },
        {
            "type": "Skill",
            "name": "玫拉",
            "costs": 52
        },
        {
            "type": "Skill",
            "name": "玫拉"
        },
        {
            "type": "Deploy",
            "name": "障碍物",
            "location": [
                3,
                5
            ],
            "costs": 66,
            "direction": "None"
        },
        {
            "type": "Skill",
            "name": "玫拉",
            "costs": 76
        },
        {
            "type": "Skill",
            "name": "玫拉"
        },
        {
            "type": "Retreat",
            "location": [
                2,
                2
            ]
        },
        {
            "type": "Deploy",
            "name": "障碍物",
            "location": [
                7,
                1
            ],
            "direction": "None"
        },
        {
            "type": "Retreat",
            "location": [
                3,
                5
            ]
        },
        {
            "type": "Deploy",
            "name": "障碍物",
            "location": [
                7,
                5
            ],
            "direction": "None"
        },
        {
            "type": "Skill",
            "name": "玫拉",
            "costs": 99
        },
        {
            "type": "Skill",
            "name": "玫拉"
        }
    ],
    "doc": {
        "title": "悖论模拟 - 狙击 - 玫拉 - 直线最短",
        "details": "——————————\n作业更新日期: 2024-04-21T04:16:51Z\n统计更新日期: 2025-06-17\n好评率：77.27%  浏览量：614\n来源：一只摆烂的42  ID：36237\n——————————\n练度2017，二技能\n原视频：https://www.bilibili.com/video/BV1EK4y1r7Ua/\n制作者：一只摆烂的42\n有问题联系QQ2586582719"
    },
    "groups": [],
    "opers": [
        {
            "name": "玫拉",
            "skill": 2,
            "skill_usage": 0
        }
    ]
}