{
    "minimum_required": "v4.0",
    "doc": {
        "title": "长夜临光复刻",
        "details": "萧然Q重制版作业\nav303272898\n@U98de\n\n精二1级桃金娘可能会被秒"
    },
    "stage_name": "act13side_10",
    "opers": [
        {
            "name": "煌",
            "skill": 2,
            "skill_usage": 0
        },
        {
            "name": "塞雷娅",
            "skill": 1,
            "skill_usage": 0
        },
        {
            "name": "拉普兰德",
            "skill": 2,
            "skill_usage": 0
        },
        {
            "name": "闪灵",
            "skill": 2,
            "skill_usage": 0
        },
        {
            "name": "推进之王",
            "skill": 2,
            "skill_usage": 0
        },
        {
            "name": "桃金娘",
            "skill": 1,
            "skill_usage": 0
        }
    ],
    "actions": [
        {
            "type": "二倍速",
            "name": ""
        },
        {
            "type": "部署",
            "name": "推进之王",
            "location": [
                7,
                4
            ],
            "direction": "右"
        },
        {
            "type": "部署",
            "name": "煌",
            "location": [
                6,
                3
            ],
            "direction": "右"
        },
        {
            "type": "部署",
            "name": "桃金娘",
            "location": [
                5,
                4
            ],
            "direction": "上"
        },
        {
            "type": "技能",
            "name": "桃金娘",
            "location": [
                5,
                4
            ],
            "pre_delay": 2000
        },
        {
            "type": "部署",
            "name": "闪灵",
            "location": [
                8,
                4
            ],
            "direction": "左",
            "pre_delay": 1500
        },
        {
            "type": "部署",
            "name": "拉普兰德",
            "location": [
                5,
                2
            ],
            "direction": "左"
        },
        {
            "type": "部署",
            "name": "塞雷娅",
            "location": [
                5,
                3
            ],
            "direction": "下"
        }
    ]
}