{
    "minimum_required": "v4.0",
    "doc": {
        "title": "双人NL-4",
        "details": "原视频：https://www.bilibili.com/video/av336417980/\n制作者：2586582719"
    },
    "stage_name": "act13side_04",
    "opers": [
        {
            "name": "能天使",
            "skill": 3,
            "skill_usage": 0
        },
        {
            "name": "煌",
            "skill": 2,
            "skill_usage": 0
        }
    ],
    "actions": [
        {
            "type": "二倍速",
            "name": ""
        },
        {
            "type": "部署",
            "name": "煌",
            "location": [
                1,
                5
            ],
            "direction": "右"
        },
        {
            "type": "技能",
            "kills": 3,
            "name": "",
            "location": [
                5,
                1
            ]
        },
        {
            "type": "部署",
            "name": "能天使",
            "location": [
                4,
                2
            ],
            "direction": "右"
        },
        {
            "type": "打印",
            "name": "",
            "doc": "制作者：2586582719",
            "doc_color": "#008000"
        }
    ]
}