{
    "minimum_required": "v4.0",
    "doc": {
        "title": "（无骑士之徽）双人NL-6",
        "details": "原视频：https://www.bilibili.com/video/av421415171/\n制作者：2586582719"
    },
    "stage_name": "act13side_06",
    "opers": [
        {
            "name": "银灰",
            "skill": 1,
            "skill_usage": 0
        },
        {
            "name": "煌",
            "skill": 2,
            "skill_usage": 0
        }
    ],
    "actions": [
        {
            "type": "二倍速",
            "name": ""
        },
        {
            "type": "部署",
            "name": "煌",
            "location": [
                5,
                4
            ],
            "direction": "上"
        },
        {
            "type": "部署",
            "name": "银灰",
            "location": [
                7,
                5
            ],
            "direction": "左"
        },
        {
            "type": "打印",
            "name": "",
            "doc": "制作者：2586582719",
            "doc_color": "#008000"
        }
    ]
}