{
    "minimum_required": "v4.0",
    "doc": {
        "title": "（含骑士之徽）四人NL-7",
        "details": "原视频：https://www.bilibili.com/video/av900811624/\n制作者：2586582719"
    },
    "stage_name": "act13side_07",
    "opers": [
        {
            "name": "塞雷娅",
            "skill": 1,
            "skill_usage": 0
        },
        {
            "name": "泥岩",
            "skill": 2,
            "skill_usage": 0
        },
        {
            "name": "山",
            "skill": 2,
            "skill_usage": 2
        },
        {
            "name": "艾雅法拉",
            "skill": 2,
            "skill_usage": 0
        }
    ],
    "actions": [
        {
            "type": "二倍速",
            "name": ""
        },
        {
            "type": "部署",
            "name": "骑士之徽",
            "location": [
                3,
                4
            ],
            "direction": "无"
        },
        {
            "type": "部署",
            "name": "山",
            "location": [
                3,
                4
            ],
            "direction": "上"
        },
        {
            "type": "部署",
            "name": "骑士之徽",
            "location": [
                8,
                5
            ],
            "direction": "无"
        },
        {
            "type": "部署",
            "name": "泥岩",
            "location": [
                8,
                5
            ],
            "direction": "右"
        },
        {
            "type": "部署",
            "name": "塞雷娅",
            "location": [
                3,
                2
            ],
            "direction": "左"
        },
        {
            "type": "部署",
            "name": "艾雅法拉",
            "location": [
                4,
                3
            ],
            "direction": "左"
        },
        {
            "type": "打印",
            "name": "",
            "doc": "制作者：2586582719",
            "doc_color": "#008000"
        }
    ]
}