{
    "minimum_required": "v4.0",
    "doc": {
        "title": "（无骑士之徽）四人NL-8",
        "details": "原视频：https://www.bilibili.com/video/av473274255/\n制作者：2586582719"
    },
    "stage_name": "act13side_08",
    "opers": [
        {
            "name": "雷蛇",
            "skill": 1,
            "skill_usage": 0
        },
        {
            "name": "山",
            "skill": 2,
            "skill_usage": 2
        },
        {
            "name": "煌",
            "skill": 2,
            "skill_usage": 0
        },
        {
            "name": "流明",
            "skill": 3,
            "skill_usage": 1
        }
    ],
    "actions": [
        {
            "type": "二倍速",
            "name": ""
        },
        {
            "type": "部署",
            "name": "山",
            "location": [
                2,
                1
            ],
            "direction": "下"
        },
        {
            "type": "部署",
            "name": "流明",
            "location": [
                10,
                6
            ],
            "direction": "左"
        },
        {
            "type": "部署",
            "name": "煌",
            "location": [
                8,
                5
            ],
            "direction": "上"
        },
        {
            "type": "部署",
            "name": "雷蛇",
            "location": [
                8,
                4
            ],
            "direction": "上"
        },
        {
            "type": "撤退",
            "kills": 15,
            "name": "雷蛇"
        },
        {
            "type": "打印",
            "name": "",
            "doc": "制作者：2586582719",
            "doc_color": "#008000"
        },
        {
            "type": "摆完挂机",
            "name": ""
        }
    ]
}