{
    "minimum_required": "v4.0",
    "doc": {
        "title": "长夜临光",
        "details": "侬无言以对:BV1Wf4y1T7KU\n至多使用一次骑士之徽\n突袭/任务通用\n筱竹聽雨"
    },
    "stage_name": "act13side_ex04",
    "opers": [
        {
            "name": "推进之王",
            "skill": 2,
            "skill_usage": 0
        },
        {
            "name": "煌",
            "skill": 2,
            "skill_usage": 0
        },
        {
            "name": "星熊",
            "skill": 2,
            "skill_usage": 0
        },
        {
            "name": "银灰",
            "skill": 1,
            "skill_usage": 0
        },
        {
            "name": "艾雅法拉",
            "skill": 2,
            "skill_usage": 0
        },
        {
            "name": "闪灵",
            "skill": 2,
            "skill_usage": 0
        },
        {
            "name": "夜莺",
            "skill": 2,
            "skill_usage": 0
        },
        {
            "name": "塞雷娅",
            "skill": 1,
            "skill_usage": 0
        }
    ],
    "actions": [
        {
            "type": "部署",
            "name": "骑士之徽",
            "location": [
                3,
                2
            ],
            "direction": "无"
        },
        {
            "type": "部署",
            "name": "煌",
            "location": [
                3,
                2
            ],
            "direction": "右"
        },
        {
            "type": "二倍速",
            "name": ""
        },
        {
            "type": "部署",
            "kills": 2,
            "name": "夜莺",
            "location": [
                3,
                3
            ],
            "direction": "下"
        },
        {
            "type": "部署",
            "kills": 3,
            "name": "推进之王",
            "location": [
                3,
                5
            ],
            "direction": "右"
        },
        {
            "type": "部署",
            "name": "艾雅法拉",
            "location": [
                3,
                4
            ],
            "direction": "右"
        },
        {
            "type": "部署",
            "name": "闪灵",
            "location": [
                2,
                4
            ],
            "direction": "下"
        },
        {
            "type": "部署",
            "name": "银灰",
            "location": [
                1,
                4
            ],
            "direction": "上"
        },
        {
            "type": "部署",
            "name": "塞雷娅",
            "location": [
                2,
                6
            ],
            "direction": "右"
        },
        {
            "type": "部署",
            "kills": 51,
            "name": "星熊",
            "location": [
                1,
                5
            ],
            "direction": "上"
        }
    ]
}