{
    "minimum_required": "v4.0",
    "doc": {
        "title": "长夜临光复刻",
        "details": "萧然Q重制版作业\n突袭通用\nav303272898\n@U98de\n\n可以带个德克萨斯补潜能"
    },
    "stage_name": "act13side_ex03",
    "opers": [
        {
            "name": "煌",
            "skill": 2,
            "skill_usage": 0
        },
        {
            "name": "塞雷娅",
            "skill": 1,
            "skill_usage": 0
        },
        {
            "name": "闪灵",
            "skill": 2,
            "skill_usage": 0
        },
        {
            "name": "推进之王",
            "skill": 2,
            "skill_usage": 0
        },
        {
            "name": "艾雅法拉",
            "skill": 2,
            "skill_usage": 0
        }
    ],
    "actions": [
        {
            "type": "二倍速",
            "name": ""
        },
        {
            "type": "部署",
            "name": "骑士之徽",
            "location": [
                4,
                3
            ]
        },
        {
            "type": "部署",
            "name": "推进之王",
            "location": [
                4,
                3
            ],
            "direction": "左"
        },
        {
            "type": "部署",
            "name": "骑士之徽",
            "location": [
                1,
                2
            ]
        },
        {
            "type": "部署",
            "name": "艾雅法拉",
            "location": [
                1,
                2
            ],
            "direction": "右"
        },
        {
            "type": "部署",
            "name": "骑士之徽",
            "location": [
                6,
                3
            ]
        },
        {
            "type": "部署",
            "cost_changes": 25,
            "name": "煌",
            "location": [
                6,
                3
            ],
            "direction": "右"
        },
        {
            "type": "部署",
            "name": "闪灵",
            "location": [
                4,
                2
            ],
            "direction": "右"
        },
        {
            "type": "撤退",
            "kills": 12,
            "name": "推进之王",
            "location": [
                4,
                3
            ]
        },
        {
            "type": "部署",
            "name": "塞雷娅",
            "location": [
                4,
                3
            ],
            "direction": "下"
        }
    ]
}