{
    "stage_name": "pro_b_2",
    "minimum_required": "v4.0.0",
    "doc": {
        "title": "（自用）PR-B-2 - 狙击术士芯片组 - 2人速刷",
        "details": "——————————\n作业更新日期: 2025-06-07T15:39:13Z\n统计更新日期: 2025-06-17\n好评率：100.0%  浏览量：31\n来源：online937  ID：59619\n——————————\n\n自用，大概是非原创，\n太久远忘记作者，有知道的可以提醒我改\n全员60级专三3级模组"
    },
    "opers": [
        {
            "name": "维什戴尔",
            "skill": 3,
            "skill_usage": 0
        },
        {
            "name": "逻各斯",
            "skill": 1,
            "skill_usage": 0
        }
    ],
    "groups": [],
    "actions": [
        {
            "name": "维什戴尔",
            "location": [
                8,
                3
            ],
            "direction": "Left",
            "type": "Deploy"
        },
        {
            "type": "SpeedUp"
        },
        {
            "name": "逻各斯",
            "location": [
                7,
                6
            ],
            "direction": "Left",
            "type": "Deploy"
        },
        {
            "type": "Skill",
            "name": "维什戴尔",
            "location": [
                8,
                3
            ],
            "costs": 43
        },
        {
            "type": "Skill",
            "name": "维什戴尔",
            "location": [
                8,
                3
            ],
            "kills": 73
        },
        {
            "type": "SkillDaemon"
        }
    ]
}