{
    "minimum_required": "v4.0.0",
    "stage_name": "act25side_04",
    "actions": [
        {
            "type": "Deploy",
            "name": "能天使",
            "location": [
                4,
                3
            ],
            "direction": "Left"
        },
        {
            "type": "SpeedUp"
        },
        {
            "type": "Deploy",
            "name": "老鲤",
            "location": [
                2,
                3
            ],
            "direction": "Left"
        },
        {
            "type": "SkillDaemon"
        }
    ],
    "doc": {
        "title": "孤星 - CW-4 - 一波又起 含任务",
        "details": "统计日期：2024-05-24\n好评率：99.47%  浏览量：1613\n来源：萨拉托加  ID：37915\n原作者萧然Q json作者萨拉托加\n作业交流群群号216314927，有问题进群，作业站消息没提醒看不到\n【【孤星】CW全关卡 摆完挂机 简单好抄】 https://www.bilibili.com/video/BV1ch4y1J7x2/?share_source=copy_web&vd_source=3fd5040fe25f6a00e19e6072bcccfa4e"
    },
    "groups": [],
    "opers": [
        {
            "name": "能天使",
            "skill": 3,
            "skill_usage": 0
        },
        {
            "name": "老鲤",
            "skill": 3,
            "skill_usage": 0
        }
    ]
}