{
  "minimum_required": "v4.0.0",
  "stage_name": "act25side_07",
  "actions": [
    {
      "type": "SpeedUp"
    },
    {
      "type": "Deploy",
      "name": "山",
      "location": [
        8,
        4
      ],
      "direction": "Left"
    },
    {
      "type": "Deploy",
      "name": "煌",
      "location": [
        8,
        1
      ],
      "direction": "Left"
    },
    {
      "type": "Deploy",
      "name": "塞雷娅",
      "location": [
        7,
        1
      ],
      "direction": "Left"
    },
    {
      "type": "Deploy",
      "name": "艾雅法拉",
      "location": [
        7,
        2
      ],
      "direction": "Left"
    },
    {
      "type": "Deploy",
      "name": "7级技能及以上推人特种",
      "location": [
        7,
        3
      ],
      "direction": "Down"
    },
    {
      "type": "Deploy",
      "name": "高练狙击",
      "location": [
        6,
        3
      ],
      "direction": "Down"
    },
    {
      "type": "SkillDaemon",
      "doc": "有帮助的话 点个好评吧~",
      "doc_color": "DarkRed"
    }
  ],
  "doc": {
    "title": "孤星 CW-7 小鬼卡比攻略 摆完挂机",
    "details": "攻略作者：小鬼卡比 https://www.bilibili.com/video/BV1sm4y1C76w 记得去b站给卡比宝贝点赞三连\njson作者：鱼丸 有问题请点踩 然后在评论区反馈\n平均练度 2603 \n已测试"
  },
  "groups": [
    {
      "name": "高练狙击",
      "opers": [
        {
          "name": "能天使",
          "skill": 1,
          "skill_usage": 0
        },
        {
          "name": "灰烬",
          "skill": 1,
          "skill_usage": 0
        },
        {
          "name": "空弦",
          "skill": 1,
          "skill_usage": 0
        }
      ]
    },
    {
      "name": "7级技能及以上推人特种",
      "opers": [
        {
          "name": "阿消",
          "skill": 1,
          "skill_usage": 0
        },
        {
          "name": "见行者",
          "skill": 1,
          "skill_usage": 0
        },
        {
          "name": "温蒂",
          "skill": 1,
          "skill_usage": 0
        },
        {
          "name": "食铁兽",
          "skill": 1,
          "skill_usage": 0
        }
      ]
    }
  ],
  "opers": [
    {
      "name": "艾雅法拉",
      "skill": 2,
      "skill_usage": 0
    },
    {
      "name": "煌",
      "skill": 2,
      "skill_usage": 0
    },
    {
      "name": "山",
      "skill": 2,
      "skill_usage": 2
    },
    {
      "name": "塞雷娅",
      "skill": 1,
      "skill_usage": 0
    }
  ]
}