{
    "minimum_required": "v4.0.0",
    "stage_name": "CW-8",
    "actions": [
        {
            "type": "SpeedUp"
        },
        {
            "type": "Deploy",
            "name": "煌",
            "location": [
                2,
                2
            ],
            "direction": "Right"
        },
        {
            "type": "Deploy",
            "name": "艾雅法拉",
            "location": [
                6,
                1
            ],
            "direction": "Left"
        },
        {
            "type": "Deploy",
            "name": "砾",
            "location": [
                10,
                2
            ],
            "direction": "Left"
        },
        {
            "type": "Deploy",
            "name": "猎蜂",
            "location": [
                2,
                5
            ],
            "direction": "Right"
        },
        {
            "type": "Deploy",
            "name": "杰克",
            "location": [
                10,
                5
            ],
            "direction": "Left"
        },
        {
            "type": "Deploy",
            "name": "伊芙利特",
            "location": [
                8,
                6
            ],
            "direction": "Up"
        },
        {
            "type": "Deploy",
            "name": "塞雷娅",
            "location": [
                4,
                1
            ],
            "direction": "Down"
        },
        {
            "type": "SkillDaemon",
            "doc_color": "DarkCyan",
            "doc": "记得反馈谢谢~"
        }
    ],
    "doc": {
        "title": "cw-8 任务 推球20次 萧然 ",
        "details": "统计日期：2024-05-24\n好评率：90.0%  浏览量：12107\n来源：林彦熙lyx  ID：23193\nup主：萧然 BV1ch4y1J7x2\n作者：林彦熙\n已测试，感谢评论区反映"
    },
    "groups": [],
    "opers": [
        {
            "name": "煌",
            "skill": 2,
            "skill_usage": 0
        },
        {
            "name": "塞雷娅",
            "skill": 2,
            "skill_usage": 0
        },
        {
            "name": "艾雅法拉",
            "skill": 2,
            "skill_usage": 0
        },
        {
            "name": "伊芙利特",
            "skill": 2,
            "skill_usage": 0
        },
        {
            "name": "猎蜂",
            "skill": 1,
            "skill_usage": 0
        },
        {
            "name": "杰克",
            "skill": 1,
            "skill_usage": 0
        },
        {
            "name": "砾",
            "skill": 2,
            "skill_usage": 0
        }
    ]
}