{
    "minimum_required": "v4.0.0",
    "stage_name": "act25side_08",
    "actions": [
        {
            "type": "SpeedUp"
        },
        {
            "type": "Deploy",
            "name": "远卫",
            "location": [
                3,
                1
            ],
            "direction": "Right",
            "costs": 22
        },
        {
            "type": "Deploy",
            "name": "艾雅法拉",
            "location": [
                5,
                1
            ],
            "direction": "Down"
        },
        {
            "type": "Deploy",
            "name": "夜刀",
            "location": [
                10,
                2
            ],
            "direction": "Left"
        },
        {
            "type": "Deploy",
            "name": "翎羽",
            "location": [
                2,
                5
            ],
            "direction": "Right"
        },
        {
            "type": "Deploy",
            "name": "白面鸮",
            "location": [
                4,
                3
            ],
            "direction": "Up"
        },
        {
            "type": "Deploy",
            "name": "单法",
            "location": [
                10,
                3
            ],
            "direction": "Left"
        },
        {
            "type": "Deploy",
            "name": "7级技能及以上推人特种",
            "location": [
                2,
                2
            ],
            "direction": "Right"
        },
        {
            "type": "Deploy",
            "name": "芬",
            "location": [
                10,
                5
            ],
            "direction": "Left"
        },
        {
            "type": "SkillDaemon",
            "doc": "有帮助的话 点个好评吧~",
            "doc_color": "DarkRed"
        }
    ],
    "doc": {
        "title": "孤星 CW-8 小鬼卡比攻略 摆完挂机",
        "details": "统计日期：2024-05-24\n好评率：88.24%  浏览量：1732\n来源：鱼丸不是鱼van  ID：23101\n攻略作者：小鬼卡比 https://www.bilibili.com/video/BV1sm4y1C76w 记得去b站给卡比宝贝点赞三连\njson作者：鱼丸 有问题请点踩 然后在评论区反馈\n平均练度 2603 \n已测试"
    },
    "groups": [
        {
            "name": "7级技能及以上推人特种",
            "opers": [
                {
                    "name": "阿消",
                    "skill": 1,
                    "skill_usage": 0
                },
                {
                    "name": "见行者",
                    "skill": 1,
                    "skill_usage": 0
                },
                {
                    "name": "温蒂",
                    "skill": 1,
                    "skill_usage": 0
                },
                {
                    "name": "食铁兽",
                    "skill": 1,
                    "skill_usage": 0
                }
            ]
        },
        {
            "name": "远卫",
            "opers": [
                {
                    "name": "拉普兰德",
                    "skill": 2,
                    "skill_usage": 0
                },
                {
                    "name": "银灰",
                    "skill": 2,
                    "skill_usage": 2
                },
                {
                    "name": "芳汀",
                    "skill": 2,
                    "skill_usage": 1
                },
                {
                    "name": "月见夜",
                    "skill": 1,
                    "skill_usage": 1
                }
            ]
        },
        {
            "name": "单法",
            "opers": [
                {
                    "name": "史都华德",
                    "skill": 1,
                    "skill_usage": 0
                },
                {
                    "name": "阿米娅",
                    "skill": 1,
                    "skill_usage": 1
                },
                {
                    "name": "刻俄柏",
                    "skill": 1,
                    "skill_usage": 0
                },
                {
                    "name": "澄闪",
                    "skill": 2,
                    "skill_usage": 0
                },
                {
                    "name": "至简",
                    "skill": 1,
                    "skill_usage": 1
                },
                {
                    "name": "卡达",
                    "skill": 2,
                    "skill_usage": 1
                }
            ]
        }
    ],
    "opers": [
        {
            "name": "艾雅法拉",
            "skill": 2,
            "skill_usage": 0
        },
        {
            "name": "芬",
            "skill": 1,
            "skill_usage": 0
        },
        {
            "name": "夜刀",
            "skill": 1,
            "skill_usage": 0
        },
        {
            "name": "翎羽",
            "skill": 1,
            "skill_usage": 0
        },
        {
            "name": "白面鸮",
            "skill": 2,
            "skill_usage": 0
        }
    ]
}