{
    "minimum_required": "v4.0.0",
    "stage_name": "act9d0_05",
    "actions": [
        {
            "type": "Deploy",
            "name": "傀影",
            "location": [
                1,
                3
            ],
            "direction": "Right"
        },
        {
            "type": "SpeedUp"
        },
        {
            "type": "Deploy",
            "name": "镜中虚影",
            "location": [
                2,
                6
            ],
            "direction": "Right"
        },
        {
            "type": "Deploy",
            "name": "维什戴尔",
            "location": [
                3,
                4
            ],
            "direction": "Right"
        },
        {
            "type": "Output",
            "doc_color": "#d63384",
            "doc": "如果觉得实用，请赏个好评吧~"
        }
    ],
    "doc": {
        "title": "维什戴尔X 傀影Y 模组任务一起做",
        "details": "统计日期：2024-05-11\n好评率：100.0%  浏览量：14\n来源：Issuing2890  ID：37484\nLuCifer大膜王，http://b23.tv/BV1pJ4m1E79v\n模组任务：\n维什戴尔：至少歼灭20个敌人\n傀影：击败至少两名萨卡兹哨兵"
    },
    "groups": [],
    "opers": [
        {
            "name": "傀影",
            "skill": 2,
            "skill_usage": 0
        },
        {
            "name": "维什戴尔",
            "skill": 1,
            "skill_usage": 0
        }
    ]
}