{
    "minimum_required": "v4.0.0",
    "stage_name": "main_02-03",
    "actions": [
        {
            "type": "Deploy",
            "name": "山",
            "location": [
                3,
                1
            ],
            "direction": "Left"
        },
        {
            "type": "SpeedUp"
        },
        {
            "type": "Deploy",
            "name": "障碍物",
            "location": [
                5,
                5
            ],
            "direction": "None"
        },
        {
            "type": "Deploy",
            "name": "障碍物",
            "location": [
                4,
                4
            ],
            "direction": "None"
        },
        {
            "type": "Deploy",
            "name": "初雪",
            "location": [
                4,
                2
            ],
            "direction": "Left"
        },
        {
            "type": "SkillDaemon"
        }
    ],
    "doc": {
        "title": "第二章 异卵同生 - 2-3 【初雪模组任务】“续针”",
        "details": "统计日期：2024-05-11\n好评率：100.0%  浏览量：68\n来源：小卡拉帕鲁灰🐖  ID：30503\n初雪模组任务：“续针”\n任务要求：3星通关主题曲2-3;必须编入非助战初雪并上场，其他成员仅可编入6名干员 \n练度要求：无，山-精二60级专3"
    },
    "groups": [],
    "opers": [
        {
            "name": "初雪",
            "skill": 2,
            "skill_usage": 1
        },
        {
            "name": "山",
            "skill": 2,
            "skill_usage": 2
        }
    ]
}