{
    "minimum_required": "v4.0.0",
    "stage_name": "sub_04-1-1",
    "actions": [
        {
            "type": "SpeedUp"
        },
        {
            "type": "Deploy",
            "name": "煌",
            "location": [
                6,
                3
            ],
            "direction": "Down"
        },
        {
            "type": "Deploy",
            "name": "风笛",
            "location": [
                8,
                1
            ],
            "direction": "Right"
        },
        {
            "type": "Deploy",
            "name": "夜魔",
            "location": [
                7,
                2
            ],
            "direction": "Right"
        },
        {
            "type": "Output",
            "doc_color": "#6f42c1",
            "doc": "给个好评吧，亲~"
        }
    ],
    "doc": {
        "title": "夜魔模组摆完挂机-“两生花”",
        "details": "统计日期：2024-05-11\n好评率：100.0%  浏览量：40\n来源：作业代传——有问题联系原作者  ID：20989\n侬无言以对模组任务摆完挂机合集:BV1wU4y177Qu\n3星通关主题曲S4-1；必须编入非助战夜魔并上场，且不编入其他术师干员\n筱竹聽雨"
    },
    "groups": [],
    "opers": [
        {
            "name": "风笛",
            "skill": 2,
            "skill_usage": 0
        },
        {
            "name": "煌",
            "skill": 2,
            "skill_usage": 0
        },
        {
            "name": "夜魔",
            "skill": 1,
            "skill_usage": 0
        }
    ]
}