{
    "minimum_required": "v4.0.0",
    "stage_name": "act15side_ex01",
    "actions": [
        {
            "type": "Deploy",
            "name": "推进之王",
            "location": [
                9,
                3
            ],
            "direction": "Down"
        },
        {
            "type": "Deploy",
            "name": "棘刺",
            "location": [
                5,
                4
            ],
            "direction": "Left"
        },
        {
            "type": "SpeedUp"
        },
        {
            "type": "Deploy",
            "name": "艾雅法拉",
            "location": [
                5,
                1
            ],
            "direction": "Left"
        },
        {
            "type": "Deploy",
            "name": "Lancet-2",
            "location": [
                7,
                1
            ],
            "direction": "Left"
        },
        {
            "type": "Deploy",
            "name": "老鲤",
            "location": [
                5,
                3
            ],
            "direction": "Left",
            "costs": 10
        },
        {
            "type": "SkillDaemon"
        }
    ],
    "doc": {
        "title": "将进酒·复刻 - IW-EX-1 - 入蜀 老鲤模组“但思善恶”解锁任务",
        "details": "统计日期：2024-05-11\n好评率：95.24%  浏览量：497\n来源：萨拉托加  ID：30714\n老鲤模组任务“但思善恶”\n3星通关别传IW-EX-1；必须编入非助战老鲤并上场，且使用老鲤至少歼灭10个敌人\n原作者涂绘天菜 JSON作者萨拉托加\n作业交流群545928846，如果作业有问题可以加群找我，评论区不能及时回复，还可以去群里蹲我的新作业\n【【明日方舟】老鲤二模 模组任务 四人一车挂机打法 极其好抄】 https://www.bilibili.com/video/BV1Pu4y157ir/?share_source=copy_web&vd_source=3fd5040fe25f6a00e19e6072bcccfa4e"
    },
    "groups": [],
    "opers": [
        {
            "name": "老鲤",
            "skill": 3,
            "skill_usage": 0
        },
        {
            "name": "推进之王",
            "skill": 2,
            "skill_usage": 0
        },
        {
            "name": "棘刺",
            "skill": 3,
            "skill_usage": 1
        },
        {
            "name": "艾雅法拉",
            "skill": 2,
            "skill_usage": 0
        },
        {
            "name": "Lancet-2",
            "skill": 1,
            "skill_usage": 0
        }
    ],
    "difficulty": 1
}