{
    "minimum_required": "v4.0.0",
    "stage_name": "act5d0_05",
    "actions": [
        {
            "type": "Deploy",
            "name": "山",
            "location": [
                6,
                5
            ],
            "direction": "Right"
        },
        {
            "type": "SpeedUp"
        },
        {
            "type": "Deploy",
            "name": "拉普兰德",
            "location": [
                6,
                2
            ],
            "direction": "Left"
        },
        {
            "type": "Deploy",
            "name": "莫斯提马",
            "location": [
                6,
                3
            ],
            "direction": "Right"
        },
        {
            "type": "SpeedUp",
            "kills": 31
        },
        {
            "type": "SpeedUp",
            "kills": 32
        }
    ],
    "doc": {
        "title": "喧闹法则· - CB-5 - 8:31P.M. 莫斯提马模组任务",
        "details": "统计日期：2024-05-11\n好评率：64.0%  浏览量：843\n来源：小卡拉帕鲁灰🐖  ID：29094\n作者：灰bao_\n自己随便打就过了，\n山：90级专3，拉狗：60级专3，小莫：60级好像是7级技能\n"
    },
    "groups": [],
    "opers": [
        {
            "name": "山",
            "skill": 2,
            "skill_usage": 2
        },
        {
            "name": "拉普兰德",
            "skill": 2,
            "skill_usage": 0
        },
        {
            "name": "莫斯提马",
            "skill": 3,
            "skill_usage": 1
        }
    ]
}