{
    "minimum_required": "v4.0.0",
    "stage_name": "main_11-09",
    "actions": [
        {
            "type": "Deploy",
            "name": "黍",
            "location": [
                8,
                3
            ],
            "direction": "Left"
        },
        {
            "type": "SpeedUp"
        },
        {
            "type": "Deploy",
            "name": "百炼嘉维尔",
            "location": [
                9,
                3
            ],
            "direction": "Left"
        },
        {
            "type": "Deploy",
            "name": "泥岩",
            "location": [
                8,
                5
            ],
            "direction": "Left"
        },
        {
            "type": "SkillDaemon"
        }
    ],
    "doc": {
        "title": "11-11 黍模组任务，3干员摆完挂机（修改自用）",
        "details": "统计日期：2024-05-11\n好评率：100.0%  浏览量：470\n来源：白羊47  ID：32892\n来自B站213乖乖up主，有用的话可以给个赞么。"
    },
    "groups": [],
    "opers": [
        {
            "name": "黍",
            "skill": 1,
            "skill_usage": 0
        },
        {
            "name": "百炼嘉维尔",
            "skill": 2,
            "skill_usage": 1
        },
        {
            "name": "泥岩",
            "skill": 2,
            "skill_usage": 0
        },
        {
            "name": "德克萨斯",
            "skill": 1,
            "skill_usage": 0
        }
    ]
}