{
    "minimum_required": "v4.0.0",
    "stage_name": "mem_mizuki_1",
    "actions": [
        {
            "type": "BulletTime",
            "name": "水月",
            "location": [
                5,
                3
            ]
        },
        {
            "type": "Deploy",
            "name": "水月",
            "location": [
                5,
                3
            ],
            "direction": "Right",
            "pre_delay": 1,
            "rear_delay": 1
        },
        {
            "type": "Deploy",
            "name": "斑点",
            "location": [
                3,
                2
            ],
            "direction": "Right",
            "pre_delay": 1,
            "rear_delay": 1
        },
        {
            "type": "Deploy",
            "name": "米格鲁",
            "location": [
                8,
                3
            ],
            "direction": "Left",
            "pre_delay": 1,
            "rear_delay": 1
        },
        {
            "type": "SpeedUp"
        },
        {
            "type": "Deploy",
            "name": "卡缇",
            "location": [
                3,
                4
            ],
            "direction": "Right"
        },
        {
            "type": "Skill",
            "name": "米格鲁",
            "kills": 18
        },
        {
            "type": "Skill",
            "name": "水月",
            "kills": 0,
            "costs": 60
        },
        {
            "type": "SkillUsage",
            "name": "水月",
            "skill_usage": 2
        },
        {
            "type": "SkillUsage",
            "name": "米格鲁",
            "skill_usage": 1
        },
        {
            "type": "SkillUsage",
            "name": "斑点",
            "skill_usage": 2
        },
        {
            "type": "SkillUsage",
            "name": "卡缇",
            "skill_usage": 2
        },
        {
            "type": "SkillDaemon"
        }
    ],
    "doc": {
        "title": "特种 - 水月 - 进化的佯谬",
        "details": "作业更新日期: 2023-11-07T08:54:41Z\n统计更新日期: 2024-10-11\n好评率：94.0%  浏览量：1521\n来源：整点薯条  ID：29910\n水月：2607\nx模组2级（不知道有没有影响）\n选择3技能后，点击 maa 开始\n原视频：https://www.bilibili.com/video/BV1Km4y1D7b9"
    },
    "groups": [],
    "opers": [
        {
            "name": "水月",
            "skill": 3,
            "skill_usage": 0
        }
    ]
}