{
    "minimum_required": "v4.0.0",
    "stage_name": "mem_gravel_1",
    "actions": [
        {
            "type": "SpeedUp",
            "cooling": 0,
            "name": "斑点",
            "location": [
                2,
                1
            ]
        },
        {
            "type": "Deploy",
            "name": "砾",
            "direction": "Right",
            "costs": 12,
            "location": [
                4,
                5
            ]
        },
        {
            "type": "Retreat",
            "name": "砾",
            "location": [
                4,
                5
            ],
            "costs": 17
        },
        {
            "type": "Skill",
            "name": "卡缇",
            "location": [
                2,
                5
            ],
            "costs": 35
        },
        {
            "type": "Deploy",
            "costs": 43,
            "name": "砾",
            "direction": "Up",
            "location": [
                5,
                3
            ]
        },
        {
            "type": "Retreat",
            "name": "砾",
            "location": [
                5,
                3
            ],
            "costs": 44
        },
        {
            "type": "Deploy",
            "direction": "Down",
            "name": "砾",
            "location": [
                5,
                3
            ],
            "costs": 68
        },
        {
            "type": "Skill",
            "costs": 0,
            "name": "卡缇",
            "location": [
                2,
                5
            ]
        },
        {
            "type": "Retreat",
            "costs": 83,
            "name": "砾",
            "location": [
                5,
                3
            ]
        },
        {
            "type": "Skill",
            "name": "斑点",
            "location": [
                2,
                1
            ],
            "cooling": 0
        },
        {
            "type": "Skill",
            "kills": 5,
            "name": "安德切尔",
            "location": [
                4,
                2
            ]
        },
        {
            "type": "Skill",
            "kills": 6,
            "name": "卡缇",
            "location": [
                2,
                5
            ]
        },
        {
            "type": "Deploy",
            "name": "砾",
            "location": [
                7,
                3
            ],
            "direction": "Up",
            "kills": 7
        },
        {
            "type": "Skill",
            "kills": 8,
            "name": "安德切尔",
            "location": [
                4,
                2
            ]
        },
        {
            "type": "Skill",
            "kills": 0,
            "name": "卡缇",
            "location": [
                2,
                5
            ]
        },
        {
            "type": "Deploy",
            "cooling": 0,
            "name": "砾",
            "location": [
                7,
                3
            ],
            "direction": "Down"
        },
        {
            "type": "Skill",
            "cooling": 0,
            "name": "卡缇",
            "location": [
                2,
                5
            ],
            "kills": 11
        }
    ],
    "doc": {
        "title": "悖论模拟 特种 - 砾 - 东奔西走",
        "details": "——————————\n作业更新日期: 2025-06-03T02:57:28Z\n统计更新日期: 2025-08-30\n相对评分：96.50999999999999%  相对热度：95.97%\n来源：qiyinx  ID：59087\n——————————\n自己摸了一下轴\n自测精二1级和20级 7级技能 满潜 无模组可过，精二45级2x模可过\n如果第三个怪直接把砾冲死必翻，因为是用的砾自己撤退后的在部署时间算的斑点开技能的时间，但精二一级7级技能我这自测都能过。。。应该没问题的"
    },
    "groups": [],
    "opers": [
        {
            "name": "砾",
            "skill": 2,
            "skill_usage": 0
        },
        {
            "name": "斑点",
            "skill": 1,
            "skill_usage": 0
        },
        {
            "name": "卡缇",
            "skill": 1,
            "skill_usage": 0
        },
        {
            "name": "安德切尔",
            "skill": 1,
            "skill_usage": 0
        }
    ]
}