{
    "minimum_required": "v4.0.0",
    "stage_name": "mem_robin_1",
    "actions": [
        {
            "type": "SpeedUp"
        },
        {
            "type": "Deploy",
            "name": "山",
            "location": [
                1,
                1
            ],
            "direction": "Left"
        },
        {
            "type": "Deploy",
            "name": "罗宾",
            "location": [
                4,
                4
            ],
            "direction": "Up"
        },
        {
            "type": "Deploy",
            "name": "“夹子”",
            "location": [
                7,
                2
            ],
            "direction": "None"
        },
        {
            "type": "Skill",
            "name": "山",
            "location": [
                1,
                1
            ],
            "pre_delay": 1000
        },
        {
            "type": "Deploy",
            "name": "“夹子”",
            "location": [
                3,
                2
            ],
            "direction": "None"
        },
        {
            "type": "Deploy",
            "name": "“夹子”",
            "location": [
                7,
                2
            ],
            "direction": "None",
            "kills": 6
        },
        {
            "type": "Deploy",
            "name": "“夹子”",
            "location": [
                7,
                2
            ],
            "direction": "None",
            "kills": 10
        },
        {
            "type": "Deploy",
            "name": "“夹子”",
            "location": [
                7,
                2
            ],
            "direction": "None",
            "kills": 15
        },
        {
            "type": "Deploy",
            "name": "“夹子”",
            "location": [
                7,
                2
            ],
            "direction": "None",
            "kills": 20
        }
    ],
    "doc": {
        "title": "悖论模拟 特种 - 罗宾 - “恶人莫入” ",
        "details": "——————————\n作业更新日期: 2025-04-16T17:19:49Z\n统计更新日期: 2025-07-29\n相对评分：100.0%  相对热度：100.0%\n来源：夏天的歌  ID：50136\n——————————\n新人求支持o(=•ェ•=)m\n7级技能，没有练度要求\n已优化\njson作者：夏天的歌"
    },
    "groups": [],
    "opers": [
        {
            "name": "罗宾",
            "skill": 2,
            "skill_usage": 0
        }
    ]
}