{
  "minimum_required": "v4.0.0",
  "stage_name": "level_crisis_v2_02-01",
  "actions": [
    {
      "type": "Deploy",
      "name": "桃金娘",
      "location": [
        1,
        3
      ],
      "direction": "Right"
    },
    {
      "type": "Deploy",
      "name": "山",
      "location": [
        4,
        3
      ],
      "direction": "Right"
    },
    {
      "type": "Deploy",
      "name": "拉普兰德",
      "location": [
        6,
        6
      ],
      "direction": "Left"
    },
    {
      "type": "SpeedUp"
    },
    {
      "type": "Deploy",
      "name": "澄闪",
      "location": [
        4,
        4
      ],
      "direction": "Right"
    },
    {
      "type": "Deploy",
      "name": "伊芙利特",
      "location": [
        6,
        1
      ],
      "direction": "Right"
    },
    {
      "type": "Deploy",
      "name": "纯烬艾雅法拉",
      "location": [
        3,
        4
      ],
      "direction": "Right"
    },
    {
      "type": "Deploy",
      "name": "星熊",
      "location": [
        5,
        6
      ],
      "direction": "Left"
    },
    {
      "type": "SkillDaemon",
      "cost_changes": 1
    }
  ],
  "doc": {
    "title": "潮曦作战 - 不朽厅堂 腐化海潮作战",
    "details": "视频 https://www.bilibili.com/video/BV1Xm421J7wi/\n指标集 引痕增生 险地\n自用"
  },
  "groups": [],
  "opers": [
    {
      "name": "纯烬艾雅法拉",
      "skill": 1,
      "skill_usage": 0
    },
    {
      "name": "桃金娘",
      "skill": 1,
      "skill_usage": 1
    },
    {
      "skill_times": 1,
      "name": "山",
      "skill": 2,
      "skill_usage": 2
    },
    {
      "name": "伊芙利特",
      "skill": 2,
      "skill_usage": 0
    },
    {
      "name": "拉普兰德",
      "skill": 2,
      "skill_usage": 0
    },
    {
      "name": "星熊",
      "skill": 2,
      "skill_usage": 0
    },
    {
      "name": "澄闪",
      "skill": 2,
      "skill_usage": 0
    }
  ]
}