{
  "minimum_required": "v4.0.0",
  "stage_name": "level_crisis_v2_02-01",
  "actions": [
    {
      "type": "Deploy",
      "name": "山",
      "location": [
        3,
        3
      ],
      "direction": "Right"
    },
    {
      "type": "Deploy",
      "name": "拉普兰德",
      "location": [
        6,
        6
      ],
      "direction": "Left"
    },
    {
      "type": "Deploy",
      "name": "伊芙利特",
      "location": [
        6,
        1
      ],
      "direction": "Right"
    },
    {
      "type": "SpeedUp"
    },
    {
      "type": "Deploy",
      "name": "艾雅法拉",
      "location": [
        3,
        4
      ],
      "direction": "Down"
    },
    {
      "type": "Deploy",
      "name": "纯烬艾雅法拉",
      "location": [
        4,
        4
      ],
      "direction": "Down"
    },
    {
      "type": "Deploy",
      "name": "星熊",
      "location": [
        5,
        6
      ],
      "direction": "Left"
    },
    {
      "type": "SkillDaemon"
    }
  ],
  "doc": {
    "title": "危机合约 - 潮曦作战 - 不朽厅堂 - 旗子任务",
    "details": "引痕加险地\n原作者萧然 JSON作者萨拉托加\n作业交流群545928846，如果作业有问题可以加群找我，评论区不能及时回复，还可以去群里蹲我的新作业\n【【潮曦作战】全关卡全任务 摆完挂机 简单好抄（更新至不朽厅堂620+3.28月落环巷）】 https://www.bilibili.com/video/BV1pq421A7UU/?share_source=copy_web&vd_source=3fd5040fe25f6a00e19e6072bcccfa4e"
  },
  "groups": [],
  "opers": [
    {
      "skill_times": 1,
      "name": "山",
      "skill": 2,
      "skill_usage": 2
    },
    {
      "name": "拉普兰德",
      "skill": 2,
      "skill_usage": 0
    },
    {
      "name": "星熊",
      "skill": 2,
      "skill_usage": 0
    },
    {
      "name": "艾雅法拉",
      "skill": 2,
      "skill_usage": 0
    },
    {
      "name": "伊芙利特",
      "skill": 2,
      "skill_usage": 0
    },
    {
      "name": "纯烬艾雅法拉",
      "skill": 1,
      "skill_usage": 0
    }
  ]
}