{
    "minimum_required": "v4.0.0",
    "stage_name": "mem_quartz_1",
    "actions": [
        {
            "type": "Deploy",
            "name": "石英",
            "location": [
                5,
                3
            ],
            "direction": "Down"
        },
        {
            "type": "SpeedUp"
        },
        {
            "type": "Deploy",
            "name": "苏苏洛",
            "location": [
                6,
                5
            ],
            "direction": "Up"
        },
        {
            "type": "Skill",
            "name": "苏苏洛",
            "costs": 44
        },
        {
            "type": "Skill",
            "name": "石英"
        },
        {
            "type": "Skill",
            "name": "苏苏洛",
            "kills": 43,
            "pre_delay": 3000
        },
        {
            "type": "Skill",
            "name": "石英"
        }
    ],
    "doc": {
        "title": "近卫 - 石英 - 来路无归",
        "details": "统计日期：2024-05-02\n好评率：100.0%  浏览量：203\nhttps://www.bilibili.com/video/BV13L411v77L/\n练度精二1级 7级技能\n制作者：一只摆烂的42\n有问题联系QQ2586582719"
    },
    "groups": [],
    "opers": [
        {
            "name": "石英",
            "skill": 2,
            "skill_usage": 0
        }
    ]
}