{
    "minimum_required": "v4.0.0",
    "stage_name": "mem_crow_1",
    "actions": [
        {
            "type": "Deploy",
            "name": "羽毛笔",
            "location": [
                6,
                3
            ],
            "direction": "Right"
        },
        {
            "type": "SpeedUp"
        },
        {
            "type": "Skill",
            "pre_delay": 8000,
            "name": "羽毛笔",
            "location": [
                6,
                3
            ]
        },
        {
            "type": "Skill",
            "name": "龙舌兰",
            "location": [
                2,
                3
            ],
            "kills": 8,
            "pre_delay": 17000
        },
        {
            "type": "Skill",
            "name": "羽毛笔",
            "location": [
                6,
                3
            ],
            "kills": 21,
            "pre_delay": 3000
        },
        {
            "type": "SkillDaemon"
        }
    ],
    "doc": {
        "title": "风中之羽 - 羽毛笔悖论模拟",
        "details": "统计日期：2024-05-02\n好评率：97.67%  浏览量：3140\n练度：羽毛笔精二40，7级二技能\n选中二技能，maa就可以按开始了"
    },
    "groups": [],
    "opers": [
        {
            "name": "羽毛笔",
            "skill": 2,
            "skill_usage": 0
        }
    ]
}