{
    "actions": [
        {
            "type": "部署",
            "name": "暗索",
            "location": [
                2,
                4
            ],
            "direction": "右"
        },
        {
            "type": "二倍速"
        },
        {
            "location": [
                4,
                5
            ],
            "type": "部署",
            "name": "艾丝黛尔",
            "direction": "上"
        },
        {
            "type": "技能",
            "kills": 6,
            "pre_delay": 1000,
            "name": "艾丝黛尔",
            "location": [
                4,
                5
            ]
        },
        {
            "type": "技能",
            "kills": 21,
            "name": "暗索",
            "location": [
                2,
                4
            ],
            "pre_delay": 1000
        },
        {
            "type": "技能",
            "kills": 23,
            "name": "艾丝黛尔",
            "location": [
                4,
                5
            ]
        },
        {
            "type": "技能",
            "kills": 35,
            "name": "艾丝黛尔",
            "location": [
                4,
                5
            ],
            "pre_delay": 3000
        },
        {
            "type": "技能",
            "kills": 36,
            "name": "暗索",
            "location": [
                2,
                4
            ],
            "pre_delay": 1000
        },
        {
            "type": "打印",
            "doc": "等待44杀结束"
        },
        {
            "type": "摆完挂机",
            "kills": 44,
            "doc": "已经结束了"
        }
    ],
    "stage_name": "mem_estell_1",
    "doc": {
        "title": "艾丝黛尔悖论模拟",
        "details": "作业更新日期: 2023-04-19T07:07:55Z\n统计更新日期: 2024-09-16\n好评率：64.0%  浏览量：538\n来源：作业代传——有问题联系原作者  ID：22763\n作者：雪\n参考视频：https://www.bilibili.com/video/av941349744\n测试干员：艾丝黛尔 精2 40级 2技能7级"
    },
    "opers": [
        {
            "name": "艾丝黛尔",
            "skill": 2
        }
    ],
    "minimum_required": "v4.0.0"
}