{
    "minimum_required": "v4.0.0",
    "stage_name": "tough_10-07",
    "actions": [
        {
            "type": "SpeedUp"
        },
        {
            "type": "Deploy",
            "name": "推进之王",
            "location": [
                4,
                3
            ],
            "direction": "Up"
        },
        {
            "type": "Deploy",
            "name": "山",
            "location": [
                7,
                2
            ],
            "direction": "Up"
        },
        {
            "type": "Deploy",
            "name": "星熊",
            "location": [
                2,
                3
            ],
            "direction": "Right"
        },
        {
            "type": "Deploy",
            "name": "单奶",
            "location": [
                5,
                4
            ],
            "direction": "Left"
        },
        {
            "type": "Deploy",
            "name": "群奶",
            "location": [
                5,
                3
            ],
            "direction": "Right"
        }
    ],
    "doc": {
        "title": "第十章 破碎日冕 - 10-8（磨难） - 无暇哀悼",
        "details": "作业更新日期: 2023-07-28T12:31:51Z\n统计更新日期: 2024-11-30\n好评率：87.69%  浏览量：5139\n来源：icemolen  ID：24926\n萧然Q\n【【破碎日冕】明日方舟 主线第十章 磨难险境 摆完挂机 简单好抄】 https://www.bilibili.com/video/BV1GY411j72u/?p=8&share_source=copy_web&vd_source=68be5121b811f3bbbbfb4374448929d2"
    },
    "groups": [
        {
            "name": "单奶",
            "opers": [
                {
                    "name": "闪灵",
                    "skill": 2,
                    "skill_usage": 0
                },
                {
                    "name": "流明",
                    "skill": 1,
                    "skill_usage": 0
                },
                {
                    "name": "华法琳",
                    "skill": 1,
                    "skill_usage": 0
                }
            ]
        },
        {
            "name": "群奶",
            "opers": [
                {
                    "name": "白面鸮",
                    "skill": 2,
                    "skill_usage": 1
                },
                {
                    "name": "夜莺",
                    "skill": 2,
                    "skill_usage": 0
                }
            ]
        }
    ],
    "opers": [
        {
            "name": "山",
            "skill": 2,
            "skill_usage": 2
        },
        {
            "name": "星熊",
            "skill": 2,
            "skill_usage": 0
        },
        {
            "name": "推进之王",
            "skill": 2,
            "skill_usage": 0
        }
    ]
}