{
    "minimum_required": "v4.0.0",
    "stage_name": "hard_10-03",
    "actions": [
        {
            "type": "SpeedUp"
        },
        {
            "type": "Deploy",
            "name": "塑心",
            "location": [
                8,
                5
            ],
            "direction": "Left"
        },
        {
            "type": "Deploy",
            "name": "黍",
            "location": [
                1,
                3
            ],
            "direction": "Up"
        },
        {
            "type": "Deploy",
            "name": "浊心斯卡蒂",
            "location": [
                9,
                4
            ],
            "direction": "Right"
        },
        {
            "type": "Deploy",
            "name": "重岳",
            "location": [
                8,
                4
            ],
            "direction": "Left"
        },
        {
            "type": "Deploy",
            "name": "奶",
            "location": [
                2,
                4
            ],
            "direction": "Up"
        },
        {
            "type": "Deploy",
            "name": "纯烬艾雅法拉",
            "location": [
                11,
                4
            ],
            "direction": "Left"
        },
        {
            "type": "Deploy",
            "name": "泥岩",
            "location": [
                1,
                2
            ],
            "direction": "Up"
        },
        {
            "type": "Deploy",
            "name": "奶",
            "location": [
                9,
                2
            ],
            "direction": "Down"
        },
        {
            "type": "Deploy",
            "name": "斯卡蒂的海嗣",
            "location": [
                2,
                2
            ],
            "direction": "None",
            "kills": 63
        },
        {
            "type": "Deploy",
            "name": "斯卡蒂的海嗣",
            "location": [
                2,
                2
            ],
            "direction": "None",
            "kills": 81,
            "pre_delay": 10000
        },
        {
            "type": "Deploy",
            "name": "斯卡蒂的海嗣",
            "location": [
                2,
                2
            ],
            "direction": "None",
            "kills": 103
        },
        {
            "type": "Deploy",
            "name": "斯卡蒂的海嗣",
            "location": [
                2,
                2
            ],
            "direction": "None"
        },
        {
            "type": "SkillDaemon"
        }
    ],
    "doc": {
        "title": "第十章 破碎日冕 - H10-3（磨难） - 日晕行动-3",
        "details": "作业更新日期: 2024-05-23T09:20:35Z\n统计更新日期: 2024-11-30\n好评率：84.21%  浏览量：1108\n来源：晓丶梦丶仁  ID：37916\n思路来源：https://www.bilibili.com/video/BV1x6421g7QC\n我自己抄的时候黍会被第一炮打死，添个奶，需要你的奶妈能被第一炮轰死（喵\n有别的奶在黍破防的时候，可以把黍奶满的话，可以告诉我，我加进去www我练度低\n针对2803+1的泥岩放了些海嗣，高于这个练度一定没问题"
    },
    "groups": [
        {
            "name": "奶",
            "opers": [
                {
                    "name": "夜莺",
                    "skill": 2,
                    "skill_usage": 0
                },
                {
                    "name": "闪灵",
                    "skill": 2,
                    "skill_usage": 0
                },
                {
                    "name": "白面鸮",
                    "skill": 2,
                    "skill_usage": 1
                },
                {
                    "name": "焰影苇草",
                    "skill": 3,
                    "skill_usage": 1
                },
                {
                    "name": "流明",
                    "skill": 1,
                    "skill_usage": 0
                }
            ]
        }
    ],
    "opers": [
        {
            "name": "黍",
            "skill": 1,
            "skill_usage": 0
        },
        {
            "name": "重岳",
            "skill": 3,
            "skill_usage": 2,
            "skill_times": 5
        },
        {
            "name": "塑心",
            "skill": 1,
            "skill_usage": 0
        },
        {
            "name": "纯烬艾雅法拉",
            "skill": 1,
            "skill_usage": 0
        },
        {
            "name": "浊心斯卡蒂",
            "skill": 2,
            "skill_usage": 0
        },
        {
            "name": "泥岩",
            "skill": 2,
            "skill_usage": 0
        }
    ]
}