{
    "minimum_required": "v4.0.0",
    "stage_name": "mem_gdglow_1",
    "actions": [
        {
            "type": "SpeedUp"
        },
        {
            "type": "Deploy",
            "name": "澄闪",
            "location": [
                5,
                6
            ],
            "direction": "Up"
        },
        {
            "type": "Skill",
            "name": "澄闪",
            "location": [
                5,
                6
            ],
            "kills": 2
        },
        {
            "type": "Skill",
            "name": "澄闪",
            "location": [
                5,
                6
            ],
            "kills": 16
        },
        {
            "type": "Skill",
            "name": "澄闪",
            "location": [
                5,
                6
            ],
            "kills": 24
        }
    ],
    "doc": {
        "title": "【澄闪】悖论模拟 - 闪耀时刻",
        "details": "——————————\n作业更新日期: 2024-09-11T00:53:28Z\n统计更新日期: 2025-09-15\n相对评分：95.96000000000001%  相对热度：72.16%\n来源：LobsterJam  ID：41238\n——————————\n地图资源已更新，测试通过。\n三技能专三"
    },
    "groups": [],
    "opers": [
        {
            "name": "澄闪",
            "skill": 3,
            "skill_usage": 0
        }
    ]
}