{
    "minimum_required": "v4.0.0",
    "stage_name": "act40side_ex07",
    "actions": [
        {
            "type": "Deploy",
            "name": "乌尔比安",
            "location": [
                9,
                4
            ],
            "direction": "Left"
        },
        {
            "type": "Deploy",
            "name": "歌蕾蒂娅",
            "location": [
                9,
                1
            ],
            "direction": "Left"
        },
        {
            "type": "Deploy",
            "name": "纯烬艾雅法拉",
            "location": [
                10,
                2
            ],
            "direction": "Down"
        },
        {
            "type": "Deploy",
            "name": "山",
            "location": [
                11,
                3
            ],
            "direction": "Down"
        },
        {
            "type": "Deploy",
            "name": "艾雅法拉",
            "location": [
                10,
                3
            ],
            "direction": "Left",
            "kills": 8
        },
        {
            "type": "Deploy",
            "name": "黍",
            "location": [
                9,
                3
            ],
            "direction": "Down"
        },
        {
            "type": "SpeedUp"
        },
        {
            "type": "SkillDaemon"
        }
    ],
    "doc": {
        "title": "OR-EX-7 - 涩",
        "details": "作业更新日期: 2025-01-29T13:31:18Z\n统计更新日期: 2025-01-30\n好评率：99.71%  浏览量：5186\n来源：萨拉托加  ID：45966\nJSON作者萨拉托加\n作业交流群群号1009052305，可蹲作业，有问题进群找我，作业站消息没提醒看不到"
    },
    "groups": [],
    "opers": [
        {
            "name": "乌尔比安",
            "skill": 2,
            "skill_usage": 0
        },
        {
            "name": "纯烬艾雅法拉",
            "skill": 1,
            "skill_usage": 0
        },
        {
            "name": "山",
            "skill": 2,
            "skill_usage": 2,
            "skill_times": 1
        },
        {
            "name": "歌蕾蒂娅",
            "skill": 1,
            "skill_usage": 0
        },
        {
            "name": "艾雅法拉",
            "skill": 2,
            "skill_usage": 0
        },
        {
            "name": "黍",
            "skill": 1,
            "skill_usage": 0
        }
    ],
    "difficulty": 3
}