{
    "minimum_required": "v4.0.0",
    "stage_name": "act40side_02",
    "actions": [
        {
            "type": "Deploy",
            "name": "山",
            "location": [
                2,
                3
            ],
            "direction": "Right"
        },
        {
            "type": "SpeedUp"
        },
        {
            "type": "SkillDaemon"
        }
    ],
    "doc": {
        "title": "OR-2",
        "details": "作业更新日期: 2025-01-22T10:12:13Z\n统计更新日期: 2025-01-24\n好评率：99.86%  浏览量：13611\n来源：萨拉托加  ID：45638\nJSON作者萨拉托加\n作业交流群群号1009052305，可蹲作业，有问题进群找我，作业站消息没提醒看不到"
    },
    "groups": [],
    "opers": [
        {
            "name": "山",
            "skill": 2,
            "skill_usage": 2,
            "skill_times": 1
        }
    ],
    "difficulty": 0
}