{
    "minimum_required": "v4.0.0",
    "stage_name": "act40side_s03",
    "actions": [
        {
            "type": "Deploy",
            "name": "桃金娘",
            "location": [
                9,
                5
            ],
            "direction": "Down"
        },
        {
            "type": "Deploy",
            "name": "伊内丝",
            "location": [
                4,
                6
            ],
            "direction": "Right"
        },
        {
            "type": "Deploy",
            "name": "山",
            "location": [
                5,
                6
            ],
            "direction": "Right"
        },
        {
            "type": "Deploy",
            "name": "维什戴尔",
            "location": [
                3,
                5
            ],
            "direction": "Up"
        },
        {
            "type": "SpeedUp"
        },
        {
            "type": "Deploy",
            "name": "歌蕾蒂娅",
            "location": [
                1,
                4
            ],
            "direction": "Up"
        },
        {
            "type": "Deploy",
            "name": "逻各斯",
            "location": [
                10,
                4
            ],
            "direction": "Up"
        },
        {
            "type": "Deploy",
            "name": "乌尔比安",
            "location": [
                9,
                6
            ],
            "direction": "Right"
        },
        {
            "type": "Deploy",
            "name": "提丰",
            "location": [
                7,
                7
            ],
            "direction": "Up"
        },
        {
            "type": "Retreat",
            "name": "伊内丝"
        },
        {
            "type": "Deploy",
            "name": "艾雅法拉",
            "location": [
                2,
                4
            ],
            "direction": "Right"
        },
        {
            "type": "Retreat",
            "name": "桃金娘",
            "costs": 40
        },
        {
            "type": "Deploy",
            "name": "风笛",
            "location": [
                1,
                6
            ],
            "direction": "None"
        },
        {
            "type": "Deploy",
            "name": "伊内丝",
            "location": [
                7,
                5
            ],
            "direction": "Up"
        },
        {
            "type": "SkillUsage",
            "name": "伊内丝",
            "skill_usage": 0
        },
        {
            "type": "SkillUsage",
            "name": "伊内丝",
            "skill_usage": 1,
            "kills": 30
        },
        {
            "type": "Deploy",
            "name": "伊内丝",
            "location": [
                7,
                5
            ],
            "direction": "Left",
            "kills": 81
        },
        {
            "type": "SkillDaemon"
        }
    ],
    "doc": {
        "title": "OR-S-3 - 寿辰宴",
        "details": "作业更新日期: 2025-02-08T03:26:36Z\n统计更新日期: 2025-02-08\n好评率：96.43%  浏览量：15936\n来源：萨拉托加  ID：46378\n突袭可能不稳定，建议抄maa://46432\njson作者：萨拉托加\n作业交流群群号1009052305，可蹲作业，有问题进群找我，作业站消息没提醒看不到"
    },
    "groups": [],
    "opers": [
        {
            "name": "伊内丝",
            "skill": 2,
            "skill_usage": 1
        },
        {
            "name": "桃金娘",
            "skill": 1,
            "skill_usage": 1
        },
        {
            "name": "风笛",
            "skill": 3,
            "skill_usage": 1
        },
        {
            "name": "逻各斯",
            "skill": 1,
            "skill_usage": 0
        },
        {
            "name": "歌蕾蒂娅",
            "skill": 1,
            "skill_usage": 0
        },
        {
            "name": "提丰",
            "skill": 2,
            "skill_usage": 1
        },
        {
            "name": "维什戴尔",
            "skill": 3,
            "skill_usage": 1
        },
        {
            "name": "山",
            "skill": 2,
            "skill_usage": 2,
            "skill_times": 1
        },
        {
            "name": "乌尔比安",
            "skill": 2,
            "skill_usage": 0
        },
        {
            "name": "艾雅法拉",
            "skill": 2,
            "skill_usage": 0
        }
    ],
    "difficulty": 3
}