{
    "minimum_required": "v4.0.0",
    "stage_name": "act40side_01",
    "actions": [
        {
            "type": "SpeedUp"
        },
        {
            "type": "Deploy",
            "name": "近卫",
            "location": [
                3,
                3
            ],
            "direction": "Down"
        },
        {
            "type": "Output",
            "doc_color": "SpringGreen",
            "doc": "Ciallo～(∠・ω< )⌒★"
        },
        {
            "type": "SkillDaemon"
        }
    ],
    "doc": {
        "title": "OR-1",
        "details": "作业更新日期: 2025-01-23T07:04:42Z\n统计更新日期: 2025-01-24\n好评率：99.58%  浏览量：2249\n来源：萨扌立托加  ID：45636\njson作者:萨扌立托加\n作业交流群群号1003478193，可蹲作业，有问题进群找萨扌立托加，作业站消息一般看不到\n❤️"
    },
    "groups": [
        {
            "name": "近卫",
            "opers": [
                {
                    "skill_times": 1,
                    "name": "山",
                    "skill": 2,
                    "skill_usage": 2
                },
                {
                    "name": "煌",
                    "skill": 2,
                    "skill_usage": 0
                }
            ]
        }
    ],
    "opers": []
}