{
    "minimum_required": "v4.0.0",
    "stage_name": "act40side_ex03",
    "actions": [
        {
            "type": "Deploy",
            "name": "障碍物",
            "location": [
                8,
                2
            ],
            "direction": "None"
        },
        {
            "type": "SpeedUp"
        },
        {
            "type": "Deploy",
            "name": "维什戴尔",
            "location": [
                10,
                5
            ],
            "direction": "Left"
        },
        {
            "type": "Deploy",
            "name": "克洛丝",
            "location": [
                10,
                3
            ],
            "direction": "Down",
            "kills": 4
        },
        {
            "type": "Deploy",
            "name": "梓兰",
            "location": [
                8,
                5
            ],
            "direction": "Up"
        },
        {
            "type": "Skill",
            "name": "维什戴尔",
            "location": [
                10,
                5
            ],
            "kills": 5
        },
        {
            "type": "Skill",
            "location": [
                11,
                5
            ],
            "kills": 14,
            "pre_delay": 1000
        },
        {
            "type": "SkillUsage",
            "name": "维什戴尔",
            "skill_usage": 2,
            "skill_times": 1
        },
        {
            "type": "Skill",
            "location": [
                11,
                5
            ],
            "kills": 30
        },
        {
            "type": "SkillDaemon"
        }
    ],
    "doc": {
        "title": "OR-EX-3 - 苦",
        "details": "作业更新日期: 2025-01-31T08:54:35Z\n统计更新日期: 2025-02-01\n好评率：98.84%  浏览量：1611\n来源：焕彩gg  ID：46065\nB站ID：焕彩GG 主页：https://space.bilibili.com/10123796\n\n求关注。"
    },
    "groups": [],
    "opers": [
        {
            "name": "维什戴尔",
            "skill": 3,
            "skill_usage": 0
        },
        {
            "name": "克洛丝",
            "skill": 1,
            "skill_usage": 0
        },
        {
            "name": "梓兰",
            "skill": 1,
            "skill_usage": 1
        }
    ],
    "difficulty": 3
}