{
    "minimum_required": "v4.0.0",
    "stage_name": "act40side_ex07",
    "actions": [
        {
            "type": "SpeedUp"
        },
        {
            "type": "Deploy",
            "name": "伊内丝",
            "location": [
                11,
                1
            ],
            "direction": "Down"
        },
        {
            "type": "Deploy",
            "name": "歌蕾蒂娅",
            "location": [
                9,
                1
            ],
            "direction": "Left"
        },
        {
            "type": "Deploy",
            "name": "乌尔比安",
            "location": [
                9,
                3
            ],
            "direction": "Down"
        },
        {
            "type": "Deploy",
            "name": "纯烬艾雅法拉",
            "location": [
                10,
                2
            ],
            "direction": "Down"
        },
        {
            "type": "Deploy",
            "name": "煌",
            "location": [
                11,
                4
            ],
            "direction": "Left"
        },
        {
            "type": "Deploy",
            "name": "塞雷娅",
            "location": [
                9,
                2
            ],
            "direction": "Left"
        },
        {
            "type": "SkillDaemon"
        }
    ],
    "doc": {
        "title": "OR-EX-7 - 涩（豪华限定版",
        "details": "作业更新日期: 2025-01-29T21:15:59Z\n统计更新日期: 2025-01-31\n好评率：100.0%  浏览量：1161\n来源：星之海.  ID：46048\n此作业全员专三且模组一级\n原作者：自在道爷\nJSON作者：星之海.\n社区评论不会提醒，有问题可以进群找我：994516079（刚建的\n原视频：【【相见欢】OR-EX-1至OR-EX-8挂机流，突袭刻章都不愁！语音快乐详解，轻松解放双手 | 明日方舟攻略(分p更新中)】https://www.bilibili.com/video/BV1XrFaeNE4B?vd_source=69f0b796ff8cde9e6cb9e9f9a99f8eec"
    },
    "groups": [],
    "opers": [
        {
            "name": "煌",
            "skill": 2,
            "skill_usage": 0
        },
        {
            "name": "纯烬艾雅法拉",
            "skill": 1,
            "skill_usage": 0
        },
        {
            "name": "伊内丝",
            "skill": 2,
            "skill_usage": 1
        },
        {
            "name": "乌尔比安",
            "skill": 2,
            "skill_usage": 0
        },
        {
            "name": "歌蕾蒂娅",
            "skill": 1,
            "skill_usage": 0
        },
        {
            "name": "塞雷娅",
            "skill": 2,
            "skill_usage": 0
        }
    ],
    "difficulty": 3
}