{
    "minimum_required": "v4.0.0",
    "stage_name": "act40side_ex07",
    "actions": [
        {
            "type": "SpeedUp"
        },
        {
            "type": "Deploy",
            "name": "乌尔比安",
            "location": [
                9,
                4
            ],
            "direction": "Left",
            "costs": 24
        },
        {
            "type": "Deploy",
            "name": "歌蕾蒂娅",
            "location": [
                9,
                1
            ],
            "direction": "Left",
            "costs": 15
        },
        {
            "type": "Deploy",
            "name": "纯烬艾雅法拉",
            "location": [
                10,
                2
            ],
            "direction": "Down",
            "costs": 16
        },
        {
            "type": "Deploy",
            "name": "山",
            "location": [
                11,
                3
            ],
            "direction": "Down",
            "costs": 11
        },
        {
            "type": "Deploy",
            "name": "艾雅法拉",
            "location": [
                10,
                3
            ],
            "direction": "Left",
            "costs": 21
        }
    ],
    "doc": {
        "title": "OR-EX-7 - 涩 萧然挂机攻略",
        "details": "作业更新日期: 2025-01-29T15:16:59Z\n统计更新日期: 2025-02-08\n好评率：95.65%  浏览量：1244\n来源：chenjunzhe603  ID：46028\n原作者：萧然Q（直播间：https://live.bilibili.com/278778） 原视频：https://www.bilibili.com/video/BV1cWFaemEv8/\n（请前往投币支持原作者谢谢）"
    },
    "groups": [],
    "opers": [
        {
            "name": "山",
            "skill_times": 1,
            "skill": 2,
            "skill_usage": 2
        },
        {
            "name": "乌尔比安",
            "skill": 2,
            "skill_usage": 0
        },
        {
            "name": "歌蕾蒂娅",
            "skill": 1,
            "skill_usage": 0
        },
        {
            "name": "纯烬艾雅法拉",
            "skill": 1,
            "skill_usage": 0
        },
        {
            "name": "艾雅法拉",
            "skill": 2,
            "skill_usage": 0
        }
    ],
    "difficulty": 3
}