{
    "minimum_required": "v4.0.0",
    "stage_name": "act40side_ex06",
    "actions": [
        {
            "type": "SpeedUp"
        },
        {
            "type": "Deploy",
            "name": "先锋-尖兵",
            "location": [
                5,
                4
            ],
            "direction": "Right"
        },
        {
            "type": "Deploy",
            "name": "★-近战",
            "location": [
                2,
                3
            ],
            "direction": "Left"
        },
        {
            "type": "Deploy",
            "name": "重装-守护者",
            "location": [
                3,
                1
            ],
            "direction": "Right"
        },
        {
            "type": "Deploy",
            "name": "近卫-强攻手",
            "location": [
                1,
                1
            ],
            "direction": "Down"
        },
        {
            "type": "Deploy",
            "name": "术师-中坚术师",
            "location": [
                4,
                4
            ],
            "direction": "Up"
        },
        {
            "type": "Deploy",
            "name": "医疗-行医",
            "location": [
                3,
                4
            ],
            "direction": "Up"
        },
        {
            "type": "Deploy",
            "name": "医疗-医师",
            "location": [
                2,
                4
            ],
            "direction": "Up"
        },
        {
            "type": "Deploy",
            "name": "近卫-斗士",
            "location": [
                1,
                2
            ],
            "direction": "Down"
        },
        {
            "type": "Deploy",
            "name": "重装-不屈者",
            "location": [
                6,
                4
            ],
            "direction": "Right"
        },
        {
            "type": "Retreat",
            "name": "先锋-尖兵"
        },
        {
            "type": "Deploy",
            "name": "辅助-巫役",
            "location": [
                7,
                3
            ],
            "direction": "Up"
        },
        {
            "type": "Skill",
            "location": [
                2,
                2
            ],
            "kills": 20
        },
        {
            "type": "Skill",
            "location": [
                2,
                2
            ],
            "kills": 38
        },
        {
            "type": "SkillDaemon"
        }
    ],
    "doc": {
        "title": "OR-EX-6 - 鲜",
        "details": "作业更新日期: 2025-02-07T05:11:32Z\n统计更新日期: 2025-02-12\n好评率：99.06%  浏览量：1199\n来源：作业超大杯  ID：46171\nJSON作者萨拉托加\n作业交流群群号1009052305，可蹲作业，有问题进群找我，作业站消息没提醒看不到"
    },
    "groups": [
        {
            "name": "先锋-尖兵",
            "opers": [
                {
                    "name": "桃金娘",
                    "skill": 1,
                    "skill_usage": 1
                },
                {
                    "name": "德克萨斯"
                },
                {
                    "name": "焰尾"
                }
            ]
        },
        {
            "name": "近卫-强攻手",
            "opers": [
                {
                    "name": "煌",
                    "skill": 2,
                    "skill_usage": 0
                },
                {
                    "name": "百炼嘉维尔",
                    "skill": 2,
                    "skill_usage": 1
                }
            ]
        },
        {
            "name": "近卫-斗士",
            "opers": [
                {
                    "name": "重岳",
                    "skill": 3,
                    "skill_usage": 2,
                    "skill_times": 5
                },
                {
                    "name": "乌尔比安",
                    "skill": 2,
                    "skill_usage": 0
                },
                {
                    "name": "山",
                    "skill": 2,
                    "skill_usage": 2,
                    "skill_times": 1
                }
            ]
        },
        {
            "name": "重装-守护者",
            "opers": [
                {
                    "name": "星熊",
                    "skill": 2,
                    "skill_usage": 0
                },
                {
                    "name": "余",
                    "skill": 2,
                    "skill_usage": 1
                },
                {
                    "name": "黍",
                    "skill": 1,
                    "skill_usage": 0
                },
                {
                    "name": "塞雷娅",
                    "skill": 1,
                    "skill_usage": 0
                },
                {
                    "name": "瑕光",
                    "skill": 3,
                    "skill_usage": 1
                }
            ]
        },
        {
            "name": "重装-不屈者",
            "opers": [
                {
                    "name": "泥岩",
                    "skill": 2,
                    "skill_usage": 0
                },
                {
                    "name": "斥罪",
                    "skill": 2,
                    "skill_usage": 1
                }
            ]
        },
        {
            "name": "术师-中坚术师",
            "opers": [
                {
                    "name": "艾雅法拉",
                    "skill": 2,
                    "skill_usage": 0
                },
                {
                    "name": "伊芙利特",
                    "skill": 2,
                    "skill_usage": 0
                }
            ]
        },
        {
            "name": "医疗-行医",
            "opers": [
                {
                    "name": "纯烬艾雅法拉"
                },
                {
                    "name": "蜜莓"
                }
            ]
        },
        {
            "name": "医疗-医师",
            "opers": [
                {
                    "name": "闪灵",
                    "skill": 2,
                    "skill_usage": 0
                },
                {
                    "name": "华法琳"
                }
            ]
        },
        {
            "name": "辅助-巫役",
            "opers": [
                {
                    "name": "塑心",
                    "skill": 1,
                    "skill_usage": 0
                },
                {
                    "name": "铃兰",
                    "skill": 2,
                    "skill_usage": 0
                },
                {
                    "name": "灵知",
                    "skill": 1,
                    "skill_usage": 0
                },
                {
                    "name": "娜仁图亚",
                    "skill": 1,
                    "skill_usage": 2,
                    "skill_times": 1
                }
            ]
        },
        {
            "name": "★-近战",
            "opers": [
                {
                    "name": "Friston-3",
                    "skill": 1,
                    "skill_usage": 0
                },
                {
                    "name": "THRM-EX",
                    "skill": 1,
                    "skill_usage": 0
                },
                {
                    "name": "Castle-3",
                    "skill": 1,
                    "skill_usage": 0
                }
            ]
        }
    ],
    "opers": [],
    "difficulty": 3
}