{
    "minimum_required": "v4.0.0",
    "stage_name": "act40side_s04",
    "actions": [
        {
            "type": "SpeedUp"
        },
        {
            "type": "Deploy",
            "name": "歌蕾蒂娅",
            "location": [
                11,
                2
            ],
            "direction": "Down"
        },
        {
            "type": "Deploy",
            "name": "乌尔比安",
            "location": [
                8,
                4
            ],
            "direction": "Right"
        },
        {
            "type": "Deploy",
            "name": "塞雷娅",
            "location": [
                6,
                5
            ],
            "direction": "Down"
        },
        {
            "type": "Deploy",
            "name": "塑心",
            "location": [
                5,
                5
            ],
            "direction": "Down"
        },
        {
            "type": "Deploy",
            "name": "夜莺",
            "location": [
                5,
                4
            ],
            "direction": "Right"
        },
        {
            "type": "Deploy",
            "name": "艾雅法拉",
            "location": [
                11,
                3
            ],
            "direction": "Left"
        },
        {
            "type": "Deploy",
            "name": "号角",
            "location": [
                4,
                5
            ],
            "direction": "Right"
        },
        {
            "type": "Retreat",
            "name": "塑心",
            "kills": 48
        },
        {
            "type": "Deploy",
            "name": "塑心",
            "location": [
                11,
                5
            ],
            "direction": "Left"
        },
        {
            "type": "SkillDaemon"
        }
    ],
    "doc": {
        "title": "OR-S-4 - 白事宴",
        "details": "作业更新日期: 2025-02-06T01:46:02Z\n统计更新日期: 2025-02-08\n好评率：98.58%  浏览量：6584\n来源：星之海.  ID：46448\n此作业全员专三且模组一级\n如果乌尔比安扛不住，请将歌蕾蒂娅的模组等级提升到二级及以上\n原作者：自在道爷\nJSON作者：星之海.\n社区评论不会提醒，有问题可以进群找我：994516079\n原视频：【【相见欢】OR-S-1至4及OR-MO-1挂机流，突袭也不愁！语音快乐详解，轻松解放双手 | 明日方舟攻略(含OR-S-3突袭，OR-S-4突袭等)】https://www.bilibili.com/video/BV1yDPCeaECL?vd_source=69f0b796ff8cde9e6cb9e9f9a99f8eec"
    },
    "groups": [],
    "opers": [
        {
            "name": "乌尔比安",
            "skill": 2,
            "skill_usage": 0
        },
        {
            "name": "塞雷娅",
            "skill": 2,
            "skill_usage": 0
        },
        {
            "name": "号角",
            "skill": 1,
            "skill_usage": 0
        },
        {
            "name": "艾雅法拉",
            "skill": 2,
            "skill_usage": 0
        },
        {
            "name": "夜莺",
            "skill": 2,
            "skill_usage": 0
        },
        {
            "name": "塑心",
            "skill": 1,
            "skill_usage": 0
        },
        {
            "name": "歌蕾蒂娅",
            "skill": 1,
            "skill_usage": 0
        }
    ],
    "difficulty": 3
}