{
    "minimum_required": "v4.0.0",
    "stage_name": "act40side_s01",
    "actions": [
        {
            "type": "Deploy",
            "name": "山",
            "location": [
                10,
                3
            ],
            "direction": "Down"
        },
        {
            "type": "SpeedUp"
        },
        {
            "type": "Deploy",
            "name": "奶盾",
            "location": [
                9,
                2
            ],
            "direction": "Down"
        },
        {
            "type": "Deploy",
            "name": "维什戴尔",
            "location": [
                8,
                6
            ],
            "direction": "Up"
        },
        {
            "type": "Deploy",
            "name": "玛恩纳",
            "location": [
                8,
                2
            ],
            "direction": "Down"
        },
        {
            "type": "SkillUsage",
            "name": "维什戴尔",
            "skill_usage": 2,
            "kills": 9,
            "skill_times": 1
        },
        {
            "type": "SkillUsage",
            "skill_times": 1,
            "name": "维什戴尔",
            "skill_usage": 2,
            "kills": 20
        },
        {
            "type": "SkillUsage",
            "name": "玛恩纳",
            "kills": 36,
            "pre_delay": 6000,
            "skill_usage": 1
        },
        {
            "type": "SkillUsage",
            "skill_times": 1,
            "name": "维什戴尔",
            "skill_usage": 2,
            "kills": 47
        },
        {
            "type": "SkillDaemon"
        }
    ],
    "doc": {
        "title": "OR-S-1 - 周岁宴",
        "details": "作业更新日期: 2025-02-05T10:39:22Z\n统计更新日期: 2025-02-08\n好评率：98.6%  浏览量：4566\n来源：焕彩gg  ID：46374\nB站ID：焕彩GG 主页：https://space.bilibili.com/10123796\n\n求关注。"
    },
    "groups": [
        {
            "name": "奶盾",
            "opers": [
                {
                    "name": "塞雷娅",
                    "skill": 1,
                    "skill_usage": 0
                },
                {
                    "name": "黍",
                    "skill": 1,
                    "skill_usage": 0
                }
            ]
        }
    ],
    "opers": [
        {
            "name": "山",
            "skill": 2,
            "skill_usage": 2,
            "skill_times": 1
        },
        {
            "name": "维什戴尔",
            "skill": 3,
            "skill_usage": 0
        },
        {
            "name": "玛恩纳",
            "skill": 3,
            "skill_usage": 0
        }
    ],
    "difficulty": 3
}