{
    "minimum_required": "v4.0.0",
    "stage_name": "tough_12-07",
    "actions": [
        {
            "type": "Deploy",
            "name": "先锋",
            "location": [
                3,
                3
            ],
            "direction": "Up"
        },
        {
            "type": "Deploy",
            "name": "煌",
            "location": [
                5,
                5
            ],
            "direction": "Right"
        },
        {
            "type": "SpeedUp"
        },
        {
            "type": "Deploy",
            "name": "奶盾",
            "location": [
                6,
                5
            ],
            "direction": "Right"
        }
    ],
    "doc": {
        "title": "第十二章 惊霆无声 - 12-8（磨难） - 火线重逢",
        "details": "统计日期：2024-05-11\n好评率：86.25%  浏览量：2786\n来源：Chiho  ID：28399\nup:侬无言以对\nlink：【【明日方舟】12-8摆完挂机（惊霆无声-磨难险地）】 https://www.bilibili.com/video/BV18h411g7hX/?share_source=copy_web&vd_source=dcc7ddeba31e59bccd51d29a07ff1565\n精二603"
    },
    "groups": [
        {
            "name": "先锋",
            "opers": [
                {
                    "name": "山",
                    "skill": 1,
                    "skill_usage": 0
                },
                {
                    "name": "推进之王",
                    "skill": 2,
                    "skill_usage": 0
                }
            ]
        },
        {
            "name": "奶盾",
            "opers": [
                {
                    "name": "临光",
                    "skill": 1,
                    "skill_usage": 0
                },
                {
                    "name": "塞雷娅",
                    "skill": 1,
                    "skill_usage": 0
                }
            ]
        }
    ],
    "opers": [
        {
            "name": "煌",
            "skill": 2,
            "skill_usage": 0
        },
        {
            "name": "德克萨斯",
            "skill": 1,
            "skill_usage": 0
        }
    ]
}