{
    "minimum_required": "v4.0.0",
    "stage_name": "wk_fly_5",
    "actions": [
        {
            "type": "Deploy",
            "name": "娜仁图亚",
            "location": [
                3,
                5
            ],
            "direction": "Right"
        },
        {
            "type": "SpeedUp"
        },
        {
            "type": "Skill",
            "name": "娜仁图亚",
            "location": [
                3,
                5
            ],
            "cost_changes": 8
        }
    ],
    "doc": {
        "title": "CA-5 娜仁图亚单人 - 战略要道净空 - 空中威胁",
        "details": "作业更新日期: 2025-02-15T09:42:05Z\n统计更新日期: 2025-02-15\n好评率：100.0%  浏览量：28\n来源：不会玩的辅助  ID：46863\n娜仁图亚1 精二20 7级技能 \nhttps://www.bilibili.com/video/BV1XjKVecEmM"
    },
    "groups": [],
    "opers": [
        {
            "name": "娜仁图亚",
            "skill": 1,
            "skill_usage": 0
        }
    ]
}