{
    "minimum_required": "v4.0.0",
    "actions": [
        {
            "type": "SpeedUp"
        },
        {
            "type": "Deploy",
            "name": "煌",
            "location": [
                10,
                3
            ],
            "direction": "Left"
        },
        {
            "type": "Deploy",
            "name": "星熊",
            "location": [
                6,
                2
            ],
            "direction": "Left"
        },
        {
            "type": "Deploy",
            "name": "华法琳",
            "location": [
                7,
                5
            ],
            "direction": "Up"
        },
        {
            "type": "Deploy",
            "name": "闪灵",
            "location": [
                10,
                1
            ],
            "direction": "Down"
        },
        {
            "type": "Output",
            "doc_color": "SpringGreen",
            "doc": "制作者2586582719"
        }
    ],
    "doc": {
        "title": "10-12 (磨难) 四人",
        "details": "统计日期：2024-05-17\n好评率：90.48%  浏览量：3489\n来源：一只摆烂的42  ID：20626\nhttps://www.bilibili.com/video/av255736881/"
    },
    "groups": [],
    "opers": [
        {
            "name": "星熊",
            "skill": 2
        },
        {
            "name": "煌",
            "skill": 2
        },
        {
            "name": "闪灵",
            "skill": 2
        },
        {
            "name": "华法琳",
            "skill": 1
        }
    ],
    "stage_name": "tough_10-11"
}