{
    "minimum_required": "v4.0.0",
    "stage_name": "main_01-01",
    "actions": [
        {
            "type": "SpeedUp"
        },
        {
            "type": "Deploy",
            "name": "山",
            "location": [
                4,
                3
            ],
            "direction": "Left"
        },
        {
            "type": "SkillDaemon"
        }
    ],
    "doc": {
        "title": "第一章 黑暗时代·下 - 1-1 - 孤岛 【萌新也能摆完挂机系列】",
        "details": "统计日期：2024-05-24\n好评率：100.0%  浏览量：131\n来源：白泠木汐  ID：27825\n这里是半禺心的萌新主线关卡摆完挂机攻略。最低要求：精1 山使用的是二技能！！！\n参考视频：BV1Jv4y1G7U9关注半禺心喵，关注半禺心谢谢喵"
    },
    "groups": [
        {
            "name": "任意精1不上场",
            "opers": [
                {
                    "name": "克洛丝",
                    "skill": 1,
                    "skill_usage": 0
                },
                {
                    "name": "芬",
                    "skill": 1,
                    "skill_usage": 0
                },
                {
                    "name": "卡缇",
                    "skill": 1,
                    "skill_usage": 0
                },
                {
                    "name": "史都华德",
                    "skill": 1,
                    "skill_usage": 0
                }
            ]
        }
    ],
    "opers": [
        {
            "name": "山",
            "skill": 2,
            "skill_usage": 2
        }
    ]
}