{
    "minimum_required": "v4.0.0",
    "stage_name": "main_01-09",
    "actions": [
        {
            "type": "SpeedUp"
        },
        {
            "type": "Deploy",
            "name": "芬",
            "location": [
                7,
                6
            ],
            "direction": "Up",
            "costs": 0
        },
        {
            "type": "Deploy",
            "name": "米格鲁",
            "location": [
                7,
                5
            ],
            "direction": "Up",
            "costs": 15
        },
        {
            "type": "Deploy",
            "name": "巡林者",
            "location": [
                8,
                4
            ],
            "direction": "Left",
            "costs": 7
        },
        {
            "type": "Deploy",
            "name": "12F",
            "location": [
                8,
                3
            ],
            "direction": "Left",
            "costs": 24
        },
        {
            "type": "Deploy",
            "name": "芙蓉",
            "location": [
                8,
                5
            ],
            "direction": "Left",
            "costs": 14
        },
        {
            "type": "Deploy",
            "name": "炎熔",
            "location": [
                6,
                5
            ],
            "direction": "Up",
            "costs": 26
        },
        {
            "type": "Deploy",
            "name": "安赛尔",
            "location": [
                6,
                6
            ],
            "direction": "Up",
            "costs": 14
        },
        {
            "type": "Deploy",
            "name": "黑角",
            "location": [
                6,
                4
            ],
            "direction": "Left",
            "costs": 14
        },
        {
            "type": "SkillDaemon"
        }
    ],
    "doc": {
        "title": "第一章 黑暗时代·下 - 1-9 - 溃散",
        "details": "统计日期：2024-05-24\n好评率：100.0%  浏览量：280\n来源：1769334868@qq.com  ID：24482\n参考b站转转转君\n平民阵容\n"
    },
    "groups": [],
    "opers": [
        {
            "name": "安赛尔",
            "skill": 1,
            "skill_usage": 0
        },
        {
            "name": "芙蓉",
            "skill": 1,
            "skill_usage": 0
        },
        {
            "name": "米格鲁",
            "skill": 1,
            "skill_usage": 0
        },
        {
            "name": "芬",
            "skill": 1,
            "skill_usage": 0
        },
        {
            "name": "巡林者",
            "skill": 1,
            "skill_usage": 0
        },
        {
            "name": "12F",
            "skill": 1,
            "skill_usage": 0
        },
        {
            "name": "炎熔",
            "skill": 1,
            "skill_usage": 0
        },
        {
            "name": "黑角",
            "skill": 1,
            "skill_usage": 0
        }
    ],
    "difficulty": 0
}