{
    "minimum_required": "v4.0.0",
    "stage_name": "wk_melee_6",
    "actions": [
        {
            "type": "SpeedUp"
        },
        {
            "type": "Deploy",
            "name": "娜仁图亚",
            "location": [
                5,
                2
            ],
            "direction": "Down"
        },
        {
            "type": "Deploy",
            "name": "逻各斯",
            "location": [
                5,
                1
            ],
            "direction": "Down"
        },
        {
            "type": "Deploy",
            "name": "古米",
            "location": [
                4,
                1
            ],
            "direction": "Right"
        }
    ],
    "doc": {
        "title": "货物运送 - CE-6 - 实验原件押运",
        "details": "——————————\n作业更新日期: 2025-04-05T08:02:14Z\n统计更新日期: 2025-06-11\n好评率：100.0%  浏览量：75\n来源：懒到只会挂机  ID：49538\n——————————\n\n自用\n逻各斯2802大姨2603古米精一即可"
    },
    "groups": [],
    "opers": [
        {
            "skill_times": 1,
            "name": "娜仁图亚",
            "skill": 1,
            "skill_usage": 2
        },
        {
            "name": "逻各斯",
            "skill": 1,
            "skill_usage": 0
        },
        {
            "name": "古米",
            "skill": 1,
            "skill_usage": 0
        }
    ]
}