{
  "minimum_required": "v4.0.0",
  "stage_name": "act23side_ex02",
  "actions": [
    {
      "type": "Output",
      "doc_color": "DarkRed",
      "doc": "作业测试使用全干员精二60级，技能专三，如有失败轻请自行微调"
    },
    {
      "type": "SpeedUp"
    },
    {
      "type": "Deploy",
      "name": "伊芙利特",
      "location": [
        5,
        6
      ],
      "direction": "Up"
    },
    {
      "type": "Deploy",
      "name": "塞雷娅",
      "location": [
        5,
        5
      ],
      "direction": "Left"
    },
    {
      "type": "SkillDaemon"
    }
  ],
  "doc": {
    "title": "EX-2突袭",
    "details": "作业测试使用全干员精二60级，技能专三，如有失败轻请自行微调"
  },
  "groups": [],
  "opers": [
    {
      "name": "伊芙利特",
      "skill": 2,
      "skill_usage": 1
    },
    {
      "name": "塞雷娅",
      "skill": 1,
      "skill_usage": 1
    }
  ],
  "difficulty": 2
}