{
    "stage_name": "wk_melee_3",
    "minimum_required": "v4.0.0",
    "doc": {
        "title": "货物运送 - CE-3 - 珍贵原料押运",
        "details": "——————————\n作业更新日期: 2025-08-07T09:47:35Z\n统计更新日期: 2025-10-16\n相对评分：82.43%  相对热度：54.33%\n来源：Broccoli_nyu  ID：64360\n——————————\nOriginal: https://youtu.be/Ag7CTVxXn5w\nlvl 20 minimum\n"
    },
    "opers": [
        {
            "name": "芙蓉",
            "requirements": {
                "level": 20
            }
        },
        {
            "name": "芬",
            "requirements": {
                "level": 20
            }
        },
        {
            "name": "克洛丝",
            "requirements": {
                "level": 20
            }
        },
        {
            "name": "安赛尔",
            "requirements": {
                "level": 20
            }
        },
        {
            "name": "炎熔",
            "requirements": {
                "level": 20
            }
        },
        {
            "name": "米格鲁",
            "requirements": {
                "level": 20
            }
        },
        {
            "name": "杰西卡",
            "requirements": {
                "level": 20
            }
        },
        {
            "name": "古米",
            "requirements": {
                "level": 20
            }
        },
        {
            "name": "黑角",
            "requirements": {
                "level": 20
            }
        },
        {
            "name": "讯使",
            "requirements": {
                "level": 20
            }
        }
    ],
    "groups": [],
    "actions": [
        {
            "type": "SpeedUp"
        },
        {
            "name": "讯使",
            "location": [
                3,
                1
            ],
            "direction": "Down",
            "type": "Deploy"
        },
        {
            "name": "芬",
            "location": [
                3,
                3
            ],
            "direction": "Up",
            "type": "Deploy"
        },
        {
            "name": "克洛丝",
            "location": [
                2,
                1
            ],
            "direction": "Right",
            "type": "Deploy"
        },
        {
            "name": "杰西卡",
            "location": [
                2,
                3
            ],
            "direction": "Right",
            "type": "Deploy"
        },
        {
            "name": "古米",
            "location": [
                3,
                2
            ],
            "direction": "Right",
            "type": "Deploy"
        },
        {
            "name": "炎熔",
            "location": [
                2,
                2
            ],
            "direction": "Right",
            "type": "Deploy"
        },
        {
            "name": "芙蓉",
            "location": [
                1,
                2
            ],
            "direction": "Right",
            "type": "Deploy"
        },
        {
            "name": "安赛尔",
            "location": [
                1,
                1
            ],
            "direction": "Right",
            "type": "Deploy"
        },
        {
            "type": "Retreat",
            "name": "芬",
            "pre_delay": 2000
        },
        {
            "name": "米格鲁",
            "location": [
                3,
                3
            ],
            "direction": "Right",
            "type": "Deploy"
        },
        {
            "type": "Retreat",
            "name": "讯使",
            "pre_delay": 4000
        },
        {
            "name": "黑角",
            "location": [
                3,
                1
            ],
            "direction": "Right",
            "type": "Deploy"
        },
        {
            "type": "SkillDaemon"
        },
        {
            "type": "Output"
        }
    ],
    "version": 3
}