{
    "stage_name": "pro_a_2",
    "minimum_required": "v4.0.0",
    "doc": {
        "title": "重裝、醫療芯片組(PR-A-2 据守)",
        "details": "——————————\n作业更新日期: 2025-10-13T05:53:38Z\n统计更新日期: 2025-11-06\n相对评分：80.21%  相对热度：54.60%\n来源：Xixi.yu  ID：69919\n——————————\n本作業為修改作業，原作業相關資訊如下\n作者:幻灵烟圈\nURL:https://yuxixixi.pse.is/PR-A-2_幻灵烟圈"
    },
    "opers": [
        {
            "name": "乌尔比安",
            "skill": 2,
            "skill_usage": 0,
            "requirements": {
                "module": 1
            }
        },
        {
            "name": "山",
            "skill": 2,
            "skill_usage": 2,
            "skill_times": 1,
            "requirements": {
                "module": 1
            }
        }
    ],
    "groups": [],
    "actions": [
        {
            "type": "SpeedUp"
        },
        {
            "name": "山",
            "location": [
                7,
                3
            ],
            "direction": "Down",
            "type": "Deploy"
        },
        {
            "name": "乌尔比安",
            "location": [
                2,
                3
            ],
            "direction": "Down",
            "type": "Deploy"
        },
        {
            "type": "Output",
            "doc": "给视频作者点个赞吧~",
            "doc_color": "#d63384"
        },
        {
            "type": "SkillDaemon"
        }
    ],
    "version": 3
}