{
    "minimum_required": "v4.0.0",
    "stage_name": "act38side_s02",
    "actions": [
        {
            "type": "Deploy",
            "name": "桃金娘",
            "location": [
                4,
                3
            ],
            "direction": "Up"
        },
        {
            "type": "Deploy",
            "name": "山",
            "location": [
                2,
                2
            ],
            "direction": "Down"
        },
        {
            "type": "Skill",
            "name": "山",
            "pre_delay": 4000
        },
        {
            "type": "Deploy",
            "name": "能天使",
            "location": [
                8,
                8
            ],
            "direction": "Up"
        },
        {
            "type": "Deploy",
            "name": "煌",
            "location": [
                9,
                5
            ],
            "direction": "Up"
        },
        {
            "type": "Deploy",
            "name": "奶",
            "location": [
                10,
                5
            ],
            "direction": "Left"
        },
        {
            "type": "Deploy",
            "name": "艾雅法拉",
            "location": [
                10,
                6
            ],
            "direction": "Left"
        },
        {
            "type": "Deploy",
            "name": "塞雷娅",
            "location": [
                7,
                5
            ],
            "direction": "Right"
        },
        {
            "type": "Deploy",
            "name": "拉普兰德",
            "location": [
                6,
                5
            ],
            "direction": "Right"
        },
        {
            "type": "Retreat",
            "name": "能天使",
            "costs": 25
        },
        {
            "type": "Deploy",
            "name": "号角",
            "location": [
                9,
                8
            ],
            "direction": "Up"
        },
        {
            "type": "Retreat",
            "name": "桃金娘",
            "costs": 30
        },
        {
            "type": "Deploy",
            "name": "伊芙利特",
            "location": [
                7,
                3
            ],
            "direction": "Down"
        },
        {
            "type": "SpeedUp"
        },
        {
            "type": "Deploy",
            "name": "煌",
            "location": [
                9,
                5
            ],
            "direction": "Up"
        },
        {
            "type": "SkillDaemon"
        }
    ],
    "doc": {
        "title": "PV-S-2 - 荒唐共谋 需要调烟花",
        "details": "作业更新日期: 2024-11-16T07:15:04Z\n统计更新日期: 2024-11-16\n好评率：98.63%  浏览量：17941\n来源：萨拉托加  ID：43567\n烟花选第二个减速怠惰装药，范围倒数第二行第二个，选右上2格左下2格\n⬛⬛⬛⬛⬛⬛⬛\n⬛⬛⬛⬛🟩⬛⬛\n⬛⬛⬛⬛🟩⬛⬛\n⬛⬛⬛🎇⬛⬛⬛\n⬛⬛🟩⬛⬛⬛⬛\n⬛⬛🟩⬛⬛⬛⬛\n⬛⬛⬛⬛⬛⬛⬛\n原作者萧然Q JSON作者萨拉托加\n作业交流群群号216314927，可蹲作业，有问题进群找我，作业站消息没提醒看不到\n【【揭幕者们】PV-S-1至5突袭 摆完挂机 简单好抄】 https://www.bilibili.com/video/BV1FSmoYXEUw/?share_source=copy_web&vd_source=3fd5040fe25f6a00e19e6072bcccfa4e\n"
    },
    "groups": [
        {
            "name": "奶",
            "opers": [
                {
                    "name": "纯烬艾雅法拉",
                    "skill": 1,
                    "skill_usage": 0
                },
                {
                    "name": "蜜莓",
                    "skill": 1,
                    "skill_usage": 0
                }
            ]
        }
    ],
    "opers": [
        {
            "name": "桃金娘",
            "skill": 1,
            "skill_usage": 1
        },
        {
            "name": "伊芙利特",
            "skill": 2,
            "skill_usage": 0
        },
        {
            "name": "煌",
            "skill": 2,
            "skill_usage": 0
        },
        {
            "name": "塞雷娅",
            "skill": 2,
            "skill_usage": 0
        },
        {
            "name": "山",
            "skill": 2,
            "skill_usage": 0
        },
        {
            "name": "拉普兰德",
            "skill": 2,
            "skill_usage": 0
        },
        {
            "name": "能天使",
            "skill": 3,
            "skill_usage": 0
        },
        {
            "name": "艾雅法拉",
            "skill": 2,
            "skill_usage": 0
        },
        {
            "name": "号角",
            "skill": 1,
            "skill_usage": 0
        }
    ],
    "difficulty": 3
}