{
    "minimum_required": "v4.0.0",
    "stage_name": "act38side_s05",
    "actions": [
        {
            "type": "Deploy",
            "name": "桃金娘",
            "location": [
                11,
                6
            ],
            "direction": "Left"
        },
        {
            "type": "Deploy",
            "name": "德克萨斯",
            "location": [
                10,
                6
            ],
            "direction": "Left"
        },
        {
            "type": "Deploy",
            "name": "纯烬艾雅法拉",
            "location": [
                9,
                3
            ],
            "direction": "Left",
            "costs": 40
        },
        {
            "type": "Deploy",
            "name": "号角",
            "location": [
                9,
                2
            ],
            "direction": "Left"
        },
        {
            "type": "Deploy",
            "name": "黍",
            "location": [
                7,
                5
            ],
            "direction": "Down"
        },
        {
            "type": "Deploy",
            "name": "棘刺",
            "location": [
                7,
                4
            ],
            "direction": "Left",
            "costs": 25
        },
        {
            "type": "Deploy",
            "name": "塑心",
            "location": [
                6,
                4
            ],
            "direction": "Up",
            "costs": 54
        },
        {
            "type": "Deploy",
            "name": "阿斯卡纶",
            "location": [
                7,
                6
            ],
            "direction": "Left"
        },
        {
            "type": "Retreat",
            "name": "桃金娘"
        },
        {
            "type": "Deploy",
            "name": "塞雷娅",
            "location": [
                8,
                4
            ],
            "direction": "Left"
        },
        {
            "type": "Retreat",
            "name": "德克萨斯",
            "costs": 20
        },
        {
            "type": "Deploy",
            "name": "逻各斯",
            "location": [
                8,
                3
            ],
            "direction": "Left"
        },
        {
            "type": "SpeedUp"
        },
        {
            "type": "SkillDaemon"
        }
    ],
    "doc": {
        "title": "PV-S-5不推荐使用，无烟花",
        "details": "作业更新日期: 2024-11-16T01:36:45Z\n统计更新日期: 2024-11-16\n好评率：84.93%  浏览量：3176\n来源：萨拉托加  ID：43581\n最好全员90级三模（除桃金娘风笛，德狗一模）\nJSON作者萨拉托加\n作业交流群群号216314927，可蹲作业，有问题进群找我，作业站消息没提醒看不到"
    },
    "groups": [],
    "opers": [
        {
            "name": "桃金娘",
            "skill": 1,
            "skill_usage": 1
        },
        {
            "name": "黍",
            "skill": 1,
            "skill_usage": 0
        },
        {
            "name": "塑心",
            "skill": 1,
            "skill_usage": 0
        },
        {
            "name": "塞雷娅",
            "skill": 1,
            "skill_usage": 0
        },
        {
            "name": "号角",
            "skill": 1,
            "skill_usage": 0
        },
        {
            "name": "阿斯卡纶",
            "skill": 1,
            "skill_usage": 0
        },
        {
            "name": "纯烬艾雅法拉",
            "skill": 1,
            "skill_usage": 0
        },
        {
            "name": "德克萨斯",
            "skill": 1,
            "skill_usage": 0
        },
        {
            "name": "棘刺",
            "skill": 3,
            "skill_usage": 1
        },
        {
            "name": "逻各斯",
            "skill": 1,
            "skill_usage": 0
        },
        {
            "name": "风笛",
            "skill": 2,
            "skill_usage": 0
        }
    ],
    "difficulty": 3
}