{
    "minimum_required": "v4.0.0",
    "stage_name": "act38side_sp01",
    "actions": [
        {
            "type": "SpeedUp"
        },
        {
            "type": "SpeedUp"
        },
        {
            "type": "SpeedUp"
        },
        {
            "type": "SpeedUp"
        },
        {
            "type": "Deploy",
            "name": "障碍物",
            "location": [
                5,
                2
            ],
            "direction": "None"
        },
        {
            "type": "SpeedUp"
        },
        {
            "type": "Deploy",
            "name": "障碍物",
            "location": [
                5,
                3
            ],
            "direction": "None"
        },
        {
            "type": "Deploy",
            "name": "灵知",
            "location": [
                7,
                2
            ],
            "direction": "Left"
        },
        {
            "type": "Deploy",
            "name": "耶拉",
            "location": [
                6,
                5
            ],
            "direction": "Up"
        },
        {
            "type": "Deploy",
            "name": "障碍物",
            "location": [
                7,
                1
            ],
            "direction": "None"
        },
        {
            "type": "Deploy",
            "name": "障碍物",
            "location": [
                7,
                3
            ],
            "direction": "None"
        },
        {
            "type": "Deploy",
            "name": "障碍物",
            "location": [
                9,
                2
            ],
            "direction": "None"
        },
        {
            "type": "SkillDaemon"
        }
    ],
    "doc": {
        "title": "PV-P-1 凛冽装药 全覆盖烟花 手点对话",
        "details": "作业更新日期: 2024-11-02T06:05:58Z\n统计更新日期: 2024-11-02\n好评率：82.05%  浏览量：3306\n来源：萨拉托加  ID：42987\n凛冽装药 全覆盖烟花（范围全铺满） 手点对话\n进到干员编队的地方点开始，关自动编队战斗列表\n原作者萧然Q JSON作者萨拉托加\n作业交流群群号216314927，可蹲作业，有问题进群找我，作业站消息没提醒看不到\n【【揭幕者们】PV-1至PV-10 摆完挂机 简单好抄】 https://www.bilibili.com/video/BV1cwSdY9EYf/?share_source=copy_web&vd_source=3fd5040fe25f6a00e19e6072bcccfa4e"
    },
    "groups": [],
    "opers": []
}