{
    "minimum_required": "v4.0.0",
    "stage_name": "act38side_10",
    "actions": [
        {
            "type": "SpeedUp"
        },
        {
            "type": "Deploy",
            "name": "塞雷娅",
            "location": [
                6,
                7
            ],
            "direction": "Left"
        },
        {
            "type": "Deploy",
            "name": "煌",
            "location": [
                8,
                6
            ],
            "direction": "Right"
        },
        {
            "type": "Deploy",
            "name": "夜莺",
            "location": [
                6,
                5
            ],
            "direction": "Right"
        },
        {
            "type": "Deploy",
            "name": "行医",
            "location": [
                5,
                5
            ],
            "direction": "Right"
        },
        {
            "type": "Deploy",
            "name": "澄闪",
            "location": [
                7,
                5
            ],
            "direction": "Left"
        },
        {
            "type": "Deploy",
            "name": "星熊",
            "location": [
                6,
                6
            ],
            "direction": "Left"
        },
        {
            "type": "Deploy",
            "name": "奶盾",
            "location": [
                6,
                4
            ],
            "direction": "Right"
        },
        {
            "type": "SkillDaemon"
        }
    ],
    "doc": {
        "title": "PV-10 - 铳响",
        "details": "作业更新日期: 2024-11-01T16:59:17Z\n统计更新日期: 2024-11-02\n好评率：98.11%  浏览量：1480\n来源：星之海.  ID：43012\n此作业全员专三且模组一级（星熊带挡4y模组！！！）\n\n烟花带上左（西＋北）和上右(东＋北），用炽燃装药\n\n原作者：自在道爷\nJSON作者：星之海.\n社区评论不会提醒，有问题可以进群找我：994516079（刚建的\n原视频：【【揭幕者们】PV-1至PV-10挂机流，刻章也不愁！语音快乐详解，轻松解放双手 | 明日方舟攻略(分p更新中)】https://www.bilibili.com/video/BV1CZSRYxEG3?vd_source=69f0b796ff8cde9e6cb9e9f9a99f8eec"
    },
    "groups": [
        {
            "name": "奶盾",
            "opers": [
                {
                    "name": "黍",
                    "skill": 1,
                    "skill_usage": 0
                },
                {
                    "name": "临光",
                    "skill": 1,
                    "skill_usage": 0
                }
            ]
        },
        {
            "name": "行医",
            "opers": [
                {
                    "name": "纯烬艾雅法拉",
                    "skill": 1,
                    "skill_usage": 0
                },
                {
                    "name": "蜜莓",
                    "skill": 1,
                    "skill_usage": 0
                }
            ]
        }
    ],
    "opers": [
        {
            "name": "塞雷娅",
            "skill": 2,
            "skill_usage": 0
        },
        {
            "name": "煌",
            "skill": 2,
            "skill_usage": 0
        },
        {
            "name": "星熊",
            "skill": 2,
            "skill_usage": 0
        },
        {
            "name": "澄闪",
            "skill": 2,
            "skill_usage": 0
        },
        {
            "name": "夜莺",
            "skill": 2,
            "skill_usage": 0
        }
    ]
}