{
    "minimum_required": "v4.0.0",
    "stage_name": "act38side_01",
    "actions": [
        {
            "type": "SpeedUp"
        },
        {
            "type": "Deploy",
            "name": "山",
            "location": [
                5,
                4
            ],
            "direction": "Left"
        },
        {
            "type": "Deploy",
            "name": "近卫",
            "location": [
                4,
                3
            ],
            "direction": "Left"
        },
        {
            "type": "SkillDaemon"
        }
    ],
    "doc": {
        "title": "PV-1 无烟花",
        "details": "作业更新日期: 2024-11-02T11:49:38Z\n统计更新日期: 2024-11-02\n好评率：97.41%  浏览量：2395\n来源：萨扌立托加  ID：42956\n没有资源的加群下资源\nJSON作者 萨扌立托加\n作业交流群群号1003478193，可蹲作业，有问题进群找萨拉托加，作业站消息没提醒看不到"
    },
    "groups": [
        {
            "name": "近卫",
            "opers": [
                {
                    "name": "煌",
                    "skill": 2,
                    "skill_usage": 0
                },
                {
                    "name": "佩佩",
                    "skill": 1,
                    "skill_usage": 0
                }
            ]
        }
    ],
    "opers": [
        {
            "name": "山",
            "skill": 2,
            "skill_usage": 2,
            "skill_times": 1
        }
    ]
}