{
    "minimum_required": "v4.0.0",
    "stage_name": "act38side_ex01",
    "actions": [
        {
            "type": "Deploy",
            "name": "桃金娘",
            "location": [
                6,
                6
            ],
            "direction": "Right"
        },
        {
            "type": "SpeedUp"
        },
        {
            "type": "Deploy",
            "name": "逻各斯",
            "location": [
                5,
                5
            ],
            "direction": "Left"
        },
        {
            "type": "Deploy",
            "name": "山",
            "location": [
                2,
                6
            ],
            "direction": "Up"
        },
        {
            "type": "Deploy",
            "name": "煌",
            "location": [
                9,
                6
            ],
            "direction": "Up"
        },
        {
            "type": "Deploy",
            "name": "中低练盾",
            "location": [
                8,
                5
            ],
            "direction": "Down"
        },
        {
            "type": "Deploy",
            "name": "塞雷娅",
            "location": [
                8,
                4
            ],
            "direction": "Down"
        },
        {
            "type": "Deploy",
            "name": "中低练盾2",
            "location": [
                9,
                3
            ],
            "direction": "Down"
        },
        {
            "type": "Deploy",
            "name": "泥岩",
            "location": [
                10,
                2
            ],
            "direction": "Down"
        },
        {
            "type": "SkillDaemon"
        }
    ],
    "doc": {
        "title": "PV-EX-1 - 零食派送",
        "details": "作业更新日期: 2024-11-08T12:36:40Z\n统计更新日期: 2024-11-09\n好评率：91.58%  浏览量：1559\n来源：秋雨镜rose  ID：43279\n【【PV-EX-1突袭】摆完挂机】 https://www.bilibili.com/video/BV1aGDZYmEeq/?share_source=copy_web&vd_source=5bf823d0ab2a421265f280060f0bb16d\n无烟花\n费用有点紧张，最好带个德卡萨斯防卡费\n测试通过，可以用了"
    },
    "groups": [
        {
            "name": "中低练盾",
            "opers": [
                {
                    "name": "蛇屠箱"
                },
                {
                    "name": "拜松"
                },
                {
                    "name": "卡缇"
                }
            ]
        },
        {
            "name": "中低练盾2",
            "opers": [
                {
                    "name": "米格鲁"
                },
                {
                    "name": "角峰"
                }
            ]
        }
    ],
    "opers": [
        {
            "name": "泥岩",
            "skill": 2,
            "skill_usage": 0
        },
        {
            "name": "山",
            "skill_times": 1,
            "skill": 2,
            "skill_usage": 2
        },
        {
            "name": "逻各斯",
            "skill": 1,
            "skill_usage": 0
        },
        {
            "name": "煌",
            "skill": 2,
            "skill_usage": 0
        },
        {
            "name": "塞雷娅",
            "skill": 2,
            "skill_usage": 0
        },
        {
            "name": "桃金娘",
            "skill": 1,
            "skill_usage": 1
        }
    ],
    "difficulty": 3
}