{
    "minimum_required": "v4.0.0",
    "stage_name": "act38side_ex04",
    "actions": [
        {
            "type": "SpeedUp"
        },
        {
            "type": "Deploy",
            "name": "桃金娘",
            "location": [
                2,
                2
            ],
            "direction": "Right"
        },
        {
            "type": "Deploy",
            "name": "银灰",
            "location": [
                5,
                2
            ],
            "direction": "Down"
        },
        {
            "type": "Deploy",
            "name": "术士",
            "location": [
                4,
                5
            ],
            "direction": "Right"
        },
        {
            "type": "Deploy",
            "name": "行医",
            "location": [
                3,
                4
            ],
            "direction": "Right"
        },
        {
            "type": "Deploy",
            "name": "星熊",
            "location": [
                5,
                5
            ],
            "direction": "Right",
            "costs": 33
        },
        {
            "type": "Deploy",
            "name": "拉普兰德",
            "location": [
                5,
                6
            ],
            "direction": "Right"
        },
        {
            "type": "Deploy",
            "name": "号角",
            "location": [
                4,
                2
            ],
            "direction": "Right",
            "costs": 51
        },
        {
            "type": "Deploy",
            "name": "夜莺",
            "location": [
                4,
                4
            ],
            "direction": "Up"
        },
        {
            "type": "SkillDaemon"
        }
    ],
    "doc": {
        "title": "PV-EX-4 - 穷街陋巷",
        "details": "作业更新日期: 2024-11-09T05:19:54Z\n统计更新日期: 2024-11-16\n好评率：94.44%  浏览量：1003\n来源：雁归夙AA  ID：43356\n注意，星熊请带挡4y模组\n此作业全员专三且模组一级，不带任何烟花\n原作者：自在道爷\nJSON作者：星之海.\n社区评论不会提醒，有问题可以进群找我：994516079（刚建的\n原视频：【【揭幕者们】PV-EX-1至PV-EX-8挂机流，突袭也不愁！语音快乐详解，轻松解放双手 | 明日方舟攻略(分p更新中)】https://www.bilibili.com/video/BV17rDZYZERZ?vd_source=69f0b796ff8cde9e6cb9e9f9a99f8eec"
    },
    "groups": [
        {
            "name": "行医",
            "opers": [
                {
                    "name": "蜜莓",
                    "skill": 1,
                    "skill_usage": 0
                },
                {
                    "name": "纯烬艾雅法拉",
                    "skill": 1,
                    "skill_usage": 0
                }
            ]
        },
        {
            "name": "术士",
            "opers": [
                {
                    "name": "澄闪",
                    "skill": 2,
                    "skill_usage": 0
                },
                {
                    "name": "艾雅法拉",
                    "skill": 2,
                    "skill_usage": 0
                }
            ]
        }
    ],
    "opers": [
        {
            "name": "拉普兰德",
            "skill": 2,
            "skill_usage": 0
        },
        {
            "name": "星熊",
            "skill": 2,
            "skill_usage": 0
        },
        {
            "name": "夜莺",
            "skill": 2,
            "skill_usage": 0
        },
        {
            "name": "银灰",
            "skill": 1,
            "skill_usage": 0
        },
        {
            "name": "号角",
            "skill": 1,
            "skill_usage": 0
        },
        {
            "name": "桃金娘",
            "skill": 1,
            "skill_usage": 1
        }
    ],
    "difficulty": 3
}