{
    "minimum_required": "v4.0.0",
    "stage_name": "act38side_ex08",
    "actions": [
        {
            "type": "Deploy",
            "name": "桃金娘",
            "location": [
                11,
                5
            ],
            "direction": "Left"
        },
        {
            "type": "Deploy",
            "name": "德克萨斯",
            "location": [
                10,
                5
            ],
            "direction": "Left"
        },
        {
            "type": "Deploy",
            "name": "纯烬艾雅法拉",
            "location": [
                6,
                7
            ],
            "direction": "Left"
        },
        {
            "type": "Deploy",
            "name": "逻各斯",
            "location": [
                3,
                6
            ],
            "direction": "Up"
        },
        {
            "type": "Deploy",
            "name": "塑心",
            "location": [
                3,
                5
            ],
            "direction": "Up"
        },
        {
            "type": "Deploy",
            "name": "蜜莓",
            "location": [
                9,
                7
            ],
            "direction": "Up"
        },
        {
            "type": "Deploy",
            "name": "夜莺",
            "location": [
                11,
                6
            ],
            "direction": "Left"
        },
        {
            "type": "Deploy",
            "name": "玛露西尔",
            "location": [
                5,
                5
            ],
            "direction": "Left"
        },
        {
            "type": "Skill",
            "name": "玛露西尔",
            "location": [
                5,
                5
            ],
            "pre_delay": 0,
            "rear_delay": 10000
        },
        {
            "type": "Deploy",
            "name": "星熊",
            "location": [
                9,
                5
            ],
            "direction": "Up"
        },
        {
            "type": "Retreat",
            "name": "桃金娘",
            "costs": 20
        },
        {
            "type": "Deploy",
            "name": "煌",
            "location": [
                4,
                5
            ],
            "direction": "Up"
        },
        {
            "type": "Retreat",
            "name": "德克萨斯",
            "costs": 20
        },
        {
            "type": "Deploy",
            "name": "棘刺",
            "location": [
                10,
                5
            ],
            "direction": "Up"
        },
        {
            "type": "SpeedUp"
        },
        {
            "type": "SkillDaemon"
        }
    ],
    "doc": {
        "title": "PV-EX-8 - 无52版 马鹿换羊 无烟花",
        "details": "作业更新日期: 2024-11-08T16:55:51Z\n统计更新日期: 2024-11-16\n好评率：93.33%  浏览量：1006\n来源：jkl未响应  ID：43320\n自用"
    },
    "groups": [],
    "opers": [
        {
            "name": "桃金娘",
            "skill": 1,
            "skill_usage": 1
        },
        {
            "name": "逻各斯",
            "skill": 1,
            "skill_usage": 0
        },
        {
            "name": "煌",
            "skill": 2,
            "skill_usage": 0
        },
        {
            "name": "星熊",
            "skill": 2,
            "skill_usage": 0
        },
        {
            "name": "德克萨斯",
            "skill": 1,
            "skill_usage": 0
        },
        {
            "name": "塑心",
            "skill": 1,
            "skill_usage": 0
        },
        {
            "name": "纯烬艾雅法拉",
            "skill": 1,
            "skill_usage": 0
        },
        {
            "name": "夜莺",
            "skill": 2,
            "skill_usage": 0
        },
        {
            "name": "棘刺",
            "skill": 3,
            "skill_usage": 1
        },
        {
            "name": "蜜莓",
            "skill": 1,
            "skill_usage": 0
        },
        {
            "name": "玛露西尔",
            "skill": 2,
            "skill_usage": 0
        }
    ],
    "difficulty": 3
}