{
    "minimum_required": "v4.0.0",
    "stage_name": "act38side_ex01",
    "actions": [
        {
            "type": "Deploy",
            "name": "德克萨斯",
            "location": [
                9,
                6
            ],
            "direction": "Right"
        },
        {
            "type": "SpeedUp"
        },
        {
            "type": "Deploy",
            "name": "煌",
            "location": [
                10,
                5
            ],
            "direction": "Up"
        },
        {
            "type": "Deploy",
            "name": "塞雷娅",
            "location": [
                2,
                6
            ],
            "direction": "Up"
        },
        {
            "type": "Deploy",
            "name": "奶盾",
            "location": [
                9,
                4
            ],
            "direction": "Right"
        },
        {
            "type": "Deploy",
            "name": "行医",
            "location": [
                5,
                5
            ],
            "direction": "Left"
        },
        {
            "type": "Deploy",
            "name": "闪灵",
            "location": [
                5,
                7
            ],
            "direction": "Left"
        },
        {
            "type": "Deploy",
            "name": "Lancet-2",
            "location": [
                4,
                6
            ],
            "direction": "Left"
        },
        {
            "type": "Deploy",
            "name": "星熊",
            "location": [
                9,
                3
            ],
            "direction": "Right"
        },
        {
            "type": "Deploy",
            "name": "收割者",
            "location": [
                10,
                2
            ],
            "direction": "Down"
        },
        {
            "type": "SkillDaemon"
        }
    ],
    "doc": {
        "title": "PV-EX-1 - 零食派送",
        "details": "作业更新日期: 2024-11-08T16:18:28Z\n统计更新日期: 2024-11-09\n好评率：99.48%  浏览量：1340\n来源：星之海.  ID：43301\n此作业全员专三且模组一级，不带任何烟花\n原作者：自在道爷\nJSON作者：星之海.\n社区评论不会提醒，有问题可以进群找我：994516079（刚建的\n原视频：【【揭幕者们】PV-EX-1至PV-EX-8挂机流，突袭也不愁！语音快乐详解，轻松解放双手 | 明日方舟攻略(分p更新中)】https://www.bilibili.com/video/BV17rDZYZERZ?vd_source=69f0b796ff8cde9e6cb9e9f9a99f8eec"
    },
    "groups": [
        {
            "name": "收割者",
            "opers": [
                {
                    "name": "羽毛笔",
                    "skill": 1,
                    "skill_usage": 0
                },
                {
                    "name": "海沫",
                    "skill": 1,
                    "skill_usage": 0
                },
                {
                    "name": "圣约送葬人",
                    "skill": 1,
                    "skill_usage": 0
                }
            ]
        },
        {
            "name": "奶盾",
            "opers": [
                {
                    "name": "黍",
                    "skill": 1,
                    "skill_usage": 0
                },
                {
                    "name": "临光",
                    "skill": 1,
                    "skill_usage": 0
                }
            ]
        },
        {
            "name": "行医",
            "opers": [
                {
                    "name": "纯烬艾雅法拉",
                    "skill": 1,
                    "skill_usage": 0
                },
                {
                    "name": "蜜莓",
                    "skill": 1,
                    "skill_usage": 0
                }
            ]
        }
    ],
    "opers": [
        {
            "name": "德克萨斯",
            "skill": 1,
            "skill_usage": 0
        },
        {
            "name": "煌",
            "skill": 2,
            "skill_usage": 0
        },
        {
            "name": "闪灵",
            "skill": 2,
            "skill_usage": 0
        },
        {
            "name": "星熊",
            "skill": 2,
            "skill_usage": 0
        },
        {
            "name": "塞雷娅",
            "skill": 1,
            "skill_usage": 0
        },
        {
            "name": "Lancet-2",
            "skill": 1,
            "skill_usage": 0
        }
    ],
    "difficulty": 3
}