{
    "minimum_required": "v4.0.0",
    "stage_name": "act38side_ex08",
    "actions": [
        {
            "type": "Deploy",
            "name": "夜莺",
            "location": [
                3,
                5
            ],
            "direction": "Right"
        },
        {
            "type": "SpeedUp"
        },
        {
            "type": "Deploy",
            "name": "幻影",
            "location": [
                5,
                6
            ],
            "direction": "None"
        },
        {
            "type": "Deploy",
            "name": "桃金娘",
            "location": [
                6,
                5
            ],
            "direction": "Up"
        },
        {
            "type": "Deploy",
            "name": "塑心",
            "location": [
                3,
                6
            ],
            "direction": "Up"
        },
        {
            "type": "Deploy",
            "name": "玛恩纳",
            "location": [
                5,
                4
            ],
            "direction": "Left"
        },
        {
            "type": "Deploy",
            "name": "煌",
            "location": [
                4,
                5
            ],
            "direction": "Up"
        },
        {
            "type": "Skill",
            "name": "玛恩纳",
            "location": [
                5,
                4
            ],
            "kills": 2
        },
        {
            "type": "Deploy",
            "name": "泥岩",
            "location": [
                11,
                4
            ],
            "direction": "Down"
        },
        {
            "type": "Deploy",
            "name": "维什戴尔",
            "location": [
                7,
                5
            ],
            "direction": "Right"
        },
        {
            "type": "Deploy",
            "name": "纯烬艾雅法拉",
            "location": [
                5,
                3
            ],
            "direction": "Down"
        },
        {
            "type": "Skill",
            "name": "玛恩纳",
            "location": [
                5,
                4
            ],
            "kills": 28
        },
        {
            "type": "Skill",
            "name": "玛恩纳",
            "location": [
                5,
                4
            ],
            "kills": 38
        }
    ],
    "doc": {
        "title": "PV-EX-8 - 狂欢之主",
        "details": "作业更新日期: 2024-11-09T09:23:32Z\n统计更新日期: 2024-11-13\n好评率：98.73%  浏览量：1507\n来源：焕彩gg  ID：43382\nPV-EX-8 - 狂欢之主"
    },
    "groups": [],
    "opers": [
        {
            "name": "纯烬艾雅法拉",
            "skill": 1,
            "skill_usage": 0
        },
        {
            "name": "夜莺",
            "skill": 2,
            "skill_usage": 0
        },
        {
            "name": "玛恩纳",
            "skill": 3,
            "skill_usage": 0
        },
        {
            "name": "维什戴尔",
            "skill": 3,
            "skill_usage": 1
        },
        {
            "name": "塑心",
            "skill": 1,
            "skill_usage": 0
        },
        {
            "name": "煌",
            "skill": 2,
            "skill_usage": 0
        },
        {
            "name": "桃金娘",
            "skill": 1,
            "skill_usage": 1
        },
        {
            "name": "泥岩",
            "skill": 2,
            "skill_usage": 0
        }
    ],
    "difficulty": 3
}