{
    "minimum_required": "v4.0.0",
    "stage_name": "act38side_ex06#f#",
    "actions": [
        {
            "type": "SpeedUp"
        },
        {
            "type": "Deploy",
            "name": "塞/黍",
            "location": [
                11,
                3
            ],
            "direction": "Down"
        },
        {
            "type": "Deploy",
            "name": "塑心",
            "location": [
                10,
                2
            ],
            "direction": "Down"
        },
        {
            "type": "Deploy",
            "name": "逻各斯",
            "location": [
                11,
                2
            ],
            "direction": "Down"
        },
        {
            "type": "Deploy",
            "name": "加奶",
            "location": [
                9,
                2
            ],
            "direction": "Right"
        }
    ],
    "doc": {
        "title": "自用：PV-EX-6 - 巡演大街 无烟花",
        "details": "作业更新日期: 2024-11-09T10:27:06Z\n统计更新日期: 2024-11-10\n好评率：100.0%  浏览量：58\n来源：白夜百合百  ID：43391\n【【揭幕者们】突袭PV-EX-6 三人三步 摆完挂机】 https://www.bilibili.com/video/BV1ZoDoYZEFY/?share_source=copy_web&vd_source=5bf823d0ab2a421265f280060f0bb16d\n朔心需要三模，奶盾练度问题已通过增加群奶解决\n测试通过"
    },
    "groups": [
        {
            "name": "塞/黍",
            "opers": [
                {
                    "name": "黍",
                    "skill": 1,
                    "skill_usage": 0
                },
                {
                    "name": "塞雷娅"
                }
            ]
        },
        {
            "name": "群奶",
            "opers": [
                {
                    "name": "白面鸮"
                },
                {
                    "name": "流明"
                }
            ]
        }
    ],
    "opers": [
        {
            "name": "塑心"
        },
        {
            "name": "逻各斯"
        }
    ],
    "difficulty": 3
}