{
    "minimum_required": "v4.0.0",
    "stage_name": "act38side_s03",
    "actions": [
        {
            "type": "SpeedUp"
        },
        {
            "type": "Deploy",
            "name": "塑心",
            "location": [
                4,
                7
            ],
            "direction": "Up"
        },
        {
            "type": "Deploy",
            "name": "障碍物",
            "location": [
                3,
                2
            ],
            "direction": "Down"
        },
        {
            "type": "Deploy",
            "name": "障碍物",
            "location": [
                3,
                4
            ],
            "direction": "Down"
        },
        {
            "type": "Deploy",
            "name": "障碍物",
            "location": [
                6,
                7
            ],
            "direction": "Down",
            "costs": 7
        },
        {
            "type": "Deploy",
            "name": "伊桑",
            "location": [
                5,
                5
            ],
            "direction": "Right"
        },
        {
            "type": "Deploy",
            "name": "归溟幽灵鲨",
            "location": [
                5,
                6
            ],
            "direction": "Right"
        },
        {
            "type": "Deploy",
            "name": "行医",
            "location": [
                2,
                6
            ],
            "direction": "Right"
        },
        {
            "type": "Deploy",
            "name": "号角",
            "location": [
                2,
                5
            ],
            "direction": "Right"
        },
        {
            "type": "Deploy",
            "name": "塞雷娅",
            "location": [
                3,
                5
            ],
            "direction": "Right"
        },
        {
            "type": "Deploy",
            "name": "障碍物",
            "location": [
                4,
                6
            ],
            "direction": "Down"
        },
        {
            "type": "Deploy",
            "name": "逻各斯",
            "location": [
                4,
                5
            ],
            "direction": "Down"
        },
        {
            "type": "Deploy",
            "name": "黍",
            "location": [
                3,
                6
            ],
            "direction": "Down"
        },
        {
            "type": "Retreat",
            "name": "归溟幽灵鲨"
        },
        {
            "type": "Deploy",
            "name": "星熊",
            "location": [
                2,
                4
            ],
            "direction": "Down"
        },
        {
            "type": "SkillDaemon"
        }
    ],
    "doc": {
        "title": "PV-S-3 - 仓皇步法(个人测试)",
        "details": "作业更新日期: 2024-11-16T07:24:37Z\n统计更新日期: 2024-11-21\n好评率：89.66%  浏览量：1039\n来源：茶里的咖啡  ID：43627\n此作业全员专三且模组一级，不带任何烟花\n原作者：自在道爷\n社区评论不会提醒，有问题可以进群找我：994516079（刚建的\n原视频：【【揭幕者们】PV-S-1至PV-S-5挂机流，突袭也不愁！语音快乐详解，轻松解放双手 | 明日方舟攻略(分p更新中)】https://www.bilibili.com/video/BV1DgmZYME7K?vd_source=69f0b796ff8cde9e6cb9e9f9a99f8eec"
    },
    "groups": [
        {
            "name": "行医",
            "opers": [
                {
                    "name": "蜜莓",
                    "skill": 1,
                    "skill_usage": 0
                },
                {
                    "name": "纯烬艾雅法拉",
                    "skill": 1,
                    "skill_usage": 0
                }
            ]
        }
    ],
    "opers": [
        {
            "name": "塑心",
            "skill": 1,
            "skill_usage": 0
        },
        {
            "name": "号角",
            "skill": 1,
            "skill_usage": 0
        },
        {
            "name": "塞雷娅",
            "skill": 2,
            "skill_usage": 0
        },
        {
            "name": "归溟幽灵鲨",
            "skill": 2,
            "skill_usage": 1
        },
        {
            "name": "伊桑",
            "skill": 2,
            "skill_usage": 1
        },
        {
            "name": "逻各斯",
            "skill": 1,
            "skill_usage": 0
        },
        {
            "name": "星熊",
            "skill": 2,
            "skill_usage": 0
        },
        {
            "name": "黍",
            "skill": 3,
            "skill_usage": 1
        }
    ],
    "difficulty": 3
}