{
    "minimum_required": "v4.0.0",
    "stage_name": "act38side_s05",
    "actions": [
        {
            "type": "Deploy",
            "name": "桃金娘",
            "location": [
                11,
                5
            ],
            "direction": "Left"
        },
        {
            "type": "Deploy",
            "name": "德克萨斯",
            "location": [
                11,
                4
            ],
            "direction": "Left"
        },
        {
            "type": "SpeedUp"
        },
        {
            "type": "Deploy",
            "name": "纯烬艾雅法拉",
            "location": [
                9,
                3
            ],
            "direction": "Left"
        },
        {
            "type": "Deploy",
            "name": "临光",
            "location": [
                9,
                2
            ],
            "direction": "Left"
        },
        {
            "type": "Deploy",
            "name": "塑心",
            "location": [
                6,
                4
            ],
            "direction": "Down",
            "costs": 75
        },
        {
            "type": "Deploy",
            "name": "蜜莓",
            "location": [
                8,
                6
            ],
            "direction": "Up"
        },
        {
            "type": "Deploy",
            "name": "逻各斯",
            "location": [
                8,
                3
            ],
            "direction": "Left"
        },
        {
            "type": "Deploy",
            "name": "乌尔比安",
            "location": [
                7,
                6
            ],
            "direction": "Down"
        },
        {
            "type": "Retreat",
            "name": "桃金娘",
            "costs": 27
        },
        {
            "type": "Deploy",
            "name": "黍",
            "location": [
                7,
                5
            ],
            "direction": "Down"
        },
        {
            "type": "Retreat",
            "name": "德克萨斯",
            "costs": 35
        },
        {
            "type": "Deploy",
            "name": "伊内丝",
            "location": [
                7,
                4
            ],
            "direction": "Left"
        },
        {
            "type": "Deploy",
            "name": "重装",
            "location": [
                7,
                4
            ],
            "direction": "Left"
        },
        {
            "type": "Retreat",
            "name": "塑心",
            "kills": 54
        },
        {
            "type": "Deploy",
            "name": "塑心",
            "location": [
                10,
                3
            ],
            "direction": "Up"
        },
        {
            "type": "SkillDaemon"
        }
    ],
    "doc": {
        "title": "PV-S-5 - 荒芜谢幕（注意看介绍！！！",
        "details": "作业更新日期: 2024-11-16T21:48:39Z\n统计更新日期: 2024-11-19\n好评率：93.33%  浏览量：1786\n来源：星之海.  ID：43685\n烟花带怠惰装药，上和左各两格，下方T形四格，左一竖五格\n\n如果没有伊内丝的话，可以用模组雷蛇代替，有模组雷蛇的话可以不用伊内丝（自行手动编队一下吧\n\n因为突袭比普通多两只怪，练度不同导致不太好调整普通难度撤塑心的时机，所以普通难度到最后只剩一只怪的时候需要手动撤一下塑心，然后摆在纯烬艾雅法拉右边\n\n此作业全员专三且模组一级\n原作者：自在道爷\nJSON作者：星之海.\n社区评论不会提醒，有问题可以进群找我：994516079（刚建的\n原视频：【【揭幕者们】PV-S-1至PV-S-5挂机流，突袭也不愁！语音快乐详解，轻松解放双手 | 明日方舟攻略(分p更新中)】https://www.bilibili.com/video/BV1DgmZYME7K?vd_source=69f0b796ff8cde9e6cb9e9f9a99f8eec"
    },
    "groups": [
        {
            "name": "重装",
            "opers": [
                {
                    "name": "雷蛇",
                    "skill": 1,
                    "skill_usage": 0
                },
                {
                    "name": "星熊",
                    "skill": 2,
                    "skill_usage": 0
                },
                {
                    "name": "塞雷娅",
                    "skill": 1,
                    "skill_usage": 0
                },
                {
                    "name": "瑕光",
                    "skill": 1,
                    "skill_usage": 0
                }
            ]
        }
    ],
    "opers": [
        {
            "name": "桃金娘",
            "skill": 1,
            "skill_usage": 1
        },
        {
            "name": "德克萨斯",
            "skill": 1,
            "skill_usage": 0
        },
        {
            "name": "乌尔比安",
            "skill": 2,
            "skill_usage": 0
        },
        {
            "name": "临光",
            "skill": 1,
            "skill_usage": 0
        },
        {
            "name": "黍",
            "skill": 1,
            "skill_usage": 0
        },
        {
            "name": "逻各斯",
            "skill": 1,
            "skill_usage": 0
        },
        {
            "name": "纯烬艾雅法拉",
            "skill": 1,
            "skill_usage": 0
        },
        {
            "name": "蜜莓",
            "skill": 1,
            "skill_usage": 0
        },
        {
            "name": "塑心",
            "skill": 1,
            "skill_usage": 0
        },
        {
            "name": "伊内丝",
            "skill": 3,
            "skill_usage": 0
        }
    ],
    "difficulty": 3
}