{
    "minimum_required": "v4.0.0",
    "stage_name": "act38side_s05",
    "actions": [
        {
            "type": "Deploy",
            "name": "桃金娘",
            "location": [
                11,
                7
            ],
            "direction": "Left"
        },
        {
            "type": "SpeedUp"
        },
        {
            "type": "Deploy",
            "name": "纯烬艾雅法拉",
            "location": [
                9,
                3
            ],
            "kills": 0,
            "costs": 38,
            "direction": "Left"
        },
        {
            "type": "Deploy",
            "name": "塞雷娅",
            "location": [
                9,
                2
            ],
            "direction": "Up"
        },
        {
            "type": "Deploy",
            "name": "逻各斯",
            "location": [
                8,
                3
            ],
            "direction": "Left"
        },
        {
            "type": "Deploy",
            "name": "风笛",
            "location": [
                11,
                4
            ],
            "direction": "Left"
        },
        {
            "type": "Deploy",
            "name": "砾",
            "location": [
                11,
                5
            ],
            "direction": "Left"
        },
        {
            "type": "Deploy",
            "name": "塑心",
            "location": [
                6,
                4
            ],
            "direction": "Down",
            "kills": 0,
            "costs": 40
        },
        {
            "type": "Deploy",
            "name": "黍",
            "location": [
                7,
                4
            ],
            "direction": "Down"
        },
        {
            "type": "Deploy",
            "name": "煌",
            "location": [
                7,
                5
            ],
            "direction": "Down"
        },
        {
            "type": "Retreat",
            "name": "风笛",
            "location": [
                11,
                4
            ]
        },
        {
            "type": "Deploy",
            "name": "玛恩纳",
            "location": [
                6,
                3
            ],
            "direction": "Right"
        },
        {
            "type": "Retreat",
            "name": "桃金娘",
            "location": [
                11,
                7
            ]
        },
        {
            "type": "Deploy",
            "name": "艾雅法拉",
            "location": [
                10,
                3
            ],
            "direction": "Up"
        },
        {
            "type": "Deploy",
            "name": "塑心",
            "location": [
                6,
                4
            ],
            "direction": "Down",
            "kills": 0,
            "cooling": 0,
            "costs": 0
        },
        {
            "type": "SkillDaemon"
        }
    ],
    "doc": {
        "title": "PV-S-5 - 荒芜谢幕 有烟花要求（炽燃）",
        "details": "作业更新日期: 2024-11-16T12:53:52Z\n统计更新日期: 2024-11-19\n好评率：87.18%  浏览量：2134\n来源：.02.  ID：43629\n\n烟花范围参考\n⬛⬛⬛🟥⬛⬛⬛\n\n⬛⬛🟥🟥🟥⬛⬛\n\n⬛🟥🟥⬛🟥⬛⬛\n\n🟥🟥⬛🎇⬛⬛⬛\n\n⬛🟥🟥⬛⬛⬛⬛\n\n⬛⬛🟥🟥🟥⬛⬛\n\n⬛⬛⬛🟥⬛⬛⬛\n参考文献：浅歌何以相予 \n【[揭幕者们]  PV-S-5 突袭  摆完挂机 简单好抄 |浅予】 https://www.bilibili.com/video/BV18ZUwYQE39/?share_source=copy_web&vd_source=aa93779e2d710770ece2e440551218df"
    },
    "groups": [],
    "opers": [
        {
            "name": "纯烬艾雅法拉",
            "skill": 1,
            "skill_usage": 0
        },
        {
            "name": "煌",
            "skill": 2,
            "skill_usage": 0
        },
        {
            "name": "玛恩纳",
            "skill": 3,
            "skill_usage": 1
        },
        {
            "name": "塑心",
            "skill": 1,
            "skill_usage": 0
        },
        {
            "name": "黍",
            "skill": 3,
            "skill_usage": 1
        },
        {
            "name": "塞雷娅",
            "skill": 1,
            "skill_usage": 0
        },
        {
            "name": "逻各斯",
            "skill": 1,
            "skill_usage": 0
        },
        {
            "skill_times": 4,
            "name": "桃金娘",
            "skill": 1,
            "skill_usage": 2
        },
        {
            "name": "德克萨斯",
            "skill": 1,
            "skill_usage": 0
        },
        {
            "name": "风笛",
            "skill": 2,
            "skill_usage": 0
        },
        {
            "name": "艾雅法拉",
            "skill": 2,
            "skill_usage": 0
        },
        {
            "name": "砾",
            "skill": 2,
            "skill_usage": 0
        }
    ],
    "difficulty": 3
}