{
    "minimum_required": "v4.0.0",
    "stage_name": "act38side_s03",
    "actions": [
        {
            "type": "SpeedUp"
        },
        {
            "type": "Deploy",
            "name": "塑心",
            "location": [
                4,
                7
            ],
            "direction": "Up"
        },
        {
            "type": "Deploy",
            "name": "逻各斯",
            "location": [
                2,
                6
            ],
            "direction": "Right"
        },
        {
            "type": "Deploy",
            "name": "塞雷娅",
            "location": [
                3,
                6
            ],
            "direction": "Right"
        },
        {
            "type": "Deploy",
            "name": "障碍物",
            "location": [
                3,
                4
            ],
            "direction": "None"
        },
        {
            "type": "Deploy",
            "name": "障碍物",
            "location": [
                2,
                3
            ],
            "direction": "None"
        },
        {
            "type": "Deploy",
            "name": "障碍物",
            "location": [
                6,
                7
            ],
            "direction": "None"
        },
        {
            "type": "Deploy",
            "name": "障碍物",
            "location": [
                4,
                6
            ],
            "direction": "None"
        },
        {
            "type": "Deploy",
            "name": "铃兰",
            "location": [
                4,
                5
            ],
            "direction": "Down"
        },
        {
            "type": "Deploy",
            "name": "元素奶",
            "location": [
                3,
                3
            ],
            "direction": "Down"
        },
        {
            "type": "Deploy",
            "name": "地刺",
            "location": [
                5,
                7
            ],
            "direction": "Up"
        },
        {
            "type": "Deploy",
            "name": "障碍物",
            "location": [
                6,
                5
            ],
            "direction": "None"
        },
        {
            "type": "Deploy",
            "name": "挡四盾",
            "location": [
                2,
                5
            ],
            "direction": "Right"
        },
        {
            "type": "SkillDaemon"
        }
    ],
    "doc": {
        "title": "PV-S-3 - 仓皇步法 无烟花",
        "details": "作业更新日期: 2024-11-17T04:13:01Z\n统计更新日期: 2024-11-20\n好评率：91.67%  浏览量：1193\n来源：雨是余情  ID：43676\n烟花拆掉\n如果暴毙了可以在星熊右边再放一个奶盾\n原作者：浅歌何以相予\nhttps://www.bilibili.com/video/BV1mVmZYKEUW/?spm_id_from=333.1007.top_right_bar_window_history.content.click&vd_source=3743ab50b43ccb7609492af9fbd9bcaf\n有bug可以b站去搜\"雨是余情“私信我\n"
    },
    "groups": [
        {
            "name": "元素奶",
            "opers": [
                {
                    "name": "蜜莓",
                    "skill": 1,
                    "skill_usage": 0
                },
                {
                    "name": "纯烬艾雅法拉",
                    "skill": 1,
                    "skill_usage": 0
                }
            ]
        },
        {
            "name": "挡四盾",
            "opers": [
                {
                    "name": "星熊",
                    "skill": 2,
                    "skill_usage": 0
                },
                {
                    "name": "年",
                    "skill": 2,
                    "skill_usage": 0
                }
            ]
        },
        {
            "name": "地刺",
            "opers": [
                {
                    "name": "狮蝎",
                    "skill": 1,
                    "skill_usage": 0
                },
                {
                    "name": "阿斯卡纶",
                    "skill": 1,
                    "skill_usage": 0
                }
            ]
        }
    ],
    "opers": [
        {
            "name": "塞雷娅",
            "skill": 2,
            "skill_usage": 0
        },
        {
            "name": "铃兰",
            "skill": 2,
            "skill_usage": 0
        },
        {
            "name": "逻各斯",
            "skill": 1,
            "skill_usage": 0
        },
        {
            "name": "塑心",
            "skill": 1,
            "skill_usage": 0
        }
    ],
    "difficulty": 3
}