{
    "actions": [
        {
            "type": "二倍速"
        },
        {
            "type": "部署",
            "name": "煌",
            "location": [
                8,
                1
            ],
            "direction": "下"
        },
        {
            "type": "部署",
            "name": "塞雷娅",
            "location": [
                9,
                3
            ],
            "direction": "左"
        },
        {
            "type": "打印",
            "doc": "□□□■■■□□□□□■■□□□□□■■■■■□□□□□□□□□□□ \n□□■□□□□□□□■□□■□□□□□□■□□□□□■□□□□□□□ \n□□□■■■□□□□□■■□■■□□□□■□□□■■■■□□□□□□ \n□□□□□□□□□□□□□□□□□□□□□□□■■■■■■□□□□□ \n■■□□□□□□□□□□□□□□□□□□□□■■■■■■■■□□□□ \n■■■■□□□□□□□□□□□□□□□□□■■■■■■■■■□□□□ \n■■■■■■■■■□□□□□□□□■■■■■■■■■■■■■■□□□ \n□■■■■■■■■■■■■■■■■■■■■■■■■■■■■■■□□□ \n□□■■■■■■■■■■■■■■■■■■■■■■■■■■■■■■■□ \n□□□■■■■■■■■■■□□□□■■■■■□□□□□□■■■■■□ \n□□□□■■■■■■■■□□■■□□■■■■□□■■□□■■■■■■ \n□□□□□■■■■■■■□□■■□□■■■■■□□□□■■■■■■■ \n□□□□□□■■■■■■■□□□□■■■■■■■■■■■■■■■■■ \n□□□□□□□■■■■■■■■■■■■■■■■■■■■■■■■■■■ \n□□□□□□□□■■■■■■■■■■■■■■■■■■■■■■■■■■ \n□□□□□□□□□□□■■■■■■■■■■■■■■■■■■■■■■■"
        }
    ],
    "stage_name": "DH-2",
    "opers": [
        {
            "name": "煌",
            "skill": 2
        },
        {
            "name": "塞雷娅",
            "skill": 2
        }
    ],
    "doc": {
        "title": "挂机作业，高练度要求",
        "details": "萧然作业链接：https://www.bilibili.com/video/BV1RQ4y1f7Qr"
    }
}