{
    "actions": [
        {
            "type": "二倍速",
            "name": ""
        },
        {
            "type": "部署",
            "name": "山",
            "location": [
                3,
                3
            ],
            "direction": "下"
        },
        {
            "type": "部署",
            "name": "煌",
            "location": [
                5,
                5
            ],
            "direction": "上"
        },
        {
            "type": "部署",
            "name": "安赛尔",
            "location": [
                7,
                4
            ],
            "direction": "左"
        },
        {
            "type": "摆完挂机"
        }
    ],
    "minimum_required": "v4.0",
    "doc": {
        "title": "山精一即可，煌精一即可",
        "details": ""
    },
    "stage_name": "act12side_02",
    "opers": [
        {
            "name": "煌",
            "skill": 2,
            "skill_usage": 0
        },
        {
            "name": "山",
            "skill": 2,
            "skill_usage": 2
        },
        {
            "name": "安赛尔",
            "skill": 1
        }
    ],
    "groups": []
}