{
    "minimum_required": "v4.0",
    "doc": {
        "title": "高练",
        "details": "https://www.bilibili.com/video/av717046234/"
    },
    "stage_name": "act12side_05",
    "opers": [
        {
            "name": "棘刺",
            "skill": 3,
            "skill_usage": 1
        },
        {
            "name": "推进之王",
            "skill": 2,
            "skill_usage": 0
        },
        {
            "name": "塞雷娅",
            "skill": 2,
            "skill_usage": 0
        },
        {
            "name": "煌",
            "skill": 2,
            "skill_usage": 0
        }
    ],
    "actions": [
        {
            "type": "二倍速",
            "name": ""
        },
        {
            "type": "部署",
            "name": "推进之王",
            "location": [
                5,
                4
            ],
            "direction": "左"
        },
        {
            "type": "部署",
            "name": "塞雷娅",
            "location": [
                6,
                4
            ],
            "direction": "右"
        },
        {
            "type": "部署",
            "name": "棘刺",
            "location": [
                4,
                6
            ],
            "direction": "上"
        },
        {
            "type": "部署",
            "name": "煌",
            "location": [
                7,
                6
            ],
            "direction": "上"
        },
        {
            "type": "摆完挂机",
            "name": ""
        }
    ]
}