{
    "minimum_required": "v4.0",
    "doc": {
        "title": "高练警告！！！\n推王可替（只要不漏就行），塞爹可替任意盾（不是奶盾多带个奶就行了），小羊可替任意伤害较高的玩意（比如批脸陈）",
        "details": "https://www.bilibili.com/video/av419546193"
    },
    "stage_name": "act12side_06",
    "opers": [
        {
            "name": "推进之王",
            "skill": 2,
            "skill_usage": 0
        },
        {
            "name": "塞雷娅",
            "skill": 2,
            "skill_usage": 0
        },
        {
            "name": "艾雅法拉",
            "skill": 2,
            "skill_usage": 0
        },
        {
            "name": "伊芙利特",
            "skill": 2,
            "skill_usage": 0
        }
    ],
    "actions": [
        {
            "type": "二倍速",
            "name": ""
        },
        {
            "type": "部署",
            "name": "推进之王",
            "location": [
                1,
                2
            ],
            "direction": "下"
        },
        {
            "type": "部署",
            "name": "特制水上平台",
            "location": [
                6,
                5
            ]
        },
        {
            "type": "部署",
            "name": "伊芙利特",
            "location": [
                6,
                5
            ],
            "direction": "左"
        },
        {
            "type": "部署",
            "name": "特制水上平台",
            "location": [
                8,
                2
            ]
        },
        {
            "type": "部署",
            "name": "特制水上平台",
            "location": [
                7,
                1
            ]
        },
        {
            "type": "部署",
            "name": "塞雷娅",
            "location": [
                8,
                2
            ],
            "direction": "右"
        },
        {
            "type": "部署",
            "name": "艾雅法拉",
            "location": [
                7,
                1
            ],
            "direction": "右"
        },
        {
            "type": "摆完挂机",
            "name": ""
        }
    ]
}