{
    "minimum_required": "v4.0",
    "doc": {
        "title": "慕斯精一60即可",
        "details": "https://www.bilibili.com/video/av717080422"
    },
    "stage_name": "act12side_06",
    "opers": [
        {
            "name": "推进之王",
            "skill": 2,
            "skill_usage": 0
        },
        {
            "name": "能天使",
            "skill": 3,
            "skill_usage": 0
        },
        {
            "name": "艾雅法拉",
            "skill": 2,
            "skill_usage": 0
        },
        {
            "name": "慕斯",
            "skill": 2,
            "skill_usage": 0
        }
    ],
    "actions": [
        {
            "type": "二倍速",
            "name": ""
        },
        {
            "type": "部署",
            "name": "推进之王",
            "location": [
                1,
                3
            ],
            "direction": "下"
        },
        {
            "type": "部署",
            "name": "能天使",
            "location": [
                4,
                4
            ],
            "direction": "左"
        },
        {
            "type": "部署",
            "name": "特制水上平台",
            "location": [
                7,
                1
            ]
        },
        {
            "type": "部署",
            "name": "特制水上平台",
            "location": [
                6,
                1
            ]
        },
        {
            "type": "部署",
            "name": "艾雅法拉",
            "location": [
                6,
                1
            ],
            "direction": "右"
        },
        {
            "type": "部署",
            "name": "慕斯",
            "location": [
                7,
                1
            ],
            "direction": "右"
        },
        {
            "type": "摆完挂机",
            "name": ""
        }
    ]
}