{
    "minimum_required": "v4.0",
    "doc": {
        "title": "DH-6",
        "details": "推荐练度精二60专3\n为黄金大队懒人挂机攻略\n参考b站up主萧然Q的视频"
    },
    "stage_name": "act12side_06",
    "opers": [
        {
            "name": "推进之王",
            "skill": 2,
            "skill_usage": 1
        },
        {
            "name": "艾雅法拉",
            "skill": 2,
            "skill_usage": 0
        },
        {
            "name": "塞雷娅",
            "skill": 2,
            "skill_usage": 0
        }
    ],
    "actions": [
        {
            "type": "二倍速",
            "name": ""
        },
        {
            "type": "部署",
            "name": "推进之王",
            "location": [
                1,
                4
            ],
            "direction": "下"
        },
        {
            "type": "部署",
            "name": "特制水上平台",
            "location": [
                8,
                3
            ],
            "direction": "无"
        },
        {
            "type": "部署",
            "name": "特制水上平台",
            "location": [
                8,
                1
            ],
            "direction": "无"
        },
        {
            "type": "部署",
            "name": "艾雅法拉",
            "location": [
                8,
                3
            ],
            "direction": "上"
        },
        {
            "type": "部署",
            "name": "塞雷娅",
            "location": [
                8,
                1
            ],
            "direction": "下"
        },
        {
            "type": "部署",
            "name": "特制水上平台",
            "location": [
                7,
                3
            ],
            "direction": "无"
        }
    ]
}