{
    "actions": [
        {
            "type": "二倍速"
        },
        {
            "type": "部署",
            "name": "煌",
            "location": [
                6,
                6
            ],
            "direction": "上"
        },
        {
            "type": "部署",
            "name": "特制水上平台",
            "location": [
                7,
                4
            ]
        },
        {
            "type": "部署",
            "name": "塞雷娅",
            "location": [
                7,
                4
            ],
            "direction": "左"
        },
        {
            "type": "部署",
            "name": "艾雅法拉",
            "location": [
                5,
                5
            ],
            "direction": "右"
        },
        {
            "type": "打印",
            "doc": "□□□■■■□□□□□■■□□□□□■■■■■□□□□□□□□□□□ \n□□■□□□□□□□■□□■□□□□□□■□□□□□■□□□□□□□ \n□□□■■■□□□□□■■□■■□□□□■□□□■■■■□□□□□□ \n□□□□□□□□□□□□□□□□□□□□□□□■■■■■■□□□□□ \n■■□□□□□□□□□□□□□□□□□□□□■■■■■■■■□□□□ \n■■■■□□□□□□□□□□□□□□□□□■■■■■■■■■□□□□ \n■■■■■■■■■□□□□□□□□■■■■■■■■■■■■■■□□□ \n□■■■■■■■■■■■■■■■■■■■■■■■■■■■■■■□□□ \n□□■■■■■■■■■■■■■■■■■■■■■■■■■■■■■■■□ \n□□□■■■■■■■■■■□□□□■■■■■□□□□□□■■■■■□ \n□□□□■■■■■■■■□□■■□□■■■■□□■■□□■■■■■■ \n□□□□□■■■■■■■□□■■□□■■■■■□□□□■■■■■■■ \n□□□□□□■■■■■■■□□□□■■■■■■■■■■■■■■■■■ \n□□□□□□□■■■■■■■■■■■■■■■■■■■■■■■■■■■ \n□□□□□□□□■■■■■■■■■■■■■■■■■■■■■■■■■■ \n□□□□□□□□□□□■■■■■■■■■■■■■■■■■■■■■■■"
        }
    ],
    "stage_name": "DH-7",
    "opers": [
        {
            "name": "艾雅法拉",
            "skill": 2
        },
        {
            "name": "塞雷娅",
            "skill": 2
        },
        {
            "name": "煌",
            "skill": 2
        }
    ],
    "doc": {
        "title": "挂机作业，高练度要求",
        "details": "萧然作业链接：https://www.bilibili.com/video/BV1RQ4y1f7Qr"
    }
}