{
    "minimum_required": "v4.0",
    "doc": {
        "title": "DH-9",
        "details": "推荐练度精二60专3\n为黄金大队懒人挂机攻略\n参考b站up主萧然Q的视频"
    },
    "stage_name": "act12side_09",
    "opers": [
        {
            "name": "艾雅法拉",
            "skill": 3,
            "skill_usage": 0
        },
        {
            "name": "棘刺",
            "skill": 3,
            "skill_usage": 1
        },
        {
            "name": "塞雷娅",
            "skill": 1,
            "skill_usage": 0
        },
        {
            "name": "闪灵",
            "skill": 2,
            "skill_usage": 0
        },
        {
            "name": "华法琳",
            "skill": 1,
            "skill_usage": 0
        }
    ],
    "actions": [
        {
            "type": "二倍速",
            "name": ""
        },
        {
            "type": "部署",
            "name": "棘刺",
            "location": [
                10,
                4
            ],
            "direction": "左"
        },
        {
            "type": "部署",
            "name": "塞雷娅",
            "location": [
                10,
                5
            ],
            "direction": "左"
        },
        {
            "type": "部署",
            "name": "闪灵",
            "location": [
                10,
                2
            ],
            "direction": "下"
        },
        {
            "type": "部署",
            "name": "特制水上平台",
            "location": [
                3,
                4
            ],
            "direction": "无"
        },
        {
            "type": "部署",
            "name": "特制水上平台",
            "location": [
                5,
                5
            ],
            "direction": "无"
        },
        {
            "type": "部署",
            "kills": 3,
            "name": "艾雅法拉",
            "location": [
                3,
                4
            ],
            "direction": "下"
        },
        {
            "type": "部署",
            "name": "华法琳",
            "location": [
                5,
                5
            ],
            "direction": "左"
        },
        {
            "type": "技能",
            "kills": 5,
            "name": "艾雅法拉"
        },
        {
            "type": "摆完挂机",
            "name": ""
        }
    ]
}