{
    "minimum_required": "v4.0",
    "doc": {
        "title": "DH-EX-7",
        "details": "推荐练度精二60专3\n为黄金大队懒人挂机攻略\n参考b站up主萧然Q的视频\n收藏品：多索雷斯游客章；\n               道格牌工业密封胶；\n               沙兹专业镀膜装置；\n               马可伯伯仙人掌饼；\n               大帽子老哥卷饼；"
    },
    "stage_name": "act12side_ex07",
    "opers": [
        {
            "name": "塞雷娅",
            "skill": 1,
            "skill_usage": 0
        },
        {
            "name": "史尔特尔",
            "skill": 3,
            "skill_usage": 1
        },
        {
            "name": "煌",
            "skill": 2,
            "skill_usage": 0
        }
    ],
    "actions": [
        {
            "type": "二倍速",
            "name": ""
        },
        {
            "type": "部署",
            "name": "塞雷娅",
            "location": [
                10,
                4
            ],
            "direction": "左"
        },
        {
            "type": "部署",
            "name": "煌",
            "location": [
                9,
                5
            ],
            "direction": "上"
        },
        {
            "type": "部署",
            "name": "特制水上平台",
            "location": [
                5,
                6
            ],
            "direction": "无"
        },
        {
            "type": "部署",
            "name": "史尔特尔",
            "location": [
                5,
                6
            ],
            "direction": "上"
        },
        {
            "type": "撤退",
            "kills": 15,
            "name": "史尔特尔"
        },
        {
            "type": "部署",
            "name": "特制水上平台",
            "location": [
                5,
                3
            ],
            "direction": "无"
        },
        {
            "type": "部署",
            "kills": 33,
            "name": "史尔特尔",
            "location": [
                5,
                3
            ],
            "direction": "左"
        },
        {
            "type": "摆完挂机",
            "name": ""
        }
    ]
}