{
    "minimum_required": "v4.0",
    "doc": {
        "title": "",
        "details": "贴片：\n瓦伦提亚卡瓦酒\n安东陈年龙舌兰\n道格牌工业密封胶\n马克伯伯仙人掌饼\n大帽子老哥卷饼"
    },
    "stage_name": "DH-MO-1",
    "opers": [
        {
            "name": "煌",
            "skill": 2,
            "skill_usage": 0
        },
        {
            "name": "棘刺",
            "skill": 3,
            "skill_usage": 1
        },
        {
            "name": "塞雷娅",
            "skill": 1,
            "skill_usage": 0
        },
        {
            "name": "星熊",
            "skill": 2,
            "skill_usage": 0
        },
        {
            "name": "艾雅法拉",
            "skill": 2,
            "skill_usage": 0
        },
        {
            "name": "伊芙利特",
            "skill": 2,
            "skill_usage": 0
        },
        {
            "name": "闪灵",
            "skill": 2,
            "skill_usage": 0
        },
        {
            "name": "蜜莓",
            "skill": 1,
            "skill_usage": 0
        },
        {
            "name": "山",
            "skill": 2,
            "skill_usage": 2
        },
        {
            "name": "临光",
            "skill": 1,
            "skill_usage": 0
        },
        {
            "name": "桃金娘",
            "skill": 1,
            "skill_usage": 1
        }
    ],
    "actions": [
        {
            "type": "二倍速",
            "name": ""
        },
        {
            "type": "部署",
            "name": "桃金娘",
            "location": [
                1,
                6
            ],
            "direction": "下"
        },
        {
            "type": "部署",
            "name": "棘刺",
            "location": [
                3,
                4
            ],
            "direction": "右"
        },
        {
            "type": "部署",
            "name": "蜜莓",
            "location": [
                2,
                3
            ],
            "direction": "右"
        },
        {
            "type": "部署",
            "name": "山",
            "location": [
                2,
                4
            ],
            "direction": "右"
        },
        {
            "type": "部署",
            "name": "艾雅法拉",
            "location": [
                3,
                2
            ],
            "direction": "右"
        },
        {
            "type": "部署",
            "kills": 24,
            "name": "煌",
            "location": [
                4,
                1
            ],
            "direction": "右"
        },
        {
            "type": "部署",
            "name": "伊芙利特",
            "location": [
                2,
                5
            ],
            "direction": "右"
        },
        {
            "type": "部署",
            "name": "泥岩",
            "location": [
                4,
                5
            ],
            "direction": "右"
        },
        {
            "type": "部署",
            "name": "闪灵",
            "location": [
                1,
                1
            ],
            "direction": "右"
        },
        {
            "type": "部署",
            "kills": 102,
            "name": "塞雷娅",
            "location": [
                4,
                3
            ],
            "direction": "右"
        },
        {
            "type": "撤退",
            "cost_changes": 20,
            "name": "桃金娘"
        },
        {
            "type": "部署",
            "name": "临光",
            "location": [
                1,
                6
            ],
            "direction": "下"
        }
    ]
}