{
    "actions": [
        {
            "type": "打印",
            "doc": "代理有问题请群里@碎蜂",
            "doc_color": "#FF0000"
        },
        {
            "type": "打印",
            "doc": "不要忘记核对配置方案！",
            "doc_color": "#008000"
        },
        {
            "type": "二倍速"
        },
        {
            "type": "部署",
            "name": "拉普兰德",
            "location": [
                9,
                6
            ],
            "direction": "上"
        },
        {
            "type": "部署",
            "name": "塞雷娅",
            "location": [
                9,
                5
            ],
            "direction": "上"
        },
        {
            "type": "部署",
            "name": "山",
            "location": [
                5,
                6
            ],
            "direction": "左"
        },
        {
            "type": "部署",
            "name": "防水蚀镀膜装置",
            "location": [
                10,
                6
            ],
            "direction": "左"
        },
        {
            "type": "部署",
            "name": "防水蚀镀膜装置",
            "location": [
                10,
                5
            ],
            "direction": "左"
        },
        {
            "type": "部署",
            "name": "防水蚀镀膜装置",
            "location": [
                6,
                6
            ],
            "direction": "左"
        },
        {
            "type": "部署",
            "kills": 25,
            "name": "泥岩",
            "location": [
                9,
                4
            ],
            "direction": "上",
            "pre_delay": 2000
        },
        {
            "type": "部署",
            "name": "史尔特尔",
            "location": [
                10,
                3
            ],
            "direction": "左"
        },
        {
            "type": "摆完挂机"
        }
    ],
    "stage_name": "act12side_s02",
    "doc": {
        "title": "DH-S-2",
        "details": "大帽子老哥卷饼，马克伯伯仙人掌饼，沙兹专业镀膜装置，瓦伦提亚卡瓦酒，费铎纯生"
    },
    "opers": [
        {
            "name": "山",
            "skill": 2,
            "skill_usage": 2
        },
        {
            "name": "泥岩",
            "skill": 2
        },
        {
            "name": "史尔特尔",
            "skill": 1
        },
        {
            "name": "拉普兰德",
            "skill": 2
        },
        {
            "name": "塞雷娅",
            "skill": 1
        }
    ]
}