{
    "stage_name": "mem_whitw2_1",
    "minimum_required": "v4.0.0",
    "doc": {
        "title": "术师 - 荒芜拉普兰德 - 玩家",
        "details": "——————————\n作业更新日期: 2025-09-11T07:22:54Z\n统计更新日期: 2025-09-15\n相对评分：100.0%  相对热度：100.0%\n来源：WUYE  ID：67231\n——————————\n 荒芜拉普兰德60级专三三级模组，好感度大于100"
    },
    "opers": [
        {
            "name": "荒芜拉普兰德",
            "skill": 3,
            "skill_usage": 0,
            "requirements": {
                "module": 1
            }
        },
        {
            "name": "忍冬",
            "skill": 3,
            "skill_usage": 0
        }
    ],
    "groups": [],
    "actions": [
        {
            "name": "忍冬",
            "location": [
                5,
                3
            ],
            "direction": "Right",
            "type": "Deploy",
            "kills": 0
        },
        {
            "type": "Skill",
            "name": "忍冬",
            "location": [
                5,
                3
            ],
            "kills": 1
        },
        {
            "name": "荒芜拉普兰德",
            "location": [
                3,
                3
            ],
            "direction": "Right",
            "type": "Deploy"
        },
        {
            "type": "SpeedUp"
        },
        {
            "type": "Skill",
            "name": "荒芜拉普兰德",
            "location": [
                3,
                3
            ],
            "kills": 7
        },
        {
            "type": "Skill",
            "kills": 24,
            "name": "忍冬",
            "location": [
                5,
                3
            ],
            "rear_delay": 200
        },
        {
            "type": "Skill",
            "name": "荒芜拉普兰德",
            "location": [
                3,
                3
            ],
            "kills": 25,
            "pre_delay": 0
        },
        {
            "type": "Skill",
            "name": "忍冬",
            "location": [
                5,
                3
            ],
            "kills": 27
        }
    ],
    "version": 3
}