{
    "minimum_required": "v4.0.0",
    "stage_name": "mem_blkngt_1",
    "actions": [
        {
            "type": "Deploy",
            "name": "夜半",
            "location": [
                4,
                4
            ],
            "direction": "Left"
        },
        {
            "type": "SpeedUp"
        },
        {
            "type": "Skill",
            "name": "夜半",
            "pre_delay": 4100
        },
        {
            "type": "Skill",
            "name": "夜半",
            "pre_delay": 7800
        },
        {
            "type": "Deploy",
            "name": "眠兽",
            "location": [
                2,
                4
            ],
            "kills": 3,
            "direction": "None"
        },
        {
            "type": "Skill",
            "name": "夜半",
            "pre_delay": 200
        },
        {
            "type": "Deploy",
            "name": "埃拉托",
            "location": [
                5,
                4
            ],
            "costs": 25,
            "direction": "Left"
        },
        {
            "type": "Skill",
            "name": "夜半",
            "kills": 7,
            "pre_delay": 7930
        },
        {
            "type": "Skill",
            "name": "夜半",
            "pre_delay": 400
        },
        {
            "type": "Skill",
            "name": "夜半",
            "costs": 10,
            "pre_delay": 13900
        },
        {
            "type": "Skill",
            "name": "埃拉托"
        },
        {
            "type": "Skill",
            "name": "夜半",
            "pre_delay": 400
        },
        {
            "type": "Skill",
            "name": "夜半",
            "location": [
                4,
                4
            ],
            "pre_delay": 5910
        }
    ],
    "doc": {
        "title": "悖论模拟 - 夜半 - 小伙伴",
        "details": "——————————\n作业更新日期: 2023-10-16T11:28:34Z\n统计更新日期: 2025-09-02\n相对评分：72.41%  相对热度：78.12%\n来源：诗怀雅的扩音喇叭  ID：28036\n——————————\n测试中，当前版本有一定翻车率，可多次尝试拼概率"
    },
    "groups": [],
    "opers": [
        {
            "name": "夜半",
            "skill": 2,
            "skill_usage": 0
        }
    ]
}