{
    "minimum_required": "v4.0.0",
    "stage_name": "main_15-11",
    "actions": [
        {
            "type": "SpeedUp"
        },
        {
            "type": "Deploy",
            "name": "山",
            "location": [
                5,
                5
            ],
            "direction": "Up"
        },
        {
            "type": "Deploy",
            "name": "棘刺",
            "location": [
                7,
                3
            ],
            "direction": "Left"
        },
        {
            "type": "Deploy",
            "name": "艾雅法拉",
            "location": [
                6,
                4
            ],
            "direction": "Left"
        },
        {
            "type": "Skill",
            "name": "弱化节点",
            "location": [
                4,
                3
            ],
            "costs": 10
        },
        {
            "type": "Deploy",
            "name": "塞雷娅",
            "location": [
                6,
                3
            ],
            "direction": "Left"
        },
        {
            "type": "Skill",
            "costs": 42,
            "name": "弱化节点",
            "location": [
                4,
                3
            ]
        },
        {
            "type": "Deploy",
            "name": "夜莺",
            "location": [
                7,
                4
            ],
            "direction": "Left"
        },
        {
            "type": "SkillDaemon"
        }
    ],
    "doc": {
        "title": "15-12 成为你的眼睛",
        "details": "——————————\n作业更新日期: 2025-08-13T15:11:33Z\n统计更新日期: 2025-08-30\n相对评分：81.00%  相对热度：56.39%\n来源：飘ipao（山所有x模组都为y模组，写错了）  ID：49749\n——————————\n测试已过\n山2603 3x\n塞雷娅2803 3y\n艾雅法拉2803 3x\n棘刺2603 3x\n沙盘左左测试已过\n打沙盘的话建议棘刺，艾雅法拉，塞雷娅练度尽量不低于我的练度（或者补个夜莺就行，但夜莺因为放在最后，所以只能弥补塞雷娅的练度）\n我在最后补个夜莺，没有夜莺练度够也能过（就不在干员列表编辑了，练度稍低的可以带上夜莺）\n怕大家直接导入的作业集我还是把夜莺加进干员"
    },
    "groups": [],
    "opers": [
        {
            "name": "山",
            "skill": 2,
            "skill_usage": 2,
            "skill_times": 1
        },
        {
            "name": "塞雷娅",
            "skill": 1,
            "skill_usage": 0
        },
        {
            "name": "棘刺",
            "skill": 3,
            "skill_usage": 2,
            "skill_times": 2
        },
        {
            "name": "艾雅法拉",
            "skill": 2,
            "skill_usage": 0
        },
        {
            "name": "夜莺",
            "skill": 2,
            "skill_usage": 0
        }
    ],
    "difficulty": 0
}