{
    "minimum_required": "v4.0.0",
    "stage_name": "mem_harold_1",
    "actions": [
        {
            "type": "Deploy",
            "name": "洛洛",
            "location": [
                3,
                4
            ],
            "direction": "Up"
        },
        {
            "type": "SpeedUp"
        },
        {
            "type": "Deploy",
            "name": "哈洛德",
            "location": [
                5,
                6
            ],
            "direction": "Up"
        },
        {
            "type": "Skill",
            "name": "哈洛德",
            "pre_delay": 17000
        },
        {
            "type": "Skill",
            "name": "洛洛",
            "kills": 17,
            "pre_delay": 5500
        },
        {
            "type": "Skill",
            "name": "哈洛德",
            "pre_delay": 2000
        }
    ],
    "doc": {
        "title": "医疗 - 哈洛德 - 久病成医",
        "details": "作业更新日期: 2024-07-15T08:33:09Z\n统计更新日期: 2024-07-16\n好评率：100.0%  浏览量：16\n来源：一只摆烂的42  ID：39477\nhttps://www.bilibili.com/video/BV1Em421g7Gv/\n感谢 @b服 70#2255 的测试\n练度精二1级 4级技能\n制作者：一只摆烂的42\n有问题联系QQ2586582719"
    },
    "groups": [],
    "opers": [
        {
            "name": "哈洛德",
            "skill": 2,
            "skill_usage": 0
        }
    ]
}