{
  "minimum_required": "v4.0.0",
  "stage_name": "tough_11-08",
  "actions": [
    {
      "type": "SpeedUp"
    },
    {
      "type": "Deploy",
      "name": "桃金娘",
      "location": [
        1,
        5
      ],
      "direction": "Right"
    },
    {
      "type": "Deploy",
      "name": "煌",
      "location": [
        5,
        5
      ],
      "direction": "Right"
    },
    {
      "type": "Deploy",
      "name": "拉普兰德",
      "location": [
        1,
        3
      ],
      "direction": "Right"
    },
    {
      "type": "Deploy",
      "name": "单奶",
      "location": [
        2,
        4
      ],
      "direction": "Right"
    },
    {
      "type": "Deploy",
      "name": "白面鸮",
      "location": [
        3,
        4
      ],
      "direction": "Right"
    },
    {
      "type": "Deploy",
      "name": "群奶",
      "location": [
        1,
        4
      ],
      "direction": "Right"
    },
    {
      "type": "Deploy",
      "name": "星熊",
      "location": [
        2,
        3
      ],
      "direction": "Right"
    },
    {
      "type": "Retreat",
      "name": "桃金娘"
    },
    {
      "type": "SkillDaemon"
    }
  ],
  "doc": {
    "title": "第十一章 淬火尘霾 - 11-9（磨难） - 以命换命",
    "details": "up:侬无言以对\nlink:【【明日方舟】11-9摆完挂机（淬火尘霾-磨难险地难度）】 https://www.bilibili.com/video/BV1fG4y1H7c4/?share_source=copy_web&vd_source=dcc7ddeba31e59bccd51d29a07ff1565\n精二603"
  },
  "groups": [
    {
      "name": "单奶",
      "opers": [
        {
          "name": "闪灵",
          "skill": 2,
          "skill_usage": 0
        },
        {
          "name": "流明",
          "skill": 3,
          "skill_usage": 1
        }
      ]
    },
    {
      "name": "群奶",
      "opers": [
        {
          "name": "纯烬艾雅法拉",
          "skill": 1,
          "skill_usage": 0
        },
        {
          "name": "华法琳",
          "skill": 1,
          "skill_usage": 0
        },
        {
          "name": "夜莺",
          "skill": 2,
          "skill_usage": 0
        }
      ]
    }
  ],
  "opers": [
    {
      "name": "白面鸮",
      "skill": 1,
      "skill_usage": 0
    },
    {
      "name": "星熊",
      "skill": 2,
      "skill_usage": 0
    },
    {
      "name": "煌",
      "skill": 2,
      "skill_usage": 0
    },
    {
      "name": "桃金娘",
      "skill": 1,
      "skill_usage": 1
    },
    {
      "name": "拉普兰德",
      "skill": 2,
      "skill_usage": 0
    }
  ]
}