{
    "minimum_required": "v4.0.0",
    "stage_name": "camp_r_30",
    "actions": [
        {
            "type": "Deploy",
            "name": "德克萨斯",
            "direction": "Left",
            "location": [
                9,
                4
            ]
        },
        {
            "type": "Deploy",
            "name": "领主",
            "direction": "Right",
            "location": [
                2,
                2
            ]
        },
        {
            "type": "Deploy",
            "location": [
                8,
                3
            ],
            "name": "逻各斯",
            "direction": "Left"
        },
        {
            "type": "SpeedUp"
        },
        {
            "type": "Deploy",
            "location": [
                10,
                5
            ],
            "name": "术师",
            "direction": "Up"
        },
        {
            "type": "Deploy",
            "location": [
                5,
                3
            ],
            "name": "奶盾",
            "direction": "Down"
        },
        {
            "type": "Deploy",
            "location": [
                7,
                5
            ],
            "name": "元素奶",
            "direction": "Up"
        },
        {
            "type": "Deploy",
            "name": "艾雅法拉",
            "direction": "Left",
            "location": [
                8,
                5
            ]
        },
        {
            "type": "Deploy",
            "location": [
                8,
                4
            ],
            "name": "地面",
            "direction": "Left"
        },
        {
            "type": "SkillDaemon"
        }
    ],
    "doc": {
        "title": "剿灭作战 - 暗流巢窟 ",
        "details": "——————————\n作业更新日期: 2025-10-27T02:43:21Z\n统计更新日期: 2025-10-31\n相对评分：91.49%  相对热度：76.64%\n来源：没有乌尔比安阿斯卡纶娜仁图亚攻略组  ID：72605\n——————————\n思路参考：萧然Q\nhttps://www.bilibili.com/video/BV1E3sCzwE4y"
    },
    "groups": [
        {
            "name": "奶盾",
            "opers": [
                {
                    "name": "塞雷娅",
                    "skill": 1,
                    "skill_usage": 0
                },
                {
                    "name": "黍",
                    "skill": 1,
                    "skill_usage": 0
                }
            ]
        },
        {
            "name": "元素奶",
            "opers": [
                {
                    "name": "纯烬艾雅法拉",
                    "skill": 1,
                    "requirements": {
                        "skill_level": 10,
                        "module": 1
                    }
                },
                {
                    "name": "蜜莓",
                    "skill": 1,
                    "skill_usage": 0
                }
            ]
        },
        {
            "name": "术师",
            "opers": [
                {
                    "name": "刻俄柏",
                    "skill": 1,
                    "skill_usage": 0
                },
                {
                    "name": "荒芜拉普兰德",
                    "skill": 3,
                    "skill_usage": 1
                },
                {
                    "name": "澄闪",
                    "skill": 3,
                    "skill_usage": 1
                },
                {
                    "name": "焰影苇草",
                    "skill": 3,
                    "skill_usage": 0
                },
                {
                    "name": "铃兰",
                    "skill": 2,
                    "skill_usage": 0
                }
            ]
        },
        {
            "name": "领主",
            "opers": [
                {
                    "name": "丰川祥子",
                    "skill": 2,
                    "skill_usage": 0
                },
                {
                    "name": "拉普兰德",
                    "skill": 2,
                    "skill_usage": 0
                },
                {
                    "name": "棘刺",
                    "skill": 3,
                    "skill_usage": 1
                }
            ]
        },
        {
            "name": "地面",
            "opers": [
                {
                    "name": "煌",
                    "skill": 2,
                    "skill_usage": 0
                },
                {
                    "name": "乌尔比安",
                    "skill": 2,
                    "skill_usage": 0
                },
                {
                    "name": "斩业星熊",
                    "skill": 2,
                    "skill_usage": 0
                }
            ]
        }
    ],
    "opers": [
        {
            "name": "艾雅法拉",
            "skill": 2,
            "skill_usage": 0
        },
        {
            "name": "德克萨斯",
            "skill": 1,
            "skill_usage": 0
        },
        {
            "name": "逻各斯",
            "skill": 1,
            "skill_usage": 0
        }
    ]
}