{
  "minimum_required": "v4.0.0",
  "stage_name": "main_07-07",
  "actions": [
    {
      "type": "SpeedUp",
      "rear_delay": 0
    },
    {
      "type": "Deploy",
      "name": "棘刺",
      "location": [
        7,
        5
      ],
      "direction": "Left",
      "rear_delay": 0
    },
    {
      "type": "Deploy",
      "name": "斑点",
      "location": [
        1,
        5
      ],
      "direction": "Up",
      "rear_delay": 0
    },
    {
      "type": "Deploy",
      "name": "史都华德",
      "location": [
        2,
        5
      ],
      "direction": "Up",
      "rear_delay": 0
    },
    {
      "type": "Deploy",
      "name": "米格鲁",
      "location": [
        10,
        1
      ],
      "direction": "Left",
      "costs": 22,
      "rear_delay": 0
    },
    {
      "type": "Deploy",
      "name": "安赛尔",
      "location": [
        9,
        4
      ],
      "direction": "Up",
      "rear_delay": 0
    },
    {
      "type": "Deploy",
      "name": "伊桑",
      "location": [
        10,
        2
      ],
      "direction": "Up",
      "rear_delay": 0
    },
    {
      "type": "Deploy",
      "name": "芙蓉",
      "location": [
        2,
        6
      ],
      "direction": "Up",
      "rear_delay": 0
    },
    {
      "type": "SkillDaemon"
    }
  ],
  "doc": {
    "title": "第七章 苦难摇篮 - 7-9 - 沉默者之怒-2",
    "details": "第七章 苦难摇篮 - 7-9 - 沉默者之怒-2"
  },
  "groups": [],
  "opers": [
    {
      "name": "棘刺",
      "skill": 3,
      "skill_usage": 1
    },
    {
      "name": "安赛尔",
      "skill": 1,
      "skill_usage": 0
    },
    {
      "name": "芙蓉",
      "skill": 1,
      "skill_usage": 0
    },
    {
      "name": "史都华德",
      "skill": 1,
      "skill_usage": 0
    },
    {
      "name": "斑点",
      "skill": 1,
      "skill_usage": 0
    },
    {
      "name": "米格鲁",
      "skill": 1,
      "skill_usage": 0
    },
    {
      "name": "伊桑",
      "skill": 1,
      "skill_usage": 0
    }
  ]
}