{
    "minimum_required": "v4.0.0",
    "stage_name": "wk_toxic_5",
    "actions": [
        {
            "type": "Deploy",
            "name": "棘刺",
            "location": [
                5,
                5
            ],
            "direction": "Right"
        },
        {
            "type": "SpeedUp",
            "doc": "切换二倍速",
            "doc_color": "Gray"
        },
        {
            "type": "SpeedUp",
            "kills": 1,
            "doc_color": "Gray",
            "doc": "切换一倍速"
        },
        {
            "type": "Deploy",
            "name": "鸿雪",
            "location": [
                3,
                3
            ],
            "direction": "Up",
            "cost_changes": 5
        },
        {
            "type": "Deploy",
            "name": "“打字机”",
            "location": [
                6,
                2
            ],
            "direction": "Right"
        },
        {
            "type": "Retreat",
            "location": [
                6,
                2
            ],
            "kills": 3
        },
        {
            "type": "SpeedUp",
            "doc": "切换二倍速",
            "doc_color": "Gray"
        },
        {
            "type": "Deploy",
            "name": "塞雷娅",
            "location": [
                4,
                4
            ],
            "direction": "Right"
        },
        {
            "type": "Output",
            "kills": 4,
            "doc_color": "Gray",
            "doc": "4击杀，等待"
        },
        {
            "type": "Skill",
            "cost_changes": 13,
            "name": "棘刺"
        },
        {
            "type": "SpeedUp",
            "kills": 7,
            "doc": "切换一倍速",
            "doc_color": "Gray"
        },
        {
            "type": "Deploy",
            "name": "“打字机”",
            "location": [
                6,
                2
            ],
            "kills": 8,
            "direction": "Right"
        },
        {
            "type": "Retreat",
            "location": [
                6,
                2
            ],
            "kills": 11
        },
        {
            "type": "SpeedUp",
            "doc": "切换二倍速",
            "doc_color": "Gray"
        },
        {
            "type": "Skill",
            "name": "棘刺",
            "location": [
                5,
                5
            ],
            "kills": 13
        },
        {
            "type": "SpeedUp",
            "kills": 34,
            "doc": "切换一倍速",
            "doc_color": "Gray"
        },
        {
            "type": "Skill",
            "name": "鸿雪",
            "kills": 35
        },
        {
            "type": "Deploy",
            "name": "“打字机”",
            "location": [
                6,
                2
            ],
            "kills": 38,
            "direction": "Right"
        },
        {
            "type": "SpeedUp"
        }
    ],
    "doc": {
        "title": "AP-5 红票三人速刷",
        "details": "统计日期：2024-05-18\n好评率：80.95%  浏览量：1012\n来源：Issuing2890  ID：23075\n化学老施，BV11A411L7AL。\n建议三人都是精二90专三练度，否则会因击杀时间不同导致操作时间有偏差。"
    },
    "groups": [],
    "opers": [
        {
            "name": "棘刺",
            "skill": 3,
            "skill_usage": 0
        },
        {
            "name": "鸿雪",
            "skill": 3,
            "skill_usage": 0
        },
        {
            "name": "塞雷娅",
            "skill": 1,
            "skill_usage": 0
        }
    ]
}