{
    "minimum_required": "v4.0.0",
    "stage_name": "mem_morgan_1",
    "actions": [
        {
            "type": "SpeedUp"
        },
        {
            "type": "Deploy",
            "name": "摩根",
            "location": [
                5,
                1
            ],
            "direction": "Right",
            "costs": 23
        },
        {
            "type": "Deploy",
            "name": "雪雉的安全起重机",
            "location": [
                4,
                1
            ],
            "direction": "Right",
            "costs": 26
        },
        {
            "type": "Deploy",
            "name": "摩根",
            "location": [
                2,
                1
            ],
            "direction": "Left",
            "kills": 14,
            "costs": 53
        },
        {
            "type": "Deploy",
            "name": "雪雉的安全起重机",
            "location": [
                3,
                1
            ],
            "direction": "Left",
            "kills": 16,
            "costs": 53
        },
        {
            "type": "Deploy",
            "name": "摩根",
            "location": [
                5,
                1
            ],
            "direction": "Right",
            "kills": 21,
            "costs": 87
        },
        {
            "type": "Deploy",
            "name": "雪雉的安全起重机",
            "location": [
                4,
                1
            ],
            "kills": 23,
            "costs": 65,
            "direction": "Right"
        },
        {
            "type": "Skill",
            "name": "达格达",
            "location": [
                5,
                4
            ],
            "costs": 79
        },
        {
            "type": "Deploy",
            "name": "摩根",
            "location": [
                2,
                4
            ],
            "kills": 42,
            "direction": "Right"
        },
        {
            "type": "Deploy",
            "name": "雪雉的安全起重机",
            "location": [
                1,
                4
            ],
            "direction": "Right",
            "costs": 72
        },
        {
            "type": "Deploy",
            "name": "摩根",
            "location": [
                3,
                4
            ],
            "direction": "Right",
            "kills": 21,
            "costs": 99,
            "pre_delay": 8000
        },
        {
            "type": "Skill",
            "name": "达格达",
            "location": [
                5,
                4
            ]
        }
    ],
    "doc": {
        "title": "近卫 - 摩根 - 速度至上",
        "details": "统计日期：2024-05-25\n好评率：100.0%  浏览量：8\n来源：摇光Alkaid  ID：37964\n摩根，精二1级，技能7级，可过"
    },
    "groups": [],
    "opers": [
        {
            "name": "摩根",
            "skill": 2,
            "skill_usage": 0
        },
        {
            "name": "雪雉的安全起重机",
            "skill": 1,
            "skill_usage": 0
        }
    ]
}