{
    "minimum_required": "v4.0.0",
    "stage_name": "mem_pianst_1",
    "actions": [
        {
            "type": "SpeedUp"
        },
        {
            "type": "Deploy",
            "costs": 26,
            "name": "车尔尼",
            "location": [
                3,
                3
            ],
            "direction": "Right"
        },
        {
            "type": "Deploy",
            "name": "克洛丝",
            "location": [
                1,
                4
            ],
            "direction": "Right",
            "costs": 11
        },
        {
            "type": "Deploy",
            "name": "安德切尔",
            "location": [
                1,
                2
            ],
            "direction": "Right",
            "costs": 11
        },
        {
            "type": "Deploy",
            "name": "砾",
            "location": [
                6,
                4
            ],
            "direction": "Right",
            "costs": 7
        },
        {
            "type": "Retreat",
            "location": [
                6,
                4
            ],
            "kills": 8
        },
        {
            "type": "Skill",
            "name": "车尔尼",
            "location": [
                3,
                3
            ],
            "kills": 12
        },
        {
            "type": "Deploy",
            "name": "砾",
            "location": [
                5,
                4
            ],
            "kills": 24,
            "direction": "Up"
        },
        {
            "type": "Skill",
            "name": "车尔尼",
            "location": [
                3,
                3
            ],
            "pre_delay": 1000
        },
        {
            "type": "Retreat",
            "location": [
                5,
                4
            ],
            "pre_delay": 17000
        },
        {
            "type": "Deploy",
            "name": "米格鲁",
            "location": [
                2,
                3
            ],
            "direction": "Right",
            "cooling": 1
        }
    ],
    "doc": {
        "title": "重装 - 车尔尼 - 战场上的旋律",
        "details": "作业更新日期: 2023-11-22T17:24:36Z\n统计更新日期: 2024-09-14\n好评率：94.0%  浏览量：879\n来源：AJisa  ID：30442\n参考BV1HM411Q74g\n精二1级，7级技能没啥大问题\n有问题我看看能不能再改"
    },
    "groups": [],
    "opers": [
        {
            "name": "车尔尼",
            "skill": 2,
            "skill_usage": 0
        },
        {
            "name": "砾",
            "skill": 1,
            "skill_usage": 0
        },
        {
            "name": "芬",
            "skill": 1,
            "skill_usage": 0
        },
        {
            "name": "克洛丝",
            "skill": 1,
            "skill_usage": 0
        },
        {
            "name": "安德切尔",
            "skill": 1,
            "skill_usage": 2
        },
        {
            "name": "芙蓉",
            "skill": 1,
            "skill_usage": 0
        },
        {
            "name": "米格鲁",
            "skill": 1,
            "skill_usage": 0
        }
    ]
}