{
    "minimum_required": "v4.0.0",
    "stage_name": "pro_a_1",
    "actions": [
        {
            "type": "SpeedUp"
        },
        {
            "type": "Deploy",
            "name": "棘刺",
            "location": [
                7,
                3
            ],
            "direction": "Down"
        },
        {
            "type": "Deploy",
            "name": "银灰",
            "location": [
                2,
                3
            ],
            "direction": "Down"
        },
        {
            "type": "Skill",
            "name": "棘刺",
            "kills": 10
        },
        {
            "type": "Deploy",
            "name": "塞雷娅",
            "location": [
                3,
                4
            ],
            "direction": "Left"
        },
        {
            "type": "Skill",
            "kills": 26,
            "name": "银灰"
        }
    ],
    "doc": {
        "title": "固若金汤 - PR-A-1 - 防守【棘刺3+银灰3+塞雷娅2】（信赖速刷）",
        "details": "统计日期：2024-05-25\n好评率：87.5%  浏览量：186\n来源：竟然不能小于4位  ID：31541\n参考视频：https://www.bilibili.com/BV1rY4y1L77P"
    },
    "groups": [],
    "opers": [
        {
            "name": "棘刺",
            "skill": 3,
            "skill_usage": 1
        },
        {
            "name": "银灰",
            "skill": 3,
            "skill_usage": 2,
            "skill_times": 1
        },
        {
            "name": "塞雷娅",
            "skill": 2,
            "skill_usage": 0
        }
    ]
}