{
    "minimum_required": "v4.0.0",
    "stage_name": "wk_armor_5",
    "actions": [
        {
            "type": "Output",
            "doc_color": "DeepSkyBlue",
            "doc": "最后一波右边其中一只盾怪有50%概率卡BUG不会被推下去\n此BUG会导致漏一只怪!!!请特别注意,如果实在是不行,换用蛇屠箱"
        },
        {
            "type": "Deploy",
            "name": "阿消",
            "location": [
                7,
                2
            ],
            "direction": "Up"
        },
        {
            "type": "SpeedUp"
        },
        {
            "type": "Deploy",
            "name": "梓兰",
            "location": [
                2,
                4
            ],
            "direction": "Right"
        },
        {
            "type": "Deploy",
            "name": "防护干员",
            "location": [
                8,
                1
            ],
            "direction": "Left"
        },
        {
            "type": "Deploy",
            "name": "史都华德",
            "location": [
                3,
                4
            ],
            "direction": "Left"
        },
        {
            "type": "Deploy",
            "name": "12F",
            "location": [
                3,
                2
            ],
            "direction": "Left"
        },
        {
            "type": "Deploy",
            "name": "炎熔",
            "location": [
                1,
                4
            ],
            "direction": "Right"
        },
        {
            "type": "Deploy",
            "name": "安赛尔",
            "location": [
                7,
                4
            ],
            "direction": "Up"
        },
        {
            "type": "Deploy",
            "name": "白雪",
            "location": [
                2,
                6
            ],
            "direction": "Up"
        },
        {
            "type": "Retreat",
            "name": "12F",
            "location": [
                3,
                2
            ],
            "kills": 46
        },
        {
            "type": "Deploy",
            "name": "夜刀",
            "location": [
                1,
                5
            ],
            "direction": "Right"
        },
        {
            "type": "SkillDaemon"
        }
    ],
    "doc": {
        "title": "资源保障 - SK-5 - 要塞清剿",
        "details": "统计日期：2024-05-25\n好评率：87.5%  浏览量：587\n来源：AnswersKK  ID：25120\n攻略来自UP主: 不著名老司机\nhttps://www.bilibili.com/video/BV1o4411U7GH\n\n改了改自用\n要用本作业,请先在演习试试,不漏怪能过后再使用"
    },
    "groups": [
        {
            "name": "防护干员",
            "opers": [
                {
                    "name": "黑角",
                    "skill": 1,
                    "skill_usage": 0
                },
                {
                    "name": "蛇屠箱",
                    "skill": 2,
                    "skill_usage": 1
                }
            ]
        }
    ],
    "opers": [
        {
            "name": "夜刀",
            "skill": 1,
            "skill_usage": 0
        },
        {
            "name": "梓兰",
            "skill": 1,
            "skill_usage": 1
        },
        {
            "name": "白雪",
            "skill": 2,
            "skill_usage": 1
        },
        {
            "name": "安赛尔",
            "skill": 1,
            "skill_usage": 1
        },
        {
            "name": "阿消",
            "skill": 1,
            "skill_usage": 0
        },
        {
            "name": "史都华德",
            "skill": 1,
            "skill_usage": 0
        },
        {
            "name": "12F",
            "skill": 1,
            "skill_usage": 0
        },
        {
            "name": "炎熔",
            "skill": 1,
            "skill_usage": 1
        }
    ]
}