{
    "actions": [
        {
            "type": "部署",
            "name": "风笛",
            "location": [
                2,
                3
            ],
            "direction": "右"
        },
        {
            "type": "二倍速"
        },
        {
            "type": "部署",
            "name": "黑角",
            "location": [
                1,
                3
            ],
            "direction": "右"
        },
        {
            "type": "技能",
            "name": "风笛",
            "location": [
                2,
                3
            ],
            "kills": 8
        },
        {
            "type": "部署",
            "name": "芙蓉",
            "location": [
                1,
                2
            ],
            "direction": "右"
        },
        {
            "type": "技能",
            "kills": 19,
            "name": "芙蓉",
            "location": [
                1,
                2
            ]
        },
        {
            "type": "技能",
            "location": [
                3,
                1
            ],
            "name": "禁锢装置",
            "pre_delay": 1000
        },
        {
            "type": "技能",
            "kills": 20,
            "name": "风笛",
            "location": [
                2,
                3
            ]
        },
        {
            "type": "技能",
            "kills": 28,
            "name": "芙蓉",
            "location": [
                1,
                2
            ]
        },
        {
            "type": "技能",
            "name": "禁锢装置",
            "location": [
                5,
                1
            ]
        },
        {
            "type": "技能",
            "name": "风笛",
            "location": [
                2,
                3
            ],
            "pre_delay": 1000
        },
        {
            "type": "技能",
            "name": "禁锢装置",
            "pre_delay": 2000,
            "location": [
                3,
                1
            ]
        },
        {
            "type": "技能",
            "name": "禁锢装置",
            "kills": 29,
            "pre_delay": 3000,
            "location": [
                3,
                5
            ]
        },
        {
            "type": "技能",
            "name": "禁锢装置",
            "location": [
                3,
                1
            ],
            "pre_delay": 8000
        }
    ],
    "stage_name": "mem_bpipe_1",
    "doc": {
        "title": "风笛悖论模拟",
        "details": "统计日期：2024-05-31\n好评率：84.4%  浏览量：3174\n来源：作业代传——有问题联系原作者  ID：22734\n作者：snowflake\n测试练度：风笛 三技能 精2 90级 3潜 专3 3级模组"
    },
    "opers": [
        {
            "name": "风笛",
            "skill": 3
        }
    ],
    "minimum_required": "v4.0.0"
}