{
    "minimum_required": "v4.0.0",
    "stage_name": "mem_gvial2_1",
    "actions": [
        {
            "type": "SpeedUp"
        },
        {
            "type": "Deploy",
            "name": "百炼嘉维尔",
            "location": [
                5,
                3
            ],
            "direction": "Down",
            "costs": 40
        },
        {
            "type": "Deploy",
            "name": "清流",
            "location": [
                5,
                1
            ],
            "direction": "Down"
        },
        {
            "type": "Skill",
            "name": "百炼嘉维尔",
            "location": [
                5,
                3
            ],
            "costs": 27
        },
        {
            "type": "Skill",
            "name": "清流",
            "location": [
                5,
                1
            ],
            "kills": 16
        },
        {
            "type": "Skill",
            "name": "百炼嘉维尔",
            "location": [
                5,
                3
            ],
            "kills": 26,
            "pre_delay": 0
        },
        {
            "type": "Skill",
            "name": "百炼嘉维尔",
            "location": [
                5,
                3
            ],
            "kills": 51,
            "pre_delay": 0
        },
        {
            "type": "Skill",
            "name": "清流",
            "location": [
                5,
                1
            ],
            "kills": 51
        }
    ],
    "doc": {
        "title": "近卫 - 百炼嘉维尔 - “百炼”",
        "details": "统计日期：2024-05-02\n好评率：81.82%  浏览量：518\n百嘉带3技能\n精2  70级  7级技能无专精自测可过  开局百嘉技能会等一段时间  可以在百嘉被拳击手攻击后手动开"
    },
    "groups": [],
    "opers": [
        {
            "name": "百炼嘉维尔",
            "skill": 3,
            "skill_usage": 0
        },
        {
            "name": "清流",
            "skill": 2,
            "skill_usage": 0
        }
    ]
}