{
    "minimum_required": "v4.0.0",
    "stage_name": "mem_crow_1",
    "actions": [
        {
            "type": "Deploy",
            "name": "羽毛笔",
            "location": [
                6,
                3
            ],
            "direction": "Right"
        },
        {
            "type": "SpeedUp"
        },
        {
            "type": "Skill",
            "name": "龙舌兰",
            "location": [
                2,
                3
            ],
            "kills": 10
        },
        {
            "type": "SkillDaemon"
        }
    ],
    "doc": {
        "title": "近卫 - 羽毛笔 - 风中之羽",
        "details": "统计日期：2024-05-02\n好评率：95.79%  浏览量：2577\n羽毛笔不要求技能专精   \n测试最低等级是50级！！！\n\n50级！！！！！！"
    },
    "groups": [],
    "opers": [
        {
            "name": "羽毛笔",
            "skill": 1,
            "skill_usage": 0
        }
    ]
}