{
    "minimum_required": "v4.0.0",
    "stage_name": "wk_kc_4",
    "actions": [
        {
            "type": "SpeedUp"
        },
        {
            "type": "Deploy",
            "name": "杰西卡",
            "location": [
                7,
                3
            ],
            "direction": "Left"
        },
        {
            "type": "Deploy",
            "name": "黑角",
            "location": [
                6,
                4
            ],
            "direction": "Left"
        },
        {
            "type": "Deploy",
            "name": "炎熔",
            "location": [
                6,
                5
            ],
            "direction": "Up"
        },
        {
            "type": "Deploy",
            "name": "阿消",
            "location": [
                7,
                4
            ],
            "direction": "Left"
        },
        {
            "type": "Deploy",
            "name": "远山",
            "location": [
                5,
                3
            ],
            "direction": "Right"
        },
        {
            "type": "Deploy",
            "name": "阿米娅",
            "location": [
                5,
                5
            ],
            "direction": "Up"
        },
        {
            "type": "Deploy",
            "name": "芙蓉",
            "location": [
                7,
                5
            ],
            "direction": "Up"
        },
        {
            "type": "Deploy",
            "name": "克洛丝",
            "location": [
                7,
                2
            ],
            "direction": "Down"
        },
        {
            "type": "Skill",
            "name": "炎熔",
            "location": [
                6,
                5
            ],
            "costs": 33
        },
        {
            "type": "Skill",
            "name": "阿米娅",
            "location": [
                5,
                5
            ],
            "costs": 66
        },
        {
            "type": "Skill",
            "name": "远山",
            "location": [
                5,
                3
            ],
            "costs": 66
        },
        {
            "type": "Retreat",
            "name": "黑角",
            "location": [
                6,
                4
            ],
            "costs": 69
        },
        {
            "type": "Deploy",
            "name": "玫兰莎",
            "location": [
                6,
                4
            ],
            "direction": "Right",
            "cooling": 1
        },
        {
            "type": "SkillDaemon"
        }
    ],
    "doc": {
        "title": "战术演习 - LS-4 - 特种战演习 （自用-复刻自小狼）",
        "details": "——————————\n作业更新日期: 2025-03-15T04:03:48Z\n统计更新日期: 2025-06-11\n好评率：100.0%  浏览量：212\n来源：保護我方花栗鼠  ID：48599\n——————————\n\n复刻自小狼XF   https://www.bilibili.com/video/BV1z4411v7CB?p=4&vd_source=84403aca4d61311bc8ed30a313b790ee"
    },
    "groups": [],
    "opers": [
        {
            "name": "克洛丝",
            "skill": 1,
            "skill_usage": 0
        },
        {
            "name": "杰西卡",
            "skill": 1,
            "skill_usage": 0
        },
        {
            "name": "黑角",
            "skill": 1,
            "skill_usage": 0
        },
        {
            "name": "远山",
            "skill": 1,
            "skill_usage": 0
        },
        {
            "name": "炎熔",
            "skill": 1,
            "skill_usage": 0
        },
        {
            "name": "阿米娅",
            "skill": 1,
            "skill_usage": 0
        },
        {
            "name": "芙蓉",
            "skill": 1,
            "skill_usage": 0
        },
        {
            "name": "玫兰莎",
            "skill": 1,
            "skill_usage": 0
        },
        {
            "name": "阿消",
            "skill": 1,
            "skill_usage": 0
        }
    ]
}