{
    "stageName": "mem_flower_1",
    "doc": {
        "title": "花香四溢",
        "title_color": "Gray",
        "details": "——————————\n作业更新日期: 2023-04-19T07:07:55Z\n统计更新日期: 2025-04-12\n好评率：76.32%  浏览量：1479\n来源：作业代传——有问题联系原作者  ID：22758\n——————————\n测试练度：调香师精二1级，技能二7级\n测试版本：401",
        "details_color": "Gray"
    },
    "opers": [
        {
            "name": "调香师",
            "skill": 2,
            "skill_usage": 0,
            "requirements": {
                "elite": 0,
                "level": 0,
                "skill_level": 0,
                "module": 0,
                "potentiality": 0
            }
        }
    ],
    "groups": null,
    "minimumRequired": "v4.0.0",
    "difficulty": 0
}