{
    "minimum_required": "v4.0.0",
    "stage_name": "mem_astesi_1",
    "actions": [
        {
            "type": "Deploy",
            "name": "星极",
            "location": [
                1,
                3
            ],
            "direction": "Up"
        },
        {
            "type": "SpeedUp"
        },
        {
            "type": "Skill",
            "costs": 32,
            "name": "星极"
        },
        {
            "type": "Skill",
            "name": "星极",
            "costs": 76
        },
        {
            "type": "Skill",
            "name": "星极",
            "kills": 8,
            "pre_delay": 10000
        },
        {
            "type": "Skill",
            "name": "星极",
            "kills": 11,
            "pre_delay": 8000
        }
    ],
    "doc": {
        "title": "近卫 - 星极 - 如星闪耀",
        "details": "统计日期：2024-05-31\n好评率：97.33%  浏览量：1637\n来源：一只摆烂的42  ID：24372\nhttps://www.bilibili.com/video/BV1yM41167tv/\n练度精二1级 7级技能\n制作者：一只摆烂的42\n有问题联系QQ2586582719"
    },
    "groups": [],
    "opers": [
        {
            "name": "星极",
            "skill": 2,
            "skill_usage": 0
        }
    ]
}