{
    "minimum_required": "v4.0.0",
    "stage_name": "mem_popka_1",
    "actions": [
        {
            "type": "Deploy",
            "name": "泡普卡",
            "location": [
                5,
                4
            ],
            "direction": "Down"
        },
        {
            "type": "Deploy",
            "name": "暗索",
            "location": [
                3,
                3
            ],
            "direction": "Down"
        },
        {
            "type": "SpeedUp"
        },
        {
            "type": "Deploy",
            "name": "阿消",
            "location": [
                8,
                4
            ],
            "direction": "Down"
        },
        {
            "type": "Skill",
            "name": "暗索",
            "location": [
                3,
                3
            ],
            "kills": 37
        },
        {
            "type": "Deploy",
            "name": "夜刀",
            "location": [
                7,
                5
            ],
            "kills": 44,
            "direction": "Right"
        },
        {
            "type": "Skill",
            "name": "暗索",
            "location": [
                3,
                3
            ],
            "kills": 47,
            "rear_delay": 500
        },
        {
            "type": "Skill",
            "location": [
                3,
                3
            ],
            "kills": 59
        },
        {
            "type": "Skill",
            "name": "泡普卡",
            "location": [
                5,
                4
            ],
            "kills": 61
        },
        {
            "type": "Skill",
            "name": "暗索",
            "location": [
                3,
                3
            ],
            "kills": 71
        }
    ],
    "doc": {
        "title": "近卫 - 泡普卡 - 锯子转呀转",
        "details": "作业更新日期: 2023-07-04T15:11:21Z\n统计更新日期: 2024-11-30\n好评率：90.17%  浏览量：5688\n来源：shygo_chenheihei  ID：24421\n近卫 - 泡普卡 - 锯子转呀转"
    },
    "groups": [],
    "opers": [
        {
            "name": "泡普卡",
            "skill": 1,
            "skill_usage": 0
        }
    ]
}