{
    "minimum_required": "v4.0.0",
    "stage_name": "mem_leto_1",
    "actions": [
        {
            "type": "SpeedUp"
        },
        {
            "type": "Deploy",
            "name": "烈夏",
            "location": [
                8,
                5
            ],
            "direction": "Up"
        },
        {
            "type": "Skill",
            "name": "烈夏",
            "costs": 25
        },
        {
            "type": "Skill",
            "name": "烈夏",
            "kills": 14
        },
        {
            "type": "Output",
            "doc_color": "#d63384",
            "doc": "喜欢的话点个赞吧~"
        }
    ],
    "doc": {
        "title": "近卫 - 烈夏 - 战鼓擂擂",
        "details": "作业更新日期: 2024-12-08T07:40:21Z\n统计更新日期: 2024-12-08\n好评率：100.0%  浏览量：1\n来源：一只摆烂的42  ID：44405\nUP：焦炭_Coke\n原视频：https://www.bilibili.com/video/BV134iRY6EdJ/\n练度精二1级 7级技能\n制作者：一只摆烂的42\n有问题联系QQ2586582719\n修改自用请删除我的QQ"
    },
    "groups": [],
    "opers": [
        {
            "name": "烈夏",
            "skill": 2,
            "skill_usage": 0
        }
    ]
}