{
    "minimum_required": "v4.0.0",
    "stage_name": "act29side_08",
    "actions": [
        {
            "type": "Deploy",
            "name": "塞雷娅",
            "direction": "Up",
            "location": [
                1,
                6
            ]
        },
        {
            "type": "Deploy",
            "name": "塑心",
            "location": [
                2,
                4
            ],
            "direction": "Up"
        },
        {
            "type": "Deploy",
            "name": "山",
            "direction": "Left",
            "location": [
                8,
                6
            ]
        },
        {
            "type": "SpeedUp"
        },
        {
            "type": "SkillDaemon"
        }
    ],
    "doc": {
        "title": "崔林特尔梅之金 - ZT-8 - 夜歌“未见的高塔” 塑心模组任务",
        "details": "——————————\n作业更新日期: 2025-09-04T14:37:42Z\n统计更新日期: 2025-09-06\n相对评分：100.0%  相对热度：100.0%\n来源：萨拉托加  ID：67275\n——————————\n塑心模组任务\n原作者涂绘天菜 json作者：萨拉托加\n作业交流群群号216314927，可蹲作业，有问题进群找我，作业站消息没提醒看不到\n【【明日方舟】塑心二模 Y模组“音乐家的旅程” 模组任务 三人挂机 极其好抄】 https://www.bilibili.com/video/BV1oFaUzbEL8/?share_source=copy_web&vd_source=3fd5040fe25f6a00e19e6072bcccfa4e"
    },
    "groups": [],
    "opers": [
        {
            "name": "塞雷娅",
            "skill": 2,
            "skill_usage": 0
        },
        {
            "skill_times": 1,
            "name": "山",
            "skill": 2,
            "skill_usage": 2
        },
        {
            "name": "塑心",
            "skill": 1,
            "skill_usage": 0
        }
    ]
}