{
    "minimum_required": "v4.0.0",
    "stage_name": "main_07-01",
    "actions": [
        {
            "type": "Deploy",
            "name": "棘刺",
            "location": [
                2,
                4
            ],
            "direction": "Right"
        },
        {
            "type": "SpeedUp"
        },
        {
            "type": "Deploy",
            "name": "奶盾",
            "location": [
                1,
                5
            ],
            "direction": "Right"
        },
        {
            "type": "Deploy",
            "name": "能天使",
            "location": [
                1,
                6
            ],
            "direction": "Up"
        },
        {
            "type": "SkillDaemon"
        }
    ],
    "doc": {
        "title": "7-2 - 别离之夜 - 棘刺模组",
        "details": "——————————\n作业更新日期: 2025-05-02T11:10:22Z\n统计更新日期: 2025-08-22\n相对评分：92.05%  相对热度：84.11999999999999%\n来源：萨拉托加  ID：51923\n——————————\n战斗中非助战棘刺累计使用至高之术8次\n3星通关主题曲7-2；必须编入非助战棘刺并上场，其他成员不可编入近卫干员\n原作者：涂绘天菜 json作者：萨拉托加\n作业交流群群号1009052305，可蹲作业，有问题进群找我，作业站消息没提醒看不到\n【棘刺二模模组 模组任务 三人挂机 极其好抄】 https://www.bilibili.com/video/BV1XbGqz3E2i/?share_source=copy_web&vd_source=3fd5040fe25f6a00e19e6072bcccfa4e"
    },
    "groups": [
        {
            "name": "奶盾",
            "opers": [
                {
                    "name": "黍",
                    "skill": 1,
                    "skill_usage": 0
                },
                {
                    "name": "塞雷娅",
                    "skill": 1,
                    "skill_usage": 0
                }
            ]
        }
    ],
    "opers": [
        {
            "name": "棘刺",
            "skill": 3,
            "skill_usage": 1
        },
        {
            "name": "能天使",
            "skill": 3,
            "skill_usage": 0
        }
    ],
    "difficulty": 1
}