{
    "stage_name": "RI-EX-4",
    "opers": [
        {
            "name": "煌",
            "skill": 2
        },
        {
            "name": "闪灵",
            "skill": 2
        },
        {
            "name": "森蚺",
            "skill": 1
        }
    ],
    "groups": [],
    "actions": [
        {
            "name": "",
            "type": "SpeedUp"
        },
        {
            "name": "煌",
            "type": "Deploy",
            "location": [
                8,
                5
            ],
            "direction": "Left"
        },
        {
            "name": "闪灵",
            "type": "Deploy",
            "location": [
                7,
                4
            ],
            "direction": "Right"
        },
        {
            "name": "森蚺",
            "type": "Deploy",
            "location": [
                10,
                3
            ],
            "direction": "Up"
        }
    ],
    "minimum_required": "v4.0.0",
    "doc": {
        "title": "森蚺模组任务",
        "details": "——————————\n作业更新日期: 2023-02-18T00:53:47Z\n统计更新日期: 2025-07-29\n相对评分：86.36%  相对热度：61.25000000000001%\n来源：作业代传——有问题联系原作者  ID：20833\n——————————\nBV1SR4y1P7cY\n煌专三 闪灵专一"
    }
}