{
    "minimum_required": "v4.0.0",
    "stage_name": "act18d3_ex01",
    "actions": [
        {
            "type": "Deploy",
            "name": "归溟幽灵鲨",
            "location": [
                6,
                4
            ],
            "direction": "Right"
        },
        {
            "type": "SpeedUp"
        },
        {
            "type": "Deploy",
            "name": "艾丽妮",
            "location": [
                3,
                4
            ],
            "direction": "Right"
        },
        {
            "type": "Deploy",
            "name": "Friston-3",
            "location": [
                2,
                4
            ],
            "direction": "Right"
        },
        {
            "type": "Skill",
            "name": "艾丽妮",
            "location": [
                3,
                4
            ],
            "kills": 21
        },
        {
            "type": "Skill",
            "name": "归溟幽灵鲨",
            "location": [
                6,
                4
            ]
        },
        {
            "type": "Skill",
            "name": "归溟幽灵鲨",
            "location": [
                6,
                4
            ],
            "kills": 46
        },
        {
            "type": "Skill",
            "name": "艾丽妮",
            "location": [
                3,
                4
            ],
            "kills": 64
        },
        {
            "type": "Output",
            "doc_color": "DarkCyan",
            "doc": "如果觉得实用，请赏个好评吧~"
        }
    ],
    "doc": {
        "title": "归溟幽灵鲨x艾丽妮x模组任务一起做",
        "details": "——————————\n作业更新日期: 2024-12-29T03:47:44Z\n统计更新日期: 2025-08-22\n相对评分：54.669999999999995%  相对热度：48.370000000000005%\n来源：Issuing2890  ID：45067\n——————————\nLuCifer大膜王，https://www.bilibili.com/video/BV1WbHJe3EiU"
    },
    "groups": [],
    "opers": [
        {
            "name": "归溟幽灵鲨",
            "skill": 2,
            "skill_usage": 0
        },
        {
            "name": "艾丽妮",
            "skill": 3,
            "skill_usage": 0
        },
        {
            "name": "Friston-3",
            "skill": 1,
            "skill_usage": 0
        }
    ]
}