{
    "minimum_required": "v4.0.0",
    "stage_name": "main_07-12",
    "actions": [
        {
            "type": "Deploy",
            "name": "煌",
            "direction": "Right",
            "location": [
                3,
                4
            ]
        },
        {
            "type": "Deploy",
            "name": "黍",
            "direction": "Right",
            "location": [
                4,
                4
            ]
        },
        {
            "type": "Deploy",
            "name": "遥",
            "direction": "Right",
            "location": [
                2,
                3
            ]
        },
        {
            "type": "SpeedUp"
        },
        {
            "type": "SkillDaemon"
        }
    ],
    "doc": {
        "title": "第七章 苦难摇篮 - 7-14 - 游击-1 遥模组任务",
        "details": "——————————\n作业更新日期: 2025-08-27T13:44:08Z\n统计更新日期: 2025-09-26\n相对评分：72.92%  相对热度：61.67%\n来源：snowflake  ID：66377\n——————————\n原作者涂绘天菜 json作者：萨拉托加\n作业交流群群号216314927，可蹲作业，有问题进群找我，作业站消息没提醒看不到\n【遥 模组“迟来的纪念” 模组任务 三人半挂机 极其好抄】 https://www.bilibili.com/video/BV1tvh8zfEiE/?share_source=copy_web&vd_source=3fd5040fe25f6a00e19e6072bcccfa4e"
    },
    "groups": [],
    "opers": [
        {
            "name": "遥",
            "skill": 3,
            "skill_usage": 1
        },
        {
            "name": "煌",
            "skill": 2,
            "skill_usage": 0
        },
        {
            "name": "黍",
            "skill": 1,
            "skill_usage": 0
        }
    ]
}