{
    "minimum_required": "v4.0.0",
    "stage_name": "main_05-08",
    "actions": [
        {
            "type": "Deploy",
            "name": "风笛",
            "location": [
                6,
                2
            ],
            "direction": "Right"
        },
        {
            "type": "SpeedUp"
        },
        {
            "type": "Deploy",
            "name": "山",
            "location": [
                10,
                5
            ],
            "direction": "Up"
        },
        {
            "type": "Deploy",
            "name": "闪灵",
            "location": [
                4,
                2
            ],
            "direction": "Right"
        },
        {
            "type": "Deploy",
            "name": "陈",
            "location": [
                7,
                1
            ],
            "direction": "Right"
        },
        {
            "type": "SkillDaemon"
        }
    ],
    "doc": {
        "title": "闪灵y陈x 模组任务一起做",
        "details": "——————————\n作业更新日期: 2023-11-27T23:10:41Z\n统计更新日期: 2025-09-03\n相对评分：50.57000000000001%  相对热度：41.08%\n来源：Dayheart  ID：30524\n——————————\n原JSON：Issuing2890\nLuCifer大膜王，https://www.bilibili.com/video/BV1u84y1B7rq/\n模组任务：3星通关主题曲5-8，且编入非助战XX干员并上场\n闪灵：不编入其他医疗干员\n陈：至少歼灭16名敌人"
    },
    "groups": [],
    "opers": [
        {
            "name": "闪灵",
            "skill": 3,
            "skill_usage": 1
        },
        {
            "name": "陈",
            "skill": 1,
            "skill_usage": 0
        },
        {
            "name": "山",
            "skill": 2,
            "skill_usage": 2
        },
        {
            "name": "风笛",
            "skill": 2,
            "skill_usage": 0
        }
    ],
    "difficulty": 1
}