{
    "minimum_required": "v4.0.0",
    "doc": {
        "title": "H8-2 摆完挂机（修改自用）",
        "details": "作业更新日期: 2024-04-10T10:29:34Z\n统计更新日期: 2024-11-30\n好评率：93.59%  浏览量：1321\n来源：tomoyo  ID：35846\n原视频：https://www.bilibili.com/video/BV1NS4y1Y7c1/\n制作者：一只摆烂的42\n有问题联系QQ2586582719（修改自用）"
    },
    "stage_name": "hard_08-02",
    "opers": [
        {
            "name": "煌",
            "skill": 2,
            "skill_usage": 0
        },
        {
            "name": "塞雷娅",
            "skill": 1,
            "skill_usage": 0
        },
        {
            "name": "艾雅法拉",
            "skill": 2,
            "skill_usage": 0
        },
        {
            "name": "白面鸮",
            "skill": 2,
            "skill_usage": 1
        },
        {
            "name": "纯烬艾雅法拉",
            "skill": 1,
            "skill_usage": 0
        }
    ],
    "actions": [
        {
            "type": "SpeedUp",
            "name": ""
        },
        {
            "type": "Deploy",
            "name": "煌",
            "location": [
                1,
                3
            ],
            "direction": "Up"
        },
        {
            "type": "Deploy",
            "name": "白面鸮",
            "location": [
                2,
                5
            ],
            "direction": "Up"
        },
        {
            "type": "Deploy",
            "name": "塞雷娅",
            "location": [
                1,
                4
            ],
            "direction": "Left"
        },
        {
            "type": "Deploy",
            "name": "艾雅法拉",
            "location": [
                8,
                1
            ],
            "direction": "Down"
        },
        {
            "type": "Deploy",
            "name": "纯烬艾雅法拉",
            "location": [
                2,
                3
            ],
            "direction": "Down"
        },
        {
            "type": "SkillDaemon"
        }
    ]
}