{
    "minimum_required": "v4.0.0",
    "stage_name": "main_11-07",
    "actions": [
        {
            "type": "Deploy",
            "name": "桃金娘",
            "location": [
                6,
                5
            ],
            "direction": "Up"
        },
        {
            "type": "Skill",
            "name": "桃金娘",
            "location": [
                6,
                5
            ]
        },
        {
            "type": "Deploy",
            "name": "煌",
            "location": [
                6,
                4
            ],
            "direction": "Left"
        },
        {
            "type": "SpeedUp"
        },
        {
            "type": "Deploy",
            "name": "闪灵",
            "location": [
                9,
                3
            ],
            "direction": "Left"
        },
        {
            "type": "Skill",
            "costs": 12,
            "name": "桃金娘",
            "location": [
                6,
                5
            ]
        },
        {
            "type": "Deploy",
            "name": "塞雷娅",
            "location": [
                4,
                5
            ],
            "direction": "Down"
        },
        {
            "type": "Deploy",
            "name": "蜜莓",
            "location": [
                3,
                5
            ],
            "direction": "Right"
        },
        {
            "type": "Deploy",
            "name": "能天使",
            "location": [
                9,
                2
            ],
            "direction": "Left"
        },
        {
            "type": "SkillDaemon"
        }
    ],
    "doc": {
        "title": "第十一章 淬火尘霾 - 11-8（标准） - 停滞",
        "details": "作业更新日期: 2023-04-03T13:08:31Z\n统计更新日期: 2025-03-28\n好评率：53.57%  浏览量：764\n来源：柠檬yyds  ID：22231\n第十一章 淬火尘霾 - 11-8（标准） - 停滞"
    },
    "groups": [],
    "opers": [
        {
            "name": "桃金娘",
            "skill": 1,
            "skill_usage": 0
        },
        {
            "name": "塞雷娅",
            "skill": 2,
            "skill_usage": 0
        },
        {
            "name": "能天使",
            "skill": 3,
            "skill_usage": 0
        },
        {
            "name": "煌",
            "skill": 2,
            "skill_usage": 0
        },
        {
            "name": "闪灵",
            "skill": 2,
            "skill_usage": 0
        },
        {
            "name": "蜜莓",
            "skill": 1,
            "skill_usage": 0
        }
    ]
}