{
    "minimum_required": "v4.0.0",
    "stage_name": "main_03-04",
    "actions": [
        {
            "type": "SpeedUp"
        },
        {
            "type": "Deploy",
            "name": "克洛丝",
            "location": [
                2,
                4
            ],
            "direction": "Right"
        },
        {
            "type": "Deploy",
            "name": "令",
            "location": [
                7,
                4
            ],
            "direction": "Left"
        },
        {
            "type": "Deploy",
            "name": "“弦惊”",
            "location": [
                5,
                2
            ],
            "direction": "Down",
            "kills": 6
        },
        {
            "type": "Deploy",
            "name": "“弦惊”",
            "location": [
                4,
                2
            ],
            "direction": "Down"
        },
        {
            "type": "Deploy",
            "name": "“弦惊”",
            "location": [
                4,
                3
            ],
            "direction": "Down",
            "kills": 27
        },
        {
            "type": "Deploy",
            "name": "“弦惊”",
            "location": [
                5,
                3
            ],
            "direction": "Down"
        },
        {
            "type": "Skill",
            "name": "令",
            "location": [
                7,
                4
            ],
            "kills": 41
        },
        {
            "type": "Deploy",
            "name": "“弦惊”",
            "location": [
                5,
                5
            ],
            "kills": 48,
            "direction": "Down"
        },
        {
            "type": "Retreat",
            "name": "“弦惊”",
            "location": [
                5,
                5
            ],
            "kills": 59
        },
        {
            "type": "Deploy",
            "name": "“弦惊”",
            "location": [
                5,
                5
            ],
            "direction": "Left",
            "pre_delay": 3000
        },
        {
            "type": "Skill",
            "name": "令",
            "location": [
                7,
                4
            ]
        },
        {
            "type": "SkillDaemon"
        }
    ],
    "doc": {
        "title": "第三章 二次呼吸 - 3-4 - 龟裂",
        "details": "——————————\n作业更新日期: 2024-02-09T09:53:32Z\n统计更新日期: 2025-06-17\n好评率：75.0%  浏览量：1091\n来源：sora  ID：32623\n——————————\n令模组 （有模组的令可以打突袭） 7级技能就可以\nhttps://www.bilibili.com/video/BV17T4y1y79e/?spm_id_from=333.1007.top_right_bar_window_history.content.click&vd_source=3f434191187d6491d3c3c8f43b444893"
    },
    "groups": [],
    "opers": [
        {
            "name": "克洛丝",
            "skill": 1,
            "skill_usage": 0
        },
        {
            "name": "令",
            "skill": 3,
            "skill_usage": 0
        }
    ],
    "difficulty": 1
}