{
    "minimum_required": "v4.0.0",
    "stage_name": "sub_03-3-2",
    "actions": [
        {
            "type": "SpeedUp"
        },
        {
            "type": "Deploy",
            "name": "银灰",
            "location": [
                5,
                2
            ],
            "direction": "Down"
        },
        {
            "type": "Deploy",
            "name": "能天使",
            "location": [
                6,
                2
            ],
            "direction": "Down"
        },
        {
            "type": "Deploy",
            "name": "豆苗",
            "location": [
                4,
                4
            ],
            "direction": "Up"
        },
        {
            "type": "SkillDaemon"
        }
    ],
    "doc": {
        "title": "豆苗模组任务S3-7",
        "details": "——————————\n作业更新日期: 2024-05-15T16:20:37Z\n统计更新日期: 2025-07-15\n好评率：90.0%  浏览量：269\n来源：今川碧海  ID：37690\n——————————\nhttps://www.bilibili.com/video/BV13m41167UE/?spm_id_from=333.999.0.0&vd_source=15f5e238bce57da02f351bbc99ae1d3f"
    },
    "groups": [],
    "opers": [
        {
            "name": "能天使",
            "skill": 3,
            "skill_usage": 0
        },
        {
            "name": "银灰",
            "skill": 1,
            "skill_usage": 0
        },
        {
            "name": "豆苗",
            "skill": 2,
            "skill_usage": 1
        }
    ]
}