{
    "minimum_required": "v4.0.0",
    "stage_name": "easy_13-07",
    "actions": [
        {
            "type": "SpeedUp"
        },
        {
            "type": "Deploy",
            "name": "逻各斯",
            "location": [
                2,
                3
            ],
            "direction": "Right"
        },
        {
            "type": "Skill",
            "name": "炸弹载荷点",
            "location": [
                11,
                1
            ],
            "kills": 21
        },
        {
            "type": "Deploy",
            "name": "砾",
            "location": [
                11,
                2
            ],
            "direction": "Down"
        },
        {
            "type": "Deploy",
            "name": "阿米娅",
            "location": [
                8,
                5
            ],
            "direction": "Right"
        },
        {
            "type": "Retreat",
            "name": "砾",
            "location": [
                11,
                2
            ],
            "costs": 82
        },
        {
            "type": "Deploy",
            "name": "砾",
            "location": [
                6,
                6
            ],
            "direction": "Up"
        },
        {
            "type": "Deploy",
            "name": "砾",
            "location": [
                6,
                4
            ],
            "direction": "Right"
        }
    ],
    "doc": {
        "title": "第十三章 恶兆湍流 - 13-8（简单） - 不虞之会 逻各斯单核",
        "details": "——————————\n作业更新日期: 2025-03-19T10:49:52Z\n统计更新日期: 2025-07-15\n好评率：100.0%  浏览量：261\n来源：一般路过作业人  ID：48859\n——————————\n建议多带一点地面干员挡住会复活的怪，不然逻各斯会在几杀的时候就暴毙\n本系列为剧情模式单核攻略，原作者为低配挂机研讨会，旨在帮助萌新快速拿到六星魔王和医疗阿米娅\n原视频地址为https://www.bilibili.com/video/BV1FUDCYoE3P/?spm_id_from=333.337.search-card.all.click&vd_source=27f2336beff210c36947df72b53abb01"
    },
    "groups": [],
    "opers": [
        {
            "name": "砾",
            "skill": 1,
            "skill_usage": 0
        },
        {
            "name": "逻各斯",
            "skill": 1,
            "skill_usage": 0
        },
        {
            "name": "阿米娅",
            "skill": 1,
            "skill_usage": 0
        },
        {
            "name": "炸弹载荷点",
            "skill": 1,
            "skill_usage": 0
        }
    ]
}