{
  "minimum_required": "v4.0.0",
  "stage_name": "act22side_ex08",
  "actions": [
    {
      "type": "Deploy",
      "name": "桃金娘",
      "location": [
        1,
        4
      ],
      "direction": "Right"
    },
    {
      "type": "Deploy",
      "name": "豆苗",
      "location": [
        3,
        5
      ],
      "direction": "Left"
    },
    {
      "type": "Deploy",
      "name": "磐蟹护卫队",
      "location": [
        3,
        6
      ],
      "direction": "None"
    },
    {
      "type": "Deploy",
      "name": "浊心斯卡蒂",
      "location": [
        9,
        4
      ],
      "direction": "Left"
    },
    {
      "type": "Deploy",
      "name": "煌",
      "location": [
        2,
        4
      ],
      "direction": "Down"
    },
    {
      "type": "Deploy",
      "name": "奶",
      "location": [
        2,
        3
      ],
      "direction": "Down"
    },
    {
      "type": "Deploy",
      "name": "艾雅法拉",
      "location": [
        9,
        5
      ],
      "direction": "Up"
    },
    {
      "type": "Deploy",
      "name": "塞雷娅",
      "location": [
        10,
        3
      ],
      "direction": "Down"
    },
    {
      "type": "Deploy",
      "name": "Lancet-2",
      "location": [
        3,
        4
      ],
      "direction": "Left"
    },
    {
      "type": "Deploy",
      "name": "泥岩",
      "location": [
        11,
        4
      ],
      "direction": "Left"
    },
    {
      "type": "Deploy",
      "name": "棘刺",
      "location": [
        9,
        2
      ],
      "direction": "Down"
    },
    {
      "type": "SkillUsage",
      "name": "桃金娘",
      "skill_usage": 0
    },
    {
      "type": "SkillUsage",
      "name": "豆苗",
      "skill_usage": 0
    },
    {
      "type": "SpeedUp"
    },
    {
      "type": "SkillDaemon"
    }
  ],
  "doc": {
    "title": "照我以火 - FC-EX-8 - 她的火焰（含刻章）",
    "details": "豆苗无需练度，可换四爷\n原作者萧然Q JSON作者萨拉托加\n作业交流群545928846，如果作业有问题可以加群找我，评论区不能及时回复，还可以去群里蹲我的新作业\n【【照我以火】FC-EX1至8突袭 摆完挂机 简单好抄】 https://www.bilibili.com/video/BV1914y1A7sn/?p=16&share_source=copy_web&vd_source=3fd5040fe25f6a00e19e6072bcccfa4e"
  },
  "groups": [
    {
      "name": "奶",
      "opers": [
        {
          "name": "纯烬艾雅法拉",
          "skill": 1,
          "skill_usage": 0
        },
        {
          "name": "闪灵",
          "skill": 2,
          "skill_usage": 0
        }
      ]
    }
  ],
  "opers": [
    {
      "name": "桃金娘",
      "skill": 1,
      "skill_usage": 1
    },
    {
      "name": "棘刺",
      "skill": 3,
      "skill_usage": 1
    },
    {
      "name": "煌",
      "skill": 2,
      "skill_usage": 0
    },
    {
      "name": "泥岩",
      "skill": 2,
      "skill_usage": 0
    },
    {
      "name": "塞雷娅",
      "skill": 2,
      "skill_usage": 0
    },
    {
      "name": "艾雅法拉",
      "skill": 2,
      "skill_usage": 0
    },
    {
      "name": "浊心斯卡蒂",
      "skill": 2,
      "skill_usage": 0
    },
    {
      "name": "Lancet-2",
      "skill": 1,
      "skill_usage": 0
    },
    {
      "name": "豆苗",
      "skill": 1,
      "skill_usage": 1
    }
  ],
  "difficulty": 3
}