{
    "minimum_required": "v4.0.0",
    "stage_name": "GA-6",
    "actions": [
        {
            "type": "SpeedUp"
        },
        {
            "type": "Deploy",
            "name": "史尔特尔",
            "location": [
                6,
                2
            ],
            "direction": "Down"
        },
        {
            "type": "Deploy",
            "name": "棘刺",
            "location": [
                5,
                2
            ],
            "direction": "Left"
        },
        {
            "type": "Retreat",
            "name": "史尔特尔",
            "location": [
                6,
                2
            ],
            "costs": 5
        },
        {
            "type": "Deploy",
            "name": "华法琳",
            "location": [
                8,
                2
            ],
            "direction": "Right"
        },
        {
            "type": "SkillUsage",
            "name": "史尔特尔",
            "skill_usage": 0
        },
        {
            "type": "Deploy",
            "name": "史尔特尔",
            "location": [
                9,
                1
            ],
            "direction": "Down"
        },
        {
            "type": "Skill",
            "name": "史尔特尔",
            "location": [
                9,
                1
            ],
            "kills": 10
        },
        {
            "type": "SkillDaemon"
        }
    ],
    "doc": {
        "title": "吾导先路 GA-6 史棘华三人速刷 萧然攻略",
        "details": "作业更新日期: 2023-02-21T13:39:54Z\n统计更新日期: 2024-07-27\n好评率：92.0%  浏览量：474\n来源：鱼丸不是鱼van  ID：21170\n\n视频作者：萧然Q  BV1YY41137V1\n自动战斗作者：鱼丸 有问题请联系qq2877734958\nmaa问题就别联系了 哥们臭写作业的真不懂maa\n平均练度：2603\n已测试 测试人Emmmer"
    },
    "groups": [],
    "opers": [
        {
            "name": "史尔特尔",
            "skill": 3,
            "skill_usage": 1
        },
        {
            "name": "棘刺",
            "skill": 3,
            "skill_usage": 1
        },
        {
            "name": "华法琳",
            "skill": 1,
            "skill_usage": 0
        }
    ]
}