{
    "minimum_required": "v4.0.0",
    "stage_name": "act16side_08",
    "actions": [
        {
            "type": "SpeedUp"
        },
        {
            "type": "Deploy",
            "name": "棘刺",
            "location": [
                5,
                1
            ],
            "direction": "Down"
        },
        {
            "type": "Deploy",
            "name": "凯尔希",
            "location": [
                7,
                1
            ],
            "direction": "Down"
        },
        {
            "type": "Deploy",
            "name": "银灰",
            "location": [
                7,
                4
            ],
            "direction": "Down"
        },
        {
            "type": "Deploy",
            "name": "Mon3tr",
            "location": [
                1,
                3
            ],
            "direction": "Up"
        },
        {
            "type": "Skill",
            "name": "银灰",
            "location": [
                7,
                4
            ],
            "cost_changes": 14
        },
        {
            "type": "Retreat",
            "name": "银灰",
            "location": [
                7,
                4
            ],
            "kills": 13
        },
        {
            "type": "Skill",
            "name": "凯尔希",
            "location": [
                7,
                1
            ],
            "kills": 16
        },
        {
            "type": "Retreat",
            "name": "Mon3tr",
            "location": [
                1,
                3
            ],
            "kills": 19
        },
        {
            "type": "Deploy",
            "name": "Mon3tr",
            "location": [
                3,
                3
            ],
            "direction": "Down"
        },
        {
            "type": "SkillUsage",
            "name": "凯尔希",
            "skill_usage": 1
        },
        {
            "type": "Deploy",
            "name": "银灰",
            "location": [
                2,
                4
            ],
            "direction": "Down",
            "kills": 28
        },
        {
            "type": "Deploy",
            "name": "Mon3tr",
            "location": [
                1,
                3
            ],
            "direction": "Up"
        },
        {
            "type": "SkillUsage",
            "name": "凯尔希",
            "skill_usage": 0
        },
        {
            "type": "Skill",
            "name": "银灰",
            "location": [
                2,
                4
            ],
            "costs": 98
        },
        {
            "type": "Skill",
            "name": "凯尔希",
            "kills": 30,
            "location": [
                7,
                1
            ]
        },
        {
            "type": "SkillDaemon"
        }
    ],
    "doc": {
        "title": "吾导先路 GA-8 凯银棘三人速刷 萧然攻略",
        "details": "作业更新日期: 2023-02-23T04:28:25Z\n统计更新日期: 2024-07-27\n好评率：26.67%  浏览量：215\n来源：鱼丸不是鱼van  ID：21174\n\n视频作者：萧然Q  BV1YY41137V1\n自动战斗作者：鱼丸 有问题请联系qq2877734958\nmaa问题就别联系了 哥们臭写作业的真不懂maa\n平均练度：2603\n已测试 测试人Emmmer\n "
    },
    "groups": [],
    "opers": [
        {
            "name": "银灰",
            "skill": 3,
            "skill_usage": 0
        },
        {
            "name": "棘刺",
            "skill": 3,
            "skill_usage": 1
        },
        {
            "name": "凯尔希",
            "skill": 3,
            "skill_usage": 0
        }
    ]
}