{
    "minimum_required": "v4.0.0",
    "stage_name": "GA-8",
    "actions": [
        {
            "type": "SpeedUp"
        },
        {
            "type": "Deploy",
            "name": "史尔特尔",
            "location": [
                5,
                2
            ],
            "direction": "Right"
        },
        {
            "type": "Deploy",
            "name": "银灰",
            "location": [
                2,
                4
            ],
            "direction": "Down"
        },
        {
            "type": "Retreat",
            "name": "史尔特尔",
            "location": [
                5,
                2
            ],
            "kills": 4
        },
        {
            "type": "Deploy",
            "name": "凯尔希",
            "location": [
                7,
                1
            ],
            "direction": "Left"
        },
        {
            "type": "Deploy",
            "name": "Mon3tr",
            "location": [
                5,
                1
            ],
            "direction": "Down"
        },
        {
            "type": "Skill",
            "name": "银灰",
            "location": [
                2,
                4
            ],
            "pre_delay": 500
        },
        {
            "type": "SkillUsage",
            "name": "史尔特尔",
            "skill_usage": 0
        },
        {
            "type": "Deploy",
            "name": "史尔特尔",
            "location": [
                1,
                3
            ],
            "costs": 52,
            "direction": "Up"
        },
        {
            "type": "Skill",
            "name": "凯尔希",
            "kills": 14,
            "location": [
                7,
                1
            ]
        },
        {
            "type": "Skill",
            "name": "史尔特尔",
            "location": [
                1,
                3
            ],
            "pre_delay": 250
        },
        {
            "type": "Retreat",
            "name": "Mon3tr",
            "location": [
                5,
                1
            ],
            "kills": 20
        },
        {
            "type": "Deploy",
            "name": "银灰",
            "location": [
                5,
                1
            ],
            "pre_delay": 500,
            "direction": "Down"
        },
        {
            "type": "Deploy",
            "name": "Mon3tr",
            "location": [
                3,
                2
            ],
            "direction": "Down",
            "cooling": 1
        },
        {
            "type": "Skill",
            "name": "凯尔希",
            "location": [
                7,
                1
            ],
            "cost_changes": 15
        },
        {
            "type": "Skill",
            "name": "银灰",
            "location": [
                5,
                1
            ],
            "cost_changes": 6
        },
        {
            "type": "Deploy",
            "name": "史尔特尔",
            "location": [
                1,
                3
            ],
            "direction": "Down"
        },
        {
            "type": "Deploy",
            "name": "艾雅法拉",
            "location": [
                4,
                4
            ],
            "direction": "Left"
        },
        {
            "type": "Skill",
            "name": "史尔特尔",
            "location": [
                1,
                3
            ],
            "cost_changes": 19,
            "rear_delay": 500
        },
        {
            "type": "Skill",
            "name": "艾雅法拉",
            "location": [
                4,
                4
            ],
            "kills": 31
        },
        {
            "type": "SkillDaemon"
        }
    ],
    "doc": {
        "title": "吾导先路 GA-8 凯银羊史 四人速刷 萧然攻略",
        "details": "作业更新日期: 2023-02-21T13:40:09Z\n统计更新日期: 2024-07-27\n好评率：80.95%  浏览量：899\n来源：鱼丸不是鱼van  ID：21175\n\n视频作者：萧然Q  BV1YY41137V1\n自动战斗作者：鱼丸 有问题请联系qq2877734958\nmaa问题就别联系了 哥们臭写作业的真不懂maa\n平均练度：2603\n已测试 测试人Emmmer\n "
    },
    "groups": [],
    "opers": [
        {
            "name": "银灰",
            "skill": 3,
            "skill_usage": 0
        },
        {
            "name": "凯尔希",
            "skill": 3,
            "skill_usage": 0
        },
        {
            "name": "艾雅法拉",
            "skill": 3,
            "skill_usage": 0
        },
        {
            "name": "史尔特尔",
            "skill": 3,
            "skill_usage": 1
        }
    ]
}