{
    "minimum_required": "v4.0",
    "doc": {
        "title": "【吾导先路】GA-EX-1突袭四人",
        "details": "UP：萧然Q\n原视频：https://www.bilibili.com/video/av679992983/\n有问题联系制作者QQ2586582719"
    },
    "stage_name": "act16side_ex01",
    "opers": [
        {
            "name": "煌",
            "skill": 2,
            "skill_usage": 0
        },
        {
            "name": "塞雷娅",
            "skill": 2,
            "skill_usage": 0
        },
        {
            "name": "德克萨斯",
            "skill": 1,
            "skill_usage": 0
        },
        {
            "name": "白面鸮",
            "skill": 2,
            "skill_usage": 0
        }
    ],
    "actions": [
        {
            "type": "二倍速",
            "name": ""
        },
        {
            "type": "部署",
            "name": "德克萨斯",
            "location": [
                1,
                2
            ],
            "direction": "右"
        },
        {
            "type": "部署",
            "name": "塞雷娅",
            "location": [
                1,
                3
            ],
            "direction": "右"
        },
        {
            "type": "部署",
            "name": "煌",
            "location": [
                2,
                1
            ],
            "direction": "下"
        },
        {
            "type": "部署",
            "name": "白面鸮",
            "location": [
                1,
                1
            ],
            "direction": "下"
        }
    ]
}