{
    "minimum_required": "v4.0",
    "doc": {
        "title": "【吾导先路】GA-EX-5突袭四人",
        "details": "UP：萧然Q\n原视频：https://www.bilibili.com/video/av679992983/\n有问题联系制作者QQ2586582719"
    },
    "stage_name": "act16side_ex05",
    "opers": [
        {
            "name": "煌",
            "skill": 2,
            "skill_usage": 0
        },
        {
            "name": "棘刺",
            "skill": 3,
            "skill_usage": 1
        },
        {
            "name": "塞雷娅",
            "skill": 1,
            "skill_usage": 0
        },
        {
            "name": "夜莺",
            "skill": 2,
            "skill_usage": 0
        }
    ],
    "actions": [
        {
            "type": "二倍速",
            "name": ""
        },
        {
            "type": "部署",
            "name": "棘刺",
            "location": [
                3,
                2
            ],
            "direction": "下"
        },
        {
            "type": "部署",
            "name": "塞雷娅",
            "location": [
                3,
                3
            ],
            "direction": "下"
        },
        {
            "type": "部署",
            "name": "夜莺",
            "location": [
                1,
                2
            ],
            "direction": "右"
        },
        {
            "type": "部署",
            "name": "煌",
            "location": [
                7,
                5
            ],
            "direction": "右"
        },
        {
            "type": "摆完挂机",
            "name": ""
        }
    ]
}