{
    "minimum_required": "v4.0.0",
    "doc": {
        "title": "【吾导先路】GA-EX-2突袭五人",
        "details": "作业更新日期: 2024-07-27T10:25:26Z\n统计更新日期: 2024-07-27\n好评率：100.0%  浏览量：130\n来源：一只摆烂的42  ID：21208\n\nUP：萧然Q\n原视频：https://www.bilibili.com/video/av679992983/\n制作者：一只摆烂的42\n有问题联系QQ2586582719\n修改自用请删除我的QQ"
    },
    "stage_name": "act16side_ex02",
    "opers": [
        {
            "name": "煌",
            "skill": 2,
            "skill_usage": 0
        },
        {
            "name": "艾雅法拉",
            "skill": 2,
            "skill_usage": 0
        }
    ],
    "actions": [
        {
            "type": "二倍速",
            "name": ""
        },
        {
            "type": "Deploy",
            "name": "先锋",
            "direction": "右",
            "location": [
                8,
                5
            ]
        },
        {
            "type": "Deploy",
            "name": "奶",
            "direction": "右",
            "location": [
                2,
                3
            ]
        },
        {
            "type": "部署",
            "name": "艾雅法拉",
            "location": [
                5,
                2
            ],
            "direction": "左"
        },
        {
            "type": "部署",
            "name": "煌",
            "location": [
                1,
                2
            ],
            "direction": "上"
        },
        {
            "type": "Deploy",
            "name": "奶盾",
            "direction": "下",
            "location": [
                8,
                4
            ]
        }
    ],
    "difficulty": 3,
    "groups": [
        {
            "name": "先锋",
            "opers": [
                {
                    "name": "风笛",
                    "skill": 2,
                    "skill_usage": 0
                },
                {
                    "name": "推进之王",
                    "skill": 2,
                    "skill_usage": 0
                }
            ]
        },
        {
            "name": "奶",
            "opers": [
                {
                    "name": "纯烬艾雅法拉",
                    "skill": 1,
                    "skill_usage": 0
                },
                {
                    "name": "闪灵",
                    "skill": 2,
                    "skill_usage": 0
                }
            ]
        },
        {
            "name": "奶盾",
            "opers": [
                {
                    "name": "黍",
                    "skill": 1,
                    "skill_usage": 0
                },
                {
                    "name": "塞雷娅",
                    "skill": 1,
                    "skill_usage": 0
                }
            ]
        }
    ]
}