{
    "minimum_required": "v4.0.0",
    "doc": {
        "title": "【吾导先路】GA-EX-1突袭四人",
        "details": "作业更新日期: 2024-07-27T10:23:59Z\n统计更新日期: 2024-07-27\n好评率：100.0%  浏览量：193\n来源：一只摆烂的42  ID：21209\n\nUP：萧然Q\n原视频：https://www.bilibili.com/video/av679992983/\n制作者：一只摆烂的42\n有问题联系QQ2586582719\n修改自用请删除我的QQ"
    },
    "stage_name": "act16side_ex01",
    "opers": [
        {
            "name": "煌",
            "skill": 2,
            "skill_usage": 0
        },
        {
            "name": "德克萨斯",
            "skill": 1,
            "skill_usage": 0
        },
        {
            "name": "白面鸮",
            "skill": 2,
            "skill_usage": 0
        }
    ],
    "actions": [
        {
            "type": "二倍速",
            "name": ""
        },
        {
            "type": "部署",
            "name": "德克萨斯",
            "location": [
                1,
                2
            ],
            "direction": "右"
        },
        {
            "type": "Deploy",
            "name": "奶盾",
            "direction": "右",
            "location": [
                1,
                3
            ]
        },
        {
            "type": "部署",
            "name": "煌",
            "location": [
                2,
                1
            ],
            "direction": "下"
        },
        {
            "type": "部署",
            "name": "白面鸮",
            "location": [
                1,
                1
            ],
            "direction": "下"
        }
    ],
    "difficulty": 3,
    "groups": [
        {
            "name": "奶盾",
            "opers": [
                {
                    "name": "塞雷娅",
                    "skill": 2,
                    "skill_usage": 0
                },
                {
                    "name": "黍",
                    "skill": 1,
                    "skill_usage": 0
                }
            ]
        }
    ]
}