{
    "minimum_required": "v4.0.0",
    "doc": {
        "title": "【吾导先路】GA-EX-6突袭五人",
        "details": "作业更新日期: 2024-07-27T10:33:35Z\n统计更新日期: 2024-07-27\n好评率：100.0%  浏览量：160\n来源：一只摆烂的42  ID：21214\n\nUP：萧然Q\n原视频：https://www.bilibili.com/video/av679992983/\n有问题联系制作者QQ2586582719"
    },
    "stage_name": "act16side_ex06",
    "opers": [
        {
            "name": "桃金娘",
            "skill": 1,
            "skill_usage": 1
        },
        {
            "name": "煌",
            "skill": 2,
            "skill_usage": 0
        },
        {
            "name": "艾雅法拉",
            "skill": 2,
            "skill_usage": 0
        }
    ],
    "actions": [
        {
            "type": "二倍速",
            "name": ""
        },
        {
            "type": "部署",
            "name": "桃金娘",
            "location": [
                1,
                4
            ],
            "direction": "上"
        },
        {
            "type": "Deploy",
            "name": "先锋",
            "direction": "上",
            "location": [
                1,
                3
            ]
        },
        {
            "type": "部署",
            "name": "煌",
            "location": [
                8,
                3
            ],
            "direction": "上"
        },
        {
            "type": "部署",
            "name": "艾雅法拉",
            "location": [
                6,
                3
            ],
            "direction": "右"
        },
        {
            "type": "Deploy",
            "name": "奶",
            "direction": "右",
            "location": [
                6,
                4
            ]
        }
    ],
    "difficulty": 3,
    "groups": [
        {
            "name": "先锋",
            "opers": [
                {
                    "name": "风笛",
                    "skill": 2,
                    "skill_usage": 0
                },
                {
                    "name": "推进之王",
                    "skill": 2,
                    "skill_usage": 0
                }
            ]
        },
        {
            "name": "奶",
            "opers": [
                {
                    "name": "纯烬艾雅法拉",
                    "skill": 1,
                    "skill_usage": 0
                },
                {
                    "name": "闪灵",
                    "skill": 2,
                    "skill_usage": 0
                }
            ]
        }
    ]
}