{
    "minimum_required": "v4.0.0",
    "doc": {
        "title": "【吾导先路】GA-EX-5突袭六人",
        "details": "作业更新日期: 2024-07-27T10:34:35Z\n统计更新日期: 2024-07-27\n好评率：100.0%  浏览量：61\n来源：一只摆烂的42  ID：21212\n\nUP：萧然Q\n原视频：https://www.bilibili.com/video/av679992983/\n有问题联系制作者QQ2586582719"
    },
    "stage_name": "act16side_ex05",
    "opers": [
        {
            "name": "煌",
            "skill": 2,
            "skill_usage": 0
        },
        {
            "name": "棘刺",
            "skill": 3,
            "skill_usage": 1
        },
        {
            "name": "拉普兰德",
            "skill": 2,
            "skill_usage": 0
        },
        {
            "name": "泥岩",
            "skill": 2,
            "skill_usage": 0
        },
        {
            "name": "夜莺",
            "skill": 2,
            "skill_usage": 0
        }
    ],
    "actions": [
        {
            "type": "二倍速",
            "name": ""
        },
        {
            "type": "部署",
            "name": "棘刺",
            "location": [
                3,
                2
            ],
            "direction": "下"
        },
        {
            "type": "Deploy",
            "name": "奶盾",
            "direction": "下",
            "location": [
                3,
                3
            ]
        },
        {
            "type": "部署",
            "name": "煌",
            "location": [
                9,
                5
            ],
            "direction": "左"
        },
        {
            "type": "部署",
            "name": "夜莺",
            "location": [
                1,
                2
            ],
            "direction": "右"
        },
        {
            "type": "部署",
            "name": "拉普兰德",
            "location": [
                1,
                4
            ],
            "direction": "右"
        },
        {
            "type": "部署",
            "name": "泥岩",
            "location": [
                9,
                3
            ],
            "direction": "上"
        }
    ],
    "difficulty": 3,
    "groups": [
        {
            "name": "奶盾",
            "opers": [
                {
                    "name": "黍",
                    "skill": 1,
                    "skill_usage": 0
                },
                {
                    "name": "塞雷娅",
                    "skill": 1,
                    "skill_usage": 0
                }
            ]
        }
    ]
}