{"minimum_required":"v4.0.0","stage_name":"act16side_0EX-8","actions":[{"type":"SpeedUp"},{"type":"Deploy","name":"泥岩","location":[3,6],"direction":"Right"},{"type":"Deploy","name":"银灰","location":[4,3],"direction":"Left","cost_changes":28},{"type":"Deploy","name":"史尔特尔","location":[4,3],"direction":"Down","cooling":1},{"type":"Deploy","name":"凯尔希","location":[9,5],"direction":"Up","costs":99,"pre_delay":1000},{"type":"Deploy","name":"银灰","location":[9,4],"direction":"Up"},{"type":"Deploy","name":"Mon3tr","location":[8,2],"direction":"Down"},{"type":"Skill","name":"凯尔希","location":[9,5],"cost_changes":14},{"type":"Retreat","name":"Mon3tr","location":[8,2],"cost_changes":20},{"type":"Deploy","name":"史尔特尔","location":[8,2],"direction":"Right"},{"type":"Deploy","name":"Mon3tr","location":[8,5],"direction":"Up","cooling":0},{"type":"SkillUsage","name":"银灰","skill_usage":0},{"type":"Skill","name":"银灰","pre_delay":500,"location":[9,4],"kills":37},{"type":"Skill","name":"凯尔希","location":[9,5]},{"type":"Deploy","name":"史尔特尔","location":[8,2],"direction":"Right"},{"type":"SkillDaemon"}],"doc":{"title":"吾导先路 GA-EX-8 少人版 突袭普通兼容 萧然攻略","details":"视频作者：萧然Q  BV1YY41137V1\n自动战斗作者：鱼丸 有问题请联系qq2877734958\nmaa问题就别联系了 哥们臭写作业的真不懂maa\n本打法突袭普通兼容 平均练度：2603\n可能因为不知道哪里练度稍有点差距什么的导致乱轴\n要是乱轴可以考虑另一个版本\n已测试 测试人鱼丸"},"groups":[],"opers":[{"name":"泥岩","skill":2,"skill_usage":0},{"name":"银灰","skill":3,"skill_usage":1},{"name":"史尔特尔","skill":3,"skill_usage":1},{"name":"凯尔希","skill":3,"skill_usage":0}]}