{"minimum_required":"v4.0.0","stage_name":"act16side_06","actions":[{"type":"SpeedUp"},{"type":"Deploy","name":"塞雷娅","location":[4,2],"direction":"Left"},{"type":"Deploy","name":"棘刺","location":[6,1],"direction":"Down"},{"type":"SkillDaemon"}],"doc":{"title":"吾导先路 GA-6 萧然攻略摆完挂机","details":"视频作者：萧然Q  BV1YY41137V1\n自动战斗作者：鱼丸 有问题请联系qq2877734958\nmaa问题就别联系了 哥们臭写作业的真不懂maa\n平均练度：2603\n已测试 测试人Emmmer"},"groups":[],"opers":[{"name":"塞雷娅","skill":1,"skill_usage":0},{"name":"棘刺","skill":3,"skill_usage":1}]}