{"minimum_required":"v4.0.0","stage_name":"act16side_0EX-5","actions":[{"type":"SpeedUp"},{"type":"Deploy","name":"棘刺","location":[3,2],"direction":"Down"},{"type":"Deploy","name":"塞雷娅","location":[3,3],"direction":"Left"},{"type":"Deploy","name":"煌","location":[9,5],"direction":"Left"},{"type":"Deploy","name":"夜莺","location":[1,2],"direction":"Right"},{"type":"Deploy","name":"拉普兰德","location":[1,4],"direction":"Right"},{"type":"Deploy","name":"泥岩","location":[9,3],"direction":"Up"},{"type":"SkillDaemon"}],"doc":{"title":"吾导先路 GA-EX-5 突袭普通兼容 拿刻章 萧然攻略","details":"视频作者：萧然Q  BV1YY41137V1\n自动战斗作者：鱼丸 有问题请联系qq2877734958\nmaa问题就别联系了 哥们臭写作业的真不懂maa\n平均练度：2603\n已测试 测试人Emmmer\n本打法突袭普通兼容"},"groups":[],"opers":[{"name":"煌","skill":2,"skill_usage":0},{"name":"夜莺","skill":2,"skill_usage":0},{"name":"棘刺","skill":3,"skill_usage":1},{"name":"塞雷娅","skill":1,"skill_usage":0},{"name":"泥岩","skill":2,"skill_usage":0},{"name":"拉普兰德","skill":2,"skill_usage":0}]}