{"minimum_required":"v4.0.0","stage_name":"act16side_07","actions":[{"type":"SpeedUp"},{"type":"Deploy","name":"银灰","location":[5,5],"direction":"Left"},{"type":"Deploy","name":"凯尔希","location":[5,3],"direction":"Down"},{"type":"Retreat","name":"银灰","location":[5,5],"costs":18},{"type":"Deploy","name":"Mon3tr","location":[5,5],"direction":"Left"},{"type":"Skill","name":"凯尔希","location":[5,3],"cost_changes":14},{"type":"SkillUsage","name":"凯尔希","skill_usage":1},{"type":"SkillUsage","name":"银灰","skill_usage":0},{"type":"Deploy","name":"银灰","location":[2,2],"direction":"Right"},{"type":"Skill","name":"银灰","location":[2,2],"kills":27},{"type":"SkillDaemon"}],"doc":{"title":"吾导先路 GA-7 凯银二人速刷 萧然攻略","details":"视频作者：萧然Q  BV1YY41137V1\n自动战斗作者：鱼丸 有问题请联系qq2877734958\nmaa问题就别联系了 哥们臭写作业的真不懂maa\n平均练度：2603\n已测试 测试人Emmmer"},"groups":[],"opers":[{"name":"凯尔希","skill":3,"skill_usage":0},{"name":"银灰","skill":3,"skill_usage":1}]}