{"minimum_required":"v4.0.0","stage_name":"act16side_08","actions":[{"type":"SpeedUp"},{"type":"Deploy","name":"棘刺","location":[3,2],"direction":"Right"},{"type":"Deploy","name":"白面鸮","location":[7,1],"direction":"Left"},{"type":"Deploy","name":"塞雷娅","location":[3,4],"direction":"Left"},{"type":"Deploy","name":"煌","location":[5,1],"direction":"Down"},{"type":"Deploy","name":"伊芙利特","location":[8,2],"direction":"Left"},{"type":"Deploy","name":"临光","location":[7,4],"direction":"Down"},{"type":"SkillDaemon"}],"doc":{"title":"吾导先路 GA-8 萧然攻略摆完挂机","details":"视频作者：萧然Q  BV1YY41137V1\n自动战斗作者：鱼丸 有问题请联系qq2877734958\nmaa问题就别联系了 哥们臭写作业的真不懂maa\n平均练度：2603 临光精一就够 白面鸮不知道精二天赋有没有影响 可能有吧 鹅\n已测试 测试人Emmmer \n"},"groups":[],"opers":[{"name":"煌","skill":2,"skill_usage":0},{"name":"塞雷娅","skill":2,"skill_usage":0},{"name":"棘刺","skill":3,"skill_usage":1},{"name":"伊芙利特","skill":2,"skill_usage":0},{"name":"白面鸮","skill":2,"skill_usage":0},{"name":"临光","skill":1,"skill_usage":0}]}