{
    "minimum_required": "v4.0",
    "doc": {
        "title": "",
        "details": "https://www.bilibili.com/video/av728796393/"
    },
    "stage_name": "DH-7",
    "opers": [
        {
            "name": "拉普兰德",
            "skill": 2,
            "skill_usage": 0
        },
        {
            "name": "塞雷娅",
            "skill": 2,
            "skill_usage": 0
        },
        {
            "name": "煌",
            "skill": 2,
            "skill_usage": 0
        }
    ],
    "actions": [
        {
            "type": "二倍速",
            "name": ""
        },
        {
            "type": "部署",
            "name": "拉普兰德",
            "location": [
                7,
                2
            ],
            "direction": "左"
        },
        {
            "type": "部署",
            "name": "特制水上平台",
            "location": [
                5,
                3
            ]
        },
        {
            "type": "部署",
            "name": "塞雷娅",
            "location": [
                5,
                3
            ],
            "direction": "右"
        },
        {
            "type": "部署",
            "name": "特制水上平台",
            "location": [
                4,
                1
            ]
        },
        {
            "type": "部署",
            "name": "煌",
            "location": [
                4,
                1
            ],
            "direction": "下"
        }
    ]
}