{
    "actions": [
        {
            "type": "二倍速"
        },
        {
            "type": "部署",
            "name": "塞雷娅",
            "location": [
                10,
                4
            ],
            "direction": "左"
        },
        {
            "type": "部署",
            "name": "蜜莓",
            "location": [
                11,
                2
            ],
            "direction": "下"
        },
        {
            "type": "部署",
            "location": [
                10,
                2
            ],
            "direction": "下",
            "name": "艾雅法拉"
        },
        {
            "type": "部署",
            "name": "煌",
            "location": [
                10,
                5
            ],
            "direction": "上"
        },
        {
            "type": "部署",
            "name": "能天使",
            "location": [
                7,
                3
            ],
            "direction": "左",
            "cost_changes": 70
        },
        {
            "type": "部署",
            "name": "伊芙利特",
            "location": [
                10,
                7
            ],
            "direction": "上"
        }
    ],
    "stage_name": "DH-9",
    "opers": [
        {
            "name": "艾雅法拉",
            "skill": 3,
            "skill_usage": 0
        },
        {
            "skill": 2,
            "name": "塞雷娅"
        },
        {
            "name": "煌",
            "skill": 2
        },
        {
            "name": "蜜莓",
            "skill": 1
        },
        {
            "name": "能天使",
            "skill": 1
        },
        {
            "name": "伊芙利特",
            "skill": 2
        }
    ],
    "doc": {
        "title": "DH-9",
        "details": ""
    },
    "groups": [],
    "minimum_required": "v4.0"
}