{
    "minimum_required": "v4.0.0",
    "stage_name": "wk_kc_3",
    "actions": [
        {
            "type": "SpeedUp"
        },
        {
            "type": "Deploy",
            "name": "清道夫",
            "location": [
                5,
                2
            ],
            "direction": "Left",
            "kills": 0,
            "cooling": 0,
            "costs": 0,
            "pre_delay": 0
        },
        {
            "type": "Deploy",
            "name": "杰西卡",
            "location": [
                4,
                3
            ],
            "direction": "Left"
        },
        {
            "type": "Deploy",
            "name": "芬",
            "location": [
                5,
                4
            ],
            "direction": "Left"
        },
        {
            "type": "Deploy",
            "name": "格劳克斯",
            "location": [
                1,
                3
            ],
            "direction": "Right"
        },
        {
            "type": "Deploy",
            "name": "阿米娅",
            "location": [
                4,
                1
            ],
            "direction": "Down"
        },
        {
            "type": "Retreat",
            "name": "清道夫",
            "location": [
                5,
                2
            ]
        },
        {
            "type": "Deploy",
            "name": "米格鲁",
            "location": [
                4,
                2
            ],
            "direction": "Left"
        },
        {
            "type": "Deploy",
            "name": "卡缇",
            "location": [
                4,
                4
            ],
            "direction": "Left"
        },
        {
            "type": "Deploy",
            "name": "流星",
            "location": [
                5,
                1
            ],
            "direction": "Left"
        },
        {
            "type": "Deploy",
            "name": "闪灵",
            "location": [
                5,
                3
            ],
            "direction": "Left"
        },
        {
            "type": "Retreat",
            "name": "芬",
            "location": [
                5,
                4
            ]
        },
        {
            "type": "Deploy",
            "name": "蛇屠箱",
            "location": [
                5,
                2
            ],
            "direction": "Left"
        }
    ],
    "doc": {
        "title": "战术演习 - LS-3 - 阵地战演习",
        "details": "作业更新日期: 2023-08-31T03:21:24Z\n统计更新日期: 2024-07-14\n好评率：100.0%  浏览量：178\n来源：Under  ID：27375\n战术演习 - LS-3 - 阵地战演习"
    },
    "groups": [],
    "opers": [
        {
            "name": "闪灵",
            "skill": 1,
            "skill_usage": 1
        },
        {
            "name": "阿米娅",
            "skill": 1,
            "skill_usage": 1
        },
        {
            "name": "清道夫",
            "skill": 1,
            "skill_usage": 1
        },
        {
            "name": "蛇屠箱",
            "skill": 1,
            "skill_usage": 1
        },
        {
            "name": "芬",
            "skill": 1,
            "skill_usage": 1
        },
        {
            "name": "卡缇",
            "skill": 1,
            "skill_usage": 1
        },
        {
            "name": "末药",
            "skill": 1,
            "skill_usage": 1
        },
        {
            "name": "杰西卡",
            "skill": 1,
            "skill_usage": 1
        },
        {
            "name": "格劳克斯",
            "skill": 1,
            "skill_usage": 1
        },
        {
            "name": "格雷伊",
            "skill": 1,
            "skill_usage": 1
        },
        {
            "name": "米格鲁",
            "skill": 1,
            "skill_usage": 1
        },
        {
            "name": "流星",
            "skill": 1,
            "skill_usage": 1
        }
    ]
}