{
    "minimum_required": "v4.0.0",
    "doc": {
        "title": "5-5 突袭",
        "details": "作业更新日期: 2023-03-25T08:41:02Z\n统计更新日期: 2024-10-07\n好评率：94.55%  浏览量：1214\n来源：一只摆烂的42  ID：21809\nUP：侬无言以对\n原视频：https://www.bilibili.com/video/BV1ZM4y1V7r2/\n制作者：一只摆烂的42\n有问题联系QQ2586582719"
    },
    "stage_name": "main_05-05",
    "opers": [
        {
            "name": "泥岩",
            "skill": 2,
            "skill_usage": 0
        },
        {
            "name": "能天使",
            "skill": 3,
            "skill_usage": 0
        }
    ],
    "actions": [
        {
            "type": "二倍速",
            "name": ""
        },
        {
            "type": "部署",
            "name": "能天使",
            "location": [
                9,
                3
            ],
            "direction": "左"
        },
        {
            "type": "部署",
            "name": "泥岩",
            "location": [
                7,
                4
            ],
            "direction": "上"
        }
    ]
}