{
    "minimum_required": "v4.0.0",
    "doc": {
        "title": "5-8 突袭",
        "details": "统计日期：2024-05-31\n好评率：93.48%  浏览量：1085\n来源：一只摆烂的42  ID：21816\nUP：刻俄柏\n原视频：https://www.bilibili.com/video/BV1J94y1d7s7/\n制作者：一只摆烂的42\n有问题联系QQ2586582719"
    },
    "stage_name": "main_05-08",
    "opers": [
        {
            "name": "山",
            "skill": 2,
            "skill_usage": 2
        },
        {
            "name": "塞雷娅",
            "skill": 1,
            "skill_usage": 0
        },
        {
            "name": "煌",
            "skill": 2,
            "skill_usage": 0
        }
    ],
    "actions": [
        {
            "type": "二倍速",
            "name": ""
        },
        {
            "type": "部署",
            "name": "塞雷娅",
            "location": [
                3,
                5
            ],
            "direction": "右"
        },
        {
            "type": "部署",
            "name": "煌",
            "location": [
                4,
                4
            ],
            "direction": "下"
        },
        {
            "type": "部署",
            "name": "山",
            "location": [
                2,
                3
            ],
            "direction": "上"
        },
        {
            "type": "摆完挂机",
            "name": ""
        }
    ]
}