{
    "minimum_required": "v4.0.0",
    "doc": {
        "title": "H5-1 四人超稳定挂机",
        "details": "统计日期：2024-05-25\n好评率：90.91%  浏览量：863\n来源：一只摆烂的42  ID：22290\n原视频：https://www.bilibili.com/video/BV1RN4y1N7am/\n制作者：一只摆烂的42\n有问题联系QQ2586582719"
    },
    "stage_name": "hard_05-01",
    "opers": [
        {
            "name": "棘刺",
            "skill": 3,
            "skill_usage": 1
        },
        {
            "name": "塞雷娅",
            "skill": 1,
            "skill_usage": 0
        },
        {
            "name": "菲亚梅塔",
            "skill": 3,
            "skill_usage": 2
        },
        {
            "name": "夜莺",
            "skill": 2,
            "skill_usage": 0
        }
    ],
    "actions": [
        {
            "type": "二倍速",
            "name": ""
        },
        {
            "type": "部署",
            "name": "棘刺",
            "location": [
                7,
                2
            ],
            "direction": "左"
        },
        {
            "type": "部署",
            "name": "塞雷娅",
            "location": [
                6,
                4
            ],
            "direction": "左"
        },
        {
            "type": "部署",
            "name": "菲亚梅塔",
            "location": [
                8,
                4
            ],
            "direction": "左"
        },
        {
            "type": "部署",
            "name": "夜莺",
            "location": [
                8,
                3
            ],
            "direction": "左"
        },
        {
            "type": "摆完挂机",
            "name": ""
        }
    ]
}