{
    "minimum_required": "v4.0.0",
    "stage_name": "tough_13-08",
    "actions": [
        {
            "type": "Deploy",
            "name": "桃金娘",
            "location": [
                9,
                3
            ],
            "direction": "Left"
        },
        {
            "type": "Skill",
            "location": [
                9,
                3
            ]
        },
        {
            "type": "BulletTime",
            "location": [
                9,
                3
            ]
        },
        {
            "type": "Deploy",
            "name": "泥岩",
            "location": [
                6,
                3
            ],
            "costs": 34,
            "direction": "Left"
        },
        {
            "type": "SpeedUp"
        },
        {
            "type": "Deploy",
            "name": "艾雅法拉",
            "location": [
                5,
                4
            ],
            "direction": "Up",
            "costs": 21
        },
        {
            "type": "Skill",
            "location": [
                5,
                6
            ],
            "costs": 11
        },
        {
            "type": "Skill",
            "name": "艾雅法拉",
            "location": [
                5,
                4
            ],
            "costs": 11
        },
        {
            "type": "Deploy",
            "name": "澄闪",
            "location": [
                3,
                1
            ],
            "costs": 32,
            "direction": "Down"
        },
        {
            "type": "Deploy",
            "name": "能天使",
            "location": [
                8,
                2
            ],
            "direction": "Left",
            "costs": 21
        },
        {
            "type": "Deploy",
            "name": "流明",
            "location": [
                7,
                5
            ],
            "direction": "Up",
            "costs": 21
        }
    ],
    "doc": {
        "title": "主线十三章 恶兆湍流 13-10",
        "details": "统计日期：2024-05-17\n好评率：84.62%  浏览量：1194\n来源：阿萨德斯  ID：28777\n这是磨难难度 普通难度地图不一样 别用磨难的打普通\n测试完发现有概率漏一只虫子建议带个德克萨斯或者风笛吃下天赋\n攻略作者：魔法Zc目录 BV1vp4y1M7Ma"
    },
    "groups": [],
    "opers": [
        {
            "name": "澄闪",
            "skill": 2,
            "skill_usage": 0
        },
        {
            "name": "泥岩",
            "skill": 2,
            "skill_usage": 0
        },
        {
            "name": "能天使",
            "skill": 3,
            "skill_usage": 0
        },
        {
            "name": "流明",
            "skill": 3,
            "skill_usage": 1
        },
        {
            "name": "艾雅法拉",
            "skill": 3,
            "skill_usage": 0
        },
        {
            "name": "桃金娘",
            "skill": 1,
            "skill_usage": 1
        }
    ]
}