{
    "minimum_required": "v4.0",
    "doc": {
        "title": "【生于黑夜】DM-EX-6突袭六人",
        "details": "UP主：萧然Q\n原视频：https://www.bilibili.com/video/av587327412?p=14\n有问题联系制作者QQ2586582719"
    },
    "stage_name": "act9d0_ex06",
    "opers": [
        {
            "name": "推进之王",
            "skill": 2,
            "skill_usage": 0
        },
        {
            "name": "煌",
            "skill": 2,
            "skill_usage": 0
        },
        {
            "name": "泥岩",
            "skill": 2,
            "skill_usage": 0
        },
        {
            "name": "塞雷娅",
            "skill": 1,
            "skill_usage": 0
        },
        {
            "name": "艾雅法拉",
            "skill": 2,
            "skill_usage": 0
        },
        {
            "name": "夜莺",
            "skill": 3,
            "skill_usage": 0
        },
        {
            "name": "安洁莉娜",
            "skill": 1,
            "skill_usage": 0
        }
    ],
    "actions": [
        {
            "type": "二倍速",
            "name": ""
        },
        {
            "type": "部署",
            "name": "煌",
            "location": [
                6,
                5
            ],
            "direction": "上"
        },
        {
            "type": "部署",
            "name": "推进之王",
            "location": [
                2,
                5
            ],
            "direction": "上"
        },
        {
            "type": "部署",
            "name": "艾雅法拉",
            "location": [
                1,
                4
            ],
            "direction": "上"
        },
        {
            "type": "部署",
            "name": "安洁莉娜",
            "location": [
                1,
                3
            ],
            "direction": "上"
        },
        {
            "type": "部署",
            "name": "夜莺",
            "location": [
                7,
                4
            ],
            "direction": "左"
        },
        {
            "type": "部署",
            "kills": 25,
            "name": "泥岩",
            "location": [
                9,
                5
            ],
            "direction": "右"
        },
        {
            "type": "部署",
            "name": "塞雷娅",
            "location": [
                6,
                4
            ],
            "direction": "上"
        },
        {
            "type": "技能",
            "kills": 29,
            "name": "夜莺"
        },
        {
            "type": "打印",
            "name": "",
            "doc": "有问题联系制作者QQ2586582719",
            "doc_color": "SpringGreen"
        }
    ]
}