{
    "minimum_required": "v4.0",
    "doc": {
        "title": "【吾导先路】GA-4双人",
        "details": "UP：萧然Q\n原视频：https://www.bilibili.com/video/av254766733/\n有问题联系制作者QQ2586582719"
    },
    "stage_name": "GA-4",
    "opers": [
        {
            "name": "煌",
            "skill": 2,
            "skill_usage": 0
        },
        {
            "name": "塞雷娅",
            "skill": 2,
            "skill_usage": 0
        }
    ],
    "actions": [
        {
            "type": "二倍速",
            "name": ""
        },
        {
            "type": "部署",
            "name": "煌",
            "location": [
                4,
                3
            ],
            "direction": "右"
        },
        {
            "type": "部署",
            "name": "塞雷娅",
            "location": [
                6,
                2
            ],
            "direction": "下"
        }
    ]
}