{
    "minimum_required": "v4.0.0",
    "stage_name": "main_01-03",
    "actions": [
        {
            "type": "SpeedUp"
        },
        {
            "type": "Deploy",
            "name": "翎羽",
            "location": [
                4,
                1
            ],
            "direction": "Right"
        },
        {
            "type": "Deploy",
            "name": "芬",
            "location": [
                4,
                5
            ],
            "direction": "Right"
        },
        {
            "type": "Deploy",
            "name": "杰西卡",
            "location": [
                3,
                2
            ],
            "direction": "Right"
        },
        {
            "type": "Deploy",
            "name": "芙蓉",
            "location": [
                2,
                4
            ],
            "direction": "Right"
        },
        {
            "type": "Deploy",
            "name": "阿米娅",
            "location": [
                3,
                4
            ],
            "direction": "Right"
        },
        {
            "type": "Deploy",
            "name": "黑角",
            "location": [
                3,
                5
            ],
            "direction": "Right"
        },
        {
            "type": "Skill",
            "kills": 10,
            "name": "翎羽",
            "location": [
                4,
                1
            ]
        },
        {
            "type": "Deploy",
            "name": "安赛尔",
            "location": [
                2,
                2
            ],
            "direction": "Right"
        },
        {
            "type": "Deploy",
            "name": "米格鲁",
            "location": [
                3,
                1
            ],
            "direction": "Right"
        },
        {
            "type": "Retreat",
            "name": "翎羽",
            "location": [
                4,
                1
            ]
        },
        {
            "type": "Deploy",
            "name": "夜刀",
            "location": [
                4,
                1
            ],
            "kills": 25,
            "direction": "Right"
        },
        {
            "type": "Skill",
            "name": "安赛尔",
            "location": [
                2,
                2
            ]
        },
        {
            "type": "SkillDaemon"
        }
    ],
    "doc": {
        "title": "第一章 黑暗时代·下 - 1-3 - 狂奔 - 普通",
        "details": "统计日期：2024-05-17\n好评率：85.71%  浏览量：234\n来源：_ 蘿卜卜  ID：22508\nBV1v8411Y7ed\nup：AnJek\n视频练度：全员10级\n后续作业搜索建议：标题“第一章”，关卡“1-X”"
    },
    "groups": [],
    "opers": [
        {
            "name": "阿米娅",
            "skill": 1,
            "skill_usage": 0
        },
        {
            "name": "安赛尔",
            "skill": 1,
            "skill_usage": 0
        },
        {
            "name": "杰西卡",
            "skill": 1,
            "skill_usage": 0
        },
        {
            "name": "芬",
            "skill": 1,
            "skill_usage": 0
        },
        {
            "name": "翎羽",
            "skill": 1,
            "skill_usage": 0
        },
        {
            "name": "米格鲁",
            "skill": 1,
            "skill_usage": 0
        },
        {
            "name": "黑角",
            "skill": 1,
            "skill_usage": 0
        },
        {
            "name": "夜刀",
            "skill": 1,
            "skill_usage": 0
        },
        {
            "name": "芙蓉",
            "skill": 1,
            "skill_usage": 0
        }
    ],
    "difficulty": 1
}