{
    "minimum_required": "v4.0.0",
    "stage_name": "act15d0_ex08",
    "actions": [
        {
            "type": "SpeedUp"
        },
        {
            "type": "Deploy",
            "name": "先锋2",
            "location": [
                3,
                6
            ],
            "direction": "Up"
        },
        {
            "type": "Deploy",
            "name": "艾雅法拉",
            "location": [
                2,
                2
            ],
            "direction": "Up"
        },
        {
            "type": "Deploy",
            "name": "煌",
            "location": [
                3,
                4
            ],
            "direction": "Up"
        },
        {
            "type": "Deploy",
            "name": "奶盾",
            "location": [
                3,
                3
            ],
            "direction": "Up"
        },
        {
            "type": "Deploy",
            "name": "蓝毒",
            "location": [
                5,
                4
            ],
            "direction": "Right"
        },
        {
            "type": "Deploy",
            "name": "法师",
            "location": [
                5,
                6
            ],
            "direction": "Right"
        },
        {
            "type": "Deploy",
            "name": "伊芙利特",
            "location": [
                5,
                1
            ],
            "direction": "Left"
        },
        {
            "type": "Deploy",
            "name": "能天使",
            "location": [
                1,
                4
            ],
            "direction": "Up",
            "kills": 19
        },
        {
            "type": "SkillDaemon"
        }
    ],
    "doc": {
        "title": "孤岛风云·复刻 - MB-EX-8 - 先到先得",
        "details": "作业更新日期: 2023-11-04T17:22:03Z\n统计更新日期: 2025-02-08\n好评率：100.0%  浏览量：305\n来源：包包包包包包子君  ID：29850\n\nup:侬无言以对\nlink:【【明日方舟】MB-EX-8突袭摆完挂机（初稿/孤岛风云复刻）】 https://www.bilibili.com/video/BV1na411r7uN/?share_source=copy_web&vd_source=dcc7ddeba31e59bccd51d29a07ff1565\n精二603"
    },
    "groups": [
        {
            "name": "奶盾",
            "opers": [
                {
                    "name": "塞雷娅",
                    "skill": 1,
                    "skill_usage": 0
                },
                {
                    "name": "临光",
                    "skill": 1,
                    "skill_usage": 0
                }
            ]
        },
        {
            "name": "法师",
            "opers": [
                {
                    "name": "刻俄柏",
                    "skill": 2,
                    "skill_usage": 1
                },
                {
                    "name": "阿米娅",
                    "skill": 2,
                    "skill_usage": 0
                }
            ]
        },
        {
            "name": "先锋2",
            "opers": [
                {
                    "name": "德克萨斯",
                    "skill": 1,
                    "skill_usage": 0
                },
                {
                    "name": "嵯峨",
                    "skill": 1,
                    "skill_usage": 0
                }
            ]
        }
    ],
    "opers": [
        {
            "name": "煌",
            "skill": 2,
            "skill_usage": 0
        },
        {
            "name": "伊芙利特",
            "skill": 2,
            "skill_usage": 0
        },
        {
            "name": "艾雅法拉",
            "skill": 2,
            "skill_usage": 0
        },
        {
            "name": "能天使",
            "skill": 3,
            "skill_usage": 0
        },
        {
            "name": "蓝毒",
            "skill": 1,
            "skill_usage": 0
        }
    ],
    "difficulty": 3
}