{
    "minimum_required": "v4.0.0",
    "stage_name": "act26side_06",
    "actions": [
        {
            "type": "SpeedUp"
        },
        {
            "type": "Deploy",
            "name": "银灰",
            "location": [
                9,
                2
            ],
            "direction": "Left"
        },
        {
            "type": "Deploy",
            "name": "澄闪",
            "location": [
                3,
                4
            ],
            "direction": "Right"
        },
        {
            "type": "Deploy",
            "name": "奶盾",
            "location": [
                4,
                5
            ],
            "direction": "Right"
        }
    ],
    "doc": {
        "title": "HE-6 - 夜半歌声",
        "details": "作业更新日期: 2024-06-25T09:20:16Z\n统计更新日期: 2024-07-06\n好评率：88.14%  浏览量：1289\n来源：QIAN  ID：38857\n三人挂机速刷，参考视频：https://www.bilibili.com/video/BV1vT3ce7Ejn/?spm_id_from=333.337.search-card.all.click&vd_source=79a2d587b94d1528be121fa255083f3a"
    },
    "groups": [
        {
            "name": "奶盾",
            "opers": [
                {
                    "name": "塞雷娅",
                    "skill": 1,
                    "skill_usage": 0
                },
                {
                    "name": "黍",
                    "skill": 1,
                    "skill_usage": 0
                },
                {
                    "name": "临光",
                    "skill": 1,
                    "skill_usage": 0
                },
                {
                    "name": "古米",
                    "skill": 1,
                    "skill_usage": 0
                }
            ]
        }
    ],
    "opers": [
        {
            "name": "银灰",
            "skill": 1,
            "skill_usage": 0
        },
        {
            "name": "澄闪",
            "skill": 2,
            "skill_usage": 0
        }
    ]
}