{
    "minimum_required": "v4.0.0",
    "stage_name": "act26side_06",
    "actions": [
        {
            "type": "Deploy",
            "name": "令",
            "location": [
                3,
                4
            ],
            "direction": "Right"
        },
        {
            "type": "BulletTime",
            "name": "令",
            "location": [
                3,
                4
            ],
            "costs": 16
        },
        {
            "type": "Deploy",
            "name": "“弦惊”",
            "location": [
                10,
                2
            ],
            "direction": "Left"
        },
        {
            "type": "Deploy",
            "name": "“弦惊”",
            "location": [
                3,
                5
            ],
            "direction": "Right"
        },
        {
            "type": "SpeedUp"
        },
        {
            "type": "Deploy",
            "name": "“弦惊”",
            "location": [
                2,
                5
            ],
            "direction": "Right"
        },
        {
            "type": "Deploy",
            "name": "“弦惊”",
            "location": [
                4,
                2
            ],
            "direction": "Left"
        },
        {
            "type": "Deploy",
            "name": "“弦惊”",
            "location": [
                4,
                5
            ],
            "direction": "Right"
        },
        {
            "type": "Retreat",
            "name": "“弦惊”",
            "location": [
                4,
                2
            ],
            "kills": 16
        },
        {
            "type": "Deploy",
            "name": "“弦惊”",
            "location": [
                9,
                2
            ],
            "direction": "Left"
        },
        {
            "type": "SpeedUp"
        },
        {
            "type": "Deploy",
            "name": "“弦惊”",
            "location": [
                4,
                5
            ],
            "direction": "Right"
        },
        {
            "type": "SpeedUp"
        },
        {
            "type": "Deploy",
            "name": "“弦惊”",
            "location": [
                4,
                4
            ],
            "direction": "Down"
        },
        {
            "type": "Deploy",
            "name": "“弦惊”",
            "location": [
                6,
                1
            ],
            "direction": "Down"
        },
        {
            "type": "Retreat",
            "name": "“弦惊”",
            "location": [
                3,
                5
            ],
            "kills": 19
        },
        {
            "type": "Deploy",
            "name": "“弦惊”",
            "location": [
                5,
                1
            ],
            "direction": "Right"
        },
        {
            "type": "SkillDaemon"
        }
    ],
    "doc": {
        "title": "HE-6 - 夜半歌声 - 单核",
        "details": "作业更新日期: 2024-06-25T11:49:17Z\n统计更新日期: 2024-07-06\n好评率：90.91%  浏览量：1069\n来源：小卡拉帕鲁灰🐖  ID：38888\n令单核"
    },
    "groups": [],
    "opers": [
        {
            "name": "令",
            "skill": 3,
            "skill_usage": 1
        }
    ]
}