{
    "minimum_required": "v4.0.0",
    "stage_name": "act26side_07",
    "actions": [
        {
            "type": "Deploy",
            "name": "玛恩纳",
            "location": [
                4,
                3
            ],
            "direction": "Left"
        },
        {
            "type": "SkillUsage",
            "name": "玛恩纳",
            "skill_usage": 1
        },
        {
            "type": "SpeedUp"
        },
        {
            "type": "Deploy",
            "name": "备用木材",
            "location": [
                7,
                3
            ],
            "direction": "None"
        },
        {
            "type": "Deploy",
            "name": "银灰",
            "location": [
                6,
                3
            ],
            "direction": "Left"
        },
        {
            "type": "SkillUsage",
            "name": "玛恩纳",
            "skill_usage": 0
        },
        {
            "type": "Retreat",
            "name": "玛恩纳",
            "kills": 5
        },
        {
            "type": "Deploy",
            "name": "备用木材",
            "location": [
                5,
                5
            ],
            "direction": "None"
        },
        {
            "type": "Skill",
            "name": "银灰",
            "pre_delay": 5000
        },
        {
            "type": "Deploy",
            "name": "备用木材",
            "location": [
                5,
                1
            ],
            "direction": "None"
        },
        {
            "type": "Skill",
            "name": "圣像",
            "location": [
                3,
                2
            ],
            "pre_delay": 12800
        },
        {
            "type": "Deploy",
            "name": "玛恩纳",
            "location": [
                3,
                3
            ],
            "kills": 13,
            "direction": "Down"
        },
        {
            "type": "Skill",
            "name": "圣像",
            "location": [
                3,
                2
            ],
            "pre_delay": 9100
        },
        {
            "type": "Skill",
            "name": "圣像",
            "location": [
                3,
                2
            ],
            "pre_delay": 13500
        },
        {
            "type": "Skill",
            "name": "圣像",
            "pre_delay": 13500,
            "location": [
                3,
                2
            ]
        },
        {
            "type": "Skill",
            "name": "玛恩纳"
        },
        {
            "type": "Skill",
            "name": "银灰"
        }
    ],
    "doc": {
        "title": "【化学老施】HE-7 2人 95秒堵门速刷 无限定 凝胶",
        "details": "作业更新日期: 2024-06-26T10:33:00Z\n统计更新日期: 2024-07-06\n好评率：85.59%  浏览量：3576\n来源：Li.zip  ID：38854\n原视频 BV1az4y1v7Lw 化学老施\n\n练度推荐：精二70级++专三无需潜能；本人银灰70级3模，无模组测试暴毙\n\n原json：yc.exe，修改第一次圣像开启时间，很好捉虫，使我速刷旋转"
    },
    "groups": [],
    "opers": [
        {
            "name": "玛恩纳",
            "skill": 3,
            "skill_usage": 0
        },
        {
            "name": "银灰",
            "skill": 3,
            "skill_usage": 0
        }
    ]
}