{
    "minimum_required": "v4.0.0",
    "stage_name": "act26side_ex01",
    "actions": [
        {
            "type": "SpeedUp"
        },
        {
            "type": "Deploy",
            "name": "能天使",
            "location": [
                1,
                2
            ],
            "direction": "Right"
        },
        {
            "type": "Deploy",
            "name": "煌",
            "location": [
                3,
                5
            ],
            "direction": "Right"
        },
        {
            "type": "Deploy",
            "name": "艾雅法拉",
            "location": [
                3,
                4
            ],
            "direction": "Right"
        },
        {
            "type": "Deploy",
            "name": "塞雷娅",
            "location": [
                2,
                3
            ],
            "direction": "Right"
        },
        {
            "type": "SkillDaemon",
            "doc": "有帮助的话 点个好评吧~",
            "doc_color": "DarkRed"
        }
    ],
    "doc": {
        "title": "空想花庭 HE-EX-1突袭 萧然Q攻略 摆完挂机 原作:鱼丸",
        "details": "作业更新日期: 2023-06-15T09:51:18Z\n统计更新日期: 2024-07-06\n好评率：85.71%  浏览量：4259\n来源：作业超大杯  ID：23991\n攻略作者：萧然Q https://www.bilibili.com/video/BV13P411Q74r/ 记得去b站给萧然宝贝点赞三连\njson作者：鱼丸 有问题请点踩然后在评论区反馈 评论区不解决maa问题 谢谢理解\n需要上下位替代可以自己下载json进行修改\n连接模式请使用minitouch或者maatouch，本json不兼容ADB Input模式:-)\n平均练度 2603 \nmaa没更新 没测"
    },
    "groups": [
        {
            "name": "能天使",
            "opers": [
                {
                    "name": "灰烬",
                    "skill": 2,
                    "skill_usage": 1
                },
                {
                    "name": "空弦",
                    "skill": 3,
                    "skill_usage": 1
                },
                {
                    "name": "能天使",
                    "skill": 3,
                    "skill_usage": 0
                }
            ]
        },
        {
            "name": "煌",
            "opers": [
                {
                    "name": "煌",
                    "skill": 2,
                    "skill_usage": 0
                },
                {
                    "name": "百炼嘉维尔",
                    "skill": 2,
                    "skill_usage": 1
                }
            ]
        },
        {
            "name": "塞雷娅",
            "opers": [
                {
                    "name": "塞雷娅",
                    "skill": 1,
                    "skill_usage": 0
                },
                {
                    "name": "临光",
                    "skill": 1,
                    "skill_usage": 0
                }
            ]
        }
    ],
    "opers": [
        {
            "name": "艾雅法拉",
            "skill": 2,
            "skill_usage": 0
        }
    ]
}