{
    "minimum_required": "v4.0.0",
    "stage_name": "act26side_ex04",
    "actions": [
        {
            "type": "Deploy",
            "name": "桃金娘",
            "location": [
                7,
                2
            ],
            "direction": "Right"
        },
        {
            "type": "SpeedUp"
        },
        {
            "type": "Deploy",
            "name": "艾雅法拉",
            "location": [
                9,
                3
            ],
            "direction": "Up"
        },
        {
            "type": "Deploy",
            "name": "棘刺",
            "location": [
                3,
                1
            ],
            "direction": "Down"
        },
        {
            "type": "Deploy",
            "name": "奶盾",
            "location": [
                2,
                1
            ],
            "direction": "Down"
        },
        {
            "type": "Deploy",
            "name": "克洛丝",
            "location": [
                3,
                2
            ],
            "direction": "Down"
        },
        {
            "type": "Deploy",
            "name": "澄闪",
            "location": [
                8,
                3
            ],
            "direction": "Left"
        },
        {
            "type": "SkillUsage",
            "name": "桃金娘",
            "skill_usage": 0
        },
        {
            "type": "Deploy",
            "name": "备用木材",
            "location": [
                6,
                5
            ],
            "direction": "None"
        },
        {
            "type": "Deploy",
            "name": "备用木材",
            "location": [
                6,
                2
            ],
            "direction": "None",
            "cost_changes": 48
        },
        {
            "type": "Deploy",
            "name": "备用木材",
            "location": [
                5,
                2
            ],
            "direction": "None"
        },
        {
            "type": "Deploy",
            "name": "备用木材",
            "location": [
                5,
                5
            ],
            "direction": "None"
        },
        {
            "type": "SkillDaemon"
        }
    ],
    "doc": {
        "title": "空想花庭 - HE-EX-4 - 骷髅苦地",
        "details": "作业更新日期: 2024-06-26T03:55:27Z\n统计更新日期: 2024-07-06\n好评率：95.71%  浏览量：1332\n来源：芦苇不生锈  ID：38931\n原视频：空想花庭 突袭HE-EX-4 五人 摆完挂机 简单好抄\nhttps://www.bilibili.com/video/BV12c411M7rn/?spm_id_from=333.880.my_history.page.click"
    },
    "groups": [
        {
            "name": "奶盾",
            "opers": [
                {
                    "name": "黍",
                    "skill": 1,
                    "skill_usage": 0
                },
                {
                    "name": "塞雷娅",
                    "skill": 1,
                    "skill_usage": 0
                }
            ]
        }
    ],
    "opers": [
        {
            "name": "棘刺",
            "skill": 3,
            "skill_usage": 1
        },
        {
            "name": "桃金娘",
            "skill": 1,
            "skill_usage": 1
        },
        {
            "name": "艾雅法拉",
            "skill": 2,
            "skill_usage": 0
        },
        {
            "name": "澄闪",
            "skill": 2,
            "skill_usage": 0
        },
        {
            "name": "克洛丝",
            "skill": 1,
            "skill_usage": 0
        }
    ],
    "difficulty": 3
}