{
    "minimum_required": "v4.0.0",
    "stage_name": "act26side_ex04",
    "actions": [
        {
            "type": "SpeedUp"
        },
        {
            "type": "Deploy",
            "name": "桃金娘",
            "location": [
                10,
                4
            ],
            "direction": "Left"
        },
        {
            "type": "Deploy",
            "name": "棘刺",
            "location": [
                7,
                3
            ],
            "direction": "Right"
        },
        {
            "type": "Deploy",
            "name": "能天使",
            "location": [
                3,
                2
            ],
            "direction": "Down"
        },
        {
            "type": "Deploy",
            "name": "山",
            "location": [
                3,
                1
            ],
            "direction": "Left"
        },
        {
            "type": "Deploy",
            "name": "备用木材",
            "location": [
                6,
                2
            ],
            "direction": "None",
            "kills": 6
        },
        {
            "type": "Deploy",
            "name": "黍",
            "location": [
                6,
                2
            ],
            "direction": "Right"
        },
        {
            "type": "Deploy",
            "name": "单法",
            "location": [
                9,
                3
            ],
            "direction": "Up",
            "costs": 25
        },
        {
            "type": "Deploy",
            "name": "备用木材",
            "location": [
                6,
                5
            ],
            "direction": "None"
        },
        {
            "type": "Deploy",
            "name": "备用木材",
            "location": [
                5,
                2
            ],
            "direction": "None",
            "kills": 12
        },
        {
            "type": "Deploy",
            "name": "煌",
            "location": [
                5,
                2
            ],
            "direction": "Right"
        },
        {
            "type": "SkillUsage",
            "name": "桃金娘",
            "skill_usage": 0
        },
        {
            "type": "Skill",
            "name": "圣像",
            "location": [
                8,
                4
            ],
            "kills": 30
        },
        {
            "type": "SkillDaemon"
        }
    ],
    "doc": {
        "title": "【小鬼卡比】【普通/突袭】空想花庭 - HE-EX-4",
        "details": "作业更新日期: 2024-06-25T11:35:10Z\n统计更新日期: 2024-07-06\n好评率：93.08%  浏览量：2499\n来源：VASN  ID：38886\n【空想花庭】HE-EX-8突袭等 EX合集【摆完挂机】攻略合集 【明日方舟】】https://www.bilibili.com/video/BV1nz4y1e7K6\n麻烦给卡比老师一个3连吖\n普通测试已过\n突袭测试已过"
    },
    "groups": [
        {
            "name": "单法",
            "opers": [
                {
                    "name": "澄闪",
                    "skill": 2,
                    "skill_usage": 0
                },
                {
                    "name": "艾雅法拉",
                    "skill": 2,
                    "skill_usage": 0
                }
            ]
        }
    ],
    "opers": [
        {
            "name": "棘刺",
            "skill": 3,
            "skill_usage": 1
        },
        {
            "name": "山",
            "skill": 2,
            "skill_usage": 2
        },
        {
            "name": "煌",
            "skill": 2,
            "skill_usage": 0
        },
        {
            "name": "桃金娘",
            "skill": 1,
            "skill_usage": 1
        },
        {
            "name": "能天使",
            "skill": 1,
            "skill_usage": 0
        },
        {
            "name": "黍",
            "skill": 1,
            "skill_usage": 0
        }
    ],
    "difficulty": 3
}