{
    "minimum_required": "v4.0.0",
    "stage_name": "act26side_ex03",
    "actions": [
        {
            "type": "Deploy",
            "name": "桃金娘",
            "location": [
                8,
                2
            ],
            "direction": "Left"
        },
        {
            "type": "Deploy",
            "name": "山",
            "location": [
                5,
                2
            ],
            "direction": "Left"
        },
        {
            "type": "SpeedUp"
        },
        {
            "type": "Deploy",
            "name": "煌",
            "location": [
                4,
                5
            ],
            "direction": "Up",
            "costs": 40
        },
        {
            "type": "Deploy",
            "name": "塞雷娅",
            "location": [
                5,
                4
            ],
            "direction": "Left"
        },
        {
            "type": "Deploy",
            "name": "能天使",
            "location": [
                7,
                1
            ],
            "direction": "Left"
        },
        {
            "type": "SkillUsage",
            "name": "桃金娘",
            "skill_usage": 0
        },
        {
            "type": "SkillDaemon",
            "doc": "有帮助的话 点个好评吧~",
            "doc_color": "DarkRed"
        }
    ],
    "doc": {
        "title": "空想花庭 HE-EX-3突袭 可拿蚀刻章 萧然Q攻略 摆完挂机",
        "details": "作业更新日期: 2023-06-16T00:11:26Z\n统计更新日期: 2024-07-06\n好评率：91.54%  浏览量：24561\n来源：鱼丸不是鱼van  ID：23986\n攻略作者：萧然Q https://www.bilibili.com/video/BV13P411Q74r/ 记得去b站给萧然宝贝点赞三连\njson作者：鱼丸 有问题请点踩然后在评论区反馈 评论区不解决maa问题 谢谢理解\n需要上下位替代可以自己下载json进行修改\n连接模式请使用minitouch或者maatouch，本json不兼容ADB Input模式:-)\n平均练度 2603 \n测了 过了"
    },
    "groups": [],
    "opers": [
        {
            "name": "桃金娘",
            "skill": 1,
            "skill_usage": 1
        },
        {
            "name": "能天使",
            "skill": 3,
            "skill_usage": 0
        },
        {
            "name": "山",
            "skill": 2,
            "skill_usage": 2
        },
        {
            "name": "煌",
            "skill": 2,
            "skill_usage": 0
        },
        {
            "name": "塞雷娅",
            "skill": 1,
            "skill_usage": 0
        }
    ]
}