{
    "minimum_required": "v4.0.0",
    "stage_name": "act26side_ex01",
    "actions": [
        {
            "type": "Deploy",
            "name": "能天使",
            "location": [
                1,
                2
            ],
            "direction": "Right",
            "costs": 13
        },
        {
            "type": "SpeedUp"
        },
        {
            "type": "Deploy",
            "name": "煌",
            "location": [
                3,
                5
            ],
            "direction": "Right"
        },
        {
            "type": "Deploy",
            "name": "艾雅法拉",
            "location": [
                3,
                4
            ],
            "direction": "Right"
        },
        {
            "type": "Deploy",
            "name": "奶盾",
            "location": [
                2,
                3
            ],
            "direction": "Right"
        },
        {
            "type": "SkillDaemon"
        }
    ],
    "doc": {
        "title": "空想花庭 - HE-EX-1 - 齐来崇拜",
        "details": "作业更新日期: 2024-06-25T05:16:03Z\n统计更新日期: 2024-07-06\n好评率：99.8%  浏览量：12815\n来源：萨拉托加  ID：38841\n原作者萧然Q json作者萨拉托加\n作业交流群群号216314927，有问题进群找我，作业站消息没提醒看不到\n【【空想花庭】HE全关卡 摆完挂机 简单好抄】 https://www.bilibili.com/video/BV13P411Q74r/?p=11&share_source=copy_web&vd_source=3fd5040fe25f6a00e19e6072bcccfa4e"
    },
    "groups": [
        {
            "name": "奶盾",
            "opers": [
                {
                    "name": "塞雷娅",
                    "skill": 1,
                    "skill_usage": 0
                },
                {
                    "name": "黍",
                    "skill": 1,
                    "skill_usage": 0
                }
            ]
        }
    ],
    "opers": [
        {
            "name": "能天使",
            "skill": 3,
            "skill_usage": 0
        },
        {
            "name": "艾雅法拉",
            "skill": 2,
            "skill_usage": 0
        },
        {
            "name": "煌",
            "skill": 2,
            "skill_usage": 0
        }
    ],
    "difficulty": 3
}