{
    "minimum_required": "v4.0.0",
    "stage_name": "act26side_ex03",
    "actions": [
        {
            "type": "Deploy",
            "name": "桃金娘",
            "location": [
                8,
                2
            ],
            "direction": "Left"
        },
        {
            "type": "Deploy",
            "name": "山",
            "location": [
                5,
                2
            ],
            "direction": "Left"
        },
        {
            "type": "SpeedUp"
        },
        {
            "type": "Deploy",
            "name": "煌",
            "location": [
                4,
                5
            ],
            "direction": "Up",
            "kills": 3,
            "costs": 40
        },
        {
            "type": "Deploy",
            "name": "黍",
            "location": [
                5,
                4
            ],
            "direction": "Left"
        },
        {
            "type": "Deploy",
            "name": "能天使",
            "location": [
                7,
                1
            ],
            "direction": "Left"
        },
        {
            "type": "SkillUsage",
            "name": "桃金娘",
            "skill_usage": 0
        },
        {
            "type": "SkillDaemon"
        }
    ],
    "doc": {
        "title": "空想花庭 - HE-EX-3 - 万古磐石",
        "details": "作业更新日期: 2024-06-25T05:16:51Z\n统计更新日期: 2024-07-06\n好评率：99.25%  浏览量：13568\n来源：萨拉托加  ID：38843\n原作者萧然Q json作者萨拉托加\n作业交流群群号216314927，有问题进群找我，作业站消息没提醒看不到\n【【空想花庭】HE全关卡 摆完挂机 简单好抄】 https://www.bilibili.com/video/BV13P411Q74r/?p=13&share_source=copy_web&vd_source=3fd5040fe25f6a00e19e6072bcccfa4e"
    },
    "groups": [],
    "opers": [
        {
            "name": "桃金娘",
            "skill": 1,
            "skill_usage": 1
        },
        {
            "name": "煌",
            "skill": 2,
            "skill_usage": 0
        },
        {
            "name": "山",
            "skill": 2,
            "skill_usage": 2,
            "skill_times": 1
        },
        {
            "name": "黍",
            "skill": 1,
            "skill_usage": 0
        },
        {
            "name": "能天使",
            "skill": 3,
            "skill_usage": 0
        }
    ],
    "difficulty": 3
}