{
    "minimum_required": "v4.0.0",
    "stage_name": "mem_cello_1",
    "actions": [
        {
            "type": "Deploy",
            "name": "塑心",
            "location": [
                3,
                3
            ],
            "direction": "Right"
        },
        {
            "type": "SpeedUp"
        },
        {
            "type": "Skill",
            "name": "塑心",
            "location": [
                3,
                3
            ],
            "cost_changes": 25
        },
        {
            "type": "Skill",
            "name": "塑心",
            "location": [
                3,
                3
            ],
            "kills": 37,
            "pre_delay": 8000
        },
        {
            "type": "SkillDaemon"
        }
    ],
    "doc": {
        "title": "辅助 - 塑心 - 魔鬼的低语",
        "details": "——————————\n作业更新日期: 2024-12-28T13:49:47Z\n统计更新日期: 2025-09-03\n相对评分：51.580000000000005%  相对热度：30.23%\n来源：AKiSA  ID：45045\n——————————\n视频练度：90级专精三级技能 有没有潜能、模组未知\n作业测试练度：90级七级技能、三级模组\n参考视频：https://www.bilibili.com/video/av113691458540598/"
    },
    "groups": [],
    "opers": [
        {
            "name": "塑心",
            "skill": 3,
            "skill_usage": 0
        }
    ]
}