{
    "minimum_required": "v4.0.0",
    "stage_name": "mem_skadi_1",
    "actions": [
        {
            "type": "SpeedUp"
        },
        {
            "type": "Deploy",
            "name": "斯卡蒂",
            "location": [
                9,
                2
            ],
            "direction": "Left"
        },
        {
            "type": "Deploy",
            "name": "便携式补给站",
            "location": [
                8,
                3
            ],
            "direction": "Right"
        },
        {
            "type": "Skill",
            "name": "华法琳",
            "location": [
                9,
                3
            ],
            "costs": 17
        },
        {
            "type": "Skill",
            "name": "斯卡蒂",
            "location": [
                9,
                2
            ],
            "costs": 21
        },
        {
            "type": "Deploy",
            "name": "障碍物",
            "location": [
                7,
                2
            ],
            "direction": "None",
            "kills": 11
        },
        {
            "type": "Skill",
            "name": "斯卡蒂",
            "location": [
                9,
                2
            ],
            "pre_delay": 28000
        },
        {
            "type": "Skill",
            "name": "华法琳",
            "location": [
                9,
                3
            ]
        },
        {
            "type": "Retreat",
            "name": "障碍物",
            "location": [
                7,
                2
            ]
        },
        {
            "type": "Skill",
            "name": "杰西卡",
            "kills": 12,
            "pre_delay": 5000
        },
        {
            "type": "Skill",
            "name": "华法琳",
            "location": [
                9,
                3
            ],
            "kills": 17,
            "pre_delay": 6000
        }
    ],
    "doc": {
        "title": "近卫 - 斯卡蒂 - 纯粹的强大",
        "details": "近卫 - 斯卡蒂 - 纯粹的强大"
    },
    "groups": [],
    "opers": [
        {
            "name": "斯卡蒂",
            "skill": 3,
            "skill_usage": 0
        }
    ]
}