{
    "minimum_required": "v4.0.0",
    "stage_name": "mem_bibeak_1",
    "actions": [
        {
            "type": "SpeedUp",
            "kills": 0
        },
        {
            "type": "Deploy",
            "name": "柏喙",
            "location": [
                4,
                3
            ],
            "direction": "Up"
        },
        {
            "type": "Deploy",
            "name": "古米",
            "location": [
                5,
                2
            ],
            "direction": "Left"
        },
        {
            "type": "Deploy",
            "name": "便携式补给站",
            "location": [
                3,
                3
            ],
            "direction": "Right"
        },
        {
            "type": "Deploy",
            "name": "安赛尔",
            "location": [
                5,
                4
            ],
            "direction": "Up"
        },
        {
            "type": "SkillDaemon"
        }
    ],
    "doc": {
        "title": "近卫 - 柏喙 - 一击必胜",
        "details": "倾九_Komy  https://www.bilibili.com/video/BV19N4y1K7Dz/\n柏喙  精二1级   2技能 7级\n"
    },
    "groups": [],
    "opers": [
        {
            "name": "柏喙",
            "skill": 2,
            "skill_usage": 1
        },
        {
            "name": "古米",
            "skill": 1,
            "skill_usage": 0
        },
        {
            "name": "便携式补给站",
            "skill": 1,
            "skill_usage": 0
        },
        {
            "name": "安赛尔",
            "skill": 1,
            "skill_usage": 1
        }
    ]
}