{
    "stage_name": "act23side_06",
    "minimum_required": "v4.0.0",
    "doc": {
        "title": "登临意 - WB-6 - 瑟瑟秋华(娜仁图亚 X模组任务)",
        "details": "——————————\n作业更新日期: 2025-10-14T16:50:38Z\n统计更新日期: 2025-11-13\n相对评分：79.12%  相对热度：56.07%\n来源：Elio  ID：71524\n——————————\n登临意 - WB-6 - 瑟瑟秋华(娜仁图亚 X模组任务)"
    },
    "opers": [
        {
            "name": "娜仁图亚",
            "skill": 1,
            "requirements": {
                "skill_level": 7,
                "module": -1
            }
        }
    ],
    "groups": [
        {
            "name": "群攻手",
            "opers": [
                {
                    "name": "乌尔比安",
                    "skill": 2,
                    "skill_usage": 0
                },
                {
                    "name": "煌",
                    "skill": 2,
                    "requirements": {
                        "skill_level": 7
                    }
                }
            ]
        },
        {
            "name": "奶盾",
            "opers": [
                {
                    "name": "塞雷娅",
                    "skill": 2,
                    "requirements": {
                        "skill_level": 7
                    }
                },
                {
                    "name": "黍",
                    "skill": 3,
                    "skill_usage": 1
                }
            ]
        }
    ],
    "actions": [
        {
            "type": "SpeedUp"
        },
        {
            "type": "Deploy",
            "name": "群攻手",
            "direction": "Left",
            "location": [
                8,
                5
            ]
        },
        {
            "name": "娜仁图亚",
            "location": [
                7,
                3
            ],
            "direction": "Left",
            "type": "Deploy"
        },
        {
            "type": "Deploy",
            "name": "奶盾",
            "direction": "Left",
            "location": [
                8,
                4
            ]
        },
        {
            "type": "Skill",
            "name": "娜仁图亚",
            "location": [
                7,
                3
            ]
        },
        {
            "type": "SkillDaemon"
        }
    ],
    "version": 3
}