{
    "minimum_required": "v4.0.0",
    "stage_name": "main_08-08",
    "actions": [
        {
            "type": "Deploy",
            "name": "棘刺",
            "location": [
                10,
                7
            ],
            "direction": "Left"
        },
        {
            "type": "Deploy",
            "name": "澄闪",
            "location": [
                11,
                6
            ],
            "direction": "Left"
        },
        {
            "type": "Deploy",
            "name": "塞雷娅",
            "location": [
                9,
                5
            ],
            "direction": "Left",
            "kills": 1
        },
        {
            "type": "Retreat",
            "name": "塞雷娅",
            "location": [
                9,
                5
            ],
            "kills": 11
        },
        {
            "type": "Retreat",
            "name": "棘刺",
            "location": [
                10,
                7
            ],
            "kills": 0,
            "pre_delay": 0
        },
        {
            "type": "SpeedUp"
        },
        {
            "type": "Deploy",
            "name": "塞雷娅",
            "location": [
                2,
                1
            ],
            "kills": 0,
            "direction": "Down"
        },
        {
            "type": "Deploy",
            "name": "棘刺",
            "location": [
                2,
                3
            ],
            "direction": "Down",
            "pre_delay": 0
        },
        {
            "type": "Deploy",
            "name": "砾",
            "location": [
                3,
                5
            ],
            "direction": "Left",
            "kills": 19
        },
        {
            "type": "SkillDaemon"
        }
    ],
    "doc": {
        "title": "第八章 怒号光明 - R8-8 - 人心，向背无常 澄闪模组“辛劳之翼”解锁任务",
        "details": "——————————\n作业更新日期: 2023-12-05T13:33:59Z\n统计更新日期: 2025-11-06\n相对评分：94.94%  相对热度：100.0%\n来源：萨拉托加  ID：30667\n——————————\n澄闪模组任务：“辛劳之翼”\n任务要求：3星通关主题曲R8-8;必须编入非助战澄闪并上场，且使用澄闪歼灭至少2名帝国炮火先兆者\n原作者一只幼稚鬼ya，JSON作者萨拉托加\n建了个群545928846，如果作业有问题可以加群找我，评论区不能及时回复\n【「明日方舟」突袭R8-8，棘闪砾，稳定突袭+隐藏】 https://www.bilibili.com/video/BV1FY4y1N7AU/?share_source=copy_web&vd_source=3fd5040fe25f6a00e19e6072bcccfa4e"
    },
    "groups": [],
    "opers": [
        {
            "name": "棘刺",
            "skill": 3,
            "skill_usage": 1
        },
        {
            "name": "澄闪",
            "skill": 3,
            "skill_usage": 1
        },
        {
            "name": "塞雷娅",
            "skill": 1,
            "skill_usage": 0
        },
        {
            "name": "砾",
            "skill": 2,
            "skill_usage": 0
        }
    ],
    "difficulty": 1
}