{
    "minimum_required": "v4.0.0",
    "stage_name": "main_04-03",
    "actions": [
        {
            "type": "Deploy",
            "name": "山",
            "location": [
                4,
                2
            ],
            "direction": "Right"
        },
        {
            "type": "SpeedUp"
        },
        {
            "type": "Deploy",
            "name": "霍尔海雅",
            "location": [
                4,
                3
            ],
            "direction": "Right"
        },
        {
            "type": "Deploy",
            "name": "塞or黍",
            "location": [
                4,
                4
            ],
            "direction": "Right"
        },
        {
            "type": "SkillDaemon"
        }
    ],
    "doc": {
        "title": "第四章 急性衰竭 - 4-3 - 人工制冷【霍尔海雅模组任务】2模",
        "details": "——————————\n作业更新日期: 2024-04-14T01:29:57Z\n统计更新日期: 2025-07-29\n相对评分：100.0%  相对热度：100.0%\n来源：小卡拉帕鲁灰  ID：36005\n——————————\n霍尔海雅二模\n任务要求：3星通关主题曲4-3；必须编入非助战霍尔海雅并上场，且使用霍尔海雅至少歼灭10个敌人"
    },
    "groups": [
        {
            "name": "塞or黍",
            "opers": [
                {
                    "name": "塞雷娅",
                    "skill": 1,
                    "skill_usage": 0
                },
                {
                    "name": "黍",
                    "skill": 1,
                    "skill_usage": 0
                }
            ]
        }
    ],
    "opers": [
        {
            "name": "霍尔海雅",
            "skill": 3,
            "skill_usage": 1
        },
        {
            "name": "山",
            "skill": 2,
            "skill_usage": 2,
            "skill_times": 1
        }
    ],
    "difficulty": 1
}