{
    "minimum_required": "v4.0.0",
    "actions": [
        {
            "type": "SpeedUp"
        },
        {
            "type": "Deploy",
            "name": "鞭刃",
            "location": [
                5,
                5
            ],
            "direction": "Up"
        },
        {
            "type": "Deploy",
            "name": "星熊",
            "location": [
                5,
                3
            ],
            "direction": "Up"
        },
        {
            "type": "Deploy",
            "name": "泥岩",
            "location": [
                5,
                2
            ],
            "direction": "Up"
        },
        {
            "type": "Output",
            "doc_color": "#6f42c1",
            "doc": "给个好评吧，亲~"
        }
    ],
    "doc": {
        "title": "鞭刃模组摆完挂机-加长鞭刃丝线",
        "details": "——————————\n作业更新日期: 2023-02-18T00:53:48Z\n统计更新日期: 2025-07-29\n相对评分：100.0%  相对热度：100.0%\n来源：作业代传——有问题联系原作者  ID：20855\n——————————\n侬无言以对模组任务摆完挂机合集:BV1wU4y177Qu\n3星通关主题曲S3-6；必须编入非助战鞭刃并上场，其他成员仅可编入重装干员\n筱竹聽雨"
    },
    "groups": [],
    "opers": [
        {
            "name": "星熊",
            "skill": 2,
            "skill_usage": 0
        },
        {
            "name": "泥岩",
            "skill": 2,
            "skill_usage": 0
        },
        {
            "name": "鞭刃",
            "skill": 1,
            "skill_usage": 0
        }
    ],
    "stage_name": "sub_03-3-1"
}