{
    "minimum_required": "v4.0.0",
    "stage_name": "tough_14-06",
    "actions": [
        {
            "type": "SpeedUp"
        },
        {
            "type": "Deploy",
            "name": "煌",
            "location": [
                8,
                3
            ],
            "direction": "Left"
        },
        {
            "type": "Deploy",
            "name": "闪灵",
            "location": [
                8,
                5
            ],
            "direction": "Up"
        },
        {
            "type": "Deploy",
            "name": "艾雅法拉",
            "location": [
                7,
                5
            ],
            "direction": "Up"
        },
        {
            "type": "SkillDaemon"
        }
    ],
    "doc": {
        "title": "第十四章 慈悲灯塔 - 14-7（磨难） - 执行反制作战",
        "details": "作业更新日期: 2024-05-01T09:24:29Z\n统计更新日期: 2024-11-30\n好评率：99.43%  浏览量：4097\n来源：1937879212@qq.com  ID：36704\nhttps://www.bilibili.com/video/BV1Gf421D7g7/?spm_id_from=333.337.search-card.all.click&vd_source=90e612f08089afb928a1a33acafa836a"
    },
    "groups": [],
    "opers": [
        {
            "name": "煌",
            "skill": 2,
            "skill_usage": 0
        },
        {
            "name": "闪灵",
            "skill": 2,
            "skill_usage": 0
        },
        {
            "name": "艾雅法拉",
            "skill": 2,
            "skill_usage": 0
        }
    ]
}