{
    "stage_name": "mem_ctrail_1",
    "minimum_required": "v4.0.0",
    "doc": {
        "title": "悖论模拟 特种 - 云迹 - 不要抬头",
        "details": "——————————\n作业更新日期: 2025-08-03T23:08:07Z\n统计更新日期: 2025-08-18\n相对评分：66.67%  相对热度：83.45%\n来源：Sourunyan  ID：64107\n——————————\n精二1级 7级2技能"
    },
    "opers": [
        {
            "name": "云迹",
            "skill": 2,
            "requirements": {
                "elite": 2,
                "level": 1,
                "skill_level": 7
            }
        }
    ],
    "groups": [],
    "actions": [
        {
            "name": "云迹",
            "location": [
                8,
                2
            ],
            "direction": "Left",
            "type": "Deploy"
        },
        {
            "type": "SpeedUp"
        },
        {
            "type": "Skill",
            "name": "云迹",
            "location": [
                8,
                2
            ],
            "costs": 34
        },
        {
            "type": "Skill",
            "name": "云迹",
            "location": [
                8,
                2
            ],
            "pre_delay": 23500
        },
        {
            "type": "Skill",
            "name": "云迹",
            "location": [
                8,
                2
            ],
            "pre_delay": 23500
        },
        {
            "type": "Skill",
            "name": "云迹",
            "location": [
                8,
                2
            ],
            "pre_delay": 25500
        },
        {
            "type": "SkillDaemon"
        }
    ],
    "version": 3
}