{
    "minimum_required": "v4.0.0",
    "stage_name": "mem_kafka_1",
    "actions": [
        {
            "type": "Deploy",
            "name": "卡夫卡",
            "location": [
                8,
                3
            ],
            "direction": "Left"
        },
        {
            "type": "SpeedUp"
        },
        {
            "type": "Deploy",
            "name": "塞雷娅",
            "location": [
                2,
                5
            ],
            "costs": 22,
            "direction": "Right"
        },
        {
            "type": "Retreat",
            "name": "卡夫卡",
            "location": [
                8,
                3
            ],
            "kills": 1,
            "costs": 3
        },
        {
            "type": "Deploy",
            "name": "卡夫卡",
            "location": [
                5,
                3
            ],
            "direction": "Left",
            "costs": 22
        },
        {
            "type": "Retreat",
            "name": "卡夫卡",
            "location": [
                5,
                3
            ],
            "kills": 3,
            "costs": 22,
            "rear_delay": 200
        },
        {
            "type": "Deploy",
            "name": "特制水上平台",
            "location": [
                6,
                3
            ],
            "costs": 35,
            "direction": "None"
        },
        {
            "type": "Deploy",
            "name": "卡夫卡",
            "location": [
                6,
                3
            ],
            "direction": "Right",
            "costs": 40
        },
        {
            "type": "Retreat",
            "name": "卡夫卡",
            "location": [
                6,
                3
            ],
            "kills": 3,
            "costs": 40,
            "rear_delay": 300
        },
        {
            "type": "Deploy",
            "name": "特制水上平台",
            "location": [
                6,
                3
            ],
            "costs": 47,
            "direction": "None"
        },
        {
            "type": "Deploy",
            "name": "卡夫卡",
            "location": [
                6,
                3
            ],
            "direction": "Right",
            "costs": 61
        },
        {
            "type": "Retreat",
            "name": "卡夫卡",
            "location": [
                6,
                3
            ],
            "kills": 7,
            "costs": 55,
            "rear_delay": 300
        },
        {
            "type": "Deploy",
            "name": "特制水上平台",
            "location": [
                3,
                2
            ],
            "costs": 62,
            "direction": "None"
        },
        {
            "type": "Skill",
            "name": "塞雷娅",
            "location": [
                2,
                5
            ],
            "costs": 74
        },
        {
            "type": "Deploy",
            "name": "卡夫卡",
            "location": [
                3,
                2
            ],
            "costs": 74,
            "direction": "Down"
        }
    ],
    "doc": {
        "title": "【悖论模拟】特种 - 卡夫卡 - 步步紧逼",
        "details": "作业更新日期: 2025-03-01T05:04:30Z\n统计更新日期: 2025-03-15\n好评率：100.0%  浏览量：60\n来源：3277801833@qq.com  ID：47854\n参考视频https://www.bilibili.com/video/BV1ds4y1k7eC\n带2技能/精二20级/技能7级/可过"
    },
    "groups": [],
    "opers": [
        {
            "name": "卡夫卡",
            "skill": 2,
            "skill_usage": 0
        }
    ]
}