{
  "minimum_required": "v4.0.0",
  "stage_name": "level_act38rune_01-04",
  "actions": [
    {
      "type": "SpeedUp"
    },
    {
      "type": "Deploy",
      "name": "号角",
      "location": [
        9,
        2
      ],
      "direction": "Left"
    },
    {
      "type": "Deploy",
      "name": "提丰",
      "location": [
        4,
        3
      ],
      "direction": "Down",
      "kills": 2
    },
    {
      "type": "Deploy",
      "name": "泥岩",
      "location": [
        7,
        1
      ],
      "direction": "Left",
      "kills": 2
    },
    {
      "type": "Output",
      "doc_color": "Gray",
      "doc": "可点击MAA界面左下角 [视频链接] 跳转页面支持作者"
    },
    {
      "type": "SkillDaemon"
    }
  ],
  "doc": {
    "title": "【浊燃作战】日替 13区废墟 200分 全任务一次完成 三人摆完挂机 简单好抄 2023.12.1",
    "details": "TAG：https://i.postimg.cc/K83snHqg/FFBF9-AB5-2-AF7-412a-9-AF4-6-FE8-E5-FFED31.png\n          https://i.postimg.cc/h4CCNBNd/8-C414327-FD81-4419-9-A8-F-FB42-FB14-A10-C.png\n\n作业作者： 厨师长衬衫；JSON作者：肖肾客的救赎\n\n【浊燃作战】日替 13区废墟 200分 全任务一次完成 三人摆完挂机 简单好抄\n\n视频链接：https://www.bilibili.com/video/BV1Jb4y1M7W9\n\n练度要求：提丰90级专三，号角60级专三，泥岩60级专三\n\n可点击MAA界面左下角 [视频链接] 跳转页面支持作者"
  },
  "groups": [],
  "opers": [
    {
      "name": "号角",
      "skill": 1,
      "skill_usage": 0
    },
    {
      "name": "泥岩",
      "skill": 2,
      "skill_usage": 0
    },
    {
      "name": "提丰",
      "skill": 2,
      "skill_usage": 1
    }
  ]
}