{
  "minimum_required": "v4.0.0",
  "stage_name": "level_rune_02-02",
  "actions": [
    {
      "type": "Deploy",
      "name": "桃金娘",
      "location": [
        10,
        6
      ],
      "direction": "Left"
    },
    {
      "type": "Skill",
      "name": "桃金娘",
      "location": [
        10,
        6
      ],
      "pre_delay": 6666
    },
    {
      "type": "BulletTime",
      "name": "澄闪"
    },
    {
      "type": "Deploy",
      "name": "棘刺",
      "location": [
        5,
        6
      ],
      "direction": "Left"
    },
    {
      "type": "SpeedUp"
    },
    {
      "type": "Deploy",
      "name": "澄闪",
      "location": [
        4,
        3
      ],
      "direction": "Left"
    },
    {
      "type": "Output",
      "doc_color": "DarkCyan",
      "doc": "这里漏一条狗是正常的，不用担心"
    },
    {
      "type": "Output",
      "doc_color": "DarkRed",
      "doc": "漏两条说明棘刺没放下去，直接重开"
    },
    {
      "type": "Skill",
      "name": "桃金娘",
      "location": [
        10,
        6
      ],
      "kills": 3
    },
    {
      "type": "Deploy",
      "name": "艾雅法拉",
      "location": [
        6,
        2
      ],
      "direction": "Left"
    },
    {
      "type": "Deploy",
      "name": "奶",
      "location": [
        5,
        3
      ],
      "direction": "Up"
    },
    {
      "type": "Output",
      "doc_color": "DarkGoldenrod",
      "doc": "此处棘刺技能卡住为正常现象，杀敌太快，技力没跟上"
    },
    {
      "type": "Skill",
      "name": "棘刺",
      "location": [
        5,
        6
      ],
      "kills": 5
    },
    {
      "type": "Output",
      "doc_color": "DarkGoldenrod",
      "doc": "此处棘刺技能卡住为正常现象，杀敌太快，技力没跟上"
    },
    {
      "type": "Skill",
      "name": "棘刺",
      "location": [
        5,
        6
      ],
      "kills": 11,
      "rear_delay": 1111
    },
    {
      "type": "Skill",
      "name": "奶",
      "location": [
        5,
        3
      ],
      "kills": 27,
      "pre_delay": 2333
    },
    {
      "type": "Output",
      "doc_color": "#d63384",
      "doc": "如有帮助，请支持原作者！\n攻略作者：小F鸽\nBV17G411U7oe\n可点击MAA界面左下角 [视频链接] 跳转页面支持作者"
    }
  ],
  "doc": {
    "title": "设防关隘  200分",
    "details": "地图有bug，可能放不下干员，多开几次试试\n若多次重开依旧无法部署，请尝试将MAA/cache/avartars中干员头像缓存清空并重启MAA\n————\n漏怪打法，放了条狗\n卡在棘刺技能不动是正常现象，地图有bug\ntag：https://postimg.cc/JG7JBFf6\n————————\nUP：小F鸽\n【浊燃作战】“设防关隘”五人挂机攻略 200分带任务 轮换测试地\nBV17G411U7oe\n可点击MAA界面左下角 [视频链接] 跳转页面支持作者"
  },
  "groups": [
    {
      "name": "奶",
      "opers": [
        {
          "name": "苏苏洛",
          "skill": 2,
          "skill_usage": 0
        },
        {
          "name": "闪灵",
          "skill": 3,
          "skill_usage": 0
        },
        {
          "name": "流明",
          "skill": 3,
          "skill_usage": 0
        }
      ]
    }
  ],
  "opers": [
    {
      "name": "桃金娘",
      "skill": 1,
      "skill_usage": 1
    },
    {
      "name": "棘刺",
      "skill": 3,
      "skill_usage": 0
    },
    {
      "name": "艾雅法拉",
      "skill": 2,
      "skill_usage": 0
    },
    {
      "name": "澄闪",
      "skill": 2,
      "skill_usage": 0
    }
  ]
}