{
  "minimum_required": "v4.0.0",
  "stage_name": "level_crisis_v2_01-01",
  "actions": [
    {
      "type": "BulletTime",
      "name": "风笛"
    },
    {
      "type": "Deploy",
      "name": "桃金娘",
      "location": [
        2,
        5
      ],
      "direction": "Right",
      "costs": 13
    },
    {
      "type": "Skill",
      "name": "桃金娘",
      "location": [
        2,
        5
      ],
      "pre_delay": 2000
    },
    {
      "type": "BulletTime",
      "name": "桃金娘",
      "location": [
        2,
        5
      ]
    },
    {
      "type": "Deploy",
      "name": "伊内丝",
      "location": [
        1,
        3
      ],
      "direction": "Up",
      "costs": 15
    },
    {
      "type": "Skill",
      "location": [
        1,
        3
      ],
      "name": "伊内丝"
    },
    {
      "type": "Deploy",
      "name": "棘刺",
      "location": [
        5,
        6
      ],
      "direction": "Right"
    },
    {
      "type": "BulletTime",
      "name": "伊内丝",
      "location": [
        1,
        3
      ]
    },
    {
      "type": "Retreat",
      "location": [
        1,
        3
      ],
      "name": "伊内丝",
      "kills": 1,
      "pre_delay": 9500
    },
    {
      "type": "Deploy",
      "name": "铃兰",
      "location": [
        3,
        6
      ],
      "direction": "Left"
    },
    {
      "type": "Deploy",
      "name": "风笛",
      "location": [
        9,
        6
      ],
      "direction": "Left"
    },
    {
      "type": "Skill",
      "name": "桃金娘",
      "location": [
        2,
        5
      ],
      "pre_delay": 7000
    },
    {
      "type": "Deploy",
      "name": "史尔特尔",
      "location": [
        2,
        1
      ],
      "direction": "Left"
    },
    {
      "type": "SkillUsage",
      "name": "桃金娘",
      "skill_usage": 1
    },
    {
      "type": "Deploy",
      "name": "假日威龙陈",
      "location": [
        2,
        4
      ],
      "direction": "Down"
    },
    {
      "type": "Skill",
      "name": "史尔特尔",
      "location": [
        2,
        1
      ],
      "pre_delay": 8000
    },
    {
      "type": "Retreat",
      "name": "桃金娘",
      "location": [
        2,
        5
      ]
    },
    {
      "type": "Deploy",
      "name": "银灰",
      "location": [
        2,
        6
      ],
      "direction": "Up"
    },
    {
      "type": "Deploy",
      "name": "伊内丝",
      "location": [
        1,
        3
      ],
      "kills": 11,
      "direction": "Up"
    },
    {
      "type": "Skill",
      "name": "伊内丝",
      "location": [
        1,
        3
      ],
      "pre_delay": 100
    },
    {
      "type": "SpeedUp"
    },
    {
      "type": "Skill",
      "name": "假日威龙陈",
      "location": [
        2,
        4
      ],
      "pre_delay": 100
    },
    {
      "type": "Skill",
      "name": "银灰",
      "location": [
        2,
        6
      ],
      "pre_delay": 100
    },
    {
      "type": "Skill",
      "name": "假日威龙陈",
      "location": [
        2,
        4
      ],
      "pre_delay": 100,
      "kills": 17
    },
    {
      "type": "SkillUsage",
      "name": "棘刺",
      "skill_usage": 0
    },
    {
      "type": "Deploy",
      "name": "风笛",
      "location": [
        10,
        3
      ],
      "kills": 23,
      "pre_delay": 3600,
      "direction": "Left"
    },
    {
      "type": "SpeedUp"
    },
    {
      "type": "Deploy",
      "name": "史尔特尔",
      "location": [
        1,
        5
      ],
      "direction": "Right",
      "kills": 28
    },
    {
      "type": "Skill",
      "name": "铃兰",
      "location": [
        3,
        6
      ],
      "pre_delay": 100
    },
    {
      "type": "Skill",
      "name": "史尔特尔",
      "location": [
        1,
        5
      ],
      "pre_delay": 5000
    },
    {
      "type": "SpeedUp"
    },
    {
      "type": "Skill",
      "name": "假日威龙陈",
      "kills": 36
    },
    {
      "type": "Deploy",
      "name": "伊内丝",
      "location": [
        1,
        6
      ],
      "direction": "Right"
    },
    {
      "type": "SkillUsage",
      "name": "伊内丝",
      "skill_usage": 1
    },
    {
      "type": "SkillUsage",
      "name": "银灰",
      "skill_usage": 1
    },
    {
      "type": "SkillDaemon"
    }
  ],
  "doc": {
    "title": "危机合约 浊燃作战 灰烬泽地 【镀层刻章 625】",
    "details": " 作业作者：祈星_Estrella .（需要【伊内丝、棘刺、玲兰、风笛】中有一个-1费用潜能，子弹时间期间请勿操作）\nJSON原作者：灰bao_（备注：翻车的话可以在评论区说一下翻车点，如果显示不支持地图，请更新内测版）\n平均练度：精二90级专3一级模组，伊内丝和42刚需要90专3；\n伊内丝躲火球轴是按照费用来写的，别自己加德狗了\ntag：恶敌：点上面两个刀（敌人加攻击）【20+30】；\n衰退：点下面两个血（干员减血条）【20+30】；\n缺失：禁术特和部署时间+75%【30+30+5】；\n约束：一级减回费和五部署【20+30】；\n枯朽之影、险地、沼泽行军这3个全点【120+120+110】；\n野草：芦苇回技力-50和右边着火【20+20】；\n应变：防御-200（需要打第一个日替）【20】；嫌麻烦可以看视频点tag\nhttps://www.bilibili.com/video/BV1ku4y1P7PU/?spm_id_from=333.337.search-card.all.click&vd_source=10857a8c905c104ca2eab27415c72ffc\n"
  },
  "groups": [],
  "opers": [
    {
      "name": "伊内丝",
      "skill": 2,
      "skill_usage": 0
    },
    {
      "name": "银灰",
      "skill": 3,
      "skill_usage": 0
    },
    {
      "name": "棘刺",
      "skill": 3,
      "skill_usage": 1
    },
    {
      "name": "史尔特尔",
      "skill": 3,
      "skill_usage": 0
    },
    {
      "name": "铃兰",
      "skill": 3,
      "skill_usage": 0
    },
    {
      "name": "风笛",
      "skill": 2,
      "skill_usage": 0
    },
    {
      "name": "假日威龙陈",
      "skill": 3,
      "skill_usage": 0
    },
    {
      "name": "桃金娘",
      "skill": 1,
      "skill_usage": 0
    }
  ]
}