{
  "minimum_required": "v4.0.0",
  "stage_name": "level_rune_02-02",
  "actions": [
    {
      "type": "Deploy",
      "name": "桃金娘",
      "location": [
        5,
        6
      ],
      "direction": "Up"
    },
    {
      "type": "Deploy",
      "name": "煌",
      "location": [
        1,
        6
      ],
      "direction": "Up"
    },
    {
      "type": "Deploy",
      "name": "闪灵",
      "location": [
        3,
        6
      ],
      "direction": "Left"
    },
    {
      "type": "Deploy",
      "name": "山",
      "location": [
        10,
        2
      ],
      "direction": "Down"
    },
    {
      "type": "SpeedUp"
    },
    {
      "type": "Deploy",
      "name": "澄闪",
      "location": [
        8,
        3
      ],
      "direction": "Up"
    },
    {
      "type": "Deploy",
      "name": "夜莺",
      "location": [
        2,
        4
      ],
      "direction": "Down"
    },
    {
      "type": "Deploy",
      "name": "塞雷娅",
      "location": [
        1,
        5
      ],
      "direction": "Right"
    },
    {
      "type": "Deploy",
      "name": "行医",
      "location": [
        10,
        4
      ],
      "direction": "Up"
    },
    {
      "type": "Deploy",
      "name": "幻影",
      "location": [
        3,
        5
      ],
      "direction": "None",
      "kills": 17
    },
    {
      "type": "SkillDaemon",
      "doc_color": "DarkRed",
      "doc": "建了个群545928846，如果作业有问题可以加群找我，评论区不能及时回复"
    }
  ],
  "doc": {
    "title": "危机合约 灰烬泽地 炎客皮肤",
    "details": "没地图临时用这个顶一下，因为不是真地图所以可能有bug\n原作者：萧然Q JSON作者：萨拉托加\n建了个群545928846，如果作业有问题可以加群找我，评论区不能及时回复\n【【浊燃作战】全关卡全任务 简单好抄（持续更新中）】 https://www.bilibili.com/video/BV1D34y1c7Sn/?share_source=copy_web&vd_source=3fd5040fe25f6a00e19e6072bcccfa4e"
  },
  "groups": [
    {
      "name": "行医",
      "opers": [
        {
          "name": "纯烬艾雅法拉",
          "skill": 1,
          "skill_usage": 0
        },
        {
          "name": "蜜莓",
          "skill": 1,
          "skill_usage": 0
        }
      ]
    }
  ],
  "opers": [
    {
      "name": "煌",
      "skill": 2,
      "skill_usage": 0
    },
    {
      "name": "桃金娘",
      "skill": 1,
      "skill_usage": 1
    },
    {
      "name": "塞雷娅",
      "skill": 1,
      "skill_usage": 0
    },
    {
      "name": "澄闪",
      "skill": 2,
      "skill_usage": 0
    },
    {
      "name": "闪灵",
      "skill": 2,
      "skill_usage": 0
    },
    {
      "name": "山",
      "skill": 2,
      "skill_usage": 2
    },
    {
      "name": "夜莺",
      "skill": 2,
      "skill_usage": 0
    }
  ]
}