{
    "minimum_required": "v4.0.0",
    "stage_name": "wk_toxic_5",
    "actions": [
        {
            "type": "SpeedUp"
        },
        {
            "type": "Deploy",
            "name": "棘刺",
            "location": [
                4,
                4
            ],
            "direction": "Right"
        },
        {
            "type": "Deploy",
            "name": "塞雷娅",
            "location": [
                3,
                5
            ],
            "direction": "Right"
        },
        {
            "type": "Deploy",
            "name": "红",
            "location": [
                7,
                1
            ],
            "direction": "Right",
            "kills": 2
        },
        {
            "type": "Deploy",
            "name": "红",
            "location": [
                7,
                1
            ],
            "direction": "Right",
            "kills": 10,
            "pre_delay": 4000
        },
        {
            "type": "Deploy",
            "name": "红",
            "location": [
                1,
                1
            ],
            "direction": "Left",
            "kills": 31,
            "pre_delay": 6000
        },
        {
            "type": "Deploy",
            "name": "红",
            "location": [
                7,
                1
            ],
            "direction": "Down"
        },
        {
            "type": "SkillDaemon"
        }
    ],
    "doc": {
        "title": "【至高之术】AP-5[特]",
        "details": "作业更新日期: 2023-04-10T12:55:28Z\n统计更新日期: 2024-07-14\n好评率：80.0%  浏览量：270\n来源：御卿长安  ID：22498\n实际作战：棘刺.塞雷娅.红"
    },
    "groups": [],
    "opers": [
        {
            "name": "棘刺",
            "skill": 3,
            "skill_usage": 1
        },
        {
            "name": "塞雷娅",
            "skill": 1,
            "skill_usage": 0
        },
        {
            "name": "红",
            "skill": 1,
            "skill_usage": 0
        }
    ]
}