{
    "minimum_required": "v4.0.0",
    "stage_name": "wk_kc_2",
    "actions": [
        {
            "type": "SpeedUp",
            "rear_delay": 0
        },
        {
            "type": "Deploy",
            "name": "芬",
            "location": [
                7,
                4
            ],
            "direction": "Left"
        },
        {
            "type": "Deploy",
            "name": "巡林者",
            "location": [
                7,
                3
            ],
            "direction": "Left"
        },
        {
            "type": "Deploy",
            "name": "黑角",
            "location": [
                6,
                4
            ],
            "direction": "Left"
        },
        {
            "type": "Deploy",
            "name": "杜林",
            "location": [
                4,
                3
            ],
            "direction": "Right"
        },
        {
            "type": "Deploy",
            "name": "12F",
            "location": [
                6,
                5
            ],
            "direction": "Up"
        },
        {
            "type": "Deploy",
            "name": "史都华德",
            "location": [
                5,
                3
            ],
            "direction": "Right"
        },
        {
            "type": "SkillDaemon",
            "rear_delay": 100
        }
    ],
    "doc": {
        "title": "战术演习 - LS-2 - 游击战演习",
        "details": "作业更新日期: 2023-11-20T03:20:08Z\n统计更新日期: 2024-10-07\n好评率：100.0%  浏览量：344\n来源：!wow!  ID：30369\nhttps://www.bilibili.com/video/BV12k4y1q7Pk/?spm_id_from=333.999.0.0&vd_source=537938786f77e5a890bc289be62464d5"
    },
    "groups": [],
    "opers": [
        {
            "name": "芬",
            "skill": 1,
            "skill_usage": 1
        },
        {
            "name": "巡林者",
            "skill": 1,
            "skill_usage": 1
        },
        {
            "name": "黑角",
            "skill": 1,
            "skill_usage": 1
        },
        {
            "name": "杜林",
            "skill": 1,
            "skill_usage": 1
        },
        {
            "name": "12F",
            "skill": 1,
            "skill_usage": 1
        },
        {
            "name": "史都华德",
            "skill": 1,
            "skill_usage": 1
        }
    ]
}