{
    "minimum_required": "v4.0.0",
    "stage_name": "pro_b_1",
    "actions": [
        {
            "type": "Deploy",
            "name": "棘刺",
            "location": [
                5,
                1
            ],
            "direction": "Down"
        },
        {
            "type": "SpeedUp"
        },
        {
            "type": "Deploy",
            "name": "能天使",
            "location": [
                3,
                5
            ],
            "direction": "Right"
        },
        {
            "type": "Skill",
            "location": [
                3,
                5
            ],
            "kills": 61
        }
    ],
    "doc": {
        "title": "摧枯拉朽 - PR-B-1 速刷",
        "details": "统计日期：2024-06-01\n好评率：84.38%  浏览量：820\n来源：阿拉拉拉  ID：24982\n丛林菌 棘刺能天使速刷 https://www.bilibili.com/video/BV1PB4y127YB/?spm_id_from=333.337.search-card.all.click&vd_source=d96c5431059e9a1d0fcf0385526d6057"
    },
    "groups": [],
    "opers": [
        {
            "name": "棘刺",
            "skill": 3,
            "skill_usage": 1
        },
        {
            "name": "能天使",
            "skill": 2,
            "skill_usage": 0
        }
    ]
}