{
    "minimum_required": "v4.0.0",
    "stage_name": "pro_d_1",
    "actions": [
        {
            "type": "Deploy",
            "name": "令",
            "location": [
                2,
                3
            ],
            "direction": "Down"
        },
        {
            "type": "Deploy",
            "name": "芬",
            "location": [
                4,
                2
            ],
            "direction": "Right"
        },
        {
            "type": "Deploy",
            "name": "“弦惊”",
            "location": [
                1,
                6
            ],
            "direction": "Right",
            "costs": 0
        },
        {
            "type": "SpeedUp"
        },
        {
            "type": "Deploy",
            "name": "“弦惊”",
            "location": [
                9,
                3
            ],
            "direction": "Down",
            "costs": 0
        },
        {
            "type": "Deploy",
            "name": "“弦惊”",
            "location": [
                3,
                3
            ],
            "direction": "Down",
            "costs": 0
        },
        {
            "type": "Deploy",
            "name": "“弦惊”",
            "location": [
                9,
                6
            ],
            "direction": "Left",
            "costs": 0
        },
        {
            "type": "SkillDaemon"
        }
    ],
    "doc": {
        "title": "身先士卒 - PR-D-1 突破",
        "details": "作业更新日期: 2024-09-21T08:22:46Z\n统计更新日期: 2024-10-07\n好评率：100.0%  浏览量：23\n来源：kuoluoss  ID：41552\n身先士卒 - PR-D-1 突破"
    },
    "groups": [],
    "opers": [
        {
            "name": "令",
            "skill": 3,
            "skill_usage": 1
        },
        {
            "name": "芬",
            "skill": 1,
            "skill_usage": 1
        }
    ]
}