{
    "minimum_required": "v4.0.0",
    "stage_name": "main_06-12",
    "actions": [
        {
            "type": "Deploy",
            "name": "芬",
            "location": [
                3,
                5
            ],
            "direction": "Right"
        },
        {
            "type": "Deploy",
            "name": "令",
            "location": [
                3,
                4
            ],
            "direction": "Right"
        },
        {
            "type": "SpeedUp"
        },
        {
            "type": "Deploy",
            "name": "“弦惊”",
            "location": [
                7,
                1
            ],
            "direction": "Right"
        },
        {
            "type": "Deploy",
            "name": "【速射手】精一满级及以上练度",
            "location": [
                4,
                3
            ],
            "direction": "Right"
        },
        {
            "type": "Deploy",
            "name": "“弦惊”",
            "location": [
                7,
                5
            ],
            "direction": "Right"
        },
        {
            "type": "Deploy",
            "name": "【炮手】精一满级及以上练度",
            "location": [
                5,
                2
            ],
            "direction": "Right"
        },
        {
            "type": "Deploy",
            "name": "“弦惊”",
            "location": [
                6,
                5
            ],
            "direction": "Right"
        },
        {
            "type": "Retreat",
            "name": "芬",
            "location": [
                3,
                5
            ],
            "pre_delay": 8000
        },
        {
            "type": "Deploy",
            "name": "“弦惊”",
            "location": [
                6,
                1
            ],
            "direction": "Right"
        },
        {
            "type": "Deploy",
            "name": "“弦惊”",
            "location": [
                6,
                1
            ],
            "direction": "Right"
        },
        {
            "type": "SkillDaemon"
        }
    ],
    "doc": {
        "title": "第六章 局部坏死 - 6-14 - 冰原之霜 -令核",
        "details": "作业更新日期: 2024-04-06T02:54:23Z\n统计更新日期: 2024-11-30\n好评率：94.34%  浏览量：1167\n来源：小卡拉帕鲁灰  ID：35727\n满配3模组"
    },
    "groups": [
        {
            "name": "【速射手】精一满级及以上练度",
            "opers": [
                {
                    "name": "灰烬",
                    "skill": 2,
                    "skill_usage": 1
                },
                {
                    "name": "空弦",
                    "skill": 3,
                    "skill_usage": 1
                },
                {
                    "name": "能天使",
                    "skill": 3,
                    "skill_usage": 0
                },
                {
                    "name": "白金",
                    "skill": 2,
                    "skill_usage": 0
                },
                {
                    "name": "寒芒克洛丝",
                    "skill": 2,
                    "skill_usage": 1
                },
                {
                    "name": "灰喉",
                    "skill": 2,
                    "skill_usage": 1
                },
                {
                    "name": "蓝毒",
                    "skill": 1,
                    "skill_usage": 0
                },
                {
                    "name": "隐现",
                    "skill": 2,
                    "skill_usage": 1
                },
                {
                    "name": "杰西卡",
                    "skill": 1,
                    "skill_usage": 0
                },
                {
                    "name": "流星",
                    "skill": 1,
                    "skill_usage": 0
                },
                {
                    "name": "梅",
                    "skill": 1,
                    "skill_usage": 0
                },
                {
                    "name": "克洛丝",
                    "skill": 1,
                    "skill_usage": 0
                }
            ]
        },
        {
            "name": "【炮手】精一满级及以上练度",
            "opers": [
                {
                    "name": "W",
                    "skill": 2,
                    "skill_usage": 0
                },
                {
                    "name": "截云",
                    "skill": 2,
                    "skill_usage": 1
                },
                {
                    "name": "慑砂",
                    "skill": 1,
                    "skill_usage": 1
                },
                {
                    "name": "陨星",
                    "skill": 1,
                    "skill_usage": 0
                },
                {
                    "name": "白雪",
                    "skill": 2,
                    "skill_usage": 1
                },
                {
                    "name": "空爆",
                    "skill": 1,
                    "skill_usage": 1
                }
            ]
        }
    ],
    "opers": [
        {
            "name": "令",
            "skill": 3,
            "skill_usage": 1
        },
        {
            "name": "芬",
            "skill": 1,
            "skill_usage": 0
        }
    ],
    "difficulty": 3
}