{
    "minimum_required": "v4.0.0",
    "stage_name": "main_06-06",
    "doc": {
        "title": "6-7 周常任务刷主线boss",
        "details": "统计日期：2024-05-25\n好评率：95.16%  浏览量：2755\n来源：Radish213  ID：21143\n6-7 周常任务刷主线boss\n因为是固定编队，所以需要关掉maa的自动编队方可正常运行。"
    },
    "groups": [],
    "opers": [
        {
            "name": "阿米娅",
            "skill": 3,
            "skill_usage": 0
        },
        {
            "name": "煌",
            "skill": 3,
            "skill_usage": 0
        },
        {
            "name": "嘉维尔",
            "skill": 1,
            "skill_usage": 0
        },
        {
            "name": "末药",
            "skill": 1,
            "skill_usage": 0
        },
        {
            "name": "灰喉",
            "skill": 2,
            "skill_usage": 0
        },
        {
            "name": "蛇屠箱",
            "skill": 2,
            "skill_usage": 0
        },
        {
            "name": "暗索",
            "skill": 1,
            "skill_usage": 0
        },
        {
            "name": "食铁兽",
            "skill": 1,
            "skill_usage": 0
        },
        {
            "name": "清道夫",
            "skill": 1,
            "skill_usage": 0
        },
        {
            "name": "米格鲁",
            "skill": 1,
            "skill_usage": 0
        },
        {
            "name": "炎熔",
            "skill": 1,
            "skill_usage": 0
        },
        {
            "name": "芬",
            "skill": 1,
            "skill_usage": 0
        }
    ],
    "actions": [
        {
            "type": "SpeedUp"
        },
        {
            "type": "Deploy",
            "name": "煌",
            "location": [
                5,
                4
            ],
            "direction": "Left"
        },
        {
            "type": "Deploy",
            "name": "阿米娅",
            "location": [
                3,
                5
            ],
            "direction": "Up"
        },
        {
            "type": "Deploy",
            "name": "嘉维尔",
            "location": [
                2,
                5
            ],
            "direction": "Up"
        },
        {
            "type": "Deploy",
            "name": "米格鲁",
            "location": [
                1,
                4
            ],
            "direction": "Right"
        },
        {
            "type": "Deploy",
            "name": "暗索",
            "location": [
                7,
                5
            ],
            "direction": "Up"
        },
        {
            "type": "Deploy",
            "name": "灰喉",
            "location": [
                4,
                5
            ],
            "direction": "Up"
        },
        {
            "type": "Deploy",
            "name": "末药",
            "location": [
                6,
                5
            ],
            "direction": "Up"
        },
        {
            "type": "Deploy",
            "name": "蛇屠箱",
            "location": [
                6,
                2
            ],
            "direction": "Right"
        },
        {
            "type": "Skill",
            "kills": 40,
            "name": "煌",
            "location": [
                5,
                4
            ]
        },
        {
            "type": "Skill",
            "name": "灰喉",
            "location": [
                4,
                5
            ],
            "kills": 40
        },
        {
            "type": "Skill",
            "name": "阿米娅",
            "location": [
                3,
                5
            ],
            "kills": 40
        }
    ]
}