{
    "minimum_required": "v4.0.0",
    "stage_name": "main_06-07",
    "actions": [
        {
            "type": "Deploy",
            "name": "推进之王",
            "location": [
                6,
                3
            ],
            "direction": "Left",
            "doc_color": "Gray",
            "doc": "一倍速放推进和先锋"
        },
        {
            "type": "Deploy",
            "name": "先锋",
            "location": [
                6,
                4
            ],
            "direction": "Left"
        },
        {
            "type": "SpeedUp"
        },
        {
            "type": "Deploy",
            "name": "能天使",
            "location": [
                6,
                2
            ],
            "direction": "Left"
        },
        {
            "type": "Deploy",
            "name": "华法琳",
            "location": [
                6,
                1
            ],
            "direction": "Down"
        },
        {
            "type": "SkillDaemon"
        }
    ],
    "doc": {
        "title": "第六章 局部坏死 - 6-8 - 只是从天而降！ - 普通&突袭",
        "details": "统计日期：2024-05-25\n好评率：94.74%  浏览量：2087\n来源：_ 蘿卜卜  ID：22255\nBV1j44y1a7xo\nup：无名山下小莉莉\n视频练度：270(?)\n已测试"
    },
    "groups": [
        {
            "name": "先锋",
            "opers": [
                {
                    "name": "焰尾",
                    "skill": 1,
                    "skill_usage": 0
                },
                {
                    "name": "德克萨斯",
                    "skill": 1,
                    "skill_usage": 0
                }
            ]
        }
    ],
    "opers": [
        {
            "name": "推进之王",
            "skill": 2,
            "skill_usage": 0
        },
        {
            "name": "能天使",
            "skill": 1,
            "skill_usage": 0
        },
        {
            "name": "华法琳",
            "skill": 1,
            "skill_usage": 0
        }
    ],
    "difficulty": 3
}