{
    "minimum_required": "v4.0.0",
    "stage_name": "sub_06-2-1",
    "actions": [
        {
            "type": "SpeedUp"
        },
        {
            "type": "Deploy",
            "name": "拉普兰德",
            "location": [
                6,
                4
            ],
            "direction": "Left"
        },
        {
            "type": "Deploy",
            "name": "煌",
            "location": [
                6,
                6
            ],
            "direction": "Left"
        },
        {
            "type": "Deploy",
            "name": "地面奶",
            "location": [
                5,
                4
            ],
            "direction": "Left"
        },
        {
            "type": "Deploy",
            "name": "奶",
            "location": [
                4,
                3
            ],
            "direction": "Right"
        },
        {
            "type": "SkillDaemon"
        }
    ],
    "doc": {
        "title": "S6-3摆完挂机",
        "details": "统计日期：2024-05-25\n好评率：79.41%  浏览量：895\n来源：Chiho  ID：27000\nUP主：侬无言以对\n视频链:【【明日方舟】S6-3摆完挂机】 https://www.bilibili.com/video/BV1q44y1v7ta/?share_source=copy_web&vd_source=dcc7ddeba31e59bccd51d29a07ff1565\n平均精二60 补了个奶"
    },
    "groups": [
        {
            "name": "地面奶",
            "opers": [
                {
                    "name": "塞雷娅",
                    "skill": 1,
                    "skill_usage": 0
                },
                {
                    "name": "临光",
                    "skill": 1,
                    "skill_usage": 0
                }
            ]
        },
        {
            "name": "奶",
            "opers": [
                {
                    "name": "纯烬艾雅法拉",
                    "skill": 1,
                    "skill_usage": 0
                },
                {
                    "name": "流明",
                    "skill": 3,
                    "skill_usage": 1
                },
                {
                    "name": "闪灵",
                    "skill": 2,
                    "skill_usage": 0
                },
                {
                    "name": "夜莺",
                    "skill": 2,
                    "skill_usage": 0
                },
                {
                    "name": "华法琳",
                    "skill": 1,
                    "skill_usage": 0
                },
                {
                    "name": "白面鸮",
                    "skill": 2,
                    "skill_usage": 0
                },
                {
                    "name": "调香师",
                    "skill": 1,
                    "skill_usage": 0
                }
            ]
        }
    ],
    "opers": [
        {
            "name": "煌",
            "skill": 2,
            "skill_usage": 0
        },
        {
            "name": "拉普兰德",
            "skill": 2,
            "skill_usage": 0
        }
    ]
}