{
    "minimum_required": "v4.0.0",
    "actions": [
        {
            "type": "SpeedUp"
        },
        {
            "type": "Deploy",
            "name": "拉普兰德",
            "location": [
                2,
                3
            ],
            "direction": "Right"
        },
        {
            "type": "Deploy",
            "name": "塞雷娅",
            "location": [
                1,
                4
            ],
            "direction": "Right"
        },
        {
            "type": "Deploy",
            "name": "但书",
            "location": [
                2,
                5
            ],
            "direction": "Up"
        },
        {
            "type": "Output",
            "doc_color": "#6f42c1",
            "doc": "给个好评吧，亲~"
        }
    ],
    "doc": {
        "title": "但书模组摆完挂机-黛丝特的毕业礼",
        "details": "作业更新日期: 2023-02-18T00:53:48Z\n统计更新日期: 2024-08-03\n好评率：66.67%  浏览量：105\n来源：作业代传——有问题联系原作者  ID：20862\n侬无言以对模组任务摆完挂机合集:BV1wU4y177Qu\n3星通关主题曲4-7；必须编入非助战但书并上场，且使用但书至少歼灭3只高能源石虫\n筱竹聽雨"
    },
    "groups": [],
    "opers": [
        {
            "name": "拉普兰德",
            "skill": 2,
            "skill_usage": 0
        },
        {
            "name": "塞雷娅",
            "skill": 1,
            "skill_usage": 0
        },
        {
            "name": "但书",
            "skill": 1,
            "skill_usage": 0
        }
    ],
    "stage_name": "main_04-07"
}