{
    "minimum_required": "v4.0.0",
    "stage_name": "sub_02-04",
    "actions": [
        {
            "type": "SpeedUp"
        },
        {
            "type": "Deploy",
            "name": "煌",
            "location": [
                4,
                6
            ],
            "direction": "Up"
        },
        {
            "type": "Deploy",
            "name": "夜烟",
            "location": [
                6,
                2
            ],
            "direction": "Right"
        },
        {
            "type": "Output",
            "doc_color": "#6f42c1",
            "doc": "给个好评吧，亲~"
        }
    ],
    "doc": {
        "title": "夜烟模组摆完挂机-女巫的帽子",
        "details": "作业更新日期: 2023-02-18T00:53:52Z\n统计更新日期: 2024-08-04\n好评率：66.67%  浏览量：168\n来源：作业代传——有问题联系原作者  ID：20990\n侬无言以对模组任务摆完挂机合集:BV1wU4y177Qu\n3星通关主题曲S2-4；必须编入非助战夜烟并上场，且使用夜烟歼灭至少2名重装防御者\n筱竹聽雨"
    },
    "groups": [],
    "opers": [
        {
            "name": "煌",
            "skill": 2,
            "skill_usage": 0
        },
        {
            "name": "夜烟",
            "skill": 1,
            "skill_usage": 0
        }
    ]
}