{
    "minimum_required": "v4.0.0",
    "stage_name": "main_01-09",
    "actions": [
        {
            "type": "SpeedUp"
        },
        {
            "type": "Deploy",
            "name": "煌",
            "location": [
                7,
                6
            ],
            "direction": "Up"
        },
        {
            "type": "Deploy",
            "name": "狮蝎",
            "location": [
                7,
                4
            ],
            "direction": "Down"
        }
    ],
    "doc": {
        "title": "第一章 黑暗时代·下 - 1-9 - 溃散(狮蝎模组任务）",
        "details": "统计日期：2024-05-31\n好评率：100.0%  浏览量：92\n来源：Chiho  ID：31173\nlink:https://www.bilibili.com/video/BV1Ed4y1K7Gv/?spm_id_from=333.337.search-card.all.click&vd_source=3bca1f91e0d62d18b0b606c67a02852b\nup：侬无言以对"
    },
    "groups": [],
    "opers": [
        {
            "name": "煌",
            "skill": 2,
            "skill_usage": 0
        },
        {
            "name": "狮蝎",
            "skill": 1,
            "skill_usage": 0
        }
    ]
}