{
    "minimum_required": "v4.0.0",
    "stage_name": "act27side_07",
    "actions": [
        {
            "type": "Deploy",
            "name": "煌",
            "location": [
                2,
                3
            ],
            "direction": "Right"
        },
        {
            "type": "SpeedUp"
        },
        {
            "type": "Deploy",
            "name": "伊芙利特",
            "location": [
                1,
                3
            ],
            "direction": "Right"
        },
        {
            "type": "Deploy",
            "name": "夜莺",
            "location": [
                1,
                2
            ],
            "direction": "Right"
        },
        {
            "type": "SkillDaemon"
        }
    ],
    "doc": {
        "title": "火山旅梦 - SL-7 - 靠着我的肩膀哭泣",
        "details": "作业更新日期: 2024-08-22T02:23:57Z\n统计更新日期: 2024-08-31\n好评率：99.92%  浏览量：5787\n来源：萨拉托加  ID：40508\n\n原作者自在道爷 JSON作者萨拉托加\n作业交流群群号1003478193，可蹲作业，有问题进群找我，作业站消息没提醒看不到\n【【火山旅梦】SL-1至8挂机流，P关任务都不愁！语音快乐详解，轻松解放双手 | 明日方舟攻略(含SL-6，SL-8，SL-P-1至3等)】 https://www.bilibili.com/video/BV1U94y1e7ZV/?share_source=copy_web&vd_source=3fd5040fe25f6a00e19e6072bcccfa4e"
    },
    "groups": [],
    "opers": [
        {
            "name": "煌",
            "skill": 2,
            "skill_usage": 0
        },
        {
            "name": "伊芙利特",
            "skill": 2,
            "skill_usage": 0
        },
        {
            "name": "夜莺",
            "skill": 2,
            "skill_usage": 0
        }
    ]
}