{
    "stage_name": "9-17",
    "opers": [
        {
            "name": "能天使",
            "skill": 3,
            "skill_usage": 0
        },
        {
            "name": "艾雅法拉",
            "skill": 2,
            "skill_usage": 0
        },
        {
            "name": "塞雷娅",
            "skill": 1,
            "skill_usage": 0
        },
        {
            "name": "安洁莉娜",
            "skill": 1
        },
        {
            "name": "拉普兰德",
            "skill": 2
        },
        {
            "name": "克洛丝"
        },
        {
            "name": "黑角"
        }
    ],
    "groups": [],
    "actions": [
        {
            "name": "",
            "type": "SpeedUp"
        },
        {
            "name": "黑角",
            "type": "Deploy",
            "location": [
                5,
                4
            ],
            "direction": "Left"
        },
        {
            "name": "能天使",
            "type": "Deploy",
            "location": [
                4,
                5
            ],
            "direction": "Left"
        },
        {
            "name": "艾雅法拉",
            "type": "Deploy",
            "location": [
                3,
                3
            ],
            "direction": "Left"
        },
        {
            "name": "黑角",
            "type": "Retreat"
        },
        {
            "name": "拉普兰德",
            "type": "Deploy",
            "location": [
                3,
                2
            ],
            "direction": "Left"
        },
        {
            "name": "安洁莉娜",
            "type": "Deploy",
            "location": [
                3,
                5
            ],
            "direction": "Left"
        },
        {
            "name": "塞雷娅",
            "type": "Deploy",
            "location": [
                3,
                1
            ],
            "direction": "Left"
        },
        {
            "name": "克洛丝",
            "type": "Deploy",
            "location": [
                5,
                5
            ],
            "direction": "Left"
        },
        {
            "name": "",
            "type": "SkillDaemon"
        }
    ],
    "minimum_required": "v4.0",
    "doc": {
        "title": "萧然挂机作业，高练度需求注意",
        "details": "延迟要求：高\n"
    }
}