{
    "minimum_required": "v4.0",
    "doc": {
        "title": "DV-7速刷",
        "details": "推荐练度：棘刺、山、艾雅法拉-2603无模组无潜能、塞雷娅-2903无模组无潜能\n\n根据萧然Q修改"
    },
    "stage_name": "疯狂的信号",
    "opers": [
        {
            "name": "塞雷娅",
            "skill": 1,
            "skill_usage": 0
        },
        {
            "name": "艾雅法拉",
            "skill": 3,
            "skill_usage": 2
        },
        {
            "name": "棘刺",
            "skill": 3,
            "skill_usage": 1
        },
        {
            "name": "山",
            "skill": 2,
            "skill_usage": 2
        }
    ],
    "actions": [
        {
            "type": "二倍速",
            "name": ""
        },
        {
            "type": "部署",
            "name": "棘刺",
            "location": [
                9,
                6
            ],
            "direction": "上"
        },
        {
            "type": "部署",
            "name": "塞雷娅",
            "location": [
                8,
                4
            ],
            "direction": "右"
        },
        {
            "type": "部署",
            "name": "艾雅法拉",
            "location": [
                2,
                2
            ],
            "direction": "下"
        },
        {
            "type": "部署",
            "name": "山",
            "location": [
                3,
                4
            ],
            "direction": "左"
        },
        {
            "type": "摆完挂机",
            "name": ""
        }
    ]
}