{
    "minimum_required": "v4.0",
    "doc": {
        "title": "【骑兵与猎人】GT-HX-1突袭双人",
        "details": "UP主：刻俄柏_\n原视频：https://www.bilibili.com/video/av511147576/\n有问题联系制作者QQ2586582719"
    },
    "stage_name": "a001_ex04",
    "opers": [
        {
            "name": "煌",
            "skill": 2,
            "skill_usage": 0
        },
        {
            "name": "山",
            "skill": 2,
            "skill_usage": 2
        }
    ],
    "actions": [
        {
            "type": "二倍速",
            "name": ""
        },
        {
            "type": "部署",
            "name": "山",
            "location": [
                4,
                5
            ],
            "direction": "左"
        },
        {
            "type": "部署",
            "name": "煌",
            "location": [
                8,
                1
            ],
            "direction": "左"
        },
        {
            "type": "打印",
            "name": "",
            "doc": "有问题联系制作者QQ2586582719",
            "doc_color": "SpringGreen"
        }
    ]
}