{
    "minimum_required": "v4.0.0",
    "stage_name": "sub_03-1-2",
    "actions": [
        {
            "type": "SpeedUp"
        },
        {
            "type": "Deploy",
            "name": "讯使",
            "location": [
                1,
                3
            ],
            "direction": "Right"
        },
        {
            "type": "Deploy",
            "name": "芬",
            "location": [
                2,
                3
            ],
            "direction": "Right"
        },
        {
            "type": "Deploy",
            "name": "杰西卡",
            "location": [
                3,
                5
            ],
            "direction": "Right"
        },
        {
            "type": "Deploy",
            "name": "翎羽",
            "location": [
                3,
                6
            ],
            "direction": "Right"
        },
        {
            "type": "Deploy",
            "name": "巡林者",
            "location": [
                2,
                4
            ],
            "direction": "Right"
        },
        {
            "type": "Deploy",
            "name": "芙蓉",
            "location": [
                1,
                2
            ],
            "direction": "Right"
        },
        {
            "type": "Deploy",
            "name": "炎熔",
            "location": [
                2,
                2
            ],
            "direction": "Right"
        },
        {
            "type": "Retreat",
            "name": "翎羽",
            "location": [
                3,
                6
            ],
            "costs": 14
        },
        {
            "type": "Deploy",
            "name": "黑角",
            "location": [
                3,
                6
            ],
            "direction": "Right"
        },
        {
            "type": "Deploy",
            "name": "米格鲁",
            "location": [
                3,
                3
            ],
            "direction": "Right"
        },
        {
            "type": "Retreat",
            "name": "讯使",
            "location": [
                1,
                3
            ]
        },
        {
            "type": "Retreat",
            "name": "芬",
            "location": [
                2,
                3
            ]
        },
        {
            "type": "Deploy",
            "name": "安赛尔",
            "location": [
                3,
                4
            ],
            "direction": "Down"
        },
        {
            "type": "Retreat",
            "name": "巡林者",
            "location": [
                2,
                4
            ],
            "costs": 32
        },
        {
            "type": "Deploy",
            "name": "远山",
            "location": [
                2,
                4
            ],
            "direction": "Right"
        },
        {
            "type": "Deploy",
            "name": "玫兰莎",
            "location": [
                2,
                6
            ],
            "direction": "Right"
        },
        {
            "type": "Retreat",
            "name": "玫兰莎",
            "location": [
                2,
                6
            ],
            "kills": 69
        },
        {
            "type": "Retreat",
            "name": "黑角",
            "location": [
                3,
                6
            ]
        },
        {
            "type": "Retreat",
            "name": "安赛尔",
            "location": [
                3,
                4
            ]
        },
        {
            "type": "Deploy",
            "name": "翎羽",
            "location": [
                4,
                2
            ],
            "direction": "Down"
        },
        {
            "type": "SkillDaemon"
        }
    ],
    "doc": {
        "title": "第三章 二次呼吸 - S3-2 - 潜伏-2",
        "details": "统计日期：2024-06-01\n好评率：50.0%  浏览量：164\n来源：AnswersKK  ID：27222\n攻略来自UP主: 小狼XF\nhttps://www.bilibili.com/video/BV1g4411V7pD\n改了改自用\n要用本作业,请先在演习中尝试,能过不漏后再使用"
    },
    "groups": [],
    "opers": [
        {
            "name": "杰西卡",
            "skill": 1,
            "skill_usage": 0
        },
        {
            "name": "巡林者",
            "skill": 1,
            "skill_usage": 0
        },
        {
            "name": "安赛尔",
            "skill": 1,
            "skill_usage": 1
        },
        {
            "name": "芙蓉",
            "skill": 1,
            "skill_usage": 1
        },
        {
            "name": "米格鲁",
            "skill": 1,
            "skill_usage": 1
        },
        {
            "name": "黑角",
            "skill": 1,
            "skill_usage": 0
        },
        {
            "name": "炎熔",
            "skill": 1,
            "skill_usage": 1
        },
        {
            "name": "远山",
            "skill": 1,
            "skill_usage": 1
        },
        {
            "name": "芬",
            "skill": 1,
            "skill_usage": 0
        },
        {
            "name": "讯使",
            "skill": 1,
            "skill_usage": 0
        },
        {
            "name": "翎羽",
            "skill": 1,
            "skill_usage": 1
        },
        {
            "name": "玫兰莎",
            "skill": 1,
            "skill_usage": 1
        }
    ]
}