{
    "minimum_required": "v4.0.0",
    "actions": [
        {
            "type": "SpeedUp"
        },
        {
            "type": "Deploy",
            "name": "塞雷娅",
            "location": [
                3,
                3
            ],
            "direction": "Right"
        },
        {
            "type": "Deploy",
            "name": "能天使",
            "location": [
                3,
                2
            ],
            "direction": "Right"
        },
        {
            "type": "Deploy",
            "name": "天火",
            "location": [
                2,
                4
            ],
            "direction": "Down"
        },
        {
            "type": "Skill",
            "name": "天火",
            "kills": 36
        },
        {
            "type": "Output",
            "doc_color": "#6f42c1",
            "doc": "给个好评吧，亲~"
        }
    ],
    "doc": {
        "title": "天火模组摆完挂机-阻燃处理方案",
        "details": "统计日期：2024-05-25\n好评率：100.0%  浏览量：113\n来源：作业代传——有问题联系原作者  ID：20962\n侬无言以对模组任务摆完挂机合集:BV1wU4y177Qu\n3星通关主题曲S3-5；必须编入非助战天火并上场，且使用天火歼灭至少10名敌人、其中包括至少2名屠夫\n筱竹聽雨"
    },
    "groups": [],
    "opers": [
        {
            "name": "塞雷娅",
            "skill": 1,
            "skill_usage": 0
        },
        {
            "name": "能天使",
            "skill": 1,
            "skill_usage": 0
        },
        {
            "name": "天火",
            "skill": 2,
            "skill_usage": 0
        }
    ],
    "stage_name": "sub_03-2-3"
}