{
    "minimum_required": "v4.0.0",
    "stage_name": "sub_03-3-2",
    "actions": [
        {
            "type": "Deploy",
            "name": "山",
            "location": [
                5,
                3
            ],
            "direction": "Down"
        },
        {
            "type": "SpeedUp"
        },
        {
            "type": "Deploy",
            "name": "克洛丝",
            "location": [
                6,
                2
            ],
            "direction": "Down"
        },
        {
            "type": "Deploy",
            "name": "芙蓉",
            "location": [
                4,
                4
            ],
            "direction": "Up"
        }
    ],
    "doc": {
        "title": "第三章 二次呼吸 - S3-7 - 隐匿-1",
        "details": "统计日期：2024-05-31\n好评率：100.0%  浏览量：15\n来源：一只摆烂的42  ID：37801\n三人均精一满级即可\n原视频：https://www.bilibili.com/video/BV18y4y1K71K/\n制作者：一只摆烂的42\n有问题联系QQ2586582719\n修改自用请删除我的QQ"
    },
    "groups": [],
    "opers": [
        {
            "skill_times": 1,
            "name": "山",
            "skill": 2,
            "skill_usage": 2
        },
        {
            "name": "芙蓉",
            "skill": 1,
            "skill_usage": 0
        },
        {
            "name": "克洛丝",
            "skill": 1,
            "skill_usage": 0
        }
    ]
}