{
    "minimum_required": "v4.0.0",
    "stage_name": "tough_11-01",
    "actions": [
        {
            "type": "SpeedUp"
        },
        {
            "type": "Deploy",
            "name": "煌",
            "location": [
                8,
                3
            ],
            "direction": "Left"
        },
        {
            "type": "Deploy",
            "name": "行医",
            "location": [
                9,
                2
            ],
            "direction": "Left"
        },
        {
            "type": "Deploy",
            "name": "夜莺",
            "location": [
                7,
                4
            ],
            "direction": "Up"
        },
        {
            "type": "Deploy",
            "name": "幻影",
            "location": [
                6,
                3
            ],
            "direction": "None",
            "kills": 11
        },
        {
            "type": "SkillDaemon"
        }
    ],
    "doc": {
        "title": "第十一章 淬火尘霾 - 11-1（磨难） - 维护荣耀",
        "details": "统计日期：2024-06-01\n好评率：98.98%  浏览量：2284\n来源：萨拉托加  ID：28578\n11-1磨难 2603\n【【淬火尘霾】明日方舟 主线第十一章 磨难环境 摆完挂机 简单好抄】 https://www.bilibili.com/video/BV1cG411J7Mu/?p=2&share_source=copy_web&vd_source=3fd5040fe25f6a00e19e6072bcccfa4e"
    },
    "groups": [
        {
            "name": "行医",
            "opers": [
                {
                    "name": "纯烬艾雅法拉",
                    "skill": 1,
                    "skill_usage": 0
                },
                {
                    "name": "蜜莓",
                    "skill": 1,
                    "skill_usage": 0
                }
            ]
        }
    ],
    "opers": [
        {
            "name": "煌",
            "skill": 2,
            "skill_usage": 0
        },
        {
            "name": "夜莺",
            "skill": 2,
            "skill_usage": 0
        }
    ]
}