{
    "minimum_required": "v4.0.0",
    "stage_name": "main_11-15",
    "actions": [
        {
            "type": "SpeedUp"
        },
        {
            "type": "Deploy",
            "name": "蛇屠箱",
            "location": [
                7,
                5
            ],
            "direction": "Left"
        },
        {
            "type": "Deploy",
            "name": "Mon3tr",
            "location": [
                6,
                4
            ],
            "direction": "Down"
        },
        {
            "type": "Deploy",
            "name": "闪灵",
            "location": [
                9,
                4
            ],
            "direction": "Left"
        },
        {
            "type": "Deploy",
            "name": "狮蝎",
            "location": [
                6,
                5
            ],
            "direction": "Left"
        },
        {
            "type": "Deploy",
            "name": "卡达",
            "location": [
                8,
                4
            ],
            "direction": "Left"
        },
        {
            "type": "Skill",
            "name": "凯尔希",
            "kills": 11,
            "location": [
                9,
                3
            ]
        },
        {
            "type": "Skill",
            "name": "狮蝎",
            "kills": 12,
            "location": [
                6,
                5
            ]
        },
        {
            "type": "Deploy",
            "name": "天火",
            "location": [
                7,
                4
            ],
            "direction": "Left"
        },
        {
            "type": "Deploy",
            "name": "夜烟",
            "location": [
                4,
                4
            ],
            "direction": "Right"
        },
        {
            "type": "Skill",
            "name": "夜烟",
            "location": [
                4,
                4
            ],
            "kills": 46
        },
        {
            "type": "Skill",
            "name": "天火",
            "location": [
                7,
                4
            ]
        },
        {
            "type": "Skill",
            "name": "卡达",
            "location": [
                8,
                4
            ]
        },
        {
            "type": "Skill",
            "name": "狮蝎",
            "location": [
                6,
                5
            ]
        },
        {
            "type": "Skill",
            "name": "蛇屠箱",
            "location": [
                7,
                5
            ]
        },
        {
            "type": "SkillDaemon"
        }
    ],
    "doc": {
        "title": "第十一章 淬火尘霾 - 11-17（标准） - 回答我",
        "details": "统计日期：2024-05-31\n好评率：93.62%  浏览量：3967\n来源：萨拉托加  ID：28616\n【【明日方舟】11-17摆完挂机（淬火尘霾-磨难险地难度）】 https://www.bilibili.com/video/BV1pP41177vH/?share_source=copy_web&vd_source=3fd5040fe25f6a00e19e6072bcccfa4e"
    },
    "groups": [],
    "opers": []
}