{
    "minimum_required": "v4.0.0",
    "stage_name": "main_11-17",
    "actions": [
        {
            "type": "SpeedUp"
        },
        {
            "type": "Skill",
            "costs": 36,
            "location": [
                4,
                3
            ]
        },
        {
            "type": "SpeedUp",
            "costs": 57
        },
        {
            "type": "Skill",
            "location": [
                8,
                2
            ],
            "costs": 66
        },
        {
            "type": "Skill",
            "location": [
                5,
                2
            ],
            "costs": 74
        },
        {
            "type": "SpeedUp",
            "costs": 99
        },
        {
            "type": "SkillDaemon"
        }
    ],
    "doc": {
        "title": "第十一章 淬火尘霾 - 11-19（标准） - 直指命运",
        "details": "统计日期：2024-05-25\n好评率：98.59%  浏览量：3066\n来源：萨拉托加  ID：28628\n需手动点剧情\n【【淬火尘霾】明日方舟 主线第十一章 磨难环境 摆完挂机 简单好抄】 https://www.bilibili.com/video/BV1cG411J7Mu/?p=20&share_source=copy_web&vd_source=3fd5040fe25f6a00e19e6072bcccfa4e"
    },
    "groups": [],
    "opers": []
}