{
    "minimum_required": "v4.0.0",
    "stage_name": "main_11-10",
    "actions": [
        {
            "type": "Deploy",
            "name": "能天使",
            "location": [
                5,
                2
            ],
            "direction": "Left"
        },
        {
            "type": "Deploy",
            "cost_changes": 4,
            "name": "山",
            "location": [
                7,
                3
            ],
            "direction": "Left"
        },
        {
            "type": "Deploy",
            "name": "黑键",
            "location": [
                3,
                3
            ],
            "direction": "Down",
            "cost_changes": 24
        },
        {
            "type": "Deploy",
            "name": "白面鸮",
            "location": [
                5,
                3
            ],
            "direction": "Left",
            "cost_changes": 16
        },
        {
            "type": "SpeedUp"
        },
        {
            "type": "Skill",
            "name": "黑键",
            "cost_changes": 22
        },
        {
            "type": "Skill",
            "name": "黑键",
            "pre_delay": 6000
        },
        {
            "type": "Skill",
            "name": "黑键",
            "pre_delay": 9000
        },
        {
            "type": "Skill",
            "name": "黑键",
            "pre_delay": 6000
        },
        {
            "type": "Skill",
            "name": "黑键",
            "pre_delay": 9000
        },
        {
            "type": "Skill",
            "name": "黑键",
            "pre_delay": 6000
        },
        {
            "type": "Skill",
            "name": "黑键",
            "pre_delay": 6000
        },
        {
            "type": "Skill",
            "name": "黑键"
        },
        {
            "type": "Skill",
            "name": "黑键",
            "pre_delay": 6000
        },
        {
            "type": "Skill",
            "name": "黑键"
        },
        {
            "type": "Skill",
            "name": "白面鸮"
        },
        {
            "type": "Skill",
            "name": "黑键",
            "pre_delay": 6000
        },
        {
            "type": "Skill",
            "name": "黑键"
        },
        {
            "type": "Skill",
            "name": "黑键",
            "pre_delay": 6000
        },
        {
            "type": "Skill",
            "name": "黑键"
        },
        {
            "type": "Skill",
            "name": "黑键",
            "pre_delay": 6000
        },
        {
            "type": "Skill",
            "name": "黑键"
        },
        {
            "type": "Skill",
            "name": "黑键",
            "pre_delay": 6000
        },
        {
            "type": "Skill",
            "name": "黑键"
        },
        {
            "type": "Skill",
            "name": "黑键",
            "pre_delay": 6000
        }
    ],
    "doc": {
        "title": "第十一章 淬火尘霾 - 11-12（标准） - 汹涌而来 黑键模组朽坏传承解锁任务",
        "details": "统计日期：2024-05-25\n好评率：96.67%  浏览量：1079\n来源：萨拉托加  ID：29027\n黑键模组任务朽坏传承\n条件：3星通关主题曲11-12标准实战环境；必须编入非助战黑键并上场，且使用黑键歼灭至少2名伦蒂尼姆城防自行炮\n【【明日方舟】黑键三模 模组任务 四人挂机打法 极其好抄】 https://www.bilibili.com/video/BV1Dm4y1u7Mc/?share_source=copy_web&vd_source=3fd5040fe25f6a00e19e6072bcccfa4e"
    },
    "groups": [],
    "opers": [
        {
            "name": "黑键",
            "skill": 3,
            "skill_usage": 0
        },
        {
            "name": "能天使",
            "skill": 3,
            "skill_usage": 0
        },
        {
            "name": "白面鸮",
            "skill": 2,
            "skill_usage": 0
        },
        {
            "name": "山",
            "skill": 2,
            "skill_usage": 2
        }
    ]
}