{
    "minimum_required": "v4.0.0",
    "stage_name": "main_11-13",
    "actions": [
        {
            "type": "Deploy",
            "name": "玛恩纳",
            "location": [
                8,
                3
            ],
            "direction": "Down"
        },
        {
            "type": "Deploy",
            "name": "能天使（新能源）",
            "location": [
                7,
                2
            ],
            "direction": "Right"
        },
        {
            "type": "SpeedUp"
        },
        {
            "type": "Skill",
            "name": "玛恩纳",
            "kills": 1
        },
        {
            "type": "Deploy",
            "name": "塞雷娅",
            "location": [
                6,
                3
            ],
            "direction": "Right"
        },
        {
            "type": "Deploy",
            "name": "煌",
            "location": [
                7,
                4
            ],
            "direction": "Right"
        },
        {
            "type": "Deploy",
            "name": "艾雅法拉",
            "location": [
                6,
                2
            ],
            "direction": "Right"
        },
        {
            "type": "SpeedUp",
            "kills": 17
        },
        {
            "type": "Skill",
            "name": "玛恩纳",
            "kills": 18
        },
        {
            "type": "SpeedUp"
        },
        {
            "type": "SkillDaemon"
        }
    ],
    "doc": {
        "title": "11-15 - 土地震颤 - 玛恩纳模组",
        "details": "——————————\n作业更新日期: 2025-05-24T03:53:16Z\n统计更新日期: 2025-10-16\n相对评分：80.61%  相对热度：58.33%\n来源：陈年旧事  ID：56588\n——————————\n使用非助战玛恩纳累计造成120000点伤害\n3星通关主题曲11-15标准实战环境；必须编入非助战玛恩纳并上场，且使用2次未照耀的荣光\n原作者：涂绘天菜 json作者：萨拉托加\n自用修改版\n【玛恩纳模组 模组任务 人半挂机 两个任务一次满足 极其好抄】 https://www.bilibili.com/video/BV1wPGvzDE99/?share_source=copy_web&vd_source=3fd5040fe25f6a00e19e6072bcccfa4e"
    },
    "groups": [
        {
            "name": "能天使（新能源）",
            "opers": [
                {
                    "name": "能天使",
                    "skill": 3,
                    "skill_usage": 0
                },
                {
                    "name": "新约能天使",
                    "skill": 3,
                    "skill_usage": 1
                }
            ]
        }
    ],
    "opers": [
        {
            "name": "玛恩纳",
            "skill": 3,
            "skill_usage": 0
        },
        {
            "name": "煌",
            "skill": 2,
            "skill_usage": 0
        },
        {
            "name": "艾雅法拉",
            "skill": 2,
            "skill_usage": 0
        },
        {
            "name": "塞雷娅",
            "skill": 2,
            "skill_usage": 0
        }
    ]
}