{
    "minimum_required": "v4.0.0",
    "stage_name": "main_11-04",
    "actions": [
        {
            "type": "SpeedUp",
            "kills": 0
        },
        {
            "type": "Deploy",
            "name": "煌",
            "location": [
                7,
                1
            ],
            "direction": "Down",
            "costs": 23
        },
        {
            "type": "Deploy",
            "name": "行医",
            "location": [
                9,
                3
            ],
            "direction": "Left",
            "costs": 15
        },
        {
            "type": "Deploy",
            "costs": 10,
            "name": "山",
            "location": [
                8,
                5
            ],
            "direction": "Left"
        },
        {
            "type": "Deploy",
            "name": "夜莺",
            "location": [
                8,
                2
            ],
            "direction": "Down",
            "costs": 19
        },
        {
            "type": "Deploy",
            "name": "能天使",
            "location": [
                8,
                3
            ],
            "direction": "Left",
            "costs": 14
        },
        {
            "type": "Deploy",
            "name": "艾雅法拉",
            "location": [
                9,
                4
            ],
            "direction": "Left",
            "costs": 21
        }
    ],
    "doc": {
        "title": "（修改自用） 11-5（标准） - 等价交换",
        "details": "统计日期：2024-06-01\n好评率：78.57%  浏览量：202\n来源：谢洛维奇  ID：36994\n打法来源：BV1cG411J7Mu\n\nup主：萧然Q \n\n已完成自测"
    },
    "groups": [
        {
            "name": "行医",
            "opers": [
                {
                    "name": "蜜莓",
                    "skill": 1,
                    "skill_usage": 0
                },
                {
                    "name": "桑葚",
                    "skill": 1,
                    "skill_usage": 0
                }
            ]
        }
    ],
    "opers": [
        {
            "name": "煌",
            "skill": 2,
            "skill_usage": 0
        },
        {
            "name": "夜莺",
            "skill": 2,
            "skill_usage": 0
        },
        {
            "name": "山",
            "skill": 2,
            "skill_usage": 2
        },
        {
            "name": "艾雅法拉",
            "skill": 2,
            "skill_usage": 0
        },
        {
            "name": "能天使",
            "skill": 3,
            "skill_usage": 0
        }
    ]
}