{
    "minimum_required": "v4.0.0",
    "stage_name": "main_11-06",
    "actions": [
        {
            "type": "SpeedUp"
        },
        {
            "type": "Deploy",
            "name": "塞雷娅",
            "location": [
                5,
                5
            ],
            "direction": "Up"
        },
        {
            "type": "Deploy",
            "name": "煌",
            "location": [
                5,
                4
            ],
            "direction": "Up"
        },
        {
            "type": "Deploy",
            "name": "纯烬艾雅法拉",
            "location": [
                4,
                4
            ],
            "direction": "Right"
        },
        {
            "type": "Deploy",
            "name": "伊芙利特",
            "location": [
                10,
                5
            ],
            "direction": "Up",
            "kills": 20
        },
        {
            "type": "Deploy",
            "name": "刻俄柏",
            "location": [
                6,
                4
            ],
            "direction": "Left"
        },
        {
            "type": "Skill",
            "kills": 49,
            "name": "刻俄柏"
        },
        {
            "type": "SkillDaemon"
        }
    ],
    "doc": {
        "title": "第十一章 淬火尘霾 - 11-7（标准） - 卷入洪流 刻俄柏模组我打的刀解锁任务",
        "details": "作业更新日期: 2023-10-13T09:11:19Z\n统计更新日期: 2025-03-30\n好评率：87.5%  浏览量：1000\n来源：萨拉托加  ID：29031\n刻俄柏模组任务我打的刀，2603练度\n条件：3星通关主题曲11-7标准实战环境；必须编入非助战刻俄柏并上场，且使用刻俄柏歼灭食腐使徒\n【[明日方舟]刻俄柏二模模组任务 5人挂机 简单好抄】 https://www.bilibili.com/video/BV1nL41127t6/?share_source=copy_web&vd_source=3fd5040fe25f6a00e19e6072bcccfa4e"
    },
    "groups": [],
    "opers": [
        {
            "name": "刻俄柏",
            "skill": 2,
            "skill_usage": 0
        },
        {
            "name": "塞雷娅",
            "skill": 1,
            "skill_usage": 0
        },
        {
            "name": "煌",
            "skill": 2,
            "skill_usage": 0
        },
        {
            "name": "纯烬艾雅法拉",
            "skill": 1,
            "skill_usage": 0
        },
        {
            "name": "伊芙利特",
            "skill": 2,
            "skill_usage": 0
        }
    ]
}