{
    "minimum_required": "v4.0.0",
    "stage_name": "hard_11-02",
    "actions": [
        {
            "type": "Deploy",
            "name": "桃金娘",
            "location": [
                1,
                4
            ],
            "direction": "Right"
        },
        {
            "type": "SpeedUp"
        },
        {
            "type": "Deploy",
            "name": "浊心斯卡蒂",
            "location": [
                3,
                5
            ],
            "direction": "Right"
        },
        {
            "type": "Deploy",
            "name": "逻各斯",
            "location": [
                2,
                5
            ],
            "direction": "Right"
        },
        {
            "type": "Deploy",
            "name": "夜莺",
            "location": [
                4,
                5
            ],
            "direction": "Up"
        },
        {
            "type": "Deploy",
            "name": "煌",
            "location": [
                3,
                4
            ],
            "direction": "Right"
        },
        {
            "type": "Deploy",
            "name": "银灰",
            "location": [
                4,
                3
            ],
            "direction": "Up"
        },
        {
            "type": "Deploy",
            "name": "斯卡蒂的海嗣",
            "location": [
                4,
                4
            ],
            "direction": "None",
            "pre_delay": 8000
        },
        {
            "type": "Retreat",
            "name": "银灰",
            "location": [
                4,
                3
            ],
            "pre_delay": 17000
        },
        {
            "type": "Deploy",
            "name": "奶盾",
            "location": [
                2,
                6
            ],
            "direction": "Right"
        },
        {
            "type": "Deploy",
            "name": "星熊",
            "location": [
                3,
                6
            ],
            "direction": "Right"
        },
        {
            "type": "Retreat",
            "name": "桃金娘",
            "location": [
                1,
                4
            ]
        },
        {
            "type": "Deploy",
            "name": "银灰",
            "location": [
                6,
                3
            ],
            "direction": "Up"
        },
        {
            "type": "Deploy",
            "name": "斯卡蒂的海嗣",
            "location": [
                5,
                3
            ],
            "direction": "None",
            "pre_delay": 8000
        },
        {
            "type": "Retreat",
            "name": "银灰",
            "location": [
                4,
                3
            ],
            "pre_delay": 17000
        },
        {
            "type": "SkillDaemon"
        }
    ],
    "doc": {
        "title": "第十一章 淬火尘霾 - H11-2（标准） - 尘霾行动-2",
        "details": "——————————\n作业更新日期: 2024-06-15T11:57:58Z\n统计更新日期: 2025-06-24\n好评率：80.0%  浏览量：3076\n来源：JYu0828  ID：38667\n——————————\n\n2603 不缺输出，保证星熊和红蒂练度，星熊要2级模组或挂件带个年\n搬运自up主：愿摸鱼之神忽悠你\n原视频：https://www.bilibili.com/video/BV1FD421V7oD/"
    },
    "groups": [
        {
            "name": "奶盾",
            "opers": [
                {
                    "name": "黍",
                    "skill": 1,
                    "skill_usage": 0
                },
                {
                    "name": "塞雷娅",
                    "skill": 1,
                    "skill_usage": 0
                }
            ]
        }
    ],
    "opers": [
        {
            "name": "银灰",
            "skill": 3,
            "skill_usage": 1
        },
        {
            "name": "桃金娘",
            "skill": 1,
            "skill_usage": 1
        },
        {
            "name": "浊心斯卡蒂",
            "skill": 2,
            "skill_usage": 0
        },
        {
            "name": "煌",
            "skill": 2,
            "skill_usage": 0
        },
        {
            "name": "星熊",
            "skill": 2,
            "skill_usage": 0
        },
        {
            "name": "夜莺",
            "skill": 2,
            "skill_usage": 0
        },
        {
            "name": "逻各斯",
            "skill": 1,
            "skill_usage": 0
        }
    ]
}