{
    "minimum_required": "v4.0.0",
    "stage_name": "hard_11-03",
    "actions": [
        {
            "type": "SpeedUp"
        },
        {
            "type": "Deploy",
            "costs": 24,
            "name": "煌",
            "location": [
                7,
                4
            ],
            "direction": "Down"
        },
        {
            "type": "Deploy",
            "name": "夜莺",
            "location": [
                6,
                2
            ],
            "direction": "Down",
            "costs": 17
        },
        {
            "type": "Deploy",
            "name": "能天使",
            "location": [
                5,
                2
            ],
            "direction": "Left",
            "costs": 15
        },
        {
            "type": "Deploy",
            "name": "浊心斯卡蒂",
            "location": [
                7,
                2
            ],
            "direction": "Down",
            "costs": 9
        },
        {
            "type": "Deploy",
            "name": "闪灵",
            "location": [
                8,
                2
            ],
            "direction": "Down"
        },
        {
            "type": "Deploy",
            "name": "艾雅法拉",
            "location": [
                8,
                3
            ],
            "direction": "Down",
            "costs": 21
        },
        {
            "type": "Deploy",
            "name": "塞雷娅",
            "location": [
                6,
                3
            ],
            "direction": "Left",
            "costs": 22
        },
        {
            "type": "SkillDaemon"
        }
    ],
    "doc": {
        "title": "H11-3",
        "details": "作业更新日期: 2023-03-25T09:32:20Z\n统计更新日期: 2024-11-30\n好评率：96.27%  浏览量：4121\n来源：大荒星陨  ID：21841\nhttps://www.bilibili.com/video/BV1U8411Y74E 萧然作业"
    },
    "groups": [],
    "opers": [
        {
            "name": "煌",
            "skill": 2,
            "skill_usage": 0
        },
        {
            "name": "塞雷娅",
            "skill": 1,
            "skill_usage": 0
        },
        {
            "name": "艾雅法拉",
            "skill": 2,
            "skill_usage": 0
        },
        {
            "name": "浊心斯卡蒂",
            "skill": 2,
            "skill_usage": 0
        },
        {
            "name": "能天使",
            "skill": 3,
            "skill_usage": 0
        },
        {
            "name": "闪灵",
            "skill": 2,
            "skill_usage": 0
        },
        {
            "name": "夜莺",
            "skill": 2,
            "skill_usage": 0
        }
    ]
}