{
    "actions": [
        {
            "doc": "代理如有问题请群里@碎蜂",
            "doc_color": "#008000",
            "type": "打印"
        },
        {
            "type": "二倍速"
        },
        {
            "type": "部署",
            "name": "障碍物",
            "location": [
                1,
                1
            ]
        },
        {
            "type": "部署",
            "name": "障碍物",
            "location": [
                6,
                2
            ]
        },
        {
            "type": "部署",
            "name": "棘刺",
            "location": [
                9,
                1
            ],
            "direction": "下"
        },
        {
            "type": "摆完挂机"
        }
    ],
    "stage_name": "mem_thorns_1",
    "doc": {
        "title": "搭把手",
        "details": "统计日期：2024-05-31\n好评率：100.0%  浏览量：163\n来源：作业代传——有问题联系原作者  ID：22760\n建议至少60级，三技能专三\n代理如有问题请群里@碎蜂"
    },
    "opers": [
        {
            "name": "棘刺",
            "skill": 3,
            "skill_usage": 1
        }
    ],
    "minimum_required": "v4.0.0"
}