{
    "minimum_required": "v4.0.0",
    "stage_name": "mem_rockr_1",
    "actions": [
        {
            "type": "Deploy",
            "name": "洛洛",
            "location": [
                3,
                3
            ],
            "direction": "Right"
        },
        {
            "type": "SpeedUp"
        },
        {
            "type": "Skill",
            "name": "洛洛",
            "costs": 41
        },
        {
            "type": "Deploy",
            "name": "障碍物",
            "location": [
                2,
                1
            ],
            "direction": "None",
            "costs": 44
        },
        {
            "type": "Skill",
            "location": [
                3,
                4
            ],
            "costs": 51
        },
        {
            "type": "Retreat",
            "location": [
                2,
                1
            ],
            "kills": 2
        },
        {
            "type": "Deploy",
            "name": "障碍物",
            "location": [
                2,
                1
            ],
            "direction": "None",
            "costs": 71
        },
        {
            "type": "Retreat",
            "location": [
                2,
                1
            ],
            "costs": 87
        },
        {
            "type": "Skill",
            "location": [
                3,
                4
            ],
            "costs": 96
        },
        {
            "type": "Deploy",
            "name": "障碍物",
            "location": [
                2,
                1
            ],
            "direction": "None",
            "pre_delay": 3000
        },
        {
            "type": "Retreat",
            "location": [
                2,
                1
            ],
            "pre_delay": 8000
        },
        {
            "type": "Skill",
            "name": "洛洛",
            "pre_delay": 3500
        },
        {
            "type": "Skill",
            "location": [
                3,
                4
            ],
            "pre_delay": 1500
        },
        {
            "type": "Deploy",
            "name": "障碍物",
            "location": [
                2,
                1
            ],
            "pre_delay": 5000,
            "direction": "None"
        }
    ],
    "doc": {
        "title": "术师 - 洛洛 - 创造优势",
        "details": "作业更新日期: 2025-01-18T08:18:36Z\n统计更新日期: 2025-03-30\n好评率：90.0%  浏览量：48\n来源：一只摆烂的42  ID：45558\n练度精二1级1级技能\n测试中，烦请您评论区反馈\n原视频：https://www.bilibili.com/video/BV1be4y1S7EC/\n制作者：一只摆烂的42\n有问题联系QQ2586582719\n修改自用请删除我的QQ"
    },
    "groups": [],
    "opers": [
        {
            "name": "洛洛",
            "skill": 2,
            "skill_usage": 0
        }
    ]
}