{
    "minimum_required": "v4.0.0",
    "stage_name": "mem_qanik_1",
    "actions": [
        {
            "type": "Deploy",
            "name": "雪绒",
            "location": [
                5,
                3
            ],
            "direction": "Left"
        },
        {
            "type": "Deploy",
            "name": "刻刀",
            "location": [
                5,
                4
            ],
            "direction": "Left"
        },
        {
            "type": "SpeedUp",
            "kills": 1
        },
        {
            "type": "Deploy",
            "name": "空",
            "location": [
                5,
                2
            ],
            "direction": "Down"
        },
        {
            "type": "Skill",
            "name": "雪绒",
            "location": [
                5,
                3
            ],
            "kills": 6,
            "costs": 1
        },
        {
            "type": "SpeedUp",
            "kills": 7
        },
        {
            "type": "Skill",
            "name": "刻刀",
            "location": [
                5,
                4
            ],
            "kills": 12
        },
        {
            "type": "SpeedUp"
        },
        {
            "type": "Skill",
            "name": "空",
            "location": [
                5,
                2
            ],
            "kills": 23,
            "costs": 7
        },
        {
            "type": "Skill",
            "name": "雪绒",
            "location": [
                5,
                3
            ],
            "kills": 23,
            "costs": 7
        },
        {
            "type": "Skill",
            "name": "刻刀",
            "location": [
                5,
                4
            ],
            "kills": 25,
            "costs": 8
        }
    ],
    "doc": {
        "title": "【雪绒 】悖论模拟 - 风雪摇摇乐",
        "details": "作业更新日期: 2024-07-10T03:20:33Z\n统计更新日期: 2025-01-30\n好评率：45.45%  浏览量：147\n来源：LobsterJam  ID：39354\n自用\n满潜能 二技能lv7"
    },
    "groups": [],
    "opers": [
        {
            "name": "雪绒",
            "skill": 2,
            "skill_usage": 0
        }
    ]
}