{
    "stage_name": "main_04-08",
    "minimum_required": "v4.0.0",
    "doc": {
        "title": "第四章 急性衰竭 - 4-8 - 应激反应 - 【提丰模组任务（二模）】",
        "details": "——————————\n作业更新日期: 2025-07-19T12:01:59Z\n统计更新日期: 2025-10-20\n相对评分：86.57000000000001%  相对热度：93.14%\n来源：小卡拉帕鲁灰  ID：62755\n——————————\n练度看详情\n任务要求：30杀，只带提丰一个狙击。别开补充信赖干员\n持续更新中，作业交流群789724611，如果作业有问题可以加群找我，评论区不能及时回复"
    },
    "opers": [
        {
            "name": "提丰",
            "skill": 2,
            "skill_usage": 1,
            "requirements": {
                "level": 90,
                "skill_level": 10,
                "module": 1
            }
        },
        {
            "name": "德克萨斯",
            "skill": 1,
            "requirements": {
                "skill_level": 7,
                "module": 2
            }
        },
        {
            "name": "山",
            "skill": 2,
            "skill_usage": 2,
            "requirements": {
                "skill_level": 10,
                "module": 1
            }
        }
    ],
    "groups": [
        {
            "name": "奶",
            "opers": [
                {
                    "name": "纯烬艾雅法拉",
                    "skill": 1,
                    "requirements": {
                        "skill_level": 10,
                        "module": 1
                    }
                },
                {
                    "name": "闪灵",
                    "skill": 2,
                    "requirements": {
                        "skill_level": 10,
                        "module": 1
                    }
                },
                {
                    "name": "流明",
                    "skill": 3,
                    "skill_usage": 1,
                    "requirements": {
                        "skill_level": 10,
                        "module": 1
                    }
                }
            ]
        },
        {
            "name": "术士",
            "opers": [
                {
                    "name": "逻各斯",
                    "skill": 1,
                    "requirements": {
                        "skill_level": 10,
                        "module": 4
                    }
                },
                {
                    "name": "艾雅法拉",
                    "skill": 2,
                    "requirements": {
                        "skill_level": 10,
                        "module": 1
                    }
                }
            ]
        }
    ],
    "actions": [
        {
            "name": "提丰",
            "location": [
                4,
                4
            ],
            "direction": "Right",
            "type": "Deploy"
        },
        {
            "name": "德克萨斯",
            "location": [
                3,
                4
            ],
            "direction": "Down",
            "type": "Deploy"
        },
        {
            "type": "SpeedUp"
        },
        {
            "name": "山",
            "location": [
                5,
                3
            ],
            "direction": "Right",
            "type": "Deploy"
        },
        {
            "name": "术士",
            "location": [
                4,
                3
            ],
            "direction": "Right",
            "type": "Deploy"
        },
        {
            "name": "奶",
            "location": [
                4,
                2
            ],
            "direction": "Down",
            "type": "Deploy"
        },
        {
            "type": "SkillDaemon"
        }
    ],
    "version": 3,
    "difficulty": 1
}