{
    "stage_name": "act9d0_ex01",
    "minimum_required": "v4.0.0",
    "doc": {
        "title": "生于黑夜·复刻 - DM-EX-1 - 交锋 铃兰模组孩子们自用",
        "details": "——————————\n作业更新日期: 2025-07-02T14:14:55Z\n统计更新日期: 2025-10-31\n相对评分：88.03999999999999%  相对热度：71.39%\n来源：齿叶冬青·  ID：61380\n——————————\n铃兰模组任务孩子们\n任务要求：3星通关别传DM-EX-1;必须编入非助战铃兰并上场，其他成员仅可编入6名干员\n原作者自在道爷，JSON作者萨拉托加  修改自用"
    },
    "opers": [
        {
            "name": "塞雷娅",
            "skill": 2,
            "skill_usage": 0,
            "requirements": {
                "skill_level": 7
            }
        },
        {
            "name": "艾雅法拉",
            "skill": 2,
            "skill_usage": 0
        },
        {
            "name": "铃兰",
            "skill": 3,
            "skill_usage": 1
        },
        {
            "name": "风笛",
            "skill": 2,
            "requirements": {
                "skill_level": 10,
                "module": 1
            }
        }
    ],
    "groups": [
        {
            "name": "新能/能",
            "opers": [
                {
                    "name": "新约能天使",
                    "skill": 2,
                    "skill_usage": 1,
                    "requirements": {
                        "skill_level": 10,
                        "module": 1
                    }
                },
                {
                    "name": "能天使",
                    "skill": 3,
                    "requirements": {
                        "skill_level": 10
                    }
                }
            ]
        },
        {
            "name": "群奶",
            "opers": [
                {
                    "name": "白面鸮",
                    "skill": 2,
                    "skill_usage": 1,
                    "requirements": {
                        "level": 50,
                        "skill_level": 7,
                        "module": -1
                    }
                },
                {
                    "name": "夜莺",
                    "skill": 2,
                    "requirements": {
                        "skill_level": 10
                    }
                },
                {
                    "name": "调香师",
                    "skill": 1,
                    "skill_usage": 1,
                    "requirements": {
                        "skill_level": 7
                    }
                }
            ]
        }
    ],
    "actions": [
        {
            "name": "风笛",
            "location": [
                4,
                3
            ],
            "direction": "Left",
            "type": "Deploy"
        },
        {
            "type": "SpeedUp"
        },
        {
            "name": "新能/能",
            "location": [
                3,
                2
            ],
            "direction": "Left",
            "type": "Deploy"
        },
        {
            "name": "塞雷娅",
            "location": [
                3,
                1
            ],
            "direction": "Left",
            "type": "Deploy"
        },
        {
            "name": "群奶",
            "location": [
                2,
                4
            ],
            "direction": "Right",
            "type": "Deploy"
        },
        {
            "name": "艾雅法拉",
            "location": [
                1,
                4
            ],
            "direction": "Up",
            "type": "Deploy"
        },
        {
            "name": "铃兰",
            "location": [
                4,
                2
            ],
            "direction": "Left",
            "type": "Deploy"
        },
        {
            "type": "SkillDaemon"
        }
    ],
    "version": 3,
    "difficulty": 0
}