{
    "minimum_required": "v4.0.0",
    "stage_name": "mem_chiave_1",
    "actions": [
        {
            "type": "SpeedUp"
        },
        {
            "type": "Deploy",
            "name": "砾",
            "location": [
                5,
                5
            ],
            "direction": "Right",
            "costs": 12
        },
        {
            "type": "Retreat",
            "name": "砾",
            "location": [
                5,
                5
            ],
            "costs": 11
        },
        {
            "type": "Deploy",
            "name": "贾维",
            "location": [
                5,
                6
            ],
            "costs": 14,
            "direction": "Down"
        },
        {
            "type": "Deploy",
            "name": "正义骑士号",
            "location": [
                3,
                1
            ],
            "direction": "Down",
            "costs": 11
        },
        {
            "type": "Deploy",
            "name": "THRM-EX",
            "location": [
                6,
                6
            ],
            "direction": "Up",
            "costs": 15
        },
        {
            "type": "Skill",
            "name": "贾维",
            "location": [
                5,
                6
            ],
            "costs": 17
        },
        {
            "type": "Deploy",
            "name": "Lancet-2",
            "location": [
                7,
                1
            ],
            "direction": "Left",
            "costs": 34
        },
        {
            "type": "Deploy",
            "costs": 76,
            "name": "THRM-EX",
            "location": [
                6,
                5
            ],
            "direction": "Down"
        },
        {
            "type": "Skill",
            "name": "贾维",
            "location": [
                5,
                6
            ],
            "costs": 78
        },
        {
            "type": "Deploy",
            "name": "THRM-EX",
            "location": [
                6,
                5
            ],
            "direction": "Up"
        },
        {
            "type": "Skill",
            "name": "贾维",
            "location": [
                5,
                6
            ],
            "costs": 99
        },
        {
            "type": "Deploy",
            "name": "砾",
            "location": [
                5,
                2
            ],
            "kills": 14,
            "direction": "Left"
        },
        {
            "type": "Deploy",
            "name": "THRM-EX",
            "location": [
                3,
                7
            ],
            "direction": "Up"
        },
        {
            "type": "Deploy",
            "name": "Castle-3",
            "location": [
                2,
                7
            ],
            "direction": "Right",
            "costs": 95
        },
        {
            "type": "SkillDaemon"
        }
    ],
    "doc": {
        "title": "悖论模拟-贾维-指挥天才",
        "details": "作业更新日期: 2023-03-15T07:47:38Z\n统计更新日期: 2024-11-24\n好评率：82.35%  浏览量：586\n来源：sandzn  ID：21624\n作者：倾九_Komy\n视频：https://www.bilibili.com/video/BV1Zx4y1V7ke/?spm_id_from=333.1007.top_right_bar_window_history.content.click&vd_source=5825ce49970bdfaaf70dd93e28f54261\n\n测试号：贾维精二1级7级技能 可通过"
    },
    "groups": [],
    "opers": [
        {
            "name": "贾维",
            "skill": 2,
            "skill_usage": 0
        }
    ]
}