{
    "minimum_required": "v4.0.0",
    "stage_name": "mem_elysm_1",
    "actions": [
        {
            "type": "Deploy",
            "name": "极境",
            "location": [
                5,
                3
            ],
            "direction": "Up"
        },
        {
            "type": "Deploy",
            "name": "蓝毒",
            "location": [
                6,
                1
            ],
            "direction": "Left"
        },
        {
            "type": "SpeedUp"
        },
        {
            "type": "Deploy",
            "name": "安比尔",
            "location": [
                4,
                1
            ],
            "direction": "Left"
        },
        {
            "type": "SpeedUp",
            "kills": 4,
            "doc_color": "SpringGreen",
            "doc": "等待底下小怪到达"
        },
        {
            "type": "Skill",
            "kills": 5,
            "name": "极境"
        },
        {
            "type": "Skill",
            "name": "安比尔"
        },
        {
            "type": "SpeedUp"
        },
        {
            "type": "SpeedUp",
            "kills": 15,
            "doc_color": "SpringGreen",
            "doc": "等待底下小怪到达"
        },
        {
            "type": "Skill",
            "kills": 16,
            "pre_delay": 2000,
            "name": "极境"
        },
        {
            "type": "Skill",
            "name": "安比尔"
        },
        {
            "type": "SpeedUp"
        }
    ],
    "doc": {
        "title": "先锋 - 极境 - 目标在这儿呢！",
        "details": "统计日期：2024-05-17\n好评率：90.91%  浏览量：471\n来源：rihno  ID：36679\n参考视频：BV1g8411h782 作者：倾九_Komy\nyc.exe"
    },
    "groups": [],
    "opers": [
        {
            "name": "极境",
            "skill": 2,
            "skill_usage": 0
        }
    ]
}