{
    "minimum_required": "v4.0.0",
    "stage_name": "mem_fang_1",
    "actions": [
        {
            "type": "SpeedUp"
        },
        {
            "type": "Deploy",
            "name": "芬",
            "location": [
                1,
                1
            ],
            "direction": "Right"
        },
        {
            "type": "Deploy",
            "name": "“夹子”",
            "location": [
                8,
                4
            ],
            "direction": "None"
        },
        {
            "type": "Deploy",
            "name": "“夹子”",
            "location": [
                8,
                3
            ],
            "direction": "None"
        },
        {
            "type": "Deploy",
            "name": "“夹子”",
            "location": [
                7,
                2
            ],
            "direction": "None"
        },
        {
            "type": "Deploy",
            "name": "“夹子”",
            "location": [
                8,
                2
            ],
            "direction": "None"
        },
        {
            "type": "Deploy",
            "name": "“夹子”",
            "location": [
                6,
                2
            ],
            "direction": "None"
        },
        {
            "type": "Deploy",
            "name": "“夹子”",
            "location": [
                6,
                3
            ],
            "direction": "None"
        },
        {
            "type": "Deploy",
            "name": "“夹子”",
            "location": [
                6,
                4
            ],
            "direction": "None"
        },
        {
            "type": "Deploy",
            "name": "“夹子”",
            "location": [
                4,
                2
            ],
            "direction": "None"
        },
        {
            "type": "Deploy",
            "name": "“夹子”",
            "location": [
                4,
                1
            ],
            "direction": "None"
        },
        {
            "type": "Deploy",
            "name": "“夹子”",
            "location": [
                2,
                1
            ],
            "direction": "None",
            "kills": 22
        },
        {
            "type": "Deploy",
            "name": "“夹子”",
            "location": [
                2,
                1
            ],
            "direction": "None",
            "kills": 26
        }
    ],
    "doc": {
        "title": "先锋 - 芬 - 愉快合作",
        "details": "统计日期：2024-05-11\n好评率：100.0%  浏览量：520\n来源：kino  ID：36987\n先锋 - 芬 - 愉快合作"
    },
    "groups": [],
    "opers": [
        {
            "name": "芬",
            "skill": 1,
            "skill_usage": 0
        }
    ]
}