{
    "minimum_required": "v4.0.0",
    "stage_name": "act29side_01",
    "actions": [
        {
            "type": "Deploy",
            "name": "煌",
            "location": [
                6,
                3
            ],
            "direction": "Down"
        },
        {
            "type": "SpeedUp"
        },
        {
            "type": "Deploy",
            "name": "奶盾",
            "location": [
                7,
                4
            ],
            "direction": "Left"
        }
    ],
    "doc": {
        "title": "崔林特尔梅之金 - ZT-1 - 清唱“晴空之歌”",
        "details": "作业更新日期: 2024-11-26T12:39:55Z\n统计更新日期: 2024-11-30\n好评率：99.01%  浏览量：28502\n来源：萨拉托加  ID：29619\nZT-1\n已测试\n【【崔林特尔梅之金】ZT-1摆完挂机简单好抄明日方舟zt1】 https://www.bilibili.com/video/BV1BM411Q7ts/?share_source=copy_web&vd_source=3fd5040fe25f6a00e19e6072bcccfa4e\nUP祈星_Estrella"
    },
    "groups": [
        {
            "name": "奶盾",
            "opers": [
                {
                    "name": "黍",
                    "skill": 1,
                    "skill_usage": 0
                },
                {
                    "name": "塞雷娅",
                    "skill": 1,
                    "skill_usage": 0
                }
            ]
        }
    ],
    "opers": [
        {
            "name": "煌",
            "skill": 2,
            "skill_usage": 0
        }
    ]
}