{
    "minimum_required": "v4.0.0",
    "stage_name": "act29side_05",
    "actions": [
        {
            "type": "Deploy",
            "name": "克洛丝",
            "location": [
                4,
                4
            ],
            "direction": "Up"
        },
        {
            "type": "Deploy",
            "name": "煌",
            "location": [
                1,
                5
            ],
            "direction": "Right"
        },
        {
            "type": "SpeedUp"
        },
        {
            "type": "Deploy",
            "name": "奶盾",
            "location": [
                2,
                5
            ],
            "direction": "Right"
        },
        {
            "type": "Skill",
            "location": [
                5,
                2
            ],
            "kills": 3,
            "pre_delay": 3000
        },
        {
            "type": "SkillDaemon"
        }
    ],
    "doc": {
        "title": "崔林特尔梅之金 - ZT-5 - 奏鸣曲“秋日”",
        "details": "作业更新日期: 2024-11-26T12:52:00Z\n统计更新日期: 2024-11-30\n好评率：99.54%  浏览量：14313\n来源：萨拉托加  ID：29626\nZT-5\n已测试\n【【崔林特尔梅之金】ZT-5摆完挂机简单好抄明日方舟zt5】 https://www.bilibili.com/video/BV1Wy4y1c7de/?share_source=copy_web&vd_source=3fd5040fe25f6a00e19e6072bcccfa4e\nUP祈星_Estrella"
    },
    "groups": [
        {
            "name": "奶盾",
            "opers": [
                {
                    "name": "黍",
                    "skill": 1,
                    "skill_usage": 0
                },
                {
                    "name": "塞雷娅",
                    "skill": 1,
                    "skill_usage": 0
                }
            ]
        }
    ],
    "opers": [
        {
            "name": "克洛丝",
            "skill": 1,
            "skill_usage": 0
        },
        {
            "name": "煌",
            "skill": 2,
            "skill_usage": 0
        }
    ]
}