{
    "minimum_required": "v4.0.0",
    "stage_name": "act29side_01",
    "actions": [
        {
            "type": "SpeedUp"
        },
        {
            "type": "Deploy",
            "name": "挡二先锋",
            "location": [
                6,
                4
            ],
            "direction": "Left"
        },
        {
            "type": "Deploy",
            "name": "强攻手",
            "location": [
                5,
                3
            ],
            "direction": "Down"
        },
        {
            "type": "Deploy",
            "name": "速狙1",
            "location": [
                6,
                5
            ],
            "direction": "Up"
        },
        {
            "type": "Deploy",
            "name": "单奶",
            "location": [
                6,
                2
            ],
            "direction": "Down"
        },
        {
            "type": "Deploy",
            "name": "奶盾",
            "location": [
                6,
                3
            ],
            "direction": "Left"
        },
        {
            "type": "Deploy",
            "name": "盾2",
            "location": [
                7,
                4
            ],
            "direction": "Left"
        },
        {
            "type": "Deploy",
            "name": "中铁术士",
            "location": [
                7,
                5
            ],
            "direction": "Left"
        },
        {
            "type": "SkillDaemon"
        }
    ],
    "doc": {
        "title": "ZT-1   [低配 无核 通用]",
        "details": "作业更新日期: 2024-03-23T13:25:52Z\n统计更新日期: 2024-11-30\n好评率：96.77%  浏览量：1126\n来源：无忧无虑啦  ID：29653\n新活动：崔林特尔梅之金  [低配 无核 通用]\n由于我都是精一55级，故低于该练度不清楚\n可根据自己需求更改\n有问题群找“无忧无虑啦”\n"
    },
    "groups": [
        {
            "name": "奶盾",
            "opers": [
                {
                    "name": "临光",
                    "skill": 1,
                    "skill_usage": 0
                },
                {
                    "name": "塞雷娅",
                    "skill": 1,
                    "skill_usage": 0
                },
                {
                    "name": "古米",
                    "skill": 1,
                    "skill_usage": 0
                },
                {
                    "name": "瑕光",
                    "skill": 1,
                    "skill_usage": 0
                },
                {
                    "name": "吽",
                    "skill": 1,
                    "skill_usage": 0
                },
                {
                    "name": "斑点",
                    "skill": 1,
                    "skill_usage": 0
                },
                {
                    "name": "卡缇",
                    "skill": 1,
                    "skill_usage": 0
                }
            ]
        },
        {
            "name": "盾2",
            "opers": [
                {
                    "name": "拜松",
                    "skill": 2,
                    "skill_usage": 1
                },
                {
                    "name": "米格鲁",
                    "skill": 1,
                    "skill_usage": 1
                },
                {
                    "name": "泡泡",
                    "skill": 2,
                    "skill_usage": 1
                },
                {
                    "name": "车尔尼",
                    "skill": 2,
                    "skill_usage": 1
                },
                {
                    "name": "星熊",
                    "skill": 2,
                    "skill_usage": 0
                },
                {
                    "name": "斥罪",
                    "skill": 1,
                    "skill_usage": 0
                },
                {
                    "name": "雷蛇",
                    "skill": 1,
                    "skill_usage": 0
                },
                {
                    "name": "闪击",
                    "skill": 2,
                    "skill_usage": 1
                },
                {
                    "name": "暮落",
                    "skill": 1,
                    "skill_usage": 1
                },
                {
                    "name": "暴雨",
                    "skill": 1,
                    "skill_usage": 0
                },
                {
                    "name": "石棉",
                    "skill": 2,
                    "skill_usage": 1
                },
                {
                    "name": "年",
                    "skill": 1,
                    "skill_usage": 1
                },
                {
                    "name": "坚雷",
                    "skill": 2,
                    "skill_usage": 1
                },
                {
                    "name": "可颂",
                    "skill": 1,
                    "skill_usage": 0
                },
                {
                    "name": "蛇屠箱",
                    "skill": 2,
                    "skill_usage": 1
                },
                {
                    "name": "角峰",
                    "skill": 1,
                    "skill_usage": 1
                },
                {
                    "name": "泥岩",
                    "skill": 2,
                    "skill_usage": 0
                }
            ]
        },
        {
            "name": "中铁术士",
            "opers": [
                {
                    "name": "阿米娅",
                    "skill": 1,
                    "skill_usage": 1
                },
                {
                    "name": "霍尔海雅",
                    "skill": 2,
                    "skill_usage": 1
                },
                {
                    "name": "苦艾",
                    "skill": 1,
                    "skill_usage": 0
                },
                {
                    "name": "刻俄柏",
                    "skill": 2,
                    "skill_usage": 1
                },
                {
                    "name": "夜魔",
                    "skill": 2,
                    "skill_usage": 0
                },
                {
                    "name": "艾雅法拉",
                    "skill": 2,
                    "skill_usage": 1
                },
                {
                    "name": "史都华德",
                    "skill": 1,
                    "skill_usage": 0
                },
                {
                    "name": "澄闪",
                    "skill": 2,
                    "skill_usage": 0
                },
                {
                    "name": "卡达",
                    "skill": 2,
                    "skill_usage": 1
                }
            ]
        },
        {
            "name": "单奶",
            "opers": [
                {
                    "name": "安赛尔",
                    "skill": 1,
                    "skill_usage": 1
                },
                {
                    "name": "纯烬艾雅法拉",
                    "skill": 1,
                    "skill_usage": 0
                },
                {
                    "name": "凯尔希",
                    "skill": 2,
                    "skill_usage": 0
                },
                {
                    "name": "亚叶",
                    "skill": 2,
                    "skill_usage": 1
                },
                {
                    "name": "图耶",
                    "skill": 1,
                    "skill_usage": 1
                },
                {
                    "name": "苏苏洛",
                    "skill": 1,
                    "skill_usage": 1
                },
                {
                    "name": "闪灵",
                    "skill": 2,
                    "skill_usage": 0
                },
                {
                    "name": "华法琳",
                    "skill": 1,
                    "skill_usage": 0
                },
                {
                    "name": "赫默",
                    "skill": 1,
                    "skill_usage": 1
                },
                {
                    "name": "嘉维尔",
                    "skill": 1,
                    "skill_usage": 0
                },
                {
                    "name": "末药",
                    "skill": 1,
                    "skill_usage": 0
                },
                {
                    "name": "芙蓉",
                    "skill": 1,
                    "skill_usage": 1
                }
            ]
        },
        {
            "name": "速狙1",
            "opers": [
                {
                    "name": "寒芒克洛丝",
                    "skill": 2,
                    "skill_usage": 1
                },
                {
                    "name": "空弦",
                    "skill": 1,
                    "skill_usage": 0
                },
                {
                    "name": "灰喉",
                    "skill": 2,
                    "skill_usage": 1
                },
                {
                    "name": "红云",
                    "skill": 1,
                    "skill_usage": 1
                },
                {
                    "name": "白金",
                    "skill": 2,
                    "skill_usage": 2
                },
                {
                    "name": "流星",
                    "skill": 1,
                    "skill_usage": 0
                },
                {
                    "name": "安德切尔",
                    "skill": 1,
                    "skill_usage": 0
                },
                {
                    "name": "克洛丝",
                    "skill": 1,
                    "skill_usage": 0
                },
                {
                    "name": "杰西卡",
                    "skill": 1,
                    "skill_usage": 0
                },
                {
                    "name": "蓝毒",
                    "skill": 1,
                    "skill_usage": 0
                },
                {
                    "name": "能天使",
                    "skill": 1,
                    "skill_usage": 0
                },
                {
                    "name": "梅",
                    "skill": 1,
                    "skill_usage": 0
                },
                {
                    "name": "四月",
                    "skill": 1,
                    "skill_usage": 0
                },
                {
                    "name": "灰烬",
                    "skill": 1,
                    "skill_usage": 0
                },
                {
                    "name": "隐现",
                    "skill": 1,
                    "skill_usage": 0
                }
            ]
        },
        {
            "name": "挡二先锋",
            "opers": [
                {
                    "name": "青枳",
                    "skill": 2,
                    "skill_usage": 1
                },
                {
                    "name": "焰尾",
                    "skill": 2,
                    "skill_usage": 1
                },
                {
                    "name": "嵯峨",
                    "skill": 1,
                    "skill_usage": 0
                },
                {
                    "name": "贾维",
                    "skill": 2,
                    "skill_usage": 1
                },
                {
                    "name": "德克萨斯",
                    "skill": 2,
                    "skill_usage": 1
                },
                {
                    "name": "凛冬",
                    "skill": 2,
                    "skill_usage": 1
                },
                {
                    "name": "清道夫",
                    "skill": 2,
                    "skill_usage": 1
                },
                {
                    "name": "讯使",
                    "skill": 2,
                    "skill_usage": 1
                }
            ]
        },
        {
            "name": "强攻手",
            "opers": [
                {
                    "name": "百炼嘉维尔",
                    "skill": 2,
                    "skill_usage": 1
                },
                {
                    "name": "煌",
                    "skill": 2,
                    "skill_usage": 0
                },
                {
                    "name": "布洛卡",
                    "skill": 1,
                    "skill_usage": 1
                },
                {
                    "name": "泡普卡",
                    "skill": 1,
                    "skill_usage": 1
                },
                {
                    "name": "幽灵鲨",
                    "skill": 1,
                    "skill_usage": 1
                }
            ]
        }
    ],
    "opers": []
}