{
    "minimum_required": "v4.0.0",
    "stage_name": "act29side_07",
    "actions": [
        {
            "type": "SpeedUp"
        },
        {
            "type": "Deploy",
            "name": "能天使",
            "location": [
                3,
                4
            ],
            "direction": "Up"
        },
        {
            "type": "Deploy",
            "name": "煌",
            "location": [
                2,
                3
            ],
            "direction": "Right"
        },
        {
            "type": "Deploy",
            "name": "塞雷娅",
            "location": [
                3,
                3
            ],
            "direction": "Right"
        },
        {
            "type": "Skill",
            "location": [
                4,
                4
            ],
            "kills": 15,
            "pre_delay": 23000,
            "name": "调谐节点"
        },
        {
            "type": "SkillDaemon"
        }
    ],
    "doc": {
        "title": "崔林特尔梅之金 - ZT-7 - 协奏曲“复活”",
        "details": "作业更新日期: 2023-11-02T14:03:40Z\n统计更新日期: 2024-11-30\n好评率：85.9%  浏览量：1656\n来源：作业超大杯  ID：29731\n崔林特尔梅之金 - ZT-7 - 协奏曲“复活”"
    },
    "groups": [],
    "opers": [
        {
            "name": "煌",
            "skill": 2,
            "skill_usage": 0
        },
        {
            "name": "塞雷娅",
            "skill": 1,
            "skill_usage": 0
        },
        {
            "name": "能天使",
            "skill": 3,
            "skill_usage": 0
        }
    ]
}