{
    "minimum_required": "v4.0.0",
    "stage_name": "act29side_08",
    "actions": [
        {
            "type": "SpeedUp"
        },
        {
            "type": "Deploy",
            "name": "棘刺",
            "location": [
                1,
                4
            ],
            "direction": "Up"
        },
        {
            "type": "Deploy",
            "name": "玛恩纳",
            "location": [
                8,
                4
            ],
            "direction": "Left"
        },
        {
            "type": "Deploy",
            "name": "湮灭之相",
            "location": [
                1,
                3
            ],
            "direction": "None",
            "costs": 41
        },
        {
            "type": "Skill",
            "name": "玛恩纳",
            "location": [
                8,
                4
            ],
            "costs": 47,
            "rear_delay": 100
        },
        {
            "type": "SkillUsage",
            "name": "玛恩纳",
            "skill_usage": 1
        },
        {
            "type": "Skill",
            "name": "调谐节点",
            "kills": 26,
            "location": [
                4,
                4
            ]
        },
        {
            "type": "SkillDaemon"
        }
    ],
    "doc": {
        "title": "化学老施   ZT-8双人速刷   （更新后）",
        "details": "作业更新日期: 2023-11-04T00:50:28Z\n统计更新日期: 2024-11-30\n好评率：90.41%  浏览量：1787\n来源：墨下柒约  ID：29825\n视频作者：化学老施\n\n【无限定好抄【ZT-8】堵门速刷 活动建议 2人110秒 全新装置 崔林特尔梅之金 明日方舟 少人信赖攻略 231101】 https://www.bilibili.com/video/BV1pw411B7NL/?share…\n\n建议练度2903\n\n已测试"
    },
    "groups": [],
    "opers": [
        {
            "name": "棘刺",
            "skill": 3,
            "skill_usage": 1
        },
        {
            "name": "玛恩纳",
            "skill": 3,
            "skill_usage": 0
        }
    ]
}