{
    "minimum_required": "v4.0.0",
    "stage_name": "act29side_ex04",
    "actions": [
        {
            "type": "Deploy",
            "name": "如能天使",
            "location": [
                6,
                3
            ],
            "direction": "Left"
        },
        {
            "type": "SpeedUp"
        },
        {
            "type": "Deploy",
            "name": "伊桑",
            "location": [
                6,
                4
            ],
            "direction": "Left"
        },
        {
            "type": "Deploy",
            "name": "如棘刺",
            "location": [
                5,
                6
            ],
            "direction": "Up"
        },
        {
            "type": "Skill",
            "kills": 6,
            "cost_changes": 10,
            "location": [
                6,
                5
            ]
        },
        {
            "type": "Deploy",
            "name": "伊芙利特",
            "location": [
                6,
                2
            ],
            "direction": "Left"
        },
        {
            "type": "Skill",
            "kills": 9,
            "location": [
                6,
                5
            ]
        },
        {
            "type": "Skill",
            "kills": 15,
            "location": [
                6,
                5
            ]
        },
        {
            "type": "Deploy",
            "name": "如闪灵",
            "location": [
                5,
                5
            ],
            "direction": "Up"
        },
        {
            "type": "Skill",
            "location": [
                6,
                5
            ],
            "cost_changes": 5
        },
        {
            "type": "Skill",
            "location": [
                6,
                5
            ],
            "cost_changes": 7,
            "kills": 18
        },
        {
            "type": "Deploy",
            "name": "如塞雷娅",
            "location": [
                5,
                4
            ],
            "direction": "Left"
        },
        {
            "type": "Skill",
            "location": [
                4,
                5
            ],
            "cost_changes": 0,
            "kills": 27,
            "pre_delay": 0
        },
        {
            "type": "SkillDaemon"
        }
    ],
    "doc": {
        "title": "【干员替换】ZT-EX-4 - 序列法",
        "details": "作业更新日期: 2023-11-09T15:48:19Z\n统计更新日期: 2024-11-30\n好评率：96.92%  浏览量：1625\n来源：Dayheart  ID：29967\n【【崔林特尔梅之金】ZT全关卡 摆完挂机 简单好抄（持续更新中）】 https://www.bilibili.com/video/BV1xa4y1D7BE/?p=18&share_source=copy_web&vd_source=3fd5040fe25f6a00e19e6072bcccfa4e\n原JSON：萨拉托加"
    },
    "groups": [
        {
            "name": "如棘刺",
            "opers": [
                {
                    "name": "棘刺",
                    "skill": 3,
                    "skill_usage": 1
                },
                {
                    "name": "仇白",
                    "skill": 3,
                    "skill_usage": 1
                }
            ]
        },
        {
            "name": "如能天使",
            "opers": [
                {
                    "name": "能天使",
                    "skill": 3,
                    "skill_usage": 0
                },
                {
                    "name": "空弦",
                    "skill": 3,
                    "skill_usage": 1
                }
            ]
        },
        {
            "name": "如闪灵",
            "opers": [
                {
                    "name": "闪灵",
                    "skill": 2,
                    "skill_usage": 0
                },
                {
                    "name": "纯烬艾雅法拉",
                    "skill": 1,
                    "skill_usage": 0
                },
                {
                    "name": "流明",
                    "skill": 3,
                    "skill_usage": 1
                }
            ]
        },
        {
            "name": "如塞雷娅",
            "opers": [
                {
                    "name": "塞雷娅",
                    "skill": 1,
                    "skill_usage": 0
                },
                {
                    "name": "临光",
                    "skill": 1,
                    "skill_usage": 0
                }
            ]
        }
    ],
    "opers": [
        {
            "name": "伊芙利特",
            "skill": 2,
            "skill_usage": 0
        },
        {
            "name": "伊桑",
            "skill": 1,
            "skill_usage": 0
        }
    ],
    "difficulty": 3
}