{
    "minimum_required": "v4.0.0",
    "stage_name": "act29side_ex07",
    "actions": [
        {
            "type": "Deploy",
            "name": "能天使",
            "location": [
                2,
                4
            ],
            "direction": "Right"
        },
        {
            "type": "Deploy",
            "name": "桃金娘",
            "location": [
                3,
                6
            ],
            "direction": "Right"
        },
        {
            "type": "Deploy",
            "name": "湮灭之相",
            "location": [
                3,
                4
            ],
            "direction": "None"
        },
        {
            "type": "Skill",
            "name": "桃金娘",
            "location": [
                3,
                6
            ]
        },
        {
            "type": "Deploy",
            "name": "棘刺",
            "location": [
                1,
                3
            ],
            "direction": "Right"
        },
        {
            "type": "Deploy",
            "name": "煌",
            "location": [
                1,
                7
            ],
            "direction": "Right"
        },
        {
            "type": "Skill",
            "name": "棘刺",
            "location": [
                1,
                3
            ]
        },
        {
            "type": "Skill",
            "name": "桃金娘"
        },
        {
            "type": "Deploy",
            "name": "夜莺",
            "location": [
                1,
                6
            ],
            "direction": "Up"
        },
        {
            "type": "Skill",
            "location": [
                4,
                4
            ],
            "kills": 7,
            "pre_delay": 10000
        },
        {
            "type": "Deploy",
            "name": "艾雅法拉",
            "location": [
                1,
                4
            ],
            "direction": "Right",
            "rear_delay": 8000
        },
        {
            "type": "Deploy",
            "name": "湮灭之相",
            "location": [
                2,
                2
            ],
            "direction": "None"
        },
        {
            "type": "Deploy",
            "name": "闪灵",
            "location": [
                2,
                6
            ],
            "direction": "Right"
        },
        {
            "type": "Skill",
            "name": "棘刺",
            "location": [
                1,
                3
            ]
        },
        {
            "type": "Deploy",
            "name": "星熊",
            "location": [
                2,
                7
            ],
            "direction": "Right"
        },
        {
            "type": "Skill",
            "location": [
                4,
                4
            ],
            "kills": 19
        },
        {
            "type": "Retreat",
            "name": "桃金娘",
            "location": [
                3,
                6
            ]
        },
        {
            "type": "Deploy",
            "name": "塞雷娅",
            "location": [
                2,
                5
            ],
            "direction": "Right"
        },
        {
            "type": "Deploy",
            "name": "幻影",
            "location": [
                3,
                2
            ],
            "direction": "None",
            "kills": 39
        },
        {
            "type": "Deploy",
            "name": "幻影",
            "location": [
                3,
                2
            ],
            "direction": "None",
            "cooling": 0
        }
    ],
    "doc": {
        "title": "崔林特尔梅之金 - ZT-EX-7 - 无调性（无水月斯卡蒂",
        "details": "作业更新日期: 2023-11-12T03:10:45Z\n统计更新日期: 2024-11-30\n好评率：95.9%  浏览量：4622\n来源：59    ID：30056\n参考：https://www.bilibili.com/video/BV1rH4y1B7KK/\n测试练度：煌60 专3，艾雅法拉90 专3 有模组，塞雷亚90 专3，闪灵60 专3，夜莺60 技能7级，桃金娘40 专3，棘刺90 专3，能天使90 专3 有模组，星熊60 技能7级，闪灵60 技能7级，未翻车\n"
    },
    "groups": [],
    "opers": [
        {
            "name": "煌",
            "skill": 2,
            "skill_usage": 0
        },
        {
            "name": "艾雅法拉",
            "skill": 2,
            "skill_usage": 0
        },
        {
            "name": "塞雷娅",
            "skill": 1,
            "skill_usage": 0
        },
        {
            "name": "夜莺",
            "skill": 2,
            "skill_usage": 0
        },
        {
            "name": "桃金娘",
            "skill": 1,
            "skill_usage": 0
        },
        {
            "name": "棘刺",
            "skill": 3,
            "skill_usage": 0
        },
        {
            "name": "能天使",
            "skill": 3,
            "skill_usage": 0
        },
        {
            "name": "星熊",
            "skill": 2,
            "skill_usage": 0
        },
        {
            "name": "闪灵",
            "skill": 2,
            "skill_usage": 0
        }
    ],
    "difficulty": 3
}