{
    "minimum_required": "v4.0.0",
    "stage_name": "act29side_ex04",
    "actions": [
        {
            "type": "SpeedUp"
        },
        {
            "type": "Deploy",
            "name": "能天使",
            "location": [
                6,
                3
            ],
            "direction": "Left"
        },
        {
            "type": "Deploy",
            "name": "提丰",
            "location": [
                8,
                3
            ],
            "direction": "Left"
        },
        {
            "type": "Deploy",
            "name": "泥岩",
            "location": [
                5,
                4
            ],
            "direction": "Up"
        },
        {
            "type": "Deploy",
            "name": "伊桑",
            "location": [
                5,
                6
            ],
            "direction": "Up"
        },
        {
            "type": "Skill",
            "location": [
                6,
                5
            ],
            "pre_delay": 8000
        },
        {
            "type": "Skill",
            "location": [
                6,
                5
            ],
            "pre_delay": 8000
        },
        {
            "type": "Skill",
            "location": [
                6,
                5
            ],
            "pre_delay": 8000
        },
        {
            "type": "Skill",
            "location": [
                6,
                5
            ],
            "pre_delay": 8000
        },
        {
            "type": "Skill",
            "location": [
                6,
                5
            ],
            "pre_delay": 8000
        },
        {
            "type": "Skill",
            "location": [
                6,
                5
            ],
            "pre_delay": 8000
        },
        {
            "type": "SkillDaemon"
        }
    ],
    "doc": {
        "title": " ZT-EX-4 序列法 【ZC高配广义挂机流】",
        "details": "作业更新日期: 2023-11-09T05:58:19Z\n统计更新日期: 2024-11-30\n好评率：98.75%  浏览量：2738\n来源：小卡拉帕鲁灰  ID：29932\n突袭、普通和任务兼容，练度：精二42级专3，伊桑是做任务工具人没练应该没事\nZC高配广义挂机流：BV1D84y1Q74V\n测试通过，任务可以完成"
    },
    "groups": [],
    "opers": [
        {
            "name": "能天使",
            "skill": 3,
            "skill_usage": 0
        },
        {
            "name": "伊桑",
            "skill": 1,
            "skill_usage": 0
        },
        {
            "name": "泥岩",
            "skill": 2,
            "skill_usage": 0
        },
        {
            "name": "提丰",
            "skill": 2,
            "skill_usage": 1
        }
    ],
    "difficulty": 3
}