{
    "minimum_required": "v4.0.0",
    "stage_name": "act29side_s02",
    "actions": [
        {
            "type": "Deploy",
            "name": "能天使",
            "location": [
                7,
                4
            ],
            "direction": "Left"
        },
        {
            "type": "SpeedUp"
        },
        {
            "type": "Deploy",
            "name": "玛恩纳",
            "location": [
                5,
                4
            ],
            "direction": "Up"
        },
        {
            "type": "Skill",
            "location": [
                7,
                5
            ],
            "kills": 1
        },
        {
            "type": "Deploy",
            "name": "棘刺",
            "location": [
                10,
                4
            ],
            "direction": "Up"
        },
        {
            "type": "Deploy",
            "name": "百炼嘉维尔",
            "location": [
                8,
                6
            ],
            "direction": "Left"
        },
        {
            "type": "Skill",
            "name": "玛恩纳"
        },
        {
            "type": "Skill",
            "location": [
                7,
                5
            ],
            "kills": 6
        },
        {
            "type": "Deploy",
            "name": "奶",
            "location": [
                8,
                5
            ],
            "kills": 12,
            "direction": "Left"
        },
        {
            "type": "Deploy",
            "name": "白面鸮",
            "location": [
                8,
                4
            ],
            "direction": "Down"
        },
        {
            "type": "Deploy",
            "name": "黍",
            "location": [
                7,
                6
            ],
            "direction": "Left"
        },
        {
            "type": "Skill",
            "location": [
                7,
                5
            ],
            "cost_changes": 34
        },
        {
            "type": "Skill",
            "name": "玛恩纳"
        },
        {
            "type": "Skill",
            "location": [
                7,
                5
            ]
        },
        {
            "type": "SkillDaemon"
        }
    ],
    "doc": {
        "title": "崔林特尔梅之金 - ZT-S-2 - 管乐团",
        "details": "作业更新日期: 2024-11-25T14:25:00Z\n统计更新日期: 2024-12-01\n好评率：99.0%  浏览量：1017\n来源：baomoy  ID：43968\n没地图的更新4.27版本MAA\n【【崔林特尔梅之金】ZT全关卡 摆完挂机 简单好抄（持续更新中）】 https://www.bilibili.com/video/BV1xa4y1D7BE/?p=25&share_source=copy_web 萧然Q\n自用"
    },
    "groups": [
        {
            "name": "奶",
            "opers": [
                {
                    "name": "纯烬艾雅法拉",
                    "skill": 1,
                    "skill_usage": 0
                }
            ]
        }
    ],
    "opers": [
        {
            "name": "玛恩纳",
            "skill": 3,
            "skill_usage": 0
        },
        {
            "name": "能天使",
            "skill": 3,
            "skill_usage": 0
        },
        {
            "name": "棘刺",
            "skill": 3,
            "skill_usage": 1
        },
        {
            "name": "百炼嘉维尔",
            "skill": 2,
            "skill_usage": 1
        },
        {
            "name": "黍",
            "skill": 1,
            "skill_usage": 0
        },
        {
            "name": "白面鸮",
            "skill": 2,
            "skill_usage": 1
        }
    ],
    "difficulty": 3
}