{
    "minimum_required": "v4.0.0",
    "stage_name": "act29side_s04",
    "actions": [
        {
            "type": "Deploy",
            "name": "煌",
            "location": [
                9,
                1
            ],
            "direction": "Left"
        },
        {
            "type": "Deploy",
            "name": "浊心斯卡蒂",
            "location": [
                9,
                3
            ],
            "direction": "Left"
        },
        {
            "type": "Deploy",
            "name": "重岳",
            "location": [
                8,
                2
            ],
            "direction": "Left"
        },
        {
            "type": "Deploy",
            "name": "夜莺",
            "location": [
                8,
                3
            ],
            "direction": "Up"
        },
        {
            "type": "Deploy",
            "name": "闪灵",
            "location": [
                10,
                3
            ],
            "direction": "Left"
        },
        {
            "type": "Deploy",
            "name": "临光",
            "location": [
                9,
                2
            ],
            "direction": "Left"
        },
        {
            "type": "Deploy",
            "name": "艾雅法拉",
            "location": [
                7,
                3
            ],
            "direction": "Up"
        },
        {
            "type": "SpeedUp"
        },
        {
            "type": "Deploy",
            "name": "可不带",
            "location": [
                10,
                1
            ],
            "direction": "Left"
        },
        {
            "type": "SkillDaemon"
        }
    ],
    "doc": {
        "title": "崔林特尔梅之金 - ZT-S-4 - 六重奏",
        "details": "作业更新日期: 2023-11-16T14:40:26Z\n统计更新日期: 2024-11-30\n好评率：100.0%  浏览量：1089\n来源：HathawayNoa  ID：30246\n第三关太难，先写第四关，号角可不带\n自动编队有bug大哥要手动选三技能\n【【崔林特尔梅之金】ZT全关卡 摆完挂机 简单好抄（持续更新中）】 https://www.bilibili.com/video/BV1xa4y1D7BE/?p=27&share_source=copy_web&vd_source=3fd5040fe25f6a00e19e6072bcccfa4e\n修改干员自用"
    },
    "groups": [],
    "opers": [
        {
            "name": "煌",
            "skill": 2,
            "skill_usage": 0
        },
        {
            "name": "重岳",
            "skill": 3,
            "skill_usage": 1
        },
        {
            "name": "临光",
            "skill": 1,
            "skill_usage": 0
        },
        {
            "name": "艾雅法拉",
            "skill": 2,
            "skill_usage": 0
        },
        {
            "name": "闪灵",
            "skill": 2,
            "skill_usage": 0
        },
        {
            "name": "夜莺",
            "skill": 2,
            "skill_usage": 0
        },
        {
            "name": "浊心斯卡蒂",
            "skill": 2,
            "skill_usage": 0
        },
        {
            "name": "德克萨斯",
            "skill": 1,
            "skill_usage": 0
        }
    ],
    "difficulty": 3
}