{
    "minimum_required": "v4.0.0",
    "stage_name": "main_07-11",
    "actions": [
        {
            "type": "SpeedUp"
        },
        {
            "type": "Deploy",
            "name": "近卫",
            "location": [
                5,
                3
            ],
            "direction": "Right"
        },
        {
            "type": "Deploy",
            "name": "奶盾",
            "location": [
                6,
                4
            ],
            "direction": "Up"
        },
        {
            "type": "Deploy",
            "name": "Friston-3",
            "location": [
                8,
                5
            ],
            "direction": "Right",
            "costs": 22
        },
        {
            "type": "Deploy",
            "name": "凛视",
            "location": [
                8,
                4
            ],
            "direction": "Up"
        },
        {
            "type": "Deploy",
            "name": "伊芙利特",
            "location": [
                4,
                5
            ],
            "direction": "Right"
        }
    ],
    "doc": {
        "title": "凛视模组任务 - 7-13 - 启行未来的灯",
        "details": "作业更新日期: 2024-11-02T16:27:40Z\n统计更新日期: 2024-11-24\n好评率：50.0%  浏览量：45\n来源：一只摆烂的42  ID：43090\n凛视「启行未来的灯」模组任务\n3星通关主题曲7-13；必须编入非助战凛视并上场，且凛视造成至少1次凋亡爆发\nUP：鬼魅ghost白\n原视频：https://www.bilibili.com/video/BV1o4SRY2EYe/\n制作者：一只摆烂的42\n有问题联系QQ2586582719\n修改自用请删除我的QQ"
    },
    "groups": [
        {
            "name": "近卫",
            "opers": [
                {
                    "name": "推进之王",
                    "skill": 2,
                    "skill_usage": 0
                },
                {
                    "name": "煌",
                    "skill": 2,
                    "skill_usage": 0
                },
                {
                    "name": "风笛",
                    "skill": 2,
                    "skill_usage": 0
                }
            ]
        },
        {
            "name": "奶盾",
            "opers": [
                {
                    "name": "塞雷娅",
                    "skill": 1,
                    "skill_usage": 0
                },
                {
                    "name": "黍",
                    "skill": 1,
                    "skill_usage": 0
                }
            ]
        }
    ],
    "opers": [
        {
            "name": "凛视",
            "skill": 2,
            "skill_usage": 1
        },
        {
            "name": "伊芙利特",
            "skill": 2,
            "skill_usage": 0
        },
        {
            "name": "Friston-3",
            "skill": 1,
            "skill_usage": 0
        }
    ],
    "difficulty": 1
}