{
    "minimum_required": "v4.0.0",
    "stage_name": "act12d0_06",
    "actions": [
        {
            "type": "SpeedUp"
        },
        {
            "type": "Deploy",
            "name": "煌",
            "location": [
                1,
                2
            ],
            "direction": "Right"
        },
        {
            "type": "Deploy",
            "name": "塞雷娅",
            "location": [
                2,
                4
            ],
            "direction": "Right"
        },
        {
            "type": "Deploy",
            "name": "刻俄柏",
            "location": [
                1,
                5
            ],
            "direction": "Right"
        },
        {
            "type": "Output",
            "doc_color": "#6f42c1",
            "doc": "给个好评吧，亲~"
        }
    ],
    "doc": {
        "title": "刻俄柏模组摆完挂机-“很干的面包”",
        "details": "作业更新日期: 2023-02-18T00:53:50Z\n统计更新日期: 2024-10-07\n好评率：98.19%  浏览量：5410\n来源：作业代传——有问题联系原作者  ID：20908\n侬无言以对模组任务摆完挂机合集:BV1wU4y177Qu\n3星通关别传RI-6；必须编入非助战刻俄柏并上场，且使用刻俄柏歼灭至少2个提亚卡乌破坏者\n筱竹聽雨"
    },
    "groups": [],
    "opers": [
        {
            "name": "煌",
            "skill": 2,
            "skill_usage": 0
        },
        {
            "name": "刻俄柏",
            "skill": 1,
            "skill_usage": 0
        },
        {
            "name": "塞雷娅",
            "skill": 1,
            "skill_usage": 0
        }
    ]
}