{
    "minimum_required": "v4.0.0",
    "stage_name": "main_07-02",
    "actions": [
        {
            "type": "SpeedUp"
        },
        {
            "type": "Deploy",
            "name": "煌",
            "location": [
                2,
                1
            ],
            "direction": "Right"
        },
        {
            "type": "Deploy",
            "name": "卡涅利安",
            "location": [
                3,
                2
            ],
            "direction": "Right"
        },
        {
            "type": "Deploy",
            "name": "闪灵",
            "location": [
                5,
                2
            ],
            "direction": "Left"
        }
    ],
    "doc": {
        "title": "卡涅利安 模组任务 主线7-3",
        "details": "作业更新日期: 2023-04-09T16:16:20Z\n统计更新日期: 2024-11-24\n好评率：100.0%  浏览量：413\n来源：xf22cn@qq.com  ID：22468\nUP主：侬无言以对\n视频：https://www.bilibili.com/video/BV1go4y1n7tV/"
    },
    "groups": [],
    "opers": [
        {
            "name": "煌",
            "skill": 2,
            "skill_usage": 0
        },
        {
            "name": "闪灵",
            "skill": 2,
            "skill_usage": 0
        },
        {
            "name": "卡涅利安",
            "skill": 3,
            "skill_usage": 1
        }
    ]
}