{
    "minimum_required": "v4.0.0",
    "stage_name": "main_07-13",
    "actions": [
        {
            "type": "SpeedUp"
        },
        {
            "type": "Deploy",
            "costs": 20,
            "name": "棘刺",
            "location": [
                3,
                5
            ],
            "direction": "Down"
        },
        {
            "type": "Deploy",
            "name": "山",
            "location": [
                2,
                6
            ],
            "direction": "Right",
            "costs": 10
        },
        {
            "type": "Deploy",
            "name": "号角",
            "location": [
                1,
                6
            ],
            "direction": "Right",
            "costs": 27
        },
        {
            "type": "SkillDaemon"
        }
    ],
    "doc": {
        "title": "号角模组任务 7-15 苦难摇篮",
        "details": "作业更新日期: 2023-10-10T15:03:31Z\n统计更新日期: 2024-10-07\n好评率：96.97%  浏览量：1202\n来源：Azkwii  ID：28906\n模组任务 棘刺2903 山2803 号角2800 亲测已过"
    },
    "groups": [],
    "opers": [
        {
            "name": "山",
            "skill": 2,
            "skill_usage": 2
        },
        {
            "name": "棘刺",
            "skill": 2,
            "skill_usage": 1
        },
        {
            "name": "号角",
            "skill": 1,
            "skill_usage": 0
        }
    ]
}