{
    "minimum_required": "v4.0.0",
    "actions": [
        {
            "type": "SpeedUp"
        },
        {
            "type": "Deploy",
            "name": "艾雅法拉",
            "location": [
                2,
                4
            ],
            "direction": "Up"
        },
        {
            "type": "Deploy",
            "name": "障碍物",
            "location": [
                7,
                3
            ],
            "direction": "None"
        },
        {
            "type": "Deploy",
            "name": "吽",
            "location": [
                1,
                3
            ],
            "direction": "Up"
        },
        {
            "type": "Output",
            "doc_color": "#6f42c1",
            "doc": "给个好评吧，亲~"
        }
    ],
    "doc": {
        "title": "吽模组摆完挂机-八点档情景剧录像带",
        "details": "作业更新日期: 2023-02-18T00:53:49Z\n统计更新日期: 2024-11-24\n好评率：100.0%  浏览量：95\n来源：作业代传——有问题联系原作者  ID：20887\n侬无言以对模组任务摆完挂机合集:BV1wU4y177Qu\n使用至多3人（包含助战）的队伍3星通关主题曲S2-4；必须编入非助战吽并上场，其他成员仅可编入术师干员\n筱竹聽雨"
    },
    "groups": [],
    "opers": [
        {
            "name": "艾雅法拉",
            "skill": 2,
            "skill_usage": 0
        },
        {
            "name": "吽",
            "skill": 1,
            "skill_usage": 0
        }
    ],
    "stage_name": "sub_02-04"
}