{
    "minimum_required": "v4.0.0",
    "stage_name": "main_11-04",
    "actions": [
        {
            "type": "SpeedUp"
        },
        {
            "type": "Deploy",
            "name": "流明",
            "location": [
                8,
                3
            ],
            "direction": "Left"
        },
        {
            "type": "Deploy",
            "name": "因陀罗",
            "location": [
                7,
                1
            ],
            "direction": "Down"
        },
        {
            "type": "Deploy",
            "name": "棘刺",
            "location": [
                8,
                5
            ],
            "direction": "Left"
        },
        {
            "type": "Deploy",
            "name": "澄闪",
            "location": [
                8,
                2
            ],
            "direction": "Left"
        },
        {
            "type": "SkillDaemon"
        }
    ],
    "doc": {
        "title": "因陀罗模组任务 - 11-5（标准） - “汉娜的脱臼复位套装”",
        "details": "作业更新日期: 2024-07-06T07:55:33Z\n统计更新日期: 2024-10-07\n好评率：66.67%  浏览量：57\n来源：一只摆烂的42  ID：39024\n因陀罗「“汉娜的脱臼复位套装”」模组任务\n3星通关主题曲11-5标准作战环境；必须携带并部署非助战因陀罗，其他成员仅可编入6名干员\n原视频：https://www.bilibili.com/video/BV1sC411z7Hi/\n制作者：一只摆烂的42\n有问题联系QQ2586582719\n修改自用请删除我的QQ"
    },
    "groups": [],
    "opers": [
        {
            "name": "因陀罗",
            "skill": 1,
            "skill_usage": 0
        },
        {
            "name": "澄闪",
            "skill": 2,
            "skill_usage": 0
        },
        {
            "name": "流明",
            "skill": 3,
            "skill_usage": 1
        },
        {
            "name": "棘刺",
            "skill": 3,
            "skill_usage": 1
        }
    ]
}