{
    "minimum_required": "v4.0.0",
    "actions": [
        {
            "type": "SpeedUp"
        },
        {
            "type": "Deploy",
            "name": "煌",
            "location": [
                8,
                5
            ],
            "direction": "Up"
        },
        {
            "type": "Deploy",
            "name": "塞雷娅",
            "location": [
                9,
                3
            ],
            "direction": "Left"
        },
        {
            "type": "Deploy",
            "name": "埃拉托",
            "location": [
                8,
                4
            ],
            "direction": "Right"
        },
        {
            "type": "Output",
            "doc_color": "#6f42c1",
            "doc": "给个好评吧，亲~"
        }
    ],
    "doc": {
        "title": "埃拉托模组摆完挂机-改弦更张",
        "details": "作业更新日期: 2023-02-18T00:53:47Z\n统计更新日期: 2024-11-24\n好评率：100.0%  浏览量：160\n来源：作业代传——有问题联系原作者  ID：20839\n侬无言以对模组任务摆完挂机合集:BV1wU4y177Qu\n3星通关主题曲S5-9；必须编入非助战埃拉托并上场，其他成员不可编入狙击干员\n筱竹聽雨"
    },
    "groups": [],
    "opers": [
        {
            "name": "煌",
            "skill": 2,
            "skill_usage": 0
        },
        {
            "name": "塞雷娅",
            "skill": 2,
            "skill_usage": 0
        },
        {
            "name": "埃拉托",
            "skill": 2,
            "skill_usage": 0
        }
    ],
    "stage_name": "sub_05-4-3"
}