{
    "minimum_required": "v4.0.0",
    "actions": [
        {
            "type": "SpeedUp"
        },
        {
            "type": "Deploy",
            "name": "煌",
            "location": [
                6,
                3
            ],
            "direction": "Left"
        },
        {
            "type": "Deploy",
            "name": "塞雷娅",
            "location": [
                3,
                4
            ],
            "direction": "Up"
        },
        {
            "type": "Deploy",
            "name": "推进之王",
            "location": [
                2,
                1
            ],
            "direction": "Left"
        },
        {
            "type": "Output",
            "doc_color": "#6f42c1",
            "doc": "给个好评吧，亲~"
        }
    ],
    "doc": {
        "title": "塞雷娅模组摆完挂机-闲置的拳击手套",
        "details": "作业更新日期: 2023-02-18T00:53:51Z\n统计更新日期: 2024-11-24\n好评率：94.59%  浏览量：1364\n来源：作业代传——有问题联系原作者  ID：20944\n侬无言以对模组任务摆完挂机合集:BV1wU4y177Qu\n3星通关别传MB-3；必须编入非助战塞雷娅并上场，且所有干员不被击倒\n筱竹聽雨"
    },
    "groups": [],
    "opers": [
        {
            "name": "煌",
            "skill": 2,
            "skill_usage": 0
        },
        {
            "name": "塞雷娅",
            "skill": 1,
            "skill_usage": 0
        },
        {
            "name": "推进之王",
            "skill": 2,
            "skill_usage": 0
        }
    ],
    "stage_name": "act15d0_03"
}