{
    "minimum_required": "v4.0.0",
    "stage_name": "sub_03-1-2",
    "actions": [
        {
            "type": "SpeedUp"
        },
        {
            "type": "Deploy",
            "name": "领主",
            "location": [
                4,
                3
            ],
            "direction": "Down"
        },
        {
            "type": "Deploy",
            "name": "站场",
            "location": [
                3,
                6
            ],
            "direction": "Right"
        },
        {
            "type": "Deploy",
            "name": "孑",
            "location": [
                4,
                2
            ],
            "direction": "Right",
            "costs": 19
        },
        {
            "type": "Retreat",
            "name": "孑",
            "kills": 17
        },
        {
            "type": "Deploy",
            "name": "孑",
            "location": [
                4,
                2
            ],
            "direction": "Right"
        },
        {
            "type": "SkillDaemon"
        }
    ],
    "doc": {
        "title": "第三章 二次呼吸 - S3-2 - 潜伏-2 孑模组精钢刀具套组解锁任务",
        "details": "作业更新日期: 2023-10-14T08:55:38Z\n统计更新日期: 2024-11-24\n好评率：100.0%  浏览量：344\n来源：萨拉托加  ID：29056\n孑模组任务精钢刀具套组，除孑等级精二60级以上\n条件：3星通关主题曲S3-2；必须编入非助战孑并上场，且使用孑歼灭至少8个源石虫·β\n【【明日方舟】孑模组任务S3-2三人挂机速刷 稳定完成】 https://www.bilibili.com/video/BV1cd4y1i7Qf/?share_source=copy_web&vd_source=3fd5040fe25f6a00e19e6072bcccfa4e"
    },
    "groups": [
        {
            "name": "站场",
            "opers": [
                {
                    "name": "推进之王",
                    "skill": 2,
                    "skill_usage": 0
                },
                {
                    "name": "山",
                    "skill": 2,
                    "skill_usage": 2
                }
            ]
        },
        {
            "name": "领主",
            "opers": [
                {
                    "name": "银灰",
                    "skill": 1,
                    "skill_usage": 0
                },
                {
                    "name": "棘刺",
                    "skill": 3,
                    "skill_usage": 1
                }
            ]
        }
    ],
    "opers": [
        {
            "name": "孑",
            "skill": 2,
            "skill_usage": 0
        }
    ]
}