{
    "minimum_required": "v4.0.0",
    "stage_name": "main_06-05",
    "actions": [
        {
            "type": "Deploy",
            "name": "星熊",
            "location": [
                6,
                3
            ],
            "direction": "Left"
        },
        {
            "type": "SpeedUp"
        },
        {
            "type": "Deploy",
            "name": "塞雷娅",
            "location": [
                5,
                4
            ],
            "direction": "Up"
        },
        {
            "type": "Deploy",
            "name": "煌",
            "location": [
                5,
                5
            ],
            "direction": "Up"
        },
        {
            "type": "Deploy",
            "name": "巫恋",
            "location": [
                6,
                4
            ],
            "direction": "Left"
        },
        {
            "type": "Deploy",
            "name": "诅咒娃娃",
            "location": [
                4,
                4
            ],
            "direction": "None"
        },
        {
            "type": "Deploy",
            "name": "诅咒娃娃",
            "location": [
                4,
                4
            ],
            "direction": "None"
        },
        {
            "type": "Deploy",
            "name": "诅咒娃娃",
            "location": [
                4,
                4
            ],
            "direction": "None"
        },
        {
            "type": "Deploy",
            "name": "诅咒娃娃",
            "location": [
                4,
                4
            ],
            "direction": "None"
        },
        {
            "type": "Deploy",
            "name": "诅咒娃娃",
            "location": [
                4,
                4
            ],
            "direction": "None"
        },
        {
            "type": "SkillDaemon"
        }
    ],
    "doc": {
        "title": "第六章 局部坏死 - 6-5 【巫恋模组任务】布艺苹果",
        "details": "作业更新日期: 2023-11-26T15:13:23Z\n统计更新日期: 2024-11-24\n好评率：100.0%  浏览量：340\n来源：小卡拉帕鲁灰  ID：30501\n巫恋模组任务：布艺苹果\n任务要求：3星通关主题曲6-5;必须编入非助战巫恋并上场，且不编入其他辅助干员\n练度：巫恋-精二1级、7级二技能\n其余精二60级专3\n"
    },
    "groups": [],
    "opers": [
        {
            "name": "巫恋",
            "skill": 2,
            "skill_usage": 0
        },
        {
            "name": "星熊",
            "skill": 2,
            "skill_usage": 0
        },
        {
            "name": "塞雷娅",
            "skill": 1,
            "skill_usage": 0
        },
        {
            "name": "煌",
            "skill": 2,
            "skill_usage": 0
        }
    ],
    "difficulty": 1
}