{
    "minimum_required": "v4.0.0",
    "actions": [
        {
            "type": "SpeedUp"
        },
        {
            "type": "Deploy",
            "name": "帕拉斯",
            "location": [
                5,
                2
            ],
            "direction": "Right"
        },
        {
            "type": "Deploy",
            "name": "泥岩",
            "location": [
                6,
                4
            ],
            "direction": "Right"
        },
        {
            "type": "Deploy",
            "name": "塞雷娅",
            "location": [
                6,
                2
            ],
            "direction": "Right"
        },
        {
            "type": "Output",
            "doc_color": "#6f42c1",
            "doc": "给个好评吧，亲~"
        }
    ],
    "doc": {
        "title": "帕拉斯模组摆完挂机-“赫里亚之辉”",
        "details": "作业更新日期: 2023-02-18T00:53:50Z\n统计更新日期: 2024-11-24\n好评率：100.0%  浏览量：195\n来源：作业代传——有问题联系原作者  ID：20935\n侬无言以对模组任务摆完挂机合集:BV1wU4y177Qu\n3星通关主题曲4-3；必须编入非助战帕拉斯并上场，其他成员仅可编入重装干员\n筱竹聽雨"
    },
    "groups": [],
    "opers": [
        {
            "name": "泥岩",
            "skill": 2,
            "skill_usage": 0
        },
        {
            "name": "塞雷娅",
            "skill": 1,
            "skill_usage": 0
        },
        {
            "name": "帕拉斯",
            "skill": 1,
            "skill_usage": 0
        }
    ],
    "stage_name": "main_04-03"
}