{
    "actions": [
        {
            "doc_color": "#008000",
            "type": "打印",
            "doc": "代理有问题请群里@碎蜂"
        },
        {
            "type": "二倍速"
        },
        {
            "type": "部署",
            "name": "山",
            "location": [
                5,
                5
            ],
            "direction": "上"
        },
        {
            "type": "部署",
            "name": "年",
            "location": [
                5,
                2
            ],
            "direction": "右"
        },
        {
            "type": "部署",
            "name": "塞雷娅",
            "location": [
                4,
                2
            ],
            "direction": "右"
        },
        {
            "type": "部署",
            "name": "华法琳",
            "location": [
                6,
                3
            ],
            "direction": "上"
        },
        {
            "type": "摆完挂机",
            "name": "1",
            "location": [
                1,
                1
            ]
        }
    ],
    "stage_name": "WR-9",
    "doc": {
        "title": "年模组任务（两个任务一次满足）",
        "details": "作业更新日期: 2023-02-18T00:53:47Z\n统计更新日期: 2024-11-24\n好评率：100.0%  浏览量：439\n来源：作业代传——有问题联系原作者  ID：20822\nup：Blade_Works\n代理有问题请群里@碎蜂"
    },
    "groups": [],
    "opers": [
        {
            "name": "年",
            "skill": 3,
            "skill_usage": 1
        },
        {
            "name": "塞雷娅",
            "skill": 1,
            "skill_usage": 0
        },
        {
            "name": "华法琳",
            "skill": 2,
            "skill_usage": 1
        },
        {
            "name": "山",
            "skill": 2,
            "skill_usage": 2
        }
    ],
    "minimum_required": "v4.0.0"
}