{
    "minimum_required": "v4.0.0",
    "actions": [
        {
            "type": "SpeedUp"
        },
        {
            "type": "Deploy",
            "name": "德克萨斯",
            "location": [
                3,
                4
            ],
            "direction": "Right"
        },
        {
            "type": "Deploy",
            "name": "拉普兰德",
            "location": [
                4,
                5
            ],
            "direction": "Up"
        },
        {
            "type": "Output",
            "doc_color": "#6f42c1",
            "doc": "给个好评吧，亲~"
        }
    ],
    "doc": {
        "title": "德克萨斯模组摆完挂机-外勤私人补给包",
        "details": "作业更新日期: 2023-02-18T00:53:48Z\n统计更新日期: 2024-11-24\n好评率：86.21%  浏览量：4793\n来源：作业代传——有问题联系原作者  ID：20863\n侬无言以对模组任务摆完挂机合集:BV1wU4y177Qu\n3星通关别传CB-3；必须编入非助战德克萨斯并上场，其他成员不可编入先锋干员\n筱竹聽雨"
    },
    "groups": [],
    "opers": [
        {
            "name": "拉普兰德",
            "skill": 2,
            "skill_usage": 0
        },
        {
            "name": "德克萨斯",
            "skill": 1,
            "skill_usage": 0
        }
    ],
    "stage_name": "act5d0_03"
}