{
    "minimum_required": "v4.0.0",
    "stage_name": "act18d0_06",
    "actions": [
        {
            "type": "SpeedUp"
        },
        {
            "type": "Deploy",
            "name": "煌",
            "location": [
                4,
                5
            ],
            "direction": "Right"
        },
        {
            "type": "Deploy",
            "name": "塞雷娅",
            "location": [
                6,
                4
            ],
            "direction": "Down"
        },
        {
            "type": "Deploy",
            "name": "戴菲恩",
            "location": [
                5,
                6
            ],
            "direction": "Right"
        },
        {
            "type": "SkillDaemon"
        }
    ],
    "doc": {
        "title": "戴菲恩模组任务 - WD-6 - 正义黯淡",
        "details": "作业更新日期: 2024-07-07T01:38:44Z\n统计更新日期: 2024-10-07\n好评率：33.33%  浏览量：50\n来源：一只摆烂的42  ID：39177\n戴菲恩「正义黯淡」模组任务\n3星通关插曲WD-6；必须携带且部署非助战戴菲恩，且至少使用2次抢攻\n原视频：https://www.bilibili.com/video/BV1wp4y1u754/\n制作者：一只摆烂的42\n有问题联系QQ2586582719\n修改自用请删除我的QQ"
    },
    "groups": [],
    "opers": [
        {
            "name": "戴菲恩",
            "skill": 2,
            "skill_usage": 1
        },
        {
            "name": "煌",
            "skill": 2,
            "skill_usage": 0
        },
        {
            "name": "塞雷娅",
            "skill": 2,
            "skill_usage": 0
        }
    ]
}