{
    "minimum_required": "v4.0.0",
    "stage_name": "main_05-08",
    "actions": [
        {
            "type": "SpeedUp"
        },
        {
            "type": "Deploy",
            "name": "塞雷娅",
            "location": [
                3,
                5
            ],
            "direction": "Right"
        },
        {
            "type": "Deploy",
            "name": "断崖",
            "location": [
                4,
                4
            ],
            "direction": "Down"
        },
        {
            "type": "Deploy",
            "name": "号角",
            "location": [
                4,
                1
            ],
            "direction": "Right"
        },
        {
            "type": "SkillDaemon"
        }
    ],
    "doc": {
        "title": "断崖模组任务5-8",
        "details": "作业更新日期: 2024-05-15T15:58:12Z\n统计更新日期: 2024-11-24\n好评率：100.0%  浏览量：55\n来源：今川碧海  ID：37689\nhttps://www.bilibili.com/video/BV1Gf421D79D/?spm_id_from=333.999.0.0"
    },
    "groups": [],
    "opers": [
        {
            "name": "断崖",
            "skill": 2,
            "skill_usage": 1
        },
        {
            "name": "塞雷娅",
            "skill": 2,
            "skill_usage": 0
        },
        {
            "name": "号角",
            "skill": 1,
            "skill_usage": 0
        }
    ],
    "difficulty": 1
}