{
    "minimum_required": "v4.0.0",
    "actions": [
        {
            "type": "SpeedUp"
        },
        {
            "type": "Deploy",
            "name": "断罪者",
            "location": [
                1,
                5
            ],
            "direction": "Up"
        },
        {
            "type": "Deploy",
            "name": "孑",
            "location": [
                1,
                4
            ],
            "direction": "Up"
        },
        {
            "type": "Output",
            "doc_color": "#6f42c1",
            "doc": "给个好评吧，亲~"
        }
    ],
    "doc": {
        "title": "断罪者模组摆完挂机-断罪之拳",
        "details": "作业更新日期: 2023-02-18T00:53:48Z\n统计更新日期: 2024-10-07\n好评率：100.0%  浏览量：88\n来源：作业代传——有问题联系原作者  ID：20868\n侬无言以对模组任务摆完挂机合集:BV1wU4y177Qu\n3星通关主题曲2-4；必须编入非助战断罪者并上场，其他成员仅可编入特种干员\n筱竹聽雨"
    },
    "groups": [],
    "opers": [
        {
            "name": "孑",
            "skill": 2,
            "skill_usage": 0
        },
        {
            "name": "断罪者",
            "skill": 1,
            "skill_usage": 0
        }
    ],
    "stage_name": "main_02-04"
}