{
    "minimum_required": "v4.0.0",
    "actions": [
        {
            "type": "SpeedUp"
        },
        {
            "type": "Deploy",
            "name": "风笛",
            "location": [
                8,
                3
            ],
            "direction": "Down"
        },
        {
            "type": "Deploy",
            "name": "煌",
            "location": [
                2,
                3
            ],
            "direction": "Down"
        },
        {
            "type": "Deploy",
            "name": "斯卡蒂",
            "location": [
                5,
                5
            ],
            "direction": "Down"
        },
        {
            "type": "Deploy",
            "name": "闪灵",
            "location": [
                5,
                2
            ],
            "direction": "Down"
        },
        {
            "type": "Deploy",
            "name": "华法琳",
            "location": [
                4,
                3
            ],
            "direction": "Down"
        },
        {
            "type": "Output",
            "doc_color": "#6f42c1",
            "doc": "给个好评吧，亲~"
        }
    ],
    "doc": {
        "title": "斯卡蒂模组摆完挂机-潮湿的剑袋",
        "details": "作业更新日期: 2023-02-18T00:53:51Z\n统计更新日期: 2024-10-07\n好评率：100.0%  浏览量：1010\n来源：作业代传——有问题联系原作者  ID：20957\n侬无言以对模组任务摆完挂机合集:BV1wU4y177Qu\n3星通关别传GT-6；必须编入非助战斯卡蒂并上场，且使用斯卡蒂歼灭至少1个大鲍勃\n筱竹聽雨"
    },
    "groups": [],
    "opers": [
        {
            "name": "煌",
            "skill": 2,
            "skill_usage": 0
        },
        {
            "name": "风笛",
            "skill": 2,
            "skill_usage": 0
        },
        {
            "name": "斯卡蒂",
            "skill": 2,
            "skill_usage": 0
        },
        {
            "name": "闪灵",
            "skill": 2,
            "skill_usage": 0
        },
        {
            "name": "华法琳",
            "skill": 1,
            "skill_usage": 0
        }
    ],
    "stage_name": "a001_06"
}