{
    "minimum_required": "v4.0.0",
    "stage_name": "main_06-04",
    "actions": [
        {
            "type": "SpeedUp"
        },
        {
            "type": "Deploy",
            "name": "煌",
            "location": [
                4,
                6
            ],
            "direction": "Right"
        },
        {
            "type": "Deploy",
            "name": "星熊",
            "location": [
                5,
                3
            ],
            "direction": "Right"
        },
        {
            "type": "Deploy",
            "name": "可替换",
            "location": [
                5,
                5
            ],
            "direction": "Up"
        },
        {
            "type": "SkillDaemon"
        }
    ],
    "doc": {
        "title": "星熊 x模组任务 - 6-4 - 溃烂的疮疤",
        "details": "作业更新日期: 2023-02-17T05:42:27Z\n统计更新日期: 2024-10-07\n好评率：100.0%  浏览量：337\n来源：MUzyx  ID：20815\n攻略作者：MUzyx\n\n自动战斗作者：MUzyx\n\n平均练度：2803\n\n（没有红蒂的需要手动切换到医疗职业分支去，不然会在辅助分支卡住，不知道是不是bug，已提交至github相关问题反馈）\n已通过测试 测试人：MUzyx"
    },
    "groups": [
        {
            "name": "可替换",
            "opers": [
                {
                    "name": "浊心斯卡蒂",
                    "skill": 2,
                    "skill_usage": 0
                },
                {
                    "name": "夜莺",
                    "skill": 2,
                    "skill_usage": 0
                },
                {
                    "name": "白面鸮",
                    "skill": 2,
                    "skill_usage": 0
                },
                {
                    "name": "调香师",
                    "skill": 2,
                    "skill_usage": 0
                },
                {
                    "name": "微风",
                    "skill": 1,
                    "skill_usage": 0
                }
            ]
        }
    ],
    "opers": [
        {
            "name": "星熊",
            "skill": 2,
            "skill_usage": 0
        },
        {
            "name": "煌",
            "skill": 2,
            "skill_usage": 0
        }
    ]
}