{
    "minimum_required": "v4.0.0",
    "actions": [
        {
            "type": "SpeedUp"
        },
        {
            "type": "Deploy",
            "name": "推进之王",
            "location": [
                1,
                5
            ],
            "direction": "Right"
        },
        {
            "type": "Deploy",
            "name": "森蚺",
            "location": [
                2,
                5
            ],
            "direction": "Right"
        },
        {
            "type": "Deploy",
            "name": "塞雷娅",
            "location": [
                1,
                6
            ],
            "direction": "Right"
        },
        {
            "type": "Output",
            "doc_color": "#6f42c1",
            "doc": "给个好评吧，亲~"
        }
    ],
    "doc": {
        "title": "森蚺模组摆完挂机-“小小的丑东西”",
        "details": "作业更新日期: 2023-02-18T00:53:51Z\n统计更新日期: 2024-11-24\n好评率：89.47%  浏览量：518\n来源：作业代传——有问题联系原作者  ID：20945\n侬无言以对模组任务摆完挂机合集:BV1wU4y177Qu\n3星通关别传RI-7；必须编入非助战森蚺并上场，且使用森蚺歼灭至少2名提亚卡乌勇士\n筱竹聽雨"
    },
    "groups": [],
    "opers": [
        {
            "name": "推进之王",
            "skill": 2,
            "skill_usage": 0
        },
        {
            "name": "塞雷娅",
            "skill": 2,
            "skill_usage": 0
        },
        {
            "name": "森蚺",
            "skill": 3,
            "skill_usage": 0
        }
    ],
    "stage_name": "act12d0_07"
}