{
    "minimum_required": "v4.0.0",
    "stage_name": "main_01-12",
    "actions": [
        {
            "type": "SpeedUp"
        },
        {
            "type": "Deploy",
            "name": "煌",
            "location": [
                6,
                6
            ],
            "direction": "Left"
        },
        {
            "type": "Deploy",
            "name": "森西",
            "location": [
                7,
                6
            ],
            "direction": "Left"
        },
        {
            "type": "SkillDaemon"
        }
    ],
    "doc": {
        "title": "森西模组任务 - 1-12 - 非魔法厨艺",
        "details": "作业更新日期: 2024-10-09T14:50:02Z\n统计更新日期: 2024-11-24\n好评率：100.0%  浏览量：23\n来源：一只摆烂的42  ID：42331\n森西「非魔法厨艺」模组任务\n战斗中非助战森西累计使用团体魔物大餐6次\n3星通关主题曲1-12；必须编入非助战森西并上场，且所有干员不被击倒\nUP：雷欧奇卡斯\n原视频：https://www.bilibili.com/video/BV1LSHHevEFr/\n制作者：一只摆烂的42\n有问题联系QQ2586582719\n修改自用请删除我的QQ"
    },
    "groups": [],
    "opers": [
        {
            "name": "森西",
            "skill": 2,
            "skill_usage": 1
        },
        {
            "name": "煌",
            "skill": 2,
            "skill_usage": 0
        }
    ],
    "difficulty": 1
}