{
    "minimum_required": "v4.0.0",
    "actions": [
        {
            "type": "SpeedUp"
        },
        {
            "type": "Deploy",
            "name": "风笛",
            "location": [
                4,
                4
            ],
            "direction": "Up"
        },
        {
            "type": "Deploy",
            "name": "歌蕾蒂娅",
            "location": [
                4,
                5
            ],
            "direction": "Right"
        },
        {
            "type": "Deploy",
            "name": "煌",
            "location": [
                10,
                3
            ],
            "direction": "Down"
        },
        {
            "type": "Deploy",
            "name": "塞雷娅",
            "location": [
                5,
                3
            ],
            "direction": "Left"
        },
        {
            "type": "Deploy",
            "name": "蜜莓",
            "location": [
                3,
                6
            ],
            "direction": "Up"
        },
        {
            "type": "Output",
            "doc_color": "#6f42c1",
            "doc": "给个好评吧，亲~"
        }
    ],
    "doc": {
        "title": "歌蕾蒂娅模组摆完挂机-执政官手镜",
        "details": "作业更新日期: 2023-02-18T00:53:48Z\n统计更新日期: 2024-11-24\n好评率：50.0%  浏览量：939\n来源：作业代传——有问题联系原作者  ID：20872\n侬无言以对模组任务摆完挂机合集:BV1wU4y177Qu\n3星通关插曲SV-EX-5；必须编入非助战歌蕾蒂娅，且至少使1个富营养的收割者坠落地穴\n筱竹聽雨"
    },
    "groups": [],
    "opers": [
        {
            "name": "歌蕾蒂娅",
            "skill": 1,
            "skill_usage": 0
        },
        {
            "name": "风笛",
            "skill": 2,
            "skill_usage": 0
        },
        {
            "name": "煌",
            "skill": 2,
            "skill_usage": 0
        },
        {
            "name": "塞雷娅",
            "skill": 1,
            "skill_usage": 0
        },
        {
            "name": "蜜莓",
            "skill": 1,
            "skill_usage": 0
        }
    ],
    "stage_name": "act18d3_ex05"
}