{
    "minimum_required": "v4.0.0",
    "stage_name": "act17side_ex03",
    "actions": [
        {
            "type": "SpeedUp"
        },
        {
            "type": "Deploy",
            "name": "障碍物",
            "location": [
                2,
                3
            ],
            "direction": "None"
        },
        {
            "type": "Deploy",
            "name": "障碍物",
            "location": [
                4,
                2
            ],
            "direction": "None"
        },
        {
            "type": "Deploy",
            "name": "拉普兰德",
            "location": [
                2,
                4
            ],
            "direction": "Right"
        },
        {
            "type": "Deploy",
            "name": "煌",
            "location": [
                3,
                4
            ],
            "direction": "Right"
        },
        {
            "type": "Deploy",
            "name": "行医",
            "location": [
                1,
                2
            ],
            "direction": "Right"
        },
        {
            "type": "Deploy",
            "name": "歌蕾蒂娅",
            "location": [
                7,
                3
            ],
            "direction": "Right"
        },
        {
            "type": "SkillDaemon"
        }
    ],
    "doc": {
        "title": "歌蕾蒂娅模组任务 - SN-EX-3 - 淡金坠饰",
        "details": "作业更新日期: 2024-07-06T16:14:51Z\n统计更新日期: 2024-11-24\n好评率：83.33%  浏览量：416\n来源：一只摆烂的42  ID：39156\n歌蕾蒂娅「淡金坠饰」模组任务\n3星通关插曲SN-EX-3；必须编入非助战歌蕾蒂娅并上场，且使用歌蕾蒂娅使用至少2次缺水的掌握怒海或缺水的碎漩狂舞\n请清空小帮手！\n请清空小帮手！\n请清空小帮手！\n制作者：一只摆烂的42\n有问题联系QQ2586582719\n修改自用请删除我的QQ"
    },
    "groups": [
        {
            "name": "行医",
            "opers": [
                {
                    "name": "纯烬艾雅法拉",
                    "skill": 1,
                    "skill_usage": 0
                },
                {
                    "name": "蜜莓",
                    "skill": 1,
                    "skill_usage": 0
                }
            ]
        }
    ],
    "opers": [
        {
            "name": "歌蕾蒂娅",
            "skill": 2,
            "skill_usage": 1
        },
        {
            "name": "拉普兰德",
            "skill": 2,
            "skill_usage": 0
        },
        {
            "name": "煌",
            "skill": 2,
            "skill_usage": 0
        }
    ],
    "difficulty": 0
}