{
    "minimum_required": "v4.0.0",
    "stage_name": "act17side_ex03",
    "actions": [
        {
            "type": "SpeedUp"
        },
        {
            "type": "Deploy",
            "name": "障碍物",
            "location": [
                3,
                4
            ],
            "direction": "None"
        },
        {
            "type": "Deploy",
            "name": "障碍物",
            "location": [
                7,
                3
            ],
            "direction": "None"
        },
        {
            "type": "Deploy",
            "name": "维什戴尔",
            "location": [
                10,
                2
            ],
            "direction": "Left"
        },
        {
            "type": "Deploy",
            "name": "歌蕾蒂娅",
            "location": [
                8,
                4
            ],
            "direction": "Down"
        },
        {
            "type": "SkillDaemon"
        }
    ],
    "doc": {
        "title": "愚人号 - SN-EX-3 - 代理人 歌蕾蒂娅模组任务 淡金坠饰 ",
        "details": "作业更新日期: 2024-07-20T08:14:40Z\n统计更新日期: 2024-11-24\n好评率：100.0%  浏览量：292\n来源：木木天宁  ID：39550\nhttps://www.bilibili.com/video/BV1tf421X7Nh\n\new: 精二60级带模组\n\n有些敌人自带闪避，非酋的多试几次。"
    },
    "groups": [],
    "opers": [
        {
            "name": "歌蕾蒂娅",
            "skill": 3,
            "skill_usage": 2,
            "skill_times": 2
        },
        {
            "name": "维什戴尔",
            "skill": 3,
            "skill_usage": 1
        }
    ]
}