{
    "minimum_required": "v4.0.0",
    "stage_name": "main_03-08",
    "actions": [
        {
            "type": "SpeedUp"
        },
        {
            "type": "Deploy",
            "name": "涤火杰西卡",
            "location": [
                7,
                5
            ],
            "direction": "Left"
        },
        {
            "type": "Deploy",
            "name": "棘刺",
            "location": [
                7,
                2
            ],
            "direction": "Down"
        },
        {
            "type": "Deploy",
            "name": "能天使",
            "location": [
                8,
                1
            ],
            "direction": "Down"
        },
        {
            "type": "SpeedUp",
            "kills": 6
        },
        {
            "type": "Skill",
            "name": "涤火杰西卡",
            "kills": 7
        },
        {
            "type": "Deploy",
            "name": "机动盾牌",
            "location": [
                6,
                5
            ],
            "direction": "None"
        },
        {
            "type": "SpeedUp"
        },
        {
            "type": "SkillDaemon"
        }
    ],
    "doc": {
        "title": "第三章 二次呼吸 - 3-8 - 黄昏 涤火杰西卡模组“私家英雄”解锁任务",
        "details": "作业更新日期: 2024-03-09T01:43:32Z\n统计更新日期: 2024-11-24\n好评率：100.0%  浏览量：1353\n来源：萨拉托加  ID：34867\n涤火杰西卡模组任务“私家英雄”\n3星通关主题曲3-8；必须编入非助战涤火杰西卡并上场，且使用涤火杰西卡歼灭碎骨\n原作者涂绘天菜 JSON作者萨拉托加\n作业交流群545928846，如果作业有问题可以加群找我，评论区不能及时回复，还可以去群里蹲我的新作业\n【【明日方舟】“涤火杰西卡”模组任务 三人半挂机打法 极其好抄！】 https://www.bilibili.com/video/BV13y421B7KN/?share_source=copy_web&vd_source=3fd5040fe25f6a00e19e6072bcccfa4e"
    },
    "groups": [],
    "opers": [
        {
            "name": "棘刺",
            "skill": 3,
            "skill_usage": 2,
            "skill_times": 2
        },
        {
            "name": "能天使",
            "skill": 3,
            "skill_usage": 0
        },
        {
            "name": "涤火杰西卡",
            "skill": 3,
            "skill_usage": 0
        }
    ]
}