{
    "minimum_required": "v4.0.0",
    "actions": [
        {
            "type": "SpeedUp"
        },
        {
            "type": "Deploy",
            "name": "清道夫",
            "location": [
                4,
                1
            ],
            "direction": "Right"
        },
        {
            "type": "Deploy",
            "name": "能天使",
            "location": [
                3,
                4
            ],
            "direction": "Right"
        },
        {
            "type": "Output",
            "doc_color": "#6f42c1",
            "doc": "给个好评吧，亲~"
        }
    ],
    "doc": {
        "title": "清道夫模组摆完挂机-“专属餐具”",
        "details": "作业更新日期: 2023-02-18T00:53:50Z\n统计更新日期: 2024-11-24\n好评率：100.0%  浏览量：59\n来源：作业代传——有问题联系原作者  ID：20941\n侬无言以对模组任务摆完挂机合集:BV1wU4y177Qu\n3星通关主题曲1-3；必须编入非助战清道夫并上场，且使用清道夫歼灭12个敌人\n筱竹聽雨"
    },
    "groups": [],
    "opers": [
        {
            "name": "能天使",
            "skill": 1,
            "skill_usage": 0
        },
        {
            "name": "清道夫",
            "skill": 1,
            "skill_usage": 0
        }
    ],
    "stage_name": "main_01-03"
}