{
    "minimum_required": "v4.0.0",
    "stage_name": "main_04-09",
    "actions": [
        {
            "type": "SpeedUp"
        },
        {
            "type": "Deploy",
            "name": "能天使",
            "location": [
                8,
                4
            ],
            "direction": "Up"
        },
        {
            "type": "Deploy",
            "name": "风笛",
            "location": [
                3,
                3
            ],
            "direction": "Up",
            "costs": 26
        },
        {
            "type": "Deploy",
            "name": "白面鸮",
            "location": [
                4,
                4
            ],
            "direction": "Right"
        },
        {
            "type": "Deploy",
            "name": "老鲤",
            "location": [
                6,
                3
            ],
            "direction": "Left"
        }
    ],
    "doc": {
        "title": "白面鸮模组任务 4-9",
        "details": "作业更新日期: 2023-11-17T14:14:23Z\n统计更新日期: 2024-10-07\n好评率：100.0%  浏览量：193\n来源：一只摆烂的42  ID：30285\n3星通关主题曲4-9；必须编入非助战白面鸮并上场，且不编入其他医疗和重装干员\n因为没练歌蕾蒂娅所以写了这个作业\n制作者：一只摆烂的42\n有问题联系QQ2586582719"
    },
    "groups": [],
    "opers": [
        {
            "name": "白面鸮",
            "skill": 2,
            "skill_usage": 0
        },
        {
            "name": "风笛",
            "skill": 2,
            "skill_usage": 0
        },
        {
            "name": "能天使",
            "skill": 3,
            "skill_usage": 0
        },
        {
            "name": "老鲤",
            "skill": 3,
            "skill_usage": 0
        }
    ]
}