{
    "minimum_required": "v4.0.0",
    "stage_name": "act9d0_02",
    "actions": [
        {
            "type": "SpeedUp"
        },
        {
            "type": "Deploy",
            "name": "煌",
            "location": [
                1,
                1
            ],
            "direction": "Down"
        },
        {
            "type": "Deploy",
            "name": "速狙",
            "location": [
                8,
                2
            ],
            "direction": "Up"
        },
        {
            "type": "Deploy",
            "name": "空构",
            "location": [
                8,
                1
            ],
            "direction": "Down"
        },
        {
            "type": "SkillDaemon"
        }
    ],
    "doc": {
        "title": "空构模组任务 - DM-2 - 无人机喷涂套装",
        "details": "作业更新日期: 2024-07-07T01:24:59Z\n统计更新日期: 2024-11-24\n好评率：100.0%  浏览量：66\n来源：一只摆烂的42  ID：39173\n空构「无人机喷涂套装」模组任务\n3星通关插曲DM-2；必须编入非助战空构并上场，且至少使用1次临场铳械改装\n制作者：一只摆烂的42\n有问题联系QQ2586582719\n修改自用请删除我的QQ"
    },
    "groups": [
        {
            "name": "速狙",
            "opers": [
                {
                    "name": "克洛丝",
                    "skill": 1,
                    "skill_usage": 0
                },
                {
                    "name": "能天使",
                    "skill": 1,
                    "skill_usage": 0
                }
            ]
        }
    ],
    "opers": [
        {
            "name": "空构",
            "skill": 2,
            "skill_usage": 2,
            "skill_times": 1
        },
        {
            "name": "煌",
            "skill": 2,
            "skill_usage": 0
        }
    ]
}