{
    "minimum_required": "v4.0.0",
    "stage_name": "main_09-02",
    "actions": [
        {
            "type": "SpeedUp"
        },
        {
            "type": "Deploy",
            "name": "煌",
            "location": [
                4,
                5
            ],
            "direction": "Right"
        },
        {
            "type": "Deploy",
            "name": "塞雷娅",
            "location": [
                5,
                5
            ],
            "direction": "Left"
        },
        {
            "type": "Deploy",
            "name": "维荻",
            "location": [
                3,
                5
            ],
            "direction": "Right"
        },
        {
            "type": "SkillDaemon"
        }
    ],
    "doc": {
        "title": "维荻模组任务 - 9-3（标准） - 密林撷萃",
        "details": "作业更新日期: 2024-07-07T01:39:21Z\n统计更新日期: 2024-11-24\n好评率：100.0%  浏览量：40\n来源：一只摆烂的42  ID：39176\n维荻「密林撷萃」模组任务\n3星通关主题曲9-3标准实战环境；必须编入非助战维荻并上场，且至少使用2次双刃毒藤\n制作者：一只摆烂的42\n有问题联系QQ2586582719\n修改自用请删除我的QQ"
    },
    "groups": [],
    "opers": [
        {
            "name": "维荻",
            "skill": 2,
            "skill_usage": 1
        },
        {
            "name": "煌",
            "skill": 2,
            "skill_usage": 0
        },
        {
            "name": "塞雷娅",
            "skill": 2,
            "skill_usage": 0
        }
    ]
}