{
    "minimum_required": "v4.0.0",
    "actions": [
        {
            "type": "SpeedUp"
        },
        {
            "type": "Deploy",
            "name": "能天使",
            "location": [
                5,
                4
            ],
            "direction": "Left"
        },
        {
            "type": "Deploy",
            "name": "推进之王",
            "location": [
                4,
                2
            ],
            "direction": "Left"
        },
        {
            "type": "Deploy",
            "name": "塞雷娅",
            "location": [
                5,
                5
            ],
            "direction": "Left"
        },
        {
            "type": "Output",
            "doc_color": "#6f42c1",
            "doc": "给个好评吧，亲~"
        }
    ],
    "doc": {
        "title": "罗比菈塔模组摆完挂机-半自动造型工具套组（改进型）",
        "details": "作业更新日期: 2023-07-11T02:03:36Z\n统计更新日期: 2024-10-07\n好评率：33.33%  浏览量：137\n来源：name  ID：24556\n侬无言以对模组任务摆完挂机合集:BV1wU4y177Qu\n3星通关主题曲3-8；必须编入非助战罗比菈塔并上场，且所有干员不被击倒\n筱竹聽雨，\n（根据上面的流程，因为没有煌改成了推王）"
    },
    "groups": [],
    "opers": [
        {
            "name": "能天使",
            "skill": 1,
            "skill_usage": 0
        },
        {
            "name": "推进之王",
            "skill": 2,
            "skill_usage": 0
        },
        {
            "name": "塞雷娅",
            "skill": 1,
            "skill_usage": 0
        }
    ],
    "stage_name": "main_03-08"
}