{
    "minimum_required": "v4.0.0",
    "doc": {
        "title": "【将进酒】IW-EX-1 入蜀【老鲤模组任务（2模）】“但思善恶”",
        "details": "作业更新日期: 2023-12-05T06:45:22Z\n统计更新日期: 2024-10-07\n好评率：100.0%  浏览量：135\n来源：小卡拉帕鲁灰  ID：30675\n老鲤模组任务：“但思善恶”\n任务要求：3星通关别传IW-EX-1;必须编入非助战老鲤并上场，且使用老鲤至少歼灭10个敌人\n练度：精二60级专三"
    },
    "stage_name": "act15side_ex01",
    "opers": [
        {
            "name": "推进之王",
            "skill": 2,
            "skill_usage": 0
        },
        {
            "name": "山",
            "skill": 2,
            "skill_usage": 2
        },
        {
            "name": "艾雅法拉",
            "skill": 2,
            "skill_usage": 0
        },
        {
            "name": "伊桑",
            "skill": 1,
            "skill_usage": 0
        },
        {
            "name": "老鲤",
            "skill": 3,
            "skill_usage": 0
        }
    ],
    "actions": [
        {
            "type": "SpeedUp",
            "name": ""
        },
        {
            "type": "Deploy",
            "name": "推进之王",
            "location": [
                5,
                4
            ],
            "direction": "Left"
        },
        {
            "type": "Deploy",
            "name": "山",
            "location": [
                5,
                3
            ],
            "direction": "Left"
        },
        {
            "type": "Deploy",
            "name": "伊桑",
            "location": [
                3,
                4
            ],
            "direction": "Right"
        },
        {
            "type": "Deploy",
            "name": "艾雅法拉",
            "location": [
                3,
                3
            ],
            "direction": "Up"
        },
        {
            "type": "Deploy",
            "name": "群奶",
            "location": [
                4,
                2
            ],
            "direction": "Down"
        },
        {
            "type": "Deploy",
            "name": "老鲤",
            "location": [
                7,
                3
            ],
            "direction": "Down"
        },
        {
            "type": "SkillDaemon",
            "name": ""
        }
    ],
    "difficulty": 1,
    "groups": [
        {
            "name": "群奶",
            "opers": [
                {
                    "name": "纯烬艾雅法拉",
                    "skill": 3,
                    "skill_usage": 1
                },
                {
                    "name": "夜莺",
                    "skill": 2,
                    "skill_usage": 0
                },
                {
                    "name": "白面鸮",
                    "skill": 2,
                    "skill_usage": 0
                }
            ]
        }
    ]
}