{
    "minimum_required": "v4.0.0",
    "stage_name": "main_03-04",
    "actions": [
        {
            "type": "SpeedUp"
        },
        {
            "type": "Deploy",
            "name": "能天使",
            "location": [
                3,
                2
            ],
            "direction": "Right"
        },
        {
            "type": "Deploy",
            "name": "煌",
            "location": [
                4,
                3
            ],
            "direction": "Right"
        },
        {
            "type": "Deploy",
            "name": "塞雷娅",
            "location": [
                5,
                2
            ],
            "direction": "Down"
        },
        {
            "type": "Deploy",
            "name": "苦艾",
            "location": [
                7,
                4
            ],
            "direction": "Left"
        },
        {
            "type": "Output",
            "doc_color": "#6f42c1",
            "doc": "给个好评吧，亲~"
        }
    ],
    "doc": {
        "title": "苦艾模组摆完挂机-“监护者”单兵通讯单元",
        "details": "作业更新日期: 2023-02-18T00:53:50Z\n统计更新日期: 2024-10-07\n好评率：100.0%  浏览量：75\n来源：作业代传——有问题联系原作者  ID：20913\n侬无言以对模组任务摆完挂机合集:BV1wU4y177Qu\n3星通关主题曲3-4；必须编入非助战苦艾并上场，且不编入其他术师干员\n筱竹聽雨"
    },
    "groups": [],
    "opers": [
        {
            "name": "煌",
            "skill": 2,
            "skill_usage": 0
        },
        {
            "name": "塞雷娅",
            "skill": 1,
            "skill_usage": 0
        },
        {
            "name": "能天使",
            "skill": 1,
            "skill_usage": 0
        },
        {
            "name": "苦艾",
            "skill": 1,
            "skill_usage": 0
        }
    ]
}