{
    "minimum_required": "v4.0.0",
    "actions": [
        {
            "type": "SpeedUp"
        },
        {
            "type": "Deploy",
            "name": "塞雷娅",
            "location": [
                1,
                1
            ],
            "direction": "Right"
        },
        {
            "type": "Deploy",
            "name": "莱恩哈特",
            "location": [
                1,
                2
            ],
            "direction": "Right"
        },
        {
            "type": "Skill",
            "name": "莱恩哈特",
            "kills": 8
        },
        {
            "type": "Deploy",
            "name": "推进之王",
            "location": [
                2,
                1
            ],
            "direction": "Right",
            "kills": 15
        },
        {
            "type": "Skill",
            "name": "莱恩哈特",
            "kills": 20
        },
        {
            "type": "Skill",
            "name": "莱恩哈特",
            "kills": 31
        },
        {
            "type": "SkillUsage",
            "name": "莱恩哈特",
            "skill_usage": 1
        },
        {
            "type": "SkillDaemon"
        }
    ],
    "doc": {
        "title": "莱恩哈特模组任务 - 3-5 - 传承与开拓",
        "details": "作业更新日期: 2024-10-02T00:26:11Z\n统计更新日期: 2024-10-07\n好评率：0%  浏览量：5\n来源：一只摆烂的42  ID：41856\n莱恩哈特「传承与开拓」模组任务\n3星通关主题曲3-5；必须编入非助战莱恩哈特并上场，且莱恩哈特使用技能解构与爆破歼灭至少10名敌人\n原视频：https://www.bilibili.com/video/BV1TP4y1u7ya/\n制作者：一只摆烂的42\n有问题联系QQ2586582719\n修改自用请删除我的QQ"
    },
    "groups": [],
    "opers": [
        {
            "name": "塞雷娅",
            "skill": 1,
            "skill_usage": 0
        },
        {
            "name": "推进之王",
            "skill": 2,
            "skill_usage": 0
        },
        {
            "name": "莱恩哈特",
            "skill": 2,
            "skill_usage": 0
        }
    ],
    "stage_name": "main_03-05",
    "difficulty": 1
}