{
    "minimum_required": "v4.0.0",
    "actions": [
        {
            "type": "SpeedUp"
        },
        {
            "type": "Deploy",
            "name": "煌",
            "location": [
                8,
                5
            ],
            "direction": "Up"
        },
        {
            "type": "Deploy",
            "name": "菲亚梅塔",
            "location": [
                7,
                2
            ],
            "direction": "Left"
        },
        {
            "type": "Deploy",
            "name": "群奶",
            "location": [
                7,
                3
            ],
            "direction": "Right"
        },
        {
            "type": "Deploy",
            "name": "塞雷娅",
            "location": [
                9,
                3
            ],
            "direction": "Left"
        },
        {
            "type": "SkillDaemon",
            "doc_color": "#6f42c1",
            "doc": "给个好评吧，亲~"
        }
    ],
    "doc": {
        "title": "菲亚梅塔模组摆完挂机-“律外”特种弹药配给组",
        "details": "作业更新日期: 2024-06-10T09:24:04Z\n统计更新日期: 2024-10-07\n好评率：66.67%  浏览量：164\n来源：godpwp  ID：38485\n侬无言以对模组任务摆完挂机合集:BV1wU4y177Qu\n3星通关主题曲S5-9；必须编入非助战菲亚梅塔并上场，且使用菲亚梅塔造成至少60000点伤害\n筱竹聽雨"
    },
    "groups": [
        {
            "name": "群奶",
            "opers": [
                {
                    "name": "白面鸮",
                    "skill": 2,
                    "skill_usage": 1
                },
                {
                    "name": "夜莺",
                    "skill": 2,
                    "skill_usage": 0
                }
            ]
        }
    ],
    "opers": [
        {
            "name": "煌",
            "skill": 2,
            "skill_usage": 0
        },
        {
            "name": "塞雷娅",
            "skill": 2,
            "skill_usage": 0
        },
        {
            "name": "菲亚梅塔",
            "skill": 3,
            "skill_usage": 0
        }
    ],
    "stage_name": "sub_05-4-3"
}