{
    "minimum_required": "v4.0.0",
    "actions": [
        {
            "type": "SpeedUp"
        },
        {
            "type": "Deploy",
            "name": "能天使",
            "location": [
                3,
                5
            ],
            "direction": "Right"
        },
        {
            "type": "Deploy",
            "name": "银灰",
            "location": [
                6,
                5
            ],
            "direction": "Up"
        },
        {
            "type": "Deploy",
            "name": "拉普兰德",
            "location": [
                4,
                4
            ],
            "direction": "Up"
        },
        {
            "type": "Deploy",
            "name": "蛇屠箱",
            "location": [
                4,
                2
            ],
            "direction": "Up"
        },
        {
            "type": "Output",
            "doc_color": "#6f42c1",
            "doc": "给个好评吧，亲~"
        }
    ],
    "doc": {
        "title": "蛇屠箱模组摆完挂机-超强棒球套装",
        "details": "作业更新日期: 2023-02-18T00:53:51Z\n统计更新日期: 2024-11-24\n好评率：87.5%  浏览量：387\n来源：作业代传——有问题联系原作者  ID：20948\n侬无言以对模组任务摆完挂机合集:BV1wU4y177Qu\n3星通关主题曲2-10；必须编入非助战蛇屠箱并上场，且不编入其他重装干员\n筱竹聽雨"
    },
    "groups": [],
    "opers": [
        {
            "name": "能天使",
            "skill": 3,
            "skill_usage": 0
        },
        {
            "name": "银灰",
            "skill": 1,
            "skill_usage": 0
        },
        {
            "name": "拉普兰德",
            "skill": 2,
            "skill_usage": 0
        },
        {
            "name": "蛇屠箱",
            "skill": 2,
            "skill_usage": 0
        }
    ],
    "stage_name": "main_02-10"
}