{
    "minimum_required": "v4.0.0",
    "stage_name": "act12side_06",
    "actions": [
        {
            "type": "SpeedUp"
        },
        {
            "type": "Deploy",
            "name": "艾雅法拉",
            "location": [
                3,
                4
            ],
            "direction": "Left"
        },
        {
            "type": "Deploy",
            "name": "煌",
            "location": [
                1,
                3
            ],
            "direction": "Up"
        },
        {
            "type": "Deploy",
            "name": "蜜蜡",
            "location": [
                2,
                3
            ],
            "direction": "Right"
        }
    ],
    "doc": {
        "title": "蜜蜡模组任务 - DH-6 - “司祭的祝福”",
        "details": "作业更新日期: 2024-07-07T02:07:53Z\n统计更新日期: 2024-10-07\n好评率：100.0%  浏览量：44\n来源：一只摆烂的42  ID：39147\n蜜蜡「“司祭的祝福”」模组任务\n3星通关别传DH-6；必须编入非助战蜜蜡并上场，且不编入重装干员\n原视频：https://www.bilibili.com/video/BV1qa4y1K7rr/\n制作者：一只摆烂的42\n有问题联系QQ2586582719\n修改自用请删除我的QQ"
    },
    "groups": [],
    "opers": [
        {
            "name": "蜜蜡",
            "skill": 1,
            "skill_usage": 0
        },
        {
            "name": "煌",
            "skill": 2,
            "skill_usage": 0
        },
        {
            "name": "艾雅法拉",
            "skill": 2,
            "skill_usage": 0
        }
    ]
}