{
    "minimum_required": "v4.0.0",
    "actions": [
        {
            "type": "SpeedUp"
        },
        {
            "type": "Deploy",
            "name": "煌",
            "location": [
                5,
                5
            ],
            "direction": "Left"
        },
        {
            "type": "Deploy",
            "name": "夜莺",
            "location": [
                7,
                4
            ],
            "direction": "Left"
        },
        {
            "type": "Deploy",
            "name": "角峰",
            "location": [
                7,
                5
            ],
            "direction": "Left"
        },
        {
            "type": "Output",
            "doc_color": "#6f42c1",
            "doc": "给个好评吧，亲~"
        }
    ],
    "doc": {
        "title": "角峰模组摆完挂机-父亲的袍子",
        "details": "作业更新日期: 2023-02-18T00:53:49Z\n统计更新日期: 2024-11-24\n好评率：100.0%  浏览量：66\n来源：作业代传——有问题联系原作者  ID：20900\n侬无言以对模组任务摆完挂机合集:BV1wU4y177Qu\n3星通关主题曲3-6；且仅可编入非助战角峰1名重装干员并上场\n筱竹聽雨"
    },
    "groups": [],
    "opers": [
        {
            "name": "煌",
            "skill": 2,
            "skill_usage": 0
        },
        {
            "name": "角峰",
            "skill": 1,
            "skill_usage": 0
        },
        {
            "name": "夜莺",
            "skill": 2,
            "skill_usage": 0
        }
    ],
    "stage_name": "main_03-06"
}