{
    "minimum_required": "v4.0.0",
    "actions": [
        {
            "type": "SpeedUp"
        },
        {
            "type": "Deploy",
            "name": "能天使",
            "location": [
                2,
                5
            ],
            "direction": "Right"
        },
        {
            "type": "Deploy",
            "name": "艾雅法拉",
            "location": [
                2,
                2
            ],
            "direction": "Right"
        },
        {
            "type": "Deploy",
            "name": "泥岩",
            "location": [
                2,
                3
            ],
            "direction": "Right"
        },
        {
            "type": "Deploy",
            "name": "赫默",
            "location": [
                1,
                2
            ],
            "direction": "Down"
        },
        {
            "type": "Output",
            "doc_color": "#6f42c1",
            "doc": "给个好评吧，亲~"
        }
    ],
    "doc": {
        "title": "赫默模组摆完挂机-紧急防卫程序",
        "details": "作业更新日期: 2023-02-18T00:53:49Z\n统计更新日期: 2024-11-24\n好评率：100.0%  浏览量：290\n来源：作业代传——有问题联系原作者  ID：20882\n侬无言以对模组任务摆完挂机合集:BV1wU4y177Qu\n3星通关主题曲4-8；且仅可编入非助战赫默1名医疗干员并上场\n筱竹聽雨"
    },
    "groups": [],
    "opers": [
        {
            "name": "能天使",
            "skill": 3,
            "skill_usage": 0
        },
        {
            "name": "艾雅法拉",
            "skill": 2,
            "skill_usage": 0
        },
        {
            "name": "泥岩",
            "skill": 2,
            "skill_usage": 0
        },
        {
            "name": "赫默",
            "skill": 1,
            "skill_usage": 0
        }
    ],
    "stage_name": "main_04-08"
}