{
    "minimum_required": "v4.0.0",
    "stage_name": "main_04-01",
    "actions": [
        {
            "type": "Deploy",
            "name": "推进之王",
            "location": [
                8,
                2
            ],
            "direction": "Right"
        },
        {
            "type": "Deploy",
            "name": "迷迭香",
            "location": [
                8,
                3
            ],
            "direction": "Left"
        },
        {
            "type": "SpeedUp"
        },
        {
            "type": "Deploy",
            "name": "风笛",
            "location": [
                8,
                5
            ],
            "direction": "Right"
        },
        {
            "type": "Deploy",
            "name": "白面鸮",
            "location": [
                8,
                4
            ],
            "direction": "Up"
        },
        {
            "type": "Deploy",
            "name": "能天使",
            "location": [
                8,
                1
            ],
            "direction": "Down"
        },
        {
            "type": "SkillDaemon"
        }
    ],
    "doc": {
        "title": "第四章 急性衰竭 - 4-1 - 免费拥抱 迷迭香模组“记事”解锁任务",
        "details": "作业更新日期: 2023-10-14T09:48:46Z\n统计更新日期: 2024-11-24\n好评率：100.0%  浏览量：478\n来源：萨拉托加  ID：29059\n迷迭香模组任务“记事”\n条件：3星通关主题曲4-1；必须编入非助战迷迭香并上场，且使用迷迭香歼灭至少10个敌人\n【[明日方舟]迷迭香模组任务 5人摆完挂机一遍过 简单好抄】 https://www.bilibili.com/video/BV1as4y1w7X1/?share_source=copy_web&vd_source=3fd5040fe25f6a00e19e6072bcccfa4e"
    },
    "groups": [],
    "opers": [
        {
            "name": "迷迭香",
            "skill": 1,
            "skill_usage": 0
        },
        {
            "name": "推进之王",
            "skill": 2,
            "skill_usage": 0
        },
        {
            "name": "风笛",
            "skill": 2,
            "skill_usage": 0
        },
        {
            "name": "白面鸮",
            "skill": 2,
            "skill_usage": 0
        },
        {
            "name": "能天使",
            "skill": 1,
            "skill_usage": 0
        }
    ]
}