{
    "minimum_required": "v4.0.0",
    "stage_name": "main_02-01",
    "actions": [
        {
            "type": "SpeedUp"
        },
        {
            "type": "Deploy",
            "name": "山",
            "location": [
                8,
                3
            ],
            "direction": "Left"
        },
        {
            "type": "Skill",
            "name": "山",
            "pre_delay": 4000
        },
        {
            "type": "Deploy",
            "name": "铎铃",
            "location": [
                8,
                4
            ],
            "direction": "Up"
        },
        {
            "type": "SkillDaemon"
        }
    ],
    "doc": {
        "title": "铎铃模组任务 - 2-1 - 致继任者",
        "details": "作业更新日期: 2024-10-09T14:01:19Z\n统计更新日期: 2024-11-24\n好评率：100.0%  浏览量：21\n来源：一只摆烂的42  ID：42312\n铎铃「致继任者」模组任务\n3星通关主题曲2-1；必须编入非助战铎铃并上场，且使用3次乡心无改\nUP：鬼魅ghost白\n原视频：https://www.bilibili.com/video/BV13iHCe9E6W/\n制作者：一只摆烂的42\n有问题联系QQ2586582719\n修改自用请删除我的QQ"
    },
    "groups": [],
    "opers": [
        {
            "name": "铎铃",
            "skill": 2,
            "skill_usage": 1
        },
        {
            "name": "山",
            "skill": 2,
            "skill_usage": 0
        }
    ],
    "difficulty": 1
}