{
    "minimum_required": "v4.0.0",
    "actions": [
        {
            "type": "SpeedUp"
        },
        {
            "type": "Deploy",
            "name": "风笛",
            "location": [
                1,
                2
            ],
            "direction": "Right"
        },
        {
            "type": "Deploy",
            "name": "煌",
            "location": [
                1,
                5
            ],
            "direction": "Right"
        },
        {
            "type": "Deploy",
            "name": "塞雷娅",
            "location": [
                1,
                3
            ],
            "direction": "Up"
        },
        {
            "type": "Output",
            "doc_color": "#6f42c1",
            "doc": "给个好评吧，亲~"
        }
    ],
    "doc": {
        "title": "风笛模组摆完挂机-破城矛弹夹",
        "details": "作业更新日期: 2023-02-18T00:53:48Z\n统计更新日期: 2024-11-24\n好评率：100.0%  浏览量：2417\n来源：作业代传——有问题联系原作者  ID：20869\n侬无言以对模组任务摆完挂机合集:BV1wU4y177Qu\n3星通关主题曲4-5；必须编入非助战风笛并上场，且使用风笛歼灭至少4个法术近卫\n筱竹聽雨"
    },
    "groups": [],
    "opers": [
        {
            "name": "塞雷娅",
            "skill": 2,
            "skill_usage": 0
        },
        {
            "name": "风笛",
            "skill": 2,
            "skill_usage": 0
        },
        {
            "name": "煌",
            "skill": 2,
            "skill_usage": 0
        }
    ],
    "stage_name": "main_04-05"
}