{
    "minimum_required": "v4.0.0",
    "stage_name": "main_05-01",
    "actions": [
        {
            "type": "SpeedUp"
        },
        {
            "type": "Deploy",
            "name": "速狙",
            "location": [
                2,
                1
            ],
            "direction": "Right"
        },
        {
            "type": "Deploy",
            "name": "群卫",
            "location": [
                2,
                2
            ],
            "direction": "Down"
        },
        {
            "type": "Deploy",
            "name": "山",
            "location": [
                1,
                3
            ],
            "direction": "Right"
        },
        {
            "type": "Deploy",
            "name": "塞雷娅",
            "location": [
                4,
                1
            ],
            "direction": "Right"
        },
        {
            "type": "SkillDaemon"
        }
    ],
    "doc": {
        "title": "第五章 靶向药物 - 5-1 - 冤家易结",
        "details": "统计日期：2024-05-24\n好评率：93.33%  浏览量：638\n来源：Dayheart  ID：28935\n【【明日方舟】突袭5-1 摆完挂机】 https://www.bilibili.com/video/BV1JZ4y1U7wx/?share_source=copy_web&vd_source=cd91394ea743aa4106bdb38b56e52772"
    },
    "groups": [
        {
            "name": "速狙",
            "opers": [
                {
                    "name": "能天使",
                    "skill": 3,
                    "skill_usage": 0
                },
                {
                    "name": "空弦",
                    "skill": 3,
                    "skill_usage": 1
                }
            ]
        },
        {
            "name": "群卫",
            "opers": [
                {
                    "name": "煌",
                    "skill": 2,
                    "skill_usage": 0
                },
                {
                    "name": "百炼嘉维尔",
                    "skill": 2,
                    "skill_usage": 1
                }
            ]
        }
    ],
    "opers": [
        {
            "name": "山",
            "skill": 2,
            "skill_usage": 2
        },
        {
            "name": "德克萨斯",
            "skill": 1,
            "skill_usage": 0
        },
        {
            "name": "塞雷娅",
            "skill": 2,
            "skill_usage": 0
        }
    ],
    "difficulty": 3
}