{
    "minimum_required": "v4.0.0",
    "stage_name": "sub_05-3-2",
    "actions": [
        {
            "type": "Deploy",
            "name": "克洛丝",
            "location": [
                7,
                2
            ],
            "direction": "Down"
        },
        {
            "type": "SpeedUp"
        },
        {
            "type": "Deploy",
            "name": "月见夜",
            "location": [
                6,
                5
            ],
            "direction": "Up"
        },
        {
            "type": "Deploy",
            "name": "泡普卡",
            "location": [
                6,
                3
            ],
            "direction": "Down"
        },
        {
            "type": "Deploy",
            "name": "调香师",
            "location": [
                7,
                4
            ],
            "direction": "Up"
        },
        {
            "type": "Skill",
            "name": "月见夜",
            "location": [
                6,
                5
            ],
            "kills": 7,
            "costs": 19,
            "rear_delay": 1000
        },
        {
            "type": "Skill",
            "name": "泡普卡",
            "location": [
                6,
                3
            ],
            "kills": 10,
            "costs": 28,
            "rear_delay": 500
        },
        {
            "type": "Deploy",
            "name": "炎熔",
            "location": [
                8,
                4
            ],
            "direction": "Left"
        },
        {
            "type": "Skill",
            "name": "调香师",
            "location": [
                7,
                4
            ],
            "kills": 13,
            "costs": 19,
            "rear_delay": 500
        },
        {
            "type": "Skill",
            "name": "炎熔",
            "location": [
                8,
                4
            ],
            "kills": 13,
            "costs": 20,
            "rear_delay": 1500
        },
        {
            "type": "Skill",
            "name": "泡普卡",
            "location": [
                6,
                3
            ],
            "kills": 25,
            "costs": 73
        },
        {
            "type": "Skill",
            "name": "炎熔",
            "location": [
                8,
                4
            ],
            "kills": 32,
            "rear_delay": 5000
        },
        {
            "type": "Skill",
            "name": "月见夜",
            "location": [
                6,
                5
            ],
            "kills": 36,
            "rear_delay": 4500
        },
        {
            "type": "Skill",
            "name": "调香师",
            "location": [
                7,
                4
            ],
            "kills": 36,
            "rear_delay": 6000
        },
        {
            "type": "Skill",
            "name": "泡普卡",
            "location": [
                6,
                3
            ],
            "kills": 37,
            "rear_delay": 2500
        }
    ],
    "doc": {
        "title": "【苏咕咕】明日方舟 S5-6 攻略 简单 无脑 抄作业",
        "details": "统计日期：2024-05-24\n好评率：54.55%  浏览量：483\n来源：NyaNyaHua  ID：24641\n参考BV1Pa4y1e7YN"
    },
    "groups": [],
    "opers": [
        {
            "name": "月见夜",
            "skill": 1,
            "skill_usage": 0
        },
        {
            "name": "泡普卡",
            "skill": 1,
            "skill_usage": 0
        },
        {
            "name": "炎熔",
            "skill": 1,
            "skill_usage": 0
        },
        {
            "name": "克洛丝",
            "skill": 1,
            "skill_usage": 0
        },
        {
            "name": "调香师",
            "skill": 2,
            "skill_usage": 0
        }
    ]
}