{
  "minimum_required": "v4.0.0",
  "stage_name": "act13d5_ex05",
  "actions": [
    {
      "type": "SpeedUp"
    },
    {
      "type": "Deploy",
      "name": "桃金娘",
      "location": [
        3,
        3
      ],
      "direction": "Up"
    },
    {
      "type": "Deploy",
      "name": "棘刺",
      "location": [
        6,
        2
      ],
      "direction": "Down"
    },
    {
      "type": "Deploy",
      "name": "塞雷娅",
      "location": [
        7,
        2
      ],
      "direction": "Down"
    },
    {
      "type": "Deploy",
      "name": "水月",
      "location": [
        8,
        3
      ],
      "direction": "Left"
    },
    {
      "type": "Deploy",
      "name": "夜莺",
      "location": [
        8,
        2
      ],
      "direction": "Left"
    },
    {
      "type": "Deploy",
      "name": "拉普兰德",
      "location": [
        7,
        3
      ],
      "direction": "Down"
    },
    {
      "type": "SkillUsage",
      "name": "桃金娘",
      "skill_usage": 0
    },
    {
      "type": "SkillDaemon"
    }
  ],
  "doc": {
    "title": "玛莉娅·临光 MN-EX-5 普通突袭通用 水月、拉普兰德、棘刺、塞雷娅、夜莺、桃金娘",
    "details": "攻略作者：萧然Q  BV17Q4y1C7oF\n自动战斗作者：鱼丸\n本攻略普通突袭通用 平均练度 2603"
  },
  "groups": [],
  "opers": [
    {
      "name": "塞雷娅",
      "skill": 1,
      "skill_usage": 0
    },
    {
      "name": "拉普兰德",
      "skill": 2,
      "skill_usage": 0
    },
    {
      "name": "棘刺",
      "skill": 3,
      "skill_usage": 1
    },
    {
      "name": "桃金娘",
      "skill": 1,
      "skill_usage": 1
    },
    {
      "name": "夜莺",
      "skill": 2,
      "skill_usage": 0
    },
    {
      "name": "水月",
      "skill": 1,
      "skill_usage": 0
    }
  ]
}