{
    "minimum_required": "v4.0.0",
    "stage_name": "act44side_08",
    "actions": [
        {
            "type": "Deploy",
            "name": "Lancet-2",
            "direction": "Down",
            "location": [
                1,
                1
            ]
        },
        {
            "type": "Deploy",
            "name": "棘刺",
            "direction": "Right",
            "location": [
                5,
                4
            ]
        },
        {
            "type": "Deploy",
            "name": "澄闪",
            "direction": "Right",
            "location": [
                5,
                5
            ]
        },
        {
            "type": "Deploy",
            "name": "夜刀",
            "direction": "Down",
            "location": [
                10,
                1
            ]
        },
        {
            "type": "Deploy",
            "name": "艾雅法拉",
            "direction": "Right",
            "location": [
                4,
                5
            ]
        },
        {
            "type": "SkillUsage",
            "name": "Lancet-2"
        },
        {
            "type": "Deploy",
            "name": "伊芙利特",
            "direction": "Up",
            "location": [
                6,
                5
            ]
        },
        {
            "type": "SpeedUp"
        },
        {
            "type": "Deploy",
            "name": "塞雷娅",
            "direction": "Right",
            "location": [
                4,
                4
            ]
        },
        {
            "type": "SkillDaemon"
        }
    ],
    "doc": {
        "title": "AT-8 - 逝川",
        "details": "——————————\n作业更新日期: 2025-08-02T09:15:37Z\n统计更新日期: 2025-08-03\n相对评分：100.00%  相对热度：100.00%\n来源：萨拉托加  ID：63889\n——————————\n json作者：萨拉托加\n作业交流群群号216314927，可蹲作业，有问题进群找我，作业站消息没提醒看不到"
    },
    "groups": [],
    "opers": [
        {
            "name": "棘刺",
            "skill": 3,
            "skill_usage": 1
        },
        {
            "name": "Lancet-2",
            "skill": 1,
            "skill_usage": 1
        },
        {
            "name": "夜刀",
            "skill": 1,
            "skill_usage": 1
        },
        {
            "name": "澄闪",
            "skill": 2,
            "skill_usage": 0
        },
        {
            "name": "艾雅法拉",
            "skill": 2,
            "skill_usage": 0
        },
        {
            "name": "伊芙利特",
            "skill": 2,
            "skill_usage": 0
        },
        {
            "name": "塞雷娅",
            "skill": 2,
            "skill_usage": 0
        }
    ]
}