{
    "minimum_required": "v4.0.0",
    "stage_name": "act44side_s02",
    "actions": [
        {
            "type": "Deploy",
            "name": "伊内丝",
            "direction": "Right",
            "location": [
                1,
                2
            ]
        },
        {
            "type": "Deploy",
            "name": "逻各斯",
            "direction": "Up",
            "location": [
                8,
                6
            ]
        },
        {
            "type": "Deploy",
            "name": "斩业星熊",
            "direction": "Down",
            "location": [
                7,
                5
            ]
        },
        {
            "type": "Retreat",
            "name": "伊内丝"
        },
        {
            "type": "Deploy",
            "direction": "Up",
            "name": "Mon3tr",
            "location": [
                9,
                5
            ]
        },
        {
            "type": "Deploy",
            "name": "重构体",
            "direction": "None",
            "location": [
                8,
                4
            ]
        },
        {
            "type": "Deploy",
            "name": "伊内丝",
            "direction": "Up",
            "location": [
                9,
                4
            ]
        },
        {
            "type": "Deploy",
            "name": "阿斯卡纶",
            "direction": "Up",
            "location": [
                9,
                3
            ]
        },
        {
            "type": "SpeedUp"
        },
        {
            "type": "SkillDaemon"
        }
    ],
    "doc": {
        "title": "AT-S-2 - 祓雨 一摆到底版",
        "details": "——————————\n作业更新日期: 2025-08-17T13:16:34Z\n统计更新日期: 2025-08-18\n相对评分：99.00%  相对热度：68.26%\n来源：萨拉托加  ID：65531\n——————————\n一摆到底，旨在不限制干员，尽量用更少的干员，更少的步数，全程不换技能，一套阵容通关当期活动，干员均专三60级带一级模组（歌蒂三级X模）\n原作者：萧然Q json作者：萨拉托加\n作业交流群群号216314927，可蹲作业，有问题进群找我，作业站消息没提醒看不到\n【【墟】AT-S-1至AT-S-4突袭一摆到底合集版 摆完挂机 简单好抄】 https://www.bilibili.com/video/BV1sYYizGEew/?share_source=copy_web&vd_source=3fd5040fe25f6a00e19e6072bcccfa4e"
    },
    "groups": [
        {
            "name": "岁1",
            "opers": [
                {
                    "name": "年",
                    "skill": 1,
                    "skill_usage": 0
                },
                {
                    "name": "夕",
                    "skill": 1,
                    "skill_usage": 0
                },
                {
                    "name": "令",
                    "skill": 1,
                    "skill_usage": 0
                },
                {
                    "name": "重岳",
                    "skill": 1,
                    "skill_usage": 0
                },
                {
                    "name": "余",
                    "skill": 1,
                    "skill_usage": 0
                }
            ]
        },
        {
            "name": "岁2",
            "opers": [
                {
                    "name": "年",
                    "skill": 1,
                    "skill_usage": 0
                },
                {
                    "name": "夕",
                    "skill": 1,
                    "skill_usage": 0
                },
                {
                    "name": "令",
                    "skill": 1,
                    "skill_usage": 0
                },
                {
                    "name": "重岳",
                    "skill": 1,
                    "skill_usage": 0
                },
                {
                    "name": "余",
                    "skill": 1,
                    "skill_usage": 0
                }
            ]
        },
        {
            "name": "岁3",
            "opers": [
                {
                    "name": "年",
                    "skill": 1,
                    "skill_usage": 0
                },
                {
                    "name": "夕",
                    "skill": 1,
                    "skill_usage": 0
                },
                {
                    "name": "令",
                    "skill": 1,
                    "skill_usage": 0
                },
                {
                    "name": "重岳",
                    "skill": 1,
                    "skill_usage": 0
                },
                {
                    "name": "余",
                    "skill": 1,
                    "skill_usage": 0
                }
            ]
        }
    ],
    "opers": [
        {
            "name": "伊内丝",
            "skill": 1,
            "skill_usage": 0
        },
        {
            "name": "乌尔比安",
            "skill": 2,
            "skill_usage": 0
        },
        {
            "name": "斩业星熊",
            "skill": 2,
            "skill_usage": 0
        },
        {
            "name": "逻各斯",
            "skill": 1,
            "skill_usage": 0
        },
        {
            "name": "Mon3tr",
            "skill": 1,
            "skill_usage": 0
        },
        {
            "name": "酒神",
            "skill": 1,
            "skill_usage": 0
        },
        {
            "name": "阿斯卡纶",
            "skill": 1,
            "skill_usage": 0
        },
        {
            "name": "黍",
            "skill": 1,
            "skill_usage": 0
        }
    ],
    "difficulty": 3
}