{
    "stage_name": "act44side_ex01",
    "minimum_required": "v4.0.0",
    "doc": {
        "title": "AT-EX-1 - 青叶撞球场",
        "details": "——————————\n作业更新日期: 2025-08-09T08:55:29Z\n统计更新日期: 2025-08-10\n相对评分：100.00%  相对热度：100.00%\n来源：萨拉托加  ID：64450\n——————————\n原作者：萧然Q json作者：萨拉托加\n作业交流群群号216314927，可蹲作业，有问题进群找我，作业站消息没提醒看不到\n【【墟】AT-EX-1至AT-EX-8突袭 摆完挂机 简单好抄-哔哩哔哩】 https://b23.tv/gConlU8"
    },
    "opers": [
        {
            "name": "煌",
            "skill": 2,
            "requirements": {
                "skill_level": 10
            }
        },
        {
            "name": "逻各斯",
            "skill": 1,
            "requirements": {
                "skill_level": 10
            }
        },
        {
            "name": "炎熔",
            "skill": 1,
            "requirements": {
                "skill_level": 7
            }
        }
    ],
    "groups": [
        {
            "name": "奶盾",
            "opers": [
                {
                    "name": "塞雷娅",
                    "skill": 1,
                    "requirements": {
                        "skill_level": 10
                    }
                },
                {
                    "name": "黍",
                    "skill": 1,
                    "requirements": {
                        "skill_level": 10
                    }
                }
            ]
        }
    ],
    "actions": [
        {
            "type": "Skill",
            "location": [
                1,
                3
            ]
        },
        {
            "name": "煌",
            "location": [
                3,
                1
            ],
            "direction": "Right",
            "type": "Deploy"
        },
        {
            "name": "逻各斯",
            "location": [
                3,
                2
            ],
            "direction": "Right",
            "type": "Deploy"
        },
        {
            "name": "奶盾",
            "location": [
                4,
                1
            ],
            "direction": "Right",
            "type": "Deploy"
        },
        {
            "type": "SpeedUp"
        },
        {
            "type": "SkillDaemon"
        }
    ],
    "version": 3,
    "difficulty": 3
}