{
    "stage_name": "act44side_ex01",
    "minimum_required": "v4.0.0",
    "doc": {
        "title": "AT-EX-1 - 青叶撞球场 一摆到底版",
        "details": "——————————\n作业更新日期: 2025-08-09T14:48:34Z\n统计更新日期: 2025-08-10\n相对评分：99.00%  相对热度：85.01%\n来源：萨拉托加  ID：64544\n——————————\n一摆到底，旨在不限制干员，尽量用更少的干员，更少的步数，全程不换技能，一套阵容通关当期活动，干员均专三60级带一级模组（歌蒂三级X模）\n原作者：萧然Q json作者：萨拉托加\n作业交流群群号216314927，可蹲作业，有问题进群找我，作业站消息没提醒看不到\n【【墟】AT-EX-1至AT-EX-8突袭合集版 一摆到底 摆完挂机 简单好抄-哔哩哔哩】 https://b23.tv/pcHwwnV"
    },
    "opers": [
        {
            "name": "伊内丝",
            "skill": 1,
            "requirements": {
                "skill_level": 10,
                "module": -1
            }
        },
        {
            "name": "乌尔比安",
            "skill": 2,
            "requirements": {
                "skill_level": 10,
                "module": 1
            }
        },
        {
            "name": "黍",
            "skill": 1,
            "requirements": {
                "skill_level": 10,
                "module": 1
            }
        },
        {
            "name": "逻各斯",
            "skill": 1,
            "requirements": {
                "skill_level": 10,
                "module": 4
            }
        },
        {
            "name": "澄闪",
            "skill": 2,
            "requirements": {
                "skill_level": 10,
                "module": 1
            }
        },
        {
            "name": "纯烬艾雅法拉",
            "skill": 1,
            "requirements": {
                "skill_level": 10,
                "module": 1
            }
        },
        {
            "name": "酒神",
            "skill": 1,
            "requirements": {
                "skill_level": 10,
                "module": 1
            }
        },
        {
            "name": "歌蕾蒂娅",
            "skill": 1,
            "requirements": {
                "skill_level": 10,
                "module": 1
            }
        },
        {
            "name": "阿斯卡纶",
            "skill": 1,
            "requirements": {
                "skill_level": 10,
                "module": 1
            }
        }
    ],
    "groups": [
        {
            "name": "岁1",
            "opers": [
                {
                    "name": "年",
                    "skill": 1,
                    "skill_usage": 0
                },
                {
                    "name": "重岳",
                    "skill": 1,
                    "skill_usage": 0
                },
                {
                    "name": "夕",
                    "skill": 1,
                    "skill_usage": 0
                },
                {
                    "name": "令",
                    "skill": 1,
                    "skill_usage": 0
                },
                {
                    "name": "余",
                    "skill": 1,
                    "skill_usage": 0
                }
            ]
        },
        {
            "name": "岁2",
            "opers": [
                {
                    "name": "夕",
                    "skill": 1,
                    "skill_usage": 0
                },
                {
                    "name": "余",
                    "skill": 1,
                    "skill_usage": 0
                },
                {
                    "name": "令",
                    "skill": 1,
                    "skill_usage": 0
                },
                {
                    "name": "年",
                    "skill": 1,
                    "skill_usage": 0
                },
                {
                    "name": "重岳",
                    "skill": 1,
                    "skill_usage": 0
                }
            ]
        },
        {
            "name": "岁3",
            "opers": [
                {
                    "name": "令",
                    "skill": 1,
                    "skill_usage": 0
                },
                {
                    "name": "重岳",
                    "skill": 1,
                    "skill_usage": 0
                },
                {
                    "name": "年",
                    "skill": 1,
                    "skill_usage": 0
                },
                {
                    "name": "夕",
                    "skill": 1,
                    "skill_usage": 0
                },
                {
                    "name": "余",
                    "skill": 1,
                    "skill_usage": 0
                }
            ]
        }
    ],
    "actions": [
        {
            "name": "逻各斯",
            "location": [
                2,
                2
            ],
            "direction": "Right",
            "type": "Deploy"
        },
        {
            "name": "乌尔比安",
            "location": [
                2,
                1
            ],
            "direction": "Right",
            "type": "Deploy"
        },
        {
            "name": "纯烬艾雅法拉",
            "location": [
                1,
                2
            ],
            "direction": "Right",
            "type": "Deploy"
        },
        {
            "name": "阿斯卡纶",
            "location": [
                3,
                1
            ],
            "direction": "Right",
            "type": "Deploy"
        },
        {
            "type": "SpeedUp"
        },
        {
            "type": "SkillDaemon"
        }
    ],
    "version": 3,
    "difficulty": 3
}