{
    "minimum_required": "v4.0.0",
    "stage_name": "act44side_07",
    "actions": [
        {
            "type": "SpeedUp"
        },
        {
            "type": "Deploy",
            "name": "斑点",
            "location": [
                7,
                2
            ],
            "direction": "Left"
        },
        {
            "type": "Deploy",
            "name": "古米",
            "location": [
                7,
                3
            ],
            "direction": "Left"
        },
        {
            "type": "Deploy",
            "name": "维什戴尔",
            "location": [
                6,
                4
            ],
            "direction": "Left"
        },
        {
            "type": "Skill",
            "location": [
                6,
                4
            ],
            "name": "维什戴尔",
            "kills": 4
        },
        {
            "type": "SkillUsage",
            "skill_times": 1,
            "name": "维什戴尔",
            "skill_usage": 2,
            "costs": 60
        },
        {
            "type": "Skill",
            "location": [
                6,
                4
            ],
            "kills": 15,
            "name": "维什戴尔"
        },
        {
            "type": "SkillUsage",
            "skill_times": 1,
            "name": "维什戴尔",
            "skill_usage": 2,
            "pre_delay": 500
        },
        {
            "type": "Skill",
            "location": [
                1,
                1
            ],
            "kills": 20
        },
        {
            "type": "Skill",
            "kills": 20,
            "location": [
                7,
                1
            ],
            "pre_delay": 200
        },
        {
            "type": "SkillDaemon"
        }
    ],
    "doc": {
        "title": "AT-7 - 冷月",
        "details": "——————————\n作业更新日期: 2025-08-02T10:45:49Z\n统计更新日期: 2025-08-03\n相对评分：99.00%  相对热度：71.88%\n来源：焕彩gg  ID：63942\n——————————\nB站ID：焕彩GG 主页：https://space.bilibili.com/10123796\n求关注。"
    },
    "groups": [],
    "opers": [
        {
            "name": "维什戴尔",
            "requirements": {
                "level": 90,
                "skill_level": 10,
                "module": 1
            },
            "skill": 3
        },
        {
            "name": "古米",
            "skill": 1,
            "skill_usage": 0
        },
        {
            "name": "斑点",
            "skill": 1,
            "skill_usage": 0
        }
    ]
}