{
    "stage_name": "act44side_07",
    "minimum_required": "v4.0.0",
    "doc": {
        "title": "AT-7 - 冷月",
        "details": "——————————\n作业更新日期: 2025-08-02T17:39:47Z\n统计更新日期: 2025-08-03\n相对评分：99.00%  相对热度：71.63%\n来源：星之海.  ID：63877\n——————————\n重要：maa已更新自动选择模组，未解锁作业所需模组的干员将无法识别，没开模组的建议优先开模组！！！\n请确保所用干员练度达到本作业所需练度，否则将会有干员暴毙及漏怪风险！！！\n此作业全员专三且模组一级\n原作者：自在道爷    JSON作者：星之海.\n社区评论不会提醒，作业有问题可以进群找我：994516079\n原视频：【【墟】AT-1至AT-8挂机流，刻章也不愁！语音快乐详解，轻松解放双手 | 明日方舟攻略(分p更新中)】https://www.bilibili.com/video/BV1DthNztEP6?vd_source=69f0b796ff8cde9e6cb9e9f9a99f8eec"
    },
    "opers": [
        {
            "name": "拉普兰德",
            "skill": 2,
            "requirements": {
                "skill_level": 10,
                "module": 1
            }
        },
        {
            "name": "泥岩",
            "skill": 2,
            "requirements": {
                "skill_level": 10,
                "module": 1
            }
        },
        {
            "name": "艾雅法拉",
            "skill": 2,
            "requirements": {
                "skill_level": 10,
                "module": 1
            }
        }
    ],
    "groups": [
        {
            "name": "奶盾",
            "opers": [
                {
                    "name": "黍",
                    "skill": 1,
                    "requirements": {
                        "skill_level": 10,
                        "module": 1
                    }
                },
                {
                    "name": "临光",
                    "skill": 1,
                    "requirements": {
                        "skill_level": 10,
                        "module": 1
                    }
                },
                {
                    "name": "塞雷娅",
                    "skill": 1,
                    "requirements": {
                        "skill_level": 10,
                        "module": -1
                    }
                }
            ]
        }
    ],
    "actions": [
        {
            "type": "Skill",
            "location": [
                1,
                1
            ]
        },
        {
            "type": "SpeedUp"
        },
        {
            "name": "拉普兰德",
            "location": [
                6,
                2
            ],
            "direction": "Left",
            "type": "Deploy"
        },
        {
            "name": "奶盾",
            "location": [
                6,
                3
            ],
            "direction": "Left",
            "type": "Deploy"
        },
        {
            "name": "泥岩",
            "location": [
                1,
                2
            ],
            "direction": "Right",
            "type": "Deploy"
        },
        {
            "name": "艾雅法拉",
            "location": [
                6,
                4
            ],
            "direction": "Left",
            "type": "Deploy"
        },
        {
            "type": "SkillDaemon"
        }
    ],
    "version": 3
}