{
    "minimum_required": "v4.0.0",
    "stage_name": "act44side_08",
    "actions": [
        {
            "type": "SpeedUp"
        },
        {
            "type": "Deploy",
            "name": "荒芜拉普兰德",
            "location": [
                5,
                3
            ],
            "direction": "Right"
        },
        {
            "type": "Deploy",
            "location": [
                5,
                5
            ],
            "name": "浊心斯卡蒂",
            "direction": "Down"
        },
        {
            "type": "Deploy",
            "direction": "Right",
            "name": "澄闪",
            "location": [
                4,
                5
            ]
        },
        {
            "type": "SkillDaemon"
        },
        {
            "type": "Output",
            "doc": "缪缪实在太可爱啦",
            "doc_color": "SpringGreen"
        }
    ],
    "doc": {
        "title": "AT-8 - 逝川 挂机作业",
        "details": "——————————\n作业更新日期: 2025-08-02T13:51:41Z\n统计更新日期: 2025-08-03\n相对评分：98.00%  相对热度：83.74%\n来源：一只可爱的缪缪  ID：63886\n——————————\n作业作者：小狐狸灬崽    （b站）\njson作者：一只可爱的缪缪\n\n攻略视频：【【墟】明日方舟 AT-8 三人】 https://www.bilibili.com/video/BV1hGhhzeEo4/?share_source=copy_web&vd_source=71dbad86c68674667caf0fce2996fb10"
    },
    "groups": [],
    "opers": [
        {
            "name": "澄闪",
            "skill": 3,
            "skill_usage": 1
        },
        {
            "name": "荒芜拉普兰德",
            "skill": 3,
            "skill_usage": 1
        },
        {
            "name": "浊心斯卡蒂",
            "skill": 2,
            "skill_usage": 0
        }
    ]
}