{
    "stage_name": "act44side_08",
    "minimum_required": "v4.0.0",
    "doc": {
        "title": "AT-8 - 逝川",
        "details": "——————————\n作业更新日期: 2025-08-02T09:43:26Z\n统计更新日期: 2025-08-10\n相对评分：88.00%  相对热度：60.54%\n来源：Dr_MO  ID：63900\n——————————\nAT-8 - 逝川 貘\n概率通过\n测试两次，第二次单人通过\n最后一波可能伤害不够，可以带干员补强"
    },
    "opers": [
        {
            "name": "维什戴尔",
            "skill": 3,
            "requirements": {
                "level": 90,
                "skill_level": 10,
                "module": 1
            }
        }
    ],
    "groups": [],
    "actions": [
        {
            "type": "SpeedUp"
        },
        {
            "type": "Skill",
            "location": [
                10,
                1
            ],
            "costs": 15
        },
        {
            "type": "Skill",
            "location": [
                1,
                1
            ]
        },
        {
            "name": "维什戴尔",
            "location": [
                5,
                3
            ],
            "direction": "Right",
            "type": "Deploy"
        },
        {
            "type": "Skill",
            "location": [
                10,
                1
            ],
            "costs": 25
        },
        {
            "type": "Skill",
            "location": [
                1,
                1
            ]
        },
        {
            "type": "Skill",
            "location": [
                10,
                1
            ],
            "costs": 56
        },
        {
            "type": "Skill",
            "location": [
                1,
                1
            ]
        },
        {
            "type": "Skill",
            "name": "维什戴尔",
            "costs": 82
        },
        {
            "type": "Skill",
            "location": [
                10,
                1
            ],
            "costs": 88
        },
        {
            "type": "Skill",
            "location": [
                1,
                1
            ]
        },
        {
            "type": "Skill",
            "location": [
                10,
                1
            ],
            "kills": 18
        },
        {
            "name": "维什戴尔",
            "skill_usage": 1,
            "type": "SkillUsage"
        },
        {
            "name": "\"斩\"",
            "location": [
                6,
                1
            ],
            "direction": "None",
            "type": "Deploy",
            "kills": 22
        },
        {
            "name": "\"斩\"",
            "location": [
                10,
                4
            ],
            "direction": "None",
            "type": "Deploy",
            "kills": 26,
            "pre_delay": 5000
        },
        {
            "name": "\"斩\"",
            "location": [
                8,
                4
            ],
            "direction": "None",
            "type": "Deploy",
            "kills": 28,
            "pre_delay": 7000
        },
        {
            "name": "\"斩\"",
            "location": [
                6,
                1
            ],
            "direction": "None",
            "type": "Deploy",
            "kills": 32,
            "pre_delay": 6000
        },
        {
            "name": "\"斩\"",
            "location": [
                8,
                4
            ],
            "direction": "None",
            "type": "Deploy",
            "kills": 33,
            "pre_delay": 1000
        },
        {
            "type": "SkillDaemon"
        }
    ],
    "version": 3
}