{
    "stage_name": "act44side_ex03",
    "minimum_required": "v4.0.0",
    "doc": {
        "title": "AT-EX-3 - 浪切浴场",
        "details": "——————————\n作业更新日期: 2025-08-09T11:27:28Z\n统计更新日期: 2025-08-12\n相对评分：94.00%  相对热度：66.97%\n来源：Dr_MO  ID：64495\n——————————\nAT-EX-3 - 浪切浴场\n貘"
    },
    "opers": [
        {
            "name": "维什戴尔",
            "skill": 3,
            "skill_usage": 1,
            "requirements": {
                "level": 90,
                "skill_level": 10,
                "module": 1
            }
        },
        {
            "name": "棘刺",
            "skill": 3,
            "skill_usage": 1,
            "requirements": {
                "level": 90,
                "skill_level": 10,
                "module": 1
            }
        }
    ],
    "groups": [],
    "actions": [
        {
            "type": "SpeedUp"
        },
        {
            "name": "棘刺",
            "location": [
                8,
                3
            ],
            "direction": "Down",
            "type": "Deploy"
        },
        {
            "name": "维什戴尔",
            "location": [
                2,
                4
            ],
            "direction": "Right",
            "type": "Deploy"
        },
        {
            "type": "Skill",
            "location": [
                7,
                1
            ]
        },
        {
            "type": "SkillDaemon"
        }
    ],
    "version": 3,
    "difficulty": 3
}