{
    "minimum_required": "v4.0.0",
    "stage_name": "act44side_ex04",
    "actions": [
        {
            "type": "Deploy",
            "location": [
                8,
                3
            ],
            "name": "桃金娘",
            "direction": "Up"
        },
        {
            "type": "SpeedUp"
        },
        {
            "type": "Deploy",
            "location": [
                6,
                4
            ],
            "name": "维什戴尔",
            "direction": "Right"
        },
        {
            "type": "Skill",
            "location": [
                6,
                4
            ],
            "name": "维什戴尔",
            "pre_delay": 4800
        },
        {
            "type": "Retreat",
            "pre_delay": 500,
            "name": "祖宗",
            "location": [
                8,
                4
            ]
        },
        {
            "type": "Deploy",
            "name": "蛇屠箱就行",
            "direction": "Up",
            "location": [
                8,
                4
            ]
        },
        {
            "type": "Deploy",
            "name": "史都华德",
            "location": [
                4,
                5
            ],
            "direction": "Left"
        },
        {
            "type": "Deploy",
            "name": "炎熔就行",
            "direction": "Down",
            "location": [
                5,
                5
            ]
        },
        {
            "type": "Deploy",
            "name": "安赛尔就行",
            "direction": "Left",
            "location": [
                9,
                4
            ]
        },
        {
            "type": "SkillUsage",
            "name": "维什戴尔",
            "skill_usage": 2,
            "skill_times": 1
        },
        {
            "type": "SkillUsage",
            "skill_times": 1,
            "name": "蛇屠箱",
            "skill_usage": 2,
            "kills": 21,
            "pre_delay": 16000
        },
        {
            "type": "SkillUsage",
            "skill_times": 1,
            "name": "安赛尔",
            "skill_usage": 2
        },
        {
            "type": "SkillUsage",
            "skill_times": 1,
            "name": "维什戴尔",
            "skill_usage": 2
        },
        {
            "type": "Deploy",
            "location": [
                7,
                2
            ],
            "direction": "Left",
            "kills": 33,
            "name": "卡达"
        },
        {
            "type": "SkillUsage",
            "skill_times": 1,
            "pre_delay": 10000,
            "name": "维什戴尔",
            "skill_usage": 2
        },
        {
            "type": "SkillDaemon"
        }
    ],
    "doc": {
        "title": "AT-EX-4 - 鸣瓶坂保龄球馆",
        "details": "——————————\n作业更新日期: 2025-08-09T11:01:56Z\n统计更新日期: 2025-08-10\n相对评分：98.00%  相对热度：79.90%\n来源：焕彩gg  ID：64482\n——————————\nB站ID：焕彩GG 主页：https://space.bilibili.com/10123796\n求关注\n"
    },
    "groups": [
        {
            "name": "安赛尔就行",
            "opers": [
                {
                    "name": "闪灵",
                    "skill": 2,
                    "skill_usage": 0
                },
                {
                    "name": "安赛尔",
                    "skill": 1,
                    "skill_usage": 0
                },
                {
                    "name": "纯烬艾雅法拉",
                    "skill": 1,
                    "skill_usage": 0
                },
                {
                    "name": "华法琳",
                    "skill": 1,
                    "skill_usage": 0
                }
            ]
        },
        {
            "name": "炎熔就行",
            "opers": [
                {
                    "name": "艾雅法拉",
                    "skill": 2,
                    "skill_usage": 0
                },
                {
                    "name": "澄闪",
                    "skill": 2,
                    "skill_usage": 0
                },
                {
                    "name": "炎熔",
                    "skill": 1,
                    "skill_usage": 1
                }
            ]
        },
        {
            "name": "蛇屠箱就行",
            "opers": [
                {
                    "name": "黍",
                    "skill": 1,
                    "skill_usage": 0
                },
                {
                    "name": "塞雷娅",
                    "skill": 1,
                    "skill_usage": 0
                },
                {
                    "name": "蛇屠箱",
                    "skill": 2,
                    "skill_usage": 0
                }
            ]
        }
    ],
    "opers": [
        {
            "name": "维什戴尔",
            "requirements": {
                "level": 90,
                "skill_level": 10,
                "module": 1
            },
            "skill": 3
        },
        {
            "name": "桃金娘",
            "skill": 1,
            "skill_usage": 2,
            "skill_times": 2
        },
        {
            "name": "史都华德",
            "skill": 1,
            "skill_usage": 0
        },
        {
            "name": "卡达",
            "skill": 2,
            "skill_usage": 1
        }
    ],
    "difficulty": 3
}