{
    "stage_name": "act44side_ex02",
    "minimum_required": "v4.0.0",
    "doc": {
        "title": "AT-EX-2 - 疾风速滑道",
        "details": "——————————\n作业更新日期: 2025-08-09T14:48:34Z\n统计更新日期: 2025-08-11\n相对评分：99.00%  相对热度：70.40%\n来源：laniakea  ID：64543\n——————————\n原作者：萧然Q json作者：萨拉托加\n作业交流群群号216314927，可蹲作业，有问题进群找我，作业站消息没提醒看不到\n【【墟】AT-EX-1至AT-EX-8突袭 摆完挂机 简单好抄-哔哩哔哩】 https://b23.tv/gConlU8\n添加新能"
    },
    "opers": [
        {
            "name": "伊内丝",
            "skill": 1,
            "requirements": {
                "skill_level": 10
            }
        },
        {
            "name": "艾雅法拉",
            "skill": 2,
            "requirements": {
                "skill_level": 10
            }
        },
        {
            "name": "逻各斯",
            "skill": 1,
            "requirements": {
                "skill_level": 10
            }
        }
    ],
    "groups": [
        {
            "name": "奶盾",
            "opers": [
                {
                    "name": "黍",
                    "skill": 1,
                    "requirements": {
                        "skill_level": 10
                    }
                }
            ]
        },
        {
            "name": "能天使",
            "opers": [
                {
                    "name": "新约能天使",
                    "skill": 1,
                    "skill_usage": 0
                },
                {
                    "name": "能天使",
                    "skill": 3,
                    "requirements": {
                        "skill_level": 10
                    }
                }
            ]
        }
    ],
    "actions": [
        {
            "name": "逻各斯",
            "location": [
                9,
                2
            ],
            "direction": "Left",
            "type": "Deploy"
        },
        {
            "name": "伊内丝",
            "location": [
                8,
                1
            ],
            "direction": "Down",
            "type": "Deploy"
        },
        {
            "name": "艾雅法拉",
            "location": [
                9,
                3
            ],
            "direction": "Up",
            "type": "Deploy"
        },
        {
            "name": "奶盾",
            "location": [
                8,
                2
            ],
            "direction": "Down",
            "type": "Deploy"
        },
        {
            "name": "能天使",
            "location": [
                7,
                2
            ],
            "direction": "Down",
            "type": "Deploy"
        },
        {
            "type": "SpeedUp"
        },
        {
            "type": "SkillDaemon"
        }
    ],
    "version": 3,
    "difficulty": 3
}