{
    "stage_name": "act44side_ex08",
    "minimum_required": "v4.0.0",
    "doc": {
        "title": "AT-EX-8 - 碎裂的梦",
        "details": "——————————\n作业更新日期: 2025-08-10T16:06:18Z\n统计更新日期: 2025-08-11\n相对评分：93.00%  相对热度：79.91%\n来源：星之海.  ID：64639\n——————————\n重要：maa已更新自动选择模组，未解锁作业所需模组的干员将无法识别，没开模组的建议优先开模组！！！\n请确保所用干员练度达到本作业所需练度，否则将会有干员暴毙及漏怪风险！！！\n此作业全员专三且模组一级\n原作者：自在道爷    JSON作者：星之海.\n社区评论不会提醒，作业有问题可以进群找我：994516079\n原视频：【【墟】AT-EX-1至AT-EX-8挂机流，突袭也不愁！语音快乐详解，轻松解放双手 | 明日方舟攻略(含AT-EX-8突袭，AT-EX-6突袭等)】https://www.bilibili.com/video/BV1o5t8zaEMK?vd_source=69f0b796ff8cde9e6cb9e9f9a99f8eec"
    },
    "opers": [
        {
            "name": "煌",
            "skill": 2,
            "requirements": {
                "skill_level": 10,
                "module": 1
            }
        },
        {
            "name": "桃金娘",
            "skill": 1,
            "skill_usage": 1,
            "requirements": {
                "elite": 2,
                "skill_level": 10,
                "module": 1
            }
        },
        {
            "name": "艾雅法拉",
            "skill": 2,
            "requirements": {
                "skill_level": 10,
                "module": 1
            }
        },
        {
            "name": "澄闪",
            "skill": 2,
            "requirements": {
                "skill_level": 10,
                "module": -1
            }
        },
        {
            "name": "刻俄柏",
            "skill": 1,
            "requirements": {
                "skill_level": 10,
                "module": 1
            }
        }
    ],
    "groups": [
        {
            "name": "地刺",
            "opers": [
                {
                    "name": "阿斯卡纶",
                    "skill": 1,
                    "requirements": {
                        "skill_level": 10,
                        "module": 1
                    }
                },
                {
                    "name": "狮蝎",
                    "skill": 1,
                    "requirements": {
                        "skill_level": 10,
                        "module": 1
                    }
                }
            ]
        },
        {
            "name": "单奶",
            "opers": [
                {
                    "name": "纯烬艾雅法拉",
                    "skill": 1,
                    "requirements": {
                        "skill_level": 10,
                        "module": 1
                    }
                },
                {
                    "name": "闪灵",
                    "skill": 2,
                    "requirements": {
                        "skill_level": 10,
                        "module": 2
                    }
                }
            ]
        },
        {
            "name": "蕾缪安/黑键",
            "opers": [
                {
                    "name": "蕾缪安",
                    "skill": 3,
                    "skill_usage": 1,
                    "requirements": {
                        "skill_level": 10
                    }
                },
                {
                    "name": "黑键",
                    "skill": 2,
                    "requirements": {
                        "skill_level": 10,
                        "module": 4
                    }
                }
            ]
        }
    ],
    "actions": [
        {
            "name": "桃金娘",
            "location": [
                5,
                7
            ],
            "direction": "Up",
            "type": "Deploy"
        },
        {
            "type": "SpeedUp"
        },
        {
            "name": "蕾缪安/黑键",
            "location": [
                8,
                5
            ],
            "direction": "Left",
            "type": "Deploy"
        },
        {
            "name": "煌",
            "location": [
                7,
                7
            ],
            "direction": "Left",
            "type": "Deploy"
        },
        {
            "name": "澄闪",
            "location": [
                8,
                6
            ],
            "direction": "Down",
            "type": "Deploy"
        },
        {
            "name": "艾雅法拉",
            "location": [
                9,
                6
            ],
            "direction": "Right",
            "type": "Deploy"
        },
        {
            "name": "单奶",
            "location": [
                8,
                4
            ],
            "direction": "Down",
            "type": "Deploy"
        },
        {
            "type": "Retreat",
            "name": "桃金娘"
        },
        {
            "name": "刻俄柏",
            "location": [
                9,
                5
            ],
            "direction": "Down",
            "type": "Deploy"
        },
        {
            "type": "Retreat",
            "name": "蕾缪安/黑键",
            "kills": 23
        },
        {
            "name": "地刺",
            "location": [
                10,
                6
            ],
            "direction": "Up",
            "type": "Deploy"
        },
        {
            "type": "SkillDaemon"
        }
    ],
    "version": 3,
    "difficulty": 3
}