{
    "minimum_required": "v4.0.0",
    "stage_name": "act44side_ex08",
    "actions": [
        {
            "type": "Deploy",
            "name": "桃金娘",
            "direction": "Up",
            "location": [
                9,
                7
            ]
        },
        {
            "type": "Skill",
            "costs": 0,
            "pre_delay": 4000,
            "name": "天命来袭",
            "location": [
                4,
                1
            ]
        },
        {
            "type": "Deploy",
            "name": "重装",
            "direction": "Down",
            "location": [
                7,
                7
            ]
        },
        {
            "type": "Deploy",
            "name": "塑心",
            "direction": "Left",
            "location": [
                8,
                6
            ]
        },
        {
            "type": "Deploy",
            "direction": "Up",
            "name": "逻各斯",
            "location": [
                9,
                6
            ]
        },
        {
            "type": "Deploy",
            "name": "蕾缪安",
            "direction": "Up",
            "location": [
                2,
                6
            ]
        },
        {
            "type": "Deploy",
            "name": "艾雅法拉",
            "direction": "Up",
            "location": [
                2,
                5
            ]
        },
        {
            "type": "SpeedUp",
            "pre_delay": 1200
        },
        {
            "type": "Retreat",
            "name": "桃金娘",
            "location": [
                9,
                7
            ],
            "direction": "Up",
            "costs": 15
        },
        {
            "type": "Deploy",
            "name": "特种",
            "direction": "Up",
            "location": [
                10,
                5
            ]
        },
        {
            "type": "Skill",
            "costs": 0,
            "pre_delay": 4000,
            "name": "天命来袭",
            "location": [
                6,
                1
            ],
            "kills": 40
        },
        {
            "type": "SkillDaemon"
        }
    ],
    "doc": {
        "title": "AT-EX-8 - 碎裂的梦 一队通关",
        "details": "——————————\n作业更新日期: 2025-08-12T07:20:17Z\n统计更新日期: 2025-08-13\n相对评分：94.95%  相对热度：71.95%\n来源：.02.  ID：64642\n——————————\n一队通关 不节省干员\n\njson作者：02"
    },
    "groups": [
        {
            "name": "重装",
            "opers": [
                {
                    "name": "黍",
                    "skill": 1,
                    "skill_usage": 0
                },
                {
                    "name": "塞雷娅",
                    "skill": 1,
                    "skill_usage": 0
                }
            ]
        },
        {
            "name": "医疗",
            "opers": [
                {
                    "name": "白面鸮",
                    "skill": 2,
                    "skill_usage": 1
                },
                {
                    "name": "夜莺",
                    "skill": 2,
                    "skill_usage": 0
                }
            ]
        },
        {
            "opers": [
                {
                    "name": "阿斯卡纶",
                    "skill": 1,
                    "skill_usage": 0
                },
                {
                    "name": "狮蝎",
                    "skill": 1,
                    "skill_usage": 0
                }
            ],
            "name": "特种"
        }
    ],
    "opers": [
        {
            "name": "桃金娘",
            "skill": 1,
            "skill_usage": 2,
            "skill_times": 4
        },
        {
            "name": "风笛",
            "skill": 2,
            "skill_usage": 0
        },
        {
            "name": "棘刺",
            "skill": 3,
            "skill_usage": 1
        },
        {
            "name": "拉普兰德",
            "skill": 2,
            "skill_usage": 0
        },
        {
            "name": "蕾缪安",
            "skill": 2,
            "skill_usage": 1
        },
        {
            "name": "塑心",
            "skill": 1,
            "skill_usage": 0
        },
        {
            "name": "娜仁图亚",
            "skill": 1,
            "skill_usage": 2,
            "skill_times": 1
        },
        {
            "name": "逻各斯",
            "skill": 1,
            "skill_usage": 0
        },
        {
            "name": "艾雅法拉",
            "skill": 2,
            "skill_usage": 0
        }
    ],
    "difficulty": 3
}