{
    "stage_name": "act44side_ex06",
    "minimum_required": "v4.0.0",
    "doc": {
        "title": "AT-EX-6 - 在你的时代之上",
        "details": "——————————\n作业更新日期: 2025-08-09T18:08:45Z\n统计更新日期: 2025-08-12\n相对评分：85.00%  相对热度：60.23%\n来源：pppie  ID：64591\n——————————\n参考作品B站：罐装幻想【AT-EX-6突袭5人6步摆完挂机】 https://www.bilibili.com/video/BV1jvtbzFEcK/\n练度不够的建议带齐天有四时增加容错"
    },
    "opers": [
        {
            "name": "维什戴尔",
            "skill": 1,
            "requirements": {
                "level": 90,
                "skill_level": 10,
                "module": 1
            }
        },
        {
            "name": "娜仁图亚",
            "skill": 1,
            "skill_usage": 2,
            "requirements": {
                "level": 90,
                "skill_level": 10
            }
        },
        {
            "name": "塞雷娅",
            "skill": 1,
            "requirements": {
                "level": 90,
                "skill_level": 10,
                "module": 2
            }
        },
        {
            "name": "黍",
            "skill": 1,
            "requirements": {
                "level": 90,
                "skill_level": 10,
                "module": 1
            }
        },
        {
            "name": "逻各斯",
            "skill": 1,
            "requirements": {
                "level": 90,
                "skill_level": 10,
                "module": 4
            }
        }
    ],
    "groups": [],
    "actions": [
        {
            "type": "SpeedUp"
        },
        {
            "name": "娜仁图亚",
            "location": [
                4,
                5
            ],
            "direction": "Right",
            "type": "Deploy"
        },
        {
            "name": "维什戴尔",
            "location": [
                7,
                6
            ],
            "direction": "Up",
            "type": "Deploy"
        },
        {
            "name": "逻各斯",
            "location": [
                7,
                5
            ],
            "direction": "Up",
            "type": "Deploy"
        },
        {
            "name": "黍",
            "location": [
                3,
                6
            ],
            "direction": "Up",
            "type": "Deploy"
        },
        {
            "name": "塞雷娅",
            "location": [
                8,
                6
            ],
            "direction": "Up",
            "type": "Deploy"
        },
        {
            "type": "SkillDaemon"
        }
    ],
    "version": 3,
    "difficulty": 3
}