{
    "stage_name": "act44side_ex06",
    "minimum_required": "v4.0.0",
    "doc": {
        "title": "AT-EX-6 - 在你的时代之上",
        "details": "——————————\n作业更新日期: 2025-08-09T14:50:32Z\n统计更新日期: 2025-08-11\n相对评分：98.00%  相对热度：75.42%\n来源：laniakea  ID：64553\n——————————\n原作者：萧然Q json作者：萨拉托加\n作业交流群群号216314927，可蹲作业，有问题进群找我，作业站消息没提醒看不到\n【【墟】AT-EX-1至AT-EX-8突袭 摆完挂机 简单好抄-哔哩哔哩】 https://b23.tv/gConlU8"
    },
    "opers": [
        {
            "name": "逻各斯",
            "skill": 1,
            "requirements": {
                "skill_level": 10,
                "module": -1
            }
        },
        {
            "name": "阿斯卡纶",
            "skill": 1,
            "requirements": {
                "skill_level": 10,
                "module": -1
            }
        },
        {
            "name": "纯烬艾雅法拉",
            "skill": 1,
            "requirements": {
                "skill_level": 10,
                "module": -1
            }
        },
        {
            "name": "乌尔比安",
            "skill": 2,
            "requirements": {
                "skill_level": 10,
                "module": -1
            }
        },
        {
            "name": "歌蕾蒂娅",
            "skill": 1,
            "requirements": {
                "skill_level": 10,
                "module": 1
            }
        }
    ],
    "groups": [
        {
            "name": "奶盾",
            "opers": [
                {
                    "name": "黍",
                    "skill": 1,
                    "requirements": {
                        "skill_level": 10,
                        "module": 1
                    }
                }
            ]
        }
    ],
    "actions": [
        {
            "name": "阿斯卡纶",
            "location": [
                5,
                4
            ],
            "direction": "Left",
            "type": "Deploy"
        },
        {
            "name": "乌尔比安",
            "location": [
                8,
                6
            ],
            "direction": "Up",
            "type": "Deploy"
        },
        {
            "name": "逻各斯",
            "location": [
                4,
                3
            ],
            "direction": "Down",
            "type": "Deploy"
        },
        {
            "name": "奶盾",
            "location": [
                3,
                6
            ],
            "direction": "Up",
            "type": "Deploy"
        },
        {
            "name": "歌蕾蒂娅",
            "location": [
                8,
                7
            ],
            "direction": "Up",
            "type": "Deploy"
        },
        {
            "name": "纯烬艾雅法拉",
            "location": [
                7,
                3
            ],
            "direction": "Left",
            "type": "Deploy"
        },
        {
            "type": "SpeedUp"
        },
        {
            "type": "SkillDaemon"
        }
    ],
    "version": 3,
    "difficulty": 3
}