{
    "stage_name": "act44side_ex03",
    "minimum_required": "v4.0.0",
    "doc": {
        "title": "AT-EX-3 - 浪切浴场",
        "details": "——————————\n作业更新日期: 2025-08-10T00:18:29Z\n统计更新日期: 2025-08-11\n相对评分：98.00%  相对热度：74.47%\n来源：咕咕嘎嘎  ID：64656\n——————————\n作者：激激Fault\n作品链接：https://www.bilibili.com/video/BV1ojt8zcEMN"
    },
    "opers": [
        {
            "name": "阿斯卡纶",
            "skill": 1,
            "requirements": {
                "skill_level": 10,
                "module": 1
            }
        },
        {
            "name": "逻各斯",
            "skill": 1,
            "requirements": {
                "skill_level": 10,
                "module": 4
            }
        },
        {
            "name": "艾雅法拉",
            "skill": 2,
            "requirements": {
                "skill_level": 10,
                "module": 1
            }
        }
    ],
    "groups": [],
    "actions": [
        {
            "type": "SpeedUp"
        },
        {
            "name": "阿斯卡纶",
            "location": [
                8,
                3
            ],
            "direction": "Down",
            "type": "Deploy"
        },
        {
            "name": "逻各斯",
            "location": [
                8,
                1
            ],
            "direction": "Down",
            "type": "Deploy"
        },
        {
            "name": "艾雅法拉",
            "location": [
                8,
                2
            ],
            "direction": "Down",
            "type": "Deploy"
        },
        {
            "type": "SkillDaemon"
        }
    ],
    "version": 3,
    "difficulty": 3
}