{
    "stage_name": "act44side_ex06",
    "minimum_required": "v4.0.0",
    "doc": {
        "title": "AT-EX-6 - 在你的时代之上",
        "details": "——————————\n作业更新日期: 2025-08-12T04:07:09Z\n统计更新日期: 2025-08-13\n相对评分：98.00%  相对热度：70.25%\n来源：萨扌立托加  ID：64948\n——————————\njson作者：萨扌立托加\n作业交流群二群群号216314927，可蹲作业，有问题进群找萨扌立托加，作业站消息一般看不到\n❤️"
    },
    "opers": [
        {
            "name": "煌",
            "skill": 2,
            "skill_usage": 0
        },
        {
            "name": "棘刺",
            "skill": 3,
            "skill_usage": 1,
            "requirements": {
                "module": 1
            }
        },
        {
            "name": "山",
            "skill": 2,
            "skill_usage": 2,
            "skill_times": 1,
            "requirements": {
                "module": -1
            }
        },
        {
            "name": "炎熔",
            "skill": 1,
            "skill_usage": 0
        },
        {
            "name": "新约能天使",
            "skill": 2,
            "skill_usage": 1,
            "requirements": {
                "module": -1
            }
        },
        {
            "name": "德克萨斯",
            "skill": 1,
            "skill_usage": 0,
            "requirements": {
                "module": 2
            }
        },
        {
            "name": "塞雷娅",
            "skill": 1,
            "skill_usage": 0
        },
        {
            "name": "黍",
            "skill": 1,
            "skill_usage": 0
        }
    ],
    "groups": [],
    "actions": [
        {
            "type": "SpeedUp"
        },
        {
            "type": "Skill",
            "name": "天命",
            "location": [
                1,
                2
            ],
            "costs": 18
        },
        {
            "type": "Skill",
            "name": "天命",
            "location": [
                10,
                2
            ]
        },
        {
            "name": "煌",
            "location": [
                5,
                6
            ],
            "direction": "Left",
            "type": "Deploy"
        },
        {
            "name": "棘刺",
            "location": [
                6,
                6
            ],
            "direction": "Right",
            "type": "Deploy"
        },
        {
            "type": "Deploy",
            "name": "黍",
            "direction": "Left",
            "location": [
                4,
                7
            ]
        },
        {
            "name": "德克萨斯",
            "location": [
                7,
                7
            ],
            "direction": "Right",
            "type": "Deploy"
        },
        {
            "name": "山",
            "location": [
                3,
                7
            ],
            "direction": "Up",
            "type": "Deploy"
        },
        {
            "name": "新约能天使",
            "location": [
                7,
                6
            ],
            "direction": "Right",
            "type": "Deploy"
        },
        {
            "type": "Retreat",
            "name": "德克萨斯",
            "location": [
                7,
                7
            ],
            "direction": "Right",
            "pre_delay": 1500,
            "doc": "Ciallo～(∠・ω< )⌒★",
            "doc_color": "SpringGreen"
        },
        {
            "type": "Deploy",
            "name": "塞雷娅",
            "direction": "Right",
            "location": [
                7,
                7
            ]
        },
        {
            "type": "Output",
            "doc": "Ciallo～(∠・ω< )⌒★",
            "doc_color": "SpringGreen"
        },
        {
            "type": "SkillDaemon"
        }
    ],
    "version": 3,
    "difficulty": 3
}