{
    "stage_name": "act44side_ex08",
    "minimum_required": "v4.0.0",
    "doc": {
        "title": "AT-EX-8 - 碎裂的梦",
        "details": "——————————\n作业更新日期: 2025-08-10T01:16:53Z\n统计更新日期: 2025-08-11\n相对评分：95.00%  相对热度：74.30%\n来源：咕咕嘎嘎  ID：64663\n——————————\n作者：激激Fault\n作品链接：https://www.bilibili.com/video/BV143tbz1Emi"
    },
    "opers": [
        {
            "name": "阿斯卡纶",
            "skill": 1,
            "requirements": {
                "skill_level": 10,
                "module": 1
            }
        },
        {
            "name": "浊心斯卡蒂",
            "skill": 2,
            "requirements": {
                "skill_level": 10
            }
        },
        {
            "name": "塑心",
            "skill": 1,
            "requirements": {
                "skill_level": 10,
                "module": 1
            }
        },
        {
            "name": "逻各斯",
            "skill": 1,
            "requirements": {
                "skill_level": 10,
                "module": 4
            }
        },
        {
            "name": "蕾缪安",
            "skill": 1,
            "requirements": {
                "skill_level": 10
            }
        },
        {
            "name": "仇白",
            "skill": 1,
            "requirements": {
                "skill_level": 10,
                "module": -1
            }
        }
    ],
    "groups": [],
    "actions": [
        {
            "type": "SpeedUp"
        },
        {
            "name": "阿斯卡纶",
            "location": [
                7,
                7
            ],
            "direction": "Left",
            "type": "Deploy"
        },
        {
            "name": "浊心斯卡蒂",
            "location": [
                8,
                6
            ],
            "direction": "Left",
            "type": "Deploy"
        },
        {
            "name": "蕾缪安",
            "location": [
                8,
                5
            ],
            "direction": "Down",
            "type": "Deploy"
        },
        {
            "name": "塑心",
            "location": [
                9,
                6
            ],
            "direction": "Left",
            "type": "Deploy"
        },
        {
            "name": "逻各斯",
            "location": [
                8,
                4
            ],
            "direction": "Down",
            "type": "Deploy"
        },
        {
            "name": "仇白",
            "location": [
                9,
                7
            ],
            "direction": "Left",
            "type": "Deploy"
        },
        {
            "type": "SkillDaemon"
        }
    ],
    "version": 3,
    "difficulty": 3
}