{
    "minimum_required": "v4.0.0",
    "stage_name": "act44side_ex02",
    "actions": [
        {
            "type": "SpeedUp"
        },
        {
            "type": "Deploy",
            "name": "棘刺",
            "direction": "Up",
            "location": [
                8,
                6
            ]
        },
        {
            "type": "Deploy",
            "name": "德克萨斯",
            "direction": "Down",
            "location": [
                8,
                2
            ]
        },
        {
            "type": "Deploy",
            "location": [
                9,
                4
            ],
            "direction": "Left",
            "name": "逻各斯"
        },
        {
            "type": "Deploy",
            "name": "艾雅法拉",
            "direction": "Left",
            "location": [
                9,
                5
            ]
        },
        {
            "type": "Output"
        },
        {
            "type": "SkillDaemon"
        }
    ],
    "doc": {
        "title": "AT-EX-2 - 疾风速滑道",
        "details": "——————————\n作业更新日期: 2025-08-12T02:24:58Z\n统计更新日期: 2025-08-13\n相对评分：98.00%  相对热度：66.74%\n来源：萨扌立托加  ID：64936\n——————————\njson作者：萨扌立托加\n作业交流群二群群号216314927，可蹲作业，有问题进群找萨扌立托加，作业站消息一般看不到\n❤️"
    },
    "groups": [],
    "opers": [
        {
            "name": "棘刺",
            "skill": 3,
            "skill_usage": 1
        },
        {
            "name": "逻各斯",
            "skill": 1,
            "skill_usage": 0
        },
        {
            "name": "艾雅法拉",
            "skill": 2,
            "skill_usage": 0
        },
        {
            "name": "德克萨斯",
            "skill": 1,
            "skill_usage": 0
        }
    ],
    "difficulty": 3
}