{
    "minimum_required": "v4.0.0",
    "stage_name": "act44side_ex02",
    "actions": [
        {
            "type": "SpeedUp"
        },
        {
            "type": "Deploy",
            "name": "维什戴尔",
            "direction": "Left",
            "location": [
                9,
                4
            ]
        },
        {
            "type": "Deploy",
            "name": "玛恩纳",
            "location": [
                8,
                3
            ],
            "direction": "Left"
        },
        {
            "type": "Skill",
            "name": "维什戴尔",
            "location": [
                9,
                4
            ]
        },
        {
            "type": "Skill",
            "pre_delay": 1500,
            "name": "维什戴尔",
            "location": [
                9,
                4
            ]
        },
        {
            "type": "Deploy",
            "name": "古米",
            "direction": "Left",
            "location": [
                9,
                1
            ]
        },
        {
            "type": "Skill",
            "name": "玛恩纳",
            "location": [
                8,
                3
            ],
            "pre_delay": 5000
        },
        {
            "type": "Skill",
            "pre_delay": 14000,
            "name": "维什戴尔",
            "location": [
                9,
                4
            ]
        },
        {
            "type": "SkillUsage",
            "name": "玛恩纳",
            "skill_usage": 2,
            "skill_times": 1,
            "pre_delay": 5000
        },
        {
            "type": "SkillUsage",
            "skill_times": 1,
            "name": "维什戴尔",
            "skill_usage": 2,
            "kills": 21
        },
        {
            "type": "SkillDaemon"
        }
    ],
    "doc": {
        "title": "AT-EX-2 - 疾风速滑道",
        "details": "——————————\n作业更新日期: 2025-08-09T09:36:43Z\n统计更新日期: 2025-08-10\n相对评分：96.00%  相对热度：78.11%\n来源：焕彩gg  ID：64458\n——————————\nB站ID：焕彩GG 主页：https://space.bilibili.com/10123796\n求关注"
    },
    "groups": [],
    "opers": [
        {
            "name": "玛恩纳",
            "skill": 3,
            "skill_usage": 0
        },
        {
            "name": "维什戴尔",
            "requirements": {
                "level": 90,
                "skill_level": 10,
                "module": 1
            },
            "skill": 3
        },
        {
            "name": "古米",
            "skill": 1,
            "skill_usage": 0
        }
    ],
    "difficulty": 3
}