{
    "stage_name": "act44side_ex02",
    "minimum_required": "v4.0.0",
    "doc": {
        "title": "AT-EX-2 - 疾风速滑道",
        "details": "——————————\n作业更新日期: 2025-08-10T00:21:10Z\n统计更新日期: 2025-08-11\n相对评分：98.00%  相对热度：73.43%\n来源：咕咕嘎嘎  ID：64651\n——————————\n作者：激激Fault\n作品链接：https://www.bilibili.com/video/BV1Ndtbz1ER8"
    },
    "opers": [
        {
            "name": "拉普兰德",
            "skill": 2,
            "requirements": {
                "skill_level": 7
            }
        },
        {
            "name": "娜仁图亚",
            "skill": 1,
            "requirements": {
                "skill_level": 10
            }
        },
        {
            "name": "逻各斯",
            "skill": 1,
            "requirements": {
                "skill_level": 10,
                "module": 4
            }
        }
    ],
    "groups": [],
    "actions": [
        {
            "type": "SpeedUp"
        },
        {
            "name": "逻各斯",
            "location": [
                9,
                2
            ],
            "direction": "Left",
            "type": "Deploy"
        },
        {
            "name": "娜仁图亚",
            "location": [
                7,
                2
            ],
            "direction": "Right",
            "type": "Deploy"
        },
        {
            "type": "Skill",
            "name": "娜仁图亚",
            "cost_changes": 5
        },
        {
            "name": "拉普兰德",
            "location": [
                8,
                1
            ],
            "direction": "Down",
            "type": "Deploy"
        },
        {
            "type": "SkillDaemon"
        }
    ],
    "version": 3,
    "difficulty": 3
}