{
    "stage_name": "act44side_ex08",
    "minimum_required": "v4.0.0",
    "doc": {
        "title": "AT-EX-8 - 碎裂的梦",
        "details": "——————————\n作业更新日期: 2025-08-09T18:06:16Z\n统计更新日期: 2025-08-11\n相对评分：97.00%  相对热度：79.91%\n来源：isokaze  ID：64615\n——————————\n无酒神\nhttps://www.bilibili.com/video/BV1oUttzhEiY/"
    },
    "opers": [
        {
            "name": "乌尔比安",
            "skill": 2,
            "skill_usage": 0
        },
        {
            "name": "黍",
            "skill": 3,
            "skill_usage": 0
        },
        {
            "name": "逻各斯",
            "skill": 1,
            "skill_usage": 0
        },
        {
            "name": "史尔特尔",
            "skill": 3,
            "skill_usage": 2,
            "skill_times": 1
        },
        {
            "name": "歌蕾蒂娅",
            "skill": 1,
            "skill_usage": 0
        }
    ],
    "groups": [],
    "actions": [
        {
            "type": "SpeedUp"
        },
        {
            "name": "乌尔比安",
            "location": [
                7,
                7
            ],
            "direction": "Left",
            "type": "Deploy"
        },
        {
            "name": "逻各斯",
            "location": [
                9,
                5
            ],
            "direction": "Up",
            "type": "Deploy"
        },
        {
            "name": "黍",
            "location": [
                10,
                7
            ],
            "direction": "Up",
            "type": "Deploy"
        },
        {
            "name": "歌蕾蒂娅",
            "location": [
                10,
                5
            ],
            "direction": "Up",
            "type": "Deploy"
        },
        {
            "type": "Skill",
            "name": "黍",
            "location": [
                10,
                7
            ],
            "pre_delay": 1000
        },
        {
            "name": "史尔特尔",
            "location": [
                5,
                7
            ],
            "direction": "Up",
            "type": "Deploy"
        },
        {
            "type": "Skill",
            "name": "黍",
            "location": [
                10,
                7
            ],
            "kills": 29,
            "pre_delay": 4200
        },
        {
            "type": "SkillDaemon"
        }
    ],
    "difficulty": 3
}