{
    "stage_name": "act44side_sp01",
    "minimum_required": "v4.0.0",
    "doc": {
        "title": "AT-P-1 - 起点",
        "details": "——————————\n作业更新日期: 2025-08-02T17:06:13Z\n统计更新日期: 2025-08-04\n相对评分：99.00%  相对热度：77.93%\n来源：星之海.  ID：63879\n——————————\n重要：maa已更新自动选择模组，未解锁作业所需模组的干员将无法识别，没开模组的建议优先开模组！！！\n请确保所用干员练度达到本作业所需练度，否则将会有干员暴毙及漏怪风险！！！\n此作业全员专三且模组一级\n原作者：自在道爷    JSON作者：星之海.\n社区评论不会提醒，作业有问题可以进群找我：994516079\n原视频：【【墟】AT-1至AT-8挂机流，刻章也不愁！语音快乐详解，轻松解放双手 | 明日方舟攻略(分p更新中)】https://www.bilibili.com/video/BV1DthNztEP6?vd_source=69f0b796ff8cde9e6cb9e9f9a99f8eec"
    },
    "opers": [],
    "groups": [],
    "actions": [
        {
            "type": "SpeedUp"
        },
        {
            "type": "SkillDaemon"
        }
    ],
    "version": 3
}