{
    "minimum_required": "v4.0.0",
    "stage_name": "act44side_s02",
    "actions": [
        {
            "type": "Deploy",
            "name": "桃金娘",
            "direction": "Up",
            "location": [
                5,
                6
            ]
        },
        {
            "type": "SpeedUp"
        },
        {
            "type": "Deploy",
            "name": "维什戴尔",
            "location": [
                3,
                6
            ],
            "direction": "Up"
        },
        {
            "type": "Deploy",
            "name": "蛇屠箱",
            "direction": "Up",
            "location": [
                3,
                5
            ]
        },
        {
            "type": "Skill",
            "location": [
                2,
                1
            ]
        },
        {
            "type": "Deploy",
            "location": [
                4,
                6
            ],
            "name": "安赛尔",
            "direction": "Up"
        },
        {
            "type": "Deploy",
            "name": "玛恩纳",
            "direction": "Left",
            "location": [
                9,
                3
            ]
        },
        {
            "type": "Skill",
            "pre_delay": 9000,
            "name": "蛇屠箱",
            "location": [
                3,
                5
            ]
        },
        {
            "type": "Skill",
            "pre_delay": 6500,
            "name": "桃金娘",
            "location": [
                5,
                6
            ]
        },
        {
            "type": "Skill",
            "pre_delay": 1500,
            "name": "维什戴尔",
            "location": [
                3,
                6
            ]
        },
        {
            "type": "Retreat",
            "name": "桃金娘",
            "location": [
                5,
                6
            ]
        },
        {
            "type": "Skill",
            "pre_delay": 7000,
            "name": "玛恩纳",
            "location": [
                9,
                3
            ]
        },
        {
            "type": "Deploy",
            "direction": "Left",
            "pre_delay": 2000,
            "name": "古米",
            "location": [
                8,
                4
            ]
        },
        {
            "type": "Deploy",
            "name": "史尔特尔",
            "direction": "Right",
            "location": [
                1,
                3
            ]
        },
        {
            "type": "Skill",
            "pre_delay": 36000,
            "name": "蛇屠箱",
            "location": [
                3,
                5
            ]
        },
        {
            "type": "Deploy",
            "direction": "Left",
            "name": "斑点",
            "location": [
                9,
                4
            ]
        },
        {
            "type": "Skill",
            "pre_delay": 5000,
            "name": "维什戴尔",
            "location": [
                3,
                6
            ]
        },
        {
            "type": "Retreat",
            "name": "安赛尔",
            "location": [
                4,
                6
            ],
            "pre_delay": 200
        },
        {
            "type": "Deploy",
            "name": "米格鲁",
            "location": [
                9,
                2
            ],
            "direction": "Left"
        },
        {
            "type": "Skill",
            "name": "玛恩纳",
            "location": [
                9,
                3
            ],
            "pre_delay": 5000
        },
        {
            "type": "SkillDaemon"
        }
    ],
    "doc": {
        "title": "AT-S-2 - 祓雨",
        "details": "——————————\n作业更新日期: 2025-08-17T08:22:01Z\n统计更新日期: 2025-08-22\n相对评分：98.00%  相对热度：72.75%\n来源：焕彩gg  ID：65486\n——————————\nB站ID：焕彩GG 主页：https://space.bilibili.com/10123796\n求关注"
    },
    "groups": [],
    "opers": [
        {
            "name": "玛恩纳",
            "skill": 3,
            "skill_usage": 0
        },
        {
            "name": "维什戴尔",
            "requirements": {
                "level": 90,
                "skill_level": 10,
                "module": 1
            },
            "skill": 3
        },
        {
            "name": "桃金娘",
            "skill": 1,
            "skill_usage": 2,
            "skill_times": 2
        },
        {
            "name": "蛇屠箱",
            "skill": 2,
            "skill_usage": 0
        },
        {
            "name": "古米",
            "skill": 1,
            "skill_usage": 0
        },
        {
            "name": "斑点",
            "skill": 1,
            "skill_usage": 0
        },
        {
            "name": "米格鲁",
            "skill": 1,
            "skill_usage": 0
        },
        {
            "name": "安赛尔",
            "skill": 1,
            "skill_usage": 0
        },
        {
            "name": "史尔特尔",
            "skill": 3,
            "skill_usage": 1
        },
        {
            "name": "德克萨斯",
            "skill": 1,
            "skill_usage": 0
        }
    ],
    "difficulty": 3
}