{
    "stage_name": "act44side_s02",
    "minimum_required": "v4.0.0",
    "doc": {
        "title": "AT-S-2 - 祓雨 自用",
        "details": "——————————\n作业更新日期: 2025-08-16T09:38:53Z\n统计更新日期: 2025-08-22\n相对评分：85.00%  相对热度：55.15%\n来源：Xiesta  ID：65371\n——————————\nAT-S-2 - 祓雨 自用"
    },
    "opers": [
        {
            "name": "伊内丝",
            "skill": 1,
            "requirements": {
                "skill_level": 10
            }
        },
        {
            "name": "娜仁图亚",
            "skill": 1,
            "skill_usage": 2,
            "requirements": {
                "skill_level": 10
            }
        },
        {
            "name": "逻各斯",
            "skill": 1,
            "skill_usage": 0,
            "requirements": {
                "skill_level": 10
            }
        }
    ],
    "groups": [
        {
            "name": "奶盾",
            "opers": [
                {
                    "name": "塞雷娅",
                    "skill": 1,
                    "requirements": {
                        "skill_level": 10
                    }
                },
                {
                    "name": "黍",
                    "skill": 1,
                    "requirements": {
                        "skill_level": 10
                    }
                }
            ]
        },
        {
            "name": "奶",
            "opers": [
                {
                    "name": "遥",
                    "skill": 2,
                    "skill_usage": 1,
                    "requirements": {
                        "skill_level": 10
                    }
                },
                {
                    "name": "纯烬艾雅法拉",
                    "skill": 1,
                    "skill_usage": 0,
                    "requirements": {
                        "skill_level": 10
                    }
                }
            ]
        }
    ],
    "actions": [
        {
            "name": "娜仁图亚",
            "location": [
                7,
                4
            ],
            "direction": "Right",
            "type": "Deploy"
        },
        {
            "type": "SpeedUp"
        },
        {
            "name": "逻各斯",
            "location": [
                8,
                6
            ],
            "direction": "Up",
            "type": "Deploy"
        },
        {
            "name": "奶盾",
            "location": [
                7,
                5
            ],
            "direction": "Down",
            "type": "Deploy"
        },
        {
            "name": "伊内丝",
            "location": [
                8,
                4
            ],
            "direction": "Right",
            "type": "Deploy"
        },
        {
            "name": "奶",
            "location": [
                9,
                6
            ],
            "direction": "Up",
            "type": "Deploy"
        },
        {
            "type": "SkillDaemon"
        }
    ],
    "version": 3,
    "difficulty": 3
}