{
    "stage_name": "act44side_s01",
    "minimum_required": "v4.0.0",
    "doc": {
        "title": "AT-S-1 - 神签 三人",
        "details": "——————————\n作业更新日期: 2025-08-17T11:15:14Z\n统计更新日期: 2025-08-18\n相对评分：91.92%  相对热度：78.39%\n来源：pppie  ID：65363\n——————————\n参考作品B站：-托卡列夫-【AT-S-1突袭 3人摆完挂机 简单好抄】 https://www.bilibili.com/video/BV1jpYYzpEa3/\n建议多带个德狗，歌蒂26033x模组"
    },
    "opers": [
        {
            "name": "乌尔比安",
            "skill": 2,
            "skill_usage": 0,
            "requirements": {
                "level": 90,
                "module": 1
            }
        },
        {
            "name": "歌蕾蒂娅",
            "skill": 1,
            "skill_usage": 0,
            "requirements": {
                "level": 90,
                "module": 1
            }
        },
        {
            "name": "维什戴尔",
            "skill": 1,
            "skill_usage": 0,
            "requirements": {
                "level": 90,
                "module": 1
            }
        }
    ],
    "groups": [],
    "actions": [
        {
            "name": "障碍物",
            "location": [
                4,
                2
            ],
            "direction": "None",
            "type": "Deploy"
        },
        {
            "type": "SpeedUp"
        },
        {
            "type": "Skill",
            "location": [
                1,
                1
            ]
        },
        {
            "name": "歌蕾蒂娅",
            "location": [
                6,
                7
            ],
            "direction": "Left",
            "type": "Deploy"
        },
        {
            "name": "障碍物",
            "location": [
                8,
                7
            ],
            "direction": "None",
            "type": "Deploy"
        },
        {
            "name": "乌尔比安",
            "location": [
                5,
                7
            ],
            "direction": "Up",
            "type": "Deploy"
        },
        {
            "name": "维什戴尔",
            "location": [
                7,
                6
            ],
            "direction": "Left",
            "type": "Deploy"
        },
        {
            "type": "SkillDaemon"
        }
    ],
    "version": 3,
    "difficulty": 3
}