{
    "stage_name": "act44side_s03",
    "minimum_required": "v4.0.0",
    "doc": {
        "title": "AT-S-3 - 逢魔",
        "details": "——————————\n作业更新日期: 2025-08-17T03:31:14Z\n统计更新日期: 2025-08-22\n相对评分：97.00%  相对热度：70.93%\n来源：星之海.  ID：65461\n——————————\n重要：maa已更新自动选择模组，未解锁作业所需模组的干员将无法识别，没开模组的建议优先开模组！！！\n请确保所用干员练度达到本作业所需练度，否则将会有干员暴毙及漏怪风险！！！\n此作业全员专三且模组一级\n原作者：自在道爷    JSON作者：星之海.\n社区评论不会提醒，作业有问题可以进群找我：994516079\n原视频：【【墟】AT-S-1至AT-S-4挂机流，突袭也不愁！语音快乐详解，轻松解放双手 | 明日方舟攻略(含AT-S-4突袭等)】https://www.bilibili.com/video/BV1m1Yvz5Eg8?vd_source=69f0b796ff8cde9e6cb9e9f9a99f8eec"
    },
    "opers": [
        {
            "name": "桃金娘",
            "skill": 1,
            "skill_usage": 1,
            "requirements": {
                "elite": 2,
                "skill_level": 10,
                "module": 1
            }
        },
        {
            "name": "伊芙利特",
            "skill": 2,
            "requirements": {
                "skill_level": 10,
                "module": 1
            }
        },
        {
            "name": "澄闪",
            "skill": 2,
            "requirements": {
                "skill_level": 10,
                "module": 1
            }
        },
        {
            "name": "艾雅法拉",
            "skill": 2,
            "requirements": {
                "skill_level": 10,
                "module": 1
            }
        },
        {
            "name": "白面鸮",
            "skill": 2,
            "requirements": {
                "elite": 2,
                "skill_level": 10,
                "module": 1
            }
        },
        {
            "name": "铃兰",
            "skill": 2,
            "requirements": {
                "skill_level": 10,
                "module": 1
            }
        },
        {
            "name": "阿斯卡纶",
            "skill": 1,
            "requirements": {
                "skill_level": 10,
                "module": 1
            }
        }
    ],
    "groups": [],
    "actions": [
        {
            "name": "桃金娘",
            "location": [
                1,
                4
            ],
            "direction": "Right",
            "type": "Deploy"
        },
        {
            "type": "SpeedUp"
        },
        {
            "type": "Skill",
            "location": [
                10,
                3
            ]
        },
        {
            "name": "澄闪",
            "location": [
                3,
                6
            ],
            "direction": "Right",
            "type": "Deploy"
        },
        {
            "name": "白面鸮",
            "location": [
                1,
                5
            ],
            "direction": "Right",
            "type": "Deploy"
        },
        {
            "name": "艾雅法拉",
            "location": [
                2,
                5
            ],
            "direction": "Right",
            "type": "Deploy"
        },
        {
            "name": "阿斯卡纶",
            "location": [
                4,
                5
            ],
            "direction": "Down",
            "type": "Deploy",
            "costs": 36
        },
        {
            "type": "Skill",
            "name": "白面鸮"
        },
        {
            "name": "铃兰",
            "location": [
                3,
                5
            ],
            "direction": "Right",
            "type": "Deploy"
        },
        {
            "type": "Retreat",
            "name": "桃金娘"
        },
        {
            "name": "伊芙利特",
            "location": [
                10,
                4
            ],
            "direction": "Left",
            "type": "Deploy",
            "kills": 5
        },
        {
            "type": "SkillDaemon"
        }
    ],
    "version": 3,
    "difficulty": 3
}