{
    "stage_name": "act44side_s03",
    "minimum_required": "v4.0.0",
    "doc": {
        "title": "AT-S-3 - 逢魔",
        "details": "——————————\n作业更新日期: 2025-08-16T14:08:25Z\n统计更新日期: 2025-08-17\n相对评分：97.00%  相对热度：94.68%\n来源：pppie  ID：65378\n——————————\n参考作品B站：-托卡列夫-【AT-S-3突袭 5人摆完挂机 简单好抄】 https://www.bilibili.com/video/BV1v3Yiz4En5/\n注意：切勿携带作业以外部署费用高于等于维什戴尔的干员！！！"
    },
    "opers": [
        {
            "name": "维什戴尔",
            "skill": 3,
            "skill_usage": 0,
            "requirements": {
                "module": 1
            }
        },
        {
            "name": "荒芜拉普兰德",
            "skill": 1,
            "skill_usage": 2,
            "skill_times": 1,
            "requirements": {
                "skill_level": 10,
                "module": 1
            }
        },
        {
            "name": "伊内丝",
            "skill": 2,
            "skill_usage": 1
        },
        {
            "name": "棘刺",
            "skill": 3,
            "skill_usage": 2,
            "skill_times": 2
        }
    ],
    "groups": [
        {
            "name": "法C",
            "opers": [
                {
                    "name": "逻各斯",
                    "skill": 1,
                    "skill_usage": 0,
                    "requirements": {
                        "module": 4
                    }
                },
                {
                    "name": "澄闪",
                    "skill": 2,
                    "skill_usage": 0,
                    "requirements": {
                        "module": 1
                    }
                },
                {
                    "name": "艾雅法拉",
                    "skill": 2,
                    "skill_usage": 0,
                    "requirements": {
                        "module": 1
                    }
                }
            ]
        }
    ],
    "actions": [
        {
            "name": "伊内丝",
            "location": [
                4,
                7
            ],
            "direction": "Up",
            "type": "Deploy"
        },
        {
            "type": "Skill",
            "location": [
                9,
                4
            ],
            "costs": 6
        },
        {
            "type": "SpeedUp"
        },
        {
            "type": "Skill",
            "location": [
                10,
                3
            ]
        },
        {
            "name": "棘刺",
            "location": [
                5,
                7
            ],
            "direction": "Up",
            "type": "Deploy"
        },
        {
            "name": "荒芜拉普兰德",
            "location": [
                2,
                5
            ],
            "direction": "Right",
            "type": "Deploy"
        },
        {
            "name": "维什戴尔",
            "location": [
                10,
                5
            ],
            "direction": "Left",
            "type": "Deploy",
            "post_delay": 200
        },
        {
            "type": "SpeedUp",
            "post_delay": 200
        },
        {
            "type": "Skill",
            "name": "维什戴尔",
            "location": [
                10,
                5
            ]
        },
        {
            "type": "SpeedUp"
        },
        {
            "name": "法C",
            "location": [
                3,
                6
            ],
            "direction": "Right",
            "type": "Deploy"
        },
        {
            "type": "Skill",
            "location": [
                9,
                4
            ],
            "cooling": 1,
            "pre_delay": 200
        },
        {
            "name": "维什戴尔",
            "location": [
                10,
                4
            ],
            "direction": "Left",
            "type": "Deploy"
        },
        {
            "name": "维什戴尔",
            "skill_usage": 1,
            "type": "SkillUsage"
        },
        {
            "type": "SkillDaemon"
        }
    ],
    "version": 3,
    "difficulty": 3
}