{
    "stage_name": "act44side_s03",
    "minimum_required": "v4.0.0",
    "doc": {
        "title": "AT-S-3 - 逢魔 维逻双人",
        "details": "——————————\n作业更新日期: 2025-08-18T12:00:52Z\n统计更新日期: 2025-08-22\n相对评分：95.00%  相对热度：82.38%\n来源：pppie  ID：65395\n——————————\n参考作品B站：半禺心【AT-S-3突袭 维逻循环双人】 https://www.bilibili.com/video/BV1nJYvzAEjx/\n注意：切勿携带作业以外部署费用高于等于逻各斯的干员！！！"
    },
    "opers": [
        {
            "name": "逻各斯",
            "skill": 3,
            "skill_usage": 0
        },
        {
            "name": "维什戴尔",
            "skill": 3,
            "skill_usage": 0
        }
    ],
    "groups": [],
    "actions": [
        {
            "type": "SpeedUp"
        },
        {
            "type": "Skill",
            "location": [
                10,
                3
            ],
            "costs": 22
        },
        {
            "type": "Skill",
            "location": [
                9,
                4
            ],
            "costs": 0,
            "pre_delay": 200
        },
        {
            "name": "维什戴尔",
            "location": [
                2,
                5
            ],
            "direction": "Right",
            "type": "Deploy"
        },
        {
            "name": "逻各斯",
            "location": [
                10,
                5
            ],
            "direction": "Left",
            "type": "Deploy"
        },
        {
            "type": "Skill",
            "name": "逻各斯",
            "pre_delay": 200
        },
        {
            "type": "Skill",
            "name": "维什戴尔",
            "cooling": 1
        },
        {
            "type": "Retreat",
            "location": [
                3,
                5
            ],
            "cooling": 0,
            "pre_delay": 200
        },
        {
            "name": "逻各斯",
            "location": [
                3,
                5
            ],
            "direction": "Right",
            "type": "Deploy"
        },
        {
            "name": "逻各斯",
            "skill_usage": 1,
            "type": "SkillUsage",
            "costs": 40,
            "pre_delay": 200
        },
        {
            "name": "维什戴尔",
            "skill_usage": 1,
            "type": "SkillUsage"
        },
        {
            "type": "Skill",
            "name": "维什戴尔",
            "kills": 27
        },
        {
            "type": "Skill",
            "location": [
                10,
                3
            ]
        },
        {
            "type": "SkillDaemon"
        }
    ],
    "difficulty": 3
}