{
    "minimum_required": "v4.0.0",
    "stage_name": "camp_r_18",
    "actions": [
        {
            "type": "SpeedUp",
            "kills": 0
        },
        {
            "type": "Deploy",
            "name": "桃金娘",
            "location": [
                7,
                4
            ],
            "direction": "Right",
            "kills": 0
        },
        {
            "type": "Deploy",
            "name": "德克萨斯",
            "location": [
                6,
                3
            ],
            "direction": "Right",
            "kills": 0
        },
        {
            "type": "Deploy",
            "name": "塞雷娅",
            "location": [
                5,
                5
            ],
            "direction": "Right",
            "kills": 0
        },
        {
            "type": "Deploy",
            "name": "棘刺",
            "location": [
                6,
                4
            ],
            "direction": "Right",
            "costs": 20
        },
        {
            "type": "Deploy",
            "name": "夜莺",
            "location": [
                4,
                4
            ],
            "direction": "Right",
            "kills": 6
        },
        {
            "type": "Deploy",
            "name": "银灰",
            "location": [
                5,
                3
            ],
            "direction": "Right",
            "kills": 7
        },
        {
            "type": "Deploy",
            "name": "闪灵",
            "location": [
                3,
                4
            ],
            "direction": "Right",
            "kills": 7,
            "costs": 22
        },
        {
            "type": "Deploy",
            "kills": 10,
            "name": "煌",
            "location": [
                6,
                5
            ],
            "direction": "Up"
        },
        {
            "type": "Deploy",
            "name": "伊芙利特",
            "location": [
                3,
                3
            ],
            "direction": "Right",
            "kills": 15,
            "costs": 34
        },
        {
            "type": "Retreat",
            "name": "桃金娘",
            "location": [
                7,
                4
            ],
            "kills": 21
        },
        {
            "type": "Deploy",
            "name": "艾雅法拉",
            "location": [
                5,
                4
            ],
            "kills": 21,
            "costs": 21,
            "direction": "Right"
        },
        {
            "type": "Deploy",
            "name": "Lancet-2",
            "location": [
                1,
                7
            ],
            "direction": "Up",
            "kills": 22,
            "costs": 5
        },
        {
            "type": "SkillDaemon",
            "kills": 23
        }
    ],
    "doc": {
        "title": "萨尔贡 - “特制小水坑” - “特制小水坑”",
        "details": "统计日期：2024-05-24\n好评率：95.35%  浏览量：2175\n来源：Lelouch  ID：27639\n萧然Q\nBV1e94y1s7gD\n模组信息可以查看视频开头"
    },
    "groups": [],
    "opers": [
        {
            "name": "德克萨斯",
            "skill": 1,
            "skill_usage": 0
        },
        {
            "name": "煌",
            "skill": 2,
            "skill_usage": 0
        },
        {
            "name": "棘刺",
            "skill": 3,
            "skill_usage": 1
        },
        {
            "name": "银灰",
            "skill": 1,
            "skill_usage": 0
        },
        {
            "name": "塞雷娅",
            "skill": 2,
            "skill_usage": 0
        },
        {
            "name": "艾雅法拉",
            "skill": 2,
            "skill_usage": 0
        },
        {
            "name": "伊芙利特",
            "skill": 2,
            "skill_usage": 0
        },
        {
            "name": "夜莺",
            "skill": 2,
            "skill_usage": 0
        },
        {
            "name": "闪灵",
            "skill": 2,
            "skill_usage": 0
        },
        {
            "name": "Lancet-2",
            "skill": 1,
            "skill_usage": 0
        },
        {
            "name": "桃金娘",
            "skill": 1,
            "skill_usage": 1
        }
    ]
}