{
    "minimum_required": "v4.0.0",
    "stage_name": "camp_r_20",
    "actions": [
        {
            "type": "Deploy",
            "name": "德克萨斯",
            "location": [
                5,
                4
            ],
            "direction": "Right"
        },
        {
            "type": "Deploy",
            "name": "拉普兰德",
            "location": [
                7,
                6
            ],
            "direction": "Right"
        },
        {
            "type": "SpeedUp"
        },
        {
            "type": "Deploy",
            "name": "阿米娅",
            "location": [
                7,
                7
            ],
            "direction": "Right"
        },
        {
            "type": "Deploy",
            "name": "艾雅法拉",
            "location": [
                8,
                4
            ],
            "direction": "Right"
        },
        {
            "type": "Deploy",
            "name": "能天使",
            "location": [
                8,
                3
            ],
            "direction": "Right",
            "costs": 45
        },
        {
            "type": "Deploy",
            "name": "拉人特种",
            "location": [
                1,
                4
            ],
            "direction": "Down"
        },
        {
            "type": "Deploy",
            "name": "安洁莉娜",
            "location": [
                2,
                5
            ],
            "direction": "Down"
        },
        {
            "type": "Deploy",
            "name": "塞雷娅",
            "location": [
                1,
                3
            ],
            "direction": "Up"
        },
        {
            "type": "Deploy",
            "name": "伊芙利特",
            "location": [
                6,
                6
            ],
            "direction": "Right"
        },
        {
            "type": "Deploy",
            "name": "星熊",
            "location": [
                9,
                6
            ],
            "direction": "Right"
        },
        {
            "type": "Retreat",
            "name": "德克萨斯",
            "location": [
                5,
                4
            ],
            "costs": 40
        },
        {
            "type": "Deploy",
            "name": "医疗",
            "location": [
                6,
                7
            ],
            "direction": "Right"
        },
        {
            "type": "SkillDaemon"
        }
    ],
    "doc": {
        "title": "炎国 - 千嶂边城 - 新剿灭 - 开服干员",
        "details": "统计日期：2024-05-24\n好评率：80.0%  浏览量：1939\n来源：胖头🐟  ID：31606\n公孙长乐 - 最适合老玩家体质的【千嶂边城剿灭】开服干员摆完挂机\nhttps://www.bilibili.com/video/BV1TG411B7VD/?spm_id_from=333.1007.tianma.1-2-2.click&vd_source=10857a8c905c104ca2eab27415c72ffc\n拉人特种等级要7级\n平均练度：精二60级专3"
    },
    "groups": [
        {
            "name": "拉人特种",
            "opers": [
                {
                    "name": "崖心",
                    "skill": 1,
                    "skill_usage": 0
                },
                {
                    "name": "歌蕾蒂娅",
                    "skill": 1,
                    "skill_usage": 0
                }
            ]
        },
        {
            "name": "医疗",
            "opers": [
                {
                    "name": "闪灵",
                    "skill": 2,
                    "skill_usage": 0
                },
                {
                    "name": "纯烬艾雅法拉",
                    "skill": 1,
                    "skill_usage": 0
                },
                {
                    "name": "流明",
                    "skill": 3,
                    "skill_usage": 1
                }
            ]
        }
    ],
    "opers": [
        {
            "name": "塞雷娅",
            "skill": 1,
            "skill_usage": 0
        },
        {
            "name": "星熊",
            "skill": 2,
            "skill_usage": 0
        },
        {
            "name": "艾雅法拉",
            "skill": 2,
            "skill_usage": 0
        },
        {
            "name": "伊芙利特",
            "skill": 2,
            "skill_usage": 0
        },
        {
            "name": "阿米娅",
            "skill": 2,
            "skill_usage": 0
        },
        {
            "name": "拉普兰德",
            "skill": 2,
            "skill_usage": 0
        },
        {
            "name": "德克萨斯",
            "skill": 1,
            "skill_usage": 0
        },
        {
            "name": "安洁莉娜",
            "skill": 1,
            "skill_usage": 0
        },
        {
            "name": "能天使",
            "skill": 3,
            "skill_usage": 0
        }
    ]
}