{
    "minimum_required": "v4.0.0",
    "stage_name": "camp_r_14",
    "actions": [
        {
            "type": "Deploy",
            "name": "桃境柳先锋组",
            "location": [
                6,
                7
            ],
            "direction": "Left"
        },
        {
            "type": "SpeedUp"
        },
        {
            "type": "Deploy",
            "name": "先锋1组",
            "location": [
                7,
                7
            ],
            "direction": "Left"
        },
        {
            "type": "Deploy",
            "name": "棘刺",
            "location": [
                2,
                4
            ],
            "direction": "Right"
        },
        {
            "type": "Deploy",
            "name": "拉普兰德",
            "location": [
                2,
                3
            ],
            "direction": "Right"
        },
        {
            "type": "Deploy",
            "name": "闪流华羊医疗组",
            "location": [
                1,
                2
            ],
            "direction": "Right"
        },
        {
            "type": "Deploy",
            "name": "浊心斯卡蒂",
            "location": [
                2,
                2
            ],
            "direction": "Right"
        },
        {
            "type": "Skill",
            "name": "棘刺",
            "location": [
                2,
                4
            ],
            "kills": 12
        },
        {
            "type": "Deploy",
            "name": "不屈者",
            "location": [
                5,
                7
            ],
            "direction": "Left"
        },
        {
            "type": "Deploy",
            "name": "伊芙利特",
            "location": [
                4,
                2
            ],
            "direction": "Down",
            "kills": 30
        },
        {
            "type": "Deploy",
            "name": "塞雷娅",
            "location": [
                3,
                3
            ],
            "direction": "Right"
        },
        {
            "type": "Deploy",
            "name": "星熊号角组",
            "location": [
                3,
                4
            ],
            "direction": "Right"
        },
        {
            "type": "Output",
            "doc_color": "#6f42c1",
            "doc": "（如无意外，棘刺将在120击杀数时第二次开启技能。）"
        },
        {
            "type": "Skill",
            "name": "棘刺",
            "location": [
                2,
                4
            ],
            "kills": 120
        },
        {
            "type": "SkillUsage",
            "name": "桃境柳先锋组",
            "skill_usage": 0
        },
        {
            "type": "SkillDaemon"
        },
        {
            "type": "Output",
            "doc_color": "#6f42c1",
            "doc": "给个好评吧，亲~"
        }
    ],
    "doc": {
        "title": "萧然版实验基地机库摆完挂机（改）",
        "details": "统计日期：2024-05-24\n好评率：87.88%  浏览量：2056\n来源：MoguJun  ID：32617\n萧然Q：BV15Y411y78M\n练度建议2603\n筱竹聽雨\n（由魔法女仆在原版作业的基础上进行调整）\n（由上传者根据自身box再次调整）"
    },
    "groups": [
        {
            "name": "星熊号角组",
            "opers": [
                {
                    "name": "号角",
                    "skill": 1,
                    "skill_usage": 0
                },
                {
                    "name": "星熊",
                    "skill": 2,
                    "skill_usage": 0
                },
                {
                    "name": "年",
                    "skill": 3,
                    "skill_usage": 0
                }
            ]
        },
        {
            "name": "先锋1组",
            "opers": [
                {
                    "name": "德克萨斯",
                    "skill": 1,
                    "skill_usage": 0
                },
                {
                    "name": "讯使",
                    "skill": 1,
                    "skill_usage": 0
                },
                {
                    "name": "推进之王",
                    "skill": 1,
                    "skill_usage": 0
                },
                {
                    "name": "嵯峨",
                    "skill": 1,
                    "skill_usage": 0
                }
            ]
        },
        {
            "name": "闪流华羊医疗组",
            "opers": [
                {
                    "name": "闪灵",
                    "skill": 2,
                    "skill_usage": 0
                },
                {
                    "name": "流明",
                    "skill": 3,
                    "skill_usage": 1
                },
                {
                    "name": "华法琳",
                    "skill": 1,
                    "skill_usage": 0
                },
                {
                    "name": "纯烬艾雅法拉",
                    "skill": 1,
                    "skill_usage": 0
                }
            ]
        },
        {
            "name": "不屈者",
            "opers": [
                {
                    "name": "泥岩",
                    "skill": 2,
                    "skill_usage": 0
                },
                {
                    "name": "斥罪",
                    "skill": 3,
                    "skill_usage": 1
                }
            ]
        },
        {
            "name": "桃境柳先锋组",
            "opers": [
                {
                    "name": "桃金娘",
                    "skill": 1,
                    "skill_usage": 1
                },
                {
                    "name": "极境",
                    "skill": 1,
                    "skill_usage": 1
                },
                {
                    "name": "琴柳",
                    "skill": 1,
                    "skill_usage": 1
                }
            ]
        }
    ],
    "opers": [
        {
            "name": "棘刺",
            "skill": 3,
            "skill_usage": 0
        },
        {
            "name": "拉普兰德",
            "skill": 2,
            "skill_usage": 0
        },
        {
            "name": "塞雷娅",
            "skill": 1,
            "skill_usage": 0
        },
        {
            "name": "伊芙利特",
            "skill": 2,
            "skill_usage": 0
        },
        {
            "name": "浊心斯卡蒂",
            "skill": 2,
            "skill_usage": 0
        }
    ]
}