{
    "minimum_required": "v4.0.0",
    "stage_name": "camp_02",
    "actions": [
        {
            "type": "SpeedUp"
        },
        {
            "type": "Deploy",
            "name": "尖兵",
            "location": [
                7,
                4
            ],
            "direction": "Left"
        },
        {
            "type": "Deploy",
            "name": "速射手",
            "location": [
                7,
                5
            ],
            "direction": "Up"
        },
        {
            "type": "Deploy",
            "name": "扩散术师",
            "location": [
                6,
                2
            ],
            "direction": "Down"
        },
        {
            "type": "Deploy",
            "name": "推击手",
            "location": [
                9,
                3
            ],
            "direction": "Down"
        },
        {
            "type": "Deploy",
            "name": "医师1",
            "location": [
                7,
                2
            ],
            "direction": "Down"
        },
        {
            "type": "Deploy",
            "name": "随便什么近卫",
            "location": [
                7,
                3
            ],
            "direction": "Left"
        },
        {
            "type": "Deploy",
            "name": "炮手",
            "location": [
                5,
                5
            ],
            "direction": "Left"
        },
        {
            "type": "Deploy",
            "name": "医师-大",
            "location": [
                5,
                7
            ],
            "direction": "Up"
        },
        {
            "type": "Deploy",
            "name": "铁卫-大",
            "location": [
                6,
                4
            ],
            "direction": "Left"
        },
        {
            "type": "Deploy",
            "name": "钩索师",
            "location": [
                8,
                6
            ],
            "direction": "Right"
        },
        {
            "type": "Retreat",
            "name": "钩索师",
            "location": [
                8,
                6
            ],
            "kills": 266,
            "doc": "撤离钩锁师",
            "doc_color": "Gray"
        },
        {
            "type": "Retreat",
            "name": "推击手",
            "location": [
                9,
                3
            ],
            "kills": 297,
            "doc_color": "Gray",
            "doc": "撤离推击手"
        },
        {
            "type": "Output",
            "kills": 320,
            "doc_color": "DarkRed",
            "doc": "320杀后拿好钩锁师，等最后一个燃烧瓶投掷者走到【炮手】下方一格，朝【上】放钩锁师"
        },
        {
            "type": "Retreat",
            "name": "铁卫2",
            "location": [
                5,
                4
            ],
            "cooling": 1
        },
        {
            "type": "Deploy",
            "name": "推击手",
            "location": [
                9,
                3
            ],
            "direction": "Down"
        },
        {
            "type": "Retreat",
            "name": "推击手",
            "location": [
                9,
                3
            ],
            "kills": 337,
            "doc_color": "Gray",
            "doc": "撤离推击手"
        },
        {
            "type": "Retreat",
            "name": "尖兵",
            "location": [
                7,
                4
            ],
            "kills": 347
        },
        {
            "type": "Deploy",
            "name": "推击手",
            "location": [
                4,
                7
            ],
            "direction": "Up"
        },
        {
            "type": "Deploy",
            "name": "钩索师",
            "location": [
                5,
                6
            ],
            "direction": "Left"
        },
        {
            "type": "Retreat",
            "name": "钩索师",
            "location": [
                5,
                6
            ],
            "kills": 355
        },
        {
            "type": "Retreat",
            "name": "炮手",
            "location": [
                5,
                5
            ],
            "kills": 370
        },
        {
            "type": "Deploy",
            "name": "钩索师",
            "location": [
                8,
                6
            ],
            "kills": 373,
            "direction": "Right"
        },
        {
            "type": "Deploy",
            "name": "铁卫2",
            "location": [
                5,
                3
            ],
            "direction": "Down",
            "kills": 379
        },
        {
            "type": "Deploy",
            "name": "尖兵",
            "location": [
                5,
                3
            ],
            "direction": "Down",
            "cooling": 1
        },
        {
            "type": "Deploy",
            "name": "炮手",
            "location": [
                5,
                5
            ],
            "direction": "Up"
        },
        {
            "type": "SkillDaemon"
        }
    ],
    "doc": {
        "title": "【低配】炎国 - 龙门外环 - 龙门外环",
        "details": "统计日期：2024-05-25\n好评率：66.67%  浏览量：2090\n来源：hesperis  ID：24075\n攻略作者：小狼XF\nhttps://www.bilibili.com/video/BV1j4411V7tp\n阵容主打兼容性强，低配高配都帮你选了\n【注意！！！此作业有手动操作】\n320杀左右，需要手动操作放钩锁拉红刀哥\n阵容替换说明：\n铁卫-大：上最好的重装\n铁卫2：低费，不建议换\n医师1：上第二好的单奶\n医师-大：上奶量高或防御最高的单奶"
    },
    "groups": [
        {
            "name": "尖兵",
            "opers": [
                {
                    "name": "芬",
                    "skill": 1,
                    "skill_usage": 0
                },
                {
                    "name": "清道夫",
                    "skill": 1,
                    "skill_usage": 0
                },
                {
                    "name": "讯使",
                    "skill": 1,
                    "skill_usage": 0
                },
                {
                    "name": "德克萨斯",
                    "skill": 1,
                    "skill_usage": 0
                }
            ]
        },
        {
            "name": "速射手",
            "opers": [
                {
                    "name": "克洛丝",
                    "skill": 1,
                    "skill_usage": 0
                },
                {
                    "name": "杰西卡",
                    "skill": 1,
                    "skill_usage": 0
                },
                {
                    "name": "流星",
                    "skill": 1,
                    "skill_usage": 0
                },
                {
                    "name": "梅",
                    "skill": 1,
                    "skill_usage": 0
                },
                {
                    "name": "白金",
                    "skill": 1,
                    "skill_usage": 0
                },
                {
                    "name": "灰喉",
                    "skill": 1,
                    "skill_usage": 0
                },
                {
                    "name": "蓝毒",
                    "skill": 1,
                    "skill_usage": 0
                },
                {
                    "name": "空弦",
                    "skill": 1,
                    "skill_usage": 0
                },
                {
                    "name": "能天使",
                    "skill": 1,
                    "skill_usage": 0
                }
            ]
        },
        {
            "name": "炮手",
            "opers": [
                {
                    "name": "白雪",
                    "skill": 2,
                    "skill_usage": 1
                },
                {
                    "name": "陨星",
                    "skill": 1,
                    "skill_usage": 0
                },
                {
                    "name": "W",
                    "skill": 2,
                    "skill_usage": 0
                }
            ]
        },
        {
            "name": "医师1",
            "opers": [
                {
                    "name": "末药",
                    "skill": 1,
                    "skill_usage": 0
                },
                {
                    "name": "嘉维尔",
                    "skill": 1,
                    "skill_usage": 0
                }
            ]
        },
        {
            "name": "医师-大",
            "opers": [
                {
                    "name": "苏苏洛",
                    "skill": 1,
                    "skill_usage": 0
                },
                {
                    "name": "闪灵",
                    "skill": 2,
                    "skill_usage": 0
                },
                {
                    "name": "华法琳",
                    "skill": 1,
                    "skill_usage": 0
                },
                {
                    "name": "流明",
                    "skill": 1,
                    "skill_usage": 0
                }
            ]
        },
        {
            "name": "铁卫-大",
            "opers": [
                {
                    "name": "角峰",
                    "skill": 1,
                    "skill_usage": 0
                },
                {
                    "name": "卡缇",
                    "skill": 1,
                    "skill_usage": 0
                },
                {
                    "name": "星熊",
                    "skill": 2,
                    "skill_usage": 0
                },
                {
                    "name": "米格鲁",
                    "skill": 1,
                    "skill_usage": 0
                },
                {
                    "name": "蛇屠箱",
                    "skill": 2,
                    "skill_usage": 1
                },
                {
                    "name": "泡泡",
                    "skill": 1,
                    "skill_usage": 0
                }
            ]
        },
        {
            "name": "铁卫2",
            "opers": [
                {
                    "name": "黑角",
                    "skill": 1,
                    "skill_usage": 0
                }
            ]
        },
        {
            "name": "医师3",
            "opers": [
                {
                    "name": "芙蓉",
                    "skill": 1,
                    "skill_usage": 0
                },
                {
                    "name": "安赛尔",
                    "skill": 1,
                    "skill_usage": 0
                }
            ]
        },
        {
            "name": "推击手",
            "opers": [
                {
                    "name": "阿消",
                    "skill": 1,
                    "skill_usage": 0
                },
                {
                    "name": "见行者",
                    "skill": 1,
                    "skill_usage": 0
                },
                {
                    "name": "食铁兽",
                    "skill": 1,
                    "skill_usage": 0
                },
                {
                    "name": "温蒂",
                    "skill": 1,
                    "skill_usage": 0
                }
            ]
        },
        {
            "name": "钩索师",
            "opers": [
                {
                    "name": "暗索",
                    "skill": 1,
                    "skill_usage": 0
                },
                {
                    "name": "雪雉",
                    "skill": 1,
                    "skill_usage": 0
                },
                {
                    "name": "崖心",
                    "skill": 1,
                    "skill_usage": 0
                },
                {
                    "name": "歌蕾蒂娅",
                    "skill": 1,
                    "skill_usage": 0
                }
            ]
        },
        {
            "name": "扩散术师",
            "opers": [
                {
                    "name": "炎熔",
                    "skill": 1,
                    "skill_usage": 1
                },
                {
                    "name": "格雷伊",
                    "skill": 1,
                    "skill_usage": 0
                },
                {
                    "name": "远山",
                    "skill": 1,
                    "skill_usage": 1
                },
                {
                    "name": "天火",
                    "skill": 2,
                    "skill_usage": 1
                },
                {
                    "name": "莫斯提马",
                    "skill": 1,
                    "skill_usage": 1
                },
                {
                    "name": "夕",
                    "skill": 2,
                    "skill_usage": 1
                }
            ]
        },
        {
            "name": "随便什么近卫",
            "opers": [
                {
                    "name": "玫兰莎",
                    "skill": 1,
                    "skill_usage": 1
                },
                {
                    "name": "耀骑士临光",
                    "skill": 1,
                    "skill_usage": 0
                },
                {
                    "name": "斯卡蒂",
                    "skill": 1,
                    "skill_usage": 0
                },
                {
                    "name": "芙兰卡",
                    "skill": 1,
                    "skill_usage": 0
                },
                {
                    "name": "银灰",
                    "skill": 1,
                    "skill_usage": 0
                },
                {
                    "name": "拉普兰德",
                    "skill": 2,
                    "skill_usage": 0
                },
                {
                    "name": "羽毛笔",
                    "skill": 1,
                    "skill_usage": 0
                }
            ]
        }
    ],
    "opers": []
}