{
    "minimum_required": "v4.0.0",
    "stage_name": "mem_shotst_1",
    "actions": [
        {
            "type": "SpeedUp"
        },
        {
            "type": "Deploy",
            "name": "流星",
            "location": [
                6,
                3
            ],
            "direction": "Left"
        },
        {
            "type": "SkillUsage",
            "name": "流星",
            "skill_usage": 1
        },
        {
            "type": "Deploy",
            "name": "梅",
            "location": [
                7,
                2
            ],
            "direction": "Left"
        },
        {
            "type": "Deploy",
            "name": "杰西卡",
            "location": [
                8,
                4
            ],
            "direction": "Left"
        },
        {
            "type": "SkillDaemon"
        }
    ],
    "doc": {
        "title": "狙击 - 流星 - 万箭齐发",
        "details": "——————————\n作业更新日期: 2023-11-20T14:43:00Z\n统计更新日期: 2025-11-03\n相对评分：80.41%  相对热度：53.71%\n来源：火炎焱燚  ID：30381\n——————————\n狙击 - 流星 - 万箭齐发"
    },
    "groups": [],
    "opers": []
}