{
    "minimum_required": "v4.0.0",
    "stage_name": "mem_skfire_1",
    "actions": [
        {
            "type": "SpeedUp"
        },
        {
            "type": "Deploy",
            "name": "天火",
            "location": [
                5,
                5
            ],
            "direction": "Up"
        },
        {
            "type": "Deploy",
            "name": "黑角",
            "location": [
                4,
                5
            ],
            "direction": "Up"
        },
        {
            "type": "Deploy",
            "name": "芙蓉",
            "location": [
                3,
                4
            ],
            "direction": "Right"
        },
        {
            "type": "Deploy",
            "name": "米格鲁",
            "location": [
                4,
                4
            ],
            "direction": "Down"
        },
        {
            "type": "Skill",
            "name": "天火",
            "location": [
                5,
                5
            ],
            "costs": 46
        },
        {
            "type": "Skill",
            "name": "天火",
            "location": [
                5,
                5
            ],
            "kills": 29
        }
    ],
    "doc": {
        "title": "术师 - 天火 - 焮天铄地",
        "details": "——————————\n作业更新日期: 2023-08-20T23:47:01Z\n统计更新日期: 2025-07-29\n相对评分：100.0%  相对热度：100.0%\n来源：摸鱼月月子  ID：26222\n——————————\n术师 - 天火 - 焮天铄地"
    },
    "groups": [],
    "opers": [
        {
            "name": "天火",
            "skill": 2,
            "skill_usage": 0
        }
    ]
}