{
    "minimum_required": "v4.0.0",
    "stage_name": "mem_malist_1",
    "actions": [
        {
            "type": "SpeedUp"
        },
        {
            "type": "Deploy",
            "name": "至简",
            "location": [
                1,
                2
            ],
            "direction": "Right"
        },
        {
            "type": "Deploy",
            "name": "杜林",
            "location": [
                6,
                4
            ],
            "direction": "Right",
            "costs": 12
        },
        {
            "type": "Deploy",
            "name": "桃金娘",
            "location": [
                2,
                4
            ],
            "direction": "Up",
            "costs": 10
        },
        {
            "type": "Skill",
            "name": "褐果"
        },
        {
            "type": "SkillDaemon"
        }
    ],
    "doc": {
        "title": "术师 - 至简 - “故地重游”",
        "details": "——————————\n作业更新日期: 2023-09-07T13:44:22Z\n统计更新日期: 2025-07-29\n相对评分：100.0%  相对热度：100.0%\n来源：996323868@qq.com  ID：27613\n——————————\n技能等级越高越好，不然要凹天赋"
    },
    "groups": [],
    "opers": [
        {
            "name": "至简",
            "skill": 2,
            "skill_usage": 0
        },
        {
            "name": "杜林",
            "skill": 1,
            "skill_usage": 0
        },
        {
            "name": "桃金娘",
            "skill": 2,
            "skill_usage": 0
        },
        {
            "name": "褐果",
            "skill": 1,
            "skill_usage": 1
        }
    ]
}