{
    "minimum_required": "v4.0.0",
    "stage_name": "mem_nblade_1",
    "actions": [
        {
            "type": "SpeedUp"
        },
        {
            "type": "Deploy",
            "name": "黑角",
            "location": [
                1,
                2
            ],
            "direction": "Right"
        },
        {
            "type": "Deploy",
            "name": "夜刀",
            "location": [
                1,
                4
            ],
            "direction": "Right"
        },
        {
            "type": "Deploy",
            "name": "克洛丝",
            "location": [
                2,
                3
            ],
            "direction": "Right"
        },
        {
            "type": "Retreat",
            "name": "夜刀",
            "location": [
                1,
                4
            ],
            "kills": 6
        },
        {
            "type": "Deploy",
            "name": "夜刀",
            "location": [
                6,
                4
            ],
            "direction": "Left"
        },
        {
            "type": "Retreat",
            "name": "夜刀",
            "location": [
                6,
                4
            ],
            "cost_changes": 7
        },
        {
            "type": "Deploy",
            "name": "夜刀",
            "location": [
                2,
                5
            ],
            "direction": "Right"
        }
    ],
    "doc": {
        "title": "悖论模拟 - 夜刀 - 锋芒如一",
        "details": "作业更新日期: 2023-08-10T03:04:57Z\n统计更新日期: 2024-10-07\n好评率：97.42%  浏览量：6106\n来源：1740005689@qq.com  ID：25390\n悖论模拟 - 夜刀 - 锋芒如一"
    },
    "groups": [],
    "opers": [
        {
            "name": "黑角",
            "skill": 1,
            "skill_usage": 0
        },
        {
            "name": "夜刀",
            "skill": 1,
            "skill_usage": 0
        },
        {
            "name": "克洛丝",
            "skill": 1,
            "skill_usage": 0
        }
    ]
}