{
    "minimum_required": "v4.0.0",
    "stage_name": "pro_d_2",
    "actions": [
        {
            "type": "Deploy",
            "name": "桃金娘",
            "location": [
                1,
                4
            ],
            "direction": "Down"
        },
        {
            "type": "Deploy",
            "name": "棘刺",
            "direction": "Right",
            "location": [
                1,
                6
            ]
        },
        {
            "type": "Deploy",
            "name": "煌",
            "direction": "Right",
            "location": [
                4,
                2
            ]
        },
        {
            "type": "Deploy",
            "name": "歌蕾蒂娅",
            "direction": "Down",
            "location": [
                4,
                4
            ]
        },
        {
            "type": "Deploy",
            "name": "阿消",
            "direction": "Down",
            "location": [
                5,
                3
            ]
        },
        {
            "type": "Deploy",
            "name": "塞雷娅",
            "direction": "Right",
            "location": [
                3,
                6
            ]
        },
        {
            "type": "Deploy",
            "name": "末药",
            "direction": "Right",
            "location": [
                2,
                3
            ]
        },
        {
            "type": "Skill",
            "name": "棘刺",
            "kills": 40,
            "pre_delay": 10000
        }
    ],
    "doc": {
        "title": "身先士卒 - PR-D-2 - 猛攻",
        "details": "——————————\n作业更新日期: 2025-07-13T03:59:39Z\n统计更新日期: 2025-07-13\n好评率：100.0%  浏览量：3\n来源：Sal1eRi  ID：62969\n——————————\n\n身先士卒 - PR-D-2 - 猛攻"
    },
    "groups": [],
    "opers": [
        {
            "name": "桃金娘",
            "skill": 1,
            "skill_usage": 1
        },
        {
            "name": "歌蕾蒂娅",
            "skill": 1,
            "skill_usage": 0
        },
        {
            "name": "阿消",
            "skill": 1,
            "skill_usage": 0
        },
        {
            "name": "末药",
            "skill": 1,
            "skill_usage": 0
        },
        {
            "name": "塞雷娅",
            "skill": 2,
            "skill_usage": 0
        },
        {
            "name": "棘刺",
            "skill_usage": 0,
            "skill": 1
        },
        {
            "name": "煌",
            "skill": 2,
            "skill_usage": 0
        }
    ]
}