{
    "minimum_required": "v4.0.0",
    "stage_name": "main_08-04",
    "actions": [
        {
            "type": "SpeedUp"
        },
        {
            "type": "Deploy",
            "name": "棘刺",
            "location": [
                1,
                2
            ],
            "direction": "Right"
        },
        {
            "type": "Deploy",
            "name": "煌",
            "location": [
                6,
                1
            ],
            "direction": "Right"
        },
        {
            "type": "Deploy",
            "name": "能天使",
            "location": [
                6,
                4
            ],
            "direction": "Right"
        },
        {
            "type": "Deploy",
            "name": "快活[异德/ 历战夜刀]",
            "location": [
                3,
                2
            ],
            "direction": "Down",
            "kills": 28,
            "doc_color": "Gray",
            "doc": "代理鸡翅技能会开晚, 导致有一个刁民可能会被杀, 切一下"
        },
        {
            "type": "Retreat",
            "name": "快活[异德/ 历战夜刀]",
            "location": [
                3,
                2
            ],
            "kills": 33
        },
        {
            "type": "Deploy",
            "name": "快活[异德/ 历战夜刀]",
            "location": [
                4,
                5
            ],
            "direction": "Left",
            "kills": 49,
            "doc": "",
            "pre_delay": 2
        }
    ],
    "doc": {
        "title": "[自用] 第八章 怒号光明 - R8-4 - 火种，一触即灭",
        "details": "作业更新日期: 2023-05-28T14:26:04Z\n统计更新日期: 2024-11-30\n好评率：95.52%  浏览量：1305\n来源：邪王音无  ID：23766\n参考视频: https://www.bilibili.com/video/BV1b341177PU\n参考作者: 祈星_Estrellayc\n弹幕说最后有个空降容易吧diao民打死, 补一个快活切一下"
    },
    "groups": [
        {
            "name": "快活[异德/ 历战夜刀]",
            "opers": [
                {
                    "name": "缄默德克萨斯",
                    "skill": 3,
                    "skill_usage": 0
                },
                {
                    "name": "麒麟X夜刀",
                    "skill": 2,
                    "skill_usage": 0
                }
            ]
        }
    ],
    "opers": [
        {
            "name": "能天使",
            "skill": 1,
            "skill_usage": 0
        },
        {
            "name": "棘刺",
            "skill": 3,
            "skill_usage": 1
        },
        {
            "name": "煌",
            "skill": 2,
            "skill_usage": 0
        }
    ],
    "difficulty": 3
}