{
    "minimum_required": "v4.0.0",
    "actions": [
        {
            "type": "SpeedUp"
        },
        {
            "type": "Deploy",
            "name": "风笛",
            "location": [
                8,
                2
            ],
            "direction": "Left"
        },
        {
            "type": "Deploy",
            "name": "山",
            "location": [
                8,
                5
            ],
            "direction": "Left"
        },
        {
            "type": "Deploy",
            "name": "W",
            "location": [
                6,
                1
            ],
            "direction": "Left"
        },
        {
            "type": "Output",
            "doc_color": "#6f42c1",
            "doc": "给个好评吧，亲~"
        }
    ],
    "doc": {
        "title": "W模组摆完挂机-佣兵的行囊",
        "details": "——————————\n作业更新日期: 2024-05-14T13:50:17Z\n统计更新日期: 2025-06-17\n好评率：90.0%  浏览量：204\n来源：lingjueding  ID：37666\n——————————\n侬无言以对模组任务摆完挂机合集:BV1wU4y177Qu\n3星通关插曲DM-3；必须编入非助战W并上场，且使用W歼灭至少2个萨卡兹穿刺手\n筱竹聽雨\n我没推王自己改的原作者有问题联系我原作者：作业代传————有问题联系原作者"
    },
    "groups": [],
    "opers": [
        {
            "name": "山",
            "skill": 2,
            "skill_usage": 2,
            "skill_times": 1
        },
        {
            "name": "风笛",
            "skill": 2,
            "skill_usage": 0
        },
        {
            "name": "W",
            "skill": 2,
            "skill_usage": 0
        }
    ],
    "stage_name": "act9d0_03"
}