{
    "minimum_required": "v4.0.0",
    "stage_name": "sub_04-2-1",
    "actions": [
        {
            "type": "SpeedUp"
        },
        {
            "type": "Deploy",
            "name": "山",
            "location": [
                1,
                1
            ],
            "direction": "Down"
        },
        {
            "type": "Skill",
            "pre_delay": 4000,
            "name": "山"
        },
        {
            "type": "Deploy",
            "name": "火神",
            "location": [
                2,
                1
            ],
            "direction": "Right"
        },
        {
            "type": "SkillDaemon"
        }
    ],
    "doc": {
        "title": "火神模组任务 - S4-4 - 锻椎者",
        "details": "——————————\n作业更新日期: 2024-07-06T07:54:53Z\n统计更新日期: 2025-06-17\n好评率：85.71%  浏览量：126\n来源：一只摆烂的42  ID：39025\n——————————\n火神「锻椎者」模组任务\n3星通关主题曲S4-4；必须编入非助战火神并上场，且使用火神至少歼灭6个敌人\n原视频：https://www.bilibili.com/video/BV1QN41137yc/\n制作者：一只摆烂的42\n有问题联系QQ2586582719\n修改自用请删除我的QQ"
    },
    "groups": [],
    "opers": [
        {
            "name": "山",
            "skill": 2,
            "skill_usage": 0
        },
        {
            "name": "火神",
            "skill": 1,
            "skill_usage": 1
        }
    ]
}