{
    "minimum_required": "v4.0.0",
    "stage_name": "main_00-01#f#",
    "actions": [
        {
            "type": "SpeedUp"
        },
        {
            "type": "Deploy",
            "name": "先锋",
            "location": [
                5,
                2
            ],
            "direction": "Right"
        },
        {
            "type": "Deploy",
            "name": "巡林者",
            "location": [
                5,
                1
            ],
            "direction": "Down"
        },
        {
            "type": "Deploy",
            "name": "黑角",
            "location": [
                4,
                2
            ],
            "direction": "Right"
        }
    ],
    "doc": {
        "title": "序章 黑暗时代·上 - 0-1 - 坍塌",
        "details": "统计日期：2024-05-11\n好评率：100.0%  浏览量：69\n来源：yc.exe  ID：22265\nyc.exe"
    },
    "groups": [
        {
            "name": "先锋",
            "opers": [
                {
                    "name": "夜刀",
                    "skill": 1,
                    "skill_usage": 0
                },
                {
                    "name": "芬",
                    "skill": 1,
                    "skill_usage": 0
                }
            ]
        }
    ],
    "opers": [
        {
            "name": "黑角",
            "skill": 1,
            "skill_usage": 0
        },
        {
            "name": "巡林者",
            "skill": 1,
            "skill_usage": 0
        }
    ],
    "difficulty": 3
}