{
    "minimum_required": "v4.0.0",
    "stage_name": "mem_lin_1",
    "actions": [
        {
            "type": "SpeedUp"
        },
        {
            "type": "Deploy",
            "name": "林",
            "location": [
                5,
                3
            ],
            "direction": "Left"
        },
        {
            "type": "Skill",
            "name": "林",
            "costs": 60
        },
        {
            "type": "SkillUsage",
            "name": "林",
            "skill_usage": 1
        },
        {
            "type": "SkillDaemon"
        }
    ],
    "doc": {
        "title": "术师 - 林 - “紫色的林”",
        "details": "——————————\n作业更新日期: 2025-01-23T14:14:18Z\n统计更新日期: 2025-07-29\n相对评分：77.38000000000001%  相对热度：63.61%\n来源：fantuan  ID：45790\n——————————\n作者练度2903林，目测未专三也可以（大概）"
    },
    "groups": [],
    "opers": [
        {
            "name": "林",
            "skill": 3,
            "skill_usage": 0
        }
    ]
}