{
    "minimum_required": "v4.0",
    "doc": {
        "title": "【将进酒】IW-4双人",
        "details": "原视频：https://www.bilibili.com/video/av210932063?p=3\nUP：制杖流水线\n有问题联系制作者QQ2586582719"
    },
    "stage_name": "IW-4",
    "opers": [
        {
            "name": "煌",
            "skill": 2,
            "skill_usage": 0
        },
        {
            "name": "艾雅法拉",
            "skill": 2,
            "skill_usage": 0
        }
    ],
    "actions": [
        {
            "type": "二倍速",
            "name": ""
        },
        {
            "type": "部署",
            "name": "艾雅法拉",
            "location": [
                3,
                2
            ],
            "direction": "右"
        },
        {
            "type": "部署",
            "name": "煌",
            "location": [
                6,
                1
            ],
            "direction": "下"
        },
        {
            "type": "打印",
            "name": "",
            "doc": "有问题联系制作者QQ2586582719",
            "doc_color": "SpringGreen"
        }
    ]
}