{
    "minimum_required": "v4.0",
    "doc": {
        "title": "【将进酒】IW-EX-6仅突袭八人",
        "details": "原视频：https://www.bilibili.com/video/av423672808/\nUP：命辰\n——————\n★突袭小羊60费 普通的话能天使的轴会乱★\n——————\n有问题联系制作者QQ2586582719"
    },
    "stage_name": "IW-EX-6",
    "opers": [
        {
            "name": "风笛",
            "skill": 2,
            "skill_usage": 0
        },
        {
            "name": "艾雅法拉",
            "skill": 2,
            "skill_usage": 0
        },
        {
            "name": "能天使",
            "skill": 3,
            "skill_usage": 0
        },
        {
            "name": "伊桑",
            "skill": 1,
            "skill_usage": 0
        },
        {
            "name": "安洁莉娜",
            "skill": 1,
            "skill_usage": 0
        },
        {
            "name": "铃兰",
            "skill": 2,
            "skill_usage": 0
        },
        {
            "name": "桃金娘",
            "skill": 1,
            "skill_usage": 1
        },
        {
            "name": "蓝毒",
            "skill": 1,
            "skill_usage": 0
        }
    ],
    "actions": [
        {
            "type": "二倍速",
            "name": ""
        },
        {
            "type": "部署",
            "name": "风笛",
            "location": [
                1,
                3
            ],
            "direction": "上"
        },
        {
            "type": "部署",
            "name": "桃金娘",
            "location": [
                4,
                7
            ],
            "direction": "左"
        },
        {
            "type": "部署",
            "name": "安洁莉娜",
            "location": [
                4,
                3
            ],
            "direction": "上"
        },
        {
            "type": "部署",
            "name": "艾雅法拉",
            "location": [
                4,
                2
            ],
            "direction": "左"
        },
        {
            "type": "部署",
            "name": "能天使",
            "location": [
                5,
                6
            ],
            "direction": "左"
        },
        {
            "type": "部署",
            "name": "铃兰",
            "location": [
                6,
                3
            ],
            "direction": "下"
        },
        {
            "type": "部署",
            "name": "伊桑",
            "location": [
                8,
                5
            ],
            "direction": "下"
        },
        {
            "type": "部署",
            "name": "蓝毒",
            "location": [
                8,
                6
            ],
            "direction": "左"
        },
        {
            "type": "打印",
            "name": "",
            "doc": "有问题联系制作者QQ2586582719",
            "doc_color": "SpringGreen"
        }
    ]
}