{
    "minimum_required": "v4.0.0",
    "stage_name": "mem_ghost_1",
    "actions": [
        {
            "type": "SpeedUp"
        },
        {
            "type": "Deploy",
            "name": "幽灵鲨",
            "location": [
                4,
                3
            ],
            "direction": "Up"
        },
        {
            "type": "Deploy",
            "name": "克洛丝",
            "location": [
                2,
                1
            ],
            "direction": "Right"
        },
        {
            "type": "Deploy",
            "name": "杰西卡",
            "location": [
                6,
                1
            ],
            "direction": "Right"
        },
        {
            "type": "Skill",
            "name": "幽灵鲨",
            "location": [
                4,
                3
            ],
            "costs": 52
        },
        {
            "type": "Deploy",
            "name": "克洛丝",
            "location": [
                2,
                1
            ],
            "direction": "Down",
            "kills": 22,
            "rear_delay": 3200
        },
        {
            "type": "Deploy",
            "name": "杰西卡",
            "location": [
                6,
                1
            ],
            "direction": "Down",
            "kills": 22,
            "rear_delay": 3300
        },
        {
            "type": "Skill",
            "name": "幽灵鲨",
            "location": [
                4,
                3
            ],
            "kills": 25,
            "rear_delay": 6500
        },
        {
            "type": "SkillDaemon"
        }
    ],
    "doc": {
        "title": "幽灵鲨 悖论模拟 魂骨尚存",
        "details": "——————————\n作业更新日期: 2025-05-14T06:08:31Z\n统计更新日期: 2025-06-17\n好评率：100.0%  浏览量：134\n来源：42岁离异女人  ID：54294\n——————————\n幽灵鲨精二至少40级（没实测）七级一技能\nup:等泳装的艾蕾\nBV1hb4y1D7eH"
    },
    "groups": [],
    "opers": [
        {
            "name": "幽灵鲨",
            "skill": 1,
            "skill_usage": 0
        },
        {
            "name": "克洛丝",
            "skill": 1,
            "skill_usage": 0
        },
        {
            "name": "杰西卡",
            "skill": 1,
            "skill_usage": 0
        }
    ]
}