{
    "minimum_required": "v4.0.0",
    "stage_name": "mem_12fce_1",
    "actions": [
        {
            "type": "SpeedUp"
        },
        {
            "type": "Deploy",
            "name": "芬",
            "location": [
                2,
                3
            ],
            "direction": "Right"
        },
        {
            "type": "Deploy",
            "name": "12F",
            "location": [
                1,
                3
            ],
            "direction": "Right"
        },
        {
            "type": "Deploy",
            "name": "翎羽",
            "location": [
                2,
                1
            ],
            "direction": "Down",
            "kills": 7
        },
        {
            "type": "Retreat",
            "name": "翎羽",
            "location": [
                2,
                1
            ],
            "kills": 13
        },
        {
            "type": "Deploy",
            "name": "米格鲁",
            "location": [
                3,
                3
            ],
            "kills": 17,
            "direction": "Down"
        },
        {
            "type": "Deploy",
            "name": "卡缇",
            "location": [
                4,
                3
            ],
            "direction": "Down",
            "kills": 17
        },
        {
            "type": "BulletTime",
            "location": [
                3,
                2
            ],
            "costs": 62
        },
        {
            "type": "Skill",
            "location": [
                3,
                2
            ],
            "costs": 65
        },
        {
            "type": "BulletTime",
            "location": [
                3,
                4
            ],
            "costs": 68
        },
        {
            "type": "Skill",
            "location": [
                3,
                4
            ],
            "costs": 70
        },
        {
            "type": "Skill",
            "name": "卡缇",
            "location": [
                4,
                3
            ],
            "kills": 30
        },
        {
            "type": "BulletTime",
            "location": [
                4,
                2
            ],
            "costs": 75
        },
        {
            "type": "Skill",
            "location": [
                4,
                2
            ],
            "costs": 77
        },
        {
            "type": "Skill",
            "location": [
                4,
                4
            ],
            "pre_delay": 2000
        }
    ],
    "doc": {
        "title": "术师 - 12F - 生还者",
        "details": "统计日期：2024-05-02\n好评率：84.21%  浏览量：1537\nhttps://www.bilibili.com/video/BV1Zh411Z7KB/?p=157"
    },
    "groups": [],
    "opers": []
}