{
    "minimum_required": "v4.0.0",
    "stage_name": "mem_warmy_1",
    "actions": [
        {
            "type": "Deploy",
            "name": "泡普卡",
            "location": [
                4,
                3
            ],
            "direction": "Right"
        },
        {
            "type": "Deploy",
            "name": "温米",
            "location": [
                6,
                4
            ],
            "direction": "Up"
        },
        {
            "type": "SpeedUp"
        },
        {
            "type": "Deploy",
            "name": "苏苏洛",
            "location": [
                5,
                4
            ],
            "direction": "Up"
        },
        {
            "type": "Skill",
            "name": "温米",
            "location": [
                6,
                4
            ],
            "kills": 1,
            "costs": 6
        },
        {
            "type": "SpeedUp"
        },
        {
            "type": "Skill",
            "kills": 9,
            "costs": 56,
            "name": "温米",
            "location": [
                6,
                4
            ]
        },
        {
            "type": "SpeedUp"
        },
        {
            "type": "Skill",
            "name": "苏苏洛",
            "location": [
                5,
                4
            ],
            "kills": 22
        },
        {
            "type": "Skill",
            "name": "温米",
            "location": [
                6,
                4
            ],
            "kills": 22
        }
    ],
    "doc": {
        "title": "【温米】悖论模拟 - 炉火光明",
        "details": "作业更新日期: 2024-07-10T08:50:26Z\n统计更新日期: 2024-08-30\n好评率：94.12%  浏览量：292\n来源：LobsterJam  ID：39366\n自用\n精二1级\n一技能 lv1"
    },
    "groups": [],
    "opers": [
        {
            "name": "温米",
            "skill": 1,
            "skill_usage": 0
        }
    ]
}