{
    "minimum_required": "v4.0.0",
    "stage_name": "act34side_ex05",
    "actions": [
        {
            "type": "SpeedUp"
        },
        {
            "type": "Deploy",
            "name": "桃金娘",
            "location": [
                6,
                2
            ],
            "direction": "Up"
        },
        {
            "type": "Deploy",
            "name": "艾雅法拉",
            "location": [
                7,
                5
            ],
            "direction": "Right"
        },
        {
            "type": "Deploy",
            "name": "棘刺",
            "location": [
                5,
                4
            ],
            "direction": "Left"
        },
        {
            "type": "Deploy",
            "name": "小帮手",
            "location": [
                2,
                5
            ],
            "direction": "Up"
        },
        {
            "type": "Deploy",
            "name": "煌",
            "location": [
                6,
                3
            ],
            "direction": "Up"
        },
        {
            "type": "Deploy",
            "name": "伊芙利特",
            "location": [
                7,
                6
            ],
            "direction": "Left"
        },
        {
            "type": "Deploy",
            "name": "铃兰",
            "location": [
                4,
                5
            ],
            "direction": "Left"
        },
        {
            "type": "SkillUsage",
            "name": "桃金娘",
            "skill_usage": 0
        },
        {
            "type": "SkillDaemon"
        }
    ],
    "doc": {
        "title": "生路 - BP-EX-5 - 水脉中枢-洋流喷泉",
        "details": "——————————\n作业更新日期: 2024-06-12T11:21:41Z\n统计更新日期: 2025-06-21\n好评率：99.15%  浏览量：1318\n来源：JYu0828  ID：38550\n——————————\n2603\n搬运自up主：祈星_Estrella\n原视频：https://www.bilibili.com/video/BV1q6421f7SW/"
    },
    "groups": [],
    "opers": [
        {
            "name": "桃金娘",
            "skill": 1,
            "skill_usage": 1
        },
        {
            "name": "艾雅法拉",
            "skill": 2,
            "skill_usage": 0
        },
        {
            "name": "铃兰",
            "skill": 2,
            "skill_usage": 0
        },
        {
            "name": "伊芙利特",
            "skill": 2,
            "skill_usage": 0
        },
        {
            "name": "棘刺",
            "skill": 3,
            "skill_usage": 1
        },
        {
            "name": "煌",
            "skill": 2,
            "skill_usage": 0
        }
    ],
    "difficulty": 2
}