{
    "stage_name": "act34side_07",
    "minimum_required": "v4.0.0",
    "doc": {
        "title": "生路 - BP-7 - 从历史中来（含刻章",
        "details": "——————————\n作业更新日期: 2025-06-20T15:51:31Z\n统计更新日期: 2025-06-21\n好评率：99.85%  浏览量：4088\n来源：星之海.  ID：60145\n——————————\n请确保所用干员练度达到本作业所需练度，否则将会有干员暴毙及漏怪风险！！！\n此作业全员专三且模组一级\n原作者：自在道爷\nJSON作者：星之海.\n社区评论不会提醒，作业有问题可以进群找我：994516079\n原视频：【【生路】BP-1至9挂机流，镀层不用愁！语音快乐详解，轻松解放双手 | 明日方舟攻略(含BP-8镀层，BP-7刻章等)】https://www.bilibili.com/video/BV1qS411N7MD?p=2&vd_source=69f0b796ff8cde9e6cb9e9f9a99f8eec"
    },
    "opers": [
        {
            "name": "艾雅法拉",
            "skill": 2,
            "requirements": {
                "skill_level": 10,
                "module": 1
            }
        },
        {
            "name": "塞雷娅",
            "skill": 2,
            "requirements": {
                "skill_level": 10,
                "module": 1
            }
        },
        {
            "name": "煌",
            "skill": 2,
            "requirements": {
                "skill_level": 10,
                "module": 1
            }
        }
    ],
    "groups": [
        {
            "name": "行医",
            "opers": [
                {
                    "name": "纯烬艾雅法拉",
                    "skill": 1,
                    "requirements": {
                        "skill_level": 10,
                        "module": 1
                    }
                },
                {
                    "name": "蜜莓",
                    "skill": 1,
                    "requirements": {
                        "skill_level": 10,
                        "module": 1
                    }
                }
            ]
        }
    ],
    "actions": [
        {
            "type": "SpeedUp"
        },
        {
            "name": "煌",
            "location": [
                6,
                5
            ],
            "direction": "Up",
            "type": "Deploy"
        },
        {
            "name": "艾雅法拉",
            "location": [
                9,
                4
            ],
            "direction": "Left",
            "type": "Deploy"
        },
        {
            "name": "行医",
            "location": [
                8,
                5
            ],
            "direction": "Left",
            "type": "Deploy"
        },
        {
            "name": "塞雷娅",
            "location": [
                7,
                3
            ],
            "direction": "Left",
            "type": "Deploy"
        },
        {
            "type": "SkillDaemon"
        }
    ],
    "version": 3
}