{
    "minimum_required": "v4.0.0",
    "stage_name": "act34side_07",
    "actions": [
        {
            "type": "SpeedUp"
        },
        {
            "type": "Deploy",
            "name": "维什戴尔",
            "location": [
                9,
                4
            ],
            "direction": "Left"
        },
        {
            "type": "Skill",
            "location": [
                9,
                4
            ],
            "name": "维什戴尔",
            "pre_delay": 4800
        },
        {
            "type": "Skill",
            "name": "维什戴尔",
            "location": [
                9,
                4
            ],
            "kills": 5
        },
        {
            "type": "Deploy",
            "location": [
                6,
                5
            ],
            "name": "古米",
            "direction": "Left"
        },
        {
            "type": "Deploy",
            "direction": "Left",
            "name": "斑点",
            "location": [
                10,
                3
            ]
        },
        {
            "type": "SkillUsage",
            "skill_usage": 2,
            "skill_times": 1,
            "name": "维什戴尔"
        },
        {
            "type": "Skill",
            "name": "维什戴尔",
            "location": [
                9,
                4
            ],
            "kills": 14
        },
        {
            "type": "SkillUsage",
            "skill_times": 1,
            "pre_delay": 1000,
            "name": "维什戴尔",
            "skill_usage": 2
        },
        {
            "type": "Skill",
            "location": [
                9,
                4
            ],
            "kills": 30,
            "name": "维什戴尔"
        },
        {
            "type": "SkillUsage",
            "skill_times": 1,
            "pre_delay": 1000,
            "name": "维什戴尔",
            "skill_usage": 2
        },
        {
            "type": "SkillDaemon"
        }
    ],
    "doc": {
        "title": "生路 - BP-7 - 从历史中来 蚀刻章",
        "details": "——————————\n作业更新日期: 2025-06-19T10:25:38Z\n统计更新日期: 2025-06-21\n好评率：100.0%  浏览量：1155\n来源：焕彩gg  ID：60281\n——————————\nB站ID：焕彩GG 主页：https://space.bilibili.com/10123796\n本作业已开启截图增强\n求关注。"
    },
    "groups": [],
    "opers": [
        {
            "name": "维什戴尔",
            "skill": 3,
            "skill_usage": 0
        },
        {
            "name": "古米",
            "skill": 1,
            "skill_usage": 0
        },
        {
            "name": "斑点",
            "skill": 1,
            "skill_usage": 1
        }
    ]
}