{
    "minimum_required": "v4.0.0",
    "stage_name": "act34side_09",
    "actions": [
        {
            "type": "Deploy",
            "name": "维什戴尔",
            "location": [
                6,
                1
            ],
            "direction": "Down"
        },
        {
            "type": "SpeedUp"
        },
        {
            "type": "Deploy",
            "name": "古米",
            "location": [
                5,
                2
            ],
            "direction": "Down"
        },
        {
            "type": "Deploy",
            "location": [
                6,
                3
            ],
            "direction": "Up",
            "name": "褐果"
        },
        {
            "type": "Deploy",
            "location": [
                4,
                1
            ],
            "name": "克洛丝",
            "direction": "Down"
        },
        {
            "type": "Deploy",
            "name": "斑点",
            "direction": "Down",
            "location": [
                5,
                1
            ]
        },
        {
            "type": "Skill",
            "location": [
                6,
                1
            ],
            "name": "维什戴尔"
        },
        {
            "type": "Skill",
            "pre_delay": 1250,
            "name": "维什戴尔",
            "location": [
                6,
                1
            ]
        },
        {
            "type": "Skill",
            "kills": 42,
            "pre_delay": 4000,
            "name": "维什戴尔",
            "location": [
                6,
                1
            ]
        },
        {
            "type": "Skill",
            "kills": 94,
            "name": "维什戴尔",
            "location": [
                6,
                1
            ]
        },
        {
            "type": "Skill",
            "pre_delay": 25000,
            "name": "维什戴尔",
            "location": [
                6,
                1
            ]
        },
        {
            "type": "SkillDaemon"
        }
    ],
    "doc": {
        "title": "生路 - BP-9 - 文明的壁垒",
        "details": "——————————\n作业更新日期: 2025-06-20T10:53:12Z\n统计更新日期: 2025-06-21\n好评率：99.57%  浏览量：1604\n来源：焕彩gg  ID：60297\n——————————\nB站ID：焕彩GG 主页：https://space.bilibili.com/10123796\n本作业已开启截图增强\n求关注。"
    },
    "groups": [
        {
            "name": "褐果",
            "opers": [
                {
                    "name": "纯烬艾雅法拉",
                    "skill": 1,
                    "skill_usage": 0
                },
                {
                    "name": "蜜莓",
                    "skill": 1,
                    "skill_usage": 0
                },
                {
                    "name": "褐果",
                    "skill": 1,
                    "skill_usage": 0
                }
            ]
        }
    ],
    "opers": [
        {
            "name": "维什戴尔",
            "skill": 3,
            "skill_usage": 0
        },
        {
            "name": "斑点",
            "skill": 1,
            "skill_usage": 0
        },
        {
            "name": "克洛丝",
            "skill": 1,
            "skill_usage": 0
        },
        {
            "name": "古米",
            "skill": 1,
            "skill_usage": 0
        }
    ]
}