{
    "minimum_required": "v4.0.0",
    "stage_name": "act34side_ex05",
    "actions": [
        {
            "type": "Deploy",
            "direction": "Right",
            "name": "桃金娘",
            "location": [
                8,
                4
            ]
        },
        {
            "type": "SpeedUp"
        },
        {
            "type": "Deploy",
            "name": "小帮手",
            "location": [
                5,
                4
            ],
            "direction": "Left"
        },
        {
            "type": "Deploy",
            "name": "小帮手",
            "direction": "Left",
            "location": [
                4,
                4
            ]
        },
        {
            "type": "Deploy",
            "name": "维什戴尔",
            "direction": "Down",
            "location": [
                5,
                3
            ]
        },
        {
            "type": "Deploy",
            "name": "克洛丝",
            "location": [
                7,
                2
            ],
            "direction": "Left"
        },
        {
            "type": "Skill",
            "kills": 3,
            "name": "维什戴尔",
            "location": [
                5,
                3
            ]
        },
        {
            "type": "Skill",
            "kills": 16,
            "name": "维什戴尔",
            "location": [
                5,
                3
            ]
        },
        {
            "type": "Skill",
            "pre_delay": 24800,
            "name": "维什戴尔",
            "location": [
                5,
                3
            ]
        },
        {
            "type": "Skill",
            "kills": 24,
            "name": "维什戴尔",
            "location": [
                5,
                3
            ]
        },
        {
            "type": "Skill",
            "pre_delay": 24800,
            "name": "维什戴尔",
            "location": [
                5,
                3
            ]
        },
        {
            "type": "SkillDaemon"
        }
    ],
    "doc": {
        "title": "生路 - BP-EX-5 - 水脉中枢-洋流喷泉",
        "details": "——————————\n作业更新日期: 2025-06-20T04:47:11Z\n统计更新日期: 2025-06-23\n好评率：99.54%  浏览量：1599\n来源：焕彩gg  ID：60345\n——————————\nB站ID：焕彩GG 主页：https://space.bilibili.com/10123796\n本作业已开启截图增强\n求关注。"
    },
    "groups": [],
    "opers": [
        {
            "name": "维什戴尔",
            "skill": 3,
            "skill_usage": 0
        },
        {
            "name": "桃金娘",
            "skill": 1,
            "skill_usage": 2,
            "skill_times": 1
        },
        {
            "name": "克洛丝",
            "skill": 1,
            "skill_usage": 0
        }
    ],
    "difficulty": 3
}