{
    "minimum_required": "v4.0.0",
    "stage_name": "act34side_ex08",
    "actions": [
        {
            "type": "Deploy",
            "name": "桃金娘",
            "location": [
                3,
                7
            ],
            "direction": "Right"
        },
        {
            "type": "SpeedUp"
        },
        {
            "type": "Deploy",
            "name": "维什戴尔",
            "location": [
                2,
                7
            ],
            "direction": "Up"
        },
        {
            "type": "Deploy",
            "name": "月见夜",
            "location": [
                11,
                5
            ],
            "direction": "Up"
        },
        {
            "type": "Deploy",
            "name": "古米",
            "location": [
                5,
                7
            ],
            "direction": "Left"
        },
        {
            "type": "Deploy",
            "name": "安赛尔",
            "direction": "Left",
            "location": [
                7,
                6
            ]
        },
        {
            "type": "Deploy",
            "name": "芙蓉",
            "location": [
                6,
                6
            ],
            "direction": "Left"
        },
        {
            "type": "Deploy",
            "name": "余",
            "direction": "Up",
            "location": [
                4,
                6
            ]
        },
        {
            "type": "Deploy",
            "name": "玛恩纳",
            "location": [
                4,
                7
            ],
            "direction": "Up"
        },
        {
            "type": "Retreat",
            "location": [
                3,
                7
            ],
            "name": "桃金娘"
        },
        {
            "type": "Deploy",
            "name": "新约能天使",
            "location": [
                10,
                4
            ],
            "direction": "Up"
        },
        {
            "type": "SkillUsage",
            "name": "维什戴尔",
            "skill_usage": 2,
            "skill_times": 1
        },
        {
            "type": "Skill",
            "name": "新约能天使",
            "location": [
                10,
                4
            ],
            "direction": "Up",
            "pre_delay": 2000
        },
        {
            "type": "SkillUsage",
            "pre_delay": 12000,
            "name": "新约能天使",
            "direction": "Up",
            "skill_usage": 1
        },
        {
            "type": "SkillUsage",
            "name": "玛恩纳",
            "skill_usage": 1
        },
        {
            "type": "SkillUsage",
            "skill_times": 1,
            "name": "维什戴尔",
            "skill_usage": 2,
            "kills": 29
        },
        {
            "type": "SkillUsage",
            "skill_times": 1,
            "skill_usage": 2,
            "name": "余"
        },
        {
            "type": "SkillUsage",
            "name": "玛恩纳",
            "skill_usage": 1
        },
        {
            "type": "SkillUsage",
            "skill_times": 1,
            "pre_delay": 10000,
            "name": "维什戴尔",
            "skill_usage": 2
        },
        {
            "type": "SkillDaemon"
        }
    ],
    "doc": {
        "title": "生路 - BP-EX-8 - 玛利图斯的斗智场",
        "details": "——————————\n作业更新日期: 2025-06-20T04:17:23Z\n统计更新日期: 2025-06-24\n好评率：95.56%  浏览量：1114\n来源：ky目录  ID：60423\n——————————\nB站ID：焕彩GG 主页：https://space.bilibili.com/10123796\n本作业已开启截图增强\n求关注。"
    },
    "groups": [
        {
            "name": "安赛尔",
            "opers": [
                {
                    "name": "纯烬艾雅法拉",
                    "skill": 1,
                    "skill_usage": 0
                },
                {
                    "name": "安赛尔",
                    "skill": 1,
                    "skill_usage": 0
                }
            ]
        },
        {
            "name": "芙蓉",
            "opers": [
                {
                    "name": "闪灵",
                    "skill": 2,
                    "skill_usage": 0
                },
                {
                    "name": "芙蓉",
                    "skill": 1,
                    "skill_usage": 0
                }
            ]
        }
    ],
    "opers": [
        {
            "name": "维什戴尔",
            "skill": 3,
            "skill_usage": 2,
            "skill_times": 1
        },
        {
            "name": "玛恩纳",
            "skill": 3,
            "skill_usage": 0
        },
        {
            "name": "新约能天使",
            "skill": 2,
            "skill_usage": 0
        },
        {
            "name": "古米",
            "skill": 1,
            "skill_usage": 0
        },
        {
            "name": "桃金娘",
            "skill": 1,
            "skill_usage": 1
        },
        {
            "name": "月见夜",
            "skill": 1,
            "skill_usage": 2,
            "skill_times": 1
        },
        {
            "name": "余",
            "skill": 2,
            "skill_usage": 1
        }
    ],
    "difficulty": 3
}