{
    "minimum_required": "v4.0.0",
    "stage_name": "pro_c_1",
    "actions": [
        {
            "type": "Deploy",
            "name": "先锋",
            "location": [
                5,
                1
            ],
            "direction": "Left"
        },
        {
            "type": "SpeedUp"
        },
        {
            "type": "Deploy",
            "name": "能天使",
            "location": [
                4,
                2
            ],
            "direction": "Right",
            "kills": 6
        },
        {
            "type": "SkillDaemon"
        }
    ],
    "doc": {
        "title": "势不可挡 - PR-C-1 - 急行【能天使3+德克萨斯2/y模推王2】（信赖速刷）",
        "details": "统计日期：2024-06-01\n好评率：100.0%  浏览量：189\n来源：竟然不能小于4位  ID：31496\n参考视频：https://www.bilibili.com/BV1ce411Q7E5\n推王需要有减部署费用的模组"
    },
    "groups": [
        {
            "name": "先锋",
            "opers": [
                {
                    "name": "推进之王",
                    "skill": 2,
                    "skill_usage": 0
                },
                {
                    "name": "德克萨斯",
                    "skill": 2,
                    "skill_usage": 1
                }
            ]
        }
    ],
    "opers": [
        {
            "name": "能天使",
            "skill": 3,
            "skill_usage": 0
        }
    ]
}