{
    "minimum_required": "v4.0.0",
    "stage_name": "mem_angel_1",
    "actions": [
        {
            "type": "SpeedUp"
        },
        {
            "type": "Deploy",
            "name": "能天使",
            "location": [
                5,
                5
            ],
            "direction": "Up"
        },
        {
            "type": "Deploy",
            "name": "极境",
            "location": [
                6,
                6
            ],
            "direction": "Up"
        },
        {
            "type": "Deploy",
            "name": "古米",
            "location": [
                6,
                5
            ],
            "direction": "Up"
        },
        {
            "type": "Skill",
            "costs": 41,
            "name": "能天使",
            "location": [
                5,
                5
            ]
        },
        {
            "type": "Skill",
            "name": "能天使",
            "location": [
                5,
                5
            ],
            "costs": 99
        },
        {
            "type": "Skill",
            "name": "能天使",
            "location": [
                5,
                5
            ],
            "kills": 33,
            "pre_delay": 10000,
            "rear_delay": 0
        },
        {
            "type": "Skill",
            "name": "极境",
            "location": [
                6,
                6
            ]
        },
        {
            "type": "Deploy",
            "name": "轰隆隆先生",
            "location": [
                6,
                4
            ],
            "direction": "None"
        }
    ],
    "doc": {
        "title": "狙击 - 能天使 - 拉特兰风格",
        "details": "统计日期：2024-05-17\n好评率：55.56%  浏览量：623\n来源：柚子desu  ID：22500\n能天使2技能7级，无专，测试成功\n攻略来源：ZC\n视频连接https://www.bilibili.com/video/BV1Zh411Z7KB?p=14"
    },
    "groups": [],
    "opers": [
        {
            "name": "能天使",
            "skill": 2,
            "skill_usage": 0
        }
    ]
}