{
    "minimum_required": "v4.0.0",
    "stage_name": "mem_meteo_1",
    "actions": [
        {
            "type": "Deploy",
            "name": "陨星",
            "location": [
                7,
                3
            ],
            "direction": "Left"
        },
        {
            "type": "Deploy",
            "name": "守林人",
            "location": [
                6,
                3
            ],
            "direction": "Left",
            "cost_changes": 8
        },
        {
            "type": "SpeedUp"
        },
        {
            "type": "Skill",
            "name": "陨星",
            "location": [
                7,
                3
            ],
            "cost_changes": 54
        },
        {
            "type": "Skill",
            "name": "陨星",
            "location": [
                7,
                3
            ],
            "pre_delay": 46000
        },
        {
            "type": "Skill",
            "name": "守林人",
            "location": [
                6,
                3
            ]
        },
        {
            "type": "SkillDaemon"
        }
    ],
    "doc": {
        "title": "狙击 - 陨星 -  狙击高地",
        "details": "统计日期：2024-05-11\n好评率：100.0%  浏览量：389\n来源：rihno  ID：36669\n陨星悖论模拟，七级技能可过，经过测试精二1级和50级都能过\n之前的作业是击杀轴，陨星等级低无法击杀就会对不上，这个作业尝试将击杀轴换成时间轴\n【【明日方舟】陨星 悖论模拟/无需专精/看一遍就过/简单操作/倾九/叙拉古人】 https://www.bilibili.com/video/BV1s14y1L7QC/?share_source=copy_web&vd_source=3fd5040fe25f6a00e19e6072bcccfa4e"
    },
    "groups": [],
    "opers": [
        {
            "name": "陨星",
            "skill": 2,
            "skill_usage": 0
        }
    ]
}