{
    "minimum_required": "v4.0.0",
    "stage_name": "mem_lumen_1",
    "actions": [
        {
            "type": "Deploy",
            "name": "流明",
            "location": [
                7,
                3
            ],
            "direction": "Left"
        },
        {
            "type": "SpeedUp"
        },
        {
            "type": "Deploy",
            "name": "艾丽妮",
            "location": [
                5,
                3
            ],
            "direction": "Left"
        },
        {
            "type": "Skill",
            "location": [
                5,
                3
            ],
            "costs": 30
        },
        {
            "type": "Deploy",
            "name": "圣徒之手",
            "location": [
                1,
                3
            ],
            "direction": "Right",
            "costs": 42
        },
        {
            "type": "Skill",
            "location": [
                7,
                3
            ],
            "costs": 57
        },
        {
            "type": "Skill",
            "location": [
                5,
                3
            ],
            "costs": 59
        },
        {
            "type": "Deploy",
            "name": "圣徒之手",
            "location": [
                1,
                3
            ],
            "costs": 82,
            "direction": "Right"
        },
        {
            "type": "Deploy",
            "name": "圣徒之手",
            "location": [
                1,
                3
            ],
            "kills": 12,
            "direction": "Right"
        },
        {
            "type": "Skill",
            "location": [
                5,
                3
            ],
            "costs": 98,
            "pre_delay": 3000
        },
        {
            "type": "SkillDaemon"
        }
    ],
    "doc": {
        "title": "流明 - 悖论模拟 - 医疗 - 流明 - 风浪微光",
        "details": "——————————\n作业更新日期: 2025-05-04T03:08:42Z\n统计更新日期: 2025-08-04\n相对评分：91.21000000000001%  相对热度：71.71%\n来源：焕彩gg  ID：52227\n——————————\nB站ID：焕彩GG 主页：https://space.bilibili.com/10123796\n本作业已开启截图增强\n求关注。\n"
    },
    "groups": [],
    "opers": [
        {
            "name": "流明",
            "skill": 3,
            "skill_usage": 0
        }
    ]
}