{
    "minimum_required": "v4.0.0",
    "stage_name": "mem_bldsk_1",
    "actions": [
        {
            "type": "Output",
            "doc_color": "DarkGoldenrod",
            "doc": "华法林的轴可能会有些紧。自动操作在一些情况下可以，但有的时候也可能需要手动辅助。\n其精髓在于\n在约37波和第55波左右出现的敌人（我称呼他拳击小子）需要同时启动不稳定血浆和猎蜂的技能\n在第69波左右放置米格鲁，如果能够把敌人正好卡在一个猎蜂打的到，但是又被米格鲁阻挡的位置最为合适"
        },
        {
            "type": "Deploy",
            "name": "猎蜂",
            "location": [
                5,
                4
            ],
            "direction": "Up",
            "pre_delay": 100
        },
        {
            "type": "Deploy",
            "name": "罗德岛临时雇员",
            "location": [
                6,
                3
            ],
            "direction": "Right"
        },
        {
            "type": "Deploy",
            "name": "炎熔",
            "location": [
                1,
                3
            ],
            "direction": "Right"
        },
        {
            "type": "Deploy",
            "name": "华法琳",
            "location": [
                7,
                3
            ],
            "direction": "Left"
        },
        {
            "type": "SpeedUp",
            "pre_delay": 100
        },
        {
            "type": "Skill",
            "name": "华法琳",
            "location": [
                7,
                3
            ],
            "kills": 33
        },
        {
            "type": "Skill",
            "name": "猎蜂",
            "location": [
                5,
                4
            ],
            "kills": 37
        },
        {
            "type": "SpeedUp",
            "kills": 50
        },
        {
            "type": "Skill",
            "name": "华法琳",
            "location": [
                7,
                3
            ],
            "kills": 54
        },
        {
            "type": "Skill",
            "name": "猎蜂",
            "location": [
                5,
                4
            ]
        },
        {
            "type": "SkillUsage",
            "name": "猎蜂",
            "skill_usage": 1
        },
        {
            "type": "SkillUsage",
            "name": "华法琳",
            "skill_usage": 1
        },
        {
            "type": "Deploy",
            "name": "米格鲁",
            "location": [
                5,
                3
            ],
            "kills": 69,
            "direction": "Up"
        },
        {
            "type": "SkillDaemon"
        }
    ],
    "doc": {
        "title": "医疗 - 华法琳 - 战力增强剂",
        "details": "——————————\n作业更新日期: 2023-04-08T14:10:21Z\n统计更新日期: 2025-07-29\n相对评分：100.0%  相对热度：100.0%\n来源：Asif  ID：22301\n——————————\n选不稳定血浆，已测试过"
    },
    "groups": [],
    "opers": [
        {
            "name": "华法琳",
            "skill": 2,
            "skill_usage": 0
        },
        {
            "name": "米格鲁",
            "skill": 1,
            "skill_usage": 1
        },
        {
            "name": "猎蜂",
            "skill": 1,
            "skill_usage": 0
        },
        {
            "name": "炎熔",
            "skill": 1,
            "skill_usage": 1
        },
        {
            "name": "罗德岛临时雇员",
            "skill": 1,
            "skill_usage": 0
        }
    ]
}