{
    "actions": [
        {
            "type": "二倍速"
        },
        {
            "type": "部署",
            "name": "德克萨斯",
            "location": [
                2,
                2
            ],
            "direction": "下"
        },
        {
            "type": "部署",
            "location": [
                2,
                4
            ],
            "direction": "上",
            "name": "贾维"
        },
        {
            "type": "技能",
            "location": [
                9,
                3
            ],
            "rear_delay": 5000,
            "pre_delay": 1500
        },
        {
            "type": "技能",
            "name": "德克萨斯"
        },
        {
            "type": "部署",
            "name": "布洛卡",
            "location": [
                5,
                3
            ],
            "direction": "右"
        },
        {
            "type": "部署",
            "name": "米格鲁",
            "location": [
                6,
                4
            ],
            "direction": "上"
        },
        {
            "type": "部署",
            "name": "调香师",
            "location": [
                8,
                3
            ],
            "direction": "左"
        },
        {
            "type": "技能",
            "name": "贾维"
        },
        {
            "type": "部署",
            "name": "送葬人",
            "location": [
                7,
                3
            ],
            "direction": "左"
        },
        {
            "type": "技能",
            "kills": 25,
            "name": "送葬人"
        },
        {
            "type": "技能",
            "kills": 30,
            "name": "布洛卡"
        },
        {
            "type": "打印",
            "doc": "再别康桥"
        },
        {
            "type": "打印",
            "doc": "徐志摩"
        },
        {
            "type": "打印",
            "doc": "   "
        },
        {
            "type": "打印",
            "doc": "轻轻的我走了，"
        },
        {
            "type": "打印",
            "doc": "正如我轻轻的来；"
        },
        {
            "type": "打印",
            "doc": "我轻轻的招手，"
        },
        {
            "type": "打印",
            "doc": "作别西天的云彩。"
        },
        {
            "type": "打印",
            "doc": "那河畔的金柳，"
        },
        {
            "type": "打印",
            "doc": "是夕阳中的新娘；"
        },
        {
            "doc": "波光里的艳影，",
            "type": "打印"
        },
        {
            "doc": "在我的心头荡漾。",
            "type": "打印"
        },
        {
            "doc": "软泥上的青荇，",
            "type": "打印"
        },
        {
            "doc": "油油的在水底招摇；",
            "type": "打印"
        },
        {
            "doc": "在康桥的柔波里，",
            "type": "打印"
        },
        {
            "doc": "我甘心做一条水草！",
            "type": "打印"
        },
        {
            "doc": "那榆荫下的一潭，",
            "type": "打印"
        },
        {
            "doc": "不是清泉，",
            "type": "打印"
        },
        {
            "doc": "是天上虹 揉碎在浮藻间，",
            "type": "打印"
        },
        {
            "doc": "沉淀着彩虹似的梦。",
            "type": "打印"
        },
        {
            "doc": "寻梦？撑一支长蒿，",
            "type": "打印"
        },
        {
            "doc": "向青草更青处漫溯，",
            "type": "打印"
        },
        {
            "doc": "满载一船星辉，",
            "type": "打印"
        },
        {
            "doc": "在星辉斑斓里放歌。",
            "type": "打印"
        },
        {
            "doc": "但我不能放歌，",
            "type": "打印"
        },
        {
            "doc": "悄悄是别离的笙箫；",
            "type": "打印"
        },
        {
            "doc": "夏虫也为我沉默，",
            "type": "打印"
        },
        {
            "doc": "沉默是今晚的康桥！",
            "type": "打印"
        },
        {
            "doc": "悄悄的我走了，",
            "type": "打印"
        },
        {
            "doc": "正如我悄悄的来；",
            "type": "打印"
        },
        {
            "doc": "我挥一挥衣袖，",
            "type": "打印"
        },
        {
            "doc": "不带走一片云彩。",
            "type": "打印"
        }
    ],
    "opers": [
        {
            "name": "调香师",
            "skill": 2
        }
    ],
    "stage_name": "mem_flower_1",
    "doc": {
        "details": "——————————\n作业更新日期: 2023-04-19T07:07:55Z\n统计更新日期: 2025-08-03\n相对评分：74.72999999999999%  相对热度：66.17%\n来源：作业代传——有问题联系原作者  ID：22758\n——————————\n测试练度：调香师精二1级，技能二7级\n测试版本：401",
        "title": "花香四溢"
    },
    "minimum_required": "v4.0.0"
}