{
    "minimum_required": "v4.0.0",
    "stage_name": "mem_huang_1",
    "actions": [
        {
            "type": "Deploy",
            "name": "煌",
            "location": [
                4,
                3
            ],
            "direction": "Right",
            "costs": 31
        },
        {
            "type": "Deploy",
            "name": "芙蓉",
            "location": [
                5,
                5
            ],
            "direction": "Up",
            "cost_changes": 11
        },
        {
            "type": "Skill",
            "name": "煌",
            "location": [
                4,
                3
            ],
            "doc_color": "DarkCyan",
            "doc": "紫兵走到x位置时放技能",
            "pre_delay": 30000
        },
        {
            "type": "Skill",
            "name": "煌",
            "location": [
                4,
                3
            ],
            "pre_delay": 49000
        },
        {
            "type": "Skill",
            "name": "煌",
            "location": [
                4,
                3
            ],
            "pre_delay": 50000
        },
        {
            "type": "Skill",
            "name": "煌",
            "location": [
                4,
                3
            ],
            "pre_delay": 49000
        },
        {
            "type": "SkillDaemon"
        }
    ],
    "doc": {
        "title": "近卫 - 煌 - 一夫当关",
        "details": "——————————\n作业更新日期: 2023-10-19T01:21:11Z\n统计更新日期: 2025-10-03\n相对评分：88.75%  相对热度：100.0%\n来源：萨拉托加  ID：29063\n——————————\n尝试卡了时间轴\n二倍速还是不好卡轴，换一倍了\n这轴总在变，目前可知的是这轴在29-30或49-50之间浮动\n【煌悖论模拟 无专精 超简单打法 有手就行 明日方舟】 https://www.bilibili.com/video/BV1Dq4y1s711/?share_source=copy_web&vd_source=3fd5040fe25f6a00e19e6072bcccfa4e"
    },
    "groups": [],
    "opers": [
        {
            "name": "煌",
            "skill": 3,
            "skill_usage": 0
        },
        {
            "name": "芙蓉",
            "skill": 1,
            "skill_usage": 0
        }
    ]
}