{
    "minimum_required": "v4.0.0",
    "doc": {
        "title": "【生于黑夜】DM-3四人",
        "details": "统计日期：2024-05-31\n好评率：100.0%  浏览量：104\n来源：-静悄-  ID：37113\nUP主：萧然Q\n原视频：https://www.bilibili.com/video/av587327412?p=3\n有问题联系制作者QQ2586582719"
    },
    "stage_name": "act9d0_03",
    "opers": [
        {
            "name": "德克萨斯",
            "skill": 1,
            "skill_usage": 0
        },
        {
            "name": "风笛",
            "skill": 2,
            "skill_usage": 0
        },
        {
            "name": "艾雅法拉",
            "skill": 2,
            "skill_usage": 0
        },
        {
            "name": "白面鸮",
            "skill": 2,
            "skill_usage": 0
        }
    ],
    "actions": [
        {
            "type": "二倍速",
            "name": ""
        },
        {
            "type": "部署",
            "name": "风笛",
            "location": [
                8,
                2
            ],
            "direction": "左"
        },
        {
            "type": "部署",
            "name": "德克萨斯",
            "location": [
                8,
                5
            ],
            "direction": "左"
        },
        {
            "type": "部署",
            "name": "艾雅法拉",
            "location": [
                8,
                4
            ],
            "direction": "左"
        },
        {
            "type": "部署",
            "name": "白面鸮",
            "location": [
                8,
                3
            ],
            "direction": "下"
        },
        {
            "type": "打印",
            "name": "",
            "doc": "有问题联系制作者QQ2586582719",
            "doc_color": "SpringGreen"
        }
    ]
}