{
    "minimum_required": "v4.0.0",
    "stage_name": "act18d3_ex05",
    "actions": [
        {
            "type": "SpeedUp"
        },
        {
            "type": "Deploy",
            "name": "厉害的站场",
            "location": [
                4,
                4
            ],
            "direction": "Up"
        },
        {
            "type": "Deploy",
            "name": "歌蕾蒂娅",
            "location": [
                4,
                5
            ],
            "direction": "Right"
        },
        {
            "type": "Deploy",
            "name": "煌",
            "location": [
                10,
                3
            ],
            "direction": "Down"
        },
        {
            "type": "Deploy",
            "name": "奶盾",
            "location": [
                5,
                3
            ],
            "direction": "Left"
        },
        {
            "type": "Deploy",
            "name": "元素奶",
            "location": [
                3,
                6
            ],
            "direction": "Up"
        },
        {
            "type": "SkillDaemon"
        }
    ],
    "doc": {
        "title": "歌蕾蒂娅模组任务【执政者手镜】摆完挂机（插曲-覆潮之下）【侬无言以对】",
        "details": "统计日期：2024-05-31\n好评率：75.0%  浏览量：286\n来源：测试用户  ID：35854\n3星通关插曲SV-EX-5；必须编入非助战歌蕾蒂娅，且至少使一个富营养的收割者坠落地穴\n参考：https://www.bilibili.com/video/BV1tt4y1g7qi\n自测练度：歌蕾蒂娅 2607，黍 2903 3级模组，煌 2903 3级模组，山 2903 3级模组，蜜莓 2603"
    },
    "groups": [
        {
            "name": "厉害的站场",
            "opers": [
                {
                    "name": "风笛",
                    "skill": 2,
                    "skill_usage": 0
                },
                {
                    "skill_times": 1,
                    "name": "山",
                    "skill": 2,
                    "skill_usage": 2
                }
            ]
        },
        {
            "name": "奶盾",
            "opers": [
                {
                    "name": "黍",
                    "skill": 1,
                    "skill_usage": 0
                },
                {
                    "name": "塞雷娅",
                    "skill": 1,
                    "skill_usage": 0
                }
            ]
        },
        {
            "name": "元素奶",
            "opers": [
                {
                    "name": "蜜莓",
                    "skill": 1,
                    "skill_usage": 0
                },
                {
                    "name": "纯烬艾雅法拉",
                    "skill": 1,
                    "skill_usage": 0
                }
            ]
        }
    ],
    "opers": [
        {
            "name": "歌蕾蒂娅",
            "skill": 1,
            "skill_usage": 0
        },
        {
            "name": "煌",
            "skill": 2,
            "skill_usage": 0
        }
    ],
    "difficulty": 1
}