{
    "minimum_required": "v4.0.0",
    "stage_name": "act17side_ex03",
    "actions": [
        {
            "type": "Deploy",
            "name": "障碍物",
            "location": [
                2,
                3
            ],
            "direction": "None"
        },
        {
            "type": "Deploy",
            "name": "拉普兰德",
            "location": [
                2,
                4
            ],
            "direction": "Right"
        },
        {
            "type": "Deploy",
            "name": "障碍物",
            "location": [
                4,
                2
            ],
            "direction": "None"
        },
        {
            "type": "Deploy",
            "name": "歌蕾蒂娅",
            "location": [
                8,
                5
            ],
            "direction": "Up"
        },
        {
            "type": "Deploy",
            "name": "障碍物",
            "location": [
                7,
                5
            ],
            "direction": "None"
        },
        {
            "type": "Deploy",
            "name": "障碍物",
            "location": [
                8,
                6
            ],
            "direction": "None"
        },
        {
            "type": "Deploy",
            "name": "塞or黍",
            "location": [
                3,
                4
            ],
            "direction": "Up"
        },
        {
            "type": "SpeedUp"
        },
        {
            "type": "SkillDaemon"
        }
    ],
    "doc": {
        "title": "愚人号 - SN-EX-3 - 代理人【歌蕾蒂娅模组任务（二模）】",
        "details": "统计日期：2024-06-05\n好评率：0%  浏览量：0\n来源：小卡拉帕鲁灰🐖  ID：38297\n完成5次战斗；必须编入非助战歌蕾蒂娅，且每次战斗至少使2名敌人坠落地穴\n3星通关插曲SN-EX-3；必须编入非助战歌蕾蒂娅并上场，且使用歌蕾蒂娅使用至少2次缺水的掌握怒海或缺水的碎漩狂舞"
    },
    "groups": [
        {
            "name": "塞or黍",
            "opers": [
                {
                    "name": "塞雷娅",
                    "skill": 1,
                    "skill_usage": 0
                },
                {
                    "name": "黍",
                    "skill": 1,
                    "skill_usage": 0
                }
            ]
        }
    ],
    "opers": [
        {
            "name": "歌蕾蒂娅",
            "skill": 2,
            "skill_usage": 1
        },
        {
            "name": "拉普兰德",
            "skill": 2,
            "skill_usage": 0
        }
    ],
    "difficulty": 1
}