{
    "stageName": "act18d3_ex01",
    "doc": {
        "title": "【覆潮之下】SV-EX-1 喷涌而出 - 艾丽妮模组任务(二模)",
        "title_color": "Gray",
        "details": "——————————\n作业更新日期: 2024-09-02T12:34:52Z\n统计更新日期: 2025-04-05\n好评率：85.0%  浏览量：469\n来源：小卡拉帕鲁灰  ID：40958\n——————————\n小鸟模组任务2模\nSV-EX-1，用两次大招\n10W伤害",
        "details_color": "Gray"
    },
    "opers": [
        {
            "name": "艾雅法拉",
            "skill": 2,
            "skill_usage": 0,
            "requirements": {
                "elite": 0,
                "level": 0,
                "skill_level": 0,
                "module": 0,
                "potentiality": 0
            }
        },
        {
            "name": "塞雷娅",
            "skill": 2,
            "skill_usage": 0,
            "requirements": {
                "elite": 0,
                "level": 0,
                "skill_level": 0,
                "module": 0,
                "potentiality": 0
            }
        },
        {
            "name": "能天使",
            "skill": 3,
            "skill_usage": 0,
            "requirements": {
                "elite": 0,
                "level": 0,
                "skill_level": 0,
                "module": 0,
                "potentiality": 0
            }
        },
        {
            "name": "艾丽妮",
            "skill": 3,
            "skill_usage": 1,
            "requirements": {
                "elite": 0,
                "level": 0,
                "skill_level": 0,
                "module": 0,
                "potentiality": 0
            }
        }
    ],
    "groups": [],
    "minimumRequired": "v4.0.0",
    "difficulty": 1
}