{
    "actions": [
        {
            "doc_color": "#008000",
            "type": "打印",
            "doc": "代理有问题请群里@碎蜂"
        },
        {
            "type": "二倍速"
        },
        {
            "type": "部署",
            "name": "拉普兰德",
            "location": [
                3,
                1
            ],
            "direction": "右"
        },
        {
            "type": "部署",
            "name": "煌",
            "location": [
                1,
                3
            ],
            "direction": "上"
        }
    ],
    "stage_name": "BW-1",
    "doc": {
        "title": "BW-1",
        "details": "up：侬无言以对\n代理有问题请群里@碎蜂"
    },
    "groups": [],
    "opers": [
        {
            "name": "煌",
            "skill": 2
        },
        {
            "name": "拉普兰德",
            "skill": 2
        }
    ]
}