{
    "minimum_required": "v4.0",
    "doc": {
        "title": "好久不见",
        "details": "萧然：BV18e4y1y7Uw\n突袭通用\n筱竹聽雨"
    },
    "stage_name": "BW-3",
    "opers": [
        {
            "name": "煌",
            "skill": 2,
            "skill_usage": 0
        },
        {
            "name": "塞雷娅",
            "skill": 1,
            "skill_usage": 0
        },
        {
            "name": "泥岩",
            "skill": 2,
            "skill_usage": 0
        },
        {
            "name": "夜莺",
            "skill": 2,
            "skill_usage": 0
        }
    ],
    "actions": [
        {
            "type": "部署",
            "name": "煌",
            "location": [
                6,
                4
            ],
            "direction": "左"
        },
        {
            "type": "部署",
            "name": "夜莺",
            "location": [
                5,
                3
            ],
            "direction": "左"
        },
        {
            "type": "部署",
            "name": "塞雷娅",
            "location": [
                5,
                4
            ],
            "direction": "左"
        },
        {
            "type": "二倍速",
            "name": ""
        },
        {
            "type": "部署",
            "name": "泥岩",
            "location": [
                6,
                1
            ],
            "direction": "左"
        }
    ]
}