{
    "minimum_required": "v4.0",
    "doc": {
        "title": "好久不见",
        "details": "萧然：BV18e4y1y7Uw\n突袭通用\n能天使60专三或手动开装置\n筱竹聽雨"
    },
    "stage_name": "BW-4",
    "opers": [
        {
            "name": "德克萨斯",
            "skill": 1,
            "skill_usage": 0
        },
        {
            "name": "煌",
            "skill": 2,
            "skill_usage": 0
        },
        {
            "name": "塞雷娅",
            "skill": 1,
            "skill_usage": 0
        },
        {
            "name": "黑角",
            "skill": 1,
            "skill_usage": 0
        },
        {
            "name": "能天使",
            "skill": 3,
            "skill_usage": 0
        },
        {
            "name": "艾雅法拉",
            "skill": 2,
            "skill_usage": 0
        }
    ],
    "actions": [
        {
            "type": "部署",
            "name": "德克萨斯",
            "location": [
                4,
                3
            ],
            "direction": "下"
        },
        {
            "type": "部署",
            "name": "能天使",
            "location": [
                7,
                4
            ],
            "direction": "上"
        },
        {
            "type": "部署",
            "name": "煌",
            "location": [
                2,
                5
            ],
            "direction": "上"
        },
        {
            "type": "部署",
            "name": "塞雷娅",
            "location": [
                2,
                4
            ],
            "direction": "上"
        },
        {
            "type": "部署",
            "name": "艾雅法拉",
            "location": [
                3,
                3
            ],
            "direction": "左"
        },
        {
            "type": "部署",
            "name": "黑角",
            "location": [
                3,
                4
            ],
            "direction": "左"
        },
        {
            "type": "二倍速",
            "name": ""
        }
    ]
}