{
    "actions": [
        {
            "doc_color": "#008000",
            "type": "打印",
            "doc": "代理有问题请群里@碎蜂"
        },
        {
            "type": "二倍速"
        },
        {
            "type": "部署",
            "name": "煌",
            "location": [
                8,
                3
            ],
            "direction": "下"
        },
        {
            "type": "部署",
            "name": "风笛",
            "location": [
                8,
                1
            ],
            "direction": "左"
        },
        {
            "type": "部署",
            "name": "能天使",
            "location": [
                7,
                2
            ],
            "direction": "左",
            "cost_changes": 22
        },
        {
            "type": "部署",
            "name": "夜莺",
            "location": [
                7,
                4
            ],
            "direction": "上"
        },
        {
            "type": "部署",
            "name": "闪灵",
            "location": [
                8,
                2
            ],
            "direction": "左"
        },
        {
            "type": "部署",
            "name": "减速",
            "location": [
                6,
                1
            ],
            "direction": "左"
        }
    ],
    "stage_name": "BW-7",
    "doc": {
        "title": "BW-7",
        "details": "up：侬无言以对\n代理有问题请群里@碎蜂\n能天使轴对左上工蚁组长出现"
    },
    "groups": [
        {
            "name": "减速",
            "opers": [
                {
                    "name": "狮蝎",
                    "skill": 1
                },
                {
                    "name": "伊桑",
                    "skill": 1
                }
            ]
        }
    ],
    "opers": [
        {
            "name": "能天使",
            "skill": 3
        },
        {
            "name": "风笛",
            "skill": 2
        },
        {
            "name": "闪灵",
            "skill": 2
        },
        {
            "name": "煌",
            "skill": 2
        },
        {
            "name": "夜莺",
            "skill": 2
        }
    ]
}