{
    "minimum_required": "v4.0",
    "doc": {
        "title": "化学老施的挂机作业，高练度要求",
        "details": "漏幽灵补输出\n原视频：https://www.bilibili.com/video/av430562540/\nfix：2586582719"
    },
    "stage_name": "BW-7",
    "opers": [
        {
            "name": "流明",
            "skill": 1,
            "skill_usage": 0
        },
        {
            "name": "棘刺",
            "skill": 3,
            "skill_usage": 1
        },
        {
            "name": "煌",
            "skill": 2,
            "skill_usage": 0
        },
        {
            "name": "风笛",
            "skill": 2,
            "skill_usage": 0
        },
        {
            "name": "能天使",
            "skill": 3,
            "skill_usage": 0
        }
    ],
    "actions": [
        {
            "type": "SpeedUp",
            "name": ""
        },
        {
            "type": "Deploy",
            "name": "棘刺",
            "location": [
                4,
                5
            ],
            "direction": "Left"
        },
        {
            "type": "Deploy",
            "name": "能天使",
            "location": [
                5,
                4
            ],
            "direction": "Up"
        },
        {
            "type": "Deploy",
            "name": "风笛",
            "location": [
                8,
                1
            ],
            "direction": "Left"
        },
        {
            "type": "Deploy",
            "name": "流明",
            "location": [
                4,
                4
            ],
            "direction": "Down"
        },
        {
            "type": "Deploy",
            "name": "煌",
            "location": [
                3,
                5
            ],
            "direction": "Left"
        },
        {
            "type": "SkillDaemon",
            "name": ""
        },
        {
            "type": "Output",
            "name": "",
            "doc": "□□□■■■□□□□□■■□□□□□■■■■■□□□□□□□□□□□ \n□□■□□□□□□□■□□■□□□□□□■□□□□□■□□□□□□□ \n□□□■■■□□□□□■■□■■□□□□■□□□■■■■□□□□□□ \n□□□□□□□□□□□□□□□□□□□□□□□■■■■■■□□□□□ \n■■□□□□□□□□□□□□□□□□□□□□■■■■■■■■□□□□ \n■■■■□□□□□□□□□□□□□□□□□■■■■■■■■■□□□□ \n■■■■■■■■■□□□□□□□□■■■■■■■■■■■■■■□□□ \n□■■■■■■■■■■■■■■■■■■■■■■■■■■■■■■□□□ \n□□■■■■■■■■■■■■■■■■■■■■■■■■■■■■■■■□ \n□□□■■■■■■■■■■□□□□■■■■■□□□□□□■■■■■□ \n□□□□■■■■■■■■□□■■□□■■■■□□■■□□■■■■■■ \n□□□□□■■■■■■■□□■■□□■■■■■□□□□■■■■■■■ \n□□□□□□■■■■■■■□□□□■■■■■■■■■■■■■■■■■ \n□□□□□□□■■■■■■■■■■■■■■■■■■■■■■■■■■■ \n□□□□□□□□■■■■■■■■■■■■■■■■■■■■■■■■■■ \n□□□□□□□□□□□■■■■■■■■■■■■■■■■■■■■■■■"
        }
    ]
}