{
    "minimum_required": "v4.0.0",
    "stage_name": "act27side_s02",
    "actions": [
        {
            "type": "Deploy",
            "name": "德克萨斯",
            "location": [
                4,
                5
            ],
            "direction": "Up"
        },
        {
            "type": "Deploy",
            "name": "水汽汽水瓶",
            "location": [
                4,
                4
            ],
            "direction": "None"
        },
        {
            "type": "Deploy",
            "name": "能天使",
            "location": [
                3,
                5
            ],
            "direction": "Up"
        },
        {
            "type": "Deploy",
            "name": "水汽汽水瓶",
            "location": [
                3,
                2
            ],
            "direction": "None"
        },
        {
            "type": "Deploy",
            "name": "风笛",
            "location": [
                3,
                1
            ],
            "direction": "Down",
            "cooling": 1,
            "pre_delay": 1000
        },
        {
            "type": "Deploy",
            "name": "奶",
            "location": [
                1,
                3
            ],
            "direction": "Right"
        },
        {
            "type": "Deploy",
            "name": "铃兰",
            "location": [
                4,
                2
            ],
            "direction": "Down"
        },
        {
            "type": "Deploy",
            "name": "号角",
            "location": [
                2,
                1
            ],
            "direction": "Right"
        },
        {
            "type": "Deploy",
            "name": "水汽汽水瓶",
            "location": [
                7,
                1
            ],
            "direction": "None"
        },
        {
            "type": "Deploy",
            "name": "水汽汽水瓶",
            "location": [
                3,
                3
            ],
            "direction": "None"
        },
        {
            "type": "Deploy",
            "name": "艾雅法拉",
            "location": [
                4,
                3
            ],
            "direction": "Up",
            "pre_delay": 1000
        },
        {
            "type": "SpeedUp"
        },
        {
            "type": "Deploy",
            "name": "闪灵",
            "location": [
                1,
                2
            ],
            "direction": "Right"
        },
        {
            "type": "Deploy",
            "name": "水汽汽水瓶",
            "location": [
                3,
                2
            ],
            "direction": "None",
            "kills": 25
        },
        {
            "type": "SkillDaemon"
        }
    ],
    "doc": {
        "title": "火山旅梦 - SL-S-2 - 南方从未雨 测试",
        "details": "作业更新日期: 2024-08-22T11:59:19Z\n统计更新日期: 2024-08-23\n好评率：99.49%  浏览量：1344\n来源：萨拉托加  ID：40523\n\n测试\n原作者自在道爷 JSON作者萨拉托加\n作业交流群群号1003478193，可蹲作业，有问题进群找我，作业站消息没提醒看不到\n【【火山旅梦】SL-S-1至5挂机流，突袭任务都不愁！语音快乐详解，轻松解放双手 | 明日方舟攻略(含SL-S-4突袭，SL-S-5突袭等)】 https://www.bilibili.com/video/BV1JG411f7Cz/?share_source=copy_web&vd_source=3fd5040fe25f6a00e19e6072bcccfa4e"
    },
    "groups": [
        {
            "name": "奶",
            "opers": [
                {
                    "name": "纯烬艾雅法拉",
                    "skill": 1,
                    "skill_usage": 0
                },
                {
                    "name": "蜜莓",
                    "skill": 1,
                    "skill_usage": 0
                }
            ]
        }
    ],
    "opers": [
        {
            "name": "德克萨斯",
            "skill": 1,
            "skill_usage": 0
        },
        {
            "name": "风笛",
            "skill": 2,
            "skill_usage": 0
        },
        {
            "name": "号角",
            "skill": 1,
            "skill_usage": 0
        },
        {
            "name": "能天使",
            "skill": 3,
            "skill_usage": 0
        },
        {
            "name": "艾雅法拉",
            "skill": 2,
            "skill_usage": 0
        },
        {
            "name": "闪灵",
            "skill": 2,
            "skill_usage": 0
        },
        {
            "name": "铃兰",
            "skill": 2,
            "skill_usage": 0
        }
    ],
    "difficulty": 3
}