{
    "minimum_required": "v4.0.0",
    "stage_name": "act27side_tr02",
    "actions": [
        {
            "type": "SkillDaemon"
        }
    ],
    "doc": {
        "title": "火山旅梦 - SL-TR-2 - 跟着我拍拍手",
        "details": "作业更新日期: 2024-08-22T02:14:14Z\n统计更新日期: 2024-08-24\n好评率：99.68%  浏览量：1395\n来源：萨拉托加  ID：40505\n\n无需操作\nJSON作者萨拉托加\n作业交流群群号1003478193，可蹲作业，有问题进群找我，作业站消息没提醒看不到"
    },
    "groups": [],
    "opers": []
}