{
    "minimum_required": "v4.0.0",
    "stage_name": "act27side_ex07",
    "actions": [
        {
            "type": "Deploy",
            "name": "桃金娘",
            "location": [
                2,
                4
            ],
            "direction": "Right"
        },
        {
            "type": "Deploy",
            "name": "澄闪",
            "location": [
                2,
                5
            ],
            "direction": "Up"
        },
        {
            "type": "Deploy",
            "name": "水汽汽水瓶",
            "location": [
                8,
                3
            ],
            "direction": "None"
        },
        {
            "type": "Deploy",
            "name": "史尔特尔",
            "location": [
                8,
                3
            ],
            "direction": "Down",
            "cooling": 1
        },
        {
            "type": "Skill",
            "name": "史尔特尔",
            "pre_delay": 2000
        },
        {
            "type": "Deploy",
            "name": "水汽汽水瓶",
            "location": [
                8,
                5
            ],
            "direction": "None"
        },
        {
            "type": "SpeedUp"
        },
        {
            "type": "Deploy",
            "name": "夜莺",
            "location": [
                7,
                5
            ],
            "direction": "Up",
            "cooling": 1
        },
        {
            "type": "Deploy",
            "name": "幻影",
            "location": [
                8,
                5
            ],
            "direction": "None"
        },
        {
            "type": "Deploy",
            "name": "能天使",
            "location": [
                6,
                5
            ],
            "direction": "Right"
        },
        {
            "type": "SpeedUp",
            "kills": 8
        },
        {
            "type": "Retreat",
            "kills": 8,
            "name": "史尔特尔"
        },
        {
            "type": "Deploy",
            "kills": 8,
            "cooling": 1,
            "name": "奶盾",
            "location": [
                8,
                3
            ],
            "direction": "Down"
        },
        {
            "type": "SpeedUp",
            "kills": 8
        },
        {
            "type": "Deploy",
            "name": "泥岩",
            "location": [
                8,
                1
            ],
            "direction": "Left"
        },
        {
            "type": "Deploy",
            "name": "艾雅法拉",
            "location": [
                7,
                4
            ],
            "direction": "Up"
        },
        {
            "type": "Deploy",
            "name": "水汽汽水瓶",
            "location": [
                8,
                4
            ],
            "direction": "None"
        },
        {
            "type": "Deploy",
            "name": "史尔特尔",
            "location": [
                8,
                6
            ],
            "direction": "Right",
            "kills": 19
        },
        {
            "type": "Deploy",
            "name": "水汽汽水瓶",
            "location": [
                7,
                1
            ],
            "direction": "None",
            "kills": 23
        },
        {
            "type": "Skill",
            "name": "史尔特尔",
            "pre_delay": 3000
        },
        {
            "type": "SkillDaemon"
        }
    ],
    "doc": {
        "title": "火山旅梦 - SL-EX-7 - 离家五百里 测试中",
        "details": "作业更新日期: 2024-08-22T09:08:02Z\n统计更新日期: 2024-08-24\n好评率：97.59%  浏览量：4757\n来源：萨拉托加  ID：40519\n\n测试中\n原作者萧然Q JSON作者萨拉托加\n作业交流群群号1003478193，可蹲作业，有问题进群找我，作业站消息没提醒看不到\n【【火山旅梦】SL全关卡 摆完挂机 简单好抄】 https://www.bilibili.com/video/BV1Wh4y1C712/?p=18&share_source=copy_web&vd_source=3fd5040fe25f6a00e19e6072bcccfa4e"
    },
    "groups": [
        {
            "name": "奶盾",
            "opers": [
                {
                    "name": "塞雷娅",
                    "skill": 1,
                    "skill_usage": 0
                },
                {
                    "name": "黍",
                    "skill": 1,
                    "skill_usage": 0
                }
            ]
        }
    ],
    "opers": [
        {
            "name": "桃金娘",
            "skill": 1,
            "skill_usage": 1
        },
        {
            "name": "能天使",
            "skill": 3,
            "skill_usage": 0
        },
        {
            "name": "澄闪",
            "skill": 3,
            "skill_usage": 1
        },
        {
            "name": "史尔特尔",
            "skill": 3,
            "skill_usage": 0
        },
        {
            "name": "泥岩",
            "skill": 2,
            "skill_usage": 0
        },
        {
            "name": "艾雅法拉",
            "skill": 2,
            "skill_usage": 0
        },
        {
            "name": "夜莺",
            "skill": 2,
            "skill_usage": 0
        }
    ],
    "difficulty": 3
}