{
    "minimum_required": "v4.0.0",
    "stage_name": "act27side_tr01",
    "actions": [
        {
            "type": "Deploy",
            "name": "苍苔",
            "location": [
                8,
                3
            ],
            "direction": "Left"
        },
        {
            "type": "Deploy",
            "name": "水汽汽水瓶",
            "location": [
                8,
                2
            ],
            "direction": "None"
        },
        {
            "type": "Deploy",
            "name": "斑点",
            "location": [
                6,
                1
            ],
            "direction": "Left"
        },
        {
            "type": "SkillDaemon"
        }
    ],
    "doc": {
        "title": "火山旅梦 - SL-TR-1 - 黑咩咩",
        "details": "作业更新日期: 2024-08-22T01:12:35Z\n统计更新日期: 2024-08-24\n好评率：97.93%  浏览量：1351\n来源：萨拉托加  ID：40499\n\n原作者萧然Q JSON作者萨拉托加\n作业交流群群号1003478193，可蹲作业，有问题进群找我，作业站消息没提醒看不到\n【【火山旅梦】SL全关卡 摆完挂机 简单好抄】 https://www.bilibili.com/video/BV1Wh4y1C712/?share_source=copy_web&vd_source=3fd5040fe25f6a00e19e6072bcccfa4e"
    },
    "groups": [],
    "opers": []
}