{
    "minimum_required": "v4.0.0",
    "doc": {
        "title": "【火山旅梦】SL-1",
        "details": "作业更新日期: 2023-10-03T02:53:08Z\n统计更新日期: 2024-08-30\n好评率：89.69%  浏览量：3133\n来源：一只摆烂的42  ID：24994\n\n侬无言以对\nhttps://www.bilibili.com/video/BV1K14y1B7op/\n制作者：一只摆烂的42\n有问题联系QQ2586582719"
    },
    "stage_name": "act27side_01",
    "opers": [
        {
            "name": "煌",
            "skill": 2,
            "skill_usage": 0
        },
        {
            "name": "艾雅法拉",
            "skill": 2,
            "skill_usage": 0
        }
    ],
    "actions": [
        {
            "type": "二倍速",
            "name": ""
        },
        {
            "type": "Deploy",
            "name": "艾雅法拉",
            "location": [
                1,
                2
            ],
            "direction": "Down"
        },
        {
            "type": "部署",
            "name": "煌",
            "location": [
                1,
                3
            ],
            "direction": "下"
        }
    ],
    "groups": []
}