{
    "minimum_required": "v4.0.0",
    "stage_name": "act27side_04",
    "actions": [
        {
            "type": "SpeedUp"
        },
        {
            "type": "Deploy",
            "name": "山",
            "location": [
                6,
                2
            ],
            "direction": "Down"
        },
        {
            "type": "Deploy",
            "name": "伊芙利特",
            "location": [
                8,
                3
            ],
            "direction": "Left"
        },
        {
            "type": "Deploy",
            "name": "艾雅法拉",
            "location": [
                5,
                2
            ],
            "direction": "Down"
        },
        {
            "type": "Deploy",
            "name": "塞雷娅",
            "location": [
                4,
                2
            ],
            "direction": "Down"
        },
        {
            "type": "SkillDaemon",
            "doc": "有帮助的话 点个赞吧~",
            "doc_color": "#d63384"
        }
    ],
    "doc": {
        "title": "火山旅梦 SL-4 萧然Q攻略 摆完挂机",
        "details": "作业更新日期: 2023-08-02T02:45:51Z\n统计更新日期: 2024-08-30\n好评率：93.85%  浏览量：9355\n来源：鱼丸不是鱼van  ID：25004\n\n攻略作者：萧然Q https://www.bilibili.com/video/BV1Wh4y1C712 记得去b站给萧然宝贝点赞三连\njson作者：鱼丸 有问题请点踩然后在评论区反馈 评论区不解决maa问题\n需要上下位替代可自行下载json进行修改\n平均练度 2603 已测试"
    },
    "groups": [],
    "opers": [
        {
            "name": "塞雷娅",
            "skill": 1,
            "skill_usage": 0
        },
        {
            "name": "艾雅法拉",
            "skill": 2,
            "skill_usage": 0
        },
        {
            "name": "山",
            "skill": 2,
            "skill_usage": 2
        },
        {
            "name": "伊芙利特",
            "skill": 2,
            "skill_usage": 0
        }
    ]
}