{
    "minimum_required": "v4.0.0",
    "stage_name": "act27side_06",
    "actions": [
        {
            "type": "SpeedUp"
        },
        {
            "type": "Deploy",
            "name": "棘刺",
            "location": [
                3,
                5
            ],
            "direction": "Up"
        },
        {
            "type": "Deploy",
            "name": "水汽汽水瓶",
            "location": [
                2,
                5
            ],
            "direction": "None"
        },
        {
            "type": "Deploy",
            "name": "凯尔希",
            "location": [
                6,
                2
            ],
            "direction": "Left"
        },
        {
            "type": "Deploy",
            "name": "Mon3tr",
            "location": [
                2,
                1
            ],
            "direction": "Left"
        },
        {
            "type": "Skill",
            "name": "凯尔希",
            "location": [
                6,
                2
            ],
            "costs": 42
        },
        {
            "type": "SkillUsage",
            "name": "凯尔希",
            "skill_usage": 1
        },
        {
            "type": "Deploy",
            "name": "水汽汽水瓶",
            "kills": 15,
            "location": [
                2,
                5
            ],
            "direction": "None"
        },
        {
            "type": "SkillUsage",
            "name": "凯尔希",
            "skill_usage": 0
        },
        {
            "type": "Deploy",
            "name": "水汽汽水瓶",
            "location": [
                2,
                5
            ],
            "direction": "None"
        },
        {
            "type": "Skill",
            "name": "凯尔希",
            "location": [
                6,
                2
            ],
            "kills": 22
        },
        {
            "type": "SkillDaemon",
            "doc_color": "#d63384",
            "doc": "有帮助的话 点个赞吧~"
        }
    ],
    "doc": {
        "title": "火山旅梦 SL-6 速刷 幽幽子幽幽攻略",
        "details": "作业更新日期: 2023-08-02T14:41:25Z\n统计更新日期: 2024-08-24\n好评率：92.81%  浏览量：2469\n来源：鱼丸不是鱼van  ID：25055\n\n棘刺技能一定要及时开 maa可能检测不到 否则翻车\n攻略作者：幽幽子幽幽 https://www.bilibili.com/video/BV1Gu4y1m7er记得去b站给幽幽子幽幽点赞三连\njson作者：鱼丸 有问题请点踩然后在评论区反馈 评论区不解决maa问题\n需要上下位替代可自行下载json进行修改\n平均练度 2803 已测试"
    },
    "groups": [],
    "opers": [
        {
            "name": "凯尔希",
            "skill": 3,
            "skill_usage": 0
        },
        {
            "name": "棘刺",
            "skill": 3,
            "skill_usage": 1
        }
    ]
}