{
    "minimum_required": "v4.0.0",
    "stage_name": "act27side_08",
    "actions": [
        {
            "type": "Deploy",
            "name": "维什戴尔",
            "location": [
                6,
                4
            ],
            "direction": "Left"
        },
        {
            "type": "SpeedUp"
        },
        {
            "type": "Deploy",
            "name": "水汽汽水瓶",
            "location": [
                5,
                5
            ],
            "direction": "None"
        },
        {
            "type": "Skill",
            "costs": 25,
            "pre_delay": 200,
            "name": "维什戴尔"
        },
        {
            "type": "Deploy",
            "name": "水汽汽水瓶",
            "location": [
                5,
                2
            ],
            "direction": "None",
            "pre_delay": 700
        },
        {
            "type": "Deploy",
            "name": "水汽汽水瓶",
            "location": [
                4,
                2
            ],
            "kills": 11,
            "direction": "None"
        },
        {
            "type": "Deploy",
            "name": "水汽汽水瓶",
            "location": [
                4,
                2
            ],
            "costs": 91,
            "pre_delay": 200,
            "direction": "None"
        },
        {
            "type": "Skill",
            "name": "维什戴尔",
            "kills": 24,
            "pre_delay": 1000
        },
        {
            "type": "Skill",
            "name": "维什戴尔",
            "kills": 29,
            "doc_color": "#6f42c1",
            "doc": "29杀关技能"
        },
        {
            "type": "Retreat",
            "location": [
                5,
                5
            ],
            "pre_delay": 37000,
            "rear_delay": 3000
        },
        {
            "type": "Deploy",
            "name": "水汽汽水瓶",
            "location": [
                3,
                5
            ],
            "direction": "None"
        },
        {
            "type": "Skill",
            "name": "维什戴尔",
            "pre_delay": 1500
        },
        {
            "type": "Skill",
            "name": "维什戴尔",
            "pre_delay": 7300,
            "doc_color": "#6f42c1",
            "doc": "打死第一阶段 关技能"
        },
        {
            "type": "Deploy",
            "name": "水汽汽水瓶",
            "location": [
                4,
                5
            ],
            "pre_delay": 9000,
            "direction": "None"
        },
        {
            "type": "Retreat",
            "location": [
                6,
                5
            ],
            "kills": 30
        },
        {
            "type": "Deploy",
            "name": "水汽汽水瓶",
            "location": [
                6,
                5
            ],
            "direction": "None"
        },
        {
            "type": "Deploy",
            "name": "水汽汽水瓶",
            "location": [
                6,
                5
            ],
            "direction": "None"
        },
        {
            "type": "Skill",
            "name": "维什戴尔",
            "pre_delay": 1000
        },
        {
            "type": "Skill",
            "name": "维什戴尔",
            "kills": 38,
            "doc_color": "#6f42c1",
            "doc": "38杀关技能"
        },
        {
            "type": "Skill",
            "name": "维什戴尔",
            "pre_delay": 24700
        },
        {
            "type": "Deploy",
            "name": "水汽汽水瓶",
            "location": [
                5,
                2
            ],
            "direction": "None"
        },
        {
            "type": "Output",
            "doc_color": "#d63384",
            "doc": "游戏嘎术！"
        }
    ],
    "doc": {
        "title": "火山旅梦 - SL-8 单人信赖队速刷紫薯",
        "details": "作业更新日期: 2024-08-25T03:44:34Z\n统计更新日期: 2024-08-30\n好评率：89.09%  浏览量：3517\n来源：一只摆烂的42  ID：40620\n\nUP：冰海孤魂\n原视频：https://www.bilibili.com/video/BV1C5W5eAEXR/\n维什戴尔单人信赖速刷，需要90级\n概率失败，打不过多打几次\n制作者：一只摆烂的42\n有问题联系QQ2586582719\n修改自用请删除我的QQ\n测试通过"
    },
    "groups": [],
    "opers": [
        {
            "name": "维什戴尔",
            "skill": 3,
            "skill_usage": 0
        }
    ]
}