{
    "minimum_required": "v4.0.0",
    "stage_name": "act27side_ex07",
    "actions": [
        {
            "type": "SpeedUp"
        },
        {
            "type": "Deploy",
            "name": "桃金娘",
            "location": [
                2,
                4
            ],
            "direction": "Right"
        },
        {
            "type": "Deploy",
            "name": "水汽汽水瓶",
            "location": [
                7,
                3
            ],
            "direction": "None"
        },
        {
            "type": "SpeedUp",
            "costs": 30
        },
        {
            "type": "Deploy",
            "name": "麒麟R夜刀",
            "location": [
                5,
                3
            ],
            "direction": "Right",
            "costs": 35
        },
        {
            "type": "Retreat",
            "name": "麒麟R夜刀",
            "location": [
                5,
                3
            ],
            "pre_delay": 1500
        },
        {
            "type": "Deploy",
            "name": "塞雷娅",
            "location": [
                8,
                3
            ],
            "direction": "Left"
        },
        {
            "type": "SpeedUp"
        },
        {
            "type": "Deploy",
            "name": "水汽汽水瓶",
            "location": [
                7,
                6
            ],
            "direction": "None"
        },
        {
            "type": "Deploy",
            "name": "麒麟R夜刀",
            "location": [
                5,
                6
            ],
            "direction": "Right"
        },
        {
            "type": "Retreat",
            "name": "麒麟R夜刀",
            "location": [
                5,
                6
            ],
            "pre_delay": 1000
        },
        {
            "type": "SpeedUp"
        },
        {
            "type": "Deploy",
            "name": "能天使",
            "location": [
                6,
                5
            ],
            "direction": "Right"
        },
        {
            "type": "Deploy",
            "name": "夜莺",
            "location": [
                7,
                5
            ],
            "direction": "Up"
        },
        {
            "type": "Deploy",
            "name": "艾雅法拉",
            "location": [
                7,
                4
            ],
            "direction": "Up"
        },
        {
            "type": "Deploy",
            "name": "麒麟R夜刀",
            "location": [
                3,
                4
            ],
            "direction": "Left"
        },
        {
            "type": "Retreat",
            "name": "麒麟R夜刀",
            "location": [
                3,
                4
            ],
            "kills": 0,
            "pre_delay": 1500
        },
        {
            "type": "SpeedUp"
        },
        {
            "type": "Deploy",
            "name": "泥岩",
            "location": [
                8,
                1
            ],
            "direction": "Left"
        },
        {
            "type": "Deploy",
            "name": "煌",
            "location": [
                8,
                6
            ],
            "direction": "Right"
        },
        {
            "type": "Deploy",
            "name": "伊芙利特",
            "location": [
                10,
                1
            ],
            "direction": "Left"
        },
        {
            "type": "SkillUsage",
            "name": "桃金娘",
            "skill_usage": 0
        },
        {
            "type": "Skill",
            "name": "夜莺",
            "location": [
                7,
                5
            ],
            "kills": 23
        },
        {
            "type": "SkillDaemon",
            "doc_color": "#d63384",
            "doc": "有帮助的话 点个赞吧~"
        }
    ],
    "doc": {
        "title": "火山旅梦 SL-EX-7   突袭普通（通用",
        "details": "作业更新日期: 2024-08-23T19:18:16Z\n统计更新日期: 2024-08-30\n好评率：97.02%  浏览量：2436\n来源：022.  ID：25318\n\n自用\n平均练度 2603 已测试（可以过但有概率漏怪\n"
    },
    "groups": [],
    "opers": [
        {
            "name": "煌",
            "skill": 2,
            "skill_usage": 0
        },
        {
            "name": "能天使",
            "skill": 3,
            "skill_usage": 0
        },
        {
            "name": "桃金娘",
            "skill": 1,
            "skill_usage": 1
        },
        {
            "name": "泥岩",
            "skill": 2,
            "skill_usage": 0
        },
        {
            "name": "塞雷娅",
            "skill": 1,
            "skill_usage": 0
        },
        {
            "name": "艾雅法拉",
            "skill": 2,
            "skill_usage": 0
        },
        {
            "name": "夜莺",
            "skill": 3,
            "skill_usage": 0
        },
        {
            "name": "伊芙利特",
            "skill": 2,
            "skill_usage": 0
        },
        {
            "name": "麒麟R夜刀",
            "skill": 3,
            "skill_usage": 0
        }
    ],
    "difficulty": 3
}