{
    "minimum_required": "v4.0.0",
    "stage_name": "act27side_ex01",
    "actions": [
        {
            "type": "SpeedUp"
        },
        {
            "type": "Deploy",
            "name": "塞雷娅",
            "location": [
                9,
                3
            ],
            "direction": "Left"
        },
        {
            "type": "Deploy",
            "name": "煌",
            "location": [
                8,
                4
            ],
            "direction": "Up"
        },
        {
            "type": "Deploy",
            "name": "拉普兰德",
            "location": [
                9,
                2
            ],
            "direction": "Left"
        },
        {
            "type": "Deploy",
            "name": "艾雅法拉",
            "location": [
                8,
                5
            ],
            "direction": "Up"
        },
        {
            "type": "Deploy",
            "name": "蜜莓",
            "location": [
                10,
                4
            ],
            "direction": "Left"
        },
        {
            "type": "SkillDaemon",
            "doc_color": "#d63384",
            "doc": "有帮助的话 点个赞吧~"
        }
    ],
    "doc": {
        "title": "火山旅梦 SL-EX-1 突袭普通兼容 萧然Q攻略 摆完挂机",
        "details": "作业更新日期: 2023-08-11T00:59:10Z\n统计更新日期: 2024-08-24\n好评率：95.47%  浏览量：54474\n来源：鱼丸不是鱼van  ID：25269\n\n删除了元素奶干员组 有需要的自己改json吧\n攻略作者：萧然Q https://www.bilibili.com/video/BV1Wh4y1C712 记得去b站给萧然宝贝点赞三连\njson作者：鱼丸 有问题请点踩然后在评论区反馈 评论区不解决maa问题\n需要上下位替代可自行下载json进行修改\n平均练度 2603 已测试"
    },
    "groups": [],
    "opers": [
        {
            "name": "煌",
            "skill": 2,
            "skill_usage": 0
        },
        {
            "name": "拉普兰德",
            "skill": 2,
            "skill_usage": 0
        },
        {
            "name": "蜜莓",
            "skill": 1,
            "skill_usage": 0
        },
        {
            "name": "艾雅法拉",
            "skill": 2,
            "skill_usage": 0
        },
        {
            "name": "塞雷娅",
            "skill": 1,
            "skill_usage": 0
        }
    ],
    "difficulty": 3
}