{
    "minimum_required": "v4.0.0",
    "stage_name": "act27side_ex05",
    "actions": [
        {
            "type": "Deploy",
            "name": "桃金娘",
            "location": [
                10,
                6
            ],
            "direction": "Up"
        },
        {
            "type": "Deploy",
            "name": "塞雷娅",
            "location": [
                5,
                3
            ],
            "direction": "Up"
        },
        {
            "type": "SpeedUp"
        },
        {
            "type": "Deploy",
            "name": "假日威龙陈",
            "location": [
                4,
                5
            ],
            "direction": "Left"
        },
        {
            "type": "Deploy",
            "name": "能天使",
            "location": [
                6,
                5
            ],
            "direction": "Left"
        },
        {
            "type": "Deploy",
            "name": "维什戴尔",
            "location": [
                6,
                4
            ],
            "direction": "Up"
        },
        {
            "type": "Deploy",
            "name": "煌",
            "location": [
                4,
                3
            ],
            "direction": "Right"
        },
        {
            "type": "Deploy",
            "name": "艾雅法拉",
            "location": [
                7,
                4
            ],
            "direction": "Up"
        },
        {
            "type": "Skill",
            "location": [
                4,
                5
            ],
            "kills": 5
        },
        {
            "type": "Deploy",
            "name": "棘刺",
            "location": [
                6,
                3
            ],
            "direction": "Up"
        },
        {
            "type": "Retreat",
            "location": [
                10,
                6
            ]
        },
        {
            "type": "Deploy",
            "name": "水汽汽水瓶",
            "location": [
                3,
                5
            ],
            "direction": "None"
        },
        {
            "type": "SkillDaemon"
        }
    ],
    "doc": {
        "title": "老咸鱼SL-EX-5 - 瓶中时光",
        "details": "作业更新日期: 2024-08-22T16:22:06Z\n统计更新日期: 2024-08-30\n好评率：98.07%  浏览量：2835\n来源：qaq123  ID：40575\n\n自用\n2903，无模组\n灰烬可以修改成你自己的副狙"
    },
    "groups": [],
    "opers": [
        {
            "name": "风笛",
            "skill": 2,
            "skill_usage": 0
        },
        {
            "name": "桃金娘",
            "skill": 1,
            "skill_usage": 1
        },
        {
            "name": "棘刺",
            "skill": 3,
            "skill_usage": 1
        },
        {
            "name": "塞雷娅",
            "skill": 1,
            "skill_usage": 0
        },
        {
            "name": "煌",
            "skill": 2,
            "skill_usage": 0
        },
        {
            "name": "能天使",
            "skill": 3,
            "skill_usage": 0
        },
        {
            "name": "艾雅法拉",
            "skill": 2,
            "skill_usage": 0
        },
        {
            "name": "假日威龙陈",
            "skill": 3,
            "skill_usage": 1
        },
        {
            "name": "维什戴尔",
            "skill": 3,
            "skill_usage": 1
        }
    ],
    "difficulty": 3
}