{
    "minimum_required": "v4.0.0",
    "stage_name": "act27side_mo01",
    "actions": [
        {
            "type": "SpeedUp"
        },
        {
            "type": "Deploy",
            "name": "桃金娘",
            "location": [
                3,
                1
            ],
            "direction": "Right"
        },
        {
            "type": "Deploy",
            "name": "德克萨斯",
            "location": [
                4,
                1
            ],
            "direction": "Right"
        },
        {
            "type": "Deploy",
            "name": "提丰",
            "location": [
                6,
                3
            ],
            "direction": "Right"
        },
        {
            "type": "Deploy",
            "name": "铃兰",
            "location": [
                4,
                4
            ],
            "direction": "Down"
        },
        {
            "type": "Deploy",
            "name": "艾雅法拉",
            "location": [
                4,
                6
            ],
            "direction": "Up"
        },
        {
            "type": "Deploy",
            "name": "煌",
            "location": [
                5,
                2
            ],
            "direction": "Down"
        },
        {
            "type": "Deploy",
            "name": "澄闪",
            "location": [
                6,
                5
            ],
            "direction": "Left"
        },
        {
            "type": "Deploy",
            "name": "行医",
            "location": [
                3,
                4
            ],
            "direction": "Right"
        },
        {
            "type": "Deploy",
            "name": "夜莺",
            "location": [
                6,
                4
            ],
            "direction": "Left"
        },
        {
            "type": "Deploy",
            "name": "水汽汽水瓶",
            "location": [
                5,
                3
            ],
            "direction": "None",
            "doc": "1瓶",
            "doc_color": "Gray"
        },
        {
            "type": "Deploy",
            "name": "水汽汽水瓶",
            "location": [
                5,
                3
            ],
            "direction": "None",
            "doc_color": "Gray",
            "doc": "2瓶"
        },
        {
            "type": "Deploy",
            "name": "水汽汽水瓶",
            "location": [
                5,
                3
            ],
            "direction": "None",
            "doc_color": "Gray",
            "doc": "3瓶"
        },
        {
            "type": "Deploy",
            "name": "水汽汽水瓶",
            "location": [
                5,
                3
            ],
            "direction": "None",
            "doc_color": "Gray",
            "doc": "4瓶"
        },
        {
            "type": "Deploy",
            "name": "水汽汽水瓶",
            "location": [
                5,
                3
            ],
            "direction": "None",
            "doc_color": "Gray",
            "doc": "5瓶"
        },
        {
            "type": "Deploy",
            "name": "水汽汽水瓶",
            "location": [
                5,
                3
            ],
            "direction": "None",
            "doc_color": "Gray",
            "doc": "6瓶"
        },
        {
            "type": "Deploy",
            "name": "水汽汽水瓶",
            "location": [
                5,
                3
            ],
            "direction": "None",
            "doc_color": "Gray",
            "doc": "7瓶"
        },
        {
            "type": "Deploy",
            "name": "水汽汽水瓶",
            "location": [
                5,
                3
            ],
            "direction": "None",
            "doc_color": "Gray",
            "doc": "8瓶 任务完成"
        },
        {
            "type": "SkillUsage",
            "name": "桃金娘",
            "skill_usage": 0
        },
        {
            "type": "SkillDaemon",
            "doc_color": "DarkRed",
            "doc": "有帮助的话 给个好评吧~"
        }
    ],
    "doc": {
        "title": "火山旅梦 SL-MO-1 萧然Q攻略 摆完挂机",
        "details": "作业更新日期: 2023-08-16T02:11:11Z\n统计更新日期: 2024-08-24\n好评率：92.73%  浏览量：19809\n来源：鱼丸不是鱼van  ID：25635\n\n攻略作者：萧然Q https://www.bilibili.com/video/BV1Wh4y1C712 记得去b站给萧然宝贝点赞三连\njson作者：鱼丸  评论区不解决maa问题\n平均练度 2603 已测试"
    },
    "groups": [
        {
            "name": "行医",
            "opers": [
                {
                    "name": "纯烬艾雅法拉",
                    "skill": 1,
                    "skill_usage": 0
                },
                {
                    "name": "蜜莓",
                    "skill": 1,
                    "skill_usage": 0
                }
            ]
        }
    ],
    "opers": [
        {
            "name": "桃金娘",
            "skill": 1,
            "skill_usage": 1
        },
        {
            "name": "德克萨斯",
            "skill": 1,
            "skill_usage": 0
        },
        {
            "name": "煌",
            "skill": 2,
            "skill_usage": 0
        },
        {
            "name": "提丰",
            "skill": 2,
            "skill_usage": 1
        },
        {
            "name": "艾雅法拉",
            "skill": 2,
            "skill_usage": 0
        },
        {
            "name": "澄闪",
            "skill": 2,
            "skill_usage": 0
        },
        {
            "name": "夜莺",
            "skill": 2,
            "skill_usage": 0
        },
        {
            "name": "铃兰",
            "skill": 2,
            "skill_usage": 0
        }
    ]
}