{
    "minimum_required": "v4.0.0",
    "stage_name": "act27side_s04",
    "actions": [
        {
            "type": "Deploy",
            "name": "伊内丝",
            "location": [
                1,
                4
            ],
            "direction": "Right"
        },
        {
            "type": "Skill",
            "name": "伊内丝",
            "location": [
                1,
                4
            ],
            "cost_changes": 12
        },
        {
            "type": "SpeedUp"
        },
        {
            "type": "Deploy",
            "name": "维什戴尔",
            "location": [
                3,
                5
            ],
            "direction": "Up"
        },
        {
            "type": "Deploy",
            "name": "澄闪",
            "location": [
                2,
                6
            ],
            "direction": "Up"
        },
        {
            "type": "Deploy",
            "name": "水汽汽水瓶",
            "location": [
                10,
                2
            ],
            "direction": "None",
            "cost_changes": 17
        },
        {
            "type": "Deploy",
            "name": "山",
            "location": [
                10,
                1
            ],
            "cost_changes": 6,
            "direction": "Left"
        },
        {
            "type": "Skill",
            "name": "伊内丝",
            "location": [
                1,
                4
            ],
            "kills": 13,
            "pre_delay": 2500
        },
        {
            "type": "Deploy",
            "name": "水汽汽水瓶",
            "location": [
                4,
                4
            ],
            "direction": "None",
            "cost_changes": 7
        },
        {
            "type": "Deploy",
            "name": "水汽汽水瓶",
            "location": [
                4,
                4
            ],
            "direction": "None",
            "cost_changes": 7
        },
        {
            "type": "Deploy",
            "name": "水汽汽水瓶",
            "location": [
                4,
                4
            ],
            "cost_changes": 5,
            "direction": "None"
        },
        {
            "type": "Deploy",
            "name": "盾",
            "location": [
                1,
                5
            ],
            "costs": 90,
            "direction": "Up"
        },
        {
            "type": "Skill",
            "name": "伊内丝",
            "location": [
                1,
                4
            ],
            "kills": 31
        },
        {
            "type": "Deploy",
            "kills": 32,
            "name": "夜刀",
            "location": [
                5,
                3
            ],
            "direction": "Right"
        },
        {
            "type": "Deploy",
            "name": "水汽汽水瓶",
            "location": [
                4,
                4
            ],
            "cost_changes": 0,
            "direction": "None"
        },
        {
            "type": "SkillDaemon"
        }
    ],
    "doc": {
        "title": "火山旅梦 - SL-S-4 稳+少人+好抄+任务",
        "details": "作业更新日期: 2024-08-23T12:43:47Z\n统计更新日期: 2024-08-30\n好评率：94.59%  浏览量：4789\n来源：baianjo  ID：40650\n\nhttps://www.bilibili.com/video/BV1K3WUePE6W\n这作者真的人才 技能好了就开\n专二澄闪也能用\new伊内丝自测2603\n我用了mumu增强模式\n如果作业崩了是我或者maa的问题 不是作业的问题 \n拿盾顶在伊内丝后面就行 或者看原视频"
    },
    "groups": [
        {
            "name": "盾",
            "opers": [
                {
                    "name": "星熊",
                    "skill": 2,
                    "skill_usage": 0
                },
                {
                    "name": "煌",
                    "skill": 2,
                    "skill_usage": 0
                },
                {
                    "name": "塞雷娅",
                    "skill": 1,
                    "skill_usage": 0
                },
                {
                    "name": "黍",
                    "skill": 1,
                    "skill_usage": 0
                }
            ]
        }
    ],
    "opers": [
        {
            "skill_times": 1,
            "name": "山",
            "skill": 2,
            "skill_usage": 2
        },
        {
            "name": "维什戴尔",
            "skill": 3,
            "skill_usage": 1
        },
        {
            "name": "澄闪",
            "skill": 3,
            "skill_usage": 1
        },
        {
            "name": "伊内丝",
            "skill": 2,
            "skill_usage": 0
        },
        {
            "name": "夜刀",
            "skill": 1,
            "skill_usage": 0
        }
    ],
    "difficulty": 3
}