{
    "minimum_required": "v4.0.0",
    "stage_name": "act27side_s02",
    "actions": [
        {
            "type": "Deploy",
            "name": "桃金娘",
            "location": [
                4,
                6
            ],
            "direction": "Up"
        },
        {
            "type": "BulletTime",
            "name": "桃金娘",
            "location": [
                4,
                6
            ],
            "costs": 19
        },
        {
            "type": "Deploy",
            "name": "史尔特尔",
            "location": [
                4,
                1
            ],
            "direction": "Left"
        },
        {
            "type": "BulletTime",
            "name": "史尔特尔",
            "location": [
                4,
                1
            ],
            "costs": 7
        },
        {
            "type": "Skill",
            "name": "史尔特尔",
            "location": [
                4,
                1
            ]
        },
        {
            "type": "Deploy",
            "name": "山",
            "location": [
                4,
                5
            ],
            "direction": "Up"
        },
        {
            "type": "SpeedUp",
            "pre_delay": 1000
        },
        {
            "type": "Deploy",
            "name": "水汽汽水瓶",
            "location": [
                3,
                1
            ],
            "direction": "None"
        },
        {
            "type": "Deploy",
            "name": "铃兰",
            "location": [
                4,
                2
            ],
            "direction": "Down",
            "pre_delay": 500
        },
        {
            "type": "Deploy",
            "name": "煌",
            "location": [
                3,
                1
            ],
            "direction": "Right"
        },
        {
            "type": "SpeedUp"
        },
        {
            "type": "Deploy",
            "name": "伊芙利特",
            "location": [
                3,
                5
            ],
            "direction": "Right"
        },
        {
            "type": "SpeedUp"
        },
        {
            "type": "Deploy",
            "name": "夜莺",
            "location": [
                2,
                2
            ],
            "direction": "Right"
        },
        {
            "type": "Deploy",
            "name": "艾雅法拉",
            "location": [
                4,
                3
            ],
            "direction": "Up"
        },
        {
            "type": "Deploy",
            "name": "风笛",
            "location": [
                3,
                2
            ],
            "direction": "Down"
        },
        {
            "type": "Deploy",
            "name": "水汽汽水瓶",
            "location": [
                3,
                3
            ],
            "direction": "None"
        },
        {
            "type": "SkillUsage",
            "name": "桃金娘",
            "skill_usage": 0
        },
        {
            "type": "Deploy",
            "name": "水汽汽水瓶",
            "location": [
                3,
                3
            ],
            "direction": "None"
        },
        {
            "type": "Deploy",
            "name": "水汽汽水瓶",
            "location": [
                4,
                1
            ],
            "direction": "None"
        },
        {
            "type": "Deploy",
            "name": "水汽汽水瓶",
            "location": [
                4,
                1
            ],
            "direction": "None"
        },
        {
            "type": "Deploy",
            "name": "水汽汽水瓶",
            "location": [
                3,
                3
            ],
            "direction": "None"
        },
        {
            "type": "Deploy",
            "name": "水汽汽水瓶",
            "location": [
                3,
                3
            ],
            "direction": "None"
        },
        {
            "type": "Deploy",
            "name": "水汽汽水瓶",
            "location": [
                4,
                1
            ],
            "direction": "None"
        },
        {
            "type": "SkillDaemon",
            "doc_color": "DarkRed",
            "doc": "有帮助的话 给个好评吧~"
        }
    ],
    "doc": {
        "title": "火山旅梦 SL-S-2 任务/突袭兼容 萧然Q攻略 摆完挂机",
        "details": "作业更新日期: 2023-08-15T11:45:08Z\n统计更新日期: 2024-08-30\n好评率：93.7%  浏览量：27360\n来源：鱼丸不是鱼van  ID：25591\n\n攻略作者：萧然Q https://www.bilibili.com/video/BV1Wh4y1C712 记得去b站给萧然宝贝点赞三连\njson作者：鱼丸  评论区不解决maa问题\n平均练度 2603 已测试"
    },
    "groups": [],
    "opers": [
        {
            "name": "风笛",
            "skill": 2,
            "skill_usage": 0
        },
        {
            "name": "桃金娘",
            "skill": 1,
            "skill_usage": 1
        },
        {
            "name": "艾雅法拉",
            "skill": 2,
            "skill_usage": 0
        },
        {
            "name": "铃兰",
            "skill": 2,
            "skill_usage": 0
        },
        {
            "name": "煌",
            "skill": 2,
            "skill_usage": 0
        },
        {
            "name": "山",
            "skill": 2,
            "skill_usage": 2
        },
        {
            "name": "史尔特尔",
            "skill": 3,
            "skill_usage": 0
        },
        {
            "name": "伊芙利特",
            "skill": 2,
            "skill_usage": 0
        },
        {
            "name": "夜莺",
            "skill": 2,
            "skill_usage": 0
        },
        {
            "name": "德克萨斯",
            "skill": 1,
            "skill_usage": 0
        }
    ]
}