{
  "minimum_required": "v4.0.0",
  "doc": {
    "title": "【火山旅梦】SL-4",
    "details": "侬无言以对\nhttps://www.bilibili.com/video/BV1cz4y1s7P7/\n制作者：一只摆烂的42\n有问题联系QQ2586582719"
  },
  "stage_name": "act27side_04",
  "opers": [
    {
      "name": "煌",
      "skill": 2,
      "skill_usage": 0
    },
    {
      "name": "伊芙利特",
      "skill": 2,
      "skill_usage": 0
    },
    {
      "name": "塞雷娅",
      "skill": 2,
      "skill_usage": 0
    },
    {
      "name": "闪灵",
      "skill": 2,
      "skill_usage": 0
    }
  ],
  "actions": [
    {
      "type": "二倍速",
      "name": ""
    },
    {
      "type": "部署",
      "name": "塞雷娅",
      "location": [
        6,
        2
      ],
      "direction": "下"
    },
    {
      "type": "部署",
      "name": "伊芙利特",
      "location": [
        8,
        3
      ],
      "direction": "左"
    },
    {
      "type": "部署",
      "name": "煌",
      "location": [
        4,
        2
      ],
      "direction": "下"
    },
    {
      "type": "部署",
      "name": "闪灵",
      "location": [
        5,
        2
      ],
      "direction": "下"
    }
  ]
}