{
  "minimum_required": "v4.0.0",
  "stage_name": "SL-S-5",
  "actions": [
    {
      "type": "Deploy",
      "name": "桃金娘",
      "location": [
        10,
        2
      ],
      "direction": "Right"
    },
    {
      "type": "Deploy",
      "name": "浊心斯卡蒂",
      "location": [
        3,
        5
      ],
      "direction": "Left"
    },
    {
      "type": "Deploy",
      "name": "山",
      "location": [
        11,
        3
      ],
      "direction": "Up"
    },
    {
      "type": "Deploy",
      "name": "水汽汽水瓶",
      "location": [
        11,
        2
      ],
      "direction": "None"
    },
    {
      "type": "Skill",
      "name": "山",
      "location": [
        11,
        3
      ]
    },
    {
      "type": "Deploy",
      "name": "德克萨斯",
      "location": [
        1,
        6
      ],
      "direction": "Up"
    },
    {
      "type": "Deploy",
      "name": "纯烬艾雅法拉",
      "location": [
        2,
        6
      ],
      "direction": "Up"
    },
    {
      "type": "SpeedUp"
    },
    {
      "type": "Deploy",
      "name": "澄闪",
      "location": [
        2,
        5
      ],
      "direction": "Up"
    },
    {
      "type": "Deploy",
      "name": "铃兰",
      "location": [
        3,
        4
      ],
      "direction": "Left"
    },
    {
      "type": "Deploy",
      "name": "玛恩纳",
      "location": [
        4,
        5
      ],
      "direction": "Right"
    },
    {
      "type": "Deploy",
      "name": "艾雅法拉",
      "location": [
        3,
        3
      ],
      "direction": "Right"
    },
    {
      "type": "Deploy",
      "name": "水汽汽水瓶",
      "location": [
        5,
        2
      ],
      "direction": "None"
    },
    {
      "type": "Deploy",
      "name": "水汽汽水瓶",
      "location": [
        5,
        2
      ],
      "direction": "None",
      "pre_delay": 7500
    },
    {
      "type": "Deploy",
      "name": "水汽汽水瓶",
      "location": [
        4,
        3
      ],
      "direction": "None",
      "kills": 9
    },
    {
      "type": "Skill",
      "name": "玛恩纳",
      "location": [
        4,
        5
      ],
      "pre_delay": 1000
    },
    {
      "type": "Deploy",
      "name": "水汽汽水瓶",
      "location": [
        11,
        2
      ],
      "direction": "None"
    },
    {
      "type": "Deploy",
      "name": "水汽汽水瓶",
      "location": [
        4,
        3
      ],
      "direction": "None"
    },
    {
      "type": "SkillUsage",
      "name": "桃金娘",
      "skill_usage": 0
    },
    {
      "type": "Deploy",
      "name": "水汽汽水瓶",
      "kills": 25,
      "location": [
        11,
        2
      ],
      "direction": "None"
    },
    {
      "type": "Skill",
      "name": "玛恩纳",
      "location": [
        4,
        5
      ],
      "pre_delay": 12000
    },
    {
      "type": "Deploy",
      "name": "水汽汽水瓶",
      "location": [
        4,
        3
      ],
      "direction": "None"
    },
    {
      "type": "Deploy",
      "name": "水汽汽水瓶",
      "location": [
        11,
        2
      ],
      "direction": "None",
      "kills": 36
    },
    {
      "type": "Deploy",
      "name": "斯卡蒂的海嗣",
      "location": [
        10,
        3
      ],
      "direction": "None",
      "kills": 36
    },
    {
      "type": "Retreat",
      "name": "桃金娘",
      "location": [
        10,
        2
      ]
    },
    {
      "type": "Deploy",
      "name": "风笛",
      "location": [
        10,
        2
      ],
      "direction": "Right",
      "kills": 37
    },
    {
      "type": "Deploy",
      "name": "水汽汽水瓶",
      "location": [
        11,
        2
      ],
      "direction": "None"
    },
    {
      "type": "Deploy",
      "name": "水汽汽水瓶",
      "location": [
        11,
        2
      ],
      "direction": "None"
    },
    {
      "type": "Deploy",
      "name": "斯卡蒂的海嗣",
      "location": [
        10,
        3
      ],
      "direction": "None"
    },
    {
      "type": "SkillDaemon"
    }
  ],
  "doc": {
    "title": "突袭/普通 sl-s-5高配9人挂机 自用",
    "details": "已测试\n能过但有时候需要点运气"
  },
  "groups": [],
  "opers": [
    {
      "name": "浊心斯卡蒂",
      "skill": 2,
      "skill_usage": 0
    },
    {
      "name": "澄闪",
      "skill": 2,
      "skill_usage": 0
    },
    {
      "name": "铃兰",
      "skill": 2,
      "skill_usage": 0
    },
    {
      "name": "玛恩纳",
      "skill": 3,
      "skill_usage": 0
    },
    {
      "name": "桃金娘",
      "skill": 1,
      "skill_usage": 1
    },
    {
      "name": "山",
      "skill": 2,
      "skill_usage": 0
    },
    {
      "name": "艾雅法拉",
      "skill": 2,
      "skill_usage": 0
    },
    {
      "name": "风笛",
      "skill": 2,
      "skill_usage": 0
    },
    {
      "name": "德克萨斯",
      "skill": 1,
      "skill_usage": 0
    },
    {
      "name": "纯烬艾雅法拉",
      "skill": 1,
      "skill_usage": 0
    }
  ]
}