{
  "minimum_required": "v4.0.0",
  "stage_name": "act27side_ex07",
  "actions": [
    {
      "type": "SpeedUp"
    },
    {
      "type": "Deploy",
      "name": "桃金娘",
      "location": [
        2,
        4
      ],
      "direction": "Right"
    },
    {
      "type": "Deploy",
      "name": "水汽汽水瓶",
      "location": [
        7,
        3
      ],
      "direction": "None"
    },
    {
      "type": "SpeedUp",
      "costs": 30
    },
    {
      "type": "Deploy",
      "costs": 35,
      "name": "麒麟X夜刀",
      "location": [
        5,
        3
      ],
      "direction": "Right"
    },
    {
      "type": "Retreat",
      "pre_delay": 1000,
      "name": "麒麟X夜刀",
      "location": [
        5,
        3
      ]
    },
    {
      "type": "Deploy",
      "name": "塞雷娅",
      "location": [
        8,
        3
      ],
      "direction": "Left"
    },
    {
      "type": "SpeedUp"
    },
    {
      "type": "Deploy",
      "name": "水汽汽水瓶",
      "location": [
        7,
        6
      ],
      "direction": "None"
    },
    {
      "type": "Deploy",
      "name": "麒麟X夜刀",
      "location": [
        5,
        6
      ],
      "direction": "Right"
    },
    {
      "type": "Retreat",
      "name": "麒麟X夜刀",
      "location": [
        5,
        6
      ],
      "pre_delay": 1500
    },
    {
      "type": "SpeedUp"
    },
    {
      "type": "Deploy",
      "name": "能天使",
      "location": [
        6,
        5
      ],
      "direction": "Right"
    },
    {
      "type": "Deploy",
      "name": "夜莺",
      "location": [
        7,
        5
      ],
      "direction": "Up"
    },
    {
      "type": "SpeedUp"
    },
    {
      "type": "Deploy",
      "name": "艾雅法拉",
      "location": [
        7,
        4
      ],
      "direction": "Up"
    },
    {
      "type": "Deploy",
      "name": "泥岩",
      "location": [
        8,
        1
      ],
      "direction": "Left"
    },
    {
      "type": "Deploy",
      "name": "煌",
      "location": [
        8,
        6
      ],
      "direction": "Right"
    },
    {
      "type": "Deploy",
      "name": "伊芙利特",
      "location": [
        10,
        1
      ],
      "direction": "Left"
    },
    {
      "type": "SkillUsage",
      "name": "桃金娘",
      "skill_usage": 0
    },
    {
      "type": "Skill",
      "name": "夜莺",
      "location": [
        7,
        5
      ],
      "kills": 23
    },
    {
      "type": "SkillDaemon",
      "doc_color": "#d63384",
      "doc": "有帮助的话 点个赞吧~"
    }
  ],
  "doc": {
    "title": "火山旅梦 SL-EX-7 突袭普通兼容 萧然Q攻略 摆完挂机",
    "details": "别再说哪个干员放不下识别不到了 这个是作业文件解决不了的TT\n攻略作者：萧然Q https://www.bilibili.com/video/BV1Wh4y1C712 记得去b站给萧然宝贝点赞三连\njson作者：鱼丸 有问题请点踩然后在评论区反馈 评论区不解决maa问题\n需要上下位替代可自行下载json进行修改\n平均练度 2603 已测试\n刀神真牛逼"
  },
  "groups": [],
  "opers": [
    {
      "name": "煌",
      "skill": 2,
      "skill_usage": 0
    },
    {
      "name": "能天使",
      "skill": 3,
      "skill_usage": 0
    },
    {
      "name": "桃金娘",
      "skill": 1,
      "skill_usage": 1
    },
    {
      "name": "泥岩",
      "skill": 2,
      "skill_usage": 0
    },
    {
      "name": "塞雷娅",
      "skill": 1,
      "skill_usage": 0
    },
    {
      "name": "艾雅法拉",
      "skill": 2,
      "skill_usage": 0
    },
    {
      "name": "夜莺",
      "skill": 3,
      "skill_usage": 0
    },
    {
      "name": "伊芙利特",
      "skill": 2,
      "skill_usage": 0
    },
    {
      "name": "麒麟X夜刀",
      "skill": 3,
      "skill_usage": 0
    }
  ]
}