{
    "minimum_required": "v4.0.0",
    "stage_name": "act33side_10",
    "actions": [
        {
            "type": "Deploy",
            "name": "棘刺",
            "location": [
                3,
                5
            ],
            "direction": "Up"
        },
        {
            "type": "Deploy",
            "name": "塑心",
            "location": [
                9,
                4
            ],
            "direction": "Down"
        },
        {
            "type": "Deploy",
            "name": "艾雅法拉",
            "location": [
                4,
                7
            ],
            "direction": "Right",
            "kills": 7,
            "pre_delay": 5000
        },
        {
            "type": "Deploy",
            "name": "黍",
            "location": [
                4,
                6
            ],
            "direction": "Right"
        },
        {
            "type": "Deploy",
            "name": "Lancet-2",
            "location": [
                2,
                4
            ],
            "direction": "Right",
            "pre_delay": 5000
        },
        {
            "type": "SpeedUp"
        },
        {
            "type": "Deploy",
            "name": "伊芙利特",
            "location": [
                4,
                1
            ],
            "direction": "Right",
            "kills": 13,
            "pre_delay": 5000
        },
        {
            "type": "Deploy",
            "name": "史尔特尔",
            "location": [
                7,
                6
            ],
            "direction": "Up"
        },
        {
            "type": "SkillDaemon"
        }
    ],
    "doc": {
        "title": "巴别塔 - BB-10 - 再见，再见 塑心版",
        "details": "统计日期：2024-05-03\n好评率：88.37%  浏览量：20415\n来源：萨拉托加  ID：35886\n全员专三，没有塑心或者过不去抄maa://35918\nJSON作者萨拉托加\n作业交流群545928846，如果作业有问题可以加群找我，评论区不能及时回复，还可以去群里蹲我的新作业"
    },
    "groups": [],
    "opers": [
        {
            "name": "棘刺",
            "skill": 3,
            "skill_usage": 1
        },
        {
            "name": "塑心",
            "skill": 1,
            "skill_usage": 0
        },
        {
            "name": "艾雅法拉",
            "skill": 2,
            "skill_usage": 0
        },
        {
            "name": "伊芙利特",
            "skill": 2,
            "skill_usage": 0
        },
        {
            "name": "史尔特尔",
            "skill": 3,
            "skill_usage": 1
        },
        {
            "name": "Lancet-2",
            "skill": 1,
            "skill_usage": 0
        },
        {
            "name": "黍",
            "skill": 1,
            "skill_usage": 0
        }
    ]
}