{
    "minimum_required": "v4.0.0",
    "stage_name": "act33side_02",
    "actions": [
        {
            "type": "Deploy",
            "name": "煌",
            "location": [
                4,
                2
            ],
            "direction": "Down"
        },
        {
            "type": "SpeedUp"
        },
        {
            "type": "Deploy",
            "name": "塞雷娅",
            "location": [
                3,
                3
            ],
            "direction": "Left"
        },
        {
            "type": "SkillDaemon"
        }
    ],
    "doc": {
        "title": "巴别塔 - BB-2 - 命途何在",
        "details": "统计日期：2024-05-03\n好评率：99.7%  浏览量：27957\n来源：萨拉托加  ID：35868\n原作者萧然Q JSON作者萨拉托加\n作业交流群545928846，如果作业有问题可以加群找我，评论区不能及时回复，还可以去群里蹲我的新作业\n【【巴别塔】BB-1至BB-10 摆完挂机 简单好抄】 https://www.bilibili.com/video/BV1u1421m7Uj/?share_source=copy_web&vd_source=3fd5040fe25f6a00e19e6072bcccfa4e"
    },
    "groups": [],
    "opers": [
        {
            "name": "煌",
            "skill": 2,
            "skill_usage": 0
        },
        {
            "name": "塞雷娅",
            "skill": 1,
            "skill_usage": 0
        }
    ]
}