{
    "minimum_required": "v4.0.0",
    "stage_name": "act33side_08",
    "actions": [
        {
            "type": "SpeedUp"
        },
        {
            "type": "Deploy",
            "name": "锏",
            "location": [
                9,
                4
            ],
            "direction": "Down"
        },
        {
            "type": "SpeedUp",
            "costs": 9
        },
        {
            "type": "Deploy",
            "name": "艾拉",
            "location": [
                10,
                6
            ],
            "direction": "Up"
        },
        {
            "type": "Deploy",
            "name": "雷鸣地雷",
            "location": [
                8,
                5
            ],
            "cost_changes": 8,
            "direction": "None"
        },
        {
            "type": "Skill",
            "name": "锏",
            "location": [
                9,
                4
            ]
        },
        {
            "type": "SpeedUp"
        },
        {
            "type": "Skill",
            "name": "艾拉",
            "costs": 11
        },
        {
            "type": "Deploy",
            "name": "号角",
            "location": [
                5,
                4
            ],
            "direction": "Left"
        },
        {
            "type": "Deploy",
            "name": "雷鸣地雷",
            "location": [
                10,
                4
            ],
            "direction": "None"
        },
        {
            "type": "SpeedUp",
            "kills": 14
        },
        {
            "type": "Skill",
            "name": "锏",
            "location": [
                9,
                4
            ],
            "kills": 16
        },
        {
            "type": "Skill",
            "name": "艾拉",
            "location": [
                10,
                6
            ]
        },
        {
            "type": "Deploy",
            "name": "雷鸣地雷",
            "location": [
                2,
                4
            ],
            "direction": "None"
        },
        {
            "type": "SpeedUp"
        },
        {
            "type": "Deploy",
            "name": "雷鸣地雷",
            "location": [
                10,
                5
            ],
            "direction": "None",
            "kills": 18,
            "cost_changes": 2
        },
        {
            "type": "Skill",
            "name": "锏",
            "location": [
                9,
                4
            ],
            "kills": 19,
            "pre_delay": 1000
        },
        {
            "type": "Deploy",
            "name": "雷鸣地雷",
            "location": [
                2,
                4
            ],
            "direction": "None"
        },
        {
            "type": "Output",
            "doc_color": "DarkCyan",
            "doc": "如果觉得实用，请赏个好评吧~"
        }
    ],
    "doc": {
        "title": "【速刷凝胶】巴别塔 - BB-8",
        "details": "统计日期：2024-05-03\n好评率：86.67%  浏览量：1620\n来源：Issuing2890  ID：35937\n见月出云，http://b23.tv/BV1ot421E7XH\n不太稳定，推荐所有人精二90专三，至少1级模组"
    },
    "groups": [],
    "opers": [
        {
            "name": "锏",
            "skill": 3,
            "skill_usage": 0
        },
        {
            "name": "号角",
            "skill": 1,
            "skill_usage": 0
        },
        {
            "name": "艾拉",
            "skill": 3,
            "skill_usage": 0
        }
    ]
}