{
    "minimum_required": "v4.0.0",
    "stage_name": "act33side_ex07#f#",
    "difficulty": 3,
    "actions": [
        {
            "type": "Deploy",
            "name": "浊心斯卡蒂",
            "location": [
                7,
                2
            ],
            "direction": "Left"
        },
        {
            "type": "Deploy",
            "name": "山",
            "location": [
                6,
                2
            ],
            "direction": "Down"
        },
        {
            "type": "Deploy",
            "name": "伏击客",
            "location": [
                5,
                4
            ],
            "direction": "Up"
        },
        {
            "type": "Deploy",
            "name": "医疗",
            "location": [
                7,
                5
            ],
            "direction": "Up"
        },
        {
            "type": "Deploy",
            "name": "泥岩",
            "location": [
                8,
                1
            ],
            "direction": "Down"
        },
        {
            "type": "SpeedUp"
        },
        {
            "type": "Deploy",
            "name": "澄闪",
            "location": [
                7,
                4
            ],
            "direction": "Up"
        },
        {
            "type": "Deploy",
            "name": "艾雅法拉",
            "location": [
                8,
                4
            ],
            "direction": "Up"
        },
        {
            "type": "SkillDaemon"
        }
    ],
    "doc": {
        "title": "BB-EX-7（替换干员）",
        "details": "统计日期：2024-05-03\n好评率：95.56%  浏览量：1552\n来源：Reverse  ID：36101\n干员替换未经测试，不保证能过，请尽量使用原作业干员\n原作者萧然Q JSON作者萨拉托加\n作业交流群545928846，如果作业有问题可以加群找我，评论区不能及时回复，还可以去群里蹲我的新作业\n【【巴别塔】BB-EX-1至8突袭 摆完挂机 简单好抄】 https://www.bilibili.com/video/BV1Bz421k74u/?share_source=copy_web&vd_source=3fd5040fe25f6a00e19e6072bcccfa4e"
    },
    "groups": [
        {
            "name": "医疗",
            "opers": [
                {
                    "name": "纯烬艾雅法拉",
                    "skill": 1,
                    "skill_usage": 0
                },
                {
                    "name": "闪灵",
                    "skill": 2,
                    "skill_usage": 0
                },
                {
                    "name": "流明",
                    "skill": 3,
                    "skill_usage": 1
                },
                {
                    "name": "华法琳",
                    "skill": 1,
                    "skill_usage": 0
                },
                {
                    "name": "絮雨",
                    "skill": 2,
                    "skill_usage": 0
                },
                {
                    "name": "赫默",
                    "skill": 1,
                    "skill_usage": 1
                },
                {
                    "name": "苏苏洛",
                    "skill": 1,
                    "skill_usage": 1
                }
            ]
        },
        {
            "name": "泥岩",
            "opers": [
                {
                    "name": "泥岩",
                    "skill": 2,
                    "skill_usage": 0
                },
                {
                    "name": "黍",
                    "skill": 1,
                    "skill_usage": 0
                },
                {
                    "name": "塞雷娅",
                    "skill": 1,
                    "skill_usage": 0
                }
            ]
        },
        {
            "name": "伏击客",
            "opers": [
                {
                    "name": "水月",
                    "skill": 1,
                    "skill_usage": 0
                },
                {
                    "name": "阿斯卡纶",
                    "skill": 1,
                    "skill_usage": 0
                },
                {
                    "name": "狮蝎",
                    "skill": 1,
                    "skill_usage": 0
                },
                {
                    "name": "伊桑",
                    "skill": 1,
                    "skill_usage": 0
                }
            ]
        },
        {
            "name": "艾雅法拉",
            "opers": [
                {
                    "name": "艾雅法拉",
                    "skill": 2,
                    "skill_usage": 0
                },
                {
                    "name": "提丰",
                    "skill": 2,
                    "skill_usage": 1
                }
            ]
        }
    ],
    "opers": [
        {
            "name": "山",
            "skill": 2,
            "skill_usage": 2,
            "skill_times": 1
        },
        {
            "name": "澄闪",
            "skill": 2,
            "skill_usage": 0
        },
        {
            "name": "浊心斯卡蒂",
            "skill": 2,
            "skill_usage": 0
        }
    ]
}