{
    "minimum_required": "v4.0.0",
    "stage_name": "act33side_ex04",
    "actions": [
        {
            "type": "Deploy",
            "name": "桃金娘",
            "location": [
                7,
                2
            ],
            "direction": "Left"
        },
        {
            "type": "Deploy",
            "name": "障碍物",
            "location": [
                5,
                2
            ],
            "direction": "None"
        },
        {
            "type": "Deploy",
            "name": "障碍物",
            "location": [
                7,
                4
            ],
            "direction": "None"
        },
        {
            "type": "Deploy",
            "name": "障碍物",
            "location": [
                7,
                6
            ],
            "direction": "None"
        },
        {
            "type": "Deploy",
            "name": "煌",
            "location": [
                6,
                2
            ],
            "direction": "Down"
        },
        {
            "type": "SpeedUp"
        },
        {
            "type": "Deploy",
            "name": "夜莺",
            "location": [
                5,
                3
            ],
            "direction": "Down"
        },
        {
            "type": "Deploy",
            "name": "奶盾",
            "location": [
                6,
                3
            ],
            "direction": "Down"
        },
        {
            "type": "Deploy",
            "name": "障碍物",
            "location": [
                5,
                4
            ],
            "direction": "None"
        },
        {
            "type": "Deploy",
            "name": "法师",
            "location": [
                5,
                5
            ],
            "direction": "Up"
        },
        {
            "type": "Deploy",
            "name": "地刺",
            "location": [
                6,
                6
            ],
            "direction": "Up"
        },
        {
            "type": "SkillUsage",
            "name": "桃金娘",
            "skill_usage": 0
        },
        {
            "type": "SkillDaemon"
        }
    ],
    "doc": {
        "title": "BB-EX-4 增加塑心",
        "details": "统计日期：2024-05-03\n好评率：98.15%  浏览量：2256\n来源：CaliInn  ID：36109\n原作者萧然Q JSON作者萨拉托加\n作业交流群545928846，如果作业有问题可以加群找我，评论区不能及时回复，还可以去群里蹲我的新作业\n【【巴别塔】BB-EX-1至8突袭 摆完挂机 简单好抄】 https://www.bilibili.com/video/BV1Bz421k74u/?share_source=copy_web&vd_source=3fd5040fe25f6a00e19e6072bcccfa4e"
    },
    "groups": [
        {
            "name": "法师",
            "opers": [
                {
                    "name": "艾雅法拉",
                    "skill": 2,
                    "skill_usage": 0
                },
                {
                    "name": "塑心",
                    "skill": 1,
                    "skill_usage": 0
                }
            ]
        },
        {
            "name": "地刺",
            "opers": [
                {
                    "name": "阿斯卡纶",
                    "skill": 1,
                    "skill_usage": 0
                },
                {
                    "name": "水月",
                    "skill": 1,
                    "skill_usage": 0
                }
            ]
        },
        {
            "name": "奶盾",
            "opers": [
                {
                    "name": "黍",
                    "skill": 1,
                    "skill_usage": 0
                },
                {
                    "name": "塞雷娅",
                    "skill": 1,
                    "skill_usage": 0
                }
            ]
        }
    ],
    "opers": [
        {
            "name": "桃金娘",
            "skill": 1,
            "skill_usage": 1
        },
        {
            "name": "夜莺",
            "skill": 2,
            "skill_usage": 0
        },
        {
            "name": "煌",
            "skill": 2,
            "skill_usage": 0
        }
    ],
    "difficulty": 3
}