{
    "minimum_required": "v4.0.0",
    "stage_name": "camp_r_25",
    "actions": [
        {
            "type": "Deploy",
            "name": "德克萨斯",
            "location": [
                6,
                1
            ],
            "direction": "Left"
        },
        {
            "type": "Deploy",
            "name": "桃金娘",
            "location": [
                5,
                1
            ],
            "direction": "Left"
        },
        {
            "type": "SpeedUp"
        },
        {
            "type": "Deploy",
            "name": "煌",
            "location": [
                8,
                1
            ],
            "direction": "Down"
        },
        {
            "type": "Deploy",
            "name": "塞雷娅",
            "location": [
                7,
                1
            ],
            "direction": "Down"
        },
        {
            "type": "Deploy",
            "name": "逻各斯",
            "location": [
                6,
                2
            ],
            "direction": "Right"
        },
        {
            "type": "Deploy",
            "name": "艾雅法拉",
            "location": [
                9,
                2
            ],
            "direction": "Left"
        },
        {
            "type": "Deploy",
            "name": "闪灵",
            "location": [
                9,
                1
            ],
            "direction": "Left"
        },
        {
            "type": "Deploy",
            "name": "伊芙利特",
            "location": [
                5,
                2
            ],
            "direction": "Down"
        },
        {
            "type": "Deploy",
            "name": "泥岩",
            "location": [
                5,
                4
            ],
            "direction": "Down"
        }
    ],
    "doc": {
        "title": "哥伦比亚 - 66号航道 - 66号航道",
        "details": "作业更新日期: 2024-10-27T23:13:33Z\n统计更新日期: 2024-11-02\n好评率：92.55%  浏览量：10151\n来源：守护世界第一可爱的蒂蒂  ID：42824\nhttps://www.bilibili.com/video/BV1uh1gYaEjW/?spm_id_from=333.337.search-card.all.click&vd_source=4a281a7708733fbcff0346edcfa3234d"
    },
    "groups": [],
    "opers": [
        {
            "name": "艾雅法拉",
            "skill": 2,
            "skill_usage": 0
        },
        {
            "name": "煌",
            "skill": 2,
            "skill_usage": 0
        },
        {
            "name": "逻各斯"
        },
        {
            "name": "泥岩",
            "skill": 2,
            "skill_usage": 0
        },
        {
            "name": "德克萨斯"
        },
        {
            "name": "桃金娘",
            "skill": 1,
            "skill_usage": 1
        },
        {
            "name": "闪灵",
            "skill": 2,
            "skill_usage": 0
        },
        {
            "name": "塞雷娅"
        },
        {
            "name": "伊芙利特",
            "skill": 2,
            "skill_usage": 0
        }
    ]
}