{
  "minimum_required": "v4.0.0",
  "stage_name": "camp_r_15",
  "actions": [
    {
      "type": "Deploy",
      "name": "浊心斯卡蒂",
      "location": [
        3,
        3
      ],
      "direction": "Right",
      "rear_delay": 0
    },
    {
      "type": "Deploy",
      "name": "德克萨斯",
      "location": [
        5,
        1
      ],
      "direction": "Left",
      "rear_delay": 0
    },
    {
      "type": "Deploy",
      "name": "重岳",
      "location": [
        4,
        2
      ],
      "direction": "Right",
      "rear_delay": 0
    },
    {
      "type": "SpeedUp",
      "rear_delay": 0
    },
    {
      "type": "Deploy",
      "name": "泥岩",
      "location": [
        5,
        2
      ],
      "direction": "Right",
      "kills": 20,
      "doc_color": "DarkRed",
      "doc": "20",
      "rear_delay": 0
    },
    {
      "type": "SkillUsage",
      "name": "重岳",
      "skill_usage": 0,
      "rear_delay": 0
    },
    {
      "type": "Skill",
      "name": "指挥终端",
      "location": [
        9,
        1
      ],
      "kills": 30,
      "doc": "30",
      "doc_color": "DarkRed",
      "rear_delay": 0
    },
    {
      "type": "Deploy",
      "name": "棘刺",
      "location": [
        3,
        5
      ],
      "direction": "Up",
      "rear_delay": 0
    },
    {
      "type": "Skill",
      "name": "指挥终端",
      "location": [
        8,
        1
      ],
      "kills": 95,
      "doc_color": "DarkRed",
      "doc": "95",
      "rear_delay": 0
    },
    {
      "type": "Skill",
      "name": "指挥终端",
      "location": [
        2,
        1
      ],
      "rear_delay": 0
    },
    {
      "type": "Skill",
      "name": "指挥终端",
      "location": [
        3,
        1
      ],
      "rear_delay": 0
    },
    {
      "type": "Deploy",
      "name": "桃金娘",
      "kills": 100,
      "doc": "100",
      "location": [
        1,
        3
      ],
      "direction": "Up",
      "doc_color": "DarkRed",
      "rear_delay": 0
    },
    {
      "type": "Retreat",
      "name": "棘刺",
      "location": [
        3,
        5
      ],
      "kills": 399,
      "doc_color": "DarkRed",
      "doc": "399",
      "rear_delay": 0
    },
    {
      "type": "Deploy",
      "name": "斯卡蒂的海嗣",
      "location": [
        4,
        1
      ],
      "direction": "None",
      "rear_delay": 0
    },
    {
      "type": "Deploy",
      "name": "棘刺",
      "location": [
        4,
        2
      ],
      "direction": "Right",
      "rear_delay": 0
    },
    {
      "type": "SkillDaemon",
      "doc_color": "#6f42c1",
      "doc": "给个好评吧，亲~"
    }
  ],
  "doc": {
    "title": "龙门商业街摆完挂机",
    "details": "太湖三白痴:BV1hL41117gin\n红蒂练度要求较高，其他建议2603\n筱竹聽雨"
  },
  "groups": [],
  "opers": [
    {
      "name": "重岳",
      "skill": 3,
      "skill_usage": 1
    },
    {
      "name": "浊心斯卡蒂",
      "skill": 2,
      "skill_usage": 0
    },
    {
      "name": "棘刺",
      "skill": 3,
      "skill_usage": 1
    },
    {
      "name": "泥岩",
      "skill": 2,
      "skill_usage": 0
    },
    {
      "name": "德克萨斯",
      "skill": 1,
      "skill_usage": 0
    },
    {
      "name": "桃金娘",
      "skill": 1,
      "skill_usage": 0
    }
  ]
}