{
    "actions": [
        {
            "type": "部署",
            "name": "年",
            "location": [
                3,
                3
            ],
            "direction": "右"
        },
        {
            "type": "二倍速"
        },
        {
            "type": "部署",
            "name": "炎熔",
            "location": [
                2,
                4
            ],
            "direction": "右"
        },
        {
            "type": "部署",
            "name": "史都华德",
            "location": [
                2,
                2
            ],
            "direction": "右"
        },
        {
            "type": "技能",
            "name": "年",
            "pre_delay": 2000
        },
        {
            "type": "技能",
            "name": "铸铁",
            "location": [
                3,
                5
            ]
        },
        {
            "type": "技能",
            "name": "炎熔"
        },
        {
            "type": "技能",
            "name": "星极",
            "location": [
                3,
                1
            ]
        },
        {
            "type": "部署",
            "name": "芙蓉",
            "location": [
                1,
                2
            ]
        },
        {
            "type": "部署",
            "kills": 9,
            "name": "改良型二踢脚",
            "location": [
                7,
                2
            ]
        },
        {
            "type": "部署",
            "kills": 22,
            "name": "改良型二踢脚",
            "location": [
                7,
                4
            ],
            "pre_delay": 2000
        },
        {
            "type": "部署",
            "kills": 30,
            "location": [
                7,
                3
            ],
            "name": "改良型二踢脚",
            "pre_delay": 14000
        },
        {
            "type": "技能",
            "name": "星极",
            "location": [
                3,
                1
            ],
            "kills": 36
        },
        {
            "type": "技能",
            "name": "铸铁",
            "location": [
                3,
                5
            ]
        },
        {
            "type": "技能",
            "name": "年",
            "pre_delay": 4000
        },
        {
            "type": "技能",
            "name": "炎熔"
        }
    ],
    "stage_name": "mem_nian_1",
    "doc": {
        "title": "年悖论模拟",
        "details": "作业更新日期: 2023-04-19T07:07:55Z\n统计更新日期: 2024-08-10\n好评率：53.25%  浏览量：2005\n来源：作业代传——有问题联系原作者  ID：22732\n干员等级：年精二40，技能3专三\n测试版本：395b2"
    },
    "opers": [
        {
            "name": "年"
        }
    ],
    "minimum_required": "v4.0.0"
}