{
    "minimum_required": "v4.0.0",
    "stage_name": "mem_cement_1",
    "actions": [
        {
            "type": "Deploy",
            "name": "洋灰",
            "location": [
                7,
                3
            ],
            "direction": "Left"
        },
        {
            "type": "SpeedUp"
        },
        {
            "type": "Skill",
            "name": "洋灰",
            "location": [
                7,
                3
            ],
            "kills": 13,
            "costs": 99
        }
    ],
    "doc": {
        "title": "【洋灰】悖论模拟 - 无坚不陷",
        "details": "作业更新日期: 2024-08-05T02:31:25Z\n统计更新日期: 2024-08-10\n好评率：100.0%  浏览量：63\n来源：LobsterJam  ID：39808\n自用\n二技能 lv4应该可以过"
    },
    "groups": [],
    "opers": [
        {
            "name": "洋灰",
            "skill": 2,
            "skill_usage": 0
        }
    ]
}