{
    "minimum_required": "v4.0.0",
    "stage_name": "mem_kafka_1",
    "actions": [
        {
            "type": "Deploy",
            "name": "卡夫卡",
            "location": [
                8,
                3
            ],
            "direction": "Left"
        },
        {
            "type": "SpeedUp"
        },
        {
            "type": "Deploy",
            "name": "塞雷娅",
            "location": [
                2,
                5
            ],
            "costs": 22,
            "direction": "Right"
        },
        {
            "type": "Retreat",
            "costs": 3,
            "name": "卡夫卡",
            "location": [
                8,
                3
            ]
        },
        {
            "type": "Deploy",
            "name": "卡夫卡",
            "location": [
                5,
                3
            ],
            "direction": "Left",
            "costs": 22
        },
        {
            "type": "Retreat",
            "costs": 22,
            "name": "卡夫卡",
            "location": [
                5,
                3
            ]
        },
        {
            "type": "Deploy",
            "name": "特制水上平台",
            "location": [
                6,
                3
            ],
            "costs": 35,
            "direction": "None"
        },
        {
            "type": "Deploy",
            "name": "卡夫卡",
            "location": [
                6,
                3
            ],
            "direction": "Right",
            "costs": 40
        },
        {
            "type": "Retreat",
            "name": "卡夫卡",
            "location": [
                6,
                3
            ],
            "costs": 40
        },
        {
            "type": "Deploy",
            "name": "特制水上平台",
            "location": [
                6,
                3
            ],
            "costs": 47,
            "direction": "None"
        },
        {
            "type": "Deploy",
            "name": "卡夫卡",
            "location": [
                6,
                3
            ],
            "direction": "Right",
            "costs": 61
        },
        {
            "type": "Retreat",
            "name": "卡夫卡",
            "location": [
                6,
                3
            ],
            "costs": 53
        },
        {
            "type": "Deploy",
            "name": "特制水上平台",
            "location": [
                3,
                2
            ],
            "costs": 62,
            "direction": "None"
        },
        {
            "type": "Skill",
            "name": "塞雷娅",
            "location": [
                2,
                5
            ],
            "costs": 74
        },
        {
            "type": "Deploy",
            "name": "卡夫卡",
            "location": [
                3,
                2
            ],
            "costs": 74,
            "direction": "Down"
        }
    ],
    "doc": {
        "title": "【悖论模拟】特种 - 卡夫卡 - 步步紧逼",
        "details": "统计日期：2024-05-05\n好评率：54.96%  浏览量：1775\n来源：我不是zhou  ID：24313\n参考视频https://www.bilibili.com/video/BV1ds4y1k7eC\n带2技能/精二20级/技能7级/可过"
    },
    "groups": [],
    "opers": [
        {
            "name": "卡夫卡",
            "skill": 2,
            "skill_usage": 0
        }
    ]
}