{
    "minimum_required": "v4.0.0",
    "stage_name": "mem_gravel_1",
    "actions": [
        {
            "type": "SpeedUp",
            "costs": 1
        },
        {
            "type": "Deploy",
            "name": "砾",
            "location": [
                3,
                5
            ],
            "direction": "Right",
            "costs": 11
        },
        {
            "type": "Skill",
            "name": "斑点",
            "location": [
                2,
                1
            ],
            "costs": 53
        },
        {
            "type": "Deploy",
            "name": "砾",
            "location": [
                3,
                5
            ],
            "costs": 74,
            "direction": "Right"
        },
        {
            "type": "Retreat",
            "name": "砾",
            "location": [
                3,
                5
            ],
            "costs": 81
        },
        {
            "type": "Deploy",
            "name": "砾",
            "location": [
                3,
                1
            ],
            "cooling": 0,
            "costs": 99,
            "rear_delay": 0,
            "direction": "Right"
        },
        {
            "type": "Retreat",
            "name": "砾",
            "location": [
                3,
                1
            ],
            "kills": 5
        },
        {
            "type": "Deploy",
            "name": "砾",
            "location": [
                3,
                5
            ],
            "cooling": 0,
            "direction": "Right"
        },
        {
            "type": "Retreat",
            "name": "砾",
            "location": [
                3,
                5
            ],
            "kills": 7
        },
        {
            "type": "Skill",
            "name": "卡缇",
            "location": [
                2,
                5
            ],
            "kills": 7
        },
        {
            "type": "Deploy",
            "name": "砾",
            "location": [
                7,
                3
            ],
            "cooling": 0,
            "rear_delay": 400,
            "direction": "Right"
        },
        {
            "type": "Retreat",
            "name": "砾",
            "location": [
                7,
                3
            ],
            "kills": 8
        },
        {
            "type": "Deploy",
            "name": "砾",
            "location": [
                7,
                3
            ],
            "cooling": 0,
            "direction": "Right"
        }
    ],
    "doc": {
        "title": "特种 - 砾 - 东奔西走  ",
        "details": "统计日期：2024-05-05\n好评率：100.0%  浏览量：82\n来源：rihno  ID：36675\n高概率成功  精二40  7级二技能 满潜  "
    },
    "groups": [],
    "opers": [
        {
            "name": "砾",
            "skill": 2,
            "skill_usage": 0
        }
    ]
}