{
    "minimum_required": "v4.0.0",
    "stage_name": "mem_durin_1",
    "actions": [
        {
            "type": "SpeedUp"
        },
        {
            "type": "SpeedUp",
            "costs": 30
        },
        {
            "type": "Deploy",
            "name": "安赛尔",
            "location": [
                5,
                4
            ],
            "direction": "Up",
            "costs": 30
        },
        {
            "type": "Deploy",
            "name": "巡林者",
            "location": [
                2,
                3
            ],
            "direction": "Right"
        },
        {
            "type": "Deploy",
            "name": "杜林",
            "location": [
                5,
                3
            ],
            "direction": "Left"
        },
        {
            "type": "SpeedUp"
        },
        {
            "type": "SpeedUp",
            "costs": 30
        },
        {
            "type": "Deploy",
            "name": "黑角",
            "location": [
                2,
                2
            ],
            "direction": "Right",
            "costs": 33
        },
        {
            "type": "Deploy",
            "name": "夜刀",
            "location": [
                2,
                4
            ],
            "direction": "Left"
        },
        {
            "type": "SpeedUp"
        },
        {
            "type": "Deploy",
            "cooling": 1,
            "name": "夜刀",
            "location": [
                4,
                4
            ],
            "direction": "Up"
        }
    ],
    "doc": {
        "title": "悖论模拟 - 杜林 - 针对性合作",
        "details": "作业更新日期: 2023-02-15T23:42:16Z\n统计更新日期: 2024-10-07\n好评率：62.32%  浏览量：1417\n来源：崆飨---  ID：20791\n原视频b站：https://www.bilibili.com/video/BV1Zh411Z7KB?p=126&vd_source=4ca18fc68b57aad4119bd4285367574f\nup主 魔法Zc目录\n制作者 崆飨"
    },
    "groups": [],
    "opers": []
}