{
    "actions": [
        {
            "type": "二倍速"
        },
        {
            "type": "部署",
            "name": "炎熔",
            "location": [
                5,
                3
            ],
            "direction": "右"
        },
        {
            "type": "部署",
            "location": [
                1,
                2
            ],
            "name": "夜刀",
            "direction": "右"
        },
        {
            "type": "技能",
            "name": "炎熔",
            "kills": 74
        },
        {
            "type": "技能",
            "location": [
                7,
                5
            ],
            "kills": 99,
            "pre_delay": 1000
        },
        {
            "type": "打印",
            "doc": "《百年孤独》"
        },
        {
            "type": "打印",
            "doc": "——马尔克斯"
        },
        {
            "type": "打印",
            "doc": "   "
        },
        {
            "type": "打印",
            "doc": "1.过去都是假的，回忆是一条没有归途的路，以往的一切春天都无法复原，即使最狂热最坚贞的爱情，归根结底也不过是一种瞬息即逝的现实，唯有孤独永恒。"
        },
        {
            "type": "打印",
            "doc": "2. 生命中真正重要的不是你遭遇了什么，而是你记住了哪些事，又是如何铭记的。"
        },
        {
            "type": "打印",
            "doc": "3. 我们趋行在人生这个亘古的旅途，在坎坷中奔跑，在挫折里涅槃，忧愁缠满全身，痛苦飘洒一地。我们累，却无从止歇；我们苦，却无法回避。"
        },
        {
            "doc": "4. 所有人都显得很寂寞，用自己的方式想尽办法排遣寂寞，事实上仍是延续自己的寂寞。寂寞是造化对群居者的诅咒，孤独才是寂寞的唯一出口。",
            "type": "打印"
        },
        {
            "doc": "5. 生命从来不曾离开过孤独而独立存在。无论是我们出生、我们成长、我们相爱还是我们成功失败，直到最后的最后，孤独犹如影子一样存在于生命一隅。",
            "type": "打印"
        }
    ],
    "stage_name": "mem_lava_1",
    "opers": [
        {
            "name": "炎熔"
        }
    ],
    "doc": {
        "details": "作业更新日期: 2023-04-19T07:07:55Z\n统计更新日期: 2024-10-07\n好评率：91.67%  浏览量：1272\n来源：作业代传——有问题联系原作者  ID：22754\n炎熔七级技能",
        "title": "不过是几只小虫子！"
    },
    "minimum_required": "v4.0.0"
}