{
    "minimum_required": "v4.0.0",
    "stage_name": "mem_kjera_1",
    "actions": [
        {
            "type": "SpeedUp"
        },
        {
            "type": "Deploy",
            "name": "耶拉",
            "location": [
                7,
                1
            ],
            "direction": "Down"
        },
        {
            "type": "Skill",
            "name": "耶拉",
            "kills": 8
        },
        {
            "type": "Skill",
            "kills": 27,
            "pre_delay": 0,
            "name": "极光",
            "location": [
                7,
                4
            ]
        },
        {
            "type": "Skill",
            "name": "耶拉",
            "kills": 28
        },
        {
            "type": "Skill",
            "name": "初雪",
            "kills": 28,
            "location": [
                6,
                4
            ]
        }
    ],
    "doc": {
        "title": "术师 - 耶拉 - 群山相伴",
        "details": "作业更新日期: 2023-12-06T05:54:09Z\n统计更新日期: 2024-10-07\n好评率：100.0%  浏览量：56\n来源：Leave  ID：30768\n精二80无模组，7级技能测试。可能要凹"
    },
    "groups": [],
    "opers": [
        {
            "name": "耶拉",
            "skill": 2,
            "skill_usage": 0
        }
    ]
}