{
    "minimum_required": "v4.0",
    "doc": {
        "title": "WB-EX-3突袭六人【蚀刻章】",
        "details": "UP：萧然Q\n原视频：https://www.bilibili.com/video/av947954866?p=16\n有问题联系制作者QQ2586582719"
    },
    "stage_name": "act23side_ex03",
    "opers": [
        {
            "name": "煌",
            "skill": 2,
            "skill_usage": 0
        },
        {
            "name": "塞雷娅",
            "skill": 1,
            "skill_usage": 0
        },
        {
            "name": "艾雅法拉",
            "skill": 2,
            "skill_usage": 0
        },
        {
            "name": "号角",
            "skill": 1,
            "skill_usage": 0
        },
        {
            "name": "闪灵",
            "skill": 2,
            "skill_usage": 0
        },
        {
            "name": "德克萨斯",
            "skill": 1,
            "skill_usage": 0
        }
    ],
    "actions": [
        {
            "type": "二倍速",
            "name": ""
        },
        {
            "type": "部署",
            "name": "德克萨斯",
            "location": [
                7,
                4
            ],
            "direction": "左"
        },
        {
            "type": "部署",
            "name": "塞雷娅",
            "location": [
                6,
                4
            ],
            "direction": "左"
        },
        {
            "type": "部署",
            "name": "艾雅法拉",
            "location": [
                3,
                3
            ],
            "direction": "右"
        },
        {
            "type": "部署",
            "name": "号角",
            "location": [
                8,
                5
            ],
            "direction": "上"
        },
        {
            "type": "部署",
            "name": "煌",
            "location": [
                5,
                5
            ],
            "direction": "上"
        },
        {
            "type": "部署",
            "name": "闪灵",
            "location": [
                6,
                6
            ],
            "direction": "上"
        }
    ]
}