{
    "minimum_required": "v4.0.0",
    "actions": [
        {
            "type": "SpeedUp"
        },
        {
            "type": "Deploy",
            "name": "克洛丝",
            "location": [
                5,
                3
            ],
            "direction": "Left"
        },
        {
            "type": "Deploy",
            "name": "奶",
            "location": [
                9,
                5
            ],
            "direction": "Left"
        },
        {
            "type": "Deploy",
            "name": "寒芒克洛丝",
            "location": [
                8,
                6
            ],
            "direction": "Up"
        },
        {
            "type": "Deploy",
            "name": "近卫1",
            "location": [
                9,
                4
            ],
            "direction": "Right"
        },
        {
            "type": "Deploy",
            "name": "近卫2",
            "location": [
                9,
                3
            ],
            "direction": "Right"
        },
        {
            "type": "Skill",
            "name": "寒芒克洛丝",
            "kills": 12
        },
        {
            "type": "SkillUsage",
            "name": "寒芒克洛丝",
            "skill_usage": 1
        },
        {
            "type": "SkillDaemon"
        }
    ],
    "doc": {
        "title": "寒芒克洛丝模组任务 - 3-8 - 真心的话和想冒的险",
        "details": "——————————\n作业更新日期: 2025-04-04T16:49:01Z\n统计更新日期: 2025-07-29\n相对评分：100.0%  相对热度：100.0%\n来源：一只摆烂的42  ID：49491\n——————————\n寒芒克洛丝「真心的话和想冒的险」模组任务\n3星通关主题曲3-8；必须编入非助战寒芒克洛丝并上场，且使用寒芒克洛丝歼灭碎骨\n思路：一只摆烂的42\n制作者：一只摆烂的42\n有问题联系QQ2586582719\n修改自用请删除我的QQ"
    },
    "groups": [
        {
            "name": "近卫1",
            "opers": [
                {
                    "name": "煌",
                    "skill": 2,
                    "skill_usage": 0
                },
                {
                    "skill_times": 1,
                    "name": "山",
                    "skill": 2,
                    "skill_usage": 2
                },
                {
                    "name": "百炼嘉维尔",
                    "skill": 3,
                    "skill_usage": 0
                },
                {
                    "name": "推进之王",
                    "skill": 2,
                    "skill_usage": 0
                },
                {
                    "name": "风笛",
                    "skill": 2,
                    "skill_usage": 0
                }
            ]
        },
        {
            "name": "近卫2",
            "opers": [
                {
                    "name": "煌",
                    "skill": 2,
                    "skill_usage": 0
                },
                {
                    "skill_times": 1,
                    "name": "山",
                    "skill": 2,
                    "skill_usage": 2
                },
                {
                    "name": "百炼嘉维尔",
                    "skill": 3,
                    "skill_usage": 0
                },
                {
                    "name": "推进之王",
                    "skill": 2,
                    "skill_usage": 0
                },
                {
                    "name": "风笛",
                    "skill": 2,
                    "skill_usage": 0
                }
            ]
        },
        {
            "name": "奶",
            "opers": [
                {
                    "name": "浊心斯卡蒂",
                    "skill": 2,
                    "skill_usage": 0
                },
                {
                    "name": "夜莺",
                    "skill": 2,
                    "skill_usage": 0
                },
                {
                    "name": "白面鸮",
                    "skill": 2,
                    "skill_usage": 1
                }
            ]
        }
    ],
    "opers": [
        {
            "name": "寒芒克洛丝",
            "skill": 2,
            "skill_usage": 0
        },
        {
            "name": "克洛丝",
            "skill": 1,
            "skill_usage": 0
        }
    ],
    "stage_name": "main_03-08",
    "difficulty": 1
}