{
    "minimum_required": "v4.0",
    "doc": {
        "title": "自制",
        "details": ""
    },
    "stage_name": "act20side_03",
    "opers": [
        {
            "name": "山",
            "skill": 2,
            "skill_usage": 2
        },
        {
            "name": "艾雅法拉",
            "skill": 2,
            "skill_usage": 0
        },
        {
            "name": "桃金娘",
            "skill": 1,
            "skill_usage": 0
        }
    ],
    "actions": [
        {
            "type": "二倍速",
            "name": ""
        },
        {
            "type": "部署",
            "name": "山",
            "location": [
                8,
                4
            ],
            "direction": "上"
        },
        {
            "type": "部署",
            "name": "艾雅法拉",
            "location": [
                7,
                3
            ],
            "direction": "上"
        },
        {
            "type": "部署",
            "name": "桃金娘",
            "location": [
                7,
                4
            ],
            "direction": "右"
        },
        {
            "type": "摆完挂机",
            "name": ""
        }
    ]
}