{
    "minimum_required": "v4.0.0",
    "stage_name": "act20side_03",
    "actions": [
        {
            "type": "SpeedUp"
        },
        {
            "type": "Deploy",
            "name": "拉普兰德",
            "location": [
                3,
                4
            ],
            "direction": "Right"
        },
        {
            "type": "Deploy",
            "name": "奶盾",
            "location": [
                4,
                4
            ],
            "direction": "Right"
        }
    ],
    "doc": {
        "title": "理想城：长夏狂欢季 - IC-3 - 奇谈怪论",
        "details": "作业更新日期: 2023-08-31T08:31:33Z\n统计更新日期: 2024-07-27\n好评率：85.19%  浏览量：2234\n来源：Chiho  ID：27393\n\nUP:侬无言以对\nLINK:【【明日方舟】IC-3摆完挂机（夏日狂欢季-理想城-地底观光）】 https://www.bilibili.com/video/BV1Gg411k7pP/?share_source=copy_web&vd_source=dcc7ddeba31e59bccd51d29a07ff1565\n平均精二60 奶盾需要专三"
    },
    "groups": [
        {
            "name": "奶盾",
            "opers": [
                {
                    "name": "临光",
                    "skill": 1,
                    "skill_usage": 0
                },
                {
                    "name": "塞雷娅",
                    "skill": 1,
                    "skill_usage": 0
                }
            ]
        }
    ],
    "opers": [
        {
            "name": "拉普兰德",
            "skill": 2,
            "skill_usage": 0
        }
    ]
}