{
    "minimum_required": "v4.0.0",
    "stage_name": "act20side_ex02",
    "actions": [
        {
            "type": "SpeedUp"
        },
        {
            "type": "Deploy",
            "name": "奶盾",
            "location": [
                6,
                5
            ],
            "direction": "Down"
        },
        {
            "type": "Deploy",
            "name": "拉普兰德",
            "location": [
                7,
                5
            ],
            "direction": "Left"
        },
        {
            "type": "Deploy",
            "name": "补输出",
            "location": [
                7,
                6
            ],
            "direction": "Left"
        },
        {
            "type": "Deploy",
            "name": "艾雅法拉",
            "location": [
                2,
                1
            ],
            "direction": "Right"
        },
        {
            "type": "Deploy",
            "name": "伊芙利特",
            "location": [
                2,
                5
            ],
            "direction": "Up"
        },
        {
            "type": "Deploy",
            "name": "守门",
            "location": [
                1,
                2
            ],
            "direction": "Right"
        },
        {
            "type": "Deploy",
            "name": "奶",
            "location": [
                8,
                5
            ],
            "direction": "Left"
        },
        {
            "type": "SkillDaemon"
        }
    ],
    "doc": {
        "title": "理想城：长夏狂欢季 - IC-EX-2 - 冷气开放",
        "details": "作业更新日期: 2023-08-31T11:24:20Z\n统计更新日期: 2024-07-27\n好评率：91.3%  浏览量：1218\n来源：Chiho  ID：27416\n\nup:侬无言以对\nlink:【【明日方舟】IC-EX-2突袭摆完挂机（长夏狂欢季-理想城-文化冲击）】 https://www.bilibili.com/video/BV1zN4y1V7wn/?share_source=copy_web&vd_source=dcc7ddeba31e59bccd51d29a07ff1565\n精二603 原视频有点极限 补了个奶"
    },
    "groups": [
        {
            "name": "奶盾",
            "opers": [
                {
                    "name": "临光",
                    "skill": 1,
                    "skill_usage": 0
                },
                {
                    "name": "塞雷娅",
                    "skill": 1,
                    "skill_usage": 0
                }
            ]
        },
        {
            "name": "补输出",
            "opers": [
                {
                    "name": "山",
                    "skill": 2,
                    "skill_usage": 2
                },
                {
                    "name": "棘刺",
                    "skill": 3,
                    "skill_usage": 1
                }
            ]
        },
        {
            "name": "守门",
            "opers": [
                {
                    "name": "年",
                    "skill": 1,
                    "skill_usage": 1
                },
                {
                    "name": "星熊",
                    "skill": 2,
                    "skill_usage": 0
                },
                {
                    "name": "泥岩",
                    "skill": 2,
                    "skill_usage": 0
                }
            ]
        },
        {
            "name": "奶",
            "opers": [
                {
                    "name": "闪灵",
                    "skill": 2,
                    "skill_usage": 0
                },
                {
                    "name": "纯烬艾雅法拉",
                    "skill": 1,
                    "skill_usage": 0
                },
                {
                    "name": "流明",
                    "skill": 1,
                    "skill_usage": 0
                },
                {
                    "name": "夜莺",
                    "skill": 2,
                    "skill_usage": 0
                },
                {
                    "name": "白面鸮",
                    "skill": 2,
                    "skill_usage": 0
                }
            ]
        }
    ],
    "opers": [
        {
            "name": "拉普兰德",
            "skill": 2,
            "skill_usage": 0
        },
        {
            "name": "艾雅法拉",
            "skill": 2,
            "skill_usage": 0
        },
        {
            "name": "伊芙利特",
            "skill": 2,
            "skill_usage": 0
        }
    ],
    "difficulty": 3
}