{
    "minimum_required": "v4.0.0",
    "stage_name": "act20side_s04",
    "actions": [
        {
            "type": "Deploy",
            "name": "桃金娘",
            "location": [
                4,
                5
            ],
            "direction": "Right"
        },
        {
            "type": "SpeedUp"
        },
        {
            "type": "Deploy",
            "name": "棘刺",
            "location": [
                4,
                4
            ],
            "direction": "Right"
        },
        {
            "type": "Deploy",
            "name": "拉普兰德",
            "location": [
                6,
                5
            ],
            "direction": "Right"
        },
        {
            "type": "Deploy",
            "name": "塞雷娅",
            "location": [
                5,
                4
            ],
            "direction": "Right"
        },
        {
            "type": "Deploy",
            "name": "银灰",
            "location": [
                5,
                5
            ],
            "direction": "Right"
        },
        {
            "type": "Deploy",
            "name": "自走车单行道",
            "location": [
                6,
                4
            ],
            "direction": "Left"
        },
        {
            "type": "Deploy",
            "name": "自走车单行道",
            "location": [
                7,
                4
            ],
            "direction": "Left"
        },
        {
            "type": "Deploy",
            "name": "自走车单行道",
            "location": [
                8,
                4
            ],
            "direction": "Down"
        },
        {
            "type": "Deploy",
            "name": "铁卫",
            "location": [
                8,
                5
            ],
            "direction": "Left"
        },
        {
            "type": "Retreat",
            "name": "桃金娘",
            "location": [
                4,
                5
            ]
        },
        {
            "type": "Skill",
            "location": [
                6,
                3
            ]
        },
        {
            "type": "Skill",
            "location": [
                5,
                5
            ],
            "pre_delay": 44000
        },
        {
            "type": "Skill",
            "location": [
                5,
                5
            ],
            "pre_delay": 69000
        },
        {
            "type": "SkillDaemon"
        }
    ],
    "doc": {
        "title": "理想城：长夏狂欢季 - IC-S-4 - 简化工程（测试完成）【比较极限】最后可能还得手动【慎用】",
        "details": "作业更新日期: 2023-09-01T23:35:26Z\n统计更新日期: 2024-07-27\n好评率：95.93%  浏览量：3397\n来源：圣夜大人  ID：27532\n\n萧然Q突袭半挂机作业 \nhttps://www.bilibili.com/video/BV1dT411w72G?p=31&vd_source=1eee290f91470d2b69f5fdc41a25321c\n车顶：超强制冷机   车头：突击保险杠\n液罐舱：浓缩蘑菇精  / 提纯薄荷油\n插槽：无尽之拳/爆压充能程序   \n干员平均练度专二60级   建议练度尽量高\n最后BOSS控不住的可以带个二技能红控一下boss到星熊脸上\n费用不够可以在下银灰前放个先锋回点费"
    },
    "groups": [
        {
            "name": "铁卫",
            "opers": [
                {
                    "name": "星熊",
                    "skill": 2,
                    "skill_usage": 0
                },
                {
                    "name": "年",
                    "skill": 2,
                    "skill_usage": 1
                }
            ]
        }
    ],
    "opers": [
        {
            "name": "桃金娘",
            "skill": 1,
            "skill_usage": 1
        },
        {
            "name": "拉普兰德",
            "skill": 2,
            "skill_usage": 0
        },
        {
            "name": "塞雷娅",
            "skill": 1,
            "skill_usage": 0
        },
        {
            "name": "棘刺",
            "skill": 3,
            "skill_usage": 1
        },
        {
            "name": "银灰",
            "skill": 3,
            "skill_usage": 0
        }
    ]
}