{
  "minimum_required": "v4.0.0",
  "stage_name": "main_09-10",
  "actions": [
    {
      "type": "SpeedUp"
    },
    {
      "type": "Deploy",
      "name": "德克萨斯",
      "location": [
        4,
        2
      ],
      "direction": "Left"
    },
    {
      "type": "Deploy",
      "name": "爆破装置",
      "location": [
        5,
        4
      ],
      "direction": "Left"
    },
    {
      "type": "Deploy",
      "name": "山",
      "location": [
        7,
        6
      ],
      "direction": "Up"
    },
    {
      "type": "SpeedUp"
    },
    {
      "type": "Deploy",
      "name": "拉普兰德",
      "location": [
        4,
        7
      ],
      "direction": "Right"
    },
    {
      "type": "SpeedUp"
    },
    {
      "type": "Deploy",
      "name": "桃金娘",
      "location": [
        8,
        5
      ],
      "direction": "Left"
    },
    {
      "type": "Deploy",
      "name": "艾雅法拉",
      "location": [
        6,
        6
      ],
      "direction": "Left"
    },
    {
      "type": "Deploy",
      "name": "伊芙利特",
      "location": [
        9,
        7
      ],
      "direction": "Left"
    },
    {
      "type": "Deploy",
      "name": "奶盾",
      "location": [
        6,
        7
      ],
      "direction": "Right"
    },
    {
      "type": "Retreat",
      "name": "山"
    }
  ],
  "doc": {
    "title": "第九章 风暴瞭望 - 9-12（标准） - 鬼影如潮",
    "details": "UP:侬无言以对\nLINK：【【明日方舟】9-12突袭摆完挂机（初稿）】 https://www.bilibili.com/video/BV18q4y1f7jk/?share_source=copy_web&vd_source=dcc7ddeba31e59bccd51d29a07ff1565\n精二603  突袭德克萨斯需要开模组"
  },
  "groups": [
    {
      "name": "奶盾",
      "opers": [
        {
          "name": "塞雷娅",
          "skill": 1,
          "skill_usage": 0
        },
        {
          "name": "临光",
          "skill": 1,
          "skill_usage": 0
        }
      ]
    }
  ],
  "opers": [
    {
      "name": "山",
      "skill": 2,
      "skill_usage": 2
    },
    {
      "name": "拉普兰德",
      "skill": 2,
      "skill_usage": 0
    },
    {
      "name": "德克萨斯",
      "skill": 1,
      "skill_usage": 0
    },
    {
      "name": "艾雅法拉",
      "skill": 2,
      "skill_usage": 0
    },
    {
      "name": "桃金娘",
      "skill": 1,
      "skill_usage": 1
    },
    {
      "name": "伊芙利特",
      "skill": 2,
      "skill_usage": 0
    }
  ],
  "difficulty": 3
}