{
  "minimum_required": "v4.0.0",
  "stage_name": "main_09-15",
  "actions": [
    {
      "type": "SpeedUp"
    },
    {
      "type": "Deploy",
      "name": "能天使",
      "location": [
        4,
        5
      ],
      "direction": "Left"
    },
    {
      "type": "Deploy",
      "name": "艾雅法拉",
      "location": [
        3,
        3
      ],
      "direction": "Left"
    },
    {
      "type": "Deploy",
      "name": "拉普兰德",
      "location": [
        3,
        2
      ],
      "direction": "Left"
    },
    {
      "type": "Deploy",
      "name": "辅",
      "location": [
        3,
        5
      ],
      "direction": "Left"
    },
    {
      "type": "Deploy",
      "name": "塞雷娅",
      "location": [
        3,
        1
      ],
      "direction": "Left"
    },
    {
      "type": "Deploy",
      "name": "克洛丝",
      "location": [
        5,
        5
      ],
      "direction": "Left"
    }
  ],
  "doc": {
    "title": "第九章 风暴瞭望 - 9-17（标准） - 维多利亚士兵【萧然Q】摆完挂机",
    "details": "https://www.bilibili.com/video/BV1QQ4y1r7Ni?p=19&spm_id_from=pageDriver&vd_source=24685a4f3d3c476e9ab276dda2b2c262"
  },
  "groups": [
    {
      "name": "辅",
      "opers": [
        {
          "name": "梓兰",
          "skill": 1,
          "skill_usage": 0
        }
      ]
    }
  ],
  "opers": [
    {
      "name": "能天使",
      "skill": 3,
      "skill_usage": 0
    },
    {
      "name": "塞雷娅",
      "skill": 1,
      "skill_usage": 0
    },
    {
      "name": "拉普兰德",
      "skill": 2,
      "skill_usage": 0
    },
    {
      "name": "艾雅法拉",
      "skill": 2,
      "skill_usage": 0
    },
    {
      "name": "克洛丝",
      "skill": 1,
      "skill_usage": 0
    }
  ],
  "difficulty": 3
}