{
    "minimum_required": "v4.0.0",
    "stage_name": "act16side_ex05",
    "actions": [
        {
            "type": "Deploy",
            "name": "新约能天使",
            "location": [
                2,
                4
            ],
            "direction": "Right"
        },
        {
            "type": "SpeedUp"
        },
        {
            "type": "Deploy",
            "name": "褐果",
            "location": [
                2,
                2
            ],
            "direction": "Down"
        },
        {
            "type": "Deploy",
            "name": "古米",
            "location": [
                1,
                3
            ],
            "direction": "Right"
        },
        {
            "type": "Deploy",
            "name": "斑点",
            "location": [
                3,
                5
            ],
            "direction": "Right"
        },
        {
            "type": "SkillDaemon"
        }
    ],
    "doc": {
        "title": "新约能天使-模组任务-新朋友圣城生活套组",
        "details": "——————————\n作业更新日期: 2025-05-02T07:13:10Z\n统计更新日期: 2025-08-13\n相对评分：96.84%  相对热度：64.94%\n来源：焕彩gg  ID：51873\n——————————\nB站ID：焕彩GG 主页：https://space.bilibili.com/10123796\n本作业已开启截图增强\n求关注。"
    },
    "groups": [
        {
            "name": "褐果",
            "opers": [
                {
                    "name": "桑葚",
                    "skill": 1,
                    "skill_usage": 0
                },
                {
                    "name": "纯烬艾雅法拉",
                    "skill": 1,
                    "skill_usage": 0
                },
                {
                    "name": "蜜莓",
                    "skill": 1,
                    "skill_usage": 0
                },
                {
                    "name": "褐果",
                    "skill": 1,
                    "skill_usage": 1
                }
            ]
        },
        {
            "name": "古米",
            "opers": [
                {
                    "name": "黍",
                    "skill": 1,
                    "skill_usage": 0
                },
                {
                    "name": "古米",
                    "skill": 1,
                    "skill_usage": 0
                }
            ]
        },
        {
            "name": "斑点",
            "opers": [
                {
                    "name": "塞雷娅",
                    "skill": 1,
                    "skill_usage": 0
                },
                {
                    "name": "斑点",
                    "skill": 1,
                    "skill_usage": 1
                }
            ]
        }
    ],
    "opers": [
        {
            "name": "新约能天使",
            "skill": 2,
            "skill_usage": 1
        }
    ],
    "difficulty": 3
}