{
    "minimum_required": "v4.0.0",
    "stage_name": "act18d3_ex05",
    "actions": [
        {
            "type": "Deploy",
            "name": "芬",
            "location": [
                4,
                5
            ],
            "direction": "Up"
        },
        {
            "type": "Deploy",
            "name": "克洛丝",
            "location": [
                3,
                6
            ],
            "direction": "Up"
        },
        {
            "type": "SpeedUp"
        },
        {
            "type": "Deploy",
            "name": "斑点",
            "location": [
                3,
                1
            ],
            "direction": "Up"
        },
        {
            "type": "Deploy",
            "name": "维什戴尔",
            "location": [
                6,
                2
            ],
            "direction": "Left"
        },
        {
            "type": "Deploy",
            "name": "歌蕾蒂娅",
            "direction": "Right",
            "location": [
                4,
                6
            ]
        },
        {
            "type": "Skill",
            "name": "维什戴尔",
            "location": [
                6,
                2
            ],
            "kills": 52
        },
        {
            "type": "Deploy",
            "name": "黑角",
            "location": [
                4,
                4
            ],
            "direction": "Up"
        },
        {
            "type": "Retreat",
            "name": "克洛丝",
            "location": [
                3,
                6
            ],
            "pre_delay": 8000
        },
        {
            "type": "Deploy",
            "name": "行医",
            "location": [
                3,
                6
            ],
            "direction": "Up"
        },
        {
            "type": "SkillDaemon"
        }
    ],
    "doc": {
        "title": "覆潮之下·复刻 - SV-EX-5 - 开枝散叶 - 单核",
        "details": "——————————\n作业更新日期: 2025-07-14T04:57:45Z\n统计更新日期: 2025-08-16\n相对评分：86.32%  相对热度：57.58%\n来源：大大摆烂  ID：63024\n——————————\n兼容突袭（推荐使用自动编队，如果缺干员报错后再手动借干员）\nJSON作者小卡拉帕鲁灰\nEW：满级，专3，三级模组\n改成歌蒂\n持续更新中，作业交流群789724611，如果作业有问题可以加群找我，评论区不能及时回复"
    },
    "groups": [
        {
            "name": "行医",
            "opers": [
                {
                    "name": "纯烬艾雅法拉",
                    "skill": 1,
                    "skill_usage": 0
                },
                {
                    "name": "哈洛德",
                    "skill": 1,
                    "skill_usage": 1
                },
                {
                    "name": "蜜莓",
                    "skill": 1,
                    "skill_usage": 0
                },
                {
                    "name": "桑葚",
                    "skill": 2,
                    "skill_usage": 1
                }
            ]
        }
    ],
    "opers": [
        {
            "name": "维什戴尔",
            "skill": 3,
            "skill_usage": 1
        },
        {
            "name": "芬",
            "skill": 1,
            "skill_usage": 0
        },
        {
            "name": "克洛丝",
            "skill": 1,
            "skill_usage": 0
        },
        {
            "name": "斑点",
            "skill": 1,
            "skill_usage": 1
        },
        {
            "name": "黑角",
            "skill": 1,
            "skill_usage": 0
        },
        {
            "name": "歌蕾蒂娅",
            "skill": 1,
            "skill_usage": 0
        }
    ],
    "difficulty": 3
}