{
    "minimum_required": "v4.0.0",
    "stage_name": "a003_05",
    "actions": [
        {
            "type": "SpeedUp"
        },
        {
            "type": "Deploy",
            "name": "艾雅法拉",
            "location": [
                9,
                4
            ],
            "direction": "Left"
        },
        {
            "type": "Deploy",
            "name": "山",
            "location": [
                8,
                3
            ],
            "direction": "Left"
        },
        {
            "type": "SkillDaemon"
        }
    ],
    "doc": {
        "title": "艾雅法拉模组摆完挂机 两个任务一次完成",
        "details": "作业更新日期: 2023-08-18T09:44:34Z\n统计更新日期: 2024-11-30\n好评率：100.0%  浏览量：325\n来源：月白今天抄作业了吗  ID：25777\n作业来源：https://www.bilibili.com/video/BV13W4y1G7CX/\n脚本作者：月白"
    },
    "groups": [],
    "opers": [
        {
            "name": "艾雅法拉",
            "skill": 2,
            "skill_usage": 0
        },
        {
            "name": "山",
            "skill": 2,
            "skill_usage": 2
        }
    ]
}