{
    "minimum_required": "v4.0.0",
    "stage_name": "main_02-04",
    "actions": [
        {
            "type": "SpeedUp"
        },
        {
            "type": "Deploy",
            "name": "煌",
            "location": [
                1,
                5
            ],
            "direction": "Up"
        },
        {
            "type": "Deploy",
            "name": "莱欧斯",
            "location": [
                2,
                2
            ],
            "direction": "Up"
        },
        {
            "type": "SkillDaemon"
        }
    ],
    "doc": {
        "title": "莱欧斯模组任务 - 2-4 - 想要带回迷宫的包裹",
        "details": "作业更新日期: 2024-10-09T14:55:17Z\n统计更新日期: 2024-11-30\n好评率：100.0%  浏览量：21\n来源：一只摆烂的42  ID：42338\n莱欧斯「想要带回迷宫的包裹」模组任务\n3星通关主题曲2-4；必须编入非助战莱欧斯并上场，并使用莱欧斯至少击败1名高阶术师\nUP：雷欧奇卡斯\n原视频：https://www.bilibili.com/video/BV1j2HHeqEXB/\n制作者：一只摆烂的42\n有问题联系QQ2586582719\n修改自用请删除我的QQ"
    },
    "groups": [],
    "opers": [
        {
            "name": "莱欧斯",
            "skill": 2,
            "skill_usage": 2,
            "skill_times": 1
        },
        {
            "name": "煌",
            "skill": 2,
            "skill_usage": 0
        }
    ],
    "difficulty": 1
}