{
    "minimum_required": "v4.0.0",
    "actions": [
        {
            "type": "SpeedUp"
        },
        {
            "type": "Deploy",
            "name": "黑",
            "location": [
                7,
                4
            ],
            "direction": "Left"
        },
        {
            "type": "Deploy",
            "name": "塞雷娅",
            "location": [
                7,
                3
            ],
            "direction": "Left"
        },
        {
            "type": "Deploy",
            "name": "煌",
            "location": [
                3,
                7
            ],
            "direction": "Left"
        },
        {
            "type": "Deploy",
            "name": "星熊",
            "location": [
                7,
                5
            ],
            "direction": "Left"
        },
        {
            "type": "Output",
            "doc_color": "#6f42c1",
            "doc": "给个好评吧，亲~"
        }
    ],
    "doc": {
        "title": "黑模组摆完挂机-定制弩配件套装",
        "details": "统计日期：2024-05-31\n好评率：100.0%  浏览量：401\n来源：作业代传——有问题联系原作者  ID：20885\n侬无言以对模组任务摆完挂机合集:BV1wU4y177Qu\n3星通关别传OF-7；必须编入非助战黑并上场，且使用黑歼灭至少2个碎岩者\n筱竹聽雨"
    },
    "groups": [],
    "opers": [
        {
            "name": "塞雷娅",
            "skill": 2,
            "skill_usage": 0
        },
        {
            "name": "星熊",
            "skill": 2,
            "skill_usage": 0
        },
        {
            "name": "煌",
            "skill": 2,
            "skill_usage": 0
        },
        {
            "name": "黑",
            "skill": 1,
            "skill_usage": 0
        }
    ],
    "stage_name": "a003_07"
}