{
    "minimum_required": "v4.0.0",
    "stage_name": "mem_meteo_1",
    "actions": [
        {
            "type": "SpeedUp"
        },
        {
            "type": "Deploy",
            "name": "陨星",
            "location": [
                7,
                3
            ],
            "direction": "Left"
        },
        {
            "type": "Deploy",
            "name": "守林人",
            "location": [
                6,
                3
            ],
            "direction": "Left"
        },
        {
            "type": "Skill",
            "kills": 9,
            "name": "陨星"
        },
        {
            "type": "Skill",
            "kills": 35,
            "name": "陨星"
        },
        {
            "type": "Skill",
            "name": "守林人"
        },
        {
            "type": "SkillDaemon"
        }
    ],
    "doc": {
        "title": "【倾九_Komy】狙击 - 陨星 -  狙击高地",
        "details": "——————————\n作业更新日期: 2023-05-07T05:34:57Z\n统计更新日期: 2025-09-08\n相对评分：61.9%  相对热度：48.620000000000005%\n来源：status102  ID：23264\n——————————\nhttps://www.bilibili.com/video/BV1s14y1L7QC/"
    },
    "groups": [],
    "opers": [
        {
            "name": "陨星",
            "skill": 2,
            "skill_usage": 0
        }
    ]
}