{
    "minimum_required": "v4.0.0",
    "stage_name": "mem_swllow_1",
    "actions": [
        {
            "type": "SpeedUp"
        },
        {
            "type": "Deploy",
            "name": "灰喉",
            "location": [
                7,
                4
            ],
            "direction": "Left"
        },
        {
            "type": "Deploy",
            "name": "香草",
            "location": [
                7,
                3
            ],
            "direction": "Left"
        },
        {
            "type": "Deploy",
            "name": "亚叶",
            "location": [
                7,
                5
            ],
            "direction": "Up"
        },
        {
            "type": "Skill",
            "kills": 10,
            "name": "灰喉",
            "location": [
                7,
                4
            ]
        },
        {
            "type": "Skill",
            "name": "灰喉",
            "kills": 18,
            "pre_delay": 2000,
            "rear_delay": 2000,
            "location": [
                7,
                4
            ]
        },
        {
            "type": "SkillUsage",
            "name": "灰喉",
            "skill_usage": 1,
            "kills": 20
        },
        {
            "type": "Skill",
            "name": "亚叶",
            "location": [
                7,
                5
            ],
            "kills": 21,
            "pre_delay": 14000
        },
        {
            "type": "SkillUsage",
            "name": "灰喉",
            "skill_usage": 1
        }
    ],
    "doc": {
        "title": "悖论 - 狙击 - 灰喉 - 锲而不舍",
        "details": "——————————\n作业更新日期: 2024-05-10T12:16:57Z\n统计更新日期: 2025-07-29\n相对评分：100.0%  相对热度：100.0%\n来源：Bai_TP@outlook.com  ID：37442\n——————————\n来自于av1103926554。\n作业作者是焦炭_Coke，json作者是天平。\n作业使用7级技能50级，测试30级也可以过。默认100信赖。\n有问题联系2603512414，qq。"
    },
    "groups": [],
    "opers": [
        {
            "name": "灰喉",
            "skill": 2,
            "skill_usage": 0
        },
        {
            "name": "亚叶",
            "skill": 1,
            "skill_usage": 0
        },
        {
            "name": "香草",
            "skill": 1,
            "skill_usage": 0
        },
        {
            "name": "杰西卡",
            "skill": 1,
            "skill_usage": 0
        }
    ]
}