{
    "minimum_required": "v4.0.0",
    "stage_name": "mem_angel_1",
    "actions": [
        {
            "type": "Deploy",
            "name": "极境",
            "location": [
                6,
                3
            ],
            "direction": "Right",
            "costs": 21,
            "cost_changes": 0
        },
        {
            "type": "SpeedUp",
            "cost_changes": 1
        },
        {
            "type": "Deploy",
            "name": "古米",
            "location": [
                6,
                4
            ],
            "direction": "Right",
            "costs": 18
        },
        {
            "type": "Deploy",
            "name": "能天使",
            "location": [
                5,
                3
            ],
            "direction": "Right",
            "costs": 64,
            "rear_delay": 500
        },
        {
            "type": "Skill",
            "name": "极境",
            "costs": 99,
            "rear_delay": 2000
        },
        {
            "type": "Skill",
            "name": "极境",
            "kills": 33,
            "rear_delay": 6000,
            "pre_delay": 3500
        },
        {
            "type": "Deploy",
            "name": "轰隆隆先生",
            "location": [
                8,
                3
            ],
            "kills": 33,
            "rear_delay": 15000,
            "direction": "None",
            "pre_delay": 3300
        }
    ],
    "doc": {
        "title": "能天使 悖论模拟 专三过载轴",
        "details": "——————————\n作业更新日期: 2023-04-17T05:01:06Z\n统计更新日期: 2025-07-29\n相对评分：100.0%  相对热度：100.0%\n来源：子猫OuO  ID：22676\n——————————\n参考BV1mb4y1Q7rR，自动战斗作者：子猫OuO\n注意：该轴为专三过载的轴，其他技能等级请寻找其他作业\n2603阿能已通过测试，无需模组"
    },
    "groups": [],
    "opers": [
        {
            "name": "能天使",
            "skill": 3,
            "skill_usage": 0
        }
    ]
}