{
    "minimum_required": "v4.0.0",
    "stage_name": "mem_bgsnow_1",
    "actions": [
        {
            "type": "SpeedUp"
        },
        {
            "type": "Deploy",
            "name": "鸿雪",
            "location": [
                5,
                4
            ],
            "direction": "Up"
        },
        {
            "type": "Deploy",
            "name": "“打字机”",
            "location": [
                3,
                2
            ],
            "direction": "Right"
        },
        {
            "type": "Skill",
            "name": "鸿雪",
            "location": [
                5,
                4
            ],
            "doc_color": "Gray",
            "doc": "别急别急，休息一下"
        },
        {
            "type": "Deploy",
            "name": "特制水上平台",
            "location": [
                9,
                3
            ],
            "cost_changes": 17,
            "direction": "None"
        },
        {
            "type": "Deploy",
            "name": "“打字机”",
            "location": [
                9,
                3
            ],
            "direction": "Up",
            "cost_changes": 3
        },
        {
            "type": "Skill",
            "name": "鸿雪",
            "location": [
                5,
                4
            ],
            "doc_color": "Gray",
            "doc": "别急别急，休息一下"
        },
        {
            "type": "Deploy",
            "name": "特制水上平台",
            "location": [
                7,
                2
            ],
            "cost_changes": 22,
            "direction": "None"
        },
        {
            "type": "Deploy",
            "name": "“打字机”",
            "location": [
                7,
                2
            ],
            "direction": "Left"
        },
        {
            "type": "Skill",
            "name": "鸿雪",
            "location": [
                5,
                4
            ]
        }
    ],
    "doc": {
        "title": "悖论模拟 - 鸿雪 - 书写悲痛",
        "details": "——————————\n作业更新日期: 2024-05-01T08:38:43Z\n统计更新日期: 2025-09-08\n相对评分：83.33%  相对热度：68.11%\n来源：rihno  ID：36664\n——————————\n倾九_Komy：https://www.bilibili.com/video/BV1qN411c7T8\n2603测试可过，理论上技能无需专精。"
    },
    "groups": [],
    "opers": [
        {
            "name": "鸿雪",
            "skill": 3,
            "skill_usage": 0
        }
    ]
}