{
    "minimum_required": "v4.0.0",
    "stage_name": "wk_kc_6",
    "actions": [
        {
            "type": "Deploy",
            "name": "推进之王",
            "location": [
                3,
                2
            ],
            "direction": "Left"
        },
        {
            "type": "Deploy",
            "name": "风笛",
            "location": [
                3,
                4
            ],
            "direction": "Left"
        },
        {
            "type": "SpeedUp"
        },
        {
            "type": "Deploy",
            "name": "伊芙利特",
            "location": [
                6,
                2
            ],
            "direction": "Down",
            "cost_changes": 38
        },
        {
            "type": "Deploy",
            "name": "能天使",
            "location": [
                3,
                3
            ],
            "direction": "Left",
            "kills": 8,
            "cost_changes": 6
        },
        {
            "type": "Deploy",
            "name": "塞雷娅",
            "location": [
                5,
                3
            ],
            "direction": "Right",
            "kills": 15,
            "cost_changes": 21
        },
        {
            "type": "Deploy",
            "name": "黑角",
            "location": [
                5,
                5
            ],
            "direction": "Right",
            "kills": 23,
            "cost_changes": 34
        }
    ],
    "doc": {
        "title": "战术演习 - LS-6 - 运动战演习",
        "details": "作业更新日期: 2024-03-04T00:14:22Z\n统计更新日期: 2024-10-07\n好评率：100.0%  浏览量：113\n来源：mczx  ID：34453\n自在道爷：ttps://www.bilibili.com/video/BV1G44y1u7L6\n"
    },
    "groups": [],
    "opers": [
        {
            "name": "伊芙利特",
            "skill": 2,
            "skill_usage": 0
        },
        {
            "name": "塞雷娅",
            "skill": 2,
            "skill_usage": 0
        },
        {
            "name": "推进之王",
            "skill": 2,
            "skill_usage": 0
        },
        {
            "name": "能天使",
            "skill": 3,
            "skill_usage": 0
        },
        {
            "name": "黑角",
            "skill": 1,
            "skill_usage": 0
        },
        {
            "name": "风笛",
            "skill": 2,
            "skill_usage": 0
        }
    ]
}