{
    "minimum_required": "v4.0.0",
    "stage_name": "pro_b_2",
    "actions": [
        {
            "type": "SpeedUp",
            "kills": 0
        },
        {
            "type": "Deploy",
            "name": "能天使",
            "location": [
                8,
                3
            ],
            "direction": "Left",
            "costs": 31
        },
        {
            "type": "Deploy",
            "name": "令",
            "location": [
                2,
                3
            ],
            "direction": "Right",
            "costs": 30
        },
        {
            "type": "Deploy",
            "name": "“弦惊”",
            "location": [
                1,
                1
            ],
            "direction": "Left"
        },
        {
            "type": "Deploy",
            "name": "“弦惊”",
            "location": [
                9,
                1
            ],
            "direction": "Right",
            "pre_delay": 0
        },
        {
            "type": "Deploy",
            "name": "“弦惊”",
            "location": [
                2,
                1
            ],
            "direction": "Left",
            "pre_delay": 0
        },
        {
            "type": "Deploy",
            "name": "“弦惊”",
            "location": [
                8,
                1
            ],
            "direction": "Right",
            "pre_delay": 0
        },
        {
            "type": "Deploy",
            "name": "“弦惊”",
            "location": [
                1,
                4
            ],
            "direction": "Left"
        },
        {
            "type": "Deploy",
            "name": "“弦惊”",
            "location": [
                9,
                4
            ],
            "direction": "Right",
            "pre_delay": 0
        },
        {
            "type": "Skill",
            "name": "令",
            "location": [
                2,
                3
            ],
            "kills": 77
        }
    ],
    "doc": {
        "title": "摧枯拉朽 - PR-B-2 速刷",
        "details": "作业更新日期: 2023-07-31T15:34:31Z\n统计更新日期: 2024-10-07\n好评率：87.39%  浏览量：4097\n来源：阿拉拉拉  ID：23783\n化学老施 PR-B-2 2人堵门速刷 https://www.bilibili.com/video/BV15a411o7Jo/\n令60级二级模组三技能专三，能天使90无模组三技能专三"
    },
    "groups": [],
    "opers": [
        {
            "name": "令",
            "skill": 3,
            "skill_usage": 0
        },
        {
            "name": "能天使",
            "skill": 3,
            "skill_usage": 0
        }
    ]
}