{
    "minimum_required": "v4.0.0",
    "stage_name": "pro_b_2",
    "actions": [
        {
            "type": "SpeedUp"
        },
        {
            "type": "Deploy",
            "name": "棘刺",
            "location": [
                5,
                5
            ],
            "direction": "Up"
        },
        {
            "type": "Deploy",
            "name": "芬",
            "location": [
                4,
                5
            ],
            "direction": "Up",
            "costs": 10
        },
        {
            "type": "Deploy",
            "name": "讯使",
            "location": [
                6,
                5
            ],
            "direction": "Up",
            "costs": 10
        },
        {
            "type": "Deploy",
            "name": "嘉维尔",
            "location": [
                3,
                6
            ],
            "direction": "Up",
            "costs": 20
        },
        {
            "type": "Deploy",
            "name": "杰西卡",
            "location": [
                2,
                3
            ],
            "direction": "Right",
            "costs": 11
        },
        {
            "type": "Deploy",
            "name": "芙蓉",
            "location": [
                7,
                6
            ],
            "direction": "Up",
            "costs": 21
        },
        {
            "type": "Deploy",
            "name": "克洛丝",
            "location": [
                8,
                3
            ],
            "direction": "Left",
            "costs": 21
        },
        {
            "type": "Deploy",
            "name": "阿米娅",
            "location": [
                7,
                5
            ],
            "direction": "Left",
            "costs": 21
        },
        {
            "type": "Deploy",
            "name": "梅",
            "location": [
                3,
                5
            ],
            "direction": "Right",
            "costs": 22
        },
        {
            "type": "SkillDaemon"
        }
    ],
    "doc": {
        "title": "摧枯拉朽 - PR-B-2 - 打击   （自用）",
        "details": "作业更新日期: 2023-09-04T12:13:20Z\n统计更新日期: 2024-10-07\n好评率：100.0%  浏览量：247\n来源：见习灰礼帽  ID：27648\n摧枯拉朽 - PR-B-2 - 打击   （自用）"
    },
    "groups": [],
    "opers": [
        {
            "name": "棘刺",
            "skill": 3,
            "skill_usage": 1
        },
        {
            "name": "芬",
            "skill": 1,
            "skill_usage": 0
        },
        {
            "name": "讯使",
            "skill": 1,
            "skill_usage": 0
        },
        {
            "name": "阿米娅",
            "skill": 2,
            "skill_usage": 0
        },
        {
            "name": "克洛丝",
            "skill": 1,
            "skill_usage": 0
        },
        {
            "name": "杰西卡",
            "skill": 2,
            "skill_usage": 1
        },
        {
            "name": "嘉维尔",
            "skill": 1,
            "skill_usage": 1
        },
        {
            "name": "芙蓉",
            "skill": 1,
            "skill_usage": 1
        },
        {
            "name": "梅",
            "skill": 2,
            "skill_usage": 1
        }
    ]
}