{
    "minimum_required": "v4.0.0",
    "stage_name": "pro_d_2",
    "actions": [
        {
            "type": "Deploy",
            "name": "山",
            "location": [
                9,
                6
            ],
            "direction": "Left"
        },
        {
            "type": "BulletTime",
            "name": "山",
            "location": [
                9,
                6
            ]
        },
        {
            "type": "Deploy",
            "name": "塞雷娅",
            "location": [
                3,
                6
            ],
            "direction": "Right"
        },
        {
            "type": "SpeedUp"
        },
        {
            "type": "Deploy",
            "name": "棘刺",
            "location": [
                4,
                4
            ],
            "direction": "Down"
        },
        {
            "type": "SkillDaemon"
        }
    ],
    "doc": {
        "title": "【leolion】【自用】身先士卒 - PR-D-2 - 猛攻",
        "details": "作业更新日期: 2023-10-13T20:32:53Z\n统计更新日期: 2024-10-07\n好评率：100.0%  浏览量：139\n来源：leolion007008  ID：29047\n三人挂机"
    },
    "groups": [],
    "opers": [
        {
            "name": "塞雷娅",
            "skill": 2,
            "skill_usage": 0
        },
        {
            "name": "山",
            "skill": 2,
            "skill_usage": 2
        },
        {
            "name": "棘刺",
            "skill": 3,
            "skill_usage": 1
        }
    ]
}