{
    "minimum_required": "v4.0.0",
    "stage_name": "mem_aglina_1",
    "actions": [
        {
            "type": "Deploy",
            "name": "暗索",
            "location": [
                3,
                5
            ],
            "direction": "Up"
        },
        {
            "type": "Deploy",
            "name": "食铁兽",
            "location": [
                2,
                2
            ],
            "direction": "Down"
        },
        {
            "type": "SpeedUp"
        },
        {
            "type": "Deploy",
            "name": "安洁莉娜",
            "location": [
                5,
                2
            ],
            "direction": "Left"
        },
        {
            "type": "Skill",
            "name": "安洁莉娜",
            "kills": 8,
            "pre_delay": 100
        },
        {
            "type": "Skill",
            "name": "安洁莉娜",
            "kills": 35,
            "costs": 74
        },
        {
            "type": "Deploy",
            "name": "砾",
            "location": [
                2,
                3
            ],
            "direction": "Right",
            "kills": 38
        },
        {
            "type": "Skill",
            "name": "安洁莉娜",
            "kills": 43
        },
        {
            "type": "Skill",
            "name": "安洁莉娜",
            "kills": 50,
            "pre_delay": 3000
        },
        {
            "type": "Deploy",
            "name": "砾",
            "location": [
                2,
                3
            ],
            "kills": 50,
            "direction": "Right"
        }
    ],
    "doc": {
        "title": "辅助 - 安洁莉娜 - 超越重力",
        "details": "作业更新日期: 2024-08-11T03:13:32Z\n统计更新日期: 2025-02-12\n好评率：96.0%  浏览量：367\n来源：真是鳞鳞又鲤鲤呀  ID：40166\n测试用的是25级杰哥 7级技能\n如果等级比我的杰哥高说不定会打死怪导致乱...轴？也不一定\n第一次做作业，如果抄不成希望看官评论一下哪出问题了QAQ"
    },
    "groups": [],
    "opers": [
        {
            "name": "安洁莉娜",
            "skill": 3,
            "skill_usage": 0
        }
    ]
}