{
    "minimum_required": "v4.0.0",
    "stage_name": "main_06-09",
    "actions": [
        {
            "type": "SpeedUp"
        },
        {
            "type": "Deploy",
            "doc": "一倍速放煌",
            "name": "煌",
            "location": [
                9,
                3
            ],
            "direction": "Left",
            "doc_color": "Gray"
        },
        {
            "type": "Deploy",
            "name": "奶",
            "location": [
                8,
                1
            ],
            "direction": "Down"
        },
        {
            "type": "Deploy",
            "name": "拉普兰德",
            "location": [
                8,
                2
            ],
            "direction": "Down"
        },
        {
            "type": "Deploy",
            "name": "能天使",
            "location": [
                7,
                1
            ],
            "direction": "Down"
        },
        {
            "type": "SkillDaemon"
        }
    ],
    "doc": {
        "title": "第六章 局部坏死 - 6-10 - 解开铃铛 - 普通&突袭",
        "details": "作业更新日期: 2024-05-18T11:06:26Z\n统计更新日期: 2024-11-30\n好评率：99.17%  浏览量：1071\n来源：Chiho  ID：26801\n修改自BV1j44y1a7xo\nup：无名山下小莉莉\n原作者：HathawayNoa\n添加流明替换闪灵"
    },
    "groups": [
        {
            "name": "奶",
            "opers": [
                {
                    "name": "闪灵",
                    "skill": 2,
                    "skill_usage": 0
                },
                {
                    "name": "流明",
                    "skill": 3,
                    "skill_usage": 1
                }
            ]
        }
    ],
    "opers": [
        {
            "name": "煌",
            "skill": 2,
            "skill_usage": 0
        },
        {
            "name": "拉普兰德",
            "skill": 2,
            "skill_usage": 0
        },
        {
            "name": "能天使",
            "skill": 1,
            "skill_usage": 0
        },
        {
            "name": "德克萨斯",
            "skill": 1,
            "skill_usage": 0
        }
    ],
    "difficulty": 3
}