{
    "minimum_required": "v4.0.0",
    "stage_name": "mem_fang_1",
    "actions": [
        {
            "type": "SpeedUp"
        },
        {
            "type": "Deploy",
            "name": "芬",
            "location": [
                2,
                1
            ],
            "direction": "Down"
        },
        {
            "type": "Deploy",
            "name": "“夹子”",
            "location": [
                8,
                4
            ],
            "direction": "None"
        },
        {
            "type": "Deploy",
            "name": "“夹子”",
            "location": [
                8,
                3
            ],
            "direction": "None"
        },
        {
            "type": "Deploy",
            "name": "“夹子”",
            "location": [
                8,
                2
            ],
            "direction": "None"
        },
        {
            "type": "Deploy",
            "name": "“夹子”",
            "location": [
                7,
                2
            ],
            "direction": "None"
        },
        {
            "type": "Deploy",
            "name": "“夹子”",
            "location": [
                6,
                2
            ],
            "direction": "None"
        },
        {
            "type": "Deploy",
            "name": "“夹子”",
            "location": [
                6,
                3
            ],
            "direction": "None"
        },
        {
            "type": "Deploy",
            "name": "“夹子”",
            "location": [
                6,
                4
            ],
            "direction": "None"
        },
        {
            "type": "Deploy",
            "name": "“夹子”",
            "location": [
                4,
                2
            ],
            "direction": "None"
        },
        {
            "type": "Deploy",
            "name": "“夹子”",
            "location": [
                4,
                1
            ],
            "direction": "None"
        },
        {
            "type": "Deploy",
            "name": "“夹子”",
            "location": [
                1,
                1
            ],
            "direction": "None"
        }
    ],
    "doc": {
        "title": "悖论模拟  芬 - 愉快合作",
        "details": "——————————\n作业更新日期: 2024-08-12T04:20:55Z\n统计更新日期: 2025-11-06\n相对评分：100.0%  相对热度：100.0%\n来源：1321966604@qq.com  ID：40192\n——————————\n悖论模拟  芬 - 愉快合作"
    },
    "groups": [],
    "opers": [
        {
            "name": "芬",
            "skill": 1,
            "skill_usage": 0
        },
        {
            "name": "“夹子”",
            "skill": 1,
            "skill_usage": 0
        }
    ]
}