{
    "stage_name": "mem_puzzle_1",
    "minimum_required": "v4.0.0",
    "doc": {
        "title": "先锋 - 谜图 - 看不见的武器",
        "details": "——————————\n作业更新日期: 2025-09-15T14:06:51Z\n统计更新日期: 2025-10-31\n相对评分：95.83%  相对热度：91.58%\n来源：秋之物语  ID：41802\n——————————\n自制，精二一级，技能7级"
    },
    "opers": [
        {
            "name": "谜图",
            "skill": 2,
            "skill_usage": 1
        },
        {
            "name": "克洛丝",
            "skill": 1,
            "skill_usage": 0
        },
        {
            "name": "蛇屠箱",
            "skill": 2,
            "skill_usage": 0
        }
    ],
    "groups": [],
    "actions": [
        {
            "name": "谜图",
            "location": [
                3,
                1
            ],
            "direction": "Down",
            "type": "Deploy"
        },
        {
            "type": "SpeedUp"
        },
        {
            "name": "克洛丝",
            "location": [
                2,
                2
            ],
            "direction": "Right",
            "type": "Deploy",
            "kills": 1
        },
        {
            "name": "蛇屠箱",
            "location": [
                2,
                3
            ],
            "direction": "Right",
            "type": "Deploy"
        },
        {
            "type": "Retreat",
            "name": "谜图",
            "location": [
                3,
                1
            ],
            "kills": 7
        },
        {
            "name": "谜图",
            "location": [
                5,
                5
            ],
            "direction": "Right",
            "type": "Deploy",
            "kills": 11
        },
        {
            "type": "Skill",
            "name": "谜图"
        }
    ]
}