{
    "minimum_required": "v4.0.0",
    "stage_name": "mem_cgbird_1",
    "actions": [
        {
            "type": "SpeedUp"
        },
        {
            "type": "Deploy",
            "name": "蓝毒",
            "location": [
                6,
                5
            ],
            "direction": "Left"
        },
        {
            "type": "Deploy",
            "name": "夜莺",
            "location": [
                6,
                3
            ],
            "direction": "Down"
        },
        {
            "type": "Deploy",
            "name": "灰喉",
            "location": [
                7,
                1
            ],
            "direction": "Left"
        },
        {
            "type": "Deploy",
            "name": "石棉",
            "location": [
                6,
                2
            ],
            "direction": "Left"
        },
        {
            "type": "Deploy",
            "name": "幻影",
            "location": [
                4,
                2
            ],
            "direction": "None",
            "costs": 23
        },
        {
            "type": "Skill",
            "name": "蓝毒",
            "location": [
                6,
                5
            ],
            "costs": 20
        },
        {
            "type": "Skill",
            "name": "蓝毒",
            "location": [
                6,
                5
            ],
            "kills": 24
        },
        {
            "type": "Skill",
            "name": "灰喉",
            "location": [
                7,
                1
            ],
            "kills": 24
        },
        {
            "type": "Deploy",
            "name": "幻影",
            "location": [
                4,
                2
            ],
            "kills": 49,
            "direction": "None"
        },
        {
            "type": "Skill",
            "name": "夜莺",
            "location": [
                6,
                3
            ],
            "kills": 49
        },
        {
            "type": "Skill",
            "name": "蓝毒",
            "location": [
                6,
                5
            ],
            "kills": 50,
            "rear_delay": 200
        },
        {
            "type": "Skill",
            "name": "灰喉",
            "location": [
                7,
                1
            ],
            "kills": 50,
            "rear_delay": 200
        },
        {
            "type": "Skill",
            "kills": 50,
            "name": "白金",
            "location": [
                6,
                1
            ]
        }
    ],
    "doc": {
        "title": "医疗 - 夜莺 - 牢不可破的幻影",
        "details": "统计日期：2024-05-05\n好评率：79.61%  浏览量：2210\n来源：唤羽88  ID：21485\n精二60无专无模参考BV1h54y1K7Xp 作者：唤羽885\n已通过测试"
    },
    "groups": [],
    "opers": [
        {
            "name": "夜莺",
            "skill": 3,
            "skill_usage": 0
        }
    ]
}