{
    "minimum_required": "v4.0.0",
    "stage_name": "tough_10-02",
    "actions": [
        {
            "type": "SpeedUp"
        },
        {
            "type": "Deploy",
            "name": "先锋",
            "location": [
                6,
                5
            ],
            "direction": "Up"
        },
        {
            "type": "Deploy",
            "name": "煌",
            "location": [
                8,
                4
            ],
            "direction": "Left"
        },
        {
            "type": "Deploy",
            "name": "奶盾",
            "location": [
                7,
                5
            ],
            "direction": "Right"
        }
    ],
    "doc": {
        "title": "第十章 破碎日冕 - 10-3（磨难） - 低下头",
        "details": "统计日期：2024-05-11\n好评率：98.29%  浏览量：3655\n来源：Chiho  ID：28168\nBV1GY411j72u\nup：萧然Q\njson:_蘿卜卜\n视频练度：260(?)\n已测试"
    },
    "groups": [
        {
            "name": "先锋",
            "opers": [
                {
                    "name": "山",
                    "skill": 2,
                    "skill_usage": 2
                },
                {
                    "name": "推进之王",
                    "skill": 2,
                    "skill_usage": 0
                }
            ]
        },
        {
            "name": "奶盾",
            "opers": [
                {
                    "name": "临光",
                    "skill": 1,
                    "skill_usage": 0
                },
                {
                    "name": "塞雷娅",
                    "skill": 1,
                    "skill_usage": 0
                }
            ]
        }
    ],
    "opers": [
        {
            "name": "煌",
            "skill": 2,
            "skill_usage": 0
        }
    ]
}