{
    "stageName": "main_03-08",
    "doc": {
        "title": "阿米娅模组摆完挂机-DWDB-221E",
        "title_color": "Gray",
        "details": "——————————\n作业更新日期: 2023-02-18T00:53:47Z\n统计更新日期: 2025-04-12\n好评率：52.94%  浏览量：746\n来源：作业代传——有问题联系原作者  ID：20838\n——————————\n侬无言以对模组任务摆完挂机合集:BV1wU4y177Qu\n3星通关主题曲3-8；必须编入非助战中坚术师状态的阿米娅并上场，且使用中坚术师状态的阿米娅歼灭碎骨\n筱竹聽雨",
        "details_color": "Gray"
    },
    "opers": [
        {
            "name": "煌",
            "skill": 2,
            "skill_usage": 0,
            "requirements": {
                "elite": 0,
                "level": 0,
                "skill_level": 0,
                "module": 0,
                "potentiality": 0
            }
        },
        {
            "name": "能天使",
            "skill": 1,
            "skill_usage": 0,
            "requirements": {
                "elite": 0,
                "level": 0,
                "skill_level": 0,
                "module": 0,
                "potentiality": 0
            }
        },
        {
            "name": "塞雷娅",
            "skill": 1,
            "skill_usage": 0,
            "requirements": {
                "elite": 0,
                "level": 0,
                "skill_level": 0,
                "module": 0,
                "potentiality": 0
            }
        },
        {
            "name": "阿米娅",
            "skill": 1,
            "skill_usage": 0,
            "requirements": {
                "elite": 0,
                "level": 0,
                "skill_level": 0,
                "module": 0,
                "potentiality": 0
            }
        }
    ],
    "groups": [],
    "minimumRequired": "v4.0.0",
    "difficulty": 0
}