{
    "stageName": "main_12-10",
    "doc": {
        "title": "第十二章 惊霆无声 - 12-12（标准） - 脱帽致敬 【伊内丝模组任务】",
        "title_color": "Gray",
        "details": "——————————\n作业更新日期: 2025-04-07T11:17:22Z\n统计更新日期: 2025-04-12\n好评率：97.92%  浏览量：907\n来源：小卡拉帕鲁灰  ID：49642\n——————————\n推荐使用自动编队\n任务一：12次再部署\n任务二：在12-12标准，使用3次二技能",
        "details_color": "Gray"
    },
    "opers": [
        {
            "name": "伊内丝",
            "skill": 2,
            "skill_usage": 1,
            "requirements": {
                "elite": 0,
                "level": 0,
                "skill_level": 0,
                "module": 0,
                "potentiality": 0
            }
        },
        {
            "name": "煌",
            "skill": 2,
            "skill_usage": 0,
            "requirements": {
                "elite": 0,
                "level": 0,
                "skill_level": 0,
                "module": 0,
                "potentiality": 0
            }
        },
        {
            "name": "斑点",
            "skill": 1,
            "skill_usage": 0,
            "requirements": {
                "elite": 0,
                "level": 0,
                "skill_level": 0,
                "module": 0,
                "potentiality": 0
            }
        }
    ],
    "groups": [
        {
            "name": "【医疗】精一满级及以上",
            "opers": [
                {
                    "name": "闪灵",
                    "skill": 2,
                    "skill_usage": 0
                },
                {
                    "name": "纯烬艾雅法拉",
                    "skill": 1,
                    "skill_usage": 0
                },
                {
                    "name": "苏苏洛",
                    "skill": 1,
                    "skill_usage": 1
                },
                {
                    "name": "赫默",
                    "skill": 1,
                    "skill_usage": 1
                },
                {
                    "name": "亚叶",
                    "skill": 1,
                    "skill_usage": 1
                },
                {
                    "name": "流明",
                    "skill": 3,
                    "skill_usage": 1
                },
                {
                    "name": "嘉维尔",
                    "skill": 1,
                    "skill_usage": 0
                },
                {
                    "name": "华法琳",
                    "skill": 1,
                    "skill_usage": 0
                },
                {
                    "name": "芙蓉",
                    "skill": 1,
                    "skill_usage": 1
                },
                {
                    "name": "安赛尔",
                    "skill": 1,
                    "skill_usage": 1
                },
                {
                    "name": "末药",
                    "skill": 1,
                    "skill_usage": 0
                }
            ],
            "operators": null
        },
        {
            "name": "塞or黍",
            "opers": [
                {
                    "name": "塞雷娅",
                    "skill": 1,
                    "skill_usage": 0
                },
                {
                    "name": "黍",
                    "skill": 1,
                    "skill_usage": 0
                }
            ],
            "operators": null
        },
        {
            "name": "羊or澄闪or罗",
            "opers": [
                {
                    "name": "澄闪",
                    "skill": 2,
                    "skill_usage": 0
                },
                {
                    "name": "艾雅法拉",
                    "skill": 2,
                    "skill_usage": 0
                },
                {
                    "name": "逻各斯",
                    "skill": 1,
                    "skill_usage": 0
                }
            ],
            "operators": null
        }
    ],
    "minimumRequired": "v4.0.0",
    "difficulty": 0
}