{
    "stageName": "main_05-10",
    "doc": {
        "title": "异客y凯尔希x赫拉格x模组任务一起做",
        "title_color": "Gray",
        "details": "——————————\n作业更新日期: 2023-09-22T15:51:09Z\n统计更新日期: 2025-04-12\n好评率：60.61%  浏览量：1459\n来源：Issuing2890  ID：28190\n——————————\nLuCifer大膜王，https://www.bilibili.com/video/BV1BP411A7Mx\n模组任务：3星通关主题曲5-10；必须编入非助战XX干员并上场\n异客：歼灭至少2个粉碎攻坚手\n凯尔希：使用4次技能3（指令:熔毁）\n赫拉格：歼灭梅菲斯特",
        "details_color": "Gray"
    },
    "opers": [
        {
            "name": "赫拉格",
            "skill": 2,
            "skill_usage": 2,
            "requirements": {
                "elite": 0,
                "level": 0,
                "skill_level": 0,
                "module": 0,
                "potentiality": 0
            }
        },
        {
            "name": "凯尔希",
            "skill": 3,
            "skill_usage": 0,
            "requirements": {
                "elite": 0,
                "level": 0,
                "skill_level": 0,
                "module": 0,
                "potentiality": 0
            }
        },
        {
            "name": "异客",
            "skill": 2,
            "skill_usage": 2,
            "requirements": {
                "elite": 0,
                "level": 0,
                "skill_level": 0,
                "module": 0,
                "potentiality": 0
            }
        }
    ],
    "groups": [
        {
            "name": "查漏补缺",
            "opers": [
                {
                    "name": "山",
                    "skill": 2,
                    "skill_usage": 2
                },
                {
                    "name": "推进之王",
                    "skill": 2,
                    "skill_usage": 0
                }
            ],
            "operators": null
        }
    ],
    "minimumRequired": "v4.0.0",
    "difficulty": 0
}