{
    "minimum_required": "v4.10.0",
    "doc": {
        "title": "WB-EX-5",
        "details": "up：祈星_Estrella\n作者：碎蜂"
    },
    "stage_name": "act23side_ex05",
    "opers": [
        {
            "name": "煌",
            "skill": 2,
            "skill_usage": 0
        },
        {
            "name": "泥岩",
            "skill": 2,
            "skill_usage": 0
        },
        {
            "name": "艾雅法拉",
            "skill": 2,
            "skill_usage": 0
        },
        {
            "name": "山",
            "skill": 2,
            "skill_usage": 2
        },
        {
            "name": "伊芙利特",
            "skill": 2,
            "skill_usage": 0
        },
        {
            "name": "闪灵",
            "skill": 2,
            "skill_usage": 0
        }
    ],
    "actions": [
        {
      "type": "SpeedUp",
      "doc_color": "DarkCyan",
      "doc": "up：祈星_Estrella\n作者：碎蜂"
    },
        {
            "type": "部署",
            "name": "山",
            "location": [
                7,
                3
            ],
            "direction": "左"
        },
        {
            "type": "部署",
            "name": "煌",
            "location": [
                9,
                5
            ],
            "direction": "右"
        },
        {
            "type": "部署",
            "name": "闪灵",
            "location": [
                7,
                5
            ],
            "direction": "右"
        },
        {
            "type": "部署",
            "name": "艾雅法拉",
            "location": [
                7,
                1
            ],
            "direction": "下"
        },
        {
            "type": "部署",
            "name": "泥岩",
            "location": [
                1,
                1
            ],
            "direction": "右"
        },
        {
            "type": "部署",
            "name": "伊芙利特",
            "location": [
                6,
                1
            ],
            "direction": "左"
        }
    ],
    "difficulty": 3
}