{
    "minimum_required": "v4.0.0",
    "stage_name": "act22side_04",
    "actions": [
        {
            "type": "Deploy",
            "name": "煌",
            "location": [
                4,
                1
            ],
            "direction": "Down"
        },
        {
            "type": "SpeedUp"
        },
        {
            "type": "Deploy",
            "name": "塞雷娅",
            "location": [
                4,
                2
            ],
            "direction": "Down"
        },
        {
            "type": "Deploy",
            "name": "拉普兰德",
            "location": [
                3,
                2
            ],
            "direction": "Right"
        },
        {
            "type": "SkillDaemon"
        }
    ],
    "doc": {
        "title": "照我以火 - FC-4 - 热灼梦",
        "details": "作业更新日期: 2023-12-21T15:26:17Z\n统计更新日期: 2024-07-27\n好评率：100.0%  浏览量：3365\n来源：萨拉托加  ID：31229\n\n原作者自在道爷 JSON作者萨拉托加\n作业交流群545928846，如果作业有问题可以加群找我，评论区不能及时回复，还可以去群里蹲我的新作业\n【【照我以火】FC-1至8挂机流，刻章不用愁！语音快乐详解，轻松解放双手| 明日方舟攻略合集(含FC-8刻章，FC-6刻章等)】 https://www.bilibili.com/video/BV1VV4y1A7bn/?p=4&share_source=copy_web&vd_source=3fd5040fe25f6a00e19e6072bcccfa4e"
    },
    "groups": [],
    "opers": [
        {
            "name": "塞雷娅",
            "skill": 2,
            "skill_usage": 0
        },
        {
            "name": "拉普兰德",
            "skill": 2,
            "skill_usage": 0
        },
        {
            "name": "煌",
            "skill": 2,
            "skill_usage": 0
        }
    ]
}