{
    "minimum_required": "v4.0.0",
    "stage_name": "act22side_05",
    "actions": [
        {
            "type": "Deploy",
            "name": "令",
            "location": [
                1,
                3
            ],
            "direction": "Right"
        },
        {
            "type": "Deploy",
            "name": "“弦惊”",
            "location": [
                2,
                4
            ],
            "direction": "Right"
        },
        {
            "type": "SpeedUp"
        },
        {
            "type": "SpeedUp",
            "pre_delay": 8000
        },
        {
            "type": "BulletTime",
            "name": "令",
            "location": [
                1,
                3
            ]
        },
        {
            "type": "Deploy",
            "name": "“弦惊”",
            "location": [
                5,
                4
            ],
            "direction": "Right"
        },
        {
            "type": "SpeedUp"
        },
        {
            "type": "Deploy",
            "name": "“弦惊”",
            "location": [
                6,
                5
            ],
            "direction": "Right"
        },
        {
            "type": "Deploy",
            "name": "“弦惊”",
            "location": [
                6,
                4
            ],
            "direction": "Up"
        },
        {
            "type": "Deploy",
            "name": "“弦惊”",
            "location": [
                1,
                4
            ],
            "direction": "Right"
        },
        {
            "type": "Skill",
            "name": "令",
            "location": [
                1,
                3
            ],
            "kills": 11
        },
        {
            "type": "Deploy",
            "name": "“弦惊”",
            "location": [
                3,
                4
            ],
            "direction": "Left"
        },
        {
            "type": "SkillDaemon"
        }
    ],
    "doc": {
        "title": "照我以火 - FC-5 - 祝福的歌谣 - 令单",
        "details": "作业更新日期: 2023-12-22T08:22:56Z\n统计更新日期: 2024-07-27\n好评率：90.62%  浏览量：1220\n来源：小卡拉帕鲁灰🐖  ID：31209\n\n作业作者：月亮亮也\nJSON作者：灰bao_\n令：精二90级专3、三级模组\n德狗未上场，仅用天赋增加0潜令开局容错\n子弹时间期间请勿动屏幕\nhttps://www.bilibili.com/video/BV1pd4y1v7qY/?spm_id_from=333.788.recommend_more_video.4&vd_source=10857a8c905c104ca2eab27415c72ffc"
    },
    "groups": [],
    "opers": [
        {
            "name": "令",
            "skill": 3,
            "skill_usage": 0
        },
        {
            "name": "德克萨斯",
            "skill": 1,
            "skill_usage": 0
        }
    ]
}