{
    "minimum_required": "v4.0.0",
    "stage_name": "act22side_06",
    "actions": [
        {
            "type": "Deploy",
            "name": "桃金娘",
            "location": [
                5,
                3
            ],
            "direction": "Down"
        },
        {
            "type": "Deploy",
            "name": "拉普兰德",
            "location": [
                3,
                3
            ],
            "direction": "Right"
        },
        {
            "type": "Deploy",
            "name": "夜莺",
            "location": [
                4,
                3
            ],
            "direction": "Left"
        },
        {
            "type": "Deploy",
            "name": "风笛",
            "location": [
                2,
                2
            ],
            "direction": "Right"
        },
        {
            "type": "Retreat",
            "name": "风笛",
            "location": [
                2,
                2
            ],
            "costs": 13
        },
        {
            "type": "Deploy",
            "name": "煌",
            "location": [
                2,
                2
            ],
            "direction": "Right"
        },
        {
            "type": "SpeedUp"
        },
        {
            "type": "Deploy",
            "name": "山",
            "location": [
                2,
                4
            ],
            "direction": "Right"
        },
        {
            "type": "Deploy",
            "name": "幻影",
            "location": [
                7,
                3
            ],
            "direction": "None"
        },
        {
            "type": "Deploy",
            "name": "幻影",
            "location": [
                9,
                3
            ],
            "direction": "None"
        },
        {
            "type": "Retreat",
            "name": "桃金娘"
        },
        {
            "type": "SkillDaemon"
        }
    ],
    "doc": {
        "title": "照我以火 - FC-6 - 无人知晓（含刻章）",
        "details": "作业更新日期: 2023-12-22T11:57:21Z\n统计更新日期: 2024-07-27\n好评率：94.23%  浏览量：12608\n来源：萨拉托加  ID：31231\n\n修复卡费可能造成的漏怪\n原作者自在道爷 JSON作者萨拉托加\n作业交流群545928846，如果作业有问题可以加群找我，评论区不能及时回复，还可以去群里蹲我的新作业\n【【照我以火】FC-1至8挂机流，刻章不用愁！语音快乐详解，轻松解放双手| 明日方舟攻略合集(含FC-8刻章，FC-6刻章等)】 https://www.bilibili.com/video/BV1VV4y1A7bn/?p=6&share_source=copy_web&vd_source=3fd5040fe25f6a00e19e6072bcccfa4e"
    },
    "groups": [],
    "opers": [
        {
            "name": "煌",
            "skill": 2,
            "skill_usage": 0
        },
        {
            "name": "拉普兰德",
            "skill": 2,
            "skill_usage": 0
        },
        {
            "name": "桃金娘",
            "skill": 1,
            "skill_usage": 1
        },
        {
            "name": "山",
            "skill": 2,
            "skill_usage": 2,
            "skill_times": 1
        },
        {
            "name": "夜莺",
            "skill": 2,
            "skill_usage": 0
        },
        {
            "name": "风笛",
            "skill": 2,
            "skill_usage": 0
        },
        {
            "name": "德克萨斯",
            "skill": 1,
            "skill_usage": 0
        }
    ]
}