{
    "stage_name": "FC-EX-1",
    "opers": [
        {
            "name": "山",
            "skill_usage": 2,
            "skill": 2
        },
        {
            "name": "塞雷娅",
            "skill": 2
        },
        {
            "name": "铃兰",
            "skill": 2
        },
        {
            "name": "艾雅法拉",
            "skill": 2
        }
    ],
    "groups": [],
    "actions": [
        {
            "name": "",
            "type": "SpeedUp"
        },
        {
            "name": "山",
            "type": "Deploy",
            "location": [
                5,
                2
            ],
            "direction": "Up"
        },
        {
            "name": "铃兰",
            "type": "Deploy",
            "location": [
                4,
                4
            ],
            "direction": "Right"
        },
        {
            "name": "塞雷娅",
            "type": "Deploy",
            "location": [
                5,
                4
            ],
            "direction": "Down"
        },
        {
            "name": "艾雅法拉",
            "type": "Deploy",
            "location": [
                3,
                4
            ],
            "direction": "Right"
        }
    ],
    "minimum_required": "v4.0",
    "doc": {
        "title": "萧然挂机作业",
        "details": "作业来源：https://www.bilibili.com/video/BV1914y1A7sn\nFROMCAT"
    }
}