{
  "minimum_required": "v4.0.0",
  "stage_name": "act22side_ex07",
  "actions": [
    {
      "type": "Deploy",
      "name": "浊心斯卡蒂",
      "location": [
        4,
        3
      ],
      "direction": "Left"
    },
    {
      "type": "Deploy",
      "name": "山",
      "location": [
        5,
        2
      ],
      "direction": "Left"
    },
    {
      "type": "Deploy",
      "name": "煌",
      "location": [
        2,
        6
      ],
      "direction": "Up"
    },
    {
      "type": "SpeedUp"
    },
    {
      "type": "Deploy",
      "name": "奶",
      "location": [
        5,
        5
      ],
      "direction": "Left"
    },
    {
      "type": "Deploy",
      "name": "塞雷娅",
      "location": [
        3,
        4
      ],
      "direction": "Left"
    },
    {
      "type": "Deploy",
      "name": "艾雅法拉",
      "location": [
        5,
        3
      ],
      "direction": "Left"
    },
    {
      "type": "Deploy",
      "name": "夜莺",
      "location": [
        7,
        3
      ],
      "direction": "Left"
    },
    {
      "type": "Deploy",
      "kills": 16,
      "name": "斯卡蒂的海嗣",
      "location": [
        4,
        2
      ],
      "direction": "None"
    },
    {
      "type": "SkillDaemon"
    }
  ],
  "doc": {
    "title": "照我以火 - FC-EX-7 - 鬼魂部队（含刻章）",
    "details": "如果练度不够可能需要在山后面摆个阻挡\n原作者萧然Q JSON作者萨拉托加\n作业交流群545928846，如果作业有问题可以加群找我，评论区不能及时回复，还可以去群里蹲我的新作业\n【【照我以火】FC-EX1至8突袭 摆完挂机 简单好抄】 https://www.bilibili.com/video/BV1914y1A7sn/?p=8&share_source=copy_web&vd_source=3fd5040fe25f6a00e19e6072bcccfa4e"
  },
  "groups": [
    {
      "name": "奶",
      "opers": [
        {
          "name": "纯烬艾雅法拉",
          "skill": 1,
          "skill_usage": 0
        },
        {
          "name": "闪灵",
          "skill": 2,
          "skill_usage": 0
        }
      ]
    }
  ],
  "opers": [
    {
      "skill_times": 1,
      "name": "山",
      "skill": 2,
      "skill_usage": 2
    },
    {
      "name": "塞雷娅",
      "skill": 2,
      "skill_usage": 0
    },
    {
      "name": "浊心斯卡蒂",
      "skill": 2,
      "skill_usage": 0
    },
    {
      "name": "煌",
      "skill": 2,
      "skill_usage": 0
    },
    {
      "name": "艾雅法拉",
      "skill": 2,
      "skill_usage": 0
    },
    {
      "name": "夜莺",
      "skill": 2,
      "skill_usage": 0
    }
  ],
  "difficulty": 3
}