{
  "minimum_required": "v4.0.0",
  "stage_name": "act22side_ex03",
  "actions": [
    {
      "type": "Deploy",
      "name": "锏",
      "location": [
        7,
        2
      ],
      "direction": "Left"
    },
    {
      "type": "SpeedUp"
    },
    {
      "type": "Deploy",
      "name": "盾",
      "location": [
        8,
        4
      ],
      "direction": "Right"
    },
    {
      "type": "Deploy",
      "name": "行医",
      "location": [
        8,
        2
      ],
      "direction": "Down"
    },
    {
      "type": "Deploy",
      "name": "无阻挡工具人",
      "location": [
        7,
        4
      ],
      "direction": "Up"
    },
    {
      "type": "Deploy",
      "name": "克洛丝",
      "location": [
        10,
        4
      ],
      "direction": "Left"
    },
    {
      "type": "Deploy",
      "name": "医疗",
      "location": [
        10,
        5
      ],
      "direction": "Left"
    },
    {
      "type": "Skill",
      "name": "锏",
      "location": [
        7,
        2
      ],
      "kills": 8
    },
    {
      "type": "Skill",
      "name": "锏",
      "location": [
        7,
        2
      ],
      "kills": 13,
      "pre_delay": 5000
    },
    {
      "type": "Skill",
      "name": "锏",
      "location": [
        7,
        2
      ],
      "kills": 21
    },
    {
      "type": "Skill",
      "name": "锏",
      "location": [
        7,
        2
      ],
      "kills": 26
    },
    {
      "type": "SkillUsage",
      "name": "锏",
      "skill_usage": 1
    },
    {
      "type": "SkillDaemon"
    }
  ],
  "doc": {
    "title": "照我以火 - FC-EX-3 - 怀古之人 - 锏单核",
    "details": "作业作者：灰bao_\nJSON作者：灰bao_\n锏：精二90级专3，三级模组\n被大哥骗了，突袭打不了一点\nhttps://www.bilibili.com/video/BV1Kc411C7Fm/?spm_id_from=333.1365.list.card_archive.click&vd_source=10857a8c905c104ca2eab27415c72ffc\n"
  },
  "groups": [
    {
      "name": "无阻挡工具人",
      "opers": [
        {
          "name": "伊桑",
          "skill": 1,
          "skill_usage": 0
        },
        {
          "name": "玛恩纳",
          "skill": 3,
          "skill_usage": 1
        },
        {
          "name": "龙舌兰",
          "skill": 2,
          "skill_usage": 0
        }
      ]
    },
    {
      "name": "行医",
      "opers": [
        {
          "name": "蜜莓",
          "skill": 1,
          "skill_usage": 0
        },
        {
          "name": "纯烬艾雅法拉",
          "skill": 1,
          "skill_usage": 0
        },
        {
          "name": "哈洛德",
          "skill": 2,
          "skill_usage": 1
        }
      ]
    },
    {
      "name": "盾",
      "opers": [
        {
          "name": "米格鲁",
          "skill": 1,
          "skill_usage": 1
        },
        {
          "name": "塞雷娅",
          "skill": 1,
          "skill_usage": 0
        },
        {
          "name": "星熊",
          "skill": 2,
          "skill_usage": 0
        },
        {
          "name": "蛇屠箱",
          "skill": 2,
          "skill_usage": 1
        }
      ]
    },
    {
      "name": "医疗",
      "opers": [
        {
          "name": "芙蓉",
          "skill": 1,
          "skill_usage": 1
        },
        {
          "name": "安赛尔",
          "skill": 1,
          "skill_usage": 1
        },
        {
          "name": "嘉维尔",
          "skill": 1,
          "skill_usage": 0
        },
        {
          "name": "闪灵",
          "skill": 1,
          "skill_usage": 0
        }
      ]
    }
  ],
  "opers": [
    {
      "name": "锏",
      "skill": 3,
      "skill_usage": 0
    },
    {
      "name": "克洛丝",
      "skill": 1,
      "skill_usage": 0
    }
  ],
  "difficulty": 3
}