{
    "stage_name": "mem_iris_1",
    "minimum_required": "v4.0.0",
    "doc": {
        "title": "术师 - 爱丽丝 - 童话愿望",
        "details": "——————————\n作业更新日期: 2025-09-04T00:06:58Z\n统计更新日期: 2025-11-06\n相对评分：67.39%  相对热度：42.970000000000006%\n来源：TOLRO-800  ID：67084\n——————————\n修改自用"
    },
    "opers": [
        {
            "name": "爱丽丝",
            "skill": 2,
            "skill_usage": 0
        }
    ],
    "groups": [],
    "actions": [
        {
            "name": "爱丽丝",
            "location": [
                1,
                3
            ],
            "direction": "Right",
            "type": "Deploy"
        },
        {
            "type": "SpeedUp"
        },
        {
            "type": "Skill",
            "name": "爱丽丝",
            "kills": 4,
            "pre_delay": 5500
        },
        {
            "type": "Skill",
            "name": "贝娜",
            "location": [
                7,
                4
            ]
        },
        {
            "type": "Skill",
            "name": "爱丽丝",
            "kills": 7,
            "pre_delay": 3000
        }
    ]
}