{
    "minimum_required": "v4.0.0",
    "stage_name": "act35side_03",
    "actions": [
        {
            "type": "Deploy",
            "name": "煌",
            "location": [
                8,
                3
            ],
            "direction": "Up"
        },
        {
            "type": "SpeedUp"
        },
        {
            "type": "SkillDaemon"
        }
    ],
    "doc": {
        "title": "太阳甩在身后 - AS-3 - 相约大巴扎",
        "details": "作业更新日期: 2024-08-01T15:02:04Z\n统计更新日期: 2024-08-10\n好评率：99.81%  浏览量：20523\n来源：萨拉托加  ID：39702\n\n作者萨拉托加\n作业交流群群号216314927，可蹲作业，有问题进群找我，作业站消息没提醒看不到"
    },
    "groups": [],
    "opers": [
        {
            "name": "煌",
            "skill": 2,
            "skill_usage": 0
        }
    ]
}