{
    "minimum_required": "v4.0.0",
    "stage_name": "act35side_05",
    "actions": [
        {
            "type": "Deploy",
            "name": "强攻手",
            "location": [
                5,
                4
            ],
            "direction": "Left",
            "pre_delay": 3500
        },
        {
            "type": "SpeedUp"
        },
        {
            "type": "Deploy",
            "name": "奶盾",
            "location": [
                6,
                4
            ],
            "direction": "Left"
        },
        {
            "type": "Deploy",
            "name": "奶",
            "location": [
                6,
                3
            ],
            "direction": "Down"
        },
        {
            "type": "Deploy",
            "name": "速狙",
            "location": [
                7,
                3
            ],
            "direction": "Left"
        },
        {
            "type": "Deploy",
            "name": "领主",
            "location": [
                7,
                4
            ],
            "direction": "Left"
        },
        {
            "type": "Deploy",
            "name": "中铁术士",
            "location": [
                5,
                3
            ],
            "direction": "Down"
        },
        {
            "type": "Deploy",
            "name": "群奶",
            "location": [
                7,
                5
            ],
            "direction": "Left"
        },
        {
            "type": "Deploy",
            "name": "群法",
            "location": [
                6,
                5
            ],
            "direction": "Left"
        }
    ],
    "doc": {
        "title": "太阳甩在身后 - AS-5 - 文物也上班  【通用  无核  可低配】（看描述！！）",
        "details": "——————————\n作业更新日期: 2024-08-01T13:57:58Z\n统计更新日期: 2025-08-30\n相对评分：88.89%  相对热度：60.09%\n来源：无忧无虑啦  ID：39743\n——————————\n太阳甩在身后 - AS-5 - 文物也上班   【通用  无核  可低配】\n测试等级：精一满级，技能7级\n注意！！！需手动点击几下结束对话，然后放那个装置！！然后就可以放手丢给maa啦~\n要是发现技能没开，手动开开，技能都是好了就用的\n都是干员组，需要什么可自行添加\n有问题欢迎反馈~\n群找\"无忧\"，(直接@)  萨托2群：216314927"
    },
    "groups": [
        {
            "name": "领主",
            "opers": [
                {
                    "name": "仇白",
                    "skill": 1,
                    "skill_usage": 0
                },
                {
                    "name": "棘刺",
                    "skill": 3,
                    "skill_usage": 1
                },
                {
                    "name": "银灰",
                    "skill": 1,
                    "skill_usage": 0
                },
                {
                    "name": "断崖",
                    "skill": 2,
                    "skill_usage": 1
                },
                {
                    "name": "拉普兰德",
                    "skill": 1,
                    "skill_usage": 0
                },
                {
                    "name": "烈夏",
                    "skill": 1,
                    "skill_usage": 1
                },
                {
                    "name": "芳汀",
                    "skill": 2,
                    "skill_usage": 1
                },
                {
                    "name": "罗小黑",
                    "skill": 2,
                    "skill_usage": 1
                },
                {
                    "name": "霜叶",
                    "skill": 2,
                    "skill_usage": 1
                },
                {
                    "name": "月见夜",
                    "skill": 1,
                    "skill_usage": 1
                }
            ]
        },
        {
            "name": "速狙",
            "opers": [
                {
                    "name": "灰烬",
                    "skill": 2,
                    "skill_usage": 1
                },
                {
                    "name": "空弦",
                    "skill": 1,
                    "skill_usage": 0
                },
                {
                    "name": "能天使",
                    "skill": 3,
                    "skill_usage": 0
                },
                {
                    "name": "白金",
                    "skill": 2,
                    "skill_usage": 0
                },
                {
                    "name": "寒芒克洛丝",
                    "skill": 2,
                    "skill_usage": 1
                },
                {
                    "name": "灰喉",
                    "skill": 2,
                    "skill_usage": 1
                },
                {
                    "name": "蓝毒",
                    "skill": 1,
                    "skill_usage": 0
                },
                {
                    "name": "四月",
                    "skill": 1,
                    "skill_usage": 0
                },
                {
                    "name": "流星",
                    "skill": 1,
                    "skill_usage": 0
                },
                {
                    "name": "杰西卡",
                    "skill": 1,
                    "skill_usage": 0
                },
                {
                    "name": "克洛丝",
                    "skill": 1,
                    "skill_usage": 0
                },
                {
                    "name": "梅",
                    "skill": 1,
                    "skill_usage": 0
                },
                {
                    "name": "隐现",
                    "skill": 2,
                    "skill_usage": 1
                }
            ]
        },
        {
            "name": "奶",
            "opers": [
                {
                    "name": "纯烬艾雅法拉",
                    "skill": 1,
                    "skill_usage": 0
                },
                {
                    "name": "闪灵",
                    "skill": 2,
                    "skill_usage": 0
                },
                {
                    "name": "华法琳",
                    "skill": 1,
                    "skill_usage": 0
                },
                {
                    "name": "亚叶",
                    "skill": 1,
                    "skill_usage": 1
                },
                {
                    "name": "嘉维尔",
                    "skill": 1,
                    "skill_usage": 0
                },
                {
                    "name": "末药",
                    "skill": 1,
                    "skill_usage": 0
                },
                {
                    "name": "苏苏洛",
                    "skill": 1,
                    "skill_usage": 1
                },
                {
                    "name": "安赛尔",
                    "skill": 1,
                    "skill_usage": 1
                },
                {
                    "name": "赫默",
                    "skill": 1,
                    "skill_usage": 1
                }
            ]
        },
        {
            "name": "中铁术士",
            "opers": [
                {
                    "name": "澄闪",
                    "skill": 2,
                    "skill_usage": 0
                },
                {
                    "name": "卡达",
                    "skill": 2,
                    "skill_usage": 1
                },
                {
                    "name": "艾雅法拉",
                    "skill": 2,
                    "skill_usage": 0
                },
                {
                    "name": "霍尔海雅",
                    "skill": 3,
                    "skill_usage": 1
                },
                {
                    "name": "刻俄柏",
                    "skill": 2,
                    "skill_usage": 1
                },
                {
                    "name": "逻各斯",
                    "skill": 1,
                    "skill_usage": 0
                },
                {
                    "name": "阿米娅",
                    "skill": 2,
                    "skill_usage": 0
                },
                {
                    "name": "夜烟",
                    "skill": 1,
                    "skill_usage": 1
                },
                {
                    "name": "夜魔",
                    "skill": 2,
                    "skill_usage": 0
                },
                {
                    "name": "雪绒",
                    "skill": 2,
                    "skill_usage": 1
                },
                {
                    "name": "苦艾",
                    "skill": 1,
                    "skill_usage": 0
                }
            ]
        },
        {
            "name": "强攻手",
            "opers": [
                {
                    "name": "百炼嘉维尔",
                    "skill": 2,
                    "skill_usage": 1
                },
                {
                    "name": "煌",
                    "skill": 2,
                    "skill_usage": 0
                },
                {
                    "name": "布洛卡",
                    "skill": 1,
                    "skill_usage": 1
                },
                {
                    "name": "导火索",
                    "skill": 1,
                    "skill_usage": 1
                },
                {
                    "name": "幽灵鲨",
                    "skill": 1,
                    "skill_usage": 1
                },
                {
                    "name": "艾丝黛尔",
                    "skill": 1,
                    "skill_usage": 1
                },
                {
                    "name": "泡普卡",
                    "skill": 1,
                    "skill_usage": 1
                }
            ]
        },
        {
            "name": "奶盾",
            "opers": [
                {
                    "name": "塞雷娅",
                    "skill": 1,
                    "skill_usage": 0
                },
                {
                    "name": "黍",
                    "skill": 1,
                    "skill_usage": 0
                },
                {
                    "name": "临光",
                    "skill": 1,
                    "skill_usage": 0
                },
                {
                    "name": "深律",
                    "skill": 1,
                    "skill_usage": 0
                }
            ]
        },
        {
            "name": "群奶",
            "opers": [
                {
                    "name": "夜莺",
                    "skill": 2,
                    "skill_usage": 0
                },
                {
                    "name": "调香师",
                    "skill": 1,
                    "skill_usage": 1
                },
                {
                    "name": "白面鸮",
                    "skill": 2,
                    "skill_usage": 1
                }
            ]
        },
        {
            "name": "铁盾",
            "opers": [
                {
                    "name": "年",
                    "skill": 2,
                    "skill_usage": 1
                },
                {
                    "name": "星熊",
                    "skill": 2,
                    "skill_usage": 0
                },
                {
                    "name": "泡泡",
                    "skill": 2,
                    "skill_usage": 1
                },
                {
                    "name": "蛇屠箱"
                },
                {
                    "name": "拜松",
                    "skill": 1,
                    "skill_usage": 1
                },
                {
                    "name": "可颂",
                    "skill": 1,
                    "skill_usage": 1
                },
                {
                    "name": "米格鲁",
                    "skill": 1,
                    "skill_usage": 1
                },
                {
                    "name": "涤火杰西卡",
                    "skill": 2,
                    "skill_usage": 1
                },
                {
                    "name": "雷蛇",
                    "skill": 1,
                    "skill_usage": 1
                }
            ]
        },
        {
            "name": "群法",
            "opers": [
                {
                    "name": "莫斯提马",
                    "skill": 2,
                    "skill_usage": 1
                },
                {
                    "name": "夕",
                    "skill": 2,
                    "skill_usage": 1
                },
                {
                    "name": "寒檀",
                    "skill": 2,
                    "skill_usage": 1
                },
                {
                    "name": "炎熔",
                    "skill": 1,
                    "skill_usage": 1
                },
                {
                    "name": "远山",
                    "skill": 1,
                    "skill_usage": 1
                },
                {
                    "name": "炎狱炎熔",
                    "skill": 2,
                    "skill_usage": 1
                },
                {
                    "name": "格雷伊",
                    "skill": 2,
                    "skill_usage": 1
                }
            ]
        }
    ],
    "opers": []
}