{
    "minimum_required": "v4.0.0",
    "stage_name": "act35side_07",
    "actions": [
        {
            "type": "SpeedUp"
        },
        {
            "type": "Deploy",
            "name": "煌",
            "location": [
                10,
                4
            ],
            "direction": "Up"
        },
        {
            "type": "Deploy",
            "name": "维什戴尔",
            "location": [
                5,
                3
            ],
            "direction": "Left"
        },
        {
            "type": "Skill",
            "kills": 10,
            "name": "维什戴尔",
            "location": [
                5,
                3
            ]
        },
        {
            "type": "Skill",
            "name": "维什戴尔",
            "kills": 24
        },
        {
            "type": "SkillDaemon"
        }
    ],
    "doc": {
        "title": "【自用、信赖】太阳甩在身后 - AS-7 - 谁是宠物？",
        "details": "——————————\n作业更新日期: 2024-08-02T07:57:28Z\n统计更新日期: 2025-08-30\n相对评分：93.00%  相对热度：74.04%\n来源：drsnow  ID：39820\n——————————\n【太阳甩在身后】双人AS-7堵门104s速刷蓝铁 简单好抄高容错\nhttps://www.bilibili.com/video/BV1aE421w7GV/\n煌随便换个啥厉害点的地面就行，主要是EW练度要高"
    },
    "groups": [],
    "opers": [
        {
            "name": "维什戴尔",
            "skill": 3,
            "skill_usage": 1
        },
        {
            "name": "煌",
            "skill": 2,
            "skill_usage": 1
        }
    ]
}