{
    "minimum_required": "v4.0.0",
    "stage_name": "act35side_08",
    "actions": [
        {
            "type": "Deploy",
            "name": "煌",
            "location": [
                7,
                4
            ],
            "direction": "Right"
        },
        {
            "type": "SpeedUp"
        },
        {
            "type": "Deploy",
            "name": "艾雅法拉",
            "location": [
                6,
                5
            ],
            "direction": "Right"
        },
        {
            "type": "Deploy",
            "name": "奶盾",
            "location": [
                6,
                4
            ],
            "direction": "Right"
        },
        {
            "type": "SkillDaemon"
        }
    ],
    "doc": {
        "title": "太阳甩在身后 - AS-8 - 黄沙尽头 换人自用",
        "details": "——————————\n作业更新日期: 2025-08-25T06:19:57Z\n统计更新日期: 2025-08-30\n相对评分：98.00%  相对热度：65.85%\n来源：苍蓝残响  ID：66145\n——————————\n作者萨拉托加\n作业交流群群号216314927，可蹲作业"
    },
    "groups": [
        {
            "name": "奶盾",
            "opers": [
                {
                    "name": "塞雷娅",
                    "skill": 1,
                    "skill_usage": 0
                },
                {
                    "name": "黍",
                    "skill": 1,
                    "skill_usage": 0
                }
            ]
        },
        {
            "name": "煌",
            "opers": [
                {
                    "name": "煌",
                    "skill": 2,
                    "skill_usage": 0
                },
                {
                    "skill_times": 2,
                    "name": "棘刺",
                    "skill": 3,
                    "skill_usage": 2
                }
            ]
        }
    ],
    "opers": [
        {
            "name": "艾雅法拉",
            "skill": 2,
            "skill_usage": 0
        }
    ]
}