{
    "minimum_required": "v4.0.0",
    "stage_name": "act35side_ex07",
    "actions": [
        {
            "type": "Deploy",
            "name": "近卫-斗士",
            "location": [
                5,
                3
            ],
            "direction": "Left"
        },
        {
            "type": "SpeedUp"
        },
        {
            "type": "Deploy",
            "name": "辅助-巫役",
            "location": [
                4,
                5
            ],
            "direction": "Left"
        },
        {
            "type": "Deploy",
            "name": "近卫-强攻手",
            "location": [
                5,
                4
            ],
            "direction": "Up"
        },
        {
            "type": "Deploy",
            "name": "医疗-群愈师",
            "location": [
                6,
                5
            ],
            "direction": "Left"
        },
        {
            "type": "Deploy",
            "name": "术师-中坚术师",
            "location": [
                4,
                4
            ],
            "direction": "Right"
        },
        {
            "type": "Deploy",
            "name": "术师-驭械术师",
            "location": [
                3,
                4
            ],
            "direction": "Right"
        },
        {
            "type": "Deploy",
            "name": "奶盾",
            "location": [
                5,
                6
            ],
            "direction": "Left"
        },
        {
            "type": "Deploy",
            "name": "特种-伏击客",
            "location": [
                6,
                3
            ],
            "direction": "Left"
        },
        {
            "type": "SkillDaemon"
        }
    ],
    "doc": {
        "title": "太阳甩在身后 - AS-EX-7 - 疯狂的宠物",
        "details": "作业更新日期: 2024-08-09T14:17:05Z\n统计更新日期: 2024-08-17\n好评率：100.0%  浏览量：1568\n来源：作业超大杯  ID：40099\n\n原作者萧然Q json作者萨拉托加\n作业交流群群号216314927，可蹲作业，有问题进群找我，作业站消息没提醒看不到\n【【太阳甩在身后】AS-EX-1至AS-EX-8突袭 摆完挂机 简单好抄】 https://www.bilibili.com/video/BV18T421673i/?share_source=copy_web&vd_source=3fd5040fe25f6a00e19e6072bcccfa4e"
    },
    "groups": [
        {
            "name": "奶盾",
            "opers": [
                {
                    "name": "塞雷娅",
                    "skill": 1,
                    "skill_usage": 0
                },
                {
                    "name": "黍",
                    "skill": 1,
                    "skill_usage": 0
                }
            ]
        },
        {
            "name": "辅助-巫役",
            "opers": [
                {
                    "name": "塑心",
                    "skill": 1,
                    "skill_usage": 0
                },
                {
                    "name": "逻各斯",
                    "skill": 1,
                    "skill_usage": 0
                }
            ]
        },
        {
            "name": "医疗-群愈师",
            "opers": [
                {
                    "name": "夜莺",
                    "skill": 2,
                    "skill_usage": 0
                },
                {
                    "name": "白面鸮",
                    "skill": 2,
                    "skill_usage": 1
                },
                {
                    "name": "纯烬艾雅法拉",
                    "skill": 1,
                    "skill_usage": 0
                },
                {
                    "name": "华法琳",
                    "skill": 1,
                    "skill_usage": 0
                },
                {
                    "name": "闪灵",
                    "skill": 2,
                    "skill_usage": 0
                }
            ]
        },
        {
            "name": "近卫-强攻手",
            "opers": [
                {
                    "name": "煌",
                    "skill": 2,
                    "skill_usage": 0
                },
                {
                    "name": "百炼嘉维尔",
                    "skill": 2,
                    "skill_usage": 1
                },
                {
                    "name": "棘刺",
                    "skill": 3,
                    "skill_usage": 1
                }
            ]
        },
        {
            "name": "近卫-斗士",
            "opers": [
                {
                    "name": "山",
                    "skill": 2,
                    "skill_usage": 2,
                    "skill_times": 1
                },
                {
                    "name": "重岳",
                    "skill": 3,
                    "skill_usage": 2,
                    "skill_times": 5
                }
            ]
        },
        {
            "name": "术师-中坚术师",
            "opers": [
                {
                    "name": "艾雅法拉",
                    "skill": 2,
                    "skill_usage": 0
                }
            ]
        },
        {
            "name": "术师-驭械术师",
            "opers": [
                {
                    "name": "澄闪",
                    "skill": 2,
                    "skill_usage": 0
                },
                {
                    "name": "维什戴尔",
                    "skill": 3,
                    "skill_usage": 1
                },
                {
                    "name": "提丰",
                    "skill": 2,
                    "skill_usage": 1
                }
            ]
        },
        {
            "name": "特种-伏击客",
            "opers": [
                {
                    "name": "阿斯卡纶"
                },
                {
                    "name": "伊桑"
                }
            ]
        }
    ],
    "opers": [],
    "difficulty": 3
}