{
    "minimum_required": "v4.0.0",
    "stage_name": "act35side_ex04",
    "actions": [
        {
            "type": "Deploy",
            "name": "纯净结晶",
            "location": [
                2,
                2
            ],
            "direction": "None"
        },
        {
            "type": "Deploy",
            "name": "纯净结晶",
            "location": [
                2,
                4
            ],
            "direction": "None"
        },
        {
            "type": "Deploy",
            "name": "纯净结晶",
            "location": [
                4,
                3
            ],
            "direction": "None"
        },
        {
            "type": "Deploy",
            "name": "纯净结晶",
            "location": [
                4,
                4
            ],
            "direction": "None"
        },
        {
            "type": "Deploy",
            "name": "纯净结晶",
            "location": [
                7,
                3
            ],
            "direction": "None"
        },
        {
            "type": "Deploy",
            "name": "纯净结晶",
            "location": [
                6,
                5
            ],
            "direction": "None"
        },
        {
            "type": "Deploy",
            "name": "纯净结晶",
            "location": [
                8,
                4
            ],
            "direction": "None"
        },
        {
            "type": "Deploy",
            "name": "维什戴尔",
            "location": [
                7,
                2
            ],
            "direction": "Right",
            "costs": 25
        },
        {
            "type": "Deploy",
            "name": "先锋",
            "location": [
                8,
                1
            ],
            "direction": "Left",
            "costs": 11
        },
        {
            "type": "SkillUsage",
            "name": "维什戴尔",
            "skill_usage": 0
        },
        {
            "type": "Deploy",
            "name": "盾1",
            "location": [
                10,
                1
            ],
            "direction": "Down",
            "costs": 19
        },
        {
            "type": "Skill",
            "name": "维什戴尔",
            "location": [
                7,
                2
            ]
        },
        {
            "type": "Deploy",
            "name": "治疗",
            "location": [
                9,
                3
            ],
            "costs": 17,
            "direction": "Up"
        },
        {
            "type": "SpeedUp"
        },
        {
            "type": "Deploy",
            "name": "狙击",
            "location": [
                4,
                6
            ],
            "direction": "Right",
            "costs": 12
        },
        {
            "type": "Retreat",
            "name": "先锋",
            "location": [
                8,
                1
            ],
            "costs": 18
        },
        {
            "type": "Deploy",
            "name": "盾2",
            "location": [
                8,
                1
            ],
            "costs": 19,
            "direction": "Down"
        },
        {
            "type": "Skill",
            "kills": 6,
            "pre_delay": 1000,
            "name": "维什戴尔",
            "location": [
                7,
                2
            ]
        },
        {
            "type": "Skill",
            "kills": 19,
            "name": "盾1",
            "location": [
                10,
                1
            ]
        },
        {
            "type": "Skill",
            "name": "治疗",
            "location": [
                9,
                3
            ],
            "kills": 19
        },
        {
            "type": "Skill",
            "name": "盾2",
            "location": [
                8,
                1
            ],
            "kills": 19,
            "pre_delay": 2000
        },
        {
            "type": "SkillUsage",
            "name": "维什戴尔",
            "skill_usage": 1
        },
        {
            "type": "SkillDaemon"
        }
    ],
    "doc": {
        "title": "太阳甩在身后 - AS-EX-4 - 被盗的钱包",
        "details": "——————————\n作业更新日期: 2024-08-10T15:55:53Z\n统计更新日期: 2025-08-30\n相对评分：95.00%  相对热度：61.62%\n来源：spellcast  ID：40139\n——————————\n2903三模ew"
    },
    "groups": [
        {
            "name": "先锋",
            "opers": [
                {
                    "name": "讯使",
                    "skill": 1,
                    "skill_usage": 0
                },
                {
                    "name": "青枳",
                    "skill": 1,
                    "skill_usage": 0
                },
                {
                    "name": "清道夫",
                    "skill": 1,
                    "skill_usage": 0
                },
                {
                    "name": "芬",
                    "skill": 1,
                    "skill_usage": 0
                }
            ]
        },
        {
            "name": "盾1",
            "opers": [
                {
                    "name": "角峰",
                    "skill": 1,
                    "skill_usage": 0
                },
                {
                    "name": "泡泡",
                    "skill": 1,
                    "skill_usage": 0
                },
                {
                    "name": "斑点",
                    "skill": 1,
                    "skill_usage": 0
                }
            ]
        },
        {
            "name": "盾2",
            "opers": [
                {
                    "name": "卡缇",
                    "skill": 1,
                    "skill_usage": 0
                },
                {
                    "name": "蛇屠箱",
                    "skill": 1,
                    "skill_usage": 0
                },
                {
                    "name": "拜松",
                    "skill": 1,
                    "skill_usage": 0
                }
            ]
        },
        {
            "name": "狙击",
            "opers": [
                {
                    "name": "安德切尔",
                    "skill": 1,
                    "skill_usage": 0
                },
                {
                    "name": "克洛丝",
                    "skill": 1,
                    "skill_usage": 0
                },
                {
                    "name": "梅",
                    "skill": 1,
                    "skill_usage": 0
                },
                {
                    "name": "红云",
                    "skill": 1,
                    "skill_usage": 0
                },
                {
                    "name": "杰西卡",
                    "skill": 1,
                    "skill_usage": 0
                },
                {
                    "name": "灰喉",
                    "skill": 1,
                    "skill_usage": 0
                },
                {
                    "name": "蓝毒",
                    "skill": 1,
                    "skill_usage": 0
                },
                {
                    "name": "隐现",
                    "skill": 1,
                    "skill_usage": 0
                },
                {
                    "name": "寒芒克洛丝",
                    "skill": 1,
                    "skill_usage": 0
                }
            ]
        },
        {
            "name": "治疗",
            "opers": [
                {
                    "name": "安赛尔",
                    "skill": 1,
                    "skill_usage": 0
                },
                {
                    "name": "芙蓉",
                    "skill": 1,
                    "skill_usage": 0
                },
                {
                    "name": "苏苏洛",
                    "skill": 1,
                    "skill_usage": 0
                },
                {
                    "name": "末药",
                    "skill": 1,
                    "skill_usage": 0
                },
                {
                    "name": "嘉维尔",
                    "skill": 1,
                    "skill_usage": 0
                }
            ]
        }
    ],
    "opers": [
        {
            "name": "维什戴尔",
            "skill": 3,
            "skill_usage": 2,
            "skill_times": 1
        }
    ],
    "difficulty": 3
}