{
    "minimum_required": "v4.0.0",
    "stage_name": "act35side_ex08",
    "actions": [
        {
            "type": "Deploy",
            "name": "桃金娘",
            "location": [
                6,
                5
            ],
            "direction": "Right"
        },
        {
            "type": "SpeedUp"
        },
        {
            "type": "Deploy",
            "name": "塞雷娅",
            "location": [
                4,
                5
            ],
            "direction": "Right"
        },
        {
            "type": "Deploy",
            "name": "逻各斯",
            "location": [
                5,
                6
            ],
            "direction": "Up"
        },
        {
            "type": "Deploy",
            "name": "纯烬艾雅法拉",
            "location": [
                5,
                4
            ],
            "direction": "Down"
        },
        {
            "type": "Deploy",
            "name": "维什戴尔",
            "location": [
                3,
                4
            ],
            "direction": "Right"
        },
        {
            "type": "Deploy",
            "name": "玛恩纳",
            "location": [
                4,
                7
            ],
            "direction": "Up"
        },
        {
            "type": "Retreat",
            "name": "魂灵之影",
            "location": [
                4,
                4
            ]
        },
        {
            "type": "Retreat",
            "name": "桃金娘",
            "location": [
                6,
                5
            ]
        },
        {
            "type": "Deploy",
            "name": "星熊",
            "location": [
                6,
                5
            ],
            "direction": "Right"
        },
        {
            "type": "Deploy",
            "name": "林",
            "location": [
                7,
                6
            ],
            "direction": "Up"
        },
        {
            "type": "SkillDaemon"
        }
    ],
    "doc": {
        "title": "太阳甩在身后 - AS-EX-8 突袭普通均可",
        "details": "作业更新日期: 2024-08-09T12:51:05Z\n统计更新日期: 2024-08-10\n好评率：93.33%  浏览量：1006\n来源：不会用维什戴尔  ID：40034\n\n凹俩小时，终于有稳定解法了。         维什戴尔二技能不用专。"
    },
    "groups": [],
    "opers": [
        {
            "name": "纯烬艾雅法拉",
            "skill": 3,
            "skill_usage": 1
        },
        {
            "name": "风笛",
            "skill": 2,
            "skill_usage": 0
        },
        {
            "name": "塞雷娅",
            "skill": 3,
            "skill_usage": 1
        },
        {
            "name": "玛恩纳",
            "skill": 3,
            "skill_usage": 1
        },
        {
            "name": "逻各斯",
            "skill": 3,
            "skill_usage": 1
        },
        {
            "name": "维什戴尔",
            "skill": 2,
            "skill_usage": 1
        },
        {
            "name": "星熊",
            "skill": 2,
            "skill_usage": 0
        },
        {
            "name": "桃金娘",
            "skill": 2,
            "skill_usage": 2,
            "skill_times": 4
        },
        {
            "name": "林",
            "skill": 3,
            "skill_usage": 1
        }
    ],
    "difficulty": 3
}