{
    "minimum_required": "v4.0.0",
    "stage_name": "act35side_s01",
    "actions": [
        {
            "type": "Output",
            "doc_color": "DarkRed",
            "doc": "如果卡暂停进地图就快速点对话"
        },
        {
            "type": "Deploy",
            "name": "德克萨斯",
            "location": [
                6,
                4
            ],
            "direction": "Down"
        },
        {
            "type": "Deploy",
            "name": "德克萨斯",
            "location": [
                7,
                3
            ],
            "direction": "Down"
        },
        {
            "type": "Deploy",
            "name": "桃金娘",
            "location": [
                8,
                3
            ],
            "direction": "Down"
        },
        {
            "type": "Deploy",
            "name": "煌",
            "location": [
                8,
                4
            ],
            "direction": "Left"
        },
        {
            "type": "SpeedUp"
        },
        {
            "type": "Deploy",
            "name": "能天使",
            "location": [
                4,
                4
            ],
            "direction": "Up"
        },
        {
            "type": "Deploy",
            "name": "奶",
            "location": [
                10,
                3
            ],
            "direction": "Left"
        },
        {
            "type": "Deploy",
            "name": "群奶",
            "location": [
                9,
                3
            ],
            "direction": "Left"
        },
        {
            "type": "Deploy",
            "name": "逻各斯",
            "location": [
                10,
                4
            ],
            "direction": "Left"
        },
        {
            "type": "Deploy",
            "name": "艾雅法拉",
            "location": [
                9,
                4
            ],
            "direction": "Left"
        },
        {
            "type": "Retreat",
            "name": "德克萨斯",
            "costs": 20
        },
        {
            "type": "Deploy",
            "name": "奶盾",
            "location": [
                7,
                3
            ],
            "direction": "Down"
        },
        {
            "type": "SkillUsage",
            "name": "桃金娘",
            "skill_usage": 0
        },
        {
            "type": "SkillDaemon"
        }
    ],
    "doc": {
        "title": "太阳甩在身后 - AS-S-1 - 哲理在新生中传唱",
        "details": "作业更新日期: 2024-08-15T14:57:48Z\n统计更新日期: 2024-08-17\n好评率：86.59%  浏览量：1433\n来源：d6xr  ID：40361\n\n因开局对话原因容易卡暂停（进关卡快速点对话可解）\n原作者萧然Q JSON作者萨拉托加\n作业交流群群号1003478193，可蹲作业，有问题进群找我，作业站消息没提醒看不到\n【【太阳甩在身后】AS-S-1突袭至AS-MO-1 摆完挂机 简单好抄】 https://www.bilibili.com/video/BV1uE421A7jm/?p=2&share_source=copy_web&vd_source=3fd5040fe25f6a00e19e6072bcccfa4e"
    },
    "groups": [
        {
            "name": "奶盾",
            "opers": [
                {
                    "name": "黍",
                    "skill": 1,
                    "skill_usage": 0
                },
                {
                    "name": "塞雷娅",
                    "skill": 1,
                    "skill_usage": 0
                }
            ]
        },
        {
            "name": "奶",
            "opers": [
                {
                    "name": "纯烬艾雅法拉",
                    "skill": 1,
                    "skill_usage": 0
                },
                {
                    "name": "闪灵",
                    "skill": 2,
                    "skill_usage": 0
                }
            ]
        },
        {
            "name": "群奶",
            "opers": [
                {
                    "name": "夜莺",
                    "skill": 2,
                    "skill_usage": 0
                },
                {
                    "name": "白面鸮",
                    "skill": 2,
                    "skill_usage": 1
                }
            ]
        }
    ],
    "opers": [
        {
            "name": "煌",
            "skill": 2,
            "skill_usage": 0
        },
        {
            "name": "艾雅法拉",
            "skill": 2,
            "skill_usage": 0
        },
        {
            "name": "德克萨斯",
            "skill": 1,
            "skill_usage": 0
        },
        {
            "name": "桃金娘",
            "skill": 1,
            "skill_usage": 1
        },
        {
            "name": "逻各斯",
            "skill": 1,
            "skill_usage": 0
        },
        {
            "name": "能天使",
            "skill": 3,
            "skill_usage": 0
        }
    ],
    "difficulty": 3
}