{
    "minimum_required": "v4.0.0",
    "stage_name": "act35side_s04",
    "actions": [
        {
            "type": "Deploy",
            "name": "桃金娘",
            "location": [
                9,
                1
            ],
            "direction": "Down"
        },
        {
            "type": "Deploy",
            "name": "先锋-尖兵",
            "location": [
                9,
                2
            ],
            "direction": "Down"
        },
        {
            "type": "Deploy",
            "name": "风笛",
            "location": [
                6,
                2
            ],
            "direction": "Down"
        },
        {
            "type": "SpeedUp"
        },
        {
            "type": "Deploy",
            "name": "夜莺",
            "location": [
                7,
                2
            ],
            "direction": "Right"
        },
        {
            "type": "Deploy",
            "name": "逻各斯",
            "location": [
                10,
                2
            ],
            "direction": "Left"
        },
        {
            "type": "Deploy",
            "name": "狙击-速射手",
            "location": [
                5,
                2
            ],
            "direction": "Right"
        },
        {
            "type": "Deploy",
            "name": "辅助-吟游者",
            "location": [
                8,
                2
            ],
            "direction": "Left"
        },
        {
            "type": "Retreat",
            "name": "风笛",
            "kills": 7
        },
        {
            "type": "Deploy",
            "name": "塞雷娅",
            "location": [
                6,
                1
            ],
            "direction": "Left"
        },
        {
            "type": "Deploy",
            "name": "黍",
            "location": [
                6,
                3
            ],
            "direction": "Right"
        },
        {
            "type": "Deploy",
            "name": "地刺",
            "location": [
                9,
                3
            ],
            "direction": "Left"
        },
        {
            "type": "Retreat",
            "name": "桃金娘",
            "costs": 20
        },
        {
            "type": "Deploy",
            "name": "重装-铁卫",
            "location": [
                9,
                1
            ],
            "direction": "Right"
        },
        {
            "type": "SkillDaemon"
        }
    ],
    "doc": {
        "title": "太阳甩在身后 - AS-S-4 - 修辞流淌着期望",
        "details": "——————————\n作业更新日期: 2024-08-20T18:19:04Z\n统计更新日期: 2025-08-30\n相对评分：90.82%  相对热度：64.19%\n来源：作业超大杯  ID：40428\n——————————\n另一版maa://40315\n原作者萧然Q JSON作者萨拉托加\n作业交流群群号1003478193，可蹲作业，有问题进群找我，作业站消息没提醒看不到\n【【太阳甩在身后】AS-S-1突袭至AS-MO-1 摆完挂机 简单好抄】 https://www.bilibili.com/video/BV1uE421A7jm/?p=2&share_source=copy_web&vd_source=3fd5040fe25f6a00e19e6072bcccfa4e"
    },
    "groups": [
        {
            "name": "先锋-尖兵",
            "opers": [
                {
                    "name": "德克萨斯",
                    "skill": 1,
                    "skill_usage": 0
                },
                {
                    "name": "凛冬"
                },
                {
                    "name": "伊内丝",
                    "skill": 2,
                    "skill_usage": 1
                },
                {
                    "name": "晓歌",
                    "skill": 2,
                    "skill_usage": 1
                },
                {
                    "name": "红隼"
                },
                {
                    "name": "贾维"
                },
                {
                    "name": "青枳"
                }
            ]
        },
        {
            "name": "重装-铁卫",
            "opers": [
                {
                    "name": "星熊",
                    "skill": 2,
                    "skill_usage": 0
                },
                {
                    "name": "年",
                    "skill": 1,
                    "skill_usage": 1
                },
                {
                    "name": "涤火杰西卡",
                    "skill": 1,
                    "skill_usage": 0
                }
            ]
        },
        {
            "name": "狙击-速射手",
            "opers": [
                {
                    "name": "能天使",
                    "skill": 3,
                    "skill_usage": 0
                },
                {
                    "name": "灰烬",
                    "skill": 2,
                    "skill_usage": 1
                },
                {
                    "name": "娜仁图亚",
                    "skill": 3,
                    "skill_usage": 1
                }
            ]
        },
        {
            "name": "地刺",
            "opers": [
                {
                    "name": "阿斯卡纶",
                    "skill": 1,
                    "skill_usage": 0
                },
                {
                    "name": "伊桑",
                    "skill": 1,
                    "skill_usage": 0
                }
            ]
        },
        {
            "name": "辅助-吟游者",
            "opers": [
                {
                    "name": "魔王",
                    "skill": 1,
                    "skill_usage": 0
                },
                {
                    "name": "浊心斯卡蒂",
                    "skill": 2,
                    "skill_usage": 0
                }
            ]
        }
    ],
    "opers": [
        {
            "name": "桃金娘",
            "skill": 1,
            "skill_usage": 1
        },
        {
            "name": "风笛",
            "skill": 2,
            "skill_usage": 0
        },
        {
            "name": "塞雷娅",
            "skill": 1,
            "skill_usage": 0
        },
        {
            "name": "黍",
            "skill": 1,
            "skill_usage": 0
        },
        {
            "name": "夜莺",
            "skill": 2,
            "skill_usage": 0
        },
        {
            "name": "逻各斯",
            "skill": 1,
            "skill_usage": 0
        }
    ],
    "difficulty": 3
}