{
    "minimum_required": "v4.0.0",
    "stage_name": "act35side_tr01",
    "actions": [
        {
            "type": "Deploy",
            "name": "纯净结晶",
            "location": [
                3,
                4
            ],
            "direction": "Down"
        },
        {
            "type": "SpeedUp"
        },
        {
            "type": "Deploy",
            "name": "狮蝎",
            "location": [
                3,
                3
            ],
            "direction": "Right"
        },
        {
            "type": "SkillDaemon"
        }
    ],
    "doc": {
        "title": "太阳甩在身后 - AS-TR-1 - 护卫队演练",
        "details": "作业更新日期: 2024-08-01T11:09:30Z\n统计更新日期: 2024-08-10\n好评率：100.0%  浏览量：1941\n来源：星之海.  ID：39731\n\n此作业全员专三且模组一级\n原作者：自在道爷\nJSON作者：星之海.\n原视频：【【太阳甩在身后】AS-1至AS-9挂机流，刻章也不愁！语音快乐详解，轻松解放双手 | 明日方舟攻略(分p更新中)】https://www.bilibili.com/video/BV1RH4y1c7ux?vd_source=69f0b796ff8cde9e6cb9e9f9a99f8eec"
    },
    "groups": [],
    "opers": []
}