{
  "minimum_required": "v4.0.0",
  "stage_name": "实验基地封锁区",
  "actions": [
    {
      "type": "SpeedUp"
    },
    {
      "type": "Deploy",
      "name": "重岳或山",
      "location": [
        7,
        5
      ],
      "direction": "Up"
    },
    {
      "type": "Deploy",
      "name": "浊心斯卡蒂",
      "location": [
        8,
        5
      ],
      "direction": "Left"
    },
    {
      "type": "Deploy",
      "name": "史尔特尔",
      "location": [
        4,
        2
      ],
      "direction": "Up"
    },
    {
      "type": "Retreat",
      "name": "史尔特尔",
      "location": [
        4,
        2
      ],
      "cost_changes": 22
    },
    {
      "type": "Deploy",
      "name": "塞雷娅",
      "location": [
        7,
        6
      ],
      "direction": "Up"
    },
    {
      "type": "Deploy",
      "name": "史尔特尔",
      "location": [
        8,
        4
      ],
      "cost_changes": 22,
      "direction": "Left"
    },
    {
      "type": "Retreat",
      "name": "重岳或山",
      "location": [
        7,
        5
      ],
      "kills": 40
    },
    {
      "type": "Retreat",
      "name": "浊心斯卡蒂",
      "location": [
        8,
        5
      ]
    },
    {
      "type": "Retreat",
      "name": "塞雷娅",
      "location": [
        7,
        6
      ]
    },
    {
      "type": "SkillDaemon"
    }
  ],
  "doc": {
    "title": "【柠檬味の小小猪】Friston-3 3/8 尖灭测试作战 实验基地封锁区 ",
    "details": "！！！！！！！！！！注意！！！！！！！！！！\n这里是系列的第  三  个作业，建议按顺序来否则可能会无法直接点后面的词条\n山被高达打晕的问题已经修复，现在可以正常用了\n！！！！！！！！！！注意！！！！！！！！！！\n原视频 https://www.bilibili.com/video/BV1Ss4y1z79o\n\n柠檬味の小小猪\n\n需要先完成失控原型危机（也就是part2\ntag的选择请点击右边图片链接查询~   https://postimg.cc/r0Bh1XyR\n\n原视频塞妈x模组，其他没有，全员精2 70级，按照原作者说能换的东西太多了我懒得搞那么多干员组了就大概做做吧，需要改成其他的自己改我现在的作业就好了\n最后为了加速撤退了所有人，如果出问题的话自行修改一下取消最后撤退就可以了~\n\n祝大家抄作业顺利，計算通り，完璧～~~~有什么问题请评论留言，缘分到了会看一下……吧（）"
  },
  "groups": [
    {
      "name": "重岳或山",
      "opers": [
        {
          "name": "重岳",
          "skill": 3,
          "skill_usage": 1
        },
        {
          "name": "山",
          "skill": 2,
          "skill_usage": 2
        }
      ]
    }
  ],
  "opers": [
    {
      "name": "史尔特尔",
      "skill": 3,
      "skill_usage": 1
    },
    {
      "name": "塞雷娅",
      "skill": 1,
      "skill_usage": 0
    },
    {
      "name": "浊心斯卡蒂",
      "skill": 2,
      "skill_usage": 0
    }
  ]
}