{
    "minimum_required": "v4.0.0",
    "stage_name": "mem_hmau_1",
    "actions": [
        {
            "type": "SpeedUp"
        },
        {
            "type": "Deploy",
            "name": "阿",
            "location": [
                3,
                3
            ],
            "direction": "Right",
            "costs": 40
        },
        {
            "type": "Deploy",
            "name": "吽",
            "location": [
                4,
                3
            ],
            "direction": "Right"
        },
        {
            "type": "Deploy",
            "name": "改良型二踢脚",
            "location": [
                4,
                4
            ],
            "direction": "Up"
        },
        {
            "type": "Skill",
            "location": [
                3,
                3
            ],
            "kills": 12
        },
        {
            "type": "SkillUsage",
            "name": "阿",
            "skill_usage": 1
        },
        {
            "type": "Deploy",
            "name": "改良型二踢脚",
            "location": [
                4,
                4
            ],
            "kills": 21,
            "direction": "Up"
        },
        {
            "type": "Deploy",
            "name": "改良型二踢脚",
            "location": [
                3,
                4
            ],
            "direction": "Up",
            "kills": 23
        },
        {
            "type": "SkillDaemon"
        }
    ],
    "doc": {
        "title": "吽 浑金一块 悖论模拟 无须技能专精",
        "details": "统计日期：2024-05-05\n好评率：76.47%  浏览量：438\n来源：悠悠冰朝  ID：21679\n自动战斗作者：悠悠冰朝\n吽带一技能就好，自用为30级无专精\n已自测"
    },
    "groups": [],
    "opers": [
        {
            "name": "吽",
            "skill": 1,
            "skill_usage": 0
        },
        {
            "name": "阿",
            "skill": 3,
            "skill_usage": 0
        },
        {
            "name": "改良型二踢脚",
            "skill": 1,
            "skill_usage": 0
        }
    ]
}