{
    "minimum_required": "v4.0.0",
    "stage_name": "mem_aurora_1",
    "actions": [
        {
            "type": "Deploy",
            "name": "极光",
            "location": [
                7,
                3
            ],
            "direction": "Left",
            "costs": 33
        },
        {
            "type": "SpeedUp"
        },
        {
            "type": "Deploy",
            "costs": 10,
            "name": "孑",
            "location": [
                5,
                2
            ],
            "direction": "Down"
        },
        {
            "type": "Skill",
            "name": "极光",
            "kills": 3
        },
        {
            "type": "Retreat",
            "name": "孑",
            "location": [
                5,
                2
            ],
            "kills": 3
        },
        {
            "type": "Deploy",
            "name": "孑",
            "location": [
                5,
                4
            ],
            "costs": 33,
            "direction": "Up"
        },
        {
            "type": "Skill",
            "name": "极光",
            "location": [
                7,
                3
            ],
            "kills": 7
        },
        {
            "type": "Retreat",
            "name": "孑",
            "location": [
                5,
                4
            ],
            "kills": 7
        },
        {
            "type": "Skill",
            "name": "极光",
            "kills": 8
        },
        {
            "type": "Deploy",
            "name": "孑",
            "location": [
                5,
                2
            ],
            "direction": "Down",
            "costs": 53
        },
        {
            "type": "Skill",
            "name": "极光",
            "location": [
                7,
                3
            ],
            "kills": 11
        }
    ],
    "doc": {
        "title": "悖论模拟 - 极光 - 不惧严寒",
        "details": "统计日期：2024-05-05\n好评率：81.82%  浏览量：417\n来源：诗怀雅的扩音喇叭  ID：28071\n自制作业，测试用极光练度无潜无模精二50二技能7级\n练度不够可能会导致代理失败 0.0"
    },
    "groups": [],
    "opers": [
        {
            "name": "极光",
            "skill": 2,
            "skill_usage": 0
        }
    ]
}